sample_id,group_id,split_role,variant_id,intended_temperature_bin,realized_temperature_bin,package_total_power_W,top_h_W_m2K,bottom_h_W_m2K,peak_deltaT_K,mean_deltaT_K,cv_rms_deltaT_K,projected_peak_deltaT_K,top_heat_fraction,bottom_heat_fraction,energy_balance_relative_error,linear_residual,cg_iterations,support_coordinate_sha256,layout_hash,solve_and_write_seconds
rb_g000_v0,rb_g000,valid,v0,0,0,1.8000000000000003,333.33,333.33,46.126951274215855,33.85055010991175,35.107474421662765,46.0801953826645,0.7699695210576798,0.23003047908698196,-1.4466178255290172e-10,7.622178846274402e-11,1194,78e3f01870ce26eebfbabce3af7ed80c20696b9413a0f87307cf2cb49426863d,fa9fa33ddb2cc0515c137572aedaef4f7732e80af28bd3fd00dcf13da212e9da,1.6141289799998049
rb_g000_v1,rb_g000,valid,v1,0,0,2.4999999999999996,500.0,333.33,46.73899737539938,34.03080059883575,35.28887348777021,46.64544362892491,0.8332446285199493,0.1667553715892125,-1.0916181292230933e-10,7.71598445562521e-11,1143,78e3f01870ce26eebfbabce3af7ed80c20696b9413a0f87307cf2cb49426863d,fa9fa33ddb2cc0515c137572aedaef4f7732e80af28bd3fd00dcf13da212e9da,1.572695590002695
rb_g000_v2,rb_g000,valid,v2,1,1,6.999999999999998,1000.0,333.33,78.43974893030264,52.429268005984625,54.34971756200717,78.39454543860859,0.9078290330898731,0.09217096694740809,-3.728119400493923e-11,8.867472669275012e-11,1174,78e3f01870ce26eebfbabce3af7ed80c20696b9413a0f87307cf2cb49426863d,fa9fa33ddb2cc0515c137572aedaef4f7732e80af28bd3fd00dcf13da212e9da,1.5252642900159117
rb_g000_v3,rb_g000,valid,v3,1,1,6.999999999999998,1000.0,500.0,78.11384466204254,50.55496193259353,52.95279233527732,78.06751825219453,0.8987494365775962,0.10125056345979862,-3.7394849122002995e-11,9.00720115857126e-11,1175,78e3f01870ce26eebfbabce3af7ed80c20696b9413a0f87307cf2cb49426863d,fa9fa33ddb2cc0515c137572aedaef4f7732e80af28bd3fd00dcf13da212e9da,1.5333183129841927
rb_g000_v4,rb_g000,valid,v4,2,2,16.5,2050.0,500.0,111.04452453966127,62.48268155153313,65.4432441727426,110.94247502347412,0.9464041038726654,0.05359589614413268,-1.67980915372909e-11,1.192062973085569e-10,1168,78e3f01870ce26eebfbabce3af7ed80c20696b9413a0f87307cf2cb49426863d,fa9fa33ddb2cc0515c137572aedaef4f7732e80af28bd3fd00dcf13da212e9da,1.4933005979983136
rb_g000_v5,rb_g000,valid,v5,2,2,16.499999999999996,2050.0,1000.0,108.15252734063347,59.97789961315508,63.793435881020706,108.04654411581538,0.9402180399103367,0.0597819601069911,-1.7327822678398114e-11,1.1477879786825575e-10,1167,78e3f01870ce26eebfbabce3af7ed80c20696b9413a0f87307cf2cb49426863d,fa9fa33ddb2cc0515c137572aedaef4f7732e80af28bd3fd00dcf13da212e9da,1.5258461470075417
rb_g000_v6,rb_g000,valid,v6,3,3,12.499999999999996,1000.0,500.0,136.6516696318219,90.26957370420101,94.55176002732061,136.56508695653258,0.8987630861917931,0.10123691383127308,-2.30661711952962e-11,9.917129415592533e-11,1201,78e3f01870ce26eebfbabce3af7ed80c20696b9413a0f87307cf2cb49426863d,fa9fa33ddb2cc0515c137572aedaef4f7732e80af28bd3fd00dcf13da212e9da,1.5624400379892904
rb_g000_v7,rb_g000,valid,v7,3,3,12.499999999999996,1000.0,500.0,136.56657193019822,90.2695481862261,94.55149514264409,136.48046576996637,0.8987634576218764,0.10123654240260842,-2.4484787530809634e-11,9.706514334047531e-11,1193,78e3f01870ce26eebfbabce3af7ed80c20696b9413a0f87307cf2cb49426863d,fa9fa33ddb2cc0515c137572aedaef4f7732e80af28bd3fd00dcf13da212e9da,1.5679433639743365
rb_g001_v0,rb_g001,train,v0,0,0,1.8000000000000003,333.33,333.33,46.222991016200865,33.83207340937924,35.09144609717748,46.22265838627925,0.770208422721644,0.22979157742346712,-1.451111144825903e-10,7.63577341983511e-11,1185,aa53d971f65f325e8b7ab250b179ef5d310a6ef155eef674d30c4bc942aba0f9,0351666a3017ea503704355fecf48b75a51f0e48117fba53b5ce1289e2c46c0e,1.5450691690202802
rb_g001_v1,rb_g001,train,v1,0,0,2.5,500.0,333.33,48.115268999932994,34.00159074345044,35.263106789599945,48.115268999932994,0.8334989989553151,0.16650100115136296,-1.066780219716179e-10,7.90815618141683e-11,1197,aa53d971f65f325e8b7ab250b179ef5d310a6ef155eef674d30c4bc942aba0f9,0351666a3017ea503704355fecf48b75a51f0e48117fba53b5ce1289e2c46c0e,1.5764718670106959
rb_g001_v2,rb_g001,train,v2,1,1,7.000000000000001,1000.0,333.33,81.39120461140027,52.332213527601056,54.26371961674716,81.37840299685871,0.9081125588080176,0.09188744122970656,-3.7724109550448955e-11,9.086516157891112e-11,1191,aa53d971f65f325e8b7ab250b179ef5d310a6ef155eef674d30c4bc942aba0f9,0351666a3017ea503704355fecf48b75a51f0e48117fba53b5ce1289e2c46c0e,1.567452488001436
rb_g001_v3,rb_g001,train,v3,1,1,7.000000000000001,1000.0,500.0,80.36754392581668,50.4617719399063,52.8703543992879,80.29291923919567,0.899067315977291,0.10093268406085218,-3.8143123580271416e-11,9.204751809012072e-11,1196,aa53d971f65f325e8b7ab250b179ef5d310a6ef155eef674d30c4bc942aba0f9,0351666a3017ea503704355fecf48b75a51f0e48117fba53b5ce1289e2c46c0e,1.5919399009726476
rb_g001_v4,rb_g001,train,v4,2,2,16.5,2050.0,500.0,117.24447716851012,62.24623730093004,65.24417884334528,116.98693763951121,0.9467339869385798,0.05326601307795611,-1.6535877044747615e-11,1.1924611964321124e-10,1172,aa53d971f65f325e8b7ab250b179ef5d310a6ef155eef674d30c4bc942aba0f9,0351666a3017ea503704355fecf48b75a51f0e48117fba53b5ce1289e2c46c0e,1.5550924430135638
rb_g001_v5,rb_g001,train,v5,2,2,16.499999999999996,2050.0,1000.0,117.02409323378379,59.75890510366662,63.611952129141436,116.73671655196176,0.9405827101363156,0.059417289880395685,-1.6711218267770085e-11,1.1553199454808071e-10,1172,aa53d971f65f325e8b7ab250b179ef5d310a6ef155eef674d30c4bc942aba0f9,0351666a3017ea503704355fecf48b75a51f0e48117fba53b5ce1289e2c46c0e,1.5003342129930388
rb_g001_v6,rb_g001,train,v6,3,3,12.499999999999996,1000.0,500.0,144.05297453679538,90.10969109847106,94.41222717776613,143.95504733149858,0.8990683527155634,0.10093164730860932,-2.4172752688400587e-11,9.908073742420345e-11,1205,aa53d971f65f325e8b7ab250b179ef5d310a6ef155eef674d30c4bc942aba0f9,0351666a3017ea503704355fecf48b75a51f0e48117fba53b5ce1289e2c46c0e,1.6490255749959033
rb_g001_v7,rb_g001,train,v7,3,3,12.500000000000002,1000.0,500.0,144.6175111362495,90.11963788900178,94.422971849977,144.5156218399361,0.8990506767371446,0.10094932328756759,-2.4712161206252854e-11,9.81295895283793e-11,1201,aa53d971f65f325e8b7ab250b179ef5d310a6ef155eef674d30c4bc942aba0f9,0351666a3017ea503704355fecf48b75a51f0e48117fba53b5ce1289e2c46c0e,1.56744720498682
rb_g002_v0,rb_g002,train,v0,0,0,1.8000000000000003,333.33,333.33,44.82036302900832,33.85614574512714,35.11157884064115,44.79742956970938,0.7698969216236946,0.2301030785183142,-1.4200878127744607e-10,7.651832600646192e-11,1195,2cd1b1b17d1607f1615c6b59dc7c55f8a233341300df1ee7a17fb34a16156ecd,ace7cc565b95d70fb1f6ae519bb4a0e8131a8b60a72aef012991b5cebef8fbe8,1.5613895030110143
rb_g002_v1,rb_g002,train,v1,0,0,2.5,500.0,333.33,46.501498786072375,34.04216984735499,35.297768792191285,46.4667209862788,0.8331454918460105,0.16685450826069642,-1.0670695438363965e-10,7.974275660455404e-11,1200,2cd1b1b17d1607f1615c6b59dc7c55f8a233341300df1ee7a17fb34a16156ecd,ace7cc565b95d70fb1f6ae519bb4a0e8131a8b60a72aef012991b5cebef8fbe8,1.5612231089908164
rb_g002_v2,rb_g002,train,v2,1,1,7.000000000000001,1000.0,333.33,77.16135311624828,52.475701446477,54.3859661501317,77.06147277223772,0.9076947061232933,0.09230529391439188,-3.768515658261354e-11,9.000439368959359e-11,1193,2cd1b1b17d1607f1615c6b59dc7c55f8a233341300df1ee7a17fb34a16156ecd,ace7cc565b95d70fb1f6ae519bb4a0e8131a8b60a72aef012991b5cebef8fbe8,1.5485476079920772
rb_g002_v3,rb_g002,train,v3,1,1,6.999999999999998,1000.0,500.0,75.56693507284893,50.5878162775161,52.975602414725216,75.47388502903277,0.8986377744242138,0.10136222561316323,-3.737700625196438e-11,9.262187954536981e-11,1193,2cd1b1b17d1607f1615c6b59dc7c55f8a233341300df1ee7a17fb34a16156ecd,ace7cc565b95d70fb1f6ae519bb4a0e8131a8b60a72aef012991b5cebef8fbe8,1.516628306999337
rb_g002_v4,rb_g002,train,v4,2,2,16.499999999999996,2050.0,500.0,103.74047460399993,62.54528194961433,65.46534977020633,103.53381286713204,0.9463166159242965,0.053683384092797416,-1.7093888594173005e-11,1.1713391223857757e-10,1165,2cd1b1b17d1607f1615c6b59dc7c55f8a233341300df1ee7a17fb34a16156ecd,ace7cc565b95d70fb1f6ae519bb4a0e8131a8b60a72aef012991b5cebef8fbe8,1.5520314459863584
rb_g002_v5,rb_g002,train,v5,2,2,16.5,2050.0,1000.0,103.67834178290542,60.026836096412126,63.80162170821553,103.07181541899178,0.9401363912148174,0.059863608801603754,-1.6421167456118464e-11,1.1394932578894646e-10,1167,2cd1b1b17d1607f1615c6b59dc7c55f8a233341300df1ee7a17fb34a16156ecd,ace7cc565b95d70fb1f6ae519bb4a0e8131a8b60a72aef012991b5cebef8fbe8,1.5144239449873567
rb_g002_v6,rb_g002,train,v6,3,3,12.5,1000.0,500.0,133.8344679380387,90.31904687780131,94.58286343559135,133.67612591195535,0.8986687437826351,0.10133125624123566,-2.387070097142896e-11,9.8015179997487e-11,1201,2cd1b1b17d1607f1615c6b59dc7c55f8a233341300df1ee7a17fb34a16156ecd,ace7cc565b95d70fb1f6ae519bb4a0e8131a8b60a72aef012991b5cebef8fbe8,1.5800172980234493
rb_g002_v7,rb_g002,train,v7,3,3,12.5,1000.0,500.0,134.4412021664935,90.31964862467197,94.5832569300902,134.2787337481659,0.8986676044597598,0.10133239556505186,-2.481170824353285e-11,9.752251736800248e-11,1194,2cd1b1b17d1607f1615c6b59dc7c55f8a233341300df1ee7a17fb34a16156ecd,ace7cc565b95d70fb1f6ae519bb4a0e8131a8b60a72aef012991b5cebef8fbe8,1.6083548110036645
rb_g003_v0,rb_g003,train,v0,0,0,1.8,333.33,333.33,44.70320264196363,33.84282882387191,35.09998545206754,44.642285613590275,0.7700695901734872,0.22993040996885777,-1.423450246562652e-10,7.662984699106258e-11,1188,cfb7a8e0009835c0b6054fb45732031a2ed22e4c8bb45c9ffd062e80f047b40e,42ba6f67cbcae5495b73a2c28643e1a8fcac3dd9f7bb5cb4b7d7692a7578b783,1.5616619979846291
rb_g003_v1,rb_g003,train,v1,0,0,2.5,500.0,333.33,46.425995945630234,34.0191915763089,35.277823228413574,46.33144587400642,0.8333458105451683,0.16665418956232306,-1.0749137135945829e-10,7.845569566416734e-11,1183,cfb7a8e0009835c0b6054fb45732031a2ed22e4c8bb45c9ffd062e80f047b40e,42ba6f67cbcae5495b73a2c28643e1a8fcac3dd9f7bb5cb4b7d7692a7578b783,1.5779619139793795
rb_g003_v2,rb_g003,train,v2,1,1,6.999999999999999,1000.0,333.33,77.6122332898862,52.388707105119465,54.31154341705577,77.32707392989744,0.9079474549632236,0.09205254507465715,-3.7880746158894656e-11,9.004911692793029e-11,1186,cfb7a8e0009835c0b6054fb45732031a2ed22e4c8bb45c9ffd062e80f047b40e,42ba6f67cbcae5495b73a2c28643e1a8fcac3dd9f7bb5cb4b7d7692a7578b783,1.6578008469950873
rb_g003_v3,rb_g003,train,v3,1,1,7.0,1000.0,500.0,76.62198559672595,50.511519739165806,52.91139324755905,76.33860396531651,0.8988976769948895,0.10110232304399044,-3.888001032237298e-11,9.097036131809336e-11,1174,cfb7a8e0009835c0b6054fb45732031a2ed22e4c8bb45c9ffd062e80f047b40e,42ba6f67cbcae5495b73a2c28643e1a8fcac3dd9f7bb5cb4b7d7692a7578b783,1.5417983400111552
rb_g003_v4,rb_g003,train,v4,2,2,16.5,2050.0,500.0,106.38904454915195,62.36484613259405,65.31546902481205,105.77109803637751,0.9465686585811294,0.05343134143597266,-1.7102003315189354e-11,1.1464120068581269e-10,1169,cfb7a8e0009835c0b6054fb45732031a2ed22e4c8bb45c9ffd062e80f047b40e,42ba6f67cbcae5495b73a2c28643e1a8fcac3dd9f7bb5cb4b7d7692a7578b783,1.5539500410086475
rb_g003_v5,rb_g003,train,v5,2,2,16.500000000000004,2050.0,1000.0,103.68962138462433,59.874482864766875,63.66771706007508,103.13785069686702,0.9403913232926944,0.05960867672421918,-1.6913548003227522e-11,1.1347212682472726e-10,1165,cfb7a8e0009835c0b6054fb45732031a2ed22e4c8bb45c9ffd062e80f047b40e,42ba6f67cbcae5495b73a2c28643e1a8fcac3dd9f7bb5cb4b7d7692a7578b783,1.507441444991855
rb_g003_v6,rb_g003,train,v6,3,3,12.500000000000002,1000.0,500.0,134.28317866262785,90.19812529868416,94.47537426118924,133.84848601912915,0.8988997294604448,0.10110027056389066,-2.4335484738458032e-11,9.641028346546194e-11,1190,cfb7a8e0009835c0b6054fb45732031a2ed22e4c8bb45c9ffd062e80f047b40e,42ba6f67cbcae5495b73a2c28643e1a8fcac3dd9f7bb5cb4b7d7692a7578b783,1.5500541920191608
rb_g003_v7,rb_g003,train,v7,3,3,12.5,1000.0,500.0,134.6516985861428,90.19929145456602,94.47788734471672,134.22210519244635,0.8988970868590109,0.101102913165049,-2.405998955623545e-11,9.663806099342426e-11,1187,cfb7a8e0009835c0b6054fb45732031a2ed22e4c8bb45c9ffd062e80f047b40e,42ba6f67cbcae5495b73a2c28643e1a8fcac3dd9f7bb5cb4b7d7692a7578b783,1.5848154010018334
rb_g004_v0,rb_g004,train,v0,0,0,1.7999999999999998,333.33,333.33,44.331212570544494,33.842342080984395,35.0987396477673,44.27689835392255,0.7700759650097441,0.22992403513229917,-1.4204329070979485e-10,7.700950466056777e-11,1201,2026be472ab51eeba73bdc74cc05903c39dbb1be4d7e9b370f6d2317dd97ded0,6643cc2884ba92edc2317151eb82c45aadd551b9782520763bef0675cfa92f72,1.582904231006978
rb_g004_v1,rb_g004,train,v1,0,0,2.4999999999999996,500.0,333.33,45.37465336860072,34.01822825693537,35.27482222982922,45.30053757449804,0.833354163711905,0.16664583639677238,-1.0867728938990241e-10,8.058634552529656e-11,1205,2026be472ab51eeba73bdc74cc05903c39dbb1be4d7e9b370f6d2317dd97ded0,6643cc2884ba92edc2317151eb82c45aadd551b9782520763bef0675cfa92f72,1.6087310180009808
rb_g004_v2,rb_g004,train,v2,1,1,6.999999999999998,1000.0,333.33,73.76733289537981,52.384464969669146,54.29393953216469,73.18235716227042,0.9079595086323579,0.09204049140538292,-3.7740810476805115e-11,9.19984065180954e-11,1201,2026be472ab51eeba73bdc74cc05903c39dbb1be4d7e9b370f6d2317dd97ded0,6643cc2884ba92edc2317151eb82c45aadd551b9782520763bef0675cfa92f72,1.5900015349907335
rb_g004_v3,rb_g004,train,v3,1,1,7.0,1000.0,500.0,71.92046226534728,50.504293256202416,52.89056087531792,71.72511807165029,0.8989217858248351,0.10107821421313198,-3.7967042208565867e-11,9.236279109580246e-11,1187,2026be472ab51eeba73bdc74cc05903c39dbb1be4d7e9b370f6d2317dd97ded0,6643cc2884ba92edc2317151eb82c45aadd551b9782520763bef0675cfa92f72,1.6051509550015908
rb_g004_v4,rb_g004,train,v4,2,2,16.499999999999996,2050.0,500.0,98.58851019683533,62.34825734610698,65.248188502386,97.5738575229023,0.9465925961556445,0.053407403861554674,-1.7199231937648953e-11,1.191935427548147e-10,1175,2026be472ab51eeba73bdc74cc05903c39dbb1be4d7e9b370f6d2317dd97ded0,6643cc2884ba92edc2317151eb82c45aadd551b9782520763bef0675cfa92f72,1.5361415020015556
rb_g004_v5,rb_g004,train,v5,2,2,16.499999999999996,2050.0,1000.0,98.85041319620797,59.849366140751364,63.60393709124407,97.7919095272569,0.9404329537109716,0.05956704630588367,-1.6855217558376164e-11,1.1543196383557488e-10,1175,2026be472ab51eeba73bdc74cc05903c39dbb1be4d7e9b370f6d2317dd97ded0,6643cc2884ba92edc2317151eb82c45aadd551b9782520763bef0675cfa92f72,1.5762220539909322
rb_g004_v6,rb_g004,train,v6,3,3,12.499999999999996,1000.0,500.0,128.32573194439937,90.18570710337542,94.44776654269498,127.5817823218186,0.898923284286696,0.10107671573764436,-2.4340334192629603e-11,9.738381804059082e-11,1200,2026be472ab51eeba73bdc74cc05903c39dbb1be4d7e9b370f6d2317dd97ded0,6643cc2884ba92edc2317151eb82c45aadd551b9782520763bef0675cfa92f72,1.6025740590121131
rb_g004_v7,rb_g004,train,v7,3,3,12.499999999999996,1000.0,500.0,140.45001173088826,90.19144480300709,94.45431275776495,139.15668727464123,0.8989122721100553,0.10108772791522638,-2.5281643445396193e-11,9.786681910587078e-11,1187,2026be472ab51eeba73bdc74cc05903c39dbb1be4d7e9b370f6d2317dd97ded0,6643cc2884ba92edc2317151eb82c45aadd551b9782520763bef0675cfa92f72,1.5382329759886488
rb_g005_v0,rb_g005,train,v0,0,0,1.8000000000000003,333.33,333.33,44.36931384991834,33.84026085709653,35.09836414950644,44.31938985717068,0.770102666431324,0.22989733371422563,-1.4554962173778877e-10,7.681868475631941e-11,1207,1164cc429c543125455f268ef619b54ff812ebb7d12e3145f64678989ebb1007,028f6e4cdab561e1914e8abf5ee9c47a70bd1a775a8b3000a158b3d05c390104,1.6468950499838684
rb_g005_v1,rb_g005,train,v1,0,0,2.5,500.0,333.33,48.15943259554439,34.01547700305822,35.27558188077082,48.06334653352235,0.8333782369431161,0.16662176316343502,-1.0655107907098227e-10,7.760501886594423e-11,1183,1164cc429c543125455f268ef619b54ff812ebb7d12e3145f64678989ebb1007,028f6e4cdab561e1914e8abf5ee9c47a70bd1a775a8b3000a158b3d05c390104,1.5114925330271944
rb_g005_v2,rb_g005,train,v2,1,1,6.999999999999999,1000.0,333.33,79.10375818303419,52.37365357200935,54.30038379972619,79.00300455225329,0.9079914487837275,0.09200855125347651,-3.7204001784069924e-11,8.942155622841278e-11,1180,1164cc429c543125455f268ef619b54ff812ebb7d12e3145f64678989ebb1007,028f6e4cdab561e1914e8abf5ee9c47a70bd1a775a8b3000a158b3d05c390104,1.549855621997267
rb_g005_v3,rb_g005,train,v3,1,1,7.0,1000.0,500.0,76.2383841853474,50.49978503501331,52.90230212693434,76.22285708503136,0.8989377773655383,0.10106222267146837,-3.7006635850949414e-11,9.0157594141891e-11,1135,1164cc429c543125455f268ef619b54ff812ebb7d12e3145f64678989ebb1007,028f6e4cdab561e1914e8abf5ee9c47a70bd1a775a8b3000a158b3d05c390104,1.5155266330111772
rb_g005_v4,rb_g005,train,v4,2,2,16.5,2050.0,500.0,107.92608063961012,62.34208743529197,65.30930177628456,107.89120129388118,0.9466005107026607,0.0533994893136291,-1.628976415037359e-11,1.1539052024847374e-10,1126,1164cc429c543125455f268ef619b54ff812ebb7d12e3145f64678989ebb1007,028f6e4cdab561e1914e8abf5ee9c47a70bd1a775a8b3000a158b3d05c390104,1.475354441005038
rb_g005_v5,rb_g005,train,v5,2,2,16.5,2050.0,1000.0,108.21659507369259,59.852848540801396,63.672148650182734,108.17803262274703,0.9404263881322628,0.05957361188465893,-1.6921689638741444e-11,1.1532326644757085e-10,1160,1164cc429c543125455f268ef619b54ff812ebb7d12e3145f64678989ebb1007,028f6e4cdab561e1914e8abf5ee9c47a70bd1a775a8b3000a158b3d05c390104,1.5327796469791792
rb_g005_v6,rb_g005,train,v6,3,3,12.5,1000.0,500.0,136.32752912688107,90.1806454177625,94.47023223168726,136.30591528619584,0.8989328935879964,0.10106710643715353,-2.5150015403596627e-11,9.689651874978224e-11,1184,1164cc429c543125455f268ef619b54ff812ebb7d12e3145f64678989ebb1007,028f6e4cdab561e1914e8abf5ee9c47a70bd1a775a8b3000a158b3d05c390104,1.5895986589894164
rb_g005_v7,rb_g005,train,v7,3,3,12.499999999999996,1000.0,500.0,133.09702459182722,90.17805944124953,94.46752592164691,132.76977010708646,0.8989378342519545,0.10106216577224005,-2.419453082325163e-11,9.682916387675082e-11,1192,1164cc429c543125455f268ef619b54ff812ebb7d12e3145f64678989ebb1007,028f6e4cdab561e1914e8abf5ee9c47a70bd1a775a8b3000a158b3d05c390104,1.5734782410145272
rb_g006_v0,rb_g006,train,v0,0,0,1.8000000000000003,333.33,333.33,43.94407726413158,33.839200666639805,35.0957218904327,43.853622403605414,0.7701167028795133,0.22988329726517037,-1.446836786181096e-10,7.678429738566684e-11,1198,21bdb6e24f9cbd1e664fd3ba94feedc2619db3b399b586065384a3357495fb23,a5e170a79b5328e8379ff02130604036cac8162a4bc3e494e9ed3566a0b66228,1.5516426789981779
rb_g006_v1,rb_g006,train,v1,0,0,2.5,500.0,333.33,44.839694926682455,34.01228072795457,35.269147912067176,44.72384390980733,0.8334059066183052,0.1665940934886696,-1.0697478458610021e-10,7.86198860657462e-11,1184,21bdb6e24f9cbd1e664fd3ba94feedc2619db3b399b586065384a3357495fb23,a5e170a79b5328e8379ff02130604036cac8162a4bc3e494e9ed3566a0b66228,1.5323699549771845
rb_g006_v2,rb_g006,train,v2,1,1,7.0,1000.0,333.33,72.761033745497,52.36471982835978,54.27534512958232,72.69211232734466,0.9080174912319359,0.09198250880530798,-3.72438112096672e-11,9.052867129957506e-11,1183,21bdb6e24f9cbd1e664fd3ba94feedc2619db3b399b586065384a3357495fb23,a5e170a79b5328e8379ff02130604036cac8162a4bc3e494e9ed3566a0b66228,1.5000691809982527
rb_g006_v3,rb_g006,train,v3,1,1,7.000000000000001,1000.0,500.0,71.93965797149644,50.49064753879231,52.87772196292903,71.81715744927197,0.8989689396187437,0.10103106042058992,-3.933361572957697e-11,9.092519030841436e-11,1180,21bdb6e24f9cbd1e664fd3ba94feedc2619db3b399b586065384a3357495fb23,a5e170a79b5328e8379ff02130604036cac8162a4bc3e494e9ed3566a0b66228,1.5788480659830384
rb_g006_v4,rb_g006,train,v4,2,2,16.5,2050.0,500.0,97.91335321338926,62.3124215131581,65.21086938778129,97.75486921830105,0.9466418894632259,0.05335811055453475,-1.7760675085514087e-11,1.1563979232708732e-10,1169,21bdb6e24f9cbd1e664fd3ba94feedc2619db3b399b586065384a3357495fb23,a5e170a79b5328e8379ff02130604036cac8162a4bc3e494e9ed3566a0b66228,1.5348713459970895
rb_g006_v5,rb_g006,train,v5,2,2,16.5,2050.0,1000.0,98.88054359955714,59.82110723616669,63.5699225751742,98.81752407726435,0.940479080875089,0.059520919142740616,-1.7829656942777465e-11,1.1698531692276825e-10,1164,21bdb6e24f9cbd1e664fd3ba94feedc2619db3b399b586065384a3357495fb23,a5e170a79b5328e8379ff02130604036cac8162a4bc3e494e9ed3566a0b66228,1.5746250110096298
rb_g006_v6,rb_g006,train,v6,3,3,12.499999999999996,1000.0,500.0,128.18715362987427,90.16114326356433,94.42203250325319,128.05114143526288,0.898969975463637,0.10103002456057068,-2.4207729154568375e-11,9.757907700049157e-11,1195,21bdb6e24f9cbd1e664fd3ba94feedc2619db3b399b586065384a3357495fb23,a5e170a79b5328e8379ff02130604036cac8162a4bc3e494e9ed3566a0b66228,1.5788759920105804
rb_g006_v7,rb_g006,train,v7,3,3,12.5,1000.0,500.0,128.40139879369644,90.16091112828752,94.42195348144234,127.80581048422658,0.8989704400417573,0.10102955998202409,-2.3781350222407126e-11,9.961903486622102e-11,1204,21bdb6e24f9cbd1e664fd3ba94feedc2619db3b399b586065384a3357495fb23,a5e170a79b5328e8379ff02130604036cac8162a4bc3e494e9ed3566a0b66228,1.6360586610098835
rb_g007_v0,rb_g007,train,v0,0,0,1.8000000000000003,333.33,333.33,43.651745777473764,33.83679510759577,35.09345371279603,43.62807269617019,0.7701473458147863,0.22985265433291985,-1.477060757654808e-10,7.481366564003751e-11,1146,47aca93e023cc8e653ca272a70cc317b7d0943bb6d27b5d765fddb64dbaf4d31,c3aaa902d77dc1d2942d2325a4d619f452a5e527e7fd960c01c775214f642b5e,1.5000512819970027
rb_g007_v1,rb_g007,train,v1,0,0,2.5000000000000004,500.0,333.33,44.753830827971456,34.01001454964853,35.26692427612961,44.71967054373164,0.8334256669251001,0.16657433318257342,-1.0767355895779927e-10,7.80251078311584e-11,1173,47aca93e023cc8e653ca272a70cc317b7d0943bb6d27b5d765fddb64dbaf4d31,c3aaa902d77dc1d2942d2325a4d619f452a5e527e7fd960c01c775214f642b5e,1.5187170970020816
rb_g007_v2,rb_g007,train,v2,1,1,6.999999999999999,1000.0,333.33,72.31315324292518,52.361154832502706,54.27150343090283,72.21151314421786,0.9080279981306111,0.09197200190784172,-3.845282822315507e-11,8.991292513080145e-11,1167,47aca93e023cc8e653ca272a70cc317b7d0943bb6d27b5d765fddb64dbaf4d31,c3aaa902d77dc1d2942d2325a4d619f452a5e527e7fd960c01c775214f642b5e,1.533862832991872
rb_g007_v3,rb_g007,train,v3,1,1,7.0,1000.0,500.0,71.17657691475438,50.487524758065355,52.87405055821057,71.16940200832335,0.898979418956096,0.1010205810816932,-3.7789184480020917e-11,9.246719759619747e-11,1181,47aca93e023cc8e653ca272a70cc317b7d0943bb6d27b5d765fddb64dbaf4d31,c3aaa902d77dc1d2942d2325a4d619f452a5e527e7fd960c01c775214f642b5e,1.5260813589848112
rb_g007_v4,rb_g007,train,v4,2,2,16.499999999999996,2050.0,500.0,97.39364971329758,62.307845235901645,65.20225260663207,97.30840411679532,0.9466479523074283,0.053352047709039216,-1.6467514220928276e-11,1.1582357770015317e-10,1160,47aca93e023cc8e653ca272a70cc317b7d0943bb6d27b5d765fddb64dbaf4d31,c3aaa902d77dc1d2942d2325a4d619f452a5e527e7fd960c01c775214f642b5e,1.5340294719790109
rb_g007_v5,rb_g007,train,v5,2,2,16.499999999999996,2050.0,1000.0,96.33994002831145,59.81027658674591,63.554822384166094,96.24054760058317,0.9404971768715268,0.059502823144945614,-1.6472419388109802e-11,1.1619214520060389e-10,1163,47aca93e023cc8e653ca272a70cc317b7d0943bb6d27b5d765fddb64dbaf4d31,c3aaa902d77dc1d2942d2325a4d619f452a5e527e7fd960c01c775214f642b5e,1.518329159996938
rb_g007_v6,rb_g007,train,v6,3,3,12.499999999999996,1000.0,500.0,127.29822265925048,90.15845755221436,94.41852399993857,127.20400631697066,0.898976082080823,0.10102391794431495,-2.5137953940657105e-11,9.671858136091962e-11,1177,47aca93e023cc8e653ca272a70cc317b7d0943bb6d27b5d765fddb64dbaf4d31,c3aaa902d77dc1d2942d2325a4d619f452a5e527e7fd960c01c775214f642b5e,1.5556968610035256
rb_g007_v7,rb_g007,train,v7,3,3,12.5,1000.0,500.0,127.12379573649332,90.15282573465527,94.41334133704603,127.03049184291217,0.8989863491783833,0.10101365084661977,-2.5002986347999468e-11,9.756762384393897e-11,1176,47aca93e023cc8e653ca272a70cc317b7d0943bb6d27b5d765fddb64dbaf4d31,c3aaa902d77dc1d2942d2325a4d619f452a5e527e7fd960c01c775214f642b5e,1.5553426090045832
rb_g008_v0,rb_g008,train,v0,0,0,1.7999999999999998,333.33,333.33,45.74032765104374,33.84949569541585,35.10791407496267,45.704462773743785,0.7699830767672823,0.2300169233769843,-1.442665431561352e-10,7.660782841327847e-11,1196,0f88fb3f6da431502e30020fd815e8692213116d21079c8adc72e1cc0843162d,e1a0cb8198221602e6ea371dcd7b9e53d5f8c6dfd384a8e565d4e3aa486853ae,1.557606211019447
rb_g008_v1,rb_g008,train,v1,0,0,2.4999999999999996,500.0,333.33,47.14314065969569,34.02944114706104,35.289997945997975,47.11004423205134,0.8332564706242699,0.16674352948291896,-1.0718887999416895e-10,7.80279261291736e-11,1187,0f88fb3f6da431502e30020fd815e8692213116d21079c8adc72e1cc0843162d,e1a0cb8198221602e6ea371dcd7b9e53d5f8c6dfd384a8e565d4e3aa486853ae,1.585941801982699
rb_g008_v2,rb_g008,train,v2,1,1,6.999999999999999,1000.0,333.33,78.18020221088483,52.41628716222726,54.34756195605523,78.10870755953414,0.907866897538016,0.09213310249993202,-3.794800981385801e-11,9.026562172088452e-11,1189,0f88fb3f6da431502e30020fd815e8692213116d21079c8adc72e1cc0843162d,e1a0cb8198221602e6ea371dcd7b9e53d5f8c6dfd384a8e565d4e3aa486853ae,1.5446910319733433
rb_g008_v3,rb_g008,train,v3,1,1,7.0,1000.0,500.0,77.08587868775686,50.530913757443884,52.93907569877101,77.04964146935345,0.898831197431076,0.10116880260612422,-3.720014772414158e-11,9.205369624799245e-11,1187,0f88fb3f6da431502e30020fd815e8692213116d21079c8adc72e1cc0843162d,e1a0cb8198221602e6ea371dcd7b9e53d5f8c6dfd384a8e565d4e3aa486853ae,1.5886067030078266
rb_g008_v4,rb_g008,train,v4,2,2,16.499999999999996,2050.0,500.0,111.84805977734243,62.41151038566949,65.42186188562259,111.59439106144185,0.9465030096594471,0.05349699035733566,-1.6782797374048645e-11,1.1751789388739803e-10,1171,0f88fb3f6da431502e30020fd815e8692213116d21079c8adc72e1cc0843162d,e1a0cb8198221602e6ea371dcd7b9e53d5f8c6dfd384a8e565d4e3aa486853ae,1.5184337450191379
rb_g008_v5,rb_g008,train,v5,2,2,16.499999999999996,2050.0,1000.0,113.01362479996254,59.91651674650616,63.783576251387984,112.74900980495136,0.9403198314260538,0.059680168590146784,-1.6200630063057172e-11,1.164405282408206e-10,1154,0f88fb3f6da431502e30020fd815e8692213116d21079c8adc72e1cc0843162d,e1a0cb8198221602e6ea371dcd7b9e53d5f8c6dfd384a8e565d4e3aa486853ae,1.5262481320241932
rb_g008_v6,rb_g008,train,v6,3,3,12.499999999999998,1000.0,500.0,141.44279953367504,90.26272344292933,94.57063506211529,141.3200522335298,0.8987789493405275,0.10122105068463802,-2.5165487471667805e-11,9.65836704282679e-11,1188,0f88fb3f6da431502e30020fd815e8692213116d21079c8adc72e1cc0843162d,e1a0cb8198221602e6ea371dcd7b9e53d5f8c6dfd384a8e565d4e3aa486853ae,1.5926743949821685
rb_g008_v7,rb_g008,train,v7,3,3,12.5,1000.0,500.0,140.7444224228886,90.25334347081564,94.56009335141025,140.50309051345414,0.8987948927023106,0.10120510732212082,-2.4431443534922437e-11,9.933466678682397e-11,1210,0f88fb3f6da431502e30020fd815e8692213116d21079c8adc72e1cc0843162d,e1a0cb8198221602e6ea371dcd7b9e53d5f8c6dfd384a8e565d4e3aa486853ae,1.6101641049899627
rb_g009_v0,rb_g009,valid,v0,0,0,1.7999999999999998,333.33,333.33,45.215346966827724,33.84540280202083,35.10187527600063,45.179115808248866,0.7700380974830741,0.22996190266143765,-1.4451174824693505e-10,7.732852860831586e-11,1206,4c890f631cb72c1bac0ffd2de00faefc58396a0e5e809a83bb833db299400381,16d9ac591a9a61db2dc9d5b2d140214f0462f6c6e17d756582aaa18cb2b3e76c,1.6571837250085082
rb_g009_v1,rb_g009,valid,v1,0,0,2.5,500.0,333.33,45.65828067526826,34.024415819668114,35.28103354453296,45.57567163362353,0.8333009240872224,0.16669907602101494,-1.0823735241416444e-10,7.777620878239639e-11,1165,4c890f631cb72c1bac0ffd2de00faefc58396a0e5e809a83bb833db299400381,16d9ac591a9a61db2dc9d5b2d140214f0462f6c6e17d756582aaa18cb2b3e76c,1.563367828988703
rb_g009_v2,rb_g009,valid,v2,1,1,7.0,1000.0,333.33,75.28325232690759,52.405679180089734,54.31664609182896,75.02768767814109,0.9078980150781601,0.09210198495889987,-3.7059989997447114e-11,9.020339941445678e-11,1188,4c890f631cb72c1bac0ffd2de00faefc58396a0e5e809a83bb833db299400381,16d9ac591a9a61db2dc9d5b2d140214f0462f6c6e17d756582aaa18cb2b3e76c,1.563704689993756
rb_g009_v3,rb_g009,valid,v3,1,1,6.999999999999998,1000.0,500.0,76.83949182593665,50.52594527148496,52.91551449623034,75.7922882340767,0.8988483963804017,0.10115160365713229,-3.7533991787646377e-11,9.233787937260826e-11,1184,4c890f631cb72c1bac0ffd2de00faefc58396a0e5e809a83bb833db299400381,16d9ac591a9a61db2dc9d5b2d140214f0462f6c6e17d756582aaa18cb2b3e76c,1.5107582350028679
rb_g009_v4,rb_g009,valid,v4,2,2,16.500000000000004,2050.0,500.0,106.92642108573455,62.384335792144725,65.30397100912512,106.28748518315166,0.9465412463463161,0.053458753671491166,-1.780730445254834e-11,1.1570095271151343e-10,1167,4c890f631cb72c1bac0ffd2de00faefc58396a0e5e809a83bb833db299400381,16d9ac591a9a61db2dc9d5b2d140214f0462f6c6e17d756582aaa18cb2b3e76c,1.4959191989910323
rb_g009_v5,rb_g009,valid,v5,2,2,16.5,2050.0,1000.0,104.11965869881527,59.868759171054855,63.639621904808116,103.8611162809903,0.94039990528179,0.059600094733686555,-1.5476522420523466e-11,1.1549338023939109e-10,1178,4c890f631cb72c1bac0ffd2de00faefc58396a0e5e809a83bb833db299400381,16d9ac591a9a61db2dc9d5b2d140214f0462f6c6e17d756582aaa18cb2b3e76c,1.5675876009918284
rb_g009_v6,rb_g009,valid,v6,3,3,12.500000000000002,1000.0,500.0,132.5261537027548,90.2058465373771,94.4722898627465,132.34756257180823,0.8988849052736189,0.10111509475163502,-2.5253843460859567e-11,9.975987108554267e-11,1221,4c890f631cb72c1bac0ffd2de00faefc58396a0e5e809a83bb833db299400381,16d9ac591a9a61db2dc9d5b2d140214f0462f6c6e17d756582aaa18cb2b3e76c,1.6075576189905405
rb_g009_v7,rb_g009,valid,v7,3,3,12.5,1000.0,500.0,131.48938442285328,90.20605232015741,94.47151963348325,131.34704456758948,0.8988843070159994,0.10111569300797763,-2.3977069218972246e-11,9.796394199523787e-11,1209,4c890f631cb72c1bac0ffd2de00faefc58396a0e5e809a83bb833db299400381,16d9ac591a9a61db2dc9d5b2d140214f0462f6c6e17d756582aaa18cb2b3e76c,1.602885989996139
rb_g010_v0,rb_g010,valid,v0,0,0,1.7999999999999996,333.33,333.33,45.02446097415577,33.85198697268297,35.107538129213154,44.98429348946712,0.7699521041218158,0.23004789602316825,-1.4498408646485614e-10,7.635469702064474e-11,1191,0abf2fccf1ca98b75b3ce3a0dcbe4d88e7139b05d89892fc3464c7fbf3f3dff6,3f3a24a9450a1fbec05520b5735cd5078504ef25aae6fcfa2097f59d01e2ff11,1.6142891210038215
rb_g010_v1,rb_g010,valid,v1,0,0,2.499999999999999,500.0,333.33,46.327701721760775,34.030685294671194,35.286407832942224,46.274578464369085,0.8332459891215162,0.16675401098487955,-1.0639569225645577e-10,7.84320415243571e-11,1196,0abf2fccf1ca98b75b3ce3a0dcbe4d88e7139b05d89892fc3464c7fbf3f3dff6,3f3a24a9450a1fbec05520b5735cd5078504ef25aae6fcfa2097f59d01e2ff11,1.6220216029905714
rb_g010_v2,rb_g010,valid,v2,1,1,7.000000000000001,1000.0,333.33,75.78012710826641,52.41658467387663,54.32457553947324,75.63832806538056,0.9078660059068122,0.09213399413148465,-3.829687360885307e-11,8.889453558171791e-11,1177,0abf2fccf1ca98b75b3ce3a0dcbe4d88e7139b05d89892fc3464c7fbf3f3dff6,3f3a24a9450a1fbec05520b5735cd5078504ef25aae6fcfa2097f59d01e2ff11,1.6235125649836846
rb_g010_v3,rb_g010,valid,v3,1,1,7.0,1000.0,500.0,74.2281395899667,50.5345034942865,52.918993942835364,74.08770369827539,0.8988191443505674,0.10118085568818454,-3.875193816631801e-11,9.136447556125616e-11,1177,0abf2fccf1ca98b75b3ce3a0dcbe4d88e7139b05d89892fc3464c7fbf3f3dff6,3f3a24a9450a1fbec05520b5735cd5078504ef25aae6fcfa2097f59d01e2ff11,1.5751240120152943
rb_g010_v4,rb_g010,valid,v4,2,2,16.500000000000004,2050.0,500.0,102.94987035940488,62.43492203609788,65.33183145082555,102.64830066744236,0.946471001730903,0.05352899828689552,-1.7798550512214782e-11,1.175639030100001e-10,1161,0abf2fccf1ca98b75b3ce3a0dcbe4d88e7139b05d89892fc3464c7fbf3f3dff6,3f3a24a9450a1fbec05520b5735cd5078504ef25aae6fcfa2097f59d01e2ff11,1.541497493017232
rb_g010_v5,rb_g010,valid,v5,2,2,16.5,2050.0,1000.0,103.69799726289921,59.95216814822188,63.705288959422504,103.37625071987776,0.9402609812077792,0.05973901880944166,-1.722086446506816e-11,1.1456394403601188e-10,1166,0abf2fccf1ca98b75b3ce3a0dcbe4d88e7139b05d89892fc3464c7fbf3f3dff6,3f3a24a9450a1fbec05520b5735cd5078504ef25aae6fcfa2097f59d01e2ff11,1.523555519990623
rb_g010_v6,rb_g010,valid,v6,3,3,12.500000000000002,1000.0,500.0,134.7174649209261,90.26190834921887,94.52069807287464,134.45023886294513,0.8987775069971149,0.10122249302711078,-2.422563483150952e-11,9.703227809934745e-11,1186,0abf2fccf1ca98b75b3ce3a0dcbe4d88e7139b05d89892fc3464c7fbf3f3dff6,3f3a24a9450a1fbec05520b5735cd5078504ef25aae6fcfa2097f59d01e2ff11,1.520403003989486
rb_g010_v7,rb_g010,valid,v7,3,3,12.500000000000002,1000.0,500.0,135.20533614658206,90.26278011850921,94.52182016923298,134.93820652014108,0.8987758601911717,0.10122413983317778,-2.4349535721057688e-11,9.747243419872532e-11,1186,0abf2fccf1ca98b75b3ce3a0dcbe4d88e7139b05d89892fc3464c7fbf3f3dff6,3f3a24a9450a1fbec05520b5735cd5078504ef25aae6fcfa2097f59d01e2ff11,1.546471930021653
rb_g011_v0,rb_g011,train,v0,0,0,1.7999999999999996,333.33,333.33,44.58925303348826,33.84567852670835,35.10317239357075,44.58717330674125,0.7700333907759846,0.2299666093668676,-1.4285227322040508e-10,7.75282188545296e-11,1211,ab25678666c64a0ec86f25689e4c2b7667a663510ee08981eefea20e4e25ed6a,381387934b6840415b5c5f2a1142fea470d98705990e9356bd06dbcc2e303c5a,1.5765844919951633
rb_g011_v1,rb_g011,train,v1,0,0,2.5,500.0,333.33,46.089890961522315,34.02314237769034,35.28219166762215,46.08593734355668,0.8333112922294224,0.16668870787808715,-1.0750946799475968e-10,7.90888219518024e-11,1203,ab25678666c64a0ec86f25689e4c2b7667a663510ee08981eefea20e4e25ed6a,381387934b6840415b5c5f2a1142fea470d98705990e9356bd06dbcc2e303c5a,1.580094621021999
rb_g011_v2,rb_g011,train,v2,1,1,6.999999999999999,1000.0,333.33,76.91709648687004,52.402130132015415,54.32551678175517,76.83887767734933,0.9079079749801366,0.09209202505782894,-3.796561477896278e-11,8.978867767038976e-11,1185,ab25678666c64a0ec86f25689e4c2b7667a663510ee08981eefea20e4e25ed6a,381387934b6840415b5c5f2a1142fea470d98705990e9356bd06dbcc2e303c5a,1.553395424009068
rb_g011_v3,rb_g011,train,v3,1,1,7.000000000000001,1000.0,500.0,76.7830502627985,50.52651430127857,52.92653263936229,76.66169120844563,0.8988466037592517,0.10115339627870563,-3.7957319826935936e-11,9.099503576830584e-11,1182,ab25678666c64a0ec86f25689e4c2b7667a663510ee08981eefea20e4e25ed6a,381387934b6840415b5c5f2a1142fea470d98705990e9356bd06dbcc2e303c5a,1.6016372870071791
rb_g011_v4,rb_g011,train,v4,2,2,16.5,2050.0,500.0,109.27103706095488,62.411918862066166,65.37504842800088,108.92010509283233,0.946503804382172,0.05349619563379528,-1.5967227540159e-11,1.1800488000437326e-10,1128,ab25678666c64a0ec86f25689e4c2b7667a663510ee08981eefea20e4e25ed6a,381387934b6840415b5c5f2a1142fea470d98705990e9356bd06dbcc2e303c5a,1.5031039949972183
rb_g011_v5,rb_g011,train,v5,2,2,16.500000000000004,2050.0,1000.0,106.60880539759933,59.9015446431993,63.71562201310531,106.40373326082101,0.9403454078350713,0.05965459218128508,-1.6356343888729136e-11,1.1761722285948438e-10,1164,ab25678666c64a0ec86f25689e4c2b7667a663510ee08981eefea20e4e25ed6a,381387934b6840415b5c5f2a1142fea470d98705990e9356bd06dbcc2e303c5a,1.5041833769937512
rb_g011_v6,rb_g011,train,v6,3,3,12.500000000000002,1000.0,500.0,134.9375615337712,90.22051975853805,94.50623617429088,134.85256411981266,0.8988562476143375,0.10114375240990602,-2.424348721774549e-11,9.799184842559402e-11,1195,ab25678666c64a0ec86f25689e4c2b7667a663510ee08981eefea20e4e25ed6a,381387934b6840415b5c5f2a1142fea470d98705990e9356bd06dbcc2e303c5a,1.5793360169918742
rb_g011_v7,rb_g011,train,v7,3,3,12.500000000000002,1000.0,500.0,134.51980783464148,90.21772759831437,94.5025794736897,134.43953455542743,0.8988617350370506,0.10113826498706495,-2.411548294389831e-11,9.803719650383622e-11,1199,ab25678666c64a0ec86f25689e4c2b7667a663510ee08981eefea20e4e25ed6a,381387934b6840415b5c5f2a1142fea470d98705990e9356bd06dbcc2e303c5a,1.590829134976957
rb_g012_v0,rb_g012,train,v0,0,0,1.7999999999999996,333.33,333.33,44.861229174977666,33.8473931974819,35.103505178295805,44.855038781863584,0.7700101651210726,0.2299898350235203,-1.4459282536726117e-10,7.625491270896261e-11,1191,3a5a5edcc1c48cdd7efc9fa2014105dd5a9c95bb996c60beda96c3849e1bd8f7,6d4bcfde6cc912517f17103396c452c69ce6e8300a58d99fc6896cb2064055db,1.6014172619907185
rb_g012_v1,rb_g012,train,v1,0,0,2.5,500.0,333.33,45.985219766505224,34.02690097468205,35.28316169986963,45.97809586076903,0.8332785623356577,0.1667214377719975,-1.07655151460051e-10,7.77294320451381e-11,1184,3a5a5edcc1c48cdd7efc9fa2014105dd5a9c95bb996c60beda96c3849e1bd8f7,6d4bcfde6cc912517f17103396c452c69ce6e8300a58d99fc6896cb2064055db,1.5970370750001166
rb_g012_v2,rb_g012,train,v2,1,1,7.0,1000.0,333.33,75.6812310065236,52.416527985111976,54.325973912057954,75.49406199176315,0.9078662442446619,0.09213375579227144,-3.693329769000846e-11,9.036246237440884e-11,1179,3a5a5edcc1c48cdd7efc9fa2014105dd5a9c95bb996c60beda96c3849e1bd8f7,6d4bcfde6cc912517f17103396c452c69ce6e8300a58d99fc6896cb2064055db,1.5694092430057935
rb_g012_v3,rb_g012,train,v3,1,1,7.000000000000001,1000.0,500.0,75.60448868121557,50.54137660004162,52.927246603019036,75.40787369099849,0.8987957740028745,0.10120422603593543,-3.8809844227216666e-11,9.093109696111977e-11,1179,3a5a5edcc1c48cdd7efc9fa2014105dd5a9c95bb996c60beda96c3849e1bd8f7,6d4bcfde6cc912517f17103396c452c69ce6e8300a58d99fc6896cb2064055db,1.554706308990717
rb_g012_v4,rb_g012,train,v4,2,2,16.5,2050.0,500.0,107.6004280767541,62.44411017608022,65.34906800767261,107.12543613520302,0.9464579439894975,0.05354205602775134,-1.72487747990448e-11,1.1538292610942638e-10,1168,3a5a5edcc1c48cdd7efc9fa2014105dd5a9c95bb996c60beda96c3849e1bd8f7,6d4bcfde6cc912517f17103396c452c69ce6e8300a58d99fc6896cb2064055db,1.5357604470045771
rb_g012_v5,rb_g012,train,v5,2,2,16.500000000000004,2050.0,1000.0,107.37566930170215,59.93959200043094,63.70222266959778,106.85659118490713,0.9402818061349472,0.059718193883588976,-1.8536169232526952e-11,1.1672658987640624e-10,1161,3a5a5edcc1c48cdd7efc9fa2014105dd5a9c95bb996c60beda96c3849e1bd8f7,6d4bcfde6cc912517f17103396c452c69ce6e8300a58d99fc6896cb2064055db,1.5474313129961956
rb_g012_v6,rb_g012,train,v6,3,3,12.499999999999998,1000.0,500.0,135.15205056301062,90.24446909045726,94.50721956686472,135.10348906367176,0.8988109968156311,0.10118900320756805,-2.319916703186209e-11,9.782440716292464e-11,1203,3a5a5edcc1c48cdd7efc9fa2014105dd5a9c95bb996c60beda96c3849e1bd8f7,6d4bcfde6cc912517f17103396c452c69ce6e8300a58d99fc6896cb2064055db,1.549973815010162
rb_g012_v7,rb_g012,train,v7,3,3,12.499999999999996,1000.0,500.0,135.12767063720514,90.24732274184726,94.51030619577631,135.08959436255577,0.8988060625335559,0.10119393749135129,-2.4907205187219013e-11,9.726960085682278e-11,1193,3a5a5edcc1c48cdd7efc9fa2014105dd5a9c95bb996c60beda96c3849e1bd8f7,6d4bcfde6cc912517f17103396c452c69ce6e8300a58d99fc6896cb2064055db,1.538458394992631
rb_g013_v0,rb_g013,train,v0,0,0,1.8000000000000003,333.33,333.33,44.591803903734274,33.836945497804535,35.0945871368794,44.58271266779195,0.7701454733185485,0.2298545268276898,-1.4623836092692636e-10,7.584793490299763e-11,1185,57745155e072709c96a15aed37aa0d1f501c62a68cf9537558af1b04dcc79d53,b11744a4478fd180ce964f6fc7328c34034820b1367c22e225b1bd12d2d4782d,1.5856616829987615
rb_g013_v1,rb_g013,train,v1,0,0,2.5,500.0,333.33,45.74815494615001,34.01084240506542,35.269188676688216,45.73628953603367,0.8334184438643149,0.16658155624030294,-1.0461782551374199e-10,7.890360450661052e-11,1190,57745155e072709c96a15aed37aa0d1f501c62a68cf9537558af1b04dcc79d53,b11744a4478fd180ce964f6fc7328c34034820b1367c22e225b1bd12d2d4782d,1.5950421019806527
rb_g013_v2,rb_g013,train,v2,1,1,6.999999999999999,1000.0,333.33,74.44814450865863,52.36246325001339,54.27893819142734,74.42029093960036,0.9080242696680901,0.09197573037098156,-3.9071729978396825e-11,9.019575673707628e-11,1173,57745155e072709c96a15aed37aa0d1f501c62a68cf9537558af1b04dcc79d53,b11744a4478fd180ce964f6fc7328c34034820b1367c22e225b1bd12d2d4782d,1.55815163400257
rb_g013_v3,rb_g013,train,v3,1,1,7.0,1000.0,500.0,73.3349158246022,50.48430969123316,52.87756211784993,73.31291428334879,0.8989904900154521,0.10100951002290282,-3.8354922412712054e-11,9.252024960691414e-11,1191,57745155e072709c96a15aed37aa0d1f501c62a68cf9537558af1b04dcc79d53,b11744a4478fd180ce964f6fc7328c34034820b1367c22e225b1bd12d2d4782d,1.5869650910026394
rb_g013_v4,rb_g013,train,v4,2,2,16.500000000000004,2050.0,500.0,107.13401598060557,62.290207499073844,65.22030031873221,104.48261548619536,0.9466728502729744,0.0533271497451688,-1.8143264668424305e-11,1.1559411140718342e-10,1174,57745155e072709c96a15aed37aa0d1f501c62a68cf9537558af1b04dcc79d53,b11744a4478fd180ce964f6fc7328c34034820b1367c22e225b1bd12d2d4782d,1.526391583000077
rb_g013_v5,rb_g013,train,v5,2,2,16.5,2050.0,1000.0,101.49426041235722,59.792096116859554,63.5811234018094,101.43202673808747,0.9405274681803699,0.059472531837356984,-1.772691757694109e-11,1.1391014829829187e-10,1166,57745155e072709c96a15aed37aa0d1f501c62a68cf9537558af1b04dcc79d53,b11744a4478fd180ce964f6fc7328c34034820b1367c22e225b1bd12d2d4782d,1.5452499079983681
rb_g013_v6,rb_g013,train,v6,3,3,12.500000000000004,1000.0,500.0,132.48859672994672,90.144134288689,94.42130450230121,132.4344115992668,0.8990026198601847,0.10099738016426682,-2.4451480840070864e-11,9.865102107644371e-11,1195,57745155e072709c96a15aed37aa0d1f501c62a68cf9537558af1b04dcc79d53,b11744a4478fd180ce964f6fc7328c34034820b1367c22e225b1bd12d2d4782d,1.570446418976644
rb_g013_v7,rb_g013,train,v7,3,3,12.5,1000.0,500.0,132.73420600379882,90.15112480965172,94.42810842409796,132.67706522063673,0.8989898842430314,0.1010101157815777,-2.460911474599925e-11,9.793600408689921e-11,1191,57745155e072709c96a15aed37aa0d1f501c62a68cf9537558af1b04dcc79d53,b11744a4478fd180ce964f6fc7328c34034820b1367c22e225b1bd12d2d4782d,1.5782240200205706
rb_g014_v0,rb_g014,train,v0,0,0,1.8,333.33,333.33,43.83288646224605,33.84018600674916,35.09676848240736,43.83015297341461,0.7701032813138076,0.2298967188291928,-1.430003337965502e-10,7.714105611539877e-11,1202,440f133e7959fdb53fff349835e698f0391974e597fa507be28a682334e85a84,99b158bd4f80c10702da1e6d13c89247e211bcd03d3870e3d4f4daad5df5cf57,1.5564229800074827
rb_g014_v1,rb_g014,train,v1,0,0,2.5,500.0,333.33,45.195018594166356,34.018587245784744,35.27522078554392,45.195018594166356,0.833352373574531,0.16664762653301396,-1.0754492851816621e-10,7.926471552635596e-11,1191,440f133e7959fdb53fff349835e698f0391974e597fa507be28a682334e85a84,99b158bd4f80c10702da1e6d13c89247e211bcd03d3870e3d4f4daad5df5cf57,1.5652637210150715
rb_g014_v2,rb_g014,train,v2,1,1,7.000000000000001,1000.0,333.33,73.01162453894563,52.38208582271104,54.29217838232448,73.00979491301354,0.9079672665370728,0.09203273350046794,-3.754081172908334e-11,9.087057966809268e-11,1188,440f133e7959fdb53fff349835e698f0391974e597fa507be28a682334e85a84,99b158bd4f80c10702da1e6d13c89247e211bcd03d3870e3d4f4daad5df5cf57,1.5943573030235711
rb_g014_v3,rb_g014,train,v3,1,1,7.000000000000001,1000.0,500.0,72.11188905927793,50.50510920519143,52.89224408183121,72.04459342916363,0.8989193403090557,0.1010806597298389,-3.8894633545640185e-11,9.079594198011136e-11,1174,440f133e7959fdb53fff349835e698f0391974e597fa507be28a682334e85a84,99b158bd4f80c10702da1e6d13c89247e211bcd03d3870e3d4f4daad5df5cf57,1.518417387997033
rb_g014_v4,rb_g014,train,v4,2,2,16.5,2050.0,500.0,98.61657644996939,62.34486780757627,65.24794302772224,98.44933037116317,0.9465965110250723,0.05340348899224946,-1.7321665987079733e-11,1.162120119072281e-10,1161,440f133e7959fdb53fff349835e698f0391974e597fa507be28a682334e85a84,99b158bd4f80c10702da1e6d13c89247e211bcd03d3870e3d4f4daad5df5cf57,1.572153825982241
rb_g014_v5,rb_g014,train,v5,2,2,16.5,2050.0,1000.0,97.4951583606018,59.84557077896282,63.60203430788178,97.37363204653678,0.9404385547521702,0.0595614452629359,-1.5106084733264595e-11,1.1591007814215974e-10,1126,440f133e7959fdb53fff349835e698f0391974e597fa507be28a682334e85a84,99b158bd4f80c10702da1e6d13c89247e211bcd03d3870e3d4f4daad5df5cf57,1.4865524070046376
rb_g014_v6,rb_g014,train,v6,3,3,12.5,1000.0,500.0,128.15496933627998,90.17991857901217,94.44326859490073,128.0374536367366,0.8989343038171698,0.10106569620732636,-2.4496173978150183e-11,9.608967731611516e-11,1150,440f133e7959fdb53fff349835e698f0391974e597fa507be28a682334e85a84,99b158bd4f80c10702da1e6d13c89247e211bcd03d3870e3d4f4daad5df5cf57,1.6302387500181794
rb_g014_v7,rb_g014,train,v7,3,3,12.499999999999998,1000.0,500.0,127.97535062587423,90.17828870557716,94.44179724592533,127.85355024589069,0.898937260072135,0.1010627399526501,-2.4785098418078637e-11,9.661256765703043e-11,1181,440f133e7959fdb53fff349835e698f0391974e597fa507be28a682334e85a84,99b158bd4f80c10702da1e6d13c89247e211bcd03d3870e3d4f4daad5df5cf57,1.6563055549922865
rb_g015_v0,rb_g015,test,v0,0,0,1.8,333.33,333.33,44.1622779053028,33.83951886863715,35.09636525511678,44.1220673395415,0.7701131059180004,0.22988689422612607,-1.4412653169691855e-10,7.690506136137544e-11,1198,667ff5202f2e3027eef2d568765a9b7c2176f0094b8a715e85f41d83e4583305,18b19bd5aaf7ed56a11af5f268f734b5d400a90e2f136b4c838924712f83e895,1.809968170011416
rb_g015_v1,rb_g015,test,v1,0,0,2.4999999999999996,500.0,333.33,45.519076237267484,34.0136775786319,35.2713553051545,45.44258467640003,0.8333947893944004,0.1666052107129796,-1.0737990496778595e-10,7.821171854497262e-11,1180,667ff5202f2e3027eef2d568765a9b7c2176f0094b8a715e85f41d83e4583305,18b19bd5aaf7ed56a11af5f268f734b5d400a90e2f136b4c838924712f83e895,1.5503151189768687
rb_g015_v2,rb_g015,test,v2,1,1,6.999999999999999,1000.0,333.33,74.74370119230122,52.36394566719726,54.28002051972857,74.50683221347555,0.9080199867096945,0.09198001332774286,-3.743733894318829e-11,8.985405343187397e-11,1189,667ff5202f2e3027eef2d568765a9b7c2176f0094b8a715e85f41d83e4583305,18b19bd5aaf7ed56a11af5f268f734b5d400a90e2f136b4c838924712f83e895,1.5132765029848088
rb_g015_v3,rb_g015,test,v3,1,1,6.999999999999999,1000.0,500.0,73.84978859376082,50.48676719038295,52.87979767817839,73.64334346885352,0.8989819389146965,0.10101806112363836,-3.8334843236295266e-11,9.071078168427758e-11,1166,667ff5202f2e3027eef2d568765a9b7c2176f0094b8a715e85f41d83e4583305,18b19bd5aaf7ed56a11af5f268f734b5d400a90e2f136b4c838924712f83e895,1.541909289022442
rb_g015_v4,rb_g015,test,v4,2,2,16.499999999999996,2050.0,500.0,100.65236922392018,62.30364117723779,65.2239203731809,100.21169317572321,0.9466539769401943,0.05334602307728592,-1.748016546324986e-11,1.1650013008430268e-10,1166,667ff5202f2e3027eef2d568765a9b7c2176f0094b8a715e85f41d83e4583305,18b19bd5aaf7ed56a11af5f268f734b5d400a90e2f136b4c838924712f83e895,1.5536297550133895
rb_g015_v5,rb_g015,test,v5,2,2,16.5,2050.0,1000.0,99.03148783723532,59.823474184859926,63.590498861032096,98.67925405751805,0.9404760108454564,0.0595239891717936,-1.7249945579688948e-11,1.1575301984689404e-10,1168,667ff5202f2e3027eef2d568765a9b7c2176f0094b8a715e85f41d83e4583305,18b19bd5aaf7ed56a11af5f268f734b5d400a90e2f136b4c838924712f83e895,1.6075853939983062
rb_g015_v6,rb_g015,test,v6,3,3,12.5,1000.0,500.0,130.0268174794831,90.15993985529119,94.42814878719581,129.6527020614846,0.8989724071918609,0.1010275928323797,-2.424057399252888e-11,9.800282748163715e-11,1206,667ff5202f2e3027eef2d568765a9b7c2176f0094b8a715e85f41d83e4583305,18b19bd5aaf7ed56a11af5f268f734b5d400a90e2f136b4c838924712f83e895,1.5906672290002462
rb_g015_v7,rb_g015,test,v7,3,3,12.5,1000.0,500.0,130.9779549422023,90.15606833265392,94.42427080761391,129.7816506947853,0.8989798642283569,0.10102013579657446,-2.4931310349529667e-11,9.685510750956691e-11,1185,667ff5202f2e3027eef2d568765a9b7c2176f0094b8a715e85f41d83e4583305,18b19bd5aaf7ed56a11af5f268f734b5d400a90e2f136b4c838924712f83e895,1.574820528010605
rb_g016_v0,rb_g016,train,v0,0,0,1.8000000000000003,333.33,333.33,44.54456366434755,33.8454450243237,35.10245768862258,44.54139275191409,0.7700353873143284,0.2299646128313332,-1.4566163090516205e-10,7.624240549011503e-11,1161,5053ea0b651c22dd76abd68378be704e0f21910171b0b6d312705b0ec8ba350d,4eba721324d169ef06732d8b20be9e0cb5973f8bddab36f55fdbfb293c0626c1,1.535038331989199
rb_g016_v1,rb_g016,train,v1,0,0,2.5000000000000004,500.0,333.33,45.98742120275017,34.0223360156455,35.280614172929184,45.98069663639495,0.8333180637957526,0.16668193631212005,-1.0787264415057505e-10,7.996700148324061e-11,1204,5053ea0b651c22dd76abd68378be704e0f21910171b0b6d312705b0ec8ba350d,4eba721324d169ef06732d8b20be9e0cb5973f8bddab36f55fdbfb293c0626c1,1.6935342609940562
rb_g016_v2,rb_g016,train,v2,1,1,7.0,1000.0,333.33,76.711956869044,52.40152974853552,54.32164292527298,76.69614574709482,0.9079094701897891,0.09209052984673989,-3.652890688345321e-11,9.156973156128996e-11,1189,5053ea0b651c22dd76abd68378be704e0f21910171b0b6d312705b0ec8ba350d,4eba721324d169ef06732d8b20be9e0cb5973f8bddab36f55fdbfb293c0626c1,1.5970645959896501
rb_g016_v3,rb_g016,train,v3,1,1,7.0,1000.0,500.0,76.20082323461492,50.52816669711875,52.92445325993777,76.17669136056605,0.8988402218392082,0.1011597781978747,-3.708289231241224e-11,9.254439465057786e-11,1189,5053ea0b651c22dd76abd68378be704e0f21910171b0b6d312705b0ec8ba350d,4eba721324d169ef06732d8b20be9e0cb5973f8bddab36f55fdbfb293c0626c1,1.5502133489935659
rb_g016_v4,rb_g016,train,v4,2,2,16.5,2050.0,500.0,107.41358856411534,62.45449856307992,65.39967708446771,107.41358856411534,0.9464456322039116,0.0535543678130894,-1.7001033577567988e-11,1.194425502615115e-10,1178,5053ea0b651c22dd76abd68378be704e0f21910171b0b6d312705b0ec8ba350d,4eba721324d169ef06732d8b20be9e0cb5973f8bddab36f55fdbfb293c0626c1,1.5726579120091628
rb_g016_v5,rb_g016,train,v5,2,2,16.5,2050.0,1000.0,103.62019892089796,59.94773082113807,63.741565557951155,103.62019892089796,0.9402703644495192,0.059729635566870436,-1.638955637872641e-11,1.147501880871312e-10,1176,5053ea0b651c22dd76abd68378be704e0f21910171b0b6d312705b0ec8ba350d,4eba721324d169ef06732d8b20be9e0cb5973f8bddab36f55fdbfb293c0626c1,1.5984401850146241
rb_g016_v6,rb_g016,train,v6,3,3,12.500000000000004,1000.0,500.0,133.64823672328407,90.2389439069296,94.51756845357248,133.6385477374451,0.8988216081800933,0.10117839184476354,-2.4856827707253608e-11,9.792949708498795e-11,1164,5053ea0b651c22dd76abd68378be704e0f21910171b0b6d312705b0ec8ba350d,4eba721324d169ef06732d8b20be9e0cb5973f8bddab36f55fdbfb293c0626c1,1.5477752789738588
rb_g016_v7,rb_g016,train,v7,3,3,12.5,1000.0,500.0,139.79541920792923,90.23358960138383,94.51246683212143,138.81058246923027,0.8988316135798035,0.10116838644454687,-2.435028179093024e-11,9.789840495759338e-11,1195,5053ea0b651c22dd76abd68378be704e0f21910171b0b6d312705b0ec8ba350d,4eba721324d169ef06732d8b20be9e0cb5973f8bddab36f55fdbfb293c0626c1,1.5706409470003564
rb_g017_v0,rb_g017,train,v0,0,0,1.7999999999999998,333.33,333.33,44.39084248880238,33.83232050871191,35.089247966740565,44.37736366354591,0.7702052275145626,0.2297947726303547,-1.449172572066794e-10,7.619215790895367e-11,1172,d2e01761657834999cf8de2917190624f58f3396a726ffa4c56485f7b9d13f30,16531d5fd10a0eacacad8d4f2f6b9aaf1fb84f4f7f633352f2045bad9e6d5585,1.562296071992023
rb_g017_v1,rb_g017,train,v1,0,0,2.5,500.0,333.33,45.706167810580666,34.00044454814461,35.25761480513756,45.688325770431106,0.833508916319526,0.16649108378769845,-1.0722445153987792e-10,7.842966254743758e-11,1189,d2e01761657834999cf8de2917190624f58f3396a726ffa4c56485f7b9d13f30,16531d5fd10a0eacacad8d4f2f6b9aaf1fb84f4f7f633352f2045bad9e6d5585,1.5585388320032507
rb_g017_v2,rb_g017,train,v2,1,1,7.000000000000001,1000.0,333.33,74.72676797307321,52.32316012577295,54.23257257271432,74.68217149463686,0.9081388860923134,0.09186111394474834,-3.7061766354286514e-11,9.070779828065544e-11,1184,d2e01761657834999cf8de2917190624f58f3396a726ffa4c56485f7b9d13f30,16531d5fd10a0eacacad8d4f2f6b9aaf1fb84f4f7f633352f2045bad9e6d5585,1.5368382390006445
rb_g017_v3,rb_g017,train,v3,1,1,7.0,1000.0,500.0,73.47846040957899,50.45320412769568,52.8389877623418,73.43668205738265,0.8990968809409561,0.10090311909696628,-3.7922395382647014e-11,9.110020498064606e-11,1185,d2e01761657834999cf8de2917190624f58f3396a726ffa4c56485f7b9d13f30,16531d5fd10a0eacacad8d4f2f6b9aaf1fb84f4f7f633352f2045bad9e6d5585,1.566396035021171
rb_g017_v4,rb_g017,train,v4,2,2,16.5,2050.0,500.0,100.52579741885364,62.22899431660389,65.11816311105308,100.07623734058922,0.9467585245104987,0.053241475507201756,-1.7700480811706228e-11,1.1813856696543863e-10,1170,d2e01761657834999cf8de2917190624f58f3396a726ffa4c56485f7b9d13f30,16531d5fd10a0eacacad8d4f2f6b9aaf1fb84f4f7f633352f2045bad9e6d5585,1.5388074779766612
rb_g017_v5,rb_g017,train,v5,2,2,16.499999999999996,2050.0,1000.0,101.83983885861949,59.75654841251959,63.49922761002722,101.33498609725126,0.9405868903085607,0.05941310970793338,-1.6494105744524145e-11,1.1541829925237546e-10,1174,d2e01761657834999cf8de2917190624f58f3396a726ffa4c56485f7b9d13f30,16531d5fd10a0eacacad8d4f2f6b9aaf1fb84f4f7f633352f2045bad9e6d5585,1.5951600440021139
rb_g017_v6,rb_g017,train,v6,3,3,12.499999999999998,1000.0,500.0,131.14924799362416,90.10855356192349,94.36862302853999,131.06803413911348,0.8990705983723681,0.10092940165197348,-2.434161316955397e-11,9.743352610762373e-11,1193,d2e01761657834999cf8de2917190624f58f3396a726ffa4c56485f7b9d13f30,16531d5fd10a0eacacad8d4f2f6b9aaf1fb84f4f7f633352f2045bad9e6d5585,1.545247139991261
rb_g017_v7,rb_g017,train,v7,3,3,12.5,1000.0,500.0,131.5395130217811,90.10639389726215,94.36651149674175,131.45692689296135,0.8990747419973378,0.10092525802735403,-2.4691857447578515e-11,9.770025109974398e-11,1175,d2e01761657834999cf8de2917190624f58f3396a726ffa4c56485f7b9d13f30,16531d5fd10a0eacacad8d4f2f6b9aaf1fb84f4f7f633352f2045bad9e6d5585,1.5753030350024346
rb_g018_v0,rb_g018,train,v0,0,0,1.7999999999999998,333.33,333.33,44.544928281192995,33.8424735368281,35.09923342424952,44.494301416855706,0.7700739219931017,0.2299260781515977,-1.4469940677762516e-10,7.668365660833221e-11,1194,1c287305913978e4f3765ecdccf048abc58cf0df7c87e10f322dbaa08f7d0b7f,ef4888c0a16bf3c0d9af9a9a45e43db4c432b4e44af247274338db1a50485b41,1.597799295996083
rb_g018_v1,rb_g018,train,v1,0,0,2.5,500.0,333.33,46.78013995786529,34.02150170867192,35.27924111141155,46.65347938418853,0.8333256508220634,0.16667434928675556,-1.0881897605230506e-10,7.802627487009224e-11,1183,1c287305913978e4f3765ecdccf048abc58cf0df7c87e10f322dbaa08f7d0b7f,ef4888c0a16bf3c0d9af9a9a45e43db4c432b4e44af247274338db1a50485b41,1.5622364339942578
rb_g018_v2,rb_g018,train,v2,1,1,6.999999999999998,1000.0,333.33,77.0019397391523,52.40266899206521,54.31981915587001,76.60843324479686,0.9079066412419733,0.09209335879497836,-3.695167981123048e-11,9.040389895154386e-11,1187,1c287305913978e4f3765ecdccf048abc58cf0df7c87e10f322dbaa08f7d0b7f,ef4888c0a16bf3c0d9af9a9a45e43db4c432b4e44af247274338db1a50485b41,1.6301796089974232
rb_g018_v3,rb_g018,train,v3,1,1,7.0,1000.0,500.0,75.36141456186687,50.530352493763836,52.923408719086446,75.1422371442028,0.8988334351444396,0.101166564892204,-3.664362464255484e-11,9.286362802170504e-11,1204,1c287305913978e4f3765ecdccf048abc58cf0df7c87e10f322dbaa08f7d0b7f,ef4888c0a16bf3c0d9af9a9a45e43db4c432b4e44af247274338db1a50485b41,1.5433103060058784
rb_g018_v4,rb_g018,train,v4,2,2,16.500000000000004,2050.0,500.0,105.27048655075163,62.40524899002277,65.3323773645599,104.95139306985993,0.9465119900267025,0.05348800998982209,-1.6524626784764742e-11,1.1789406885705594e-10,1185,1c287305913978e4f3765ecdccf048abc58cf0df7c87e10f322dbaa08f7d0b7f,ef4888c0a16bf3c0d9af9a9a45e43db4c432b4e44af247274338db1a50485b41,1.5779042629874311
rb_g018_v5,rb_g018,train,v5,2,2,16.5,2050.0,1000.0,103.49469177960935,59.891881348047846,63.66695327972896,103.19355018181955,0.9403609269261334,0.05963907308983976,-1.597310835787732e-11,1.1612007444932797e-10,1171,1c287305913978e4f3765ecdccf048abc58cf0df7c87e10f322dbaa08f7d0b7f,ef4888c0a16bf3c0d9af9a9a45e43db4c432b4e44af247274338db1a50485b41,1.515551526012132
rb_g018_v6,rb_g018,train,v6,3,3,12.5,1000.0,500.0,132.66667855489146,90.2067820686247,94.47665500040505,132.3046994460169,0.8988826519080689,0.10111734811610656,-2.417547051436486e-11,9.802441654222924e-11,1200,1c287305913978e4f3765ecdccf048abc58cf0df7c87e10f322dbaa08f7d0b7f,ef4888c0a16bf3c0d9af9a9a45e43db4c432b4e44af247274338db1a50485b41,1.588170628005173
rb_g018_v7,rb_g018,train,v7,3,3,12.5,1000.0,500.0,133.0288491677981,90.2244958080677,94.49360077918308,132.6654653178013,0.8988510308182112,0.10114896920594944,-2.4160584644050688e-11,9.822164266319875e-11,1201,1c287305913978e4f3765ecdccf048abc58cf0df7c87e10f322dbaa08f7d0b7f,ef4888c0a16bf3c0d9af9a9a45e43db4c432b4e44af247274338db1a50485b41,1.5506529199774377
rb_g019_v0,rb_g019,train,v0,0,0,1.8,333.33,333.33,44.780236572162664,33.82972480962895,35.08896873601016,44.768153617570704,0.7702387554126978,0.22976124472963017,-1.423279703970258e-10,7.69009679626423e-11,1188,9d9176fa8779a6fe51f354a636f198e407ca4f5897c6e31bebf11c6aaacaa275,fc16c6180654e3e7609747b4fc3d5eaacb6941443e2fab460763dbdf7b89eed5,1.6451021560060326
rb_g019_v1,rb_g019,train,v1,0,0,2.5000000000000004,500.0,333.33,46.04897963120396,33.99803936980763,35.25920085306253,46.035991384314116,0.8335299042282668,0.166470095876588,-1.0485474710719698e-10,7.876023538332521e-11,1187,9d9176fa8779a6fe51f354a636f198e407ca4f5897c6e31bebf11c6aaacaa275,fc16c6180654e3e7609747b4fc3d5eaacb6941443e2fab460763dbdf7b89eed5,1.5862765930069145
rb_g019_v2,rb_g019,train,v2,1,1,7.0,1000.0,333.33,76.1934890131921,52.31966402803774,54.24852419780605,76.15619900067918,0.9081491855349234,0.09185081450347332,-3.839674610008257e-11,8.893196102249966e-11,1139,9d9176fa8779a6fe51f354a636f198e407ca4f5897c6e31bebf11c6aaacaa275,fc16c6180654e3e7609747b4fc3d5eaacb6941443e2fab460763dbdf7b89eed5,1.5147621680225711
rb_g019_v3,rb_g019,train,v3,1,1,6.999999999999998,1000.0,500.0,75.93380616666127,50.44619621895423,52.851480696872976,75.89362773208006,0.8991202717510048,0.10087972828601433,-3.701914965046984e-11,9.156816563972846e-11,1144,9d9176fa8779a6fe51f354a636f198e407ca4f5897c6e31bebf11c6aaacaa275,fc16c6180654e3e7609747b4fc3d5eaacb6941443e2fab460763dbdf7b89eed5,1.5182373599964194
rb_g019_v4,rb_g019,train,v4,2,2,16.499999999999996,2050.0,500.0,108.54020270067718,62.198131634954485,65.17601185325935,108.43302355899704,0.9468012524256958,0.05319874759148982,-1.7185640116377786e-11,1.18404704991423e-10,1156,9d9176fa8779a6fe51f354a636f198e407ca4f5897c6e31bebf11c6aaacaa275,fc16c6180654e3e7609747b4fc3d5eaacb6941443e2fab460763dbdf7b89eed5,1.4905941699980758
rb_g019_v5,rb_g019,train,v5,2,2,16.5,2050.0,1000.0,108.3545764331057,59.714948121407424,63.545705749396426,108.20740963120483,0.9406559514575346,0.05934404855941224,-1.6946747035976014e-11,1.1530967925129067e-10,1158,9d9176fa8779a6fe51f354a636f198e407ca4f5897c6e31bebf11c6aaacaa275,fc16c6180654e3e7609747b4fc3d5eaacb6941443e2fab460763dbdf7b89eed5,1.5961800789809786
rb_g019_v6,rb_g019,train,v6,3,3,12.500000000000004,1000.0,500.0,136.8755714102537,90.09505904389339,94.39448529173997,136.8095995815105,0.899097701806666,0.10090229821774387,-2.440987856289211e-11,9.693666132336175e-11,1148,9d9176fa8779a6fe51f354a636f198e407ca4f5897c6e31bebf11c6aaacaa275,fc16c6180654e3e7609747b4fc3d5eaacb6941443e2fab460763dbdf7b89eed5,1.4990906360035297
rb_g019_v7,rb_g019,train,v7,3,3,12.5,1000.0,500.0,136.2152925162793,90.08800990469977,94.38657784478475,136.14918844725173,0.8991103162110111,0.10088968381393397,-2.4945130405740202e-11,9.635670817259121e-11,1175,9d9176fa8779a6fe51f354a636f198e407ca4f5897c6e31bebf11c6aaacaa275,fc16c6180654e3e7609747b4fc3d5eaacb6941443e2fab460763dbdf7b89eed5,1.5410333990002982
rb_g020_v0,rb_g020,train,v0,0,0,1.7999999999999998,333.33,333.33,44.54631088824874,33.852273476059274,35.108330870933344,44.543851393151385,0.7699471652392307,0.23005283490428313,-1.4351387362449627e-10,7.666220416372424e-11,1193,80410173897319eab8896ed6ceb90cae32773ff34f2ff85588f1606ecb842fca,de1834bc1d4dae8deae6518b475932b9249d140a99f24837f64b518dae15f3fa,1.5711502310005017
rb_g020_v1,rb_g020,train,v1,0,0,2.4999999999999996,500.0,333.33,45.98581701830068,34.035134348113374,35.29189579152205,45.98173414582749,0.8332070086469203,0.16679299145979157,-1.067118615694085e-10,7.937942575358889e-11,1189,80410173897319eab8896ed6ceb90cae32773ff34f2ff85588f1606ecb842fca,de1834bc1d4dae8deae6518b475932b9249d140a99f24837f64b518dae15f3fa,1.6031456339987926
rb_g020_v2,rb_g020,train,v2,1,1,7.000000000000001,1000.0,333.33,75.55979308286089,52.44126583471574,54.356538153799825,75.54694485746523,0.9077943167507132,0.09220568328716595,-3.7879112545015554e-11,9.005172092243943e-11,1187,80410173897319eab8896ed6ceb90cae32773ff34f2ff85588f1606ecb842fca,de1834bc1d4dae8deae6518b475932b9249d140a99f24837f64b518dae15f3fa,1.5724322860187385
rb_g020_v3,rb_g020,train,v3,1,1,7.0,1000.0,500.0,74.8891865733541,50.55876079799328,52.951012092022154,74.8891865733541,0.8987364652557346,0.10126353478198706,-3.7721619478808015e-11,9.155482708116137e-11,1186,80410173897319eab8896ed6ceb90cae32773ff34f2ff85588f1606ecb842fca,de1834bc1d4dae8deae6518b475932b9249d140a99f24837f64b518dae15f3fa,1.592009322019294
rb_g020_v4,rb_g020,train,v4,2,2,16.499999999999996,2050.0,500.0,104.31667134009848,62.48245378459201,65.41367947581703,104.31667134009848,0.946404271110601,0.05359572890630992,-1.691092383971478e-11,1.165179764479049e-10,1157,80410173897319eab8896ed6ceb90cae32773ff34f2ff85588f1606ecb842fca,de1834bc1d4dae8deae6518b475932b9249d140a99f24837f64b518dae15f3fa,1.5394302799832076
rb_g020_v5,rb_g020,train,v5,2,2,16.5,2050.0,1000.0,101.94499077875594,59.97632747349324,63.75745937059827,101.94499077875594,0.9402205558954835,0.05977944412092821,-1.641166663847743e-11,1.1488557546477786e-10,1168,80410173897319eab8896ed6ceb90cae32773ff34f2ff85588f1606ecb842fca,de1834bc1d4dae8deae6518b475932b9249d140a99f24837f64b518dae15f3fa,1.5397219549922738
rb_g020_v6,rb_g020,train,v6,3,3,12.500000000000002,1000.0,500.0,132.1886495222036,90.28492641925662,94.5545359539418,132.1678178846537,0.8987342268447118,0.10126577318089061,-2.5602417963455077e-11,9.668382096366845e-11,1186,80410173897319eab8896ed6ceb90cae32773ff34f2ff85588f1606ecb842fca,de1834bc1d4dae8deae6518b475932b9249d140a99f24837f64b518dae15f3fa,1.5678165520075709
rb_g020_v7,rb_g020,train,v7,3,3,12.5,1000.0,500.0,132.63294978109246,90.2825411365659,94.55233752620752,132.61166854175895,0.8987384368449525,0.10126156318009404,-2.504645379985959e-11,9.760172224793881e-11,1195,80410173897319eab8896ed6ceb90cae32773ff34f2ff85588f1606ecb842fca,de1834bc1d4dae8deae6518b475932b9249d140a99f24837f64b518dae15f3fa,1.5968386660097167
rb_g021_v0,rb_g021,test,v0,0,0,1.8,333.33,333.33,43.86254832914477,33.833844660372115,35.09074669604153,43.86254832914477,0.7701860798887872,0.22981392025796185,-1.4674900183919704e-10,7.582215167121759e-11,1174,8c35aaf5b8460322497736d83436395daefd051451c66d14e0a861ad7ded309e,a5990855966c716eb9b0f23d1efa4d682bc469da045d1c03942f8ae3ca1035dd,1.565686576999724
rb_g021_v1,rb_g021,test,v1,0,0,2.4999999999999996,500.0,333.33,45.001233605446714,34.00327392970267,35.260472606426056,44.992839221513066,0.8334845203676415,0.16651547973907888,-1.0672043249115861e-10,7.64691976162465e-11,1130,8c35aaf5b8460322497736d83436395daefd051451c66d14e0a861ad7ded309e,a5990855966c716eb9b0f23d1efa4d682bc469da045d1c03942f8ae3ca1035dd,1.5220924530003686
rb_g021_v2,rb_g021,test,v2,1,1,6.999999999999998,1000.0,333.33,73.9509295548151,52.33608825368102,54.24626525938807,73.92612529179252,0.9081012173118352,0.09189878272656178,-3.839696814468751e-11,8.897427968776728e-11,1165,8c35aaf5b8460322497736d83436395daefd051451c66d14e0a861ad7ded309e,a5990855966c716eb9b0f23d1efa4d682bc469da045d1c03942f8ae3ca1035dd,1.5354936599906068
rb_g021_v3,rb_g021,test,v3,1,1,7.000000000000001,1000.0,500.0,74.14527878388424,50.46522656399438,52.85174341023271,74.11924771249784,0.8990555472467393,0.10094445279241558,-3.915491740359909e-11,9.077119396302463e-11,1168,8c35aaf5b8460322497736d83436395daefd051451c66d14e0a861ad7ded309e,a5990855966c716eb9b0f23d1efa4d682bc469da045d1c03942f8ae3ca1035dd,1.5945201989961788
rb_g021_v4,rb_g021,test,v4,2,2,16.500000000000004,2050.0,500.0,103.39460157603423,62.254197230499834,65.14765098413955,103.33974360300641,0.9467232220481832,0.05327677796894178,-1.7124887366745412e-11,1.1628544732692864e-10,1163,8c35aaf5b8460322497736d83436395daefd051451c66d14e0a861ad7ded309e,a5990855966c716eb9b0f23d1efa4d682bc469da045d1c03942f8ae3ca1035dd,1.5322021539905109
rb_g021_v5,rb_g021,test,v5,2,2,16.5,2050.0,1000.0,101.42836467514763,59.771145436250016,63.51647900123637,101.38032863805552,0.9405626166118533,0.059437383405963204,-1.781644865309662e-11,1.1403532583962426e-10,1162,8c35aaf5b8460322497736d83436395daefd051451c66d14e0a861ad7ded309e,a5990855966c716eb9b0f23d1efa4d682bc469da045d1c03942f8ae3ca1035dd,1.5687361040036194
rb_g021_v6,rb_g021,test,v6,3,3,12.500000000000004,1000.0,500.0,130.41352023075547,90.11896450291347,94.38017590218165,130.37592304511634,0.8990507201972905,0.10094927982713217,-2.4422668332135793e-11,9.77635848391366e-11,1187,8c35aaf5b8460322497736d83436395daefd051451c66d14e0a861ad7ded309e,a5990855966c716eb9b0f23d1efa4d682bc469da045d1c03942f8ae3ca1035dd,1.5265506200084928
rb_g021_v7,rb_g021,test,v7,3,3,12.499999999999998,1000.0,500.0,135.35660563985374,90.12031618474043,94.38177019230298,135.19493827537593,0.8990481178110232,0.10095188221470414,-2.5727366903538498e-11,9.645807398681379e-11,1174,8c35aaf5b8460322497736d83436395daefd051451c66d14e0a861ad7ded309e,a5990855966c716eb9b0f23d1efa4d682bc469da045d1c03942f8ae3ca1035dd,1.5459320269874297
rb_g022_v0,rb_g022,train,v0,0,0,1.7999999999999998,333.33,333.33,44.39490196979716,33.84222722509405,35.09885837824033,44.38374326824203,0.7700775201880008,0.22992247996021983,-1.482206024583377e-10,7.701375712470983e-11,1202,04022077b96cbecbcaecfc880cd194dcaee659e5b1994515045ba0104fbd3e1e,1d90de33b012a7b0cddbf4df7e483eb0ee2475056c1b246c57af7ff1bfaaba7d,1.54938605701318
rb_g022_v1,rb_g022,train,v1,0,0,2.5000000000000004,500.0,333.33,45.562727372783684,34.01677203054454,35.27383161296048,45.547611558167205,0.833366802700235,0.16663319740839147,-1.0862650778875603e-10,7.988218304958302e-11,1207,04022077b96cbecbcaecfc880cd194dcaee659e5b1994515045ba0104fbd3e1e,1d90de33b012a7b0cddbf4df7e483eb0ee2475056c1b246c57af7ff1bfaaba7d,1.6432718010037206
rb_g022_v2,rb_g022,train,v2,1,1,6.999999999999999,1000.0,333.33,74.19616702308679,52.37865072514014,54.2912036510451,74.16522082538563,0.9079763945447077,0.09202360549320177,-3.790943749391675e-11,9.068999814113897e-11,1178,04022077b96cbecbcaecfc880cd194dcaee659e5b1994515045ba0104fbd3e1e,1d90de33b012a7b0cddbf4df7e483eb0ee2475056c1b246c57af7ff1bfaaba7d,1.5541273480048403
rb_g022_v3,rb_g022,train,v3,1,1,7.0,1000.0,500.0,73.11382029291087,50.499820947271154,52.88965968043863,73.09283258499983,0.8989371424531587,0.10106285758422835,-3.7387045840172763e-11,9.242167536021391e-11,1182,04022077b96cbecbcaecfc880cd194dcaee659e5b1994515045ba0104fbd3e1e,1d90de33b012a7b0cddbf4df7e483eb0ee2475056c1b246c57af7ff1bfaaba7d,1.5881197660055477
rb_g022_v4,rb_g022,train,v4,2,2,16.5,2050.0,500.0,99.94907084544997,62.361200728287685,65.27793164222328,99.78649613082729,0.9465753627282674,0.053424637288559874,-1.6827260124028783e-11,1.1653186335558427e-10,1166,04022077b96cbecbcaecfc880cd194dcaee659e5b1994515045ba0104fbd3e1e,1d90de33b012a7b0cddbf4df7e483eb0ee2475056c1b246c57af7ff1bfaaba7d,1.5242238939972594
rb_g022_v5,rb_g022,train,v5,2,2,16.499999999999993,2050.0,1000.0,99.87480717232472,59.85864356186561,63.62913854387519,99.66262949644499,0.9404174199725869,0.05958258004481502,-1.7401864461204027e-11,1.1632576525150167e-10,1172,04022077b96cbecbcaecfc880cd194dcaee659e5b1994515045ba0104fbd3e1e,1d90de33b012a7b0cddbf4df7e483eb0ee2475056c1b246c57af7ff1bfaaba7d,1.573828485008562
rb_g022_v6,rb_g022,train,v6,3,3,12.499999999999998,1000.0,500.0,131.00245358948473,90.1854105992278,94.45281368514662,130.8753077615902,0.8989239215851831,0.10107607843945056,-2.4633592943246188e-11,9.889713918180135e-11,1191,04022077b96cbecbcaecfc880cd194dcaee659e5b1994515045ba0104fbd3e1e,1d90de33b012a7b0cddbf4df7e483eb0ee2475056c1b246c57af7ff1bfaaba7d,1.6449808239995036
rb_g022_v7,rb_g022,train,v7,3,3,12.5,1000.0,500.0,131.8737943213942,90.18886788730546,94.45678324370161,131.87212250904997,0.8989169419034847,0.10108305812210187,-2.558660838758442e-11,9.775646260909804e-11,1183,04022077b96cbecbcaecfc880cd194dcaee659e5b1994515045ba0104fbd3e1e,1d90de33b012a7b0cddbf4df7e483eb0ee2475056c1b246c57af7ff1bfaaba7d,1.540177228016546
rb_g023_v0,rb_g023,train,v0,0,0,1.8,333.33,333.33,43.773616542272464,33.83868513922483,35.09500389918073,43.762604008307505,0.7701241622120798,0.22987583793322408,-1.4530392321453353e-10,7.658507404270398e-11,1189,e894c8e721e14291ac9cd1d2ca8c09ed637b7a9108eb886a8507438ad7d85b59,044f3250df3d9646b72cfd9a8f65b6a90381e7ad03a8b20c71de6212a1a99756,1.5905854929878842
rb_g023_v1,rb_g023,train,v1,0,0,2.5,500.0,333.33,44.63366839520603,34.01169763557274,35.26797522692336,44.55790643525131,0.8334112983265248,0.16658870178147428,-1.0799909855307988e-10,7.883229999832048e-11,1188,e894c8e721e14291ac9cd1d2ca8c09ed637b7a9108eb886a8507438ad7d85b59,044f3250df3d9646b72cfd9a8f65b6a90381e7ad03a8b20c71de6212a1a99756,1.6048154789896216
rb_g023_v2,rb_g023,train,v2,1,1,6.999999999999999,1000.0,333.33,72.46013691461951,52.363993560031325,54.27068575605234,72.09974041634706,0.9080195436655232,0.0919804563730564,-3.8579615692567264e-11,8.929739329941443e-11,1174,e894c8e721e14291ac9cd1d2ca8c09ed637b7a9108eb886a8507438ad7d85b59,044f3250df3d9646b72cfd9a8f65b6a90381e7ad03a8b20c71de6212a1a99756,1.5617248219787143
rb_g023_v3,rb_g023,train,v3,1,1,6.999999999999999,1000.0,500.0,71.99864347385807,50.48950911514451,52.87232042226379,71.63070757523855,0.8989727269369585,0.10102727310254303,-3.950156075254492e-11,9.154229093542154e-11,1181,e894c8e721e14291ac9cd1d2ca8c09ed637b7a9108eb886a8507438ad7d85b59,044f3250df3d9646b72cfd9a8f65b6a90381e7ad03a8b20c71de6212a1a99756,1.5673968699993566
rb_g023_v4,rb_g023,train,v4,2,2,16.5,2050.0,500.0,96.95576022679165,62.30983129350842,65.19067381491861,96.12407789016362,0.9466458786744577,0.05335412134320784,-1.7665498693493948e-11,1.167943764634742e-10,1165,e894c8e721e14291ac9cd1d2ca8c09ed637b7a9108eb886a8507438ad7d85b59,044f3250df3d9646b72cfd9a8f65b6a90381e7ad03a8b20c71de6212a1a99756,1.567330193996895
rb_g023_v5,rb_g023,train,v5,2,2,16.5,2050.0,1000.0,96.30481972043384,59.809757213563465,63.54472609738363,96.19335406108229,0.9404982802103496,0.05950171980632014,-1.6669763212893017e-11,1.1436696071609994e-10,1169,e894c8e721e14291ac9cd1d2ca8c09ed637b7a9108eb886a8507438ad7d85b59,044f3250df3d9646b72cfd9a8f65b6a90381e7ad03a8b20c71de6212a1a99756,1.5512754149967805
rb_g023_v6,rb_g023,train,v6,3,3,12.5,1000.0,500.0,127.76740765278828,90.15266267176376,94.40887725814841,127.68682104322966,0.8989859889148238,0.10101401111020028,-2.5024071703683147e-11,9.826502513605744e-11,1182,e894c8e721e14291ac9cd1d2ca8c09ed637b7a9108eb886a8507438ad7d85b59,044f3250df3d9646b72cfd9a8f65b6a90381e7ad03a8b20c71de6212a1a99756,1.5797132310108282
rb_g023_v7,rb_g023,train,v7,3,3,12.5,1000.0,500.0,127.73607397511421,90.15172063689097,94.40806396860224,127.65717601110254,0.898987796472552,0.10101220355212048,-2.467244186732387e-11,9.885812929185218e-11,1190,e894c8e721e14291ac9cd1d2ca8c09ed637b7a9108eb886a8507438ad7d85b59,044f3250df3d9646b72cfd9a8f65b6a90381e7ad03a8b20c71de6212a1a99756,1.6097911830001976
rb_g024_v0,rb_g024,test,v0,0,0,1.8000000000000005,333.33,333.33,46.10000903370491,33.852414942342,35.10935310685402,46.071564468692316,0.7699450363027155,0.23005496384028498,-1.43000457154664e-10,7.664627435638368e-11,1197,19390fb319aadd34ea650be8f8f94585e640023d8cc7dcbce643337d96de8b2f,4d46cadd67650e1d75516ad036407ccf1859712baf7fcb435a6599bc2e321aba,1.5619581200007815
rb_g024_v1,rb_g024,test,v1,0,0,2.5,500.0,333.33,47.808315253170804,34.034637828743,35.29281788099054,47.76591525894128,0.8332109800279242,0.1667890200798945,-1.0781859849373631e-10,7.840096826543853e-11,1191,19390fb319aadd34ea650be8f8f94585e640023d8cc7dcbce643337d96de8b2f,4d46cadd67650e1d75516ad036407ccf1859712baf7fcb435a6599bc2e321aba,1.559795036999276
rb_g024_v2,rb_g024,test,v2,1,1,7.000000000000001,1000.0,333.33,80.01973051174218,52.43416980901259,54.35475712612578,79.8901647104816,0.9078144541340895,0.09218554590370744,-3.77968925998776e-11,9.042452117671053e-11,1192,19390fb319aadd34ea650be8f8f94585e640023d8cc7dcbce643337d96de8b2f,4d46cadd67650e1d75516ad036407ccf1859712baf7fcb435a6599bc2e321aba,1.536909761984134
rb_g024_v3,rb_g024,test,v3,1,1,7.0,1000.0,500.0,79.12051654718846,50.55724589766352,52.956401204097624,79.06986871376932,0.8987434394706227,0.10125656056872191,-3.934460693752076e-11,9.224036032005241e-11,1183,19390fb319aadd34ea650be8f8f94585e640023d8cc7dcbce643337d96de8b2f,4d46cadd67650e1d75516ad036407ccf1859712baf7fcb435a6599bc2e321aba,1.5604799459979404
rb_g024_v4,rb_g024,test,v4,2,2,16.500000000000007,2050.0,500.0,114.53784481073978,62.459354013863695,65.42276677605261,114.41672881045582,0.9464372170502972,0.053562782967450755,-1.7747877241921128e-11,1.1611867930318289e-10,1177,19390fb319aadd34ea650be8f8f94585e640023d8cc7dcbce643337d96de8b2f,4d46cadd67650e1d75516ad036407ccf1859712baf7fcb435a6599bc2e321aba,1.6300524759863038
rb_g024_v5,rb_g024,test,v5,2,2,16.500000000000004,2050.0,1000.0,115.2518154319244,59.95368248956559,63.77298991064477,115.05972778225265,0.9402583849531605,0.059741615065132286,-1.8292808345529118e-11,1.1463600394356954e-10,1169,19390fb319aadd34ea650be8f8f94585e640023d8cc7dcbce643337d96de8b2f,4d46cadd67650e1d75516ad036407ccf1859712baf7fcb435a6599bc2e321aba,1.5749050930025987
rb_g024_v6,rb_g024,test,v6,3,3,12.500000000000002,1000.0,500.0,142.95266497654939,90.27066645301522,94.55537391999927,142.7624710074989,0.898760949737978,0.10123905028596747,-2.3945538885072888e-11,9.882711065566364e-11,1201,19390fb319aadd34ea650be8f8f94585e640023d8cc7dcbce643337d96de8b2f,4d46cadd67650e1d75516ad036407ccf1859712baf7fcb435a6599bc2e321aba,1.5996691670152359
rb_g024_v7,rb_g024,test,v7,3,3,12.5,1000.0,500.0,143.25201233161886,90.27584831501737,94.56092884065164,143.04596345040818,0.8987512460597893,0.10124875396445175,-2.4241000318170335e-11,9.820972722908424e-11,1196,19390fb319aadd34ea650be8f8f94585e640023d8cc7dcbce643337d96de8b2f,4d46cadd67650e1d75516ad036407ccf1859712baf7fcb435a6599bc2e321aba,1.6062421959941275
rb_g025_v0,rb_g025,train,v0,0,0,1.8,333.33,333.33,44.91716089842396,33.838490885938846,35.097055102883935,44.8912912982172,0.7701250899248211,0.22987491022014428,-1.4496533603155134e-10,7.730210254743581e-11,1196,f3114d070441dca0d43ef8ca537003e52e8d4c66fd414a0319825b3b598a2ab4,e31a5b70ce9396f3947904df6568e9732c02cd326b8a0c775d52042e497f0e90,1.5759948659979273
rb_g025_v1,rb_g025,train,v1,0,0,2.5,500.0,333.33,46.66702326070157,34.013440605647894,35.27413073294305,46.62858137192637,0.8333954594539913,0.16660454065285582,-1.0684708673380783e-10,7.94535652685734e-11,1201,f3114d070441dca0d43ef8ca537003e52e8d4c66fd414a0319825b3b598a2ab4,e31a5b70ce9396f3947904df6568e9732c02cd326b8a0c775d52042e497f0e90,1.5354617399862036
rb_g025_v2,rb_g025,train,v2,1,1,7.0,1000.0,333.33,77.87683813171532,52.381163287085016,54.31050896422673,77.77103439307587,0.9079708307073161,0.09202916933044447,-3.776058830697236e-11,9.15050569670852e-11,1189,f3114d070441dca0d43ef8ca537003e52e8d4c66fd414a0319825b3b598a2ab4,e31a5b70ce9396f3947904df6568e9732c02cd326b8a0c775d52042e497f0e90,1.5868530919833574
rb_g025_v3,rb_g025,train,v3,1,1,7.000000000000002,1000.0,500.0,76.27953010745097,50.50005786843724,52.905245463174786,76.16787572787479,0.8989374895450524,0.1010625104926719,-3.772426815373819e-11,9.18257041505598e-11,1187,f3114d070441dca0d43ef8ca537003e52e8d4c66fd414a0319825b3b598a2ab4,e31a5b70ce9396f3947904df6568e9732c02cd326b8a0c775d52042e497f0e90,1.5378908090060577
rb_g025_v4,rb_g025,train,v4,2,2,16.499999999999996,2050.0,500.0,106.02853689333335,62.32305744929095,65.29503211072145,105.89894515955297,0.946626550673271,0.053373449343532414,-1.6803400421935933e-11,1.1759071346008132e-10,1175,f3114d070441dca0d43ef8ca537003e52e8d4c66fd414a0319825b3b598a2ab4,e31a5b70ce9396f3947904df6568e9732c02cd326b8a0c775d52042e497f0e90,1.5334731600014493
rb_g025_v5,rb_g025,train,v5,2,2,16.5,2050.0,1000.0,111.44983865079195,59.82465588121739,63.65859682953815,110.82283932448195,0.9404724708919803,0.05952752912478043,-1.6760673657048837e-11,1.1621525365302463e-10,1168,f3114d070441dca0d43ef8ca537003e52e8d4c66fd414a0319825b3b598a2ab4,e31a5b70ce9396f3947904df6568e9732c02cd326b8a0c775d52042e497f0e90,1.5836733939941041
rb_g025_v6,rb_g025,train,v6,3,3,12.5,1000.0,500.0,137.20761303177585,90.18088370472483,94.47646554042585,136.62951364794958,0.8989339370547483,0.10106606296976187,-2.451022496074984e-11,9.931526816489032e-11,1195,f3114d070441dca0d43ef8ca537003e52e8d4c66fd414a0319825b3b598a2ab4,e31a5b70ce9396f3947904df6568e9732c02cd326b8a0c775d52042e497f0e90,1.5619842360028997
rb_g025_v7,rb_g025,train,v7,3,3,12.5,1000.0,500.0,135.95447699316134,90.17549676892277,94.47176111951913,135.60843917445328,0.8989439124804623,0.10105608754458865,-2.5050983509800063e-11,9.660423570767229e-11,1185,f3114d070441dca0d43ef8ca537003e52e8d4c66fd414a0319825b3b598a2ab4,e31a5b70ce9396f3947904df6568e9732c02cd326b8a0c775d52042e497f0e90,1.5684423870116007
rb_g026_v0,rb_g026,valid,v0,0,0,1.8000000000000003,333.33,333.33,44.65265219401033,33.84558771450499,35.10158443217693,44.63389246105072,0.7700336323696378,0.22996636777265747,-1.422953421759132e-10,7.769101854772693e-11,1202,39c2acc948e7a8c609685129f1d2934e3549ae42c80f7c667bc297fb5f5368e7,428420eedec968ec7b636ea54c29f60463304e0fd363a6266605afab6064b8f2,1.602428812009748
rb_g026_v1,rb_g026,valid,v1,0,0,2.5,500.0,333.33,45.60859542012594,34.02276740975556,35.27882752154733,45.58795748855465,0.8333150151012731,0.16668498500646195,-1.0773504310890303e-10,7.7981102095333e-11,1187,39c2acc948e7a8c609685129f1d2934e3549ae42c80f7c667bc297fb5f5368e7,428420eedec968ec7b636ea54c29f60463304e0fd363a6266605afab6064b8f2,1.6016963250003755
rb_g026_v2,rb_g026,valid,v2,1,1,7.0,1000.0,333.33,74.42538502141781,52.392570068539754,54.30119283535619,74.37419599722568,0.9079363815970511,0.09206361843960527,-3.665640806766695e-11,8.967285481940087e-11,1185,39c2acc948e7a8c609685129f1d2934e3549ae42c80f7c667bc297fb5f5368e7,428420eedec968ec7b636ea54c29f60463304e0fd363a6266605afab6064b8f2,1.5598320339922793
rb_g026_v3,rb_g026,valid,v3,1,1,7.0,1000.0,500.0,74.28720045600642,50.51304155786214,52.89924217491087,74.23202488929019,0.8988923598920057,0.10110764014665773,-3.866334236895292e-11,9.164361619499406e-11,1174,39c2acc948e7a8c609685129f1d2934e3549ae42c80f7c667bc297fb5f5368e7,428420eedec968ec7b636ea54c29f60463304e0fd363a6266605afab6064b8f2,1.5488699010165874
rb_g026_v4,rb_g026,valid,v4,2,2,16.5,2050.0,500.0,105.7822313180389,62.37319271177511,65.27763681790049,105.61468286007499,0.9465569986580141,0.053443001358751935,-1.6766063285186565e-11,1.1678273943037922e-10,1121,39c2acc948e7a8c609685129f1d2934e3549ae42c80f7c667bc297fb5f5368e7,428420eedec968ec7b636ea54c29f60463304e0fd363a6266605afab6064b8f2,1.4581602739926893
rb_g026_v5,rb_g026,valid,v5,2,2,16.499999999999996,2050.0,1000.0,107.6498959170251,59.89062122304813,63.65139458746857,107.44341509984486,0.9403635155442955,0.05963648447227002,-1.6565523363817306e-11,1.1562476703107203e-10,1169,39c2acc948e7a8c609685129f1d2934e3549ae42c80f7c667bc297fb5f5368e7,428420eedec968ec7b636ea54c29f60463304e0fd363a6266605afab6064b8f2,1.6221450510201976
rb_g026_v6,rb_g026,valid,v6,3,3,12.5,1000.0,500.0,135.09826638756908,90.21695605164521,94.47852604417734,134.95778798693078,0.8988635814459474,0.10113641857910877,-2.5056134944634324e-11,9.85070192405934e-11,1197,39c2acc948e7a8c609685129f1d2934e3549ae42c80f7c667bc297fb5f5368e7,428420eedec968ec7b636ea54c29f60463304e0fd363a6266605afab6064b8f2,1.5645211179798935
rb_g026_v7,rb_g026,valid,v7,3,3,12.5,1000.0,500.0,134.65485133526795,90.21739260977662,94.47842757324813,134.5189040662932,0.8988626817754849,0.10113731824892022,-2.4405100162994132e-11,9.965029082041911e-11,1208,39c2acc948e7a8c609685129f1d2934e3549ae42c80f7c667bc297fb5f5368e7,428420eedec968ec7b636ea54c29f60463304e0fd363a6266605afab6064b8f2,1.6069022059964482
rb_g027_v0,rb_g027,train,v0,0,0,1.7999999999999998,333.33,333.33,43.98161444734586,33.83279356374426,35.08980057042681,43.97872071035579,0.7701991252642345,0.22980087487821058,-1.4244512976565224e-10,7.716577486460538e-11,1200,dff12c9ad35d31e1b2e4497406db59622dad431d0080a238f57d0f19013163d7,af7acb3aac24b62ee6486d1fabf294adf6b675f175fe376cce77d9f4e71948a7,1.5583851350238547
rb_g027_v1,rb_g027,train,v1,0,0,2.5,500.0,333.33,45.1367086124543,34.003677615539424,35.260836111364625,45.1338158754217,0.8334812884614611,0.16651871164785065,-1.093116930306337e-10,7.8475407758581e-11,1183,dff12c9ad35d31e1b2e4497406db59622dad431d0080a238f57d0f19013163d7,af7acb3aac24b62ee6486d1fabf294adf6b675f175fe376cce77d9f4e71948a7,1.572818393993657
rb_g027_v2,rb_g027,train,v2,1,1,7.0,1000.0,333.33,74.03505444289033,52.33568020749772,54.24564642496868,74.02488583400873,0.9081025236738037,0.09189747636387362,-3.767740088177009e-11,8.999626953285817e-11,1187,dff12c9ad35d31e1b2e4497406db59622dad431d0080a238f57d0f19013163d7,af7acb3aac24b62ee6486d1fabf294adf6b675f175fe376cce77d9f4e71948a7,1.5666711810044944
rb_g027_v3,rb_g027,train,v3,1,1,6.999999999999999,1000.0,500.0,74.01252885289779,50.463361809474456,52.85029291936512,74.00215390021759,0.8990616374118038,0.10093836262714428,-3.894803527312466e-11,9.070278881683563e-11,1173,dff12c9ad35d31e1b2e4497406db59622dad431d0080a238f57d0f19013163d7,af7acb3aac24b62ee6486d1fabf294adf6b675f175fe376cce77d9f4e71948a7,1.5183899299881887
rb_g027_v4,rb_g027,train,v4,2,2,16.5,2050.0,500.0,102.94284974020798,62.2422603086609,65.13803387182568,102.91615802061392,0.9467396430892151,0.053260356927294555,-1.6509695967239637e-11,1.1917889220835292e-10,1169,dff12c9ad35d31e1b2e4497406db59622dad431d0080a238f57d0f19013163d7,af7acb3aac24b62ee6486d1fabf294adf6b675f175fe376cce77d9f4e71948a7,1.5311084519780707
rb_g027_v5,rb_g027,train,v5,2,2,16.5,2050.0,1000.0,101.46525048840715,59.75856298684462,63.507030251977454,101.43973599772033,0.9405836529047167,0.059416347111945614,-1.666230789706705e-11,1.1697555119726535e-10,1173,dff12c9ad35d31e1b2e4497406db59622dad431d0080a238f57d0f19013163d7,af7acb3aac24b62ee6486d1fabf294adf6b675f175fe376cce77d9f4e71948a7,1.4928175599779934
rb_g027_v6,rb_g027,train,v6,3,3,12.500000000000002,1000.0,500.0,130.7639762063622,90.11386516895035,94.37582700747117,130.74702235696776,0.8990604094124772,0.10093959061183838,-2.431564283256193e-11,9.764804126779799e-11,1214,dff12c9ad35d31e1b2e4497406db59622dad431d0080a238f57d0f19013163d7,af7acb3aac24b62ee6486d1fabf294adf6b675f175fe376cce77d9f4e71948a7,1.5920466310053598
rb_g027_v7,rb_g027,train,v7,3,3,12.499999999999998,1000.0,500.0,130.6152529870962,90.10320025275338,94.36665810687609,130.5979368187579,0.8990816783141571,0.10091832171019971,-2.435680102053084e-11,9.826376711001496e-11,1201,dff12c9ad35d31e1b2e4497406db59622dad431d0080a238f57d0f19013163d7,af7acb3aac24b62ee6486d1fabf294adf6b675f175fe376cce77d9f4e71948a7,1.553101230005268
rb_g028_v0,rb_g028,train,v0,0,0,1.7999999999999998,333.33,333.33,44.4845006835057,33.842889784875105,35.100562447396165,44.46462252435805,0.7700685482963789,0.22993145184996625,-1.4634515821398966e-10,7.510359539639814e-11,1146,80cd817d87083f35a617d58526b504847c6df8a1d2e3e5cbec4c0e094bb4ceaf,9881fe264ab22aa8836281436787d22fb156ccbcef42085437a40e0367682f3d,1.5194138929946348
rb_g028_v1,rb_g028,train,v1,0,0,2.5,500.0,333.33,45.56141846131334,34.01890693211945,35.27801466619675,45.534171482386,0.8333482105065644,0.16665178959953394,-1.0609828571261915e-10,7.796823751686497e-11,1176,80cd817d87083f35a617d58526b504847c6df8a1d2e3e5cbec4c0e094bb4ceaf,9881fe264ab22aa8836281436787d22fb156ccbcef42085437a40e0367682f3d,1.5312476949766278
rb_g028_v2,rb_g028,train,v2,1,1,7.0,1000.0,333.33,74.68918948775234,52.38830570684494,54.31074055250823,74.65260584511935,0.9079486586002695,0.09205134143778927,-3.8058778351057754e-11,8.910561813062308e-11,1139,80cd817d87083f35a617d58526b504847c6df8a1d2e3e5cbec4c0e094bb4ceaf,9881fe264ab22aa8836281436787d22fb156ccbcef42085437a40e0367682f3d,1.531266992999008
rb_g028_v3,rb_g028,train,v3,1,1,6.999999999999998,1000.0,500.0,73.79588980789254,50.51410289745033,52.912480941553596,73.76189084294282,0.8988887799891323,0.10111122004832433,-3.745660924283e-11,9.157549013358091e-11,1178,80cd817d87083f35a617d58526b504847c6df8a1d2e3e5cbec4c0e094bb4ceaf,9881fe264ab22aa8836281436787d22fb156ccbcef42085437a40e0367682f3d,1.5556280649907421
rb_g028_v4,rb_g028,train,v4,2,2,16.5,2050.0,500.0,100.46242592724911,62.38207978961169,65.33582967348983,100.42482533080516,0.946544863823271,0.053455136193187223,-1.6458161433023854e-11,1.154890371156599e-10,1135,80cd817d87083f35a617d58526b504847c6df8a1d2e3e5cbec4c0e094bb4ceaf,9881fe264ab22aa8836281436787d22fb156ccbcef42085437a40e0367682f3d,1.4874630859994795
rb_g028_v5,rb_g028,train,v5,2,2,16.5,2050.0,1000.0,100.07728258060496,59.88686835930556,63.69402804833603,99.89895389457075,0.9403698685671805,0.05963013145004032,-1.722086446506816e-11,1.1520875362167035e-10,1139,80cd817d87083f35a617d58526b504847c6df8a1d2e3e5cbec4c0e094bb4ceaf,9881fe264ab22aa8836281436787d22fb156ccbcef42085437a40e0367682f3d,1.5206993830215652
rb_g028_v6,rb_g028,train,v6,3,3,12.5,1000.0,500.0,131.58326207471708,90.2050349716951,94.4892406563062,131.44537199460262,0.8988864216002084,0.10111357842402055,-2.4228921091662414e-11,9.456833412635841e-11,1142,80cd817d87083f35a617d58526b504847c6df8a1d2e3e5cbec4c0e094bb4ceaf,9881fe264ab22aa8836281436787d22fb156ccbcef42085437a40e0367682f3d,1.5121598890109453
rb_g028_v7,rb_g028,train,v7,3,3,12.499999999999998,1000.0,500.0,131.87417970531618,90.20350162751988,94.48799186966211,131.73426244766898,0.8988893173964257,0.10111068262799848,-2.4424195999017688e-11,9.536273783478451e-11,1142,80cd817d87083f35a617d58526b504847c6df8a1d2e3e5cbec4c0e094bb4ceaf,9881fe264ab22aa8836281436787d22fb156ccbcef42085437a40e0367682f3d,1.53633256899775
rb_g029_v0,rb_g029,train,v0,0,0,1.7999999999999994,333.33,333.33,44.06592987405355,33.83749542840363,35.094782925107886,44.030862668706675,0.7701382744421559,0.22986172570344776,-1.4560365259165392e-10,7.728931783941077e-11,1196,f8bd59ee8bfe77225b68208693b9f6a99abeb45c051c065a71ea2987c4c2f6f2,eb88f6773b470f4bd892fd025a41d738fd7af170a7cd934d1946de2d9e01d3b9,1.57446566602448
rb_g029_v1,rb_g029,train,v1,0,0,2.4999999999999996,500.0,333.33,46.146990546119866,34.01232590008033,35.270288035351044,46.10147223395779,0.8334052442647838,0.16659475584147843,-1.0626222124443531e-10,7.84249713891861e-11,1164,f8bd59ee8bfe77225b68208693b9f6a99abeb45c051c065a71ea2987c4c2f6f2,eb88f6773b470f4bd892fd025a41d738fd7af170a7cd934d1946de2d9e01d3b9,1.5555218140070792
rb_g029_v2,rb_g029,train,v2,1,1,7.0,1000.0,333.33,76.06357093873669,52.364670258579494,54.2812292764091,76.06357093873669,0.908017545676339,0.09198245436167214,-3.8011118062643485e-11,8.845910285578215e-11,1136,f8bd59ee8bfe77225b68208693b9f6a99abeb45c051c065a71ea2987c4c2f6f2,eb88f6773b470f4bd892fd025a41d738fd7af170a7cd934d1946de2d9e01d3b9,1.5037195459881332
rb_g029_v3,rb_g029,train,v3,1,1,6.999999999999999,1000.0,500.0,74.73362991905458,50.48838470345068,52.88224538196143,74.73362991905458,0.8989769841795339,0.1010230158597417,-3.927558278604693e-11,9.204867159088162e-11,1179,f8bd59ee8bfe77225b68208693b9f6a99abeb45c051c065a71ea2987c4c2f6f2,eb88f6773b470f4bd892fd025a41d738fd7af170a7cd934d1946de2d9e01d3b9,1.6741937409969978
rb_g029_v4,rb_g029,train,v4,2,2,16.5,2050.0,500.0,103.22328868495157,62.29267489465667,65.22441070010801,103.22328868495157,0.9466698193303755,0.05333018068740428,-1.7779764192913248e-11,1.1539328210581428e-10,1161,f8bd59ee8bfe77225b68208693b9f6a99abeb45c051c065a71ea2987c4c2f6f2,eb88f6773b470f4bd892fd025a41d738fd7af170a7cd934d1946de2d9e01d3b9,1.5531304909964092
rb_g029_v5,rb_g029,train,v5,2,2,16.500000000000004,2050.0,1000.0,101.52884117399742,59.79306424861729,63.575682070672386,101.52884117399742,0.9405261621302917,0.05947383788662722,-1.69188972596189e-11,1.1644439995835556e-10,1166,f8bd59ee8bfe77225b68208693b9f6a99abeb45c051c065a71ea2987c4c2f6f2,eb88f6773b470f4bd892fd025a41d738fd7af170a7cd934d1946de2d9e01d3b9,1.510941764980089
rb_g029_v6,rb_g029,train,v6,3,3,12.5,1000.0,500.0,131.8627521308398,90.14792194770456,94.42274201603607,131.8627521308398,0.8989954634389928,0.10100453658574969,-2.474257243534339e-11,9.766467944911507e-11,1177,f8bd59ee8bfe77225b68208693b9f6a99abeb45c051c065a71ea2987c4c2f6f2,eb88f6773b470f4bd892fd025a41d738fd7af170a7cd934d1946de2d9e01d3b9,1.5443539209954906
rb_g029_v7,rb_g029,train,v7,3,3,12.5,1000.0,500.0,130.78890771753714,90.14941847287703,94.4234830690724,130.38915787807213,0.8989926290173618,0.10100737100684797,-2.4209754201365284e-11,9.784738127944406e-11,1192,f8bd59ee8bfe77225b68208693b9f6a99abeb45c051c065a71ea2987c4c2f6f2,eb88f6773b470f4bd892fd025a41d738fd7af170a7cd934d1946de2d9e01d3b9,1.5292143969854806
rb_g030_v0,rb_g030,train,v0,0,0,1.8000000000000003,333.33,333.33,44.44117674519265,33.845940971423666,35.10206818273597,44.43289945613185,0.7700290969003618,0.2299709032443249,-1.4468670089189886e-10,7.724875765794584e-11,1197,6ee4ccde75553dd80c59df8e91dfb4079275088c230c7db4475b2fa2fb7a77ae,99a1d07addaa51ae0a11ddd0b0ef87c89dad7617e2620a036f6e63c5b95d5b6a,1.5814534509845544
rb_g030_v1,rb_g030,train,v1,0,0,2.5,500.0,333.33,45.76966177124609,34.024175929060476,35.280520270121606,45.752711198745715,0.8333021509025116,0.1666978492035921,-1.0610368139651882e-10,7.854344748858099e-11,1182,6ee4ccde75553dd80c59df8e91dfb4079275088c230c7db4475b2fa2fb7a77ae,99a1d07addaa51ae0a11ddd0b0ef87c89dad7617e2620a036f6e63c5b95d5b6a,1.5614595609949902
rb_g030_v2,rb_g030,train,v2,1,1,6.999999999999998,1000.0,333.33,74.76889558820562,52.4021233397891,54.3114331301106,74.72312517984341,0.9079081405831952,0.09209185945313596,-3.6331239604083174e-11,9.075593720427473e-11,1185,6ee4ccde75553dd80c59df8e91dfb4079275088c230c7db4475b2fa2fb7a77ae,99a1d07addaa51ae0a11ddd0b0ef87c89dad7617e2620a036f6e63c5b95d5b6a,1.614687266992405
rb_g030_v3,rb_g030,train,v3,1,1,7.000000000000001,1000.0,500.0,73.40486923623519,50.52752047769115,52.91317335936706,73.37685459601897,0.8988438952866237,0.10115610475152052,-3.814418622230927e-11,9.299467082513816e-11,1187,6ee4ccde75553dd80c59df8e91dfb4079275088c230c7db4475b2fa2fb7a77ae,99a1d07addaa51ae0a11ddd0b0ef87c89dad7617e2620a036f6e63c5b95d5b6a,1.5790455139940605
rb_g030_v4,rb_g030,train,v4,2,2,16.500000000000004,2050.0,500.0,99.93330971349246,62.40022967854528,65.29946571715583,99.90405052857176,0.9465194913360662,0.05348050868072063,-1.6786787448312897e-11,1.1966370263093554e-10,1180,6ee4ccde75553dd80c59df8e91dfb4079275088c230c7db4475b2fa2fb7a77ae,99a1d07addaa51ae0a11ddd0b0ef87c89dad7617e2620a036f6e63c5b95d5b6a,1.5601656119979452
rb_g030_v5,rb_g030,train,v5,2,2,16.5,2050.0,1000.0,109.61673228139057,59.90840613618338,63.667925822104685,107.88201857907654,0.9403336986958949,0.05966630132066348,-1.6558370836088958e-11,1.1545076814138392e-10,1168,6ee4ccde75553dd80c59df8e91dfb4079275088c230c7db4475b2fa2fb7a77ae,99a1d07addaa51ae0a11ddd0b0ef87c89dad7617e2620a036f6e63c5b95d5b6a,1.5508902959991246
rb_g030_v6,rb_g030,train,v6,3,3,12.5,1000.0,500.0,131.4385204044172,90.22228187473699,94.48511290707754,131.41001795003126,0.8988534997400839,0.1011465002841793,-2.4263222542231232e-11,9.754651425458242e-11,1191,6ee4ccde75553dd80c59df8e91dfb4079275088c230c7db4475b2fa2fb7a77ae,99a1d07addaa51ae0a11ddd0b0ef87c89dad7617e2620a036f6e63c5b95d5b6a,1.53824954101583
rb_g030_v7,rb_g030,train,v7,3,3,12.499999999999998,1000.0,500.0,131.7909401696304,90.23012564077246,94.4920821464831,131.75052858805753,0.8988391313649075,0.10116086866012863,-2.503609763948589e-11,9.832976519038902e-11,1188,6ee4ccde75553dd80c59df8e91dfb4079275088c230c7db4475b2fa2fb7a77ae,99a1d07addaa51ae0a11ddd0b0ef87c89dad7617e2620a036f6e63c5b95d5b6a,1.6206133079831488
rb_g031_v0,rb_g031,train,v0,0,0,1.7999999999999998,333.33,333.33,44.146349928900975,33.83822733293949,35.09523223164739,44.1293621553026,0.7701291260930943,0.22987087405287032,-1.4596453675371399e-10,7.626496876804998e-11,1179,a96d272794ac2c8257a876eec1e80edf4eb4e47c857e13b7c6e3ea38541590a4,cc566349e0d4bf9b82058ab88376942eafd3cf77638bf006a97aae0968bd2545,1.5402818380098324
rb_g031_v1,rb_g031,train,v1,0,0,2.5,500.0,333.33,45.199591014742055,34.01209974253693,35.26951356192489,45.06349433643675,0.8334075094378728,0.166592490667928,-1.058007459420196e-10,7.899836884797166e-11,1184,a96d272794ac2c8257a876eec1e80edf4eb4e47c857e13b7c6e3ea38541590a4,cc566349e0d4bf9b82058ab88376942eafd3cf77638bf006a97aae0968bd2545,1.5816655110102147
rb_g031_v2,rb_g031,train,v2,1,1,6.999999999999998,1000.0,333.33,74.07432800325097,52.3670908650424,54.27989550791112,73.68749315226097,0.9080111101335524,0.09198888990518433,-3.873674397120958e-11,8.99858992284826e-11,1175,a96d272794ac2c8257a876eec1e80edf4eb4e47c857e13b7c6e3ea38541590a4,cc566349e0d4bf9b82058ab88376942eafd3cf77638bf006a97aae0968bd2545,1.5355702780070715
rb_g031_v3,rb_g031,train,v3,1,1,6.999999999999998,1000.0,500.0,73.343442060646,50.487733121029976,52.87722341150414,72.98458861883125,0.8989789438794112,0.10102105615883898,-3.825027596247668e-11,9.143747060512525e-11,1152,a96d272794ac2c8257a876eec1e80edf4eb4e47c857e13b7c6e3ea38541590a4,cc566349e0d4bf9b82058ab88376942eafd3cf77638bf006a97aae0968bd2545,1.5653916739975102
rb_g031_v4,rb_g031,train,v4,2,2,16.499999999999996,2050.0,500.0,100.04204718833597,62.30151933188913,65.21486210092205,99.250930177187,0.9466569543009519,0.05334304571566109,-1.661295343715417e-11,1.1748292855672026e-10,1151,a96d272794ac2c8257a876eec1e80edf4eb4e47c857e13b7c6e3ea38541590a4,cc566349e0d4bf9b82058ab88376942eafd3cf77638bf006a97aae0968bd2545,1.5462527060008142
rb_g031_v5,rb_g031,train,v5,2,2,16.499999999999996,2050.0,1000.0,98.76807158083994,59.81147976024155,63.579161919540724,98.6628332986258,0.9404953042521921,0.059504695765386834,-1.757888784032441e-11,1.1402984972100325e-10,1156,a96d272794ac2c8257a876eec1e80edf4eb4e47c857e13b7c6e3ea38541590a4,cc566349e0d4bf9b82058ab88376942eafd3cf77638bf006a97aae0968bd2545,1.5579293530026916
rb_g031_v6,rb_g031,train,v6,3,3,12.499999999999998,1000.0,500.0,129.9121802743793,90.15954489918316,94.42769384956102,129.7889588569737,0.8989732882080684,0.10102671181691152,-2.4979982526929237e-11,9.691376024651455e-11,1181,a96d272794ac2c8257a876eec1e80edf4eb4e47c857e13b7c6e3ea38541590a4,cc566349e0d4bf9b82058ab88376942eafd3cf77638bf006a97aae0968bd2545,1.5873881920124404
rb_g031_v7,rb_g031,train,v7,3,3,12.499999999999995,1000.0,500.0,129.993068351668,90.16018778924096,94.42825583966932,129.86945119475155,0.8989720106609266,0.10102798936461788,-2.554445543978546e-11,9.823777815542135e-11,1179,a96d272794ac2c8257a876eec1e80edf4eb4e47c857e13b7c6e3ea38541590a4,cc566349e0d4bf9b82058ab88376942eafd3cf77638bf006a97aae0968bd2545,1.6329552100214642
rb_g032_v0,rb_g032,train,v0,0,0,1.8,333.33,333.33,46.36517756562506,33.86614605324104,35.12219768902788,45.900455955301254,0.7697671910165005,0.23023280912672017,-1.4322065138788137e-10,7.753308084868189e-11,1198,15c143ba46a60f26cf1d524d7cd5908215ad9769e1bb8adc6815f18cc5c6e47d,10827b4fe0021d63228c578c0bdbfcc3c4459160d6896d921a222afdfb3cd4e9,1.5676046989974566
rb_g032_v1,rb_g032,train,v1,0,0,2.5000000000000004,500.0,333.33,48.44090539603275,34.059458604306236,35.31736450929775,48.02118429869523,0.8329970781911772,0.16700292191542446,-1.0660170524090516e-10,7.981068745554016e-11,1209,15c143ba46a60f26cf1d524d7cd5908215ad9769e1bb8adc6815f18cc5c6e47d,10827b4fe0021d63228c578c0bdbfcc3c4459160d6896d921a222afdfb3cd4e9,1.5871908129774965
rb_g032_v2,rb_g032,train,v2,1,1,7.0,1000.0,333.33,81.51794934998838,52.51269030972569,54.44127232572808,81.47726688355442,0.9075861484621484,0.09241385157537672,-3.752504656213367e-11,9.052691417163585e-11,1200,15c143ba46a60f26cf1d524d7cd5908215ad9769e1bb8adc6815f18cc5c6e47d,10827b4fe0021d63228c578c0bdbfcc3c4459160d6896d921a222afdfb3cd4e9,1.5988731169782113
rb_g032_v3,rb_g032,train,v3,1,1,7.000000000000001,1000.0,500.0,81.28234458062656,50.62886040601952,53.0371759291363,81.22916895300722,0.8984973430170925,0.10150265702024476,-3.7337228547024937e-11,9.263121695906986e-11,1194,15c143ba46a60f26cf1d524d7cd5908215ad9769e1bb8adc6815f18cc5c6e47d,10827b4fe0021d63228c578c0bdbfcc3c4459160d6896d921a222afdfb3cd4e9,1.5671472640242428
rb_g032_v4,rb_g032,train,v4,2,2,16.500000000000004,2050.0,500.0,119.65915834986822,62.67815031405745,65.69090667301435,119.53795475495343,0.9461307751082472,0.05386922490869114,-1.693834971273521e-11,1.175193915839148e-10,1147,15c143ba46a60f26cf1d524d7cd5908215ad9769e1bb8adc6815f18cc5c6e47d,10827b4fe0021d63228c578c0bdbfcc3c4459160d6896d921a222afdfb3cd4e9,1.559066932008136
rb_g032_v5,rb_g032,train,v5,2,2,16.500000000000004,2050.0,1000.0,117.43944302744944,60.1589880639091,64.01374233139705,117.3702295151777,0.939916091235565,0.060083908781104554,-1.6669480610668565e-11,1.1588136156566337e-10,1167,15c143ba46a60f26cf1d524d7cd5908215ad9769e1bb8adc6815f18cc5c6e47d,10827b4fe0021d63228c578c0bdbfcc3c4459160d6896d921a222afdfb3cd4e9,1.5811016579973511
rb_g032_v6,rb_g032,train,v6,3,3,12.5,1000.0,500.0,141.0294073963242,90.40694094999786,94.69767907557456,141.0294073963242,0.8985010010658282,0.10149899895827563,-2.4103776752326665e-11,9.895668272987798e-11,1195,15c143ba46a60f26cf1d524d7cd5908215ad9769e1bb8adc6815f18cc5c6e47d,10827b4fe0021d63228c578c0bdbfcc3c4459160d6896d921a222afdfb3cd4e9,1.6175363319925964
rb_g032_v7,rb_g032,train,v7,3,3,12.5,1000.0,500.0,140.49556377209052,90.40009845713807,94.68963267006819,140.49556377209052,0.8985136294540788,0.10148637057049814,-2.4576856105795743e-11,9.887757329823291e-11,1209,15c143ba46a60f26cf1d524d7cd5908215ad9769e1bb8adc6815f18cc5c6e47d,10827b4fe0021d63228c578c0bdbfcc3c4459160d6896d921a222afdfb3cd4e9,1.627464780001901
rb_g033_v0,rb_g033,valid,v0,0,0,1.8,333.33,333.33,44.97809479515723,33.83668495556894,35.093451937873645,44.975337404985794,0.7701491164518991,0.2298508836938905,-1.4578958410875012e-10,7.575991256711604e-11,1182,4f910694aaff5b9ca94448750102c8b173803c133e8b20ddfcd702e1224f0b60,06556bf2327f855ce5e169f54d52172eecd6a1c498cdb6e682825bb0cc3acaf2,1.5734558639815077
rb_g033_v1,rb_g033,valid,v1,0,0,2.4999999999999996,500.0,333.33,46.10285241878876,34.00594993179375,35.263202575620994,46.10032386256813,0.8334611680832325,0.16653883202491981,-1.0815224271709669e-10,7.74825353294143e-11,1178,4f910694aaff5b9ca94448750102c8b173803c133e8b20ddfcd702e1224f0b60,06556bf2327f855ce5e169f54d52172eecd6a1c498cdb6e682825bb0cc3acaf2,1.5261653179768473
rb_g033_v2,rb_g033,valid,v2,1,1,6.999999999999997,1000.0,333.33,75.8301009993682,52.33726548834098,54.248812777260554,75.82212279180936,0.9080977421598262,0.09190225787813307,-3.795928650772243e-11,8.962716199828043e-11,1176,4f910694aaff5b9ca94448750102c8b173803c133e8b20ddfcd702e1224f0b60,06556bf2327f855ce5e169f54d52172eecd6a1c498cdb6e682825bb0cc3acaf2,1.5344394450075924
rb_g033_v3,rb_g033,valid,v3,1,1,7.0,1000.0,500.0,75.63717419679938,50.46384832827074,52.852186579513834,75.6290682412212,0.8990602077228761,0.1009397923163228,-3.919894567668994e-11,9.024693632200965e-11,1175,4f910694aaff5b9ca94448750102c8b173803c133e8b20ddfcd702e1224f0b60,06556bf2327f855ce5e169f54d52172eecd6a1c498cdb6e682825bb0cc3acaf2,1.5806381470174529
rb_g033_v4,rb_g033,valid,v4,2,2,16.500000000000004,2050.0,500.0,108.75064981968808,62.26350276092023,65.16597026543451,108.72619961939881,0.9467101728227516,0.053289827194613476,-1.736507907165477e-11,1.1874539168963558e-10,1164,4f910694aaff5b9ca94448750102c8b173803c133e8b20ddfcd702e1224f0b60,06556bf2327f855ce5e169f54d52172eecd6a1c498cdb6e682825bb0cc3acaf2,1.5195707360107917
rb_g033_v5,rb_g033,valid,v5,2,2,16.5,2050.0,1000.0,110.45064384609208,59.80442265822945,63.56025655487744,110.40392488619204,0.940507456893113,0.05949254312509316,-1.8206123477491268e-11,1.1348292714474745e-10,1162,4f910694aaff5b9ca94448750102c8b173803c133e8b20ddfcd702e1224f0b60,06556bf2327f855ce5e169f54d52172eecd6a1c498cdb6e682825bb0cc3acaf2,1.532824788999278
rb_g033_v6,rb_g033,valid,v6,3,3,12.5,1000.0,500.0,137.24507725756666,90.14182301683249,94.40513724767186,137.22719200196337,0.8990071490812979,0.1009928509428704,-2.4168258505596896e-11,9.856132096387167e-11,1194,4f910694aaff5b9ca94448750102c8b173803c133e8b20ddfcd702e1224f0b60,06556bf2327f855ce5e169f54d52172eecd6a1c498cdb6e682825bb0cc3acaf2,1.5848900380078703
rb_g033_v7,rb_g033,valid,v7,3,3,12.499999999999998,1000.0,500.0,136.86892830992804,90.13997197995673,94.40333913319765,136.85126348053888,0.8990105380942941,0.10098946193056572,-2.48598475138806e-11,9.752611730344332e-11,1179,4f910694aaff5b9ca94448750102c8b173803c133e8b20ddfcd702e1224f0b60,06556bf2327f855ce5e169f54d52172eecd6a1c498cdb6e682825bb0cc3acaf2,1.5655104129982647
rb_g034_v0,rb_g034,train,v0,0,0,1.8,333.33,333.33,44.491619024956265,33.8532780596916,35.10815625048711,44.4519336028506,0.7699342243051281,0.23006577583983454,-1.4496271467163208e-10,7.667177613646832e-11,1190,cf4a221f9080b4c39495b9d71e1be785f3dc7aaaa71f8f7045d27f30e0147e0b,18cc4daa19463ebf21f08d9b6dcc4ea216553b749aaf68d918a6776d951053d8,1.5851140010054223
rb_g034_v1,rb_g034,train,v1,0,0,2.4999999999999996,500.0,333.33,46.151378473857335,34.037722584149684,35.292077103668944,46.08929752120406,0.8331843333296165,0.16681566677727047,-1.0688694374039188e-10,7.991530679955707e-11,1195,cf4a221f9080b4c39495b9d71e1be785f3dc7aaaa71f8f7045d27f30e0147e0b,18cc4daa19463ebf21f08d9b6dcc4ea216553b749aaf68d918a6776d951053d8,1.55753573300899
rb_g034_v2,rb_g034,train,v2,1,1,7.0,1000.0,333.33,76.8842975167147,52.45225991072012,54.35532475597705,76.6992168204606,0.9077619272392828,0.09223807279778082,-3.706370131441515e-11,8.98673540037156e-11,1175,cf4a221f9080b4c39495b9d71e1be785f3dc7aaaa71f8f7045d27f30e0147e0b,18cc4daa19463ebf21f08d9b6dcc4ea216553b749aaf68d918a6776d951053d8,1.6245315769920126
rb_g034_v3,rb_g034,train,v3,1,1,7.000000000000001,1000.0,500.0,75.57653817322807,50.57358875800421,52.953082851779904,75.44510851189006,0.8986858296368351,0.10131417040075326,-3.75883292745373e-11,9.214379314045784e-11,1185,cf4a221f9080b4c39495b9d71e1be785f3dc7aaaa71f8f7045d27f30e0147e0b,18cc4daa19463ebf21f08d9b6dcc4ea216553b749aaf68d918a6776d951053d8,1.533867295976961
rb_g034_v4,rb_g034,train,v4,2,2,16.5,2050.0,500.0,103.78004930473838,62.519763530729485,65.39910235765016,103.5138531101656,0.9463525555070825,0.053647444509760514,-1.6843058934100416e-11,1.1877917872856076e-10,1178,cf4a221f9080b4c39495b9d71e1be785f3dc7aaaa71f8f7045d27f30e0147e0b,18cc4daa19463ebf21f08d9b6dcc4ea216553b749aaf68d918a6776d951053d8,1.5548817169910762
rb_g034_v5,rb_g034,train,v5,2,2,16.5,2050.0,1000.0,100.71424984809778,60.0046987862734,63.737967621454416,100.50866813730175,0.940174122427333,0.059825877588988254,-1.6321254112526592e-11,1.1596472372488266e-10,1173,cf4a221f9080b4c39495b9d71e1be785f3dc7aaaa71f8f7045d27f30e0147e0b,18cc4daa19463ebf21f08d9b6dcc4ea216553b749aaf68d918a6776d951053d8,1.5429102799971588
rb_g034_v6,rb_g034,train,v6,3,3,12.500000000000002,1000.0,500.0,133.28683739693713,90.29676945156848,94.54626826745593,133.20339149911672,0.8987111893882472,0.10128881063610473,-2.4351969329927667e-11,9.806101928500063e-11,1202,cf4a221f9080b4c39495b9d71e1be785f3dc7aaaa71f8f7045d27f30e0147e0b,18cc4daa19463ebf21f08d9b6dcc4ea216553b749aaf68d918a6776d951053d8,1.608495271007996
rb_g034_v7,rb_g034,train,v7,3,3,12.500000000000002,1000.0,500.0,133.43923113159536,90.29573093864856,94.54525797128086,133.29020258349192,0.8987129622705331,0.1012870377541916,-2.4724684521970627e-11,9.780691727519025e-11,1186,cf4a221f9080b4c39495b9d71e1be785f3dc7aaaa71f8f7045d27f30e0147e0b,18cc4daa19463ebf21f08d9b6dcc4ea216553b749aaf68d918a6776d951053d8,1.5433687790064141
rb_g035_v0,rb_g035,test,v0,0,0,1.7999999999999998,333.33,333.33,44.967942778982945,33.82926242315507,35.087871848649684,44.85116075924901,0.7702447715399892,0.22975522860543557,-1.4542475248704692e-10,7.722584492984009e-11,1201,a589f4b914ac25d4b34b03e999cfafd704208f93640e288d3a595e60eef81323,5ec660ee0833e9a85ec7c35cde17856b0c7c106443ff158238970a1f7404636e,1.626362451002933
rb_g035_v1,rb_g035,test,v1,0,0,2.5,500.0,333.33,46.23667238358826,33.998092838516804,35.257956885100896,46.08829949606417,0.8335293899041598,0.16647061020234827,-1.0650813564438977e-10,7.82472524836411e-11,1185,a589f4b914ac25d4b34b03e999cfafd704208f93640e288d3a595e60eef81323,5ec660ee0833e9a85ec7c35cde17856b0c7c106443ff158238970a1f7404636e,1.5874507279950194
rb_g035_v2,rb_g035,test,v2,1,1,7.0,1000.0,333.33,75.62497512498248,52.32176262737646,54.24357529585717,75.26302301667795,0.9081430193403166,0.09185698069709859,-3.741516620335363e-11,9.099879920177236e-11,1179,a589f4b914ac25d4b34b03e999cfafd704208f93640e288d3a595e60eef81323,5ec660ee0833e9a85ec7c35cde17856b0c7c106443ff158238970a1f7404636e,1.5240746529889293
rb_g035_v3,rb_g035,test,v3,1,1,7.0,1000.0,500.0,74.29902273252907,50.450865677645176,52.848997946815516,73.97299072712923,0.8991045972090704,0.10089540282921652,-3.8287008484262837e-11,9.165383521089971e-11,1161,a589f4b914ac25d4b34b03e999cfafd704208f93640e288d3a595e60eef81323,5ec660ee0833e9a85ec7c35cde17856b0c7c106443ff158238970a1f7404636e,1.5236667160061188
rb_g035_v4,rb_g035,test,v4,2,2,16.5,2050.0,500.0,103.35449137438013,62.20830545394155,65.15210992948744,103.20432926316607,0.9467873403647944,0.05321265965129617,-1.609051612488753e-11,1.168446416544718e-10,1137,a589f4b914ac25d4b34b03e999cfafd704208f93640e288d3a595e60eef81323,5ec660ee0833e9a85ec7c35cde17856b0c7c106443ff158238970a1f7404636e,1.4713307809724938
rb_g035_v5,rb_g035,test,v5,2,2,16.499999999999996,2050.0,1000.0,104.1233012449681,59.7188465865959,63.5169814841971,104.05377715668448,0.9406497870055232,0.05935021300928869,-1.4811808345495016e-11,1.1591648096212941e-10,1123,a589f4b914ac25d4b34b03e999cfafd704208f93640e288d3a595e60eef81323,5ec660ee0833e9a85ec7c35cde17856b0c7c106443ff158238970a1f7404636e,1.5107011949876323
rb_g035_v6,rb_g035,test,v6,3,3,12.5,1000.0,500.0,134.69741410705996,90.08435119896383,94.36859959291517,133.97980807035003,0.8991169313078428,0.10088306871717456,-2.501728602055664e-11,9.765849869690025e-11,1183,a589f4b914ac25d4b34b03e999cfafd704208f93640e288d3a595e60eef81323,5ec660ee0833e9a85ec7c35cde17856b0c7c106443ff158238970a1f7404636e,1.6036449260136578
rb_g035_v7,rb_g035,test,v7,3,3,12.499999999999998,1000.0,500.0,135.0524047651266,90.08346990758878,94.3679903058819,134.31611861867844,0.89911862687288,0.10088137315156771,-2.444776825427653e-11,9.63893010150328e-11,1191,a589f4b914ac25d4b34b03e999cfafd704208f93640e288d3a595e60eef81323,5ec660ee0833e9a85ec7c35cde17856b0c7c106443ff158238970a1f7404636e,1.6148992259986699
rb_g036_v0,rb_g036,train,v0,0,0,1.8,333.33,333.33,43.710028001934006,33.83958341998917,35.095562683363305,43.674279262839775,0.7701113297901683,0.2298886703546655,-1.4483374376360478e-10,7.726851062951929e-11,1201,e7a04497527a7b2b109fa210af59e4482ba7cd24cc89b5d49c590b31df8ad1fd,d23e32681bbd6aea16f069f20985223942c50f6ff55d129d58b43419330f7c47,1.6555678299919236
rb_g036_v1,rb_g036,train,v1,0,0,2.5,500.0,333.33,44.84450465806657,34.014483973788884,35.27017450786689,44.7280795465183,0.8333865156922654,0.1666134844137588,-1.0602418942795566e-10,7.802997938724468e-11,1185,e7a04497527a7b2b109fa210af59e4482ba7cd24cc89b5d49c590b31df8ad1fd,d23e32681bbd6aea16f069f20985223942c50f6ff55d129d58b43419330f7c47,1.565993089985568
rb_g036_v2,rb_g036,train,v2,1,1,7.000000000000002,1000.0,333.33,72.50000495509403,52.370148413525364,54.27512615887212,72.17392735609985,0.9080015608383027,0.09199843919844429,-3.674709742844989e-11,9.088713126109903e-11,1185,e7a04497527a7b2b109fa210af59e4482ba7cd24cc89b5d49c590b31df8ad1fd,d23e32681bbd6aea16f069f20985223942c50f6ff55d129d58b43419330f7c47,1.6370703059947118
rb_g036_v3,rb_g036,train,v3,1,1,6.999999999999999,1000.0,500.0,71.57522117152206,50.4949201886241,52.87631929328987,71.46296155763383,0.8989547800680894,0.10104521997097353,-3.9062943356173365e-11,9.079584508105672e-11,1180,e7a04497527a7b2b109fa210af59e4482ba7cd24cc89b5d49c590b31df8ad1fd,d23e32681bbd6aea16f069f20985223942c50f6ff55d129d58b43419330f7c47,1.5343036859994754
rb_g036_v4,rb_g036,train,v4,2,2,16.500000000000004,2050.0,500.0,96.80630001805179,62.31200045829903,65.18723894891619,96.42441276143012,0.9466425246487933,0.05335747536856759,-1.736091405315633e-11,1.192127699761336e-10,1148,e7a04497527a7b2b109fa210af59e4482ba7cd24cc89b5d49c590b31df8ad1fd,d23e32681bbd6aea16f069f20985223942c50f6ff55d129d58b43419330f7c47,1.493156379001448
rb_g036_v5,rb_g036,train,v5,2,2,16.499999999999996,2050.0,1000.0,106.32557484607236,59.82592731377592,63.55431032311759,106.32557484607236,0.9404709405674972,0.05952905944783966,-1.5336896735771976e-11,1.1402818598068314e-10,1121,e7a04497527a7b2b109fa210af59e4482ba7cd24cc89b5d49c590b31df8ad1fd,d23e32681bbd6aea16f069f20985223942c50f6ff55d129d58b43419330f7c47,1.4784302650077734
rb_g036_v6,rb_g036,train,v6,3,3,12.5,1000.0,500.0,130.90956983648653,90.16656580511196,94.41885185493823,130.88816669765401,0.8989595576804525,0.1010404423441934,-2.4645956386848412e-11,9.758515091140586e-11,1188,e7a04497527a7b2b109fa210af59e4482ba7cd24cc89b5d49c590b31df8ad1fd,d23e32681bbd6aea16f069f20985223942c50f6ff55d129d58b43419330f7c47,1.5828169070009608
rb_g036_v7,rb_g036,train,v7,3,3,12.5,1000.0,500.0,128.02815445818578,90.18178960839722,94.43365654746313,127.74104440527083,0.8989321633732011,0.10106783665139263,-2.4593749259338436e-11,9.663123731701777e-11,1196,e7a04497527a7b2b109fa210af59e4482ba7cd24cc89b5d49c590b31df8ad1fd,d23e32681bbd6aea16f069f20985223942c50f6ff55d129d58b43419330f7c47,1.5716241440095473
rb_g037_v0,rb_g037,train,v0,0,0,1.8,333.33,333.33,44.49073403822308,33.838541433687,35.0966554012919,44.34964586949667,0.7701245487595589,0.22987545138538765,-1.4494658559824655e-10,7.785689423515631e-11,1212,1bde81cb0900c9716092b1c13313caaa20751dd15d6483dcd67a57816219c5b9,61711a57bd5c8c978c0a8b3d4c6a0dafa167a5ec9ea9e6144aff2de0fc6233cb,1.6388598599878605
rb_g037_v1,rb_g037,train,v1,0,0,2.5,500.0,333.33,46.79239108420887,34.01146542880146,35.27117681913737,46.79239108420887,0.833412929193533,0.16658707091380534,-1.0733833821774397e-10,7.853794919238261e-11,1190,1bde81cb0900c9716092b1c13313caaa20751dd15d6483dcd67a57816219c5b9,61711a57bd5c8c978c0a8b3d4c6a0dafa167a5ec9ea9e6144aff2de0fc6233cb,1.5711219449876808
rb_g037_v2,rb_g037,train,v2,1,1,7.0,1000.0,333.33,76.4408430154952,52.364115877073786,54.28744139823897,76.40993930823925,0.9080195813295493,0.09198041870742273,-3.697202861323896e-11,9.011164355331909e-11,1191,1bde81cb0900c9716092b1c13313caaa20751dd15d6483dcd67a57816219c5b9,61711a57bd5c8c978c0a8b3d4c6a0dafa167a5ec9ea9e6144aff2de0fc6233cb,1.5791099740017671
rb_g037_v3,rb_g037,train,v3,1,1,7.000000000000002,1000.0,500.0,74.5639682600181,50.494193135118856,52.89356240781134,74.47294238388741,0.8989577194130115,0.10104228062449065,-3.7502096666181766e-11,9.240165264931948e-11,1185,1bde81cb0900c9716092b1c13313caaa20751dd15d6483dcd67a57816219c5b9,61711a57bd5c8c978c0a8b3d4c6a0dafa167a5ec9ea9e6144aff2de0fc6233cb,1.6000761920004152
rb_g037_v4,rb_g037,train,v4,2,2,16.5,2050.0,500.0,107.18929652617112,62.3189857664839,65.2757815901809,106.54567848905714,0.9466327404098557,0.05336725960675376,-1.6609481466968067e-11,1.1817349525910176e-10,1193,1bde81cb0900c9716092b1c13313caaa20751dd15d6483dcd67a57816219c5b9,61711a57bd5c8c978c0a8b3d4c6a0dafa167a5ec9ea9e6144aff2de0fc6233cb,1.561056422011461
rb_g037_v5,rb_g037,train,v5,2,2,16.5,2050.0,1000.0,104.77136613435789,59.829296976287694,63.6424915935282,104.4516742915394,0.9404652089092944,0.059534791107595665,-1.6890092018598175e-11,1.1656110955778213e-10,1163,1bde81cb0900c9716092b1c13313caaa20751dd15d6483dcd67a57816219c5b9,61711a57bd5c8c978c0a8b3d4c6a0dafa167a5ec9ea9e6144aff2de0fc6233cb,1.5266239809861872
rb_g037_v6,rb_g037,train,v6,3,3,12.499999999999998,1000.0,500.0,133.53550054262934,90.17250114465064,94.46038003719521,133.36110857180648,0.8989492756714722,0.1010507243528665,-2.433868218076896e-11,9.780045722794676e-11,1192,1bde81cb0900c9716092b1c13313caaa20751dd15d6483dcd67a57816219c5b9,61711a57bd5c8c978c0a8b3d4c6a0dafa167a5ec9ea9e6144aff2de0fc6233cb,1.5512478500022553
rb_g037_v7,rb_g037,train,v7,3,3,12.5,1000.0,500.0,132.596693610444,90.17212699917368,94.4598455512517,132.10786918988902,0.8989501233775903,0.10104987664742884,-2.5019115668101222e-11,9.625512075741673e-11,1192,1bde81cb0900c9716092b1c13313caaa20751dd15d6483dcd67a57816219c5b9,61711a57bd5c8c978c0a8b3d4c6a0dafa167a5ec9ea9e6144aff2de0fc6233cb,1.6006107430148404
rb_g038_v0,rb_g038,train,v0,0,0,1.8000000000000003,333.33,333.33,43.99201077226172,33.8421141024112,35.09854743946445,43.99201077226172,0.7700785604467026,0.22992143969704312,-1.4374572519947213e-10,7.659323976917349e-11,1188,1cdb9e48f3c0a502e3766fda5e666fd596412a31816737eeddf9af884239cb3f,59d75bb78937a26196eda7cb5b5010e45141d8c33aec5e92c19beb89b021fd14,1.5542996220174246
rb_g038_v1,rb_g038,train,v1,0,0,2.5,500.0,333.33,44.94608798011075,34.01838689631452,35.275182516895526,44.94608798011075,0.833352940367871,0.16664705973898325,-1.068542809790074e-10,7.840909923607003e-11,1178,1cdb9e48f3c0a502e3766fda5e666fd596412a31816737eeddf9af884239cb3f,59d75bb78937a26196eda7cb5b5010e45141d8c33aec5e92c19beb89b021fd14,1.5614159679971635
rb_g038_v2,rb_g038,train,v2,1,1,6.999999999999998,1000.0,333.33,73.04881876846014,52.38423318581531,54.29618283450881,73.04881876846014,0.9079606586679811,0.09203934136959292,-3.757410255949319e-11,9.049370514543127e-11,1178,1cdb9e48f3c0a502e3766fda5e666fd596412a31816737eeddf9af884239cb3f,59d75bb78937a26196eda7cb5b5010e45141d8c33aec5e92c19beb89b021fd14,1.583983193995664
rb_g038_v3,rb_g038,train,v3,1,1,7.0,1000.0,500.0,72.95372236983422,50.50733323044938,52.896660651877525,72.95372236983422,0.8989118643867205,0.10108813565096651,-3.768707568241325e-11,9.143309970046113e-11,1171,1cdb9e48f3c0a502e3766fda5e666fd596412a31816737eeddf9af884239cb3f,59d75bb78937a26196eda7cb5b5010e45141d8c33aec5e92c19beb89b021fd14,1.6086680890002754
rb_g038_v4,rb_g038,train,v4,2,2,16.500000000000004,2050.0,500.0,101.59796558079063,62.354979082052864,65.26864796253047,101.59796558079063,0.9465824472992018,0.05341755271830748,-1.75093609644853e-11,1.188240592149396e-10,1157,1cdb9e48f3c0a502e3766fda5e666fd596412a31816737eeddf9af884239cb3f,59d75bb78937a26196eda7cb5b5010e45141d8c33aec5e92c19beb89b021fd14,1.59402607800439
rb_g038_v5,rb_g038,train,v5,2,2,16.5,2050.0,1000.0,101.80412339606181,59.862255198707196,63.62627771422268,101.80412339606181,0.9404107914792189,0.05958920853858571,-1.7804646645913635e-11,1.1673866161053508e-10,1158,1cdb9e48f3c0a502e3766fda5e666fd596412a31816737eeddf9af884239cb3f,59d75bb78937a26196eda7cb5b5010e45141d8c33aec5e92c19beb89b021fd14,1.519415929011302
rb_g038_v6,rb_g038,train,v6,3,3,12.499999999999996,1000.0,500.0,130.82292046829656,90.19310413361397,94.45772203565127,130.82292046829656,0.8989091923437601,0.10109080768106558,-2.4825688171858936e-11,9.710686659118155e-11,1183,1cdb9e48f3c0a502e3766fda5e666fd596412a31816737eeddf9af884239cb3f,59d75bb78937a26196eda7cb5b5010e45141d8c33aec5e92c19beb89b021fd14,1.5359980190114584
rb_g038_v7,rb_g038,train,v7,3,3,12.500000000000002,1000.0,500.0,130.4091571034465,90.19273083323733,94.456875767072,130.4091571034465,0.8989098608470315,0.10109013917751009,-2.454154213182846e-11,9.745570470902297e-11,1189,1cdb9e48f3c0a502e3766fda5e666fd596412a31816737eeddf9af884239cb3f,59d75bb78937a26196eda7cb5b5010e45141d8c33aec5e92c19beb89b021fd14,1.5607602800009772
rb_g039_v0,rb_g039,train,v0,0,0,1.7999999999999994,333.33,333.33,43.48087576313344,33.836987089747225,35.09326106598771,43.39810887052761,0.7701461153233033,0.22985388482264785,-1.4595118323789008e-10,7.612875752232713e-11,1183,0eaae30a4d795cedb8ad71363a3c85a80e9ce9e21d91956e14add34a3d0bcdbf,2e3554783239dda7ead118eaa5799d815bd9923e6fea4f33a89ed992057a8c94,1.593365687993355
rb_g039_v1,rb_g039,train,v1,0,0,2.5,500.0,333.33,44.48020549975547,34.008943598089,35.26506839927068,44.36476747651375,0.8334354240229862,0.16656457608599118,-1.0897738267345858e-10,7.664398373830065e-11,1141,0eaae30a4d795cedb8ad71363a3c85a80e9ce9e21d91956e14add34a3d0bcdbf,2e3554783239dda7ead118eaa5799d815bd9923e6fea4f33a89ed992057a8c94,1.5929252700007055
rb_g039_v2,rb_g039,train,v2,1,1,7.0,1000.0,333.33,72.29484707310172,52.35571729509642,54.26196759946551,71.93424328949783,0.9080438361947168,0.0919561638437526,-3.846940226687983e-11,8.920443040124042e-11,1172,0eaae30a4d795cedb8ad71363a3c85a80e9ce9e21d91956e14add34a3d0bcdbf,2e3554783239dda7ead118eaa5799d815bd9923e6fea4f33a89ed992057a8c94,1.6083631490182597
rb_g039_v3,rb_g039,train,v3,1,1,7.0,1000.0,500.0,72.21138865383176,50.48392304461343,52.86727601763687,71.80234490238013,0.8989915026951829,0.1010084973417873,-3.697020467541279e-11,8.918876795959617e-11,1135,0eaae30a4d795cedb8ad71363a3c85a80e9ce9e21d91956e14add34a3d0bcdbf,2e3554783239dda7ead118eaa5799d815bd9923e6fea4f33a89ed992057a8c94,1.5341915609897114
rb_g039_v4,rb_g039,train,v4,2,2,16.5,2050.0,500.0,98.52440333676748,62.2924385664185,65.17638209753198,97.49187048137401,0.9466695999121947,0.05333040010540589,-1.7600567468114356e-11,1.1721616609875224e-10,1169,0eaae30a4d795cedb8ad71363a3c85a80e9ce9e21d91956e14add34a3d0bcdbf,2e3554783239dda7ead118eaa5799d815bd9923e6fea4f33a89ed992057a8c94,1.5735728619911242
rb_g039_v5,rb_g039,train,v5,2,2,16.499999999999996,2050.0,1000.0,96.85967495385131,59.8038301048522,63.53956427091224,95.86815926130822,0.9405086802999619,0.059491319716453876,-1.6415838385600267e-11,1.1526923661409538e-10,1169,0eaae30a4d795cedb8ad71363a3c85a80e9ce9e21d91956e14add34a3d0bcdbf,2e3554783239dda7ead118eaa5799d815bd9923e6fea4f33a89ed992057a8c94,1.5443522020068485
rb_g039_v6,rb_g039,train,v6,3,3,12.499999999999996,1000.0,500.0,127.51787609883786,90.1451058390186,94.40030922689495,126.82485767040833,0.8990012635790035,0.10099873644485154,-2.3854980213400274e-11,9.831602575438982e-11,1201,0eaae30a4d795cedb8ad71363a3c85a80e9ce9e21d91956e14add34a3d0bcdbf,2e3554783239dda7ead118eaa5799d815bd9923e6fea4f33a89ed992057a8c94,1.5481858089915477
rb_g039_v7,rb_g039,train,v7,3,3,12.499999999999996,1000.0,500.0,131.07354961872056,90.14399869976528,94.39921333771242,128.32812693599277,0.899002695890299,0.10099730413354992,-2.384892283657792e-11,9.756169450725934e-11,1197,0eaae30a4d795cedb8ad71363a3c85a80e9ce9e21d91956e14add34a3d0bcdbf,2e3554783239dda7ead118eaa5799d815bd9923e6fea4f33a89ed992057a8c94,1.5743134950171225
rb_g040_v0,rb_g040,valid,v0,0,0,1.8000000000000003,333.33,333.33,45.20371318216877,33.857140501776364,35.1133016415212,45.20371318216877,0.7698842919850499,0.2301157081620135,-1.4706341083186517e-10,7.659164037213408e-11,1205,0878e9900dadac8e9bfe54fb80e4451f6bf621c9d0fbe55ea834ed3b9310e4bf,8d0264a63eb0d57f59dbabb1df99d239018adece285e43c90a3cd2e6541126f7,1.5443905779975466
rb_g040_v1,rb_g040,valid,v1,0,0,2.5000000000000004,500.0,333.33,46.62041665438636,34.04339029237678,35.30034046879331,46.62041665438636,0.8331350225993601,0.16686497750815615,-1.0751630696859136e-10,7.879490158408673e-11,1203,0878e9900dadac8e9bfe54fb80e4451f6bf621c9d0fbe55ea834ed3b9310e4bf,8d0264a63eb0d57f59dbabb1df99d239018adece285e43c90a3cd2e6541126f7,1.5666332250111736
rb_g040_v2,rb_g040,valid,v2,1,1,7.000000000000001,1000.0,333.33,77.00270268462253,52.468215344264614,54.38479301243688,76.85292842913805,0.907715216676809,0.09228478336165298,-3.846191619162807e-11,8.970240191577078e-11,1154,0878e9900dadac8e9bfe54fb80e4451f6bf621c9d0fbe55ea834ed3b9310e4bf,8d0264a63eb0d57f59dbabb1df99d239018adece285e43c90a3cd2e6541126f7,1.5350619870005175
rb_g040_v3,rb_g040,valid,v3,1,1,6.999999999999999,1000.0,500.0,76.98755390544767,50.584537253393194,52.9772452442544,76.84340484540894,0.8986485212589778,0.1013514787793771,-3.835482725073852e-11,9.081041040706486e-11,1156,0878e9900dadac8e9bfe54fb80e4451f6bf621c9d0fbe55ea834ed3b9310e4bf,8d0264a63eb0d57f59dbabb1df99d239018adece285e43c90a3cd2e6541126f7,1.5473369719984476
rb_g040_v4,rb_g040,valid,v4,2,2,16.499999999999996,2050.0,500.0,109.61792741937609,62.54572480150766,65.48556740243757,109.26684985618562,0.9463163644158281,0.05368363560164301,-1.7471122192067458e-11,1.1849704711413677e-10,1159,0878e9900dadac8e9bfe54fb80e4451f6bf621c9d0fbe55ea834ed3b9310e4bf,8d0264a63eb0d57f59dbabb1df99d239018adece285e43c90a3cd2e6541126f7,1.5337643189996015
rb_g040_v5,rb_g040,valid,v5,2,2,16.5,2050.0,1000.0,107.06427353468331,60.027621067084944,63.82262711556267,106.76678712231603,0.9401353485725298,0.059864651445436054,-1.7965803928718465e-11,1.1432714384885254e-10,1150,0878e9900dadac8e9bfe54fb80e4451f6bf621c9d0fbe55ea834ed3b9310e4bf,8d0264a63eb0d57f59dbabb1df99d239018adece285e43c90a3cd2e6541126f7,1.5205121350008994
rb_g040_v6,rb_g040,valid,v6,3,3,12.500000000000002,1000.0,500.0,135.97181775469278,90.32225141232664,94.59778446308941,135.97181775469278,0.898662306000431,0.10133769402432709,-2.4758062266982956e-11,9.707986828899871e-11,1186,0878e9900dadac8e9bfe54fb80e4451f6bf621c9d0fbe55ea834ed3b9310e4bf,8d0264a63eb0d57f59dbabb1df99d239018adece285e43c90a3cd2e6541126f7,1.558712978992844
rb_g040_v7,rb_g040,valid,v7,3,3,12.499999999999998,1000.0,500.0,136.46073843085173,90.32293620939592,94.59863553797524,136.46073843085173,0.8986611005178335,0.10133889950699254,-2.482604344322681e-11,9.62545441763671e-11,1186,0878e9900dadac8e9bfe54fb80e4451f6bf621c9d0fbe55ea834ed3b9310e4bf,8d0264a63eb0d57f59dbabb1df99d239018adece285e43c90a3cd2e6541126f7,1.5165509100188501
rb_g041_v0,rb_g041,train,v0,0,0,1.8000000000000003,333.33,333.33,44.8702855710514,33.845085104386264,35.103484379862806,44.86690845029028,0.7700406111922801,0.22995938895270057,-1.449806941167253e-10,7.71267607195045e-11,1189,7e475a3fdf035983b7dd5810aec3400ece404db05b70c08f65d1ddfb13ab227c,9bbca498c1c77b3ff7e8ac68bdb6984d6006cfd86266d11d92515226452966b2,1.5596713869890664
rb_g041_v1,rb_g041,train,v1,0,0,2.5,500.0,333.33,46.824289110782956,34.024810269336136,35.285337132305614,46.80629789326838,0.8332966756814587,0.16670332442582475,-1.072834487914065e-10,7.862066524382367e-11,1199,7e475a3fdf035983b7dd5810aec3400ece404db05b70c08f65d1ddfb13ab227c,9bbca498c1c77b3ff7e8ac68bdb6984d6006cfd86266d11d92515226452966b2,1.5587182760064024
rb_g041_v2,rb_g041,train,v2,1,1,6.999999999999999,1000.0,333.33,78.87242147678796,52.41207931353273,54.342992401629445,78.55219724883733,0.9078790070847464,0.09212099295307836,-3.782480677878247e-11,9.066147126636976e-11,1171,7e475a3fdf035983b7dd5810aec3400ece404db05b70c08f65d1ddfb13ab227c,9bbca498c1c77b3ff7e8ac68bdb6984d6006cfd86266d11d92515226452966b2,1.5722061000124086
rb_g041_v3,rb_g041,train,v3,1,1,7.0,1000.0,500.0,77.46483978109694,50.531249017284594,52.93840901385233,77.41510648071812,0.898830272655661,0.10116972738270923,-3.837018004913619e-11,9.198638846358413e-11,1177,7e475a3fdf035983b7dd5810aec3400ece404db05b70c08f65d1ddfb13ab227c,9bbca498c1c77b3ff7e8ac68bdb6984d6006cfd86266d11d92515226452966b2,1.529933551006252
rb_g041_v4,rb_g041,train,v4,2,2,16.5,2050.0,500.0,109.11131970290586,62.40344548067305,65.39870280596499,109.07961209764022,0.9465148571311426,0.05348514288648759,-1.7630146500940128e-11,1.1624043200501099e-10,1159,7e475a3fdf035983b7dd5810aec3400ece404db05b70c08f65d1ddfb13ab227c,9bbca498c1c77b3ff7e8ac68bdb6984d6006cfd86266d11d92515226452966b2,1.542500237992499
rb_g041_v5,rb_g041,train,v5,2,2,16.5,2050.0,1000.0,110.12753546849041,59.89238645420547,63.73894246026794,110.12753546849041,0.9403604028602752,0.05963959715667732,-1.6952533652952848e-11,1.1510916550125195e-10,1168,7e475a3fdf035983b7dd5810aec3400ece404db05b70c08f65d1ddfb13ab227c,9bbca498c1c77b3ff7e8ac68bdb6984d6006cfd86266d11d92515226452966b2,1.5992518150014803
rb_g041_v6,rb_g041,train,v6,3,3,12.500000000000002,1000.0,500.0,137.38430038822685,90.21760286720186,94.51643792946025,137.38430038822685,0.8988621599870403,0.10113784003809556,-2.513589336672339e-11,9.811393379658325e-11,1176,7e475a3fdf035983b7dd5810aec3400ece404db05b70c08f65d1ddfb13ab227c,9bbca498c1c77b3ff7e8ac68bdb6984d6006cfd86266d11d92515226452966b2,1.5609742469969206
rb_g041_v7,rb_g041,train,v7,3,3,12.500000000000002,1000.0,500.0,136.88952351767347,90.21765570491637,94.51539397467134,136.88952351767347,0.8988620626489451,0.10113793737602708,-2.497220208397266e-11,9.868009636578789e-11,1174,7e475a3fdf035983b7dd5810aec3400ece404db05b70c08f65d1ddfb13ab227c,9bbca498c1c77b3ff7e8ac68bdb6984d6006cfd86266d11d92515226452966b2,1.58634589301073
rb_g042_v0,rb_g042,train,v0,0,0,1.8000000000000003,333.33,333.33,44.6989701496816,33.84861823109156,35.104128936977006,44.6989701496816,0.7699944943487147,0.23000550579860052,-1.4731521558175584e-10,7.566285834664872e-11,1156,a7114e85407f195d0856fbd5678b9fdf55cdc490513de5c00a9a34c2bf3eef24,82d3eadecdc1841e3c612ac174ef86994f066a76bb0c45b5fbbb2d504809783a,1.532523792993743
rb_g042_v1,rb_g042,train,v1,0,0,2.5,500.0,333.33,45.63079388587914,34.027520787467445,35.28285201277987,45.63079388587914,0.8332732104783288,0.16672678963187426,-1.1020304668818426e-10,7.764969145487147e-11,1149,a7114e85407f195d0856fbd5678b9fdf55cdc490513de5c00a9a34c2bf3eef24,82d3eadecdc1841e3c612ac174ef86994f066a76bb0c45b5fbbb2d504809783a,1.495025974989403
rb_g042_v2,rb_g042,train,v2,1,1,6.999999999999999,1000.0,333.33,74.26625529235042,52.40930903463849,54.31521904578059,74.25673218108761,0.9078873340316339,0.09211266600661341,-3.824729422063911e-11,8.853700062957293e-11,1138,a7114e85407f195d0856fbd5678b9fdf55cdc490513de5c00a9a34c2bf3eef24,82d3eadecdc1841e3c612ac174ef86994f066a76bb0c45b5fbbb2d504809783a,1.478493611997692
rb_g042_v3,rb_g042,train,v3,1,1,7.0,1000.0,500.0,74.12695065417381,50.527084138977365,52.91019715658792,74.11729804538118,0.8988445361932749,0.10115546384369685,-3.697167968600265e-11,9.052475751161337e-11,1142,a7114e85407f195d0856fbd5678b9fdf55cdc490513de5c00a9a34c2bf3eef24,82d3eadecdc1841e3c612ac174ef86994f066a76bb0c45b5fbbb2d504809783a,1.5518360489804763
rb_g042_v4,rb_g042,train,v4,2,2,16.5,2050.0,500.0,104.02798921748712,62.403112549422275,65.29367218403613,104.02798921748712,0.9465152314443185,0.053484768571856973,-1.6175485193705505e-11,1.1558811999965724e-10,1126,a7114e85407f195d0856fbd5678b9fdf55cdc490513de5c00a9a34c2bf3eef24,82d3eadecdc1841e3c612ac174ef86994f066a76bb0c45b5fbbb2d504809783a,1.48790492999251
rb_g042_v5,rb_g042,train,v5,2,2,16.500000000000004,2050.0,1000.0,106.17646369867015,59.91419098518196,63.66047466866013,106.17646369867015,0.940324214909998,0.05967578510805684,-1.8054749614551917e-11,1.1292322354434678e-10,1161,a7114e85407f195d0856fbd5678b9fdf55cdc490513de5c00a9a34c2bf3eef24,82d3eadecdc1841e3c612ac174ef86994f066a76bb0c45b5fbbb2d504809783a,1.5625936580181587
rb_g042_v6,rb_g042,train,v6,3,3,12.499999999999998,1000.0,500.0,134.58024057548772,90.2384284883685,94.4939809066011,134.58024057548772,0.8988225636846784,0.10117743634015312,-2.4831461331586984e-11,9.910681416862471e-11,1191,a7114e85407f195d0856fbd5678b9fdf55cdc490513de5c00a9a34c2bf3eef24,82d3eadecdc1841e3c612ac174ef86994f066a76bb0c45b5fbbb2d504809783a,1.6016392979945522
rb_g042_v7,rb_g042,train,v7,3,3,12.5,1000.0,500.0,134.36335434679887,90.24308868189284,94.4983851097323,134.36335434679887,0.8988139170330727,0.10118608299186324,-2.4935964404448897e-11,9.925298028644111e-11,1190,a7114e85407f195d0856fbd5678b9fdf55cdc490513de5c00a9a34c2bf3eef24,82d3eadecdc1841e3c612ac174ef86994f066a76bb0c45b5fbbb2d504809783a,1.582353815989336
rb_g043_v0,rb_g043,valid,v0,0,0,1.8,333.33,333.33,44.26476929113494,33.83365308184162,35.090544184624584,44.22917197986317,0.7701879311548707,0.22981206898958798,-1.444586425789238e-10,7.617533746252827e-11,1185,c2512666e9cc602f5522473ca906227aad97a82359071c86a67016d4e172a575,29fe99da282a6362e499e7f1a3c70f49a81f76dcad483512ee4cfc35c6e80530,1.5479617010278162
rb_g043_v1,rb_g043,valid,v1,0,0,2.5,500.0,333.33,45.21373981155608,34.004137249129,35.26108453933799,45.183873391378654,0.833476759566959,0.16652324053887327,-1.0583220966253748e-10,7.897128644654419e-11,1186,c2512666e9cc602f5522473ca906227aad97a82359071c86a67016d4e172a575,29fe99da282a6362e499e7f1a3c70f49a81f76dcad483512ee4cfc35c6e80530,1.562992427003337
rb_g043_v2,rb_g043,valid,v2,1,1,6.999999999999999,1000.0,333.33,72.87950873768187,52.33996133104681,54.24845342561251,72.82401159001853,0.9080899147848789,0.09191008525313821,-3.801714498763432e-11,9.021228834950745e-11,1175,c2512666e9cc602f5522473ca906227aad97a82359071c86a67016d4e172a575,29fe99da282a6362e499e7f1a3c70f49a81f76dcad483512ee4cfc35c6e80530,1.5604299120022915
rb_g043_v3,rb_g043,valid,v3,1,1,7.0,1000.0,500.0,71.88900804089366,50.46640658495672,52.85108673936137,71.74054349659093,0.8990513816282103,0.10094861840995098,-3.816133123787527e-11,9.236131871367008e-11,1186,c2512666e9cc602f5522473ca906227aad97a82359071c86a67016d4e172a575,29fe99da282a6362e499e7f1a3c70f49a81f76dcad483512ee4cfc35c6e80530,1.5486590219952632
rb_g043_v4,rb_g043,valid,v4,2,2,16.499999999999996,2050.0,500.0,98.56875601686721,62.25178412290361,65.13962670998372,98.54637663204147,0.9467261090374194,0.05327389097926529,-1.6684707487666916e-11,1.1813046076786808e-10,1168,c2512666e9cc602f5522473ca906227aad97a82359071c86a67016d4e172a575,29fe99da282a6362e499e7f1a3c70f49a81f76dcad483512ee4cfc35c6e80530,1.5499446530011483
rb_g043_v5,rb_g043,valid,v5,2,2,16.499999999999993,2050.0,1000.0,99.14147455262281,59.76363472745377,63.50553813834522,98.82134108471342,0.9405746483043569,0.059425351712397004,-1.6753938304032786e-11,1.1592266797976892e-10,1169,c2512666e9cc602f5522473ca906227aad97a82359071c86a67016d4e172a575,29fe99da282a6362e499e7f1a3c70f49a81f76dcad483512ee4cfc35c6e80530,1.5344324329926167
rb_g043_v6,rb_g043,valid,v6,3,3,12.499999999999996,1000.0,500.0,134.58736533267836,90.12519083194735,94.38582705322834,133.57224833714673,0.8990397667414112,0.10096023328259349,-2.400465604068814e-11,9.903843220157009e-11,1194,c2512666e9cc602f5522473ca906227aad97a82359071c86a67016d4e172a575,29fe99da282a6362e499e7f1a3c70f49a81f76dcad483512ee4cfc35c6e80530,1.6051659360236954
rb_g043_v7,rb_g043,valid,v7,3,3,12.499999999999998,1000.0,500.0,131.86264062204435,90.13318912280249,94.39358601359949,131.64398223830307,0.8990252009798538,0.10097479904625382,-2.6107684902854092e-11,9.676252142924463e-11,1185,c2512666e9cc602f5522473ca906227aad97a82359071c86a67016d4e172a575,29fe99da282a6362e499e7f1a3c70f49a81f76dcad483512ee4cfc35c6e80530,1.5728642259782646
rb_g044_v0,rb_g044,test,v0,0,0,1.8,333.33,333.33,44.25537234048028,33.84057021300967,35.09686912620776,44.25537234048028,0.7700982899754976,0.2299017101677639,-1.432614829235648e-10,7.676776742667414e-11,1196,bc9c16584ad6e4a703ea48e9c47d43bf8439b15ac6c818a048f1e19181fa5894,409a0de1fa752a0dcbd5ace9fd975f4440031ac55179934d932a8d8a7d4f49a5,1.6714162720018066
rb_g044_v1,rb_g044,test,v1,0,0,2.5,500.0,333.33,45.37445691192454,34.01448617575659,35.270926389928235,45.37445691192454,0.8333866176202174,0.16661338248668872,-1.0690603957641542e-10,7.945745211996034e-11,1193,bc9c16584ad6e4a703ea48e9c47d43bf8439b15ac6c818a048f1e19181fa5894,409a0de1fa752a0dcbd5ace9fd975f4440031ac55179934d932a8d8a7d4f49a5,1.8789586699858773
rb_g044_v2,rb_g044,test,v2,1,1,7.0,1000.0,333.33,77.42487265424126,52.38024862838466,54.28908824253778,77.12584497459909,0.9079739622138782,0.09202603782403043,-3.790854931549705e-11,9.065497430490514e-11,1188,bc9c16584ad6e4a703ea48e9c47d43bf8439b15ac6c818a048f1e19181fa5894,409a0de1fa752a0dcbd5ace9fd975f4440031ac55179934d932a8d8a7d4f49a5,1.8463433110155165
rb_g044_v3,rb_g044,test,v3,1,1,7.0,1000.0,500.0,73.79265306275653,50.499035015996,52.884418739159265,73.5004683755464,0.8989407083927751,0.10105929164560089,-3.837593734853531e-11,9.163486178123425e-11,1178,bc9c16584ad6e4a703ea48e9c47d43bf8439b15ac6c818a048f1e19181fa5894,409a0de1fa752a0dcbd5ace9fd975f4440031ac55179934d932a8d8a7d4f49a5,1.6735674839874264
rb_g044_v4,rb_g044,test,v4,2,2,16.499999999999996,2050.0,500.0,107.1481539948685,62.341567486008095,65.23570197988913,106.1842543165933,0.9466009200965911,0.05339907991986003,-1.6451204035402874e-11,1.1614821966399943e-10,1164,bc9c16584ad6e4a703ea48e9c47d43bf8439b15ac6c818a048f1e19181fa5894,409a0de1fa752a0dcbd5ace9fd975f4440031ac55179934d932a8d8a7d4f49a5,1.5097947170143016
rb_g044_v5,rb_g044,test,v5,2,2,16.499999999999996,2050.0,1000.0,102.50510243507705,59.85636935192742,63.60379432377152,101.92307167201153,0.9404202543430893,0.05957974567329684,-1.6386091137164705e-11,1.168630486623375e-10,1169,bc9c16584ad6e4a703ea48e9c47d43bf8439b15ac6c818a048f1e19181fa5894,409a0de1fa752a0dcbd5ace9fd975f4440031ac55179934d932a8d8a7d4f49a5,1.5937819659884553
rb_g044_v6,rb_g044,test,v6,3,3,12.499999999999995,1000.0,500.0,130.6728411924513,90.1847167914575,94.44351102399551,130.6024890307928,0.8989251221198461,0.1010748779042059,-2.405194265975298e-11,9.781461391244915e-11,1202,bc9c16584ad6e4a703ea48e9c47d43bf8439b15ac6c818a048f1e19181fa5894,409a0de1fa752a0dcbd5ace9fd975f4440031ac55179934d932a8d8a7d4f49a5,1.6479611830145586
rb_g044_v7,rb_g044,test,v7,3,3,12.5,1000.0,500.0,131.6764751799082,90.19069281651292,94.45000131968705,130.95319458387598,0.8989149708905498,0.10108502913356401,-2.411381316846928e-11,9.674452324128479e-11,1201,bc9c16584ad6e4a703ea48e9c47d43bf8439b15ac6c818a048f1e19181fa5894,409a0de1fa752a0dcbd5ace9fd975f4440031ac55179934d932a8d8a7d4f49a5,1.6033201389946043
rb_g045_v0,rb_g045,train,v0,0,0,1.7999999999999998,333.33,333.33,43.65197420954712,33.838978614386605,35.09513021021571,43.6325862620983,0.7701193248505361,0.22988067529532988,-1.4586603529980696e-10,7.593854229144257e-11,1182,0b8d2e201cd99ecf281d348e69a7eb26a53cadc97f6ceb4bba55c27cf8ccdb3d,bf76bdae6626ead0d74299796e7379b499e395d729cf26dbc9b22234284c64db,1.618004143005237
rb_g045_v1,rb_g045,train,v1,0,0,2.5000000000000004,500.0,333.33,44.74515590251332,34.01353067274021,35.26949539507197,44.74515590251332,0.8333950672770328,0.16660493283306135,-1.1009420042284998e-10,7.768976099023647e-11,1177,0b8d2e201cd99ecf281d348e69a7eb26a53cadc97f6ceb4bba55c27cf8ccdb3d,bf76bdae6626ead0d74299796e7379b499e395d729cf26dbc9b22234284c64db,1.5982704850030132
rb_g045_v2,rb_g045,train,v2,1,1,6.999999999999999,1000.0,333.33,72.95534604377508,52.370572503045196,54.276755451789946,72.95534604377508,0.9080003562883658,0.09199964374959009,-3.795598755930639e-11,9.006744141903466e-11,1176,0b8d2e201cd99ecf281d348e69a7eb26a53cadc97f6ceb4bba55c27cf8ccdb3d,bf76bdae6626ead0d74299796e7379b499e395d729cf26dbc9b22234284c64db,1.6211042779905256
rb_g045_v3,rb_g045,train,v3,1,1,7.000000000000001,1000.0,500.0,72.60727406220661,50.49494909243858,52.87784817950996,72.60727406220661,0.8989539783798831,0.1010460216598051,-3.9688173382655476e-11,9.029658184898594e-11,1172,0b8d2e201cd99ecf281d348e69a7eb26a53cadc97f6ceb4bba55c27cf8ccdb3d,bf76bdae6626ead0d74299796e7379b499e395d729cf26dbc9b22234284c64db,1.5105452570132911
rb_g045_v4,rb_g045,train,v4,2,2,16.5,2050.0,500.0,98.60015288481486,62.31719221744937,65.1991495397851,98.60015288481486,0.9466350443958103,0.05336495562115171,-1.6961913355354834e-11,1.1721184252953008e-10,1165,0b8d2e201cd99ecf281d348e69a7eb26a53cadc97f6ceb4bba55c27cf8ccdb3d,bf76bdae6626ead0d74299796e7379b499e395d729cf26dbc9b22234284c64db,1.53856174799148
rb_g045_v5,rb_g045,train,v5,2,2,16.5,2050.0,1000.0,96.90448615033779,59.831630271664885,63.56599010353338,96.90448615033779,0.9404627177281911,0.059537282289349104,-1.7540245350443058e-11,1.1500417462646733e-10,1158,0b8d2e201cd99ecf281d348e69a7eb26a53cadc97f6ceb4bba55c27cf8ccdb3d,bf76bdae6626ead0d74299796e7379b499e395d729cf26dbc9b22234284c64db,1.4889728020061739
rb_g045_v6,rb_g045,train,v6,3,3,12.5,1000.0,500.0,127.87625141609419,90.16690811837186,94.42137906787426,127.87625141609419,0.8989593890893175,0.10104061093559437,-2.4911912532843416e-11,9.68284888906699e-11,1188,0b8d2e201cd99ecf281d348e69a7eb26a53cadc97f6ceb4bba55c27cf8ccdb3d,bf76bdae6626ead0d74299796e7379b499e395d729cf26dbc9b22234284c64db,1.641746418987168
rb_g045_v7,rb_g045,train,v7,3,3,12.500000000000002,1000.0,500.0,127.98467980373255,90.16266883889391,94.4177757656802,127.98467980373255,0.8989674994991862,0.10103250052577653,-2.4962698574881866e-11,9.773767712442937e-11,1179,0b8d2e201cd99ecf281d348e69a7eb26a53cadc97f6ceb4bba55c27cf8ccdb3d,bf76bdae6626ead0d74299796e7379b499e395d729cf26dbc9b22234284c64db,1.5532649569795467
rb_g046_v0,rb_g046,train,v0,0,0,1.8000000000000003,333.33,333.33,44.222039727625315,33.838811312989115,35.09597940704167,44.149805461977394,0.7701213875127824,0.22987861263038648,-1.4316887181959395e-10,7.681405555595157e-11,1191,74793ef16f8c8a58208ecbee1b25104424a66840e24c7a93a45d93c1193565ca,9c12f1526b71e20b79edb0956a43c735fd2fa31e73f740450acf11c7a9662a6f,1.6064468580007087
rb_g046_v1,rb_g046,train,v1,0,0,2.5,500.0,333.33,45.58685755298029,34.01245812369912,35.270477025330464,45.48382982204919,0.8334043155752046,0.16659568453149975,-1.0670428984838055e-10,7.93619573235693e-11,1193,74793ef16f8c8a58208ecbee1b25104424a66840e24c7a93a45d93c1193565ca,9c12f1526b71e20b79edb0956a43c735fd2fa31e73f740450acf11c7a9662a6f,1.6536184390133712
rb_g046_v2,rb_g046,train,v2,1,1,7.000000000000001,1000.0,333.33,74.89935342954396,52.3672962225778,54.284450955341185,74.62914200897649,0.9080098650940829,0.0919901349434732,-3.7556037644849634e-11,9.1533133455672e-11,1192,74793ef16f8c8a58208ecbee1b25104424a66840e24c7a93a45d93c1193565ca,9c12f1526b71e20b79edb0956a43c735fd2fa31e73f740450acf11c7a9662a6f,1.6810687770193908
rb_g046_v3,rb_g046,train,v3,1,1,7.0,1000.0,500.0,73.9563821833774,50.49378471810647,52.887824956770125,73.72317822376903,0.8989577182785681,0.10104228176009389,-3.866191493934983e-11,9.3092550177718e-11,1181,74793ef16f8c8a58208ecbee1b25104424a66840e24c7a93a45d93c1193565ca,9c12f1526b71e20b79edb0956a43c735fd2fa31e73f740450acf11c7a9662a6f,1.614108228997793
rb_g046_v4,rb_g046,train,v4,2,2,16.5,2050.0,500.0,101.88635133579407,62.336868384967964,65.26754330907856,100.4407842448843,0.9466090722575472,0.053390927759824736,-1.737196245440745e-11,1.198586494568064e-10,1185,74793ef16f8c8a58208ecbee1b25104424a66840e24c7a93a45d93c1193565ca,9c12f1526b71e20b79edb0956a43c735fd2fa31e73f740450acf11c7a9662a6f,1.5248136410082225
rb_g046_v5,rb_g046,train,v5,2,2,16.500000000000004,2050.0,1000.0,99.19577450232327,59.836272904164694,63.61511301381313,98.69790974972182,0.9404548314960928,0.05954516852008058,-1.617329166215382e-11,1.1614890928248367e-10,1179,74793ef16f8c8a58208ecbee1b25104424a66840e24c7a93a45d93c1193565ca,9c12f1526b71e20b79edb0956a43c735fd2fa31e73f740450acf11c7a9662a6f,1.537055496009998
rb_g046_v6,rb_g046,train,v6,3,3,12.5,1000.0,500.0,131.24738026573925,90.1695240823613,94.44216442774987,130.31630315807803,0.8989542279131985,0.10104577211127692,-2.4475372839560805e-11,9.860194078636193e-11,1206,74793ef16f8c8a58208ecbee1b25104424a66840e24c7a93a45d93c1193565ca,9c12f1526b71e20b79edb0956a43c735fd2fa31e73f740450acf11c7a9662a6f,1.6283847099984996
rb_g046_v7,rb_g046,train,v7,3,3,12.500000000000002,1000.0,500.0,131.1100726413278,90.16876092338488,94.44269102135337,130.66372683793304,0.8989553587491471,0.10104464127580746,-2.4954616151262597e-11,9.704576682462392e-11,1182,74793ef16f8c8a58208ecbee1b25104424a66840e24c7a93a45d93c1193565ca,9c12f1526b71e20b79edb0956a43c735fd2fa31e73f740450acf11c7a9662a6f,1.5994824249937665
rb_g047_v0,rb_g047,train,v0,0,0,1.7999999999999998,333.33,333.33,44.389303807536976,33.83787748173091,35.09584527207368,44.34663171449546,0.7701333435853787,0.2298666565588009,-1.4417951400681597e-10,7.70678593060321e-11,1194,fca74e72f39daf46636dbb902f3d296201e88c4db44e006bee2c066683e924d8,c81bdb40aeee349c052458fa0b350edf9680563d53f6697d83ba495fc82c26f0,1.6121297549980227
rb_g047_v1,rb_g047,train,v1,0,0,2.4999999999999996,500.0,333.33,45.57694620353806,34.011030569253904,35.27036592571756,45.56588819965532,0.8334168059794393,0.16658319412899183,-1.0843115294534301e-10,7.790253947959104e-11,1175,fca74e72f39daf46636dbb902f3d296201e88c4db44e006bee2c066683e924d8,c81bdb40aeee349c052458fa0b350edf9680563d53f6697d83ba495fc82c26f0,1.5902632969955448
rb_g047_v2,rb_g047,train,v2,1,1,6.999999999999999,1000.0,333.33,74.8052171955552,52.35949973831989,54.28035757303392,74.76859679614586,0.9080327972212603,0.09196720281656237,-3.782268149470676e-11,8.932938100252821e-11,1172,fca74e72f39daf46636dbb902f3d296201e88c4db44e006bee2c066683e924d8,c81bdb40aeee349c052458fa0b350edf9680563d53f6697d83ba495fc82c26f0,1.5458164050069172
rb_g047_v3,rb_g047,train,v3,1,1,6.999999999999999,1000.0,500.0,74.1014692270515,50.482659749589494,52.87833916450533,74.06432069732642,0.8989961870933126,0.10100381294408606,-3.7398671461273485e-11,8.977137802564495e-11,1128,fca74e72f39daf46636dbb902f3d296201e88c4db44e006bee2c066683e924d8,c81bdb40aeee349c052458fa0b350edf9680563d53f6697d83ba495fc82c26f0,1.533624586998485
rb_g047_v4,rb_g047,train,v4,2,2,16.499999999999996,2050.0,500.0,102.20914066297405,62.2868249235696,65.21976430672512,102.126614357405,0.9466776933727055,0.053322306643881726,-1.6587196262982868e-11,1.1573193835193233e-10,1118,fca74e72f39daf46636dbb902f3d296201e88c4db44e006bee2c066683e924d8,c81bdb40aeee349c052458fa0b350edf9680563d53f6697d83ba495fc82c26f0,1.5556391209829599
rb_g047_v5,rb_g047,train,v5,2,2,16.5,2050.0,1000.0,101.17369679467618,59.79904712156537,63.586436192098525,101.1035289756851,0.9405161185410862,0.05948388147396359,-1.5049799790228296e-11,1.1525104135922041e-10,1120,fca74e72f39daf46636dbb902f3d296201e88c4db44e006bee2c066683e924d8,c81bdb40aeee349c052458fa0b350edf9680563d53f6697d83ba495fc82c26f0,1.5358210209815297
rb_g047_v6,rb_g047,train,v6,3,3,12.5,1000.0,500.0,131.7705067700452,90.15040707863173,94.43069906317076,131.7181623455117,0.8989907271674259,0.1010092728567737,-2.41996467309491e-11,9.583740082771191e-11,1138,fca74e72f39daf46636dbb902f3d296201e88c4db44e006bee2c066683e924d8,c81bdb40aeee349c052458fa0b350edf9680563d53f6697d83ba495fc82c26f0,1.4481913420022465
rb_g047_v7,rb_g047,train,v7,3,3,12.5,1000.0,500.0,131.83006209689103,90.15171315763337,94.43306445535684,131.777526698155,0.8989882352861172,0.10101176473843078,-2.454791925288191e-11,9.708474931585851e-11,1189,fca74e72f39daf46636dbb902f3d296201e88c4db44e006bee2c066683e924d8,c81bdb40aeee349c052458fa0b350edf9680563d53f6697d83ba495fc82c26f0,1.5005899440147914
rb_g048_v0,rb_g048,valid,v0,0,0,1.8000000000000003,333.33,333.33,45.88664860503252,33.86425044793145,35.1201845074727,45.78409000730039,0.7697924937981583,0.23020750634628293,-1.4444121824534287e-10,7.746522833862226e-11,1216,70f71466a94979d6529644f2c615fdcea71966e3643786ae78a28a4fc2f549fd,477bf094b1ff2a14697bdd588d9b295ecfa9c0c1ce9ef420281d7bbc0adcdd36,1.580844479991356
rb_g048_v1,rb_g048,valid,v1,0,0,2.5,500.0,333.33,47.5364384828668,34.05211311499465,35.309158858657696,47.399686814502786,0.8330591809175928,0.16694081918904766,-1.0664047422892509e-10,7.818823806192502e-11,1188,70f71466a94979d6529644f2c615fdcea71966e3643786ae78a28a4fc2f549fd,477bf094b1ff2a14697bdd588d9b295ecfa9c0c1ce9ef420281d7bbc0adcdd36,1.577918105002027
rb_g048_v2,rb_g048,valid,v2,1,1,6.999999999999999,1000.0,333.33,79.04078857258497,52.49290756780756,54.409782834823865,78.6887236288859,0.9076431453735129,0.09235685466343237,-3.69452722383455e-11,9.08131626995699e-11,1190,70f71466a94979d6529644f2c615fdcea71966e3643786ae78a28a4fc2f549fd,477bf094b1ff2a14697bdd588d9b295ecfa9c0c1ce9ef420281d7bbc0adcdd36,1.606284423993202
rb_g048_v3,rb_g048,valid,v3,1,1,7.000000000000002,1000.0,500.0,77.36745702379073,50.611948854146554,53.003704244416085,77.04483448493897,0.8985551594383591,0.10144484059987667,-3.823571618052515e-11,9.176125074473923e-11,1184,70f71466a94979d6529644f2c615fdcea71966e3643786ae78a28a4fc2f549fd,477bf094b1ff2a14697bdd588d9b295ecfa9c0c1ce9ef420281d7bbc0adcdd36,1.5947906670044176
rb_g048_v4,rb_g048,valid,v4,2,2,16.499999999999996,2050.0,500.0,109.8630854944982,62.6304667468433,65.56716154681818,109.11825673056308,0.9461977375325802,0.05380226248451199,-1.7092118965957997e-11,1.1816891659202215e-10,1176,70f71466a94979d6529644f2c615fdcea71966e3643786ae78a28a4fc2f549fd,477bf094b1ff2a14697bdd588d9b295ecfa9c0c1ce9ef420281d7bbc0adcdd36,1.5895880140014924
rb_g048_v5,rb_g048,valid,v5,2,2,16.5,2050.0,1000.0,110.91763239731102,60.12729900486412,63.92547353749093,110.12758518135786,0.9399687566786485,0.06003124333805528,-1.670383696681242e-11,1.1372072430577919e-10,1169,70f71466a94979d6529644f2c615fdcea71966e3643786ae78a28a4fc2f549fd,477bf094b1ff2a14697bdd588d9b295ecfa9c0c1ce9ef420281d7bbc0adcdd36,1.5466613859753124
rb_g048_v6,rb_g048,valid,v6,3,3,12.5,1000.0,500.0,140.47598784920228,90.3857519000723,94.66062838490194,139.83001414954464,0.8985409469866228,0.1014590530376224,-2.424519252031132e-11,9.759387008143869e-11,1202,70f71466a94979d6529644f2c615fdcea71966e3643786ae78a28a4fc2f549fd,477bf094b1ff2a14697bdd588d9b295ecfa9c0c1ce9ef420281d7bbc0adcdd36,1.6603858989838045
rb_g048_v7,rb_g048,valid,v7,3,3,12.500000000000002,1000.0,500.0,141.05237587431463,90.38855207027272,94.66531898205905,140.39101359057986,0.898536108263873,0.10146389176006422,-2.393719000792771e-11,9.789669570352457e-11,1204,70f71466a94979d6529644f2c615fdcea71966e3643786ae78a28a4fc2f549fd,477bf094b1ff2a14697bdd588d9b295ecfa9c0c1ce9ef420281d7bbc0adcdd36,1.577820079983212
rb_g049_v0,rb_g049,train,v0,0,0,1.7999999999999998,333.33,333.33,44.953632068310924,33.8364354852883,35.0935335298194,44.9455985109779,0.7701519512689311,0.22984804887810462,-1.4703574777483497e-10,7.516066415270845e-11,1150,d2a7e0000bd7630e7ec15eb6d6c8057cac6a4072dd3f8fa9365e76bbb15fb236,819012fdf7470cd09ac222eee5cc5cd62adef725dfcff983d6f9cf21e90ce7c1,1.4887171259906609
rb_g049_v1,rb_g049,train,v1,0,0,2.5,500.0,333.33,46.620099896753345,34.007836045711365,35.26565911399432,46.608928503007405,0.8334445607333972,0.16655543937317488,-1.0657208449060818e-10,7.825074841036263e-11,1183,d2a7e0000bd7630e7ec15eb6d6c8057cac6a4072dd3f8fa9365e76bbb15fb236,819012fdf7470cd09ac222eee5cc5cd62adef725dfcff983d6f9cf21e90ce7c1,1.547985517012421
rb_g049_v2,rb_g049,train,v2,1,1,7.0,1000.0,333.33,77.74240746658666,52.345148701846455,54.26039504181697,77.70830064987553,0.9080746575837749,0.09192534245376571,-3.754062140513627e-11,8.962740062591386e-11,1177,d2a7e0000bd7630e7ec15eb6d6c8057cac6a4072dd3f8fa9365e76bbb15fb236,819012fdf7470cd09ac222eee5cc5cd62adef725dfcff983d6f9cf21e90ce7c1,1.5221853050170466
rb_g049_v3,rb_g049,train,v3,1,1,7.0,1000.0,500.0,76.46230838852574,50.464755342392706,52.85672142939448,76.43594841871419,0.8990567957070744,0.1009432043304899,-3.756433259687648e-11,9.097695163363905e-11,1144,d2a7e0000bd7630e7ec15eb6d6c8057cac6a4072dd3f8fa9365e76bbb15fb236,819012fdf7470cd09ac222eee5cc5cd62adef725dfcff983d6f9cf21e90ce7c1,1.5501079320092686
rb_g049_v4,rb_g049,train,v4,2,2,16.500000000000004,2050.0,500.0,106.90733597156697,62.24526113264058,65.16117137036798,106.84023164254404,0.9467353232674627,0.05326467674959072,-1.7053362089461985e-11,1.176934668721432e-10,1157,d2a7e0000bd7630e7ec15eb6d6c8057cac6a4072dd3f8fa9365e76bbb15fb236,819012fdf7470cd09ac222eee5cc5cd62adef725dfcff983d6f9cf21e90ce7c1,1.5200114430044778
rb_g049_v5,rb_g049,train,v5,2,2,16.5,2050.0,1000.0,105.01477643452682,59.77046726355987,63.53547618531617,104.95553519960714,0.9405632806012458,0.05943671941600218,-1.7248027921737325e-11,1.1548854963761136e-10,1163,d2a7e0000bd7630e7ec15eb6d6c8057cac6a4072dd3f8fa9365e76bbb15fb236,819012fdf7470cd09ac222eee5cc5cd62adef725dfcff983d6f9cf21e90ce7c1,1.5450211449933704
rb_g049_v6,rb_g049,train,v6,3,3,12.499999999999998,1000.0,500.0,137.010605681414,90.15528632311286,94.42411343728676,136.83503914660628,0.8989836599257285,0.10101634009963298,-2.536145515819044e-11,9.763462203372636e-11,1181,d2a7e0000bd7630e7ec15eb6d6c8057cac6a4072dd3f8fa9365e76bbb15fb236,819012fdf7470cd09ac222eee5cc5cd62adef725dfcff983d6f9cf21e90ce7c1,1.6343815689906478
rb_g049_v7,rb_g049,train,v7,3,3,12.5,1000.0,500.0,136.6110097723008,90.14270657647461,94.41163557313095,136.5002688486931,0.8990061345499076,0.10099386547403796,-2.394557441220968e-11,9.725358267071665e-11,1143,d2a7e0000bd7630e7ec15eb6d6c8057cac6a4072dd3f8fa9365e76bbb15fb236,819012fdf7470cd09ac222eee5cc5cd62adef725dfcff983d6f9cf21e90ce7c1,1.5075954149942845
rb_g050_v0,rb_g050,train,v0,0,0,1.8,333.33,333.33,44.238842652709934,33.84730968709299,35.103207134159625,44.16885908567599,0.7700111638517232,0.22998883629278527,-1.4450851009644655e-10,7.704284557578168e-11,1197,3f79ad926766e9ee3a7ecf6172695ae09b9cb4422e3862709d0c032dd291c054,edabfa30f72a1a3bf033b5142b95d2303cdee5e999db96d3730d0eba9857f82d,1.604523384012282
rb_g050_v1,rb_g050,train,v1,0,0,2.5,500.0,333.33,45.451636352855076,34.02989739509827,35.2858856154733,45.42460531516787,0.8332538781339828,0.1667461219721903,-1.0617309254001838e-10,7.924034884628586e-11,1201,3f79ad926766e9ee3a7ecf6172695ae09b9cb4422e3862709d0c032dd291c054,edabfa30f72a1a3bf033b5142b95d2303cdee5e999db96d3730d0eba9857f82d,1.551610899012303
rb_g050_v2,rb_g050,train,v2,1,1,7.0,1000.0,333.33,75.14151565287176,52.42447686593262,54.334065775373375,75.05697573973185,0.9078434371671997,0.0921565628709885,-3.81881986350712e-11,9.16520685369024e-11,1195,3f79ad926766e9ee3a7ecf6172695ae09b9cb4422e3862709d0c032dd291c054,edabfa30f72a1a3bf033b5142b95d2303cdee5e999db96d3730d0eba9857f82d,1.5705172230082098
rb_g050_v3,rb_g050,train,v3,1,1,7.0,1000.0,500.0,74.59714685297655,50.550610872361126,52.936712016948135,74.38813798802249,0.8987641519083116,0.10123584812873528,-3.7046873505427616e-11,9.312950193658122e-11,1197,3f79ad926766e9ee3a7ecf6172695ae09b9cb4422e3862709d0c032dd291c054,edabfa30f72a1a3bf033b5142b95d2303cdee5e999db96d3730d0eba9857f82d,1.5907883559993934
rb_g050_v4,rb_g050,train,v4,2,2,16.5,2050.0,500.0,106.10100746115245,62.473041546940095,65.37583239421407,105.31881075625938,0.9464172364958551,0.053582763521854634,-1.770968556987403e-11,1.1603690467091466e-10,1163,3f79ad926766e9ee3a7ecf6172695ae09b9cb4422e3862709d0c032dd291c054,edabfa30f72a1a3bf033b5142b95d2303cdee5e999db96d3730d0eba9857f82d,1.5682885459973477
rb_g050_v5,rb_g050,train,v5,2,2,16.5,2050.0,1000.0,106.0968206176642,59.95865626052973,63.713721376085566,105.33933364652484,0.9402499693033637,0.05975003071437749,-1.7741141888905076e-11,1.1353760243376081e-10,1165,3f79ad926766e9ee3a7ecf6172695ae09b9cb4422e3862709d0c032dd291c054,edabfa30f72a1a3bf033b5142b95d2303cdee5e999db96d3730d0eba9857f82d,1.5220085850160103
rb_g050_v6,rb_g050,train,v6,3,3,12.5,1000.0,500.0,133.3532615955262,90.25610035555916,94.51584041993202,132.81843128255792,0.8987889503083811,0.10121104971732008,-2.570116564015734e-11,9.718036090659138e-11,1162,3f79ad926766e9ee3a7ecf6172695ae09b9cb4422e3862709d0c032dd291c054,edabfa30f72a1a3bf033b5142b95d2303cdee5e999db96d3730d0eba9857f82d,1.5403530999901704
rb_g050_v7,rb_g050,train,v7,3,3,12.499999999999998,1000.0,500.0,132.75830646689064,90.2501803597207,94.51010699356502,132.23764966110537,0.8987999625212668,0.1012000375027544,-2.402126497713653e-11,9.823121679470842e-11,1201,3f79ad926766e9ee3a7ecf6172695ae09b9cb4422e3862709d0c032dd291c054,edabfa30f72a1a3bf033b5142b95d2303cdee5e999db96d3730d0eba9857f82d,1.6167677500052378
rb_g051_v0,rb_g051,valid,v0,0,0,1.8000000000000003,333.33,333.33,45.09986309555376,33.84473852106641,35.10241600001122,45.093230477918496,0.7700443571276928,0.22995564301824037,-1.4593320379279676e-10,7.675958935487999e-11,1204,2983beee3b947194245f72bf015dce75ca9c62e66dcb1ea2c0aa0ddd26a763f7,49aea6ca5faf98d5d0251dd73a0af8bcee25542ca604faa03fbaed83c0cd839a,1.5704468709882349
rb_g051_v1,rb_g051,valid,v1,0,0,2.5,500.0,333.33,46.8589424839393,34.027347891857815,35.286534300628766,46.83669754122968,0.8332767034440606,0.16672329666246896,-1.0652951853984405e-10,7.849470724391872e-11,1191,2983beee3b947194245f72bf015dce75ca9c62e66dcb1ea2c0aa0ddd26a763f7,49aea6ca5faf98d5d0251dd73a0af8bcee25542ca604faa03fbaed83c0cd839a,1.6122616440115962
rb_g051_v2,rb_g051,valid,v2,1,1,6.999999999999999,1000.0,333.33,78.43073751593863,52.40975263010168,54.33440196675378,78.43073751593863,0.9078866387161664,0.0921133613210649,-3.723123396883109e-11,9.126340467385959e-11,1194,2983beee3b947194245f72bf015dce75ca9c62e66dcb1ea2c0aa0ddd26a763f7,49aea6ca5faf98d5d0251dd73a0af8bcee25542ca604faa03fbaed83c0cd839a,1.670925994985737
rb_g051_v3,rb_g051,valid,v3,1,1,7.000000000000001,1000.0,500.0,77.93504785817913,50.53001052019388,52.93005664943344,77.93504785817913,0.8988346022618492,0.10116539777537426,-3.722346240765871e-11,9.26410382094751e-11,1196,2983beee3b947194245f72bf015dce75ca9c62e66dcb1ea2c0aa0ddd26a763f7,49aea6ca5faf98d5d0251dd73a0af8bcee25542ca604faa03fbaed83c0cd839a,1.5817378649953753
rb_g051_v4,rb_g051,valid,v4,2,2,16.5,2050.0,500.0,115.75391918759948,62.41661576963128,65.38034836895278,114.43160291822363,0.9464958925899711,0.05350410742665667,-1.6627837154308537e-11,1.1627622208606087e-10,1177,2983beee3b947194245f72bf015dce75ca9c62e66dcb1ea2c0aa0ddd26a763f7,49aea6ca5faf98d5d0251dd73a0af8bcee25542ca604faa03fbaed83c0cd839a,1.6275344830064569
rb_g051_v5,rb_g051,valid,v5,2,2,16.5,2050.0,1000.0,111.74741547264074,59.905660225865816,63.71777065360492,111.64616966003649,0.940338395650225,0.05966160436578285,-1.6007915531855417e-11,1.1568316813125927e-10,1176,2983beee3b947194245f72bf015dce75ca9c62e66dcb1ea2c0aa0ddd26a763f7,49aea6ca5faf98d5d0251dd73a0af8bcee25542ca604faa03fbaed83c0cd839a,1.5940456129901577
rb_g051_v6,rb_g051,valid,v6,3,3,12.499999999999998,1000.0,500.0,138.25266745115147,90.22232158212091,94.50768164686467,137.98549378940783,0.8988533991358579,0.10114660088835187,-2.420980749207047e-11,9.780429224713928e-11,1214,2983beee3b947194245f72bf015dce75ca9c62e66dcb1ea2c0aa0ddd26a763f7,49aea6ca5faf98d5d0251dd73a0af8bcee25542ca604faa03fbaed83c0cd839a,1.6142505749885458
rb_g051_v7,rb_g051,valid,v7,3,3,12.5,1000.0,500.0,139.65473259996622,90.22327330615073,94.5106475375549,139.65473259996622,0.8988511415389472,0.10114885848506736,-2.4014550348283592e-11,9.87446839973934e-11,1214,2983beee3b947194245f72bf015dce75ca9c62e66dcb1ea2c0aa0ddd26a763f7,49aea6ca5faf98d5d0251dd73a0af8bcee25542ca604faa03fbaed83c0cd839a,1.6406316359934863
rb_g052_v0,rb_g052,valid,v0,0,0,1.8000000000000003,333.33,333.33,44.34816788562733,33.84023303499008,35.09735692775982,44.30431231887172,0.7701032675324313,0.22989673261115348,-1.4358477370042994e-10,7.684950690278735e-11,1199,b9b50b2827ed4b9a6decf51b18e2ca7f018b34b2a3c7ce2b97bf10ff935f140d,e7a6e344fa4b99c7e55f048475ee20b9c7d228e97afc6606198a7579d1c76861,1.668595950002782
rb_g052_v1,rb_g052,valid,v1,0,0,2.5,500.0,333.33,45.71012923677415,34.01491525598204,35.272892921735234,45.673621885384705,0.833382992095523,0.16661700801104995,-1.0657295046456739e-10,7.88630087841189e-11,1193,b9b50b2827ed4b9a6decf51b18e2ca7f018b34b2a3c7ce2b97bf10ff935f140d,e7a6e344fa4b99c7e55f048475ee20b9c7d228e97afc6606198a7579d1c76861,1.5744396669906564
rb_g052_v2,rb_g052,valid,v2,1,1,7.0,1000.0,333.33,75.52229540463134,52.37144763203353,54.29039803015701,75.36389013635448,0.907997988500763,0.09200201153817562,-3.893858251708642e-11,9.085289472171871e-11,1177,b9b50b2827ed4b9a6decf51b18e2ca7f018b34b2a3c7ce2b97bf10ff935f140d,e7a6e344fa4b99c7e55f048475ee20b9c7d228e97afc6606198a7579d1c76861,1.563788592000492
rb_g052_v3,rb_g052,valid,v3,1,1,7.0,1000.0,500.0,75.17456062958837,50.49222012868891,52.889182719374496,75.06494777277891,0.8989633954973847,0.10103660454132386,-3.870859188737086e-11,9.214235230254429e-11,1177,b9b50b2827ed4b9a6decf51b18e2ca7f018b34b2a3c7ce2b97bf10ff935f140d,e7a6e344fa4b99c7e55f048475ee20b9c7d228e97afc6606198a7579d1c76861,1.541985299991211
rb_g052_v4,rb_g052,valid,v4,2,2,16.499999999999996,2050.0,500.0,106.07641870709307,62.31868602893784,65.2656178654766,105.65606041458426,0.9466337604258512,0.05336623959044227,-1.6293471622413402e-11,1.1696939931481564e-10,1127,b9b50b2827ed4b9a6decf51b18e2ca7f018b34b2a3c7ce2b97bf10ff935f140d,e7a6e344fa4b99c7e55f048475ee20b9c7d228e97afc6606198a7579d1c76861,1.497359179018531
rb_g052_v5,rb_g052,valid,v5,2,2,16.5,2050.0,1000.0,104.82789931435985,59.821383106387145,63.6169817938696,104.46473131181119,0.9404791129949699,0.05952088702110108,-1.6071016571400474e-11,1.1634602779893922e-10,1132,b9b50b2827ed4b9a6decf51b18e2ca7f018b34b2a3c7ce2b97bf10ff935f140d,e7a6e344fa4b99c7e55f048475ee20b9c7d228e97afc6606198a7579d1c76861,1.50085669697728
rb_g052_v6,rb_g052,valid,v6,3,3,12.499999999999998,1000.0,500.0,133.1367684417316,90.16637789381384,94.44368545131404,132.90358771899594,0.8989600857296551,0.10103991429514787,-2.4802986331451397e-11,9.668870449088787e-11,1186,b9b50b2827ed4b9a6decf51b18e2ca7f018b34b2a3c7ce2b97bf10ff935f140d,e7a6e344fa4b99c7e55f048475ee20b9c7d228e97afc6606198a7579d1c76861,1.596194181998726
rb_g052_v7,rb_g052,valid,v7,3,3,12.5,1000.0,500.0,132.75315059622528,90.16789754732216,94.44431729973981,132.60092299780172,0.8989571871480047,0.10104281287688696,-2.4891626537737465e-11,9.767606625767292e-11,1188,b9b50b2827ed4b9a6decf51b18e2ca7f018b34b2a3c7ce2b97bf10ff935f140d,e7a6e344fa4b99c7e55f048475ee20b9c7d228e97afc6606198a7579d1c76861,1.6202892959991004
rb_g053_v0,rb_g053,train,v0,0,0,1.8,333.33,333.33,44.765982146641875,33.833766167772204,35.09162592054093,44.765982146641875,0.7701868458864894,0.2298131542591608,-1.4565025111915966e-10,7.721695867911934e-11,1196,c07f2d5db7d31f2ad99de5b0b9d16be68ec6a6db5f0deeeb4aa728a4ddcf3d4c,0a957fff45d682a4a48240fb4ce821c3bccf41ea6bd19662874720c0d7676ed5,1.6066715120105073
rb_g053_v1,rb_g053,train,v1,0,0,2.4999999999999996,500.0,333.33,46.05185832771093,34.00325591534389,35.2623583241992,46.05185832771093,0.83348454775871,0.16651545234729978,-1.0600975652863555e-10,7.931021336815462e-11,1187,c07f2d5db7d31f2ad99de5b0b9d16be68ec6a6db5f0deeeb4aa728a4ddcf3d4c,0a957fff45d682a4a48240fb4ce821c3bccf41ea6bd19662874720c0d7676ed5,1.5852061470213812
rb_g053_v2,rb_g053,train,v2,1,1,7.0,1000.0,333.33,75.3456867314743,52.33231048182823,54.25218912600326,75.3456867314743,0.9081121304184036,0.09188786961915059,-3.755418198636562e-11,9.045520163240017e-11,1176,c07f2d5db7d31f2ad99de5b0b9d16be68ec6a6db5f0deeeb4aa728a4ddcf3d4c,0a957fff45d682a4a48240fb4ce821c3bccf41ea6bd19662874720c0d7676ed5,1.5358910259965342
rb_g053_v3,rb_g053,train,v3,1,1,6.999999999999998,1000.0,500.0,74.08122395572838,50.457698747117334,52.8536067496658,74.08122395572838,0.8990813608152984,0.10091863922256168,-3.7860111870965556e-11,9.263166320539336e-11,1178,c07f2d5db7d31f2ad99de5b0b9d16be68ec6a6db5f0deeeb4aa728a4ddcf3d4c,0a957fff45d682a4a48240fb4ce821c3bccf41ea6bd19662874720c0d7676ed5,1.5441724789852742
rb_g053_v4,rb_g053,train,v4,2,2,16.500000000000004,2050.0,500.0,102.18633488399684,62.229829225737376,65.16095526909811,102.18633488399684,0.9467575237673249,0.05324247624856477,-1.5889680144045027e-11,1.1598062387319114e-10,1123,c07f2d5db7d31f2ad99de5b0b9d16be68ec6a6db5f0deeeb4aa728a4ddcf3d4c,0a957fff45d682a4a48240fb4ce821c3bccf41ea6bd19662874720c0d7676ed5,1.4603836839960422
rb_g053_v5,rb_g053,train,v5,2,2,16.500000000000004,2050.0,1000.0,102.35348186532536,59.74722384208252,63.526938728678736,102.35348186532536,0.9406024742320778,0.05939752578508382,-1.7161544912431215e-11,1.1671018327116416e-10,1157,c07f2d5db7d31f2ad99de5b0b9d16be68ec6a6db5f0deeeb4aa728a4ddcf3d4c,0a957fff45d682a4a48240fb4ce821c3bccf41ea6bd19662874720c0d7676ed5,1.646898698003497
rb_g053_v6,rb_g053,train,v6,3,3,12.5,1000.0,500.0,133.48129581769734,90.11218340938665,94.38891445158961,133.48129581769734,0.8990636299461983,0.10093637007882014,-2.5018405125365463e-11,9.810791495625631e-11,1180,c07f2d5db7d31f2ad99de5b0b9d16be68ec6a6db5f0deeeb4aa728a4ddcf3d4c,0a957fff45d682a4a48240fb4ce821c3bccf41ea6bd19662874720c0d7676ed5,1.5673140620056074
rb_g053_v7,rb_g053,train,v7,3,3,12.5,1000.0,500.0,133.82069635525755,90.11153318859263,94.38842535570524,133.82069635525755,0.8990648260510455,0.10093517397384823,-2.4893793693081532e-11,9.693570595570967e-11,1181,c07f2d5db7d31f2ad99de5b0b9d16be68ec6a6db5f0deeeb4aa728a4ddcf3d4c,0a957fff45d682a4a48240fb4ce821c3bccf41ea6bd19662874720c0d7676ed5,1.5762800379889086
rb_g054_v0,rb_g054,train,v0,0,0,1.8,333.33,333.33,44.207338129180584,33.8380824480544,35.095591663371124,44.035767170240945,0.7701307700959575,0.22986923005007306,-1.460306567027361e-10,7.58842955384628e-11,1180,60ba12bd401f16cb62270b0fa288c63baf37c31ce15130caf84af884b718602a,f185b2ff729b46cb5757589cbc3fe0dba4f280567c72cd6df50881c1fec5ff7d,1.5587359289929736
rb_g054_v1,rb_g054,train,v1,0,0,2.5,500.0,333.33,45.016026847624175,34.01140713672726,35.26967243654886,45.016026847624175,0.833413524888696,0.16658647521986233,-1.0855840670842553e-10,7.642869355654664e-11,1136,60ba12bd401f16cb62270b0fa288c63baf37c31ce15130caf84af884b718602a,f185b2ff729b46cb5757589cbc3fe0dba4f280567c72cd6df50881c1fec5ff7d,1.4950194690027274
rb_g054_v2,rb_g054,train,v2,1,1,7.0,1000.0,333.33,72.79039565635787,52.36301104908917,54.27891268643112,72.79039565635787,0.9080225821493028,0.09197741788861387,-3.791660636259004e-11,8.894136591189412e-11,1141,60ba12bd401f16cb62270b0fa288c63baf37c31ce15130caf84af884b718602a,f185b2ff729b46cb5757589cbc3fe0dba4f280567c72cd6df50881c1fec5ff7d,1.5401862199942116
rb_g054_v3,rb_g054,train,v3,1,1,6.999999999999999,1000.0,500.0,71.86735768271558,50.48858692512203,52.88064714999269,71.85833702873879,0.898975877254381,0.1010241227829326,-3.7313549075942585e-11,9.049543002177811e-11,1138,60ba12bd401f16cb62270b0fa288c63baf37c31ce15130caf84af884b718602a,f185b2ff729b46cb5757589cbc3fe0dba4f280567c72cd6df50881c1fec5ff7d,1.4888370979751926
rb_g054_v4,rb_g054,train,v4,2,2,16.5,2050.0,500.0,98.9497519081155,62.30789940977522,65.23197155014887,98.92484474719083,0.9466482187988243,0.05335178121817224,-1.699655904234753e-11,1.1750423979563412e-10,1147,60ba12bd401f16cb62270b0fa288c63baf37c31ce15130caf84af884b718602a,f185b2ff729b46cb5757589cbc3fe0dba4f280567c72cd6df50881c1fec5ff7d,1.516084535018308
rb_g054_v5,rb_g054,train,v5,2,2,16.5,2050.0,1000.0,100.17834408545531,59.8191583069255,63.60264979563231,100.15182402786797,0.9404824459313758,0.05951755408637549,-1.7751268468614537e-11,1.1344480193688565e-10,1157,60ba12bd401f16cb62270b0fa288c63baf37c31ce15130caf84af884b718602a,f185b2ff729b46cb5757589cbc3fe0dba4f280567c72cd6df50881c1fec5ff7d,1.5458435569889843
rb_g054_v6,rb_g054,train,v6,3,3,12.5,1000.0,500.0,130.15852486293244,90.15747775354647,94.4325894098933,130.14056169904302,0.8989771843549696,0.10102281567007233,-2.5042030671329485e-11,9.755295262957405e-11,1168,60ba12bd401f16cb62270b0fa288c63baf37c31ce15130caf84af884b718602a,f185b2ff729b46cb5757589cbc3fe0dba4f280567c72cd6df50881c1fec5ff7d,1.5582527639926411
rb_g054_v7,rb_g054,train,v7,3,3,12.500000000000004,1000.0,500.0,129.9446535570322,90.15869389305811,94.43376421596915,129.92689119049732,0.8989751295572648,0.10102487046765564,-2.4920367991398955e-11,9.72115299600037e-11,1192,60ba12bd401f16cb62270b0fa288c63baf37c31ce15130caf84af884b718602a,f185b2ff729b46cb5757589cbc3fe0dba4f280567c72cd6df50881c1fec5ff7d,1.6043016619805712
rb_g055_v0,rb_g055,train,v0,0,0,1.8,333.33,333.33,44.03953064628422,33.83753293510383,35.09424140503145,43.948685478201185,0.7701377927645886,0.22986220738061985,-1.452085057134727e-10,7.532227561819023e-11,1146,88646ea469c5cc42fa4822ddce43ef4294875c9390019a1c5cbf4f4b8ac229d7,c7857ddc449144c263d137064459d9c8c1403825e0414d3938431783b8cf216a,1.5205782229895703
rb_g055_v1,rb_g055,train,v1,0,0,2.5,500.0,333.33,45.408992704666275,34.011188272831724,35.268173018246976,45.26709154203343,0.8334153335546685,0.16658466655339427,-1.080627143323909e-10,7.930732004568924e-11,1187,88646ea469c5cc42fa4822ddce43ef4294875c9390019a1c5cbf4f4b8ac229d7,c7857ddc449144c263d137064459d9c8c1403825e0414d3938431783b8cf216a,1.6104485579999164
rb_g055_v2,rb_g055,train,v2,1,1,7.000000000000002,1000.0,333.33,74.36774754583075,52.36728054198737,54.27806216357661,73.98992423548367,0.9080103709800232,0.09198962905763036,-3.765357866772741e-11,9.040245347353351e-11,1181,88646ea469c5cc42fa4822ddce43ef4294875c9390019a1c5cbf4f4b8ac229d7,c7857ddc449144c263d137064459d9c8c1403825e0414d3938431783b8cf216a,1.5568049440043978
rb_g055_v3,rb_g055,train,v3,1,1,7.000000000000001,1000.0,500.0,73.16968129931126,50.49223954230193,52.87925938424655,72.84564799604783,0.8989633079971164,0.10103669204019333,-3.7309710876343154e-11,9.303228853537607e-11,1190,88646ea469c5cc42fa4822ddce43ef4294875c9390019a1c5cbf4f4b8ac229d7,c7857ddc449144c263d137064459d9c8c1403825e0414d3938431783b8cf216a,1.5858024670160376
rb_g055_v4,rb_g055,train,v4,2,2,16.499999999999996,2050.0,500.0,99.91184169090047,62.31433385046516,65.2131575632133,98.31427145148848,0.9466388654597239,0.05336113455693642,-1.6660316224247118e-11,1.1615956489614187e-10,1170,88646ea469c5cc42fa4822ddce43ef4294875c9390019a1c5cbf4f4b8ac229d7,c7857ddc449144c263d137064459d9c8c1403825e0414d3938431783b8cf216a,1.5208471869991627
rb_g055_v5,rb_g055,train,v5,2,2,16.499999999999996,2050.0,1000.0,98.76484913355466,59.818890384203115,63.5686859476425,97.21452508275064,0.9404824260131655,0.059517574002790355,-1.595579560731756e-11,1.170861472810233e-10,1164,88646ea469c5cc42fa4822ddce43ef4294875c9390019a1c5cbf4f4b8ac229d7,c7857ddc449144c263d137064459d9c8c1403825e0414d3938431783b8cf216a,1.5636461119865999
rb_g055_v6,rb_g055,train,v6,3,3,12.500000000000002,1000.0,500.0,132.49864713994464,90.1683460688579,94.43026186652021,131.7029964282449,0.8989578994790937,0.10104210054506764,-2.4161295186786444e-11,9.760774325569235e-11,1195,88646ea469c5cc42fa4822ddce43ef4294875c9390019a1c5cbf4f4b8ac229d7,c7857ddc449144c263d137064459d9c8c1403825e0414d3938431783b8cf216a,1.5607232229958754
rb_g055_v7,rb_g055,train,v7,3,3,12.500000000000002,1000.0,500.0,131.9872293276282,90.16608559243421,94.4277991651528,129.5924536458955,0.8989619950372285,0.10103800498803268,-2.5261250868879866e-11,9.848106661485916e-11,1188,88646ea469c5cc42fa4822ddce43ef4294875c9390019a1c5cbf4f4b8ac229d7,c7857ddc449144c263d137064459d9c8c1403825e0414d3938431783b8cf216a,1.5596547489985824
rb_g056_v0,rb_g056,train,v0,0,0,1.8000000000000003,333.33,333.33,45.16170023735043,33.84665431729536,35.10503119948834,45.16170023735043,0.7700198236211353,0.2299801765230351,-1.441704163459197e-10,7.590701766315553e-11,1177,8c4fac9a8896eb6a9f82e202185ad9d407bb8edfcbfd1f03ae2209592092cde1,36ed94aae423399b6ed287d91ad87fbc7eff99661dca148f931655ec8aff6254,1.532325204985682
rb_g056_v1,rb_g056,train,v1,0,0,2.5,500.0,333.33,46.726156489271546,34.02760355147355,35.28822924798395,46.726156489271546,0.8332727697985043,0.16672723031050538,-1.090096235500937e-10,7.692224240100716e-11,1147,8c4fac9a8896eb6a9f82e202185ad9d407bb8edfcbfd1f03ae2209592092cde1,36ed94aae423399b6ed287d91ad87fbc7eff99661dca148f931655ec8aff6254,1.5783990290074144
rb_g056_v2,rb_g056,train,v2,1,1,7.0,1000.0,333.33,77.76712076477634,52.41760276453563,54.350206854364394,77.76712076477634,0.9078632058861015,0.09213679415197402,-3.807544755675605e-11,8.920656760808819e-11,1155,8c4fac9a8896eb6a9f82e202185ad9d407bb8edfcbfd1f03ae2209592092cde1,36ed94aae423399b6ed287d91ad87fbc7eff99661dca148f931655ec8aff6254,1.6006469630228821
rb_g056_v3,rb_g056,train,v3,1,1,7.000000000000002,1000.0,500.0,78.02760115228114,50.538136921099465,52.948110334814544,78.02760115228114,0.8988068320278105,0.10119316800910472,-3.691526449602276e-11,8.995038482838214e-11,1137,8c4fac9a8896eb6a9f82e202185ad9d407bb8edfcbfd1f03ae2209592092cde1,36ed94aae423399b6ed287d91ad87fbc7eff99661dca148f931655ec8aff6254,1.504663729981985
rb_g056_v4,rb_g056,train,v4,2,2,16.5,2050.0,500.0,112.79273927026236,62.42362425471273,65.43371053289165,112.79273927026236,0.9464866035239763,0.05351339649198035,-1.5956623228117735e-11,1.1378747993801797e-10,1128,8c4fac9a8896eb6a9f82e202185ad9d407bb8edfcbfd1f03ae2209592092cde1,36ed94aae423399b6ed287d91ad87fbc7eff99661dca148f931655ec8aff6254,1.4958041209902149
rb_g056_v5,rb_g056,train,v5,2,2,16.500000000000004,2050.0,1000.0,111.14436996115978,59.91239043468373,63.77412141307645,111.14436996115978,0.9403272383631449,0.05967276165179291,-1.4937869123472904e-11,1.1402655047728614e-10,1126,8c4fac9a8896eb6a9f82e202185ad9d407bb8edfcbfd1f03ae2209592092cde1,36ed94aae423399b6ed287d91ad87fbc7eff99661dca148f931655ec8aff6254,1.5017482890107203
rb_g056_v6,rb_g056,train,v6,3,3,12.5,1000.0,500.0,137.63020493305675,90.23266541974516,94.53555918966943,137.63020493305675,0.8988335816540645,0.10116641837002086,-2.4085338168333692e-11,9.596319803771508e-11,1144,8c4fac9a8896eb6a9f82e202185ad9d407bb8edfcbfd1f03ae2209592092cde1,36ed94aae423399b6ed287d91ad87fbc7eff99661dca148f931655ec8aff6254,1.4832431890245061
rb_g056_v7,rb_g056,train,v7,3,3,12.5,1000.0,500.0,137.12296875154004,90.23331486240932,94.5360001514058,137.12296875154004,0.898832300292586,0.10116769973218949,-2.4775470564009084e-11,9.753845598586624e-11,1189,8c4fac9a8896eb6a9f82e202185ad9d407bb8edfcbfd1f03ae2209592092cde1,36ed94aae423399b6ed287d91ad87fbc7eff99661dca148f931655ec8aff6254,1.5474552339874208
rb_g057_v0,rb_g057,train,v0,0,0,1.8000000000000003,333.33,333.33,44.56714016864851,33.84484640082283,35.101228948432755,44.55377751893957,0.7700434343229637,0.2299565658208412,-1.438049987731757e-10,7.7055957593368e-11,1201,f5ae558963baecfb356a0324a17ea303731209a912369bdf40874115c0dad9a2,d7f8fdd5a953401ddb4e0fc627ae53ffccd551f0c9b2b43e678a2f6e4da3b8c1,1.5779129389848094
rb_g057_v1,rb_g057,train,v1,0,0,2.5,500.0,333.33,45.72973142307103,34.02484543809484,35.28171635416249,45.6006294380374,0.8332975431022289,0.166702457005218,-1.0744691802955231e-10,7.845018898846357e-11,1198,f5ae558963baecfb356a0324a17ea303731209a912369bdf40874115c0dad9a2,d7f8fdd5a953401ddb4e0fc627ae53ffccd551f0c9b2b43e678a2f6e4da3b8c1,1.6660726389964111
rb_g057_v2,rb_g057,train,v2,1,1,7.000000000000001,1000.0,333.33,74.98372002645544,52.40873925506771,54.32292670928275,74.92982053069096,0.907889250061216,0.09211074997591034,-3.712634961366185e-11,9.052581110964814e-11,1201,f5ae558963baecfb356a0324a17ea303731209a912369bdf40874115c0dad9a2,d7f8fdd5a953401ddb4e0fc627ae53ffccd551f0c9b2b43e678a2f6e4da3b8c1,1.597534011991229
rb_g057_v3,rb_g057,train,v3,1,1,7.000000000000001,1000.0,500.0,82.80680316910156,50.53555203874465,52.930361274043875,82.40399744868006,0.8988156243764005,0.10118437566252825,-3.892879669414079e-11,9.130380091643789e-11,1183,f5ae558963baecfb356a0324a17ea303731209a912369bdf40874115c0dad9a2,d7f8fdd5a953401ddb4e0fc627ae53ffccd551f0c9b2b43e678a2f6e4da3b8c1,1.6204208649869543
rb_g057_v4,rb_g057,train,v4,2,2,16.5,2050.0,500.0,114.3857435675958,62.411688006418004,65.34534093549439,113.49387573240983,0.9465032139082672,0.05349678610833014,-1.6597383400311848e-11,1.1964413342626353e-10,1175,f5ae558963baecfb356a0324a17ea303731209a912369bdf40874115c0dad9a2,d7f8fdd5a953401ddb4e0fc627ae53ffccd551f0c9b2b43e678a2f6e4da3b8c1,1.5494468020042405
rb_g057_v5,rb_g057,train,v5,2,2,16.5,2050.0,1000.0,105.43317044506028,59.903070382543525,63.680047111470024,105.09186623487017,0.9403429092634089,0.05965709075379618,-1.7205139669864835e-11,1.1431703126319596e-10,1140,f5ae558963baecfb356a0324a17ea303731209a912369bdf40874115c0dad9a2,d7f8fdd5a953401ddb4e0fc627ae53ffccd551f0c9b2b43e678a2f6e4da3b8c1,1.5063780100026634
rb_g057_v6,rb_g057,train,v6,3,3,12.5,1000.0,500.0,134.54514336060942,90.22077555286863,94.48912885584483,134.26467509326312,0.8988562673549793,0.10114373266839768,-2.337690929721248e-11,9.795782561419268e-11,1210,f5ae558963baecfb356a0324a17ea303731209a912369bdf40874115c0dad9a2,d7f8fdd5a953401ddb4e0fc627ae53ffccd551f0c9b2b43e678a2f6e4da3b8c1,1.5982534349896014
rb_g057_v7,rb_g057,train,v7,3,3,12.5,1000.0,500.0,134.64395851692353,90.22073176422698,94.4896122125814,134.3383714091293,0.8988560638827063,0.10114393614139215,-2.409846544537686e-11,9.764541381171884e-11,1199,f5ae558963baecfb356a0324a17ea303731209a912369bdf40874115c0dad9a2,d7f8fdd5a953401ddb4e0fc627ae53ffccd551f0c9b2b43e678a2f6e4da3b8c1,1.5848386749858037
rb_g058_v0,rb_g058,train,v0,0,0,1.8000000000000003,333.33,333.33,44.10293063010528,33.84522128220274,35.1009376653427,44.10293063010528,0.7700385368705628,0.22996146327407185,-1.4463461292832686e-10,7.833458207012845e-11,1197,301132bea5a5740e9286e5bf7449b2658b3c9d0a0e258a5be3ebca19f84ccca5,0d76ec9b25a4b1829b21ae206d58ef7f10b8abd10634a39c57a88b2b0fea6189,1.5489183140161913
rb_g058_v1,rb_g058,train,v1,0,0,2.4999999999999996,500.0,333.33,45.63092515666085,34.02360820706858,35.279178427248,45.35679773771972,0.8333085707604789,0.16669142934803133,-1.0851024523361731e-10,7.992511436138929e-11,1213,301132bea5a5740e9286e5bf7449b2658b3c9d0a0e258a5be3ebca19f84ccca5,0d76ec9b25a4b1829b21ae206d58ef7f10b8abd10634a39c57a88b2b0fea6189,1.6142815529892687
rb_g058_v2,rb_g058,train,v2,1,1,6.999999999999998,1000.0,333.33,82.01005138097389,52.390421083490985,54.29844759828693,81.35399925729257,0.9079429906241547,0.09205700941363232,-3.778705919594522e-11,9.051373071414575e-11,1194,301132bea5a5740e9286e5bf7449b2658b3c9d0a0e258a5be3ebca19f84ccca5,0d76ec9b25a4b1829b21ae206d58ef7f10b8abd10634a39c57a88b2b0fea6189,1.5640736990026198
rb_g058_v3,rb_g058,train,v3,1,1,7.0,1000.0,500.0,77.28062899846833,50.507420840378416,52.89193437233796,76.52903045181733,0.8989113997535151,0.1010886002840887,-3.7603824815895286e-11,9.212978235373475e-11,1188,301132bea5a5740e9286e5bf7449b2658b3c9d0a0e258a5be3ebca19f84ccca5,0d76ec9b25a4b1829b21ae206d58ef7f10b8abd10634a39c57a88b2b0fea6189,1.627489078004146
rb_g058_v4,rb_g058,train,v4,2,2,16.5,2050.0,500.0,102.95588887988225,62.35514662525753,65.2441330270511,101.8747343385769,0.9465821665766805,0.05341783344069661,-1.737704256582316e-11,1.1776912218334065e-10,1174,301132bea5a5740e9286e5bf7449b2658b3c9d0a0e258a5be3ebca19f84ccca5,0d76ec9b25a4b1829b21ae206d58ef7f10b8abd10634a39c57a88b2b0fea6189,1.66645482002059
rb_g058_v5,rb_g058,train,v5,2,2,16.5,2050.0,1000.0,101.51913974384382,59.887172387228276,63.628700798687824,100.43327687469264,0.9403706899564411,0.05962931006030855,-1.6749699270666028e-11,1.1688531008101988e-10,1178,301132bea5a5740e9286e5bf7449b2658b3c9d0a0e258a5be3ebca19f84ccca5,0d76ec9b25a4b1829b21ae206d58ef7f10b8abd10634a39c57a88b2b0fea6189,1.5685899049858563
rb_g058_v6,rb_g058,train,v6,3,3,12.499999999999996,1000.0,500.0,132.6835280286253,90.20935669682622,94.4650401717255,131.70325167463585,0.8988782830428778,0.10112171698060667,-2.348443217670138e-11,9.748948228647228e-11,1206,301132bea5a5740e9286e5bf7449b2658b3c9d0a0e258a5be3ebca19f84ccca5,0d76ec9b25a4b1829b21ae206d58ef7f10b8abd10634a39c57a88b2b0fea6189,1.6052325640048366
rb_g058_v7,rb_g058,train,v7,3,3,12.5,1000.0,500.0,132.40341506812695,90.20971529188897,94.4657356137606,131.6263079270488,0.898876804364052,0.1011231956599235,-2.3975559315658758e-11,9.862628496018082e-11,1193,301132bea5a5740e9286e5bf7449b2658b3c9d0a0e258a5be3ebca19f84ccca5,0d76ec9b25a4b1829b21ae206d58ef7f10b8abd10634a39c57a88b2b0fea6189,1.5457984849927016
rb_g059_v0,rb_g059,train,v0,0,0,1.8,333.33,333.33,44.36284338664899,33.83757259851513,35.09396932654401,44.275786512263494,0.7701373693881408,0.229862630757618,-1.4575880625934523e-10,7.738255310063247e-11,1204,a71eabcb35938fc121c30275f2827a3fdd92d6d3f8c75abe2a54a573ef213ce1,57210bd6bd58fed8a4095464bb31a151ded8186af7883e41362fe0c0ddabf049,1.5852747299941257
rb_g059_v1,rb_g059,train,v1,0,0,2.5,500.0,333.33,45.52075770246023,34.01126946073698,35.26766561630025,45.5028994392888,0.8334147055793364,0.16658529452806364,-1.0740008882237362e-10,7.841535693631167e-11,1185,a71eabcb35938fc121c30275f2827a3fdd92d6d3f8c75abe2a54a573ef213ce1,57210bd6bd58fed8a4095464bb31a151ded8186af7883e41362fe0c0ddabf049,1.6126417939958628
rb_g059_v2,rb_g059,train,v2,1,1,7.000000000000002,1000.0,333.33,75.28902083876926,52.362108526413216,54.27012029230798,75.23796968727112,0.9080251401572406,0.09197485988016754,-3.7408092496653864e-11,9.049367592784803e-11,1180,a71eabcb35938fc121c30275f2827a3fdd92d6d3f8c75abe2a54a573ef213ce1,57210bd6bd58fed8a4095464bb31a151ded8186af7883e41362fe0c0ddabf049,1.596431822021259
rb_g059_v3,rb_g059,train,v3,1,1,7.0,1000.0,500.0,74.54091199734034,50.48563769759723,52.87019577992915,74.49079190581085,0.8989860590739719,0.10101394096369677,-3.7668614259546625e-11,9.12732759243541e-11,1181,a71eabcb35938fc121c30275f2827a3fdd92d6d3f8c75abe2a54a573ef213ce1,57210bd6bd58fed8a4095464bb31a151ded8186af7883e41362fe0c0ddabf049,1.5934534609841648
rb_g059_v4,rb_g059,train,v4,2,2,16.499999999999996,2050.0,500.0,101.71706304348083,62.288997968647564,65.17451693306832,101.61080363892506,0.946674635588152,0.05332536442863354,-1.6785556110049228e-11,1.1608744901851549e-10,1142,a71eabcb35938fc121c30275f2827a3fdd92d6d3f8c75abe2a54a573ef213ce1,57210bd6bd58fed8a4095464bb31a151ded8186af7883e41362fe0c0ddabf049,1.5176347729866393
rb_g059_v5,rb_g059,train,v5,2,2,16.499999999999996,2050.0,1000.0,98.78329608866335,59.793511130685154,63.528446489429065,98.68613423100703,0.9405252261266834,0.05947477389059761,-1.7281065467500415e-11,1.1396603664227366e-10,1171,a71eabcb35938fc121c30275f2827a3fdd92d6d3f8c75abe2a54a573ef213ce1,57210bd6bd58fed8a4095464bb31a151ded8186af7883e41362fe0c0ddabf049,1.5615099010174163
rb_g059_v6,rb_g059,train,v6,3,3,12.500000000000002,1000.0,500.0,136.232334932943,90.14590674657745,94.40266811752296,133.97842781009643,0.8989995553290261,0.10100044469579296,-2.481906236084796e-11,9.83746641054488e-11,1187,a71eabcb35938fc121c30275f2827a3fdd92d6d3f8c75abe2a54a573ef213ce1,57210bd6bd58fed8a4095464bb31a151ded8186af7883e41362fe0c0ddabf049,1.677626702003181
rb_g059_v7,rb_g059,train,v7,3,3,12.500000000000002,1000.0,500.0,132.82826293506133,90.14813885531456,94.40497739451631,132.28580050592302,0.8989950696779418,0.10100493034627618,-2.4218014260668495e-11,9.851668763031316e-11,1190,a71eabcb35938fc121c30275f2827a3fdd92d6d3f8c75abe2a54a573ef213ce1,57210bd6bd58fed8a4095464bb31a151ded8186af7883e41362fe0c0ddabf049,1.7440783159981947
rb_g060_v0,rb_g060,train,v0,0,0,1.8,333.33,333.33,44.151127235796935,33.840877538559496,35.097095505392076,44.09513705213698,0.7700944044654527,0.2299055956777718,-1.4322456800799602e-10,7.687293124171212e-11,1198,88fc43d2b79b34a6a735a6a65cd37c5ce80569574a8cf59bc803ad6355909b66,cda424714a71940400276043f496006e8df75b6218cf9a862457aa61296ece28,1.5770217440149281
rb_g060_v1,rb_g060,train,v1,0,0,2.4999999999999996,500.0,333.33,45.352034832963284,34.01489483574736,35.271325919879324,45.2719068140737,0.8333829274564131,0.16661707265154982,-1.0796290528247711e-10,7.805031518981475e-11,1181,88fc43d2b79b34a6a735a6a65cd37c5ce80569574a8cf59bc803ad6355909b66,cda424714a71940400276043f496006e8df75b6218cf9a862457aa61296ece28,1.567474415001925
rb_g060_v2,rb_g060,train,v2,1,1,6.999999999999999,1000.0,333.33,73.46922593527222,52.37223947465684,54.280461550561526,73.24542985991906,0.9079953962354768,0.09200460380154583,-3.702254376085941e-11,9.038481860737913e-11,1181,88fc43d2b79b34a6a735a6a65cd37c5ce80569574a8cf59bc803ad6355909b66,cda424714a71940400276043f496006e8df75b6218cf9a862457aa61296ece28,1.5934770029853098
rb_g060_v3,rb_g060,train,v3,1,1,7.0,1000.0,500.0,72.31755849574648,50.50472468776955,52.888423064880385,72.11392828486498,0.8989219659628107,0.10107803407499226,-3.7802967105855196e-11,9.094670965931479e-11,1186,88fc43d2b79b34a6a735a6a65cd37c5ce80569574a8cf59bc803ad6355909b66,cda424714a71940400276043f496006e8df75b6218cf9a862457aa61296ece28,1.5923450669797603
rb_g060_v4,rb_g060,train,v4,2,2,16.5,2050.0,500.0,97.07104644172074,62.34512692625219,65.22826106357743,96.20079491408842,0.9465965314248646,0.05340346859240721,-1.7271813608961868e-11,1.178923892947686e-10,1177,88fc43d2b79b34a6a735a6a65cd37c5ce80569574a8cf59bc803ad6355909b66,cda424714a71940400276043f496006e8df75b6218cf9a862457aa61296ece28,1.5366037719941232
rb_g060_v5,rb_g060,train,v5,2,2,16.499999999999996,2050.0,1000.0,95.86041015290897,59.85629805193624,63.59042210137761,95.77561272328802,0.9404204491731477,0.059579550842763694,-1.591145397257647e-11,1.1617455277135577e-10,1174,88fc43d2b79b34a6a735a6a65cd37c5ce80569574a8cf59bc803ad6355909b66,cda424714a71940400276043f496006e8df75b6218cf9a862457aa61296ece28,1.5553324049978983
rb_g060_v6,rb_g060,train,v6,3,3,12.500000000000002,1000.0,500.0,129.54290175444714,90.1855600462524,94.44189236394857,129.25966304197027,0.898923147925745,0.10107685209814676,-2.3891733036407456e-11,9.866899227213148e-11,1200,88fc43d2b79b34a6a735a6a65cd37c5ce80569574a8cf59bc803ad6355909b66,cda424714a71940400276043f496006e8df75b6218cf9a862457aa61296ece28,1.6079158009961247
rb_g060_v7,rb_g060,train,v7,3,3,12.499999999999998,1000.0,500.0,129.8690089829522,90.18697704350035,94.44350582226157,129.55235206247232,0.8989211753968273,0.10107882462751766,-2.4344934956843647e-11,9.828316741572638e-11,1196,88fc43d2b79b34a6a735a6a65cd37c5ce80569574a8cf59bc803ad6355909b66,cda424714a71940400276043f496006e8df75b6218cf9a862457aa61296ece28,1.5935508600086905
rb_g061_v0,rb_g061,train,v0,0,0,1.8000000000000003,333.33,333.33,44.349113402315766,33.83367248262688,35.09072642537166,44.319817446610784,0.7701876781402971,0.22981232200528381,-1.4558089301964905e-10,7.622351337537039e-11,1185,02a9fe335b2d9d7f0b0cfbf375de955c69d764027471e8d068f21c8529cfce2c,9b3f9c05b08754302741c9d361dbe1c5e2253703e41888e121c8f995645fc362,1.6284807730116881
rb_g061_v1,rb_g061,train,v1,0,0,2.5,500.0,333.33,45.54033866575958,34.00583067624882,35.26299190812254,45.51607210604868,0.8334619640435605,0.16653803606256318,-1.0612368761542256e-10,7.948462945635635e-11,1195,02a9fe335b2d9d7f0b0cfbf375de955c69d764027471e8d068f21c8529cfce2c,9b3f9c05b08754302741c9d361dbe1c5e2253703e41888e121c8f995645fc362,1.5569270799751393
rb_g061_v2,rb_g061,train,v2,1,1,7.0,1000.0,333.33,75.06736491009468,52.349317558665014,54.260089093861794,74.9537643122195,0.9080626840842249,0.09193731595370046,-3.792529782283996e-11,8.940466953006303e-11,1182,02a9fe335b2d9d7f0b0cfbf375de955c69d764027471e8d068f21c8529cfce2c,9b3f9c05b08754302741c9d361dbe1c5e2253703e41888e121c8f995645fc362,1.5620803240162786
rb_g061_v3,rb_g061,train,v3,1,1,7.000000000000002,1000.0,500.0,75.07220944343993,50.47456614848269,52.86311003288232,74.89717820239963,0.8990236608622345,0.10097633917524311,-3.74775924579954e-11,9.191523807511483e-11,1186,02a9fe335b2d9d7f0b0cfbf375de955c69d764027471e8d068f21c8529cfce2c,9b3f9c05b08754302741c9d361dbe1c5e2253703e41888e121c8f995645fc362,1.5485003550129477
rb_g061_v4,rb_g061,train,v4,2,2,16.5,2050.0,500.0,105.77422016476584,62.25436572503401,65.16535110982751,105.36729100110489,0.9467234500823573,0.0532765499353016,-1.7658810440848633e-11,1.1743366913188014e-10,1165,02a9fe335b2d9d7f0b0cfbf375de955c69d764027471e8d068f21c8529cfce2c,9b3f9c05b08754302741c9d361dbe1c5e2253703e41888e121c8f995645fc362,1.539190564013552
rb_g061_v5,rb_g061,train,v5,2,2,16.500000000000004,2050.0,1000.0,104.72095688418386,59.76112619735927,63.526069460620754,104.45136908294745,0.9405794771377777,0.059420522879719585,-1.7497276355077862e-11,1.1466840884033889e-10,1165,02a9fe335b2d9d7f0b0cfbf375de955c69d764027471e8d068f21c8529cfce2c,9b3f9c05b08754302741c9d361dbe1c5e2253703e41888e121c8f995645fc362,1.5512218119984027
rb_g061_v6,rb_g061,train,v6,3,3,12.500000000000002,1000.0,500.0,133.26379984292214,90.12103001974559,94.38735284445202,133.09522166603392,0.899046897965575,0.10095310205926025,-2.4835316025928473e-11,9.6500549420717e-11,1179,02a9fe335b2d9d7f0b0cfbf375de955c69d764027471e8d068f21c8529cfce2c,9b3f9c05b08754302741c9d361dbe1c5e2253703e41888e121c8f995645fc362,1.5791313140070997
rb_g061_v7,rb_g061,train,v7,3,3,12.499999999999998,1000.0,500.0,132.935601619186,90.12118041779772,94.38673658565858,132.77904294745656,0.899046560915537,0.10095343910954785,-2.5084876398295823e-11,9.652295927891204e-11,1179,02a9fe335b2d9d7f0b0cfbf375de955c69d764027471e8d068f21c8529cfce2c,9b3f9c05b08754302741c9d361dbe1c5e2253703e41888e121c8f995645fc362,1.5759063260047697
rb_g062_v0,rb_g062,train,v0,0,0,1.8,333.33,333.33,44.140340720666245,33.84278971178118,35.09857968246721,44.10236563466856,0.7700697923536728,0.22993020778798867,-1.4166146650790917e-10,7.7311630651307e-11,1193,8854cfcf78cdc46e057e357affa1689d487b786defd35f6e16c37496982b3ab6,8f73781984e22ccfe9dec347a3b73626f916e29b4c45708fd8f69aecf69ec973,1.6480568849947304
rb_g062_v1,rb_g062,train,v1,0,0,2.500000000000001,500.0,333.33,45.11277423254194,34.01909753693831,35.27454020326061,45.06667040318638,0.8333467980751105,0.16665320203038467,-1.0549512374780075e-10,7.858488371896848e-11,1192,8854cfcf78cdc46e057e357affa1689d487b786defd35f6e16c37496982b3ab6,8f73781984e22ccfe9dec347a3b73626f916e29b4c45708fd8f69aecf69ec973,1.62298191501759
rb_g062_v2,rb_g062,train,v2,1,1,7.0,1000.0,333.33,73.36643865416585,52.38719046830245,54.29174564369541,73.30381539861685,0.9079521413439682,0.09204785869320298,-3.717112332221209e-11,9.078324490342983e-11,1188,8854cfcf78cdc46e057e357affa1689d487b786defd35f6e16c37496982b3ab6,8f73781984e22ccfe9dec347a3b73626f916e29b4c45708fd8f69aecf69ec973,1.626544794999063
rb_g062_v3,rb_g062,train,v3,1,1,7.0,1000.0,500.0,73.3182246821334,50.51170932019487,52.893307581245686,73.27467058903744,0.8988968303319146,0.10110316970473808,-3.66526174490543e-11,9.120103274873116e-11,1139,8854cfcf78cdc46e057e357affa1689d487b786defd35f6e16c37496982b3ab6,8f73781984e22ccfe9dec347a3b73626f916e29b4c45708fd8f69aecf69ec973,1.4710541809909046
rb_g062_v4,rb_g062,train,v4,2,2,16.500000000000004,2050.0,500.0,102.56327121874932,62.369252503668434,65.25239233906446,102.45626934528195,0.9465624512821895,0.053437548733791494,-1.5981054863283874e-11,1.1747362372970543e-10,1118,8854cfcf78cdc46e057e357affa1689d487b786defd35f6e16c37496982b3ab6,8f73781984e22ccfe9dec347a3b73626f916e29b4c45708fd8f69aecf69ec973,1.452223906002473
rb_g062_v5,rb_g062,train,v5,2,2,16.5,2050.0,1000.0,102.76840609508059,59.877706882434005,63.61663995735234,102.65942491971822,0.9403850301055569,0.05961496991239751,-1.7954345081379458e-11,1.1516372636766397e-10,1161,8854cfcf78cdc46e057e357affa1689d487b786defd35f6e16c37496982b3ab6,8f73781984e22ccfe9dec347a3b73626f916e29b4c45708fd8f69aecf69ec973,1.54180811799597
rb_g062_v6,rb_g062,train,v6,3,3,12.499999999999998,1000.0,500.0,131.61030375260935,90.2024500611663,94.45617449356465,131.5060145408251,0.8988914315333628,0.10110856849181768,-2.5180444396255556e-11,9.758592076820391e-11,1182,8854cfcf78cdc46e057e357affa1689d487b786defd35f6e16c37496982b3ab6,8f73781984e22ccfe9dec347a3b73626f916e29b4c45708fd8f69aecf69ec973,1.553725351986941
rb_g062_v7,rb_g062,train,v7,3,3,12.5,1000.0,500.0,131.2898495711126,90.2004739526704,94.45389205573234,131.14466853309017,0.8988951040545053,0.1011048959702006,-2.470596172088335e-11,9.787257751348492e-11,1187,8854cfcf78cdc46e057e357affa1689d487b786defd35f6e16c37496982b3ab6,8f73781984e22ccfe9dec347a3b73626f916e29b4c45708fd8f69aecf69ec973,1.585232952988008
rb_g063_v0,rb_g063,train,v0,0,0,1.8,333.33,333.33,43.73405363018435,33.83711491132932,35.093831176683715,43.73138846173765,0.7701432897525068,0.229856710393109,-1.4561583420539628e-10,7.572414695432561e-11,1179,1cc7f0b6a3aeafb7a06428f6133be0c1c2abc20ef117c87ace6823aa163e1908,e275001e788178529b4e4e9b753d3f98da62cc59e0f8842a6f15e1d3de251729,1.588445703004254
rb_g063_v1,rb_g063,train,v1,0,0,2.5,500.0,333.33,44.755722962698485,34.00989000163396,35.266859095914924,44.75359694147761,0.8334267777632751,0.1665732223453123,-1.0858747234721022e-10,7.799018317653769e-11,1176,1cc7f0b6a3aeafb7a06428f6133be0c1c2abc20ef117c87ace6823aa163e1908,e275001e788178529b4e4e9b753d3f98da62cc59e0f8842a6f15e1d3de251729,1.5832323229988106
rb_g063_v2,rb_g063,train,v2,1,1,7.0,1000.0,333.33,72.75071639958031,52.3547657150152,54.26531083382125,72.73379602714908,0.9080466635045156,0.09195333653446865,-3.898416510241174e-11,8.884926781034915e-11,1161,1cc7f0b6a3aeafb7a06428f6133be0c1c2abc20ef117c87ace6823aa163e1908,e275001e788178529b4e4e9b753d3f98da62cc59e0f8842a6f15e1d3de251729,1.6297318610013463
rb_g063_v3,rb_g063,train,v3,1,1,7.000000000000001,1000.0,500.0,72.15898742894842,50.47636649903417,52.86362283123589,72.14001090039221,0.8990175606195328,0.10098243941905899,-3.8591748844193514e-11,9.108848431567825e-11,1153,1cc7f0b6a3aeafb7a06428f6133be0c1c2abc20ef117c87ace6823aa163e1908,e275001e788178529b4e4e9b753d3f98da62cc59e0f8842a6f15e1d3de251729,1.484291051980108
rb_g063_v4,rb_g063,train,v4,2,2,16.499999999999993,2050.0,500.0,97.28073909398222,62.26825146956101,65.16662624504997,97.23205973044617,0.946703621106205,0.05329637891118694,-1.7391926282977535e-11,1.1729047504221585e-10,1167,1cc7f0b6a3aeafb7a06428f6133be0c1c2abc20ef117c87ace6823aa163e1908,e275001e788178529b4e4e9b753d3f98da62cc59e0f8842a6f15e1d3de251729,1.512086327013094
rb_g063_v5,rb_g063,train,v5,2,2,16.500000000000004,2050.0,1000.0,95.85633419650105,59.781330569532756,63.531974059272414,95.8332171363179,0.9405456823479941,0.059454317668867905,-1.686202019763613e-11,1.152321114521036e-10,1166,1cc7f0b6a3aeafb7a06428f6133be0c1c2abc20ef117c87ace6823aa163e1908,e275001e788178529b4e4e9b753d3f98da62cc59e0f8842a6f15e1d3de251729,1.4835639810189605
rb_g063_v6,rb_g063,train,v6,3,3,12.499999999999998,1000.0,500.0,127.34290386687434,90.13971571027896,94.40190304649164,127.31291223338599,0.8990111707706779,0.10098882925351763,-2.419556111021848e-11,9.741098862837355e-11,1205,1cc7f0b6a3aeafb7a06428f6133be0c1c2abc20ef117c87ace6823aa163e1908,e275001e788178529b4e4e9b753d3f98da62cc59e0f8842a6f15e1d3de251729,1.599753405986121
rb_g063_v7,rb_g063,train,v7,3,3,12.499999999999995,1000.0,500.0,127.72788965508914,90.14377549174195,94.40656164679652,127.69704196908577,0.899003231686268,0.10099676833842246,-2.4690400834970217e-11,9.720255472553809e-11,1181,1cc7f0b6a3aeafb7a06428f6133be0c1c2abc20ef117c87ace6823aa163e1908,e275001e788178529b4e4e9b753d3f98da62cc59e0f8842a6f15e1d3de251729,1.5500545800023247
rb_g064_v0,rb_g064,train,v0,0,0,1.7999999999999998,333.33,333.33,46.1225525235846,33.86804820667094,35.12363113291351,46.1225525235846,0.7697452560611955,0.23025474408399835,-1.451938260979249e-10,7.616362760742751e-11,1196,9702c9fa2d2a8a1b5d4ce3e88af393aafdac12779cde2b1dfcf99659dd28be6d,b791af417ae505f139939e84c8b070c490d3041dc8b0349d6885dbcce93e080b,1.6196252029913012
rb_g064_v1,rb_g064,train,v1,0,0,2.5,500.0,333.33,47.95080328446636,34.05613453919555,35.3129368825541,47.95080328446636,0.8330246162577183,0.16697538384920071,-1.0691898477688255e-10,7.896488997658908e-11,1198,9702c9fa2d2a8a1b5d4ce3e88af393aafdac12779cde2b1dfcf99659dd28be6d,b791af417ae505f139939e84c8b070c490d3041dc8b0349d6885dbcce93e080b,1.5887008440040518
rb_g064_v2,rb_g064,train,v2,1,1,7.000000000000001,1000.0,333.33,80.7224911181795,52.49888557146659,54.41703784602878,80.7192815662595,0.9076256159921346,0.09237438404520798,-3.7342589338200987e-11,9.028698376773924e-11,1188,9702c9fa2d2a8a1b5d4ce3e88af393aafdac12779cde2b1dfcf99659dd28be6d,b791af417ae505f139939e84c8b070c490d3041dc8b0349d6885dbcce93e080b,1.5955650619871449
rb_g064_v3,rb_g064,train,v3,1,1,7.000000000000002,1000.0,500.0,79.391231345481,50.6109414141122,53.00458775384594,79.38023018174175,0.8985583774443353,0.10144162259245597,-3.6791236723843206e-11,9.237762763151317e-11,1197,9702c9fa2d2a8a1b5d4ce3e88af393aafdac12779cde2b1dfcf99659dd28be6d,b791af417ae505f139939e84c8b070c490d3041dc8b0349d6885dbcce93e080b,1.642887801019242
rb_g064_v4,rb_g064,train,v4,2,2,16.5,2050.0,500.0,114.4548474827389,62.62662505090933,65.57037880161742,114.4190843476515,0.9462034861748123,0.05379651384171344,-1.652577065091133e-11,1.180583557730675e-10,1185,9702c9fa2d2a8a1b5d4ce3e88af393aafdac12779cde2b1dfcf99659dd28be6d,b791af417ae505f139939e84c8b070c490d3041dc8b0349d6885dbcce93e080b,1.5491066359973047
rb_g064_v5,rb_g064,train,v5,2,2,16.5,2050.0,1000.0,114.34343950932453,60.121523939659134,63.921590388766624,114.3185622881424,0.9399788517008486,0.060021148315506125,-1.6354782847870272e-11,1.15877857550638e-10,1188,9702c9fa2d2a8a1b5d4ce3e88af393aafdac12779cde2b1dfcf99659dd28be6d,b791af417ae505f139939e84c8b070c490d3041dc8b0349d6885dbcce93e080b,1.5821582109783776
rb_g064_v6,rb_g064,train,v6,3,3,12.5,1000.0,500.0,142.38766465650804,90.38884090008004,94.66325527049385,142.31804258456714,0.8985348650752176,0.1014651349484988,-2.3716459907063837e-11,9.799375079144616e-11,1210,9702c9fa2d2a8a1b5d4ce3e88af393aafdac12779cde2b1dfcf99659dd28be6d,b791af417ae505f139939e84c8b070c490d3041dc8b0349d6885dbcce93e080b,1.5803394510003272
rb_g064_v7,rb_g064,train,v7,3,3,12.500000000000004,1000.0,500.0,142.97941478041935,90.3927402516519,94.66970240079428,142.94830053883805,0.8985271491617168,0.10147285086267437,-2.4391173525373227e-11,9.681884949444134e-11,1194,9702c9fa2d2a8a1b5d4ce3e88af393aafdac12779cde2b1dfcf99659dd28be6d,b791af417ae505f139939e84c8b070c490d3041dc8b0349d6885dbcce93e080b,1.5863937359827105
rb_g065_v0,rb_g065,train,v0,0,0,1.7999999999999998,333.33,333.33,44.60277243021045,33.832000546179906,35.08913755828679,44.58415572886486,0.7702095755785192,0.2297904245670629,-1.4558209576125908e-10,7.718722884528962e-11,1200,89f0dcabf04ac3ea111935f27aa14b11b079b78cbd6823c518acc295a414b238,3ec4b2675bac5912307a74e12bb04982ad632e8fc4b7713f7933e65b1a26ad8f,1.5707951440126635
rb_g065_v1,rb_g065,train,v1,0,0,2.5,500.0,333.33,45.564821423415765,33.999158094137975,35.256682099807946,45.54450404347955,0.8335199801683819,0.16648001993917966,-1.0756158186353559e-10,7.882384616487067e-11,1187,89f0dcabf04ac3ea111935f27aa14b11b079b78cbd6823c518acc295a414b238,3ec4b2675bac5912307a74e12bb04982ad632e8fc4b7713f7933e65b1a26ad8f,1.5845000190020073
rb_g065_v2,rb_g065,train,v2,1,1,6.999999999999999,1000.0,333.33,73.78220308465615,52.31713677378925,54.228175038869665,73.73015385133203,0.9081562378957262,0.09184376214197452,-3.77006997049583e-11,9.020631726093396e-11,1177,89f0dcabf04ac3ea111935f27aa14b11b079b78cbd6823c518acc295a414b238,3ec4b2675bac5912307a74e12bb04982ad632e8fc4b7713f7933e65b1a26ad8f,1.5739877269952558
rb_g065_v3,rb_g065,train,v3,1,1,7.0,1000.0,500.0,72.81084199012878,50.44951864301705,52.83698322146527,72.76655587973897,0.8991102569430549,0.10088974309476188,-3.781682903333408e-11,9.203988048261085e-11,1180,89f0dcabf04ac3ea111935f27aa14b11b079b78cbd6823c518acc295a414b238,3ec4b2675bac5912307a74e12bb04982ad632e8fc4b7713f7933e65b1a26ad8f,1.583819022984244
rb_g065_v4,rb_g065,train,v4,2,2,16.500000000000007,2050.0,500.0,101.0125331139676,62.20584869564238,65.10257551697698,100.90901666594692,0.9467916481278463,0.053208351889594524,-1.7440863568178117e-11,1.177968785500486e-10,1169,89f0dcabf04ac3ea111935f27aa14b11b079b78cbd6823c518acc295a414b238,3ec4b2675bac5912307a74e12bb04982ad632e8fc4b7713f7933e65b1a26ad8f,1.5433942899981048
rb_g065_v5,rb_g065,train,v5,2,2,16.5,2050.0,1000.0,102.48544147561267,59.727159172823086,63.47571306358376,102.41271878827149,0.940635984693601,0.05936401532256311,-1.6164066718112846e-11,1.1540033239140912e-10,1174,89f0dcabf04ac3ea111935f27aa14b11b079b78cbd6823c518acc295a414b238,3ec4b2675bac5912307a74e12bb04982ad632e8fc4b7713f7933e65b1a26ad8f,1.5391927910095546
rb_g065_v6,rb_g065,train,v6,3,3,12.5,1000.0,500.0,132.98317123025885,90.095480982953,94.35916609349037,132.90309014012325,0.8990952534455044,0.10090474657807329,-2.357774420147507e-11,9.794335725244333e-11,1185,89f0dcabf04ac3ea111935f27aa14b11b079b78cbd6823c518acc295a414b238,3ec4b2675bac5912307a74e12bb04982ad632e8fc4b7713f7933e65b1a26ad8f,1.5410361459944397
rb_g065_v7,rb_g065,train,v7,3,3,12.5,1000.0,500.0,132.7763342715587,90.09515615681623,94.35871687281521,132.71970156505955,0.899095867437526,0.10090413258641474,-2.3940724958038118e-11,9.86821144719008e-11,1192,89f0dcabf04ac3ea111935f27aa14b11b079b78cbd6823c518acc295a414b238,3ec4b2675bac5912307a74e12bb04982ad632e8fc4b7713f7933e65b1a26ad8f,1.5425651080149692
rb_g066_v0,rb_g066,train,v0,0,0,1.8000000000000003,333.33,333.33,44.24498518129849,33.83367903431794,35.09086667980708,44.232170158222914,0.7701875821919978,0.22981241795267304,-1.4467081853474104e-10,7.592895909676424e-11,1183,722cac55e9f954f7e3daab313560168bca9c572d889c25d23391c3835b99c9f2,f66c7865d400bd7a6bb5112318b252533fa42ae2e74de7483745812292954669,1.5801817939791363
rb_g066_v1,rb_g066,train,v1,0,0,2.5,500.0,333.33,45.56076166080459,34.004672926888865,35.2623219223931,45.55967852455245,0.8334721462697475,0.1665278538380422,-1.0778971049063557e-10,7.784887191378929e-11,1177,722cac55e9f954f7e3daab313560168bca9c572d889c25d23391c3835b99c9f2,f66c7865d400bd7a6bb5112318b252533fa42ae2e74de7483745812292954669,1.5511398400121834
rb_g066_v2,rb_g066,train,v2,1,1,6.999999999999999,1000.0,333.33,75.07187433259708,52.345443580334184,54.25807089431615,75.06681816746027,0.9080739184895865,0.09192608154657178,-3.615828271717549e-11,9.079309205406913e-11,1180,722cac55e9f954f7e3daab313560168bca9c572d889c25d23391c3835b99c9f2,f66c7865d400bd7a6bb5112318b252533fa42ae2e74de7483745812292954669,1.6226046590018086
rb_g066_v3,rb_g066,train,v3,1,1,6.999999999999999,1000.0,500.0,74.9216799071466,50.477520304215375,52.866727151816086,74.91645554564383,0.8990137111910106,0.10098628884563858,-3.6649223338664734e-11,9.099655268083804e-11,1141,722cac55e9f954f7e3daab313560168bca9c572d889c25d23391c3835b99c9f2,f66c7865d400bd7a6bb5112318b252533fa42ae2e74de7483745812292954669,1.539282401005039
rb_g066_v4,rb_g066,train,v4,2,2,16.499999999999996,2050.0,500.0,103.75059415783386,62.28519641200354,65.19234691380758,103.73740459455246,0.946679990187922,0.053320009829102524,-1.702450974807052e-11,1.1928941219187031e-10,1172,722cac55e9f954f7e3daab313560168bca9c572d889c25d23391c3835b99c9f2,f66c7865d400bd7a6bb5112318b252533fa42ae2e74de7483745812292954669,1.5851415329962038
rb_g066_v5,rb_g066,train,v5,2,2,16.500000000000004,2050.0,1000.0,104.24275382023717,59.79634892770612,63.558214717108406,104.22901398500153,0.9405201867583818,0.05947981325886155,-1.724330442741437e-11,1.1457228216056606e-10,1164,722cac55e9f954f7e3daab313560168bca9c572d889c25d23391c3835b99c9f2,f66c7865d400bd7a6bb5112318b252533fa42ae2e74de7483745812292954669,1.5381721679877955
rb_g066_v6,rb_g066,train,v6,3,3,12.499999999999998,1000.0,500.0,132.86452233681064,90.13109217628964,94.39757819354655,132.85646953808248,0.899027534838249,0.10097246518595028,-2.41993625138548e-11,9.919587406098463e-11,1192,722cac55e9f954f7e3daab313560168bca9c572d889c25d23391c3835b99c9f2,f66c7865d400bd7a6bb5112318b252533fa42ae2e74de7483745812292954669,1.5471052729990333
rb_g066_v7,rb_g066,train,v7,3,3,12.499999999999996,1000.0,500.0,132.1695418188737,90.12894336534012,94.39540470076012,132.16202425290913,0.8990319586429832,0.10096804138195688,-2.4940103315884706e-11,9.73380726996724e-11,1189,722cac55e9f954f7e3daab313560168bca9c572d889c25d23391c3835b99c9f2,f66c7865d400bd7a6bb5112318b252533fa42ae2e74de7483745812292954669,1.5487386120075826
rb_g067_v0,rb_g067,train,v0,0,0,1.7999999999999998,333.33,333.33,44.26591767005277,33.840560134025466,35.09655549854789,44.2098651196352,0.770098421696562,0.2299015784467586,-1.433206022996261e-10,7.631814171826155e-11,1187,fd6474b6bc0b57197fdc2921d00aa7caa0f264f030f6a6f5a67b028cffdfd198,6ef5c6aac75e07668791e5630921a6b849737e06c2c9097743a251b2c2dfa9d6,1.5635843419877347
rb_g067_v1,rb_g067,train,v1,0,0,2.5,500.0,333.33,45.63425320649918,34.01482515687306,35.27062315010349,45.5552711584574,0.8333835323962896,0.16661646771102956,-1.0731917576833893e-10,7.843267439933081e-11,1168,fd6474b6bc0b57197fdc2921d00aa7caa0f264f030f6a6f5a67b028cffdfd198,6ef5c6aac75e07668791e5630921a6b849737e06c2c9097743a251b2c2dfa9d6,1.5738431159988977
rb_g067_v2,rb_g067,train,v2,1,1,6.999999999999999,1000.0,333.33,74.57506420410976,52.37162296214593,54.27713862484006,74.36073477766263,0.9079972171783701,0.09200278285904147,-3.7411550048359137e-11,9.031912002235861e-11,1191,fd6474b6bc0b57197fdc2921d00aa7caa0f264f030f6a6f5a67b028cffdfd198,6ef5c6aac75e07668791e5630921a6b849737e06c2c9097743a251b2c2dfa9d6,1.5746405849931762
rb_g067_v3,rb_g067,train,v3,1,1,6.999999999999999,1000.0,500.0,73.7150441105519,50.50315918535384,52.88507156901586,73.58385818635958,0.8989273739572501,0.10107262608022687,-3.747700562582525e-11,9.198233170440761e-11,1192,fd6474b6bc0b57197fdc2921d00aa7caa0f264f030f6a6f5a67b028cffdfd198,6ef5c6aac75e07668791e5630921a6b849737e06c2c9097743a251b2c2dfa9d6,1.5756054219964426
rb_g067_v4,rb_g067,train,v4,2,2,16.5,2050.0,500.0,99.48450775118187,62.335452828773285,65.21561748366851,99.07147851747487,0.9466098785669904,0.05339012144960315,-1.6593615370652515e-11,1.1735499070782456e-10,1174,fd6474b6bc0b57197fdc2921d00aa7caa0f264f030f6a6f5a67b028cffdfd198,6ef5c6aac75e07668791e5630921a6b849737e06c2c9097743a251b2c2dfa9d6,1.5670145000040065
rb_g067_v5,rb_g067,train,v5,2,2,16.5,2050.0,1000.0,105.92774982320111,59.846581580434005,63.583920672838914,104.72777775940511,0.9404366895313783,0.05956331048590214,-1.7280392605061245e-11,1.1338962311900816e-10,1141,fd6474b6bc0b57197fdc2921d00aa7caa0f264f030f6a6f5a67b028cffdfd198,6ef5c6aac75e07668791e5630921a6b849737e06c2c9097743a251b2c2dfa9d6,1.5307597710052505
rb_g067_v6,rb_g067,train,v6,3,3,12.499999999999998,1000.0,500.0,130.72889327979914,90.1837801952249,94.43824038425711,130.25733253633092,0.8989276019852565,0.10107239803906001,-2.431649548384485e-11,9.80162504604297e-11,1192,fd6474b6bc0b57197fdc2921d00aa7caa0f264f030f6a6f5a67b028cffdfd198,6ef5c6aac75e07668791e5630921a6b849737e06c2c9097743a251b2c2dfa9d6,1.5783725880028214
rb_g067_v7,rb_g067,train,v7,3,3,12.5,1000.0,500.0,130.88944196791203,90.18316244100728,94.43731163877817,130.5230090604661,0.8989286324321946,0.10107136759256308,-2.4757600414204718e-11,9.782363049052466e-11,1181,fd6474b6bc0b57197fdc2921d00aa7caa0f264f030f6a6f5a67b028cffdfd198,6ef5c6aac75e07668791e5630921a6b849737e06c2c9097743a251b2c2dfa9d6,1.5608550620090682
rb_g068_v0,rb_g068,test,v0,0,0,1.8,333.33,333.33,44.25361041094732,33.84689321718199,35.1026474744716,44.251465429447705,0.7700167630656423,0.2299832370756167,-1.412589798219541e-10,7.750992868818157e-11,1194,facee159698fc7c2b0eb3507a86c6bcf9297aa3d70a6a17c8eed03abb8b2e198,25b7e599de671c0733b74339157e9a456d421996c75049d1d09cc03967f5586c,1.587097529991297
rb_g068_v1,rb_g068,test,v1,0,0,2.5000000000000004,500.0,333.33,45.16788371956437,34.027314431006644,35.28298546986506,45.16461487548435,0.8332757216493095,0.16672427845853946,-1.0784895199122956e-10,7.821820742260919e-11,1193,facee159698fc7c2b0eb3507a86c6bcf9297aa3d70a6a17c8eed03abb8b2e198,25b7e599de671c0733b74339157e9a456d421996c75049d1d09cc03967f5586c,1.6636748829914723
rb_g068_v2,rb_g068,test,v2,1,1,6.999999999999999,1000.0,333.33,72.70984837261506,52.41425764930549,54.321247485482836,72.69975359391384,0.9078731195526092,0.09212688048625386,-3.8863055630754066e-11,9.059811300305807e-11,1193,facee159698fc7c2b0eb3507a86c6bcf9297aa3d70a6a17c8eed03abb8b2e198,25b7e599de671c0733b74339157e9a456d421996c75049d1d09cc03967f5586c,1.5729627730033826
rb_g068_v3,rb_g068,test,v3,1,1,7.0,1000.0,500.0,79.39382190962652,50.53921156569201,52.924823720081186,79.31122529865092,0.898803002523125,0.10119699751537789,-3.8502851700578895e-11,9.179271014064455e-11,1173,facee159698fc7c2b0eb3507a86c6bcf9297aa3d70a6a17c8eed03abb8b2e198,25b7e599de671c0733b74339157e9a456d421996c75049d1d09cc03967f5586c,1.54497592599364
rb_g068_v4,rb_g068,test,v4,2,2,16.5,2050.0,500.0,106.5570636006201,62.426018039082024,65.32448838304164,106.40522696140482,0.9464831739687759,0.05351682604824557,-1.7021475138469874e-11,1.1733329245957502e-10,1160,facee159698fc7c2b0eb3507a86c6bcf9297aa3d70a6a17c8eed03abb8b2e198,25b7e599de671c0733b74339157e9a456d421996c75049d1d09cc03967f5586c,1.5857522189908195
rb_g068_v5,rb_g068,test,v5,2,2,16.500000000000004,2050.0,1000.0,99.7395112970379,59.92165071709714,63.671032325681786,99.72354113942907,0.9403117698131065,0.05968823020442443,-1.7530946391533768e-11,1.1672656895327481e-10,1157,facee159698fc7c2b0eb3507a86c6bcf9297aa3d70a6a17c8eed03abb8b2e198,25b7e599de671c0733b74339157e9a456d421996c75049d1d09cc03967f5586c,1.5144787229946814
rb_g068_v6,rb_g068,test,v6,3,3,12.499999999999998,1000.0,500.0,130.3886053787487,90.2375449108559,94.49578293821183,130.36937945223116,0.8988242296229418,0.10117577040273074,-2.5672584058611397e-11,9.664328049301792e-11,1185,facee159698fc7c2b0eb3507a86c6bcf9297aa3d70a6a17c8eed03abb8b2e198,25b7e599de671c0733b74339157e9a456d421996c75049d1d09cc03967f5586c,1.5746083539852407
rb_g068_v7,rb_g068,test,v7,3,3,12.5,1000.0,500.0,130.55215625223673,90.23720092138463,94.49532474216358,130.53278538864964,0.8988248194881575,0.10117518053617067,-2.43281839118481e-11,9.833871521205979e-11,1193,facee159698fc7c2b0eb3507a86c6bcf9297aa3d70a6a17c8eed03abb8b2e198,25b7e599de671c0733b74339157e9a456d421996c75049d1d09cc03967f5586c,1.6044301000074483
rb_g069_v0,rb_g069,train,v0,0,0,1.8,333.33,333.33,43.859396787704384,33.835303250914976,35.09267323236937,43.84968889551874,0.7701666659784904,0.22983333416619045,-1.4468084138149115e-10,7.747238342517677e-11,1204,07e1080d228427cd7297c369323a3e60aa4f9ba435de0dbb13fdc925884a96f8,c0bbcf42e2a03e0ee9acded2c734762ddf5167877cb8512fd2f55f727c108e38,1.6122161009989213
rb_g069_v1,rb_g069,train,v1,0,0,2.5000000000000004,500.0,333.33,44.74916784329099,34.006566085715065,35.26475754417869,44.73570315161288,0.8334559377282501,0.1665440623794152,-1.0766529889849606e-10,7.863087896174623e-11,1189,07e1080d228427cd7297c369323a3e60aa4f9ba435de0dbb13fdc925884a96f8,c0bbcf42e2a03e0ee9acded2c734762ddf5167877cb8512fd2f55f727c108e38,1.5688083410204854
rb_g069_v2,rb_g069,train,v2,1,1,6.999999999999999,1000.0,333.33,72.80743899636292,52.343231725724905,54.259884239668345,72.15329665208344,0.9080802820041103,0.09191971803335465,-3.7464983496501456e-11,9.133031473500394e-11,1190,07e1080d228427cd7297c369323a3e60aa4f9ba435de0dbb13fdc925884a96f8,c0bbcf42e2a03e0ee9acded2c734762ddf5167877cb8512fd2f55f727c108e38,1.5344816890137736
rb_g069_v3,rb_g069,train,v3,1,1,7.0,1000.0,500.0,75.43229921493923,50.4737984556562,52.867198540780876,74.47843394946585,0.8990256571980287,0.10097434284004804,-3.8076827405372373e-11,9.129811535357502e-11,1166,07e1080d228427cd7297c369323a3e60aa4f9ba435de0dbb13fdc925884a96f8,c0bbcf42e2a03e0ee9acded2c734762ddf5167877cb8512fd2f55f727c108e38,1.5413799210218713
rb_g069_v4,rb_g069,train,v4,2,2,16.5,2050.0,500.0,104.6115719845771,62.26927410476017,65.19473381008532,104.3769864996172,0.9467017067684459,0.053298293249268366,-1.7714301406206715e-11,1.194203208056412e-10,1170,07e1080d228427cd7297c369323a3e60aa4f9ba435de0dbb13fdc925884a96f8,c0bbcf42e2a03e0ee9acded2c734762ddf5167877cb8512fd2f55f727c108e38,1.5566034499788657
rb_g069_v5,rb_g069,train,v5,2,2,16.499999999999996,2050.0,1000.0,103.34806889953342,59.80699067978413,63.582956198692905,103.31584160171235,0.9405045970131245,0.05949540300324022,-1.6364694111599203e-11,1.1517649022440498e-10,1171,07e1080d228427cd7297c369323a3e60aa4f9ba435de0dbb13fdc925884a96f8,c0bbcf42e2a03e0ee9acded2c734762ddf5167877cb8512fd2f55f727c108e38,1.5782390199892689
rb_g069_v6,rb_g069,train,v6,3,3,12.5,1000.0,500.0,131.38533786911415,90.1395280247235,94.41110847051591,131.36378182931662,0.8990119116144443,0.1009880884096976,-2.4141897370100197e-11,9.774289347353336e-11,1199,07e1080d228427cd7297c369323a3e60aa4f9ba435de0dbb13fdc925884a96f8,c0bbcf42e2a03e0ee9acded2c734762ddf5167877cb8512fd2f55f727c108e38,1.6442775950126816
rb_g069_v7,rb_g069,train,v7,3,3,12.5,1000.0,500.0,130.82729044087023,90.1306902960528,94.40280643649706,130.80611278513368,0.8990286567865061,0.10097134323742799,-2.3934116910595547e-11,9.809379886541146e-11,1199,07e1080d228427cd7297c369323a3e60aa4f9ba435de0dbb13fdc925884a96f8,c0bbcf42e2a03e0ee9acded2c734762ddf5167877cb8512fd2f55f727c108e38,1.6542233569780365
rb_g070_v0,rb_g070,train,v0,0,0,1.7999999999999998,333.33,333.33,44.307509935347014,33.84136288558944,35.097408232391196,44.23636099397794,0.7700882622779023,0.2299117378694304,-1.4733270159439374e-10,7.600421480757251e-11,1177,004a9d04246066385e1363cc9ad3a71d3f1a532db2443159efcc1ab7b3d6976c,cef602452b73b1b7fc32cb50f8ebe8f39985a150413dd3dcd4cb4e6699ed3c29,1.6065631720121019
rb_g070_v1,rb_g070,train,v1,0,0,2.5,500.0,333.33,45.727149161528416,34.01682424652506,35.272883556327585,45.631251118251384,0.8333662603971053,0.1666337397105583,-1.0766361135949864e-10,7.815417466435435e-11,1178,004a9d04246066385e1363cc9ad3a71d3f1a532db2443159efcc1ab7b3d6976c,cef602452b73b1b7fc32cb50f8ebe8f39985a150413dd3dcd4cb4e6699ed3c29,1.5312136200082023
rb_g070_v2,rb_g070,train,v2,1,1,6.999999999999999,1000.0,333.33,74.9657971451391,52.379653959395355,54.28697970583307,74.73247789895811,0.9079738448964727,0.09202615514202848,-3.850113878505519e-11,9.003914536624804e-11,1171,004a9d04246066385e1363cc9ad3a71d3f1a532db2443159efcc1ab7b3d6976c,cef602452b73b1b7fc32cb50f8ebe8f39985a150413dd3dcd4cb4e6699ed3c29,1.526814035983989
rb_g070_v3,rb_g070,train,v3,1,1,6.999999999999999,1000.0,500.0,73.51718514744653,50.502013291013135,52.885411916750975,73.3270132675841,0.898929888596627,0.10107011144032609,-3.695307552017572e-11,9.244127494887733e-11,1187,004a9d04246066385e1363cc9ad3a71d3f1a532db2443159efcc1ab7b3d6976c,cef602452b73b1b7fc32cb50f8ebe8f39985a150413dd3dcd4cb4e6699ed3c29,1.5396920499915723
rb_g070_v4,rb_g070,train,v4,2,2,16.499999999999996,2050.0,500.0,99.38206399720178,62.35166437082445,65.23484559905468,98.94099261361214,0.9465878968759833,0.05341210314155131,-1.753459330595406e-11,1.1715298846703904e-10,1167,004a9d04246066385e1363cc9ad3a71d3f1a532db2443159efcc1ab7b3d6976c,cef602452b73b1b7fc32cb50f8ebe8f39985a150413dd3dcd4cb4e6699ed3c29,1.6254624210123438
rb_g070_v5,rb_g070,train,v5,2,2,16.499999999999996,2050.0,1000.0,97.85963054463957,59.852108535287165,63.58642236035956,97.38114666062734,0.9404279750258884,0.05957202499213949,-1.802781493111208e-11,1.141576947605231e-10,1171,004a9d04246066385e1363cc9ad3a71d3f1a532db2443159efcc1ab7b3d6976c,cef602452b73b1b7fc32cb50f8ebe8f39985a150413dd3dcd4cb4e6699ed3c29,1.6250769830076024
rb_g070_v6,rb_g070,train,v6,3,3,12.5,1000.0,500.0,130.4675119916148,90.1831652792362,94.43827934965927,130.04950981476713,0.8989283362840135,0.10107166374123208,-2.5245565637987965e-11,9.676197219180886e-11,1180,004a9d04246066385e1363cc9ad3a71d3f1a532db2443159efcc1ab7b3d6976c,cef602452b73b1b7fc32cb50f8ebe8f39985a150413dd3dcd4cb4e6699ed3c29,1.578849956014892
rb_g070_v7,rb_g070,train,v7,3,3,12.499999999999998,1000.0,500.0,130.95780955844543,90.18469575830657,94.4400210393368,130.52018052199605,0.8989252708176906,0.1010747292076108,-2.530139653345032e-11,9.686457337357434e-11,1178,004a9d04246066385e1363cc9ad3a71d3f1a532db2443159efcc1ab7b3d6976c,cef602452b73b1b7fc32cb50f8ebe8f39985a150413dd3dcd4cb4e6699ed3c29,1.5620135970239062
rb_g071_v0,rb_g071,train,v0,0,0,1.8000000000000003,333.33,333.33,43.69562314319677,33.84009027291172,35.09612706777661,43.680463783190476,0.7701049325305156,0.22989506761197595,-1.424915740955157e-10,7.729037090046275e-11,1198,dfe54fab3974a04d257570daee4653393aba0d92439a6a6b1cdf735f5bb2a6a9,efda7eb79af88e7702773bdd39cde5af735e2062dd26c51eb75c10dd4b2271b3,1.5830886519979686
rb_g071_v1,rb_g071,train,v1,0,0,2.4999999999999996,500.0,333.33,46.259184799183856,34.01425177128925,35.270169075494,46.23783689969207,0.8333886878533624,0.16661131225349726,-1.068596544584466e-10,7.875968628178635e-11,1185,dfe54fab3974a04d257570daee4653393aba0d92439a6a6b1cdf735f5bb2a6a9,efda7eb79af88e7702773bdd39cde5af735e2062dd26c51eb75c10dd4b2271b3,1.6162278859992512
rb_g071_v2,rb_g071,train,v2,1,1,7.0,1000.0,333.33,73.36095089368928,52.37223427799747,54.27824090414762,73.18551743171258,0.9079954468184657,0.09200455321910073,-3.7566426160294346e-11,8.934562473532192e-11,1185,dfe54fab3974a04d257570daee4653393aba0d92439a6a6b1cdf735f5bb2a6a9,efda7eb79af88e7702773bdd39cde5af735e2062dd26c51eb75c10dd4b2271b3,1.570474556996487
rb_g071_v3,rb_g071,train,v3,1,1,7.0,1000.0,500.0,72.64126623779316,50.502343490146984,52.88484871203662,72.56861539464762,0.8989294007381529,0.10107059929962155,-3.77744185137934e-11,9.114697088892603e-11,1189,dfe54fab3974a04d257570daee4653393aba0d92439a6a6b1cdf735f5bb2a6a9,efda7eb79af88e7702773bdd39cde5af735e2062dd26c51eb75c10dd4b2271b3,1.5323299769952428
rb_g071_v4,rb_g071,train,v4,2,2,16.499999999999996,2050.0,500.0,99.92444718370166,62.35063557863897,65.23305693489101,99.74473093387792,0.9465890842521684,0.05341091576568418,-1.785250735121157e-11,1.1891064319135988e-10,1169,dfe54fab3974a04d257570daee4653393aba0d92439a6a6b1cdf735f5bb2a6a9,efda7eb79af88e7702773bdd39cde5af735e2062dd26c51eb75c10dd4b2271b3,1.5450725110131316
rb_g071_v5,rb_g071,train,v5,2,2,16.499999999999996,2050.0,1000.0,98.71374658847276,59.852091887646466,63.58700771841456,98.53974274264391,0.9404277058767935,0.05957229413934944,-1.6142891737152272e-11,1.1789721266822676e-10,1171,dfe54fab3974a04d257570daee4653393aba0d92439a6a6b1cdf735f5bb2a6a9,efda7eb79af88e7702773bdd39cde5af735e2062dd26c51eb75c10dd4b2271b3,1.531835820991546
rb_g071_v6,rb_g071,train,v6,3,3,12.5,1000.0,500.0,128.8120122819082,90.18082763157517,94.43522315039563,128.68857084419562,0.898932194564451,0.1010678054604346,-2.4885551397346716e-11,9.718077280256832e-11,1185,dfe54fab3974a04d257570daee4653393aba0d92439a6a6b1cdf735f5bb2a6a9,efda7eb79af88e7702773bdd39cde5af735e2062dd26c51eb75c10dd4b2271b3,1.5535871240135748
rb_g071_v7,rb_g071,train,v7,3,3,12.5,1000.0,500.0,128.48518750007844,90.1766328344294,94.43098687706454,128.36378751868688,0.8989403440886023,0.10105965593538115,-2.3983499630730876e-11,9.783607730328945e-11,1195,dfe54fab3974a04d257570daee4653393aba0d92439a6a6b1cdf735f5bb2a6a9,efda7eb79af88e7702773bdd39cde5af735e2062dd26c51eb75c10dd4b2271b3,1.66139139799634
rb_g072_v0,rb_g072,train,v0,0,0,1.7999999999999998,333.33,333.33,44.84573595973541,33.86144036587141,35.11774554704405,44.742960283936895,0.7698288486511002,0.23017115149560385,-1.4670413032528512e-10,7.819990832295995e-11,1220,0803c705c44fc4fd5e6f793a80014a735221e1efc1ecd1401c9283dabc920dee,1a432ef1dc877ea56cbc5537e319eedb2fd59100e5220ad4c69569e81d318cd7,1.6152946700167377
rb_g072_v1,rb_g072,train,v1,0,0,2.4999999999999996,500.0,333.33,48.85578353814543,34.052542835907595,35.31066211170962,48.85578353814543,0.8330549667819106,0.16694503332492383,-1.0683443019132711e-10,7.867444911375796e-11,1188,0803c705c44fc4fd5e6f793a80014a735221e1efc1ecd1401c9283dabc920dee,1a432ef1dc877ea56cbc5537e319eedb2fd59100e5220ad4c69569e81d318cd7,1.5942698459839448
rb_g072_v2,rb_g072,train,v2,1,1,7.0,1000.0,333.33,80.74811891508176,52.49330895636454,54.417463895887,80.74811891508176,0.9076414946032096,0.09235850543374353,-3.695313896149141e-11,9.10712819678289e-11,1187,0803c705c44fc4fd5e6f793a80014a735221e1efc1ecd1401c9283dabc920dee,1a432ef1dc877ea56cbc5537e319eedb2fd59100e5220ad4c69569e81d318cd7,1.589114292000886
rb_g072_v3,rb_g072,train,v3,1,1,7.0,1000.0,500.0,77.51333019109245,50.61724862201267,53.018297998809096,76.9744340484512,0.8985382263031546,0.10146177373429181,-3.744647449264806e-11,9.209180699466412e-11,1188,0803c705c44fc4fd5e6f793a80014a735221e1efc1ecd1401c9283dabc920dee,1a432ef1dc877ea56cbc5537e319eedb2fd59100e5220ad4c69569e81d318cd7,1.5325312060012948
rb_g072_v4,rb_g072,train,v4,2,2,16.5,2050.0,500.0,112.45165212558828,62.61982475261372,65.60217446529374,111.0230162529927,0.946213093453661,0.05378690656305479,-1.6715793732356417e-11,1.1830301625191362e-10,1170,0803c705c44fc4fd5e6f793a80014a735221e1efc1ecd1401c9283dabc920dee,1a432ef1dc877ea56cbc5537e319eedb2fd59100e5220ad4c69569e81d318cd7,1.529292457998963
rb_g072_v5,rb_g072,train,v5,2,2,16.500000000000004,2050.0,1000.0,111.35509649308102,60.089591256526475,63.923526589030075,109.82829959769617,0.9400314699590497,0.0599685300567267,-1.577642393828448e-11,1.162860586661402e-10,1172,0803c705c44fc4fd5e6f793a80014a735221e1efc1ecd1401c9283dabc920dee,1a432ef1dc877ea56cbc5537e319eedb2fd59100e5220ad4c69569e81d318cd7,1.552799863013206
rb_g072_v6,rb_g072,train,v6,3,3,12.5,1000.0,500.0,137.4289046955251,90.36066786268161,94.64736522705317,136.4115539399677,0.8985883208654216,0.1014116791589407,-2.4362343253869768e-11,9.799073695729665e-11,1178,0803c705c44fc4fd5e6f793a80014a735221e1efc1ecd1401c9283dabc920dee,1a432ef1dc877ea56cbc5537e319eedb2fd59100e5220ad4c69569e81d318cd7,1.563697661011247
rb_g072_v7,rb_g072,train,v7,3,3,12.499999999999998,1000.0,500.0,136.84323663370418,90.38103788762413,94.66715320414092,135.86645246816119,0.8985519290136029,0.1014480710105566,-2.415955435708384e-11,9.747253440913535e-11,1210,0803c705c44fc4fd5e6f793a80014a735221e1efc1ecd1401c9283dabc920dee,1a432ef1dc877ea56cbc5537e319eedb2fd59100e5220ad4c69569e81d318cd7,1.596277970005758
rb_g073_v0,rb_g073,valid,v0,0,0,1.8000000000000003,333.33,333.33,44.82846004941325,33.834175753222716,35.09191409017814,44.740415862439136,0.7701813828308957,0.22981861731366776,-1.44563435296637e-10,7.599688235530846e-11,1181,b6b8c8e7825edb394e32e6b42d9a156f2d7a19885391e792edaafa3f0d5c73a7,c9454e49ce9cda65466b62998e874364ce7bad1c3296ebba8c445baa9dd81698,1.658866092999233
rb_g073_v1,rb_g073,valid,v1,0,0,2.4999999999999996,500.0,333.33,46.002069100129745,34.00559421506581,35.26421327659306,45.88502346792052,0.8334641727609213,0.16653582734544128,-1.0636258540586142e-10,7.90262215829391e-11,1184,b6b8c8e7825edb394e32e6b42d9a156f2d7a19885391e792edaafa3f0d5c73a7,c9454e49ce9cda65466b62998e874364ce7bad1c3296ebba8c445baa9dd81698,1.5469807219924405
rb_g073_v2,rb_g073,valid,v2,1,1,7.0,1000.0,333.33,75.39825011157063,52.34937130157439,54.26740946960901,75.08210704061855,0.9080625754936291,0.09193742454528497,-3.8914125889886824e-11,8.929309014275886e-11,1177,b6b8c8e7825edb394e32e6b42d9a156f2d7a19885391e792edaafa3f0d5c73a7,c9454e49ce9cda65466b62998e874364ce7bad1c3296ebba8c445baa9dd81698,1.5645963020215277
rb_g073_v3,rb_g073,valid,v3,1,1,6.999999999999999,1000.0,500.0,74.70117337135008,50.47815540569142,52.87312008222224,74.38572854123566,0.8990114941839398,0.10098850585510806,-3.904782846270954e-11,9.220202854247688e-11,1183,b6b8c8e7825edb394e32e6b42d9a156f2d7a19885391e792edaafa3f0d5c73a7,c9454e49ce9cda65466b62998e874364ce7bad1c3296ebba8c445baa9dd81698,1.5790495499968529
rb_g073_v4,rb_g073,valid,v4,2,2,16.500000000000004,2050.0,500.0,105.27792394039909,62.28506817517748,65.22193919173961,104.51409324589275,0.9466798952762877,0.05332010474124864,-1.753632256242271e-11,1.1870406968962294e-10,1161,b6b8c8e7825edb394e32e6b42d9a156f2d7a19885391e792edaafa3f0d5c73a7,c9454e49ce9cda65466b62998e874364ce7bad1c3296ebba8c445baa9dd81698,1.501691091019893
rb_g073_v5,rb_g073,valid,v5,2,2,16.5,2050.0,1000.0,106.38983564248798,59.79142590187212,63.57991847576168,105.59122880366931,0.940528715154309,0.059471284863059005,-1.7367992566016365e-11,1.1728349076615926e-10,1162,b6b8c8e7825edb394e32e6b42d9a156f2d7a19885391e792edaafa3f0d5c73a7,c9454e49ce9cda65466b62998e874364ce7bad1c3296ebba8c445baa9dd81698,1.499950091005303
rb_g073_v6,rb_g073,valid,v6,3,3,12.499999999999998,1000.0,500.0,135.28299323147712,90.13653570166336,94.41296243285566,134.6797815860641,0.8990174608066567,0.10098253921830327,-2.4959998512485984e-11,9.616151150313525e-11,1183,b6b8c8e7825edb394e32e6b42d9a156f2d7a19885391e792edaafa3f0d5c73a7,c9454e49ce9cda65466b62998e874364ce7bad1c3296ebba8c445baa9dd81698,1.5380008940119296
rb_g073_v7,rb_g073,valid,v7,3,3,12.499999999999998,1000.0,500.0,135.22213549584086,90.13275535819555,94.40908883185917,134.62027164808273,0.8990245195111569,0.10097548051437488,-2.5531807779088927e-11,9.737052365634191e-11,1182,b6b8c8e7825edb394e32e6b42d9a156f2d7a19885391e792edaafa3f0d5c73a7,c9454e49ce9cda65466b62998e874364ce7bad1c3296ebba8c445baa9dd81698,1.5588038909772877
rb_g074_v0,rb_g074,valid,v0,0,0,1.7999999999999998,333.33,333.33,44.47860781677366,33.84527424963534,35.101908546219775,44.45279702893259,0.7700380075183431,0.2299619926265732,-1.4491630118129708e-10,7.727515683281724e-11,1197,3b067718e932440c00006c5488ee78262a677c0b2b1be970cdf25dd7977bf9f4,44ee2ca63ce4d1558e6d31e93d0c8938353e3938b3fb5a696472c990df720071,1.592703578993678
rb_g074_v1,rb_g074,valid,v1,0,0,2.5,500.0,333.33,46.08741105758304,34.02572996723834,35.282827332413476,46.05313566483318,0.8332892769888003,0.16671072311906804,-1.0786838089416051e-10,7.872421591265847e-11,1189,3b067718e932440c00006c5488ee78262a677c0b2b1be970cdf25dd7977bf9f4,44ee2ca63ce4d1558e6d31e93d0c8938353e3938b3fb5a696472c990df720071,1.5582907229836565
rb_g074_v2,rb_g074,valid,v2,1,1,7.000000000000002,1000.0,333.33,76.27597665876948,52.40811196033999,54.32219613458435,76.1793378765035,0.9078910148147725,0.09210898522368553,-3.8458046271370796e-11,9.100467579160914e-11,1192,3b067718e932440c00006c5488ee78262a677c0b2b1be970cdf25dd7977bf9f4,44ee2ca63ce4d1558e6d31e93d0c8938353e3938b3fb5a696472c990df720071,1.575729856005637
rb_g074_v3,rb_g074,valid,v3,1,1,7.0,1000.0,500.0,74.84270738978654,50.52472760619673,52.91548705723751,74.74260632764441,0.8988524463465248,0.1011475536914126,-3.7937430974466224e-11,9.108185302154316e-11,1186,3b067718e932440c00006c5488ee78262a677c0b2b1be970cdf25dd7977bf9f4,44ee2ca63ce4d1558e6d31e93d0c8938353e3938b3fb5a696472c990df720071,1.5944247870065738
rb_g074_v4,rb_g074,valid,v4,2,2,16.500000000000004,2050.0,500.0,115.69093884507748,62.389431238774,65.31309025218798,114.15308664436748,0.946534394980556,0.053465605036697436,-1.725348483611896e-11,1.1841413190811465e-10,1153,3b067718e932440c00006c5488ee78262a677c0b2b1be970cdf25dd7977bf9f4,44ee2ca63ce4d1558e6d31e93d0c8938353e3938b3fb5a696472c990df720071,1.5393412240082398
rb_g074_v5,rb_g074,valid,v5,2,2,16.5,2050.0,1000.0,108.53761741233643,59.882241897028095,63.658193664835466,107.98397542506291,0.9403773502228101,0.059622649794177474,-1.6987589786033436e-11,1.150190539849397e-10,1163,3b067718e932440c00006c5488ee78262a677c0b2b1be970cdf25dd7977bf9f4,44ee2ca63ce4d1558e6d31e93d0c8938353e3938b3fb5a696472c990df720071,1.525809767015744
rb_g074_v6,rb_g074,valid,v6,3,3,12.499999999999998,1000.0,500.0,132.30695189180165,90.22233529055791,94.49177554438161,132.16270642703506,0.8988538294900346,0.1011461705347647,-2.4799255982088656e-11,9.784625538841189e-11,1181,3b067718e932440c00006c5488ee78262a677c0b2b1be970cdf25dd7977bf9f4,44ee2ca63ce4d1558e6d31e93d0c8938353e3938b3fb5a696472c990df720071,1.5251127559749875
rb_g074_v7,rb_g074,valid,v7,3,3,12.500000000000002,1000.0,500.0,132.37309193677248,90.22118440047343,94.49077503756767,132.18064316388137,0.898855572478869,0.10114442754585672,-2.4725803626779448e-11,9.800662509682471e-11,1191,3b067718e932440c00006c5488ee78262a677c0b2b1be970cdf25dd7977bf9f4,44ee2ca63ce4d1558e6d31e93d0c8938353e3938b3fb5a696472c990df720071,1.5455568430188578
rb_g075_v0,rb_g075,train,v0,0,0,1.7999999999999998,333.33,333.33,44.49883201697605,33.834045285719604,35.0911420132061,44.481540011726906,0.7701830490439479,0.22981695110166878,-1.4561660519360786e-10,7.462080693358892e-11,1143,52d175fe9ae3407a83c4081a15c7d99fa18d1483e9abd821cf74eeb15d61743b,cf4e912f6b1e3825852e88589bed50c68f13e4901445b1901224740c5f396f70,1.517453904991271
rb_g075_v1,rb_g075,train,v1,0,0,2.5,500.0,333.33,45.72269888537073,34.00418327136836,35.26180916116052,45.69734205845941,0.8334764823355991,0.166523517773581,-1.0918010939775513e-10,7.699616105154082e-11,1149,52d175fe9ae3407a83c4081a15c7d99fa18d1483e9abd821cf74eeb15d61743b,cf4e912f6b1e3825852e88589bed50c68f13e4901445b1901224740c5f396f70,1.529305714997463
rb_g075_v2,rb_g075,train,v2,1,1,6.999999999999999,1000.0,333.33,74.5396001648408,52.33869544853215,54.25114355644683,74.45734042251343,0.908093595638979,0.09190640439896208,-3.7941015408802874e-11,8.913114822801201e-11,1140,52d175fe9ae3407a83c4081a15c7d99fa18d1483e9abd821cf74eeb15d61743b,cf4e912f6b1e3825852e88589bed50c68f13e4901445b1901224740c5f396f70,1.5135936019942164
rb_g075_v3,rb_g075,train,v3,1,1,7.0,1000.0,500.0,73.34823152378323,50.46680745796021,52.85521542524126,73.25528512940411,0.8990501581601128,0.10094984187905534,-3.9168192498907823e-11,9.127601780568153e-11,1170,52d175fe9ae3407a83c4081a15c7d99fa18d1483e9abd821cf74eeb15d61743b,cf4e912f6b1e3825852e88589bed50c68f13e4901445b1901224740c5f396f70,1.5416106020275038
rb_g075_v4,rb_g075,train,v4,2,2,16.5,2050.0,500.0,100.394428924127,62.25756110054286,65.157344547116,100.16124128626262,0.946718528847017,0.05328147117008698,-1.7104042088380027e-11,1.1686083460111117e-10,1173,52d175fe9ae3407a83c4081a15c7d99fa18d1483e9abd821cf74eeb15d61743b,cf4e912f6b1e3825852e88589bed50c68f13e4901445b1901224740c5f396f70,1.5726645050162915
rb_g075_v5,rb_g075,train,v5,2,2,16.5,2050.0,1000.0,100.18699206669328,59.775496198764884,63.5265103471583,99.96535946014166,0.9405554506921604,0.05944454932445358,-1.661393581631535e-11,1.1519021617958363e-10,1171,52d175fe9ae3407a83c4081a15c7d99fa18d1483e9abd821cf74eeb15d61743b,cf4e912f6b1e3825852e88589bed50c68f13e4901445b1901224740c5f396f70,1.5793216789897997
rb_g075_v6,rb_g075,train,v6,3,3,12.5,1000.0,500.0,131.75483205628365,90.12383732308541,94.38772171386788,131.60637790249518,0.8990414947605363,0.10095850526381192,-2.434823898056493e-11,9.797201182693802e-11,1198,52d175fe9ae3407a83c4081a15c7d99fa18d1483e9abd821cf74eeb15d61743b,cf4e912f6b1e3825852e88589bed50c68f13e4901445b1901224740c5f396f70,1.5639940869878046
rb_g075_v7,rb_g075,train,v7,3,3,12.499999999999995,1000.0,500.0,132.1075337929846,90.1235954075885,94.38805076978029,131.96444546489062,0.8990418194709934,0.10095818055416397,-2.5157387284480148e-11,9.759639552755321e-11,1181,52d175fe9ae3407a83c4081a15c7d99fa18d1483e9abd821cf74eeb15d61743b,cf4e912f6b1e3825852e88589bed50c68f13e4901445b1901224740c5f396f70,1.5574786550132558
rb_g076_v0,rb_g076,train,v0,0,0,1.7999999999999996,333.33,333.33,44.1093693920198,33.843918044127776,35.099559498043405,44.107150504810534,0.7700559849122286,0.22994401523521799,-1.4744659197300322e-10,7.495772219620357e-11,1154,0eaf9f3fa64629e02073b2b9508ed3a98bfa8dc675d59ee165f50306e73e6304,e48d9c6ff3f7315ca9ecfbf90df0a9c810b453a07b0b6f698b29516a8e32e54d,1.5325454430130776
rb_g076_v1,rb_g076,train,v1,0,0,2.5,500.0,333.33,45.09080963663854,34.01811235779976,35.27362598859815,45.073268831202995,0.8333552789513202,0.1666447211549545,-1.0627472235569257e-10,7.868141042602859e-11,1195,0eaf9f3fa64629e02073b2b9508ed3a98bfa8dc675d59ee165f50306e73e6304,e48d9c6ff3f7315ca9ecfbf90df0a9c810b453a07b0b6f698b29516a8e32e54d,1.5885409470065497
rb_g076_v2,rb_g076,train,v2,1,1,6.999999999999998,1000.0,333.33,72.97379148328389,52.37942900329549,54.284884392081814,72.92856544956885,0.907974458100845,0.09202554193633254,-3.717754675542601e-11,9.068931674210428e-11,1178,0eaf9f3fa64629e02073b2b9508ed3a98bfa8dc675d59ee165f50306e73e6304,e48d9c6ff3f7315ca9ecfbf90df0a9c810b453a07b0b6f698b29516a8e32e54d,1.5179893409949727
rb_g076_v3,rb_g076,train,v3,1,1,6.999999999999999,1000.0,500.0,72.66441829286697,50.50235905418998,52.88444681595423,72.65251100713476,0.8989286826827712,0.10107131735557347,-3.834458147825412e-11,9.280186737336925e-11,1179,0eaf9f3fa64629e02073b2b9508ed3a98bfa8dc675d59ee165f50306e73e6304,e48d9c6ff3f7315ca9ecfbf90df0a9c810b453a07b0b6f698b29516a8e32e54d,1.5870383589935955
rb_g076_v4,rb_g076,train,v4,2,2,16.5,2050.0,500.0,99.40170480789112,62.35735901687356,65.23590373074346,99.20794215921381,0.9465795519214674,0.05342044809534632,-1.6813668302757613e-11,1.1622953004777488e-10,1182,0eaf9f3fa64629e02073b2b9508ed3a98bfa8dc675d59ee165f50306e73e6304,e48d9c6ff3f7315ca9ecfbf90df0a9c810b453a07b0b6f698b29516a8e32e54d,1.56158561797929
rb_g076_v5,rb_g076,train,v5,2,2,16.5,2050.0,1000.0,100.18046500421775,59.88265558863374,63.61386539697383,99.90821746537756,0.940377792635258,0.05962220738081495,-1.6072920772103316e-11,1.1513308029240269e-10,1182,0eaf9f3fa64629e02073b2b9508ed3a98bfa8dc675d59ee165f50306e73e6304,e48d9c6ff3f7315ca9ecfbf90df0a9c810b453a07b0b6f698b29516a8e32e54d,1.564056369010359
rb_g076_v6,rb_g076,train,v6,3,3,12.499999999999998,1000.0,500.0,129.33628716716146,90.20091726340776,94.45266121223922,129.14188958559828,0.8988942753390426,0.10110572468633018,-2.5372841605530996e-11,9.631298108658146e-11,1165,0eaf9f3fa64629e02073b2b9508ed3a98bfa8dc675d59ee165f50306e73e6304,e48d9c6ff3f7315ca9ecfbf90df0a9c810b453a07b0b6f698b29516a8e32e54d,1.5436304559989367
rb_g076_v7,rb_g076,train,v7,3,3,12.5,1000.0,500.0,133.68220462997823,90.20294194347274,94.45530618974384,132.51354472668066,0.8988898456052009,0.10111015441969906,-2.4899922124177465e-11,9.799117813066004e-11,1186,0eaf9f3fa64629e02073b2b9508ed3a98bfa8dc675d59ee165f50306e73e6304,e48d9c6ff3f7315ca9ecfbf90df0a9c810b453a07b0b6f698b29516a8e32e54d,1.554998807987431
rb_g077_v0,rb_g077,train,v0,0,0,1.7999999999999998,333.33,333.33,43.93136374946374,33.838474280338744,35.0951309777497,43.87642163543393,0.7701255439807111,0.229874456162377,-1.4308807225502407e-10,7.668078312523155e-11,1186,99553366eea29aa90f0c01ab3c0854db242e1e8c97a3bb4fa01bb18dfd1bda0b,0bf9fe6c18d20fc6a46bc2ab02929e968086460f5c7ca8839ab566044f8030c0,1.546454580995487
rb_g077_v1,rb_g077,train,v1,0,0,2.500000000000001,500.0,333.33,46.34288642763818,34.01307955466109,35.27003542306697,46.24831462646904,0.8333988378400842,0.16660116226720043,-1.0728458121889158e-10,7.847218475519447e-11,1185,99553366eea29aa90f0c01ab3c0854db242e1e8c97a3bb4fa01bb18dfd1bda0b,0bf9fe6c18d20fc6a46bc2ab02929e968086460f5c7ca8839ab566044f8030c0,1.5400659420120064
rb_g077_v2,rb_g077,train,v2,1,1,7.000000000000001,1000.0,333.33,74.44701151577976,52.36839798747625,54.27945021003731,74.35800041706432,0.9080066815464509,0.09199331849089716,-3.7348124592995185e-11,9.068170636590057e-11,1178,99553366eea29aa90f0c01ab3c0854db242e1e8c97a3bb4fa01bb18dfd1bda0b,0bf9fe6c18d20fc6a46bc2ab02929e968086460f5c7ca8839ab566044f8030c0,1.58994132198859
rb_g077_v3,rb_g077,train,v3,1,1,7.0,1000.0,500.0,72.56193166807373,50.497421329920556,52.88523157935974,72.27553317969665,0.8989465236906623,0.10105347634847148,-3.9133823166131214e-11,9.160587208124394e-11,1174,99553366eea29aa90f0c01ab3c0854db242e1e8c97a3bb4fa01bb18dfd1bda0b,0bf9fe6c18d20fc6a46bc2ab02929e968086460f5c7ca8839ab566044f8030c0,1.5409139920084272
rb_g077_v4,rb_g077,train,v4,2,2,16.5,2050.0,500.0,99.57773220497188,62.321609938796534,65.22330381323725,98.85716519619928,0.9466293429189382,0.05337065709836871,-1.7306930299661982e-11,1.1904390722898613e-10,1160,99553366eea29aa90f0c01ab3c0854db242e1e8c97a3bb4fa01bb18dfd1bda0b,0bf9fe6c18d20fc6a46bc2ab02929e968086460f5c7ca8839ab566044f8030c0,1.5568192350037862
rb_g077_v5,rb_g077,train,v5,2,2,16.5,2050.0,1000.0,98.38385840741222,59.823286466846184,63.57483921723203,97.66216581755879,0.9404757438087182,0.059524256206361606,-1.5079856555385877e-11,1.1351637546751462e-10,1123,99553366eea29aa90f0c01ab3c0854db242e1e8c97a3bb4fa01bb18dfd1bda0b,0bf9fe6c18d20fc6a46bc2ab02929e968086460f5c7ca8839ab566044f8030c0,1.4697737070091534
rb_g077_v6,rb_g077,train,v6,3,3,12.500000000000002,1000.0,500.0,128.604908673439,90.16341010683851,94.42584271547767,128.09855383939356,0.8989658818014421,0.10103411822403212,-2.5474200526787167e-11,9.572443379808002e-11,1175,99553366eea29aa90f0c01ab3c0854db242e1e8c97a3bb4fa01bb18dfd1bda0b,0bf9fe6c18d20fc6a46bc2ab02929e968086460f5c7ca8839ab566044f8030c0,1.5571451620198786
rb_g077_v7,rb_g077,train,v7,3,3,12.5,1000.0,500.0,128.36126992406116,90.16300112175185,94.42578824563374,127.86868878243484,0.8989666709705358,0.10103332905410527,-2.464107140554006e-11,9.721626809663966e-11,1185,99553366eea29aa90f0c01ab3c0854db242e1e8c97a3bb4fa01bb18dfd1bda0b,0bf9fe6c18d20fc6a46bc2ab02929e968086460f5c7ca8839ab566044f8030c0,1.649974708998343
rb_g078_v0,rb_g078,train,v0,0,0,1.8,333.33,333.33,43.744853371174486,33.84426086376493,35.09970876633295,43.72909291628309,0.77005050515799,0.22994949498685188,-1.4484188539911871e-10,7.697498075515075e-11,1195,d629819002d52b433bf2e36dda667e7b8c1c7b2026c69037d622f9bd98177154,555a18fb6651695f8872f6c3a20f42ce1e8c976a81e5faa743621ab020add8b2,1.5727404640056193
rb_g078_v1,rb_g078,train,v1,0,0,2.4999999999999996,500.0,333.33,44.555436506782826,34.02161743766938,35.27655792024697,44.533683490947,0.8333242492391993,0.1666757508699158,-1.0911518355527507e-10,7.835029919335065e-11,1184,d629819002d52b433bf2e36dda667e7b8c1c7b2026c69037d622f9bd98177154,555a18fb6651695f8872f6c3a20f42ce1e8c976a81e5faa743621ab020add8b2,1.5545013580122031
rb_g078_v2,rb_g078,train,v2,1,1,6.999999999999999,1000.0,333.33,71.72670958848886,52.395186263827746,54.297923501158365,71.66320502232765,0.9079283475369575,0.09207165250028264,-3.724013161335701e-11,9.056738565428985e-11,1181,d629819002d52b433bf2e36dda667e7b8c1c7b2026c69037d622f9bd98177154,555a18fb6651695f8872f6c3a20f42ce1e8c976a81e5faa743621ab020add8b2,1.5335248579795007
rb_g078_v3,rb_g078,train,v3,1,1,7.0,1000.0,500.0,74.48862457148704,50.523126137850525,52.902979749384485,74.27192323868672,0.8988594148475384,0.10114058519122582,-3.876421406090458e-11,9.030788649134878e-11,1181,d629819002d52b433bf2e36dda667e7b8c1c7b2026c69037d622f9bd98177154,555a18fb6651695f8872f6c3a20f42ce1e8c976a81e5faa743621ab020add8b2,1.5704480369749945
rb_g078_v4,rb_g078,train,v4,2,2,16.499999999999996,2050.0,500.0,97.89023513283928,62.38521231630185,65.2593619824475,97.76694314060643,0.9465405492278481,0.05345945078933964,-1.7187759633061162e-11,1.197264870167919e-10,1170,d629819002d52b433bf2e36dda667e7b8c1c7b2026c69037d622f9bd98177154,555a18fb6651695f8872f6c3a20f42ce1e8c976a81e5faa743621ab020add8b2,1.53371068299748
rb_g078_v5,rb_g078,train,v5,2,2,16.500000000000004,2050.0,1000.0,98.39206287423065,59.88764601177572,63.615317433458,98.18219592863397,0.9403682407309653,0.05963175928678597,-1.7751234825492574e-11,1.1372467435868546e-10,1165,d629819002d52b433bf2e36dda667e7b8c1c7b2026c69037d622f9bd98177154,555a18fb6651695f8872f6c3a20f42ce1e8c976a81e5faa743621ab020add8b2,1.5476190540066455
rb_g078_v6,rb_g078,train,v6,3,3,12.5,1000.0,500.0,128.5066501154621,90.20960111822211,94.45911053421152,128.36775576436884,0.8988774832203457,0.10112251680355033,-2.3896014056390414e-11,9.798344411257969e-11,1193,d629819002d52b433bf2e36dda667e7b8c1c7b2026c69037d622f9bd98177154,555a18fb6651695f8872f6c3a20f42ce1e8c976a81e5faa743621ab020add8b2,1.5948772210103925
rb_g078_v7,rb_g078,train,v7,3,3,12.500000000000002,1000.0,500.0,128.2345889981866,90.2205726963557,94.46944623178179,128.104231772275,0.8988577973368134,0.10114220268754415,-2.4357476036129805e-11,9.683054072946983e-11,1191,d629819002d52b433bf2e36dda667e7b8c1c7b2026c69037d622f9bd98177154,555a18fb6651695f8872f6c3a20f42ce1e8c976a81e5faa743621ab020add8b2,1.6040429180138744
rb_g079_v0,rb_g079,test,v0,0,0,1.8000000000000003,333.33,333.33,43.50168129019471,33.840398876146274,35.09638251464431,43.440709846222376,0.7701005211647836,0.22989947897843227,-1.4321580958191285e-10,7.700264735812904e-11,1198,b499ed65ad11d3f0943295a4d352d3e4ce1ba07469c2ca5de998bfb8a1e7847f,0f0846e04abbf8c34e969e3a4030e95f405f1b1c568811135e80d9d182a2cbf5,1.5870003709860612
rb_g079_v1,rb_g079,test,v1,0,0,2.5,500.0,333.33,44.41031724521508,34.01564690448928,35.27131644974139,44.32431871325372,0.8333763106881991,0.16662368941731492,-1.0551397533475893e-10,7.983952457058959e-11,1195,b499ed65ad11d3f0943295a4d352d3e4ce1ba07469c2ca5de998bfb8a1e7847f,0f0846e04abbf8c34e969e3a4030e95f405f1b1c568811135e80d9d182a2cbf5,1.5529117929982021
rb_g079_v2,rb_g079,test,v2,1,1,7.0,1000.0,333.33,71.86637196628078,52.383129799436404,54.288457675701984,71.56055625371852,0.9079648841373688,0.09203511590005257,-3.742138345229153e-11,9.083433800213881e-11,1182,b499ed65ad11d3f0943295a4d352d3e4ce1ba07469c2ca5de998bfb8a1e7847f,0f0846e04abbf8c34e969e3a4030e95f405f1b1c568811135e80d9d182a2cbf5,1.5375284519977868
rb_g079_v3,rb_g079,test,v3,1,1,7.0,1000.0,500.0,71.87771603827241,50.50239298872855,52.88555584980286,71.55401434279673,0.8989297844287945,0.10107021560953133,-3.8325755267822255e-11,9.220550915282326e-11,1192,b499ed65ad11d3f0943295a4d352d3e4ce1ba07469c2ca5de998bfb8a1e7847f,0f0846e04abbf8c34e969e3a4030e95f405f1b1c568811135e80d9d182a2cbf5,1.551640320016304
rb_g079_v4,rb_g079,test,v4,2,2,16.5,2050.0,500.0,101.67850470160681,62.330989487908596,65.21920944996923,99.78005597466966,0.9466160920414458,0.053383907975935625,-1.7381422900302134e-11,1.170320083994725e-10,1164,b499ed65ad11d3f0943295a4d352d3e4ce1ba07469c2ca5de998bfb8a1e7847f,0f0846e04abbf8c34e969e3a4030e95f405f1b1c568811135e80d9d182a2cbf5,1.520162891014479
rb_g079_v5,rb_g079,test,v5,2,2,16.5,2050.0,1000.0,96.09980260453165,59.83221298144212,63.573279693946326,95.38145888552754,0.9404606070153142,0.059539393001961406,-1.727560855311877e-11,1.1523644474967454e-10,1163,b499ed65ad11d3f0943295a4d352d3e4ce1ba07469c2ca5de998bfb8a1e7847f,0f0846e04abbf8c34e969e3a4030e95f405f1b1c568811135e80d9d182a2cbf5,1.5082125019980595
rb_g079_v6,rb_g079,test,v6,3,3,12.5,1000.0,500.0,126.84331587728354,90.17519498084823,94.43067466394851,126.32191414848614,0.8989433701021003,0.1010566299220725,-2.4172877033379338e-11,9.784529902962348e-11,1196,b499ed65ad11d3f0943295a4d352d3e4ce1ba07469c2ca5de998bfb8a1e7847f,0f0846e04abbf8c34e969e3a4030e95f405f1b1c568811135e80d9d182a2cbf5,1.5674589429982007
rb_g079_v7,rb_g079,test,v7,3,3,12.499999999999998,1000.0,500.0,126.55163335879269,90.17840125314618,94.43328413669006,126.03819734412889,0.8989374729019249,0.10106252712218518,-2.4110100582674936e-11,9.756431493283527e-11,1192,b499ed65ad11d3f0943295a4d352d3e4ce1ba07469c2ca5de998bfb8a1e7847f,0f0846e04abbf8c34e969e3a4030e95f405f1b1c568811135e80d9d182a2cbf5,1.6056162070017308
rb_g080_v0,rb_g080,test,v0,0,0,1.7999999999999996,333.33,333.33,45.76703064137848,33.86517451786275,35.122680978475394,45.713570893106805,0.7697796820689244,0.2302203180715538,-1.4047821547988648e-10,7.74997703331463e-11,1195,f1401d23870945d7953b080c6248259bf7f6284829febbea977df9fbc7afa5bd,806f1bea0c7b321ec2fbb0be38be2d69befdb76fdafe7eeca1a2749db45cb55c,1.6056966879987158
rb_g080_v1,rb_g080,test,v1,0,0,2.5,500.0,333.33,47.97929893434218,34.063171377900474,35.32342874851653,47.89148187858717,0.832966797040344,0.1670332030659869,-1.063308996407386e-10,7.854274538813068e-11,1188,f1401d23870945d7953b080c6248259bf7f6284829febbea977df9fbc7afa5bd,806f1bea0c7b321ec2fbb0be38be2d69befdb76fdafe7eeca1a2749db45cb55c,1.5869002929830458
rb_g080_v2,rb_g080,test,v2,1,1,6.999999999999998,1000.0,333.33,80.48483965220777,52.51024429767046,54.4461862938542,80.22391341400981,0.907593657994757,0.0924063420440747,-3.88317156208018e-11,9.134740565399202e-11,1211,f1401d23870945d7953b080c6248259bf7f6284829febbea977df9fbc7afa5bd,806f1bea0c7b321ec2fbb0be38be2d69befdb76fdafe7eeca1a2749db45cb55c,1.580723998020403
rb_g080_v3,rb_g080,test,v3,1,1,6.999999999999999,1000.0,500.0,78.73995313201146,50.61878791540261,53.03118365453129,78.48524820177812,0.8985312851340141,0.10146871490316038,-3.717448571194382e-11,9.1113067607549e-11,1185,f1401d23870945d7953b080c6248259bf7f6284829febbea977df9fbc7afa5bd,806f1bea0c7b321ec2fbb0be38be2d69befdb76fdafe7eeca1a2749db45cb55c,1.533080321009038
rb_g080_v4,rb_g080,test,v4,2,2,16.500000000000004,2050.0,500.0,114.3795681974949,62.64250170371925,65.67053175121423,114.14565739773343,0.9461805619833625,0.05381943803378061,-1.7143115210222437e-11,1.1650937234786568e-10,1173,f1401d23870945d7953b080c6248259bf7f6284829febbea977df9fbc7afa5bd,806f1bea0c7b321ec2fbb0be38be2d69befdb76fdafe7eeca1a2749db45cb55c,1.5160773110110313
rb_g080_v5,rb_g080,test,v5,2,2,16.5,2050.0,1000.0,114.35358954500907,60.13623708007389,64.01715860138852,114.08935130892883,0.9399537871175291,0.06004621289809212,-1.5621160930446752e-11,1.1512262969907514e-10,1172,f1401d23870945d7953b080c6248259bf7f6284829febbea977df9fbc7afa5bd,806f1bea0c7b321ec2fbb0be38be2d69befdb76fdafe7eeca1a2749db45cb55c,1.5898734730144497
rb_g080_v6,rb_g080,test,v6,3,3,12.499999999999998,1000.0,500.0,140.8684426290477,90.40850940436876,94.7180386260808,140.40321939707445,0.8984986139694392,0.10150138605502601,-2.446521207843944e-11,9.627576353864189e-11,1192,f1401d23870945d7953b080c6248259bf7f6284829febbea977df9fbc7afa5bd,806f1bea0c7b321ec2fbb0be38be2d69befdb76fdafe7eeca1a2749db45cb55c,1.5931341739778873
rb_g080_v7,rb_g080,test,v7,3,3,12.500000000000002,1000.0,500.0,141.01104148556038,90.39672990138963,94.7063062539702,140.58965279052404,0.8985198261029446,0.10148017392109317,-2.4037749568606155e-11,9.777380610172286e-11,1219,f1401d23870945d7953b080c6248259bf7f6284829febbea977df9fbc7afa5bd,806f1bea0c7b321ec2fbb0be38be2d69befdb76fdafe7eeca1a2749db45cb55c,1.6092992199992295
rb_g081_v0,rb_g081,valid,v0,0,0,1.8,333.33,333.33,44.42638644124531,33.8311664297407,35.08848141822421,44.37293971756583,0.7702202632216508,0.22977973692202242,-1.4367328314711533e-10,7.67342078115511e-11,1201,3be25d41fddf3d89bee728b3704781a53e9dde8a184d23461fb8796739a8390b,d6eb2e12f8ba72252868e56be8d36a321b2df425ce9f2ad577da06529dbfb515,1.5752964089915622
rb_g081_v1,rb_g081,valid,v1,0,0,2.5,500.0,333.33,45.36469156075725,33.999313563705485,35.257146534951275,45.30122678755015,0.8335188989425696,0.16648110116397302,-1.0654259696707413e-10,7.804737139559396e-11,1187,3be25d41fddf3d89bee728b3704781a53e9dde8a184d23461fb8796739a8390b,d6eb2e12f8ba72252868e56be8d36a321b2df425ce9f2ad577da06529dbfb515,1.7174716889858246
rb_g081_v2,rb_g081,valid,v2,1,1,7.000000000000001,1000.0,333.33,73.65823274311884,52.31431307116082,54.22799866488401,73.54705974508278,0.9081646354694178,0.09183536456819458,-3.761243697450059e-11,9.05818403949412e-11,1190,3be25d41fddf3d89bee728b3704781a53e9dde8a184d23461fb8796739a8390b,d6eb2e12f8ba72252868e56be8d36a321b2df425ce9f2ad577da06529dbfb515,1.5907520189939532
rb_g081_v3,rb_g081,valid,v3,1,1,6.999999999999999,1000.0,500.0,74.08863183661606,50.43440651687844,52.82633782578692,73.96351668066274,0.899160509948776,0.10083949008865983,-3.74359115135852e-11,9.217997129685353e-11,1181,3be25d41fddf3d89bee728b3704781a53e9dde8a184d23461fb8796739a8390b,d6eb2e12f8ba72252868e56be8d36a321b2df425ce9f2ad577da06529dbfb515,1.5669011039717589
rb_g081_v4,rb_g081,valid,v4,2,2,16.499999999999996,2050.0,500.0,103.78437383579313,62.16406059219926,65.0784894889424,103.47613006286389,0.9468488042727967,0.05315119574310608,-1.5902794232984394e-11,1.189521179720577e-10,1176,3be25d41fddf3d89bee728b3704781a53e9dde8a184d23461fb8796739a8390b,d6eb2e12f8ba72252868e56be8d36a321b2df425ce9f2ad577da06529dbfb515,1.543310261971783
rb_g081_v5,rb_g081,valid,v5,2,2,16.5,2050.0,1000.0,102.62894516233172,59.71222383997447,63.47786738222189,102.45823435131865,0.9406625358109288,0.059337464205538856,-1.6467722808284414e-11,1.1557615246101338e-10,1171,3be25d41fddf3d89bee728b3704781a53e9dde8a184d23461fb8796739a8390b,d6eb2e12f8ba72252868e56be8d36a321b2df425ce9f2ad577da06529dbfb515,1.5050771050155163
rb_g081_v6,rb_g081,valid,v6,3,3,12.499999999999998,1000.0,500.0,130.64627366414533,90.08924402469147,94.35716190053515,130.64627366414533,0.899108294352354,0.1008917056722409,-2.4594886127715658e-11,9.667934493266264e-11,1193,3be25d41fddf3d89bee728b3704781a53e9dde8a184d23461fb8796739a8390b,d6eb2e12f8ba72252868e56be8d36a321b2df425ce9f2ad577da06529dbfb515,1.5927479520032648
rb_g081_v7,rb_g081,valid,v7,3,3,12.499999999999998,1000.0,500.0,133.16212085136254,90.08907704241543,94.35664559133849,132.39371436558122,0.8991078438154331,0.10089215620849852,-2.3931594483883605e-11,9.753734370525973e-11,1193,3be25d41fddf3d89bee728b3704781a53e9dde8a184d23461fb8796739a8390b,d6eb2e12f8ba72252868e56be8d36a321b2df425ce9f2ad577da06529dbfb515,1.5422344249964226
rb_g082_v0,rb_g082,train,v0,0,0,1.8000000000000003,333.33,333.33,44.72102853552764,33.83835051051558,35.096595558662436,44.717690599337345,0.7701272287996358,0.2298727713475373,-1.471730453555469e-10,7.582768786782939e-11,1174,1aa0b236880445aa4b9a93196256e89a9bee703bbe25c444cefc582b0283d5e8,d7337b56145ab6dd680fadb2881d034bd2f584425121b24d949ab7d66dd0f5f8,1.5975567960122135
rb_g082_v1,rb_g082,train,v1,0,0,2.5000000000000004,500.0,333.33,46.17983332424711,34.01188196252436,35.272037010151806,46.174594784520025,0.8334093716093387,0.16659062849751194,-1.0685061724302612e-10,7.830878561598993e-11,1186,1aa0b236880445aa4b9a93196256e89a9bee703bbe25c444cefc582b0283d5e8,d7337b56145ab6dd680fadb2881d034bd2f584425121b24d949ab7d66dd0f5f8,1.6088682289991993
rb_g082_v2,rb_g082,train,v2,1,1,7.0,1000.0,333.33,76.12682291732392,52.36753781317654,54.295053274835965,76.11042743650489,0.9080093316929946,0.0919906683448396,-3.783416437284716e-11,8.905393944653706e-11,1174,1aa0b236880445aa4b9a93196256e89a9bee703bbe25c444cefc582b0283d5e8,d7337b56145ab6dd680fadb2881d034bd2f584425121b24d949ab7d66dd0f5f8,1.6070556860067882
rb_g082_v3,rb_g082,train,v3,1,1,7.000000000000001,1000.0,500.0,75.11814123203061,50.496950793520455,52.90067155034347,74.93414358879761,0.8989473180271094,0.10105268201051418,-3.7623570925404686e-11,9.268717324517707e-11,1184,1aa0b236880445aa4b9a93196256e89a9bee703bbe25c444cefc582b0283d5e8,d7337b56145ab6dd680fadb2881d034bd2f584425121b24d949ab7d66dd0f5f8,1.6332508860214148
rb_g082_v4,rb_g082,train,v4,2,2,16.5,2050.0,500.0,105.42097027022248,62.34085585806627,65.31290669018613,105.06050146696316,0.9466024295112567,0.0533975705062608,-1.7517489142750435e-11,1.1750888336971259e-10,1167,1aa0b236880445aa4b9a93196256e89a9bee703bbe25c444cefc582b0283d5e8,d7337b56145ab6dd680fadb2881d034bd2f584425121b24d949ab7d66dd0f5f8,1.527218893985264
rb_g082_v5,rb_g082,train,v5,2,2,16.5,2050.0,1000.0,104.58617126079338,59.84549950017502,63.66583526594694,104.54338405963199,0.9404388323325145,0.05956116768390869,-1.6423152400314006e-11,1.1667052015587367e-10,1170,1aa0b236880445aa4b9a93196256e89a9bee703bbe25c444cefc582b0283d5e8,d7337b56145ab6dd680fadb2881d034bd2f584425121b24d949ab7d66dd0f5f8,1.5560821590188425
rb_g082_v6,rb_g082,train,v6,3,3,12.5,1000.0,500.0,133.65711665734472,90.17163344958799,94.46174751399427,133.6290221802406,0.8989500797305134,0.10104992029481168,-2.532516418796149e-11,9.484047593270937e-11,1178,1aa0b236880445aa4b9a93196256e89a9bee703bbe25c444cefc582b0283d5e8,d7337b56145ab6dd680fadb2881d034bd2f584425121b24d949ab7d66dd0f5f8,1.6666214750148356
rb_g082_v7,rb_g082,train,v7,3,3,12.499999999999998,1000.0,500.0,133.98564268637557,90.16786096550244,94.45820338262537,133.95746007134483,0.8989573572934786,0.10104264273196126,-2.543986354908157e-11,9.62946472637215e-11,1174,1aa0b236880445aa4b9a93196256e89a9bee703bbe25c444cefc582b0283d5e8,d7337b56145ab6dd680fadb2881d034bd2f584425121b24d949ab7d66dd0f5f8,1.5450840239936952
rb_g083_v0,rb_g083,test,v0,0,0,1.8,333.33,333.33,44.41829265859235,33.84415025139177,35.10048253360372,44.36516100122242,0.7700524326296655,0.22994756751407774,-1.4374322719766672e-10,7.666668406970331e-11,1199,399d30d337dc84524d166db0968c14f0e48bc55ce7ace3658ce2ab9a2485e63b,111605efa7fcc0a4aad78f276bf3f3b185ecfccef1d11d11888b7fe854972750,1.5635209399915766
rb_g083_v1,rb_g083,test,v1,0,0,2.499999999999999,500.0,333.33,45.876224677782204,34.020133922307096,35.276673200199006,45.792503154284304,0.8333370907215112,0.16666290938424305,-1.0575422759728785e-10,7.91284453271945e-11,1197,399d30d337dc84524d166db0968c14f0e48bc55ce7ace3658ce2ab9a2485e63b,111605efa7fcc0a4aad78f276bf3f3b185ecfccef1d11d11888b7fe854972750,1.5940884739975445
rb_g083_v2,rb_g083,test,v2,1,1,7.000000000000002,1000.0,333.33,75.68816767367741,52.390946464813865,54.30122627516688,75.44285748766652,0.9079405908452446,0.09205940919225312,-3.749771921539896e-11,9.067926734893799e-11,1180,399d30d337dc84524d166db0968c14f0e48bc55ce7ace3658ce2ab9a2485e63b,111605efa7fcc0a4aad78f276bf3f3b185ecfccef1d11d11888b7fe854972750,1.60522482599481
rb_g083_v3,rb_g083,test,v3,1,1,7.0,1000.0,500.0,74.49503366425932,50.51973904609461,52.906674133520646,74.26727315320903,0.8988703219723633,0.10112967806632667,-3.8689971861215004e-11,9.144773813335693e-11,1184,399d30d337dc84524d166db0968c14f0e48bc55ce7ace3658ce2ab9a2485e63b,111605efa7fcc0a4aad78f276bf3f3b185ecfccef1d11d11888b7fe854972750,1.586750830989331
rb_g083_v4,rb_g083,test,v4,2,2,16.5,2050.0,500.0,101.89863962220352,62.41781972626494,65.32600638862387,101.40089071227163,0.9464972018818157,0.053502798135890685,-1.770640872979529e-11,1.1838564290332734e-10,1165,399d30d337dc84524d166db0968c14f0e48bc55ce7ace3658ce2ab9a2485e63b,111605efa7fcc0a4aad78f276bf3f3b185ecfccef1d11d11888b7fe854972750,1.5477723149815574
rb_g083_v5,rb_g083,test,v5,2,2,16.5,2050.0,1000.0,102.1726364851433,59.895842392092035,63.65994559040299,100.50898374613047,0.9403553887035742,0.05964461131329294,-1.6867053208681103e-11,1.1580590606853785e-10,1168,399d30d337dc84524d166db0968c14f0e48bc55ce7ace3658ce2ab9a2485e63b,111605efa7fcc0a4aad78f276bf3f3b185ecfccef1d11d11888b7fe854972750,1.5126563730009366
rb_g083_v6,rb_g083,test,v6,3,3,12.500000000000005,1000.0,500.0,131.497198174649,90.2090513664524,94.47314935056355,130.97802123381985,0.8988783483336904,0.10112165169100934,-2.4699797762650623e-11,9.787719761563019e-11,1184,399d30d337dc84524d166db0968c14f0e48bc55ce7ace3658ce2ab9a2485e63b,111605efa7fcc0a4aad78f276bf3f3b185ecfccef1d11d11888b7fe854972750,1.5639484619896393
rb_g083_v7,rb_g083,test,v7,3,3,12.5,1000.0,500.0,131.53755929035174,90.20686464744031,94.47061933470333,131.16077052165446,0.898882460669249,0.10111753935558657,-2.483563577015957e-11,9.85593038726314e-11,1187,399d30d337dc84524d166db0968c14f0e48bc55ce7ace3658ce2ab9a2485e63b,111605efa7fcc0a4aad78f276bf3f3b185ecfccef1d11d11888b7fe854972750,1.5559176460083108
rb_g084_v0,rb_g084,train,v0,0,0,1.7999999999999998,333.33,333.33,44.383858232845,33.84377050248047,35.100405368802726,44.38107477931686,0.7700572297424693,0.22994277040257308,-1.4504231149459204e-10,7.596910182203626e-11,1184,a614bbd729688765e4e6467ac7d0fcae29e9e598b6ad7a7bcd949a2cbdca3514,359842677c96eaf04d9ff5fc0edb2196dafe1cdd15bff35aa36e6b83ee952efd,1.5934661490027793
rb_g084_v1,rb_g084,train,v1,0,0,2.5,500.0,333.33,45.73135562611503,34.022380568662584,35.27935834072981,45.72696529725681,0.8333179824192609,0.1666820176903651,-1.0962595275998411e-10,7.746673551660723e-11,1167,a614bbd729688765e4e6467ac7d0fcae29e9e598b6ad7a7bcd949a2cbdca3514,359842677c96eaf04d9ff5fc0edb2196dafe1cdd15bff35aa36e6b83ee952efd,1.521467204001965
rb_g084_v2,rb_g084,train,v2,1,1,6.999999999999998,1000.0,333.33,75.4839025650848,52.40338580822267,54.316291070362546,75.4695929299204,0.9079046302153033,0.09209536982200826,-3.731156653482719e-11,8.898675352344885e-11,1132,a614bbd729688765e4e6467ac7d0fcae29e9e598b6ad7a7bcd949a2cbdca3514,359842677c96eaf04d9ff5fc0edb2196dafe1cdd15bff35aa36e6b83ee952efd,1.495589286001632
rb_g084_v3,rb_g084,train,v3,1,1,6.999999999999998,1000.0,500.0,74.94978509391649,50.526823618368326,52.91706607258497,74.93524788786641,0.8988454137653507,0.10115458627171636,-3.7067000262831187e-11,9.001600830181491e-11,1132,a614bbd729688765e4e6467ac7d0fcae29e9e598b6ad7a7bcd949a2cbdca3514,359842677c96eaf04d9ff5fc0edb2196dafe1cdd15bff35aa36e6b83ee952efd,1.4790761469921563
rb_g084_v4,rb_g084,train,v4,2,2,16.5,2050.0,500.0,104.40585277966568,62.39601869800056,65.31907297809585,104.36856837607462,0.946525100484134,0.053474899532642485,-1.6776452281247298e-11,1.1815374671907116e-10,1162,a614bbd729688765e4e6467ac7d0fcae29e9e598b6ad7a7bcd949a2cbdca3514,359842677c96eaf04d9ff5fc0edb2196dafe1cdd15bff35aa36e6b83ee952efd,1.5678993060137145
rb_g084_v5,rb_g084,train,v5,2,2,16.5,2050.0,1000.0,103.92391556966777,59.887565485972836,63.66572364360627,103.62000602621868,0.9403685431400942,0.059631456876902786,-1.699705023192812e-11,1.1562130518150935e-10,1159,a614bbd729688765e4e6467ac7d0fcae29e9e598b6ad7a7bcd949a2cbdca3514,359842677c96eaf04d9ff5fc0edb2196dafe1cdd15bff35aa36e6b83ee952efd,1.5376068449986633
rb_g084_v6,rb_g084,train,v6,3,3,12.5,1000.0,500.0,132.81965257266228,90.21164550143817,94.48090948587412,132.7943125099187,0.8988736858888398,0.10112631413555373,-2.4393465025696058e-11,9.749260954231701e-11,1188,a614bbd729688765e4e6467ac7d0fcae29e9e598b6ad7a7bcd949a2cbdca3514,359842677c96eaf04d9ff5fc0edb2196dafe1cdd15bff35aa36e6b83ee952efd,1.615413941006409
rb_g084_v7,rb_g084,train,v7,3,3,12.5,1000.0,500.0,132.78400078752145,90.21552286685903,94.48440337862466,132.7588456483125,0.898866725630181,0.10113327439499789,-2.5178845675100093e-11,9.794520875928512e-11,1184,a614bbd729688765e4e6467ac7d0fcae29e9e598b6ad7a7bcd949a2cbdca3514,359842677c96eaf04d9ff5fc0edb2196dafe1cdd15bff35aa36e6b83ee952efd,1.5409036760102026
rb_g085_v0,rb_g085,valid,v0,0,0,1.8,333.33,333.33,44.36437607354213,33.833421293511584,35.09040713772222,44.26903003973206,0.7701907844609263,0.22980921568827745,-1.4920373578617172e-10,7.625406001478288e-11,1180,617dcf4ab6be707efe0b387e363a2e644a9c79bc90ceff72b2f6071f92b16610,7369f816ffad5fec2f562b000ddcaca464b1ff16785437632a28f05194c4c677,1.536953380011255
rb_g085_v1,rb_g085,valid,v1,0,0,2.5000000000000004,500.0,333.33,45.00265936610833,34.00317479257217,35.26034175641269,44.96037348498788,0.8334850550579669,0.16651494504894507,-1.0691192375844592e-10,7.872479424751241e-11,1187,617dcf4ab6be707efe0b387e363a2e644a9c79bc90ceff72b2f6071f92b16610,7369f816ffad5fec2f562b000ddcaca464b1ff16785437632a28f05194c4c677,1.5827820090053137
rb_g085_v2,rb_g085,valid,v2,1,1,7.000000000000001,1000.0,333.33,72.78716064441949,52.337980810674196,54.24764029057716,72.74706472334157,0.9080961929187122,0.09190380711996438,-3.8676585743603804e-11,9.039503667956131e-11,1178,617dcf4ab6be707efe0b387e363a2e644a9c79bc90ceff72b2f6071f92b16610,7369f816ffad5fec2f562b000ddcaca464b1ff16785437632a28f05194c4c677,1.6205685349996202
rb_g085_v3,rb_g085,valid,v3,1,1,7.0,1000.0,500.0,72.69142093306516,50.46190918272636,52.84825038353839,72.62945755866167,0.8990669613146219,0.10093303872361144,-3.82333529915156e-11,9.264863542302039e-11,1173,617dcf4ab6be707efe0b387e363a2e644a9c79bc90ceff72b2f6071f92b16610,7369f816ffad5fec2f562b000ddcaca464b1ff16785437632a28f05194c4c677,1.6233143220015336
rb_g085_v4,rb_g085,valid,v4,2,2,16.5,2050.0,500.0,99.57827381544416,62.24081125761686,65.13540349169544,99.3965238443904,0.9467414621705095,0.05325853784653626,-1.7045778929772578e-11,1.181577759517184e-10,1158,617dcf4ab6be707efe0b387e363a2e644a9c79bc90ceff72b2f6071f92b16610,7369f816ffad5fec2f562b000ddcaca464b1ff16785437632a28f05194c4c677,1.5426108349929564
rb_g085_v5,rb_g085,valid,v5,2,2,16.500000000000004,2050.0,1000.0,97.89784705278373,59.75481716526388,63.50357727544002,97.67902237612043,0.9405894367371956,0.059410563279909935,-1.7105569486116935e-11,1.1402960061514684e-10,1161,617dcf4ab6be707efe0b387e363a2e644a9c79bc90ceff72b2f6071f92b16610,7369f816ffad5fec2f562b000ddcaca464b1ff16785437632a28f05194c4c677,1.5395939300069585
rb_g085_v6,rb_g085,valid,v6,3,3,12.499999999999998,1000.0,500.0,127.36742996486424,90.11882392413757,94.38062488869096,126.88431086753513,0.8990516619154775,0.10094833810984238,-2.531987064458008e-11,9.873677805839717e-11,1183,617dcf4ab6be707efe0b387e363a2e644a9c79bc90ceff72b2f6071f92b16610,7369f816ffad5fec2f562b000ddcaca464b1ff16785437632a28f05194c4c677,1.5631631559808739
rb_g085_v7,rb_g085,valid,v7,3,3,12.5,1000.0,500.0,127.6115829349319,90.1220851798751,94.38391616458586,127.10216937600063,0.8990457943357808,0.10095420568997322,-2.5754012256129498e-11,9.703370851223626e-11,1181,617dcf4ab6be707efe0b387e363a2e644a9c79bc90ceff72b2f6071f92b16610,7369f816ffad5fec2f562b000ddcaca464b1ff16785437632a28f05194c4c677,1.527492977998918
rb_g086_v0,rb_g086,test,v0,0,0,1.8000000000000003,333.33,333.33,44.93812180144471,33.84006793195052,35.09647922701515,44.85955504878871,0.7701048466840039,0.22989515346120348,-1.452073646509196e-10,7.758785845920767e-11,1203,4445064762c0a554c20986701989ffbe446c6785a0a5ac5349da9542e90eee0f,369ac77f38dad75f831157251b196c39bddcbc4930154cda6a427375897134e0,1.5542167000239715
rb_g086_v1,rb_g086,test,v1,0,0,2.5,500.0,333.33,45.600514566745915,34.014956903315976,35.271452909861196,45.49484284380662,0.8333827183064916,0.1666172818019287,-1.0842025055524119e-10,7.938144887379378e-11,1194,4445064762c0a554c20986701989ffbe446c6785a0a5ac5349da9542e90eee0f,369ac77f38dad75f831157251b196c39bddcbc4930154cda6a427375897134e0,1.542178450996289
rb_g086_v2,rb_g086,test,v2,1,1,7.000000000000002,1000.0,333.33,72.38433714850106,52.376852487747335,54.28549392757388,72.1084604847747,0.9079827830090987,0.09201721702894992,-3.804865946120473e-11,9.056045027152945e-11,1191,4445064762c0a554c20986701989ffbe446c6785a0a5ac5349da9542e90eee0f,369ac77f38dad75f831157251b196c39bddcbc4930154cda6a427375897134e0,1.575864227983402
rb_g086_v3,rb_g086,test,v3,1,1,6.999999999999999,1000.0,500.0,71.14264878707706,50.49666858940104,52.88195451071429,71.09914778522739,0.8989483329422726,0.10105166709568705,-3.7959635434958734e-11,9.165749650783952e-11,1185,4445064762c0a554c20986701989ffbe446c6785a0a5ac5349da9542e90eee0f,369ac77f38dad75f831157251b196c39bddcbc4930154cda6a427375897134e0,1.5306568249943666
rb_g086_v4,rb_g086,test,v4,2,2,16.5,2050.0,500.0,96.13905085965308,62.31641215962149,65.21035932395452,96.11942311650898,0.9466363613097704,0.05336363870728427,-1.7054653985345187e-11,1.1835244428319823e-10,1165,4445064762c0a554c20986701989ffbe446c6785a0a5ac5349da9542e90eee0f,369ac77f38dad75f831157251b196c39bddcbc4930154cda6a427375897134e0,1.5419373649929184
rb_g086_v5,rb_g086,test,v5,2,2,16.5,2050.0,1000.0,94.52077034182662,59.82761525902391,63.57514109891044,94.44412694835853,0.9404683162471397,0.05953168376973522,-1.687494588509253e-11,1.1609319976750446e-10,1152,4445064762c0a554c20986701989ffbe446c6785a0a5ac5349da9542e90eee0f,369ac77f38dad75f831157251b196c39bddcbc4930154cda6a427375897134e0,1.5247089290060103
rb_g086_v6,rb_g086,test,v6,3,3,12.500000000000002,1000.0,500.0,126.20472378574345,90.17325220461825,94.43333867418212,125.79004464198312,0.8989473298926527,0.10105267013183919,-2.4491857431030437e-11,9.907508740636924e-11,1194,4445064762c0a554c20986701989ffbe446c6785a0a5ac5349da9542e90eee0f,369ac77f38dad75f831157251b196c39bddcbc4930154cda6a427375897134e0,1.5752957579970825
rb_g086_v7,rb_g086,test,v7,3,3,12.5,1000.0,500.0,127.25657007499149,90.18133561532291,94.44117756496634,126.59435922415685,0.8989328184367413,0.1010671815881408,-2.4882123028646673e-11,9.779578958194755e-11,1199,4445064762c0a554c20986701989ffbe446c6785a0a5ac5349da9542e90eee0f,369ac77f38dad75f831157251b196c39bddcbc4930154cda6a427375897134e0,1.5889984229870606
rb_g087_v0,rb_g087,train,v0,0,0,1.8000000000000003,333.33,333.33,44.16910759948507,33.83918607778676,35.095817634879346,44.16263453217897,0.7701172043120761,0.22988279583164295,-1.437190181678242e-10,7.612785916932302e-11,1189,de4315f468052fa8e66c6d74f18d0f3da590970191731d0937b3371f99b8eaca,fe6641581999bcf2b83d0d4e2eb85b941ca58b541e9309d25d9c69ebdee19089,1.5527307929878589
rb_g087_v1,rb_g087,train,v1,0,0,2.5,500.0,333.33,45.57967619869913,34.01250196022751,35.269538198990034,45.571704659391116,0.8334042260274183,0.16659577408040785,-1.0782612580584328e-10,7.839148044659739e-11,1186,de4315f468052fa8e66c6d74f18d0f3da590970191731d0937b3371f99b8eaca,fe6641581999bcf2b83d0d4e2eb85b941ca58b541e9309d25d9c69ebdee19089,1.5316954030131456
rb_g087_v2,rb_g087,train,v2,1,1,7.0,1000.0,333.33,75.26121120820147,52.36689996623071,54.27814125635548,75.24195978696423,0.908011168195383,0.09198883184255453,-3.7937478555452995e-11,9.002427495453713e-11,1191,de4315f468052fa8e66c6d74f18d0f3da590970191731d0937b3371f99b8eaca,fe6641581999bcf2b83d0d4e2eb85b941ca58b541e9309d25d9c69ebdee19089,1.542071728996234
rb_g087_v3,rb_g087,train,v3,1,1,7.0,1000.0,500.0,74.56941299458384,50.495091432396315,52.882614779389385,74.55058737217314,0.8989533944365796,0.10104660560246824,-3.9047812602380614e-11,9.126768203670715e-11,1171,de4315f468052fa8e66c6d74f18d0f3da590970191731d0937b3371f99b8eaca,fe6641581999bcf2b83d0d4e2eb85b941ca58b541e9309d25d9c69ebdee19089,1.5570386559993494
rb_g087_v4,rb_g087,train,v4,2,2,16.5,2050.0,500.0,102.30311081685784,62.3244355153302,65.22523741811654,102.25943022285719,0.946624942679599,0.05337505733688107,-1.6480002547799206e-11,1.1895866515184874e-10,1149,de4315f468052fa8e66c6d74f18d0f3da590970191731d0937b3371f99b8eaca,fe6641581999bcf2b83d0d4e2eb85b941ca58b541e9309d25d9c69ebdee19089,1.5218066080124117
rb_g087_v5,rb_g087,train,v5,2,2,16.500000000000004,2050.0,1000.0,99.93959668166076,59.83707164112568,63.58964725295229,99.89171453261872,0.9404533868996268,0.05954661311806073,-1.768750802387909e-11,1.1637751415722681e-10,1151,de4315f468052fa8e66c6d74f18d0f3da590970191731d0937b3371f99b8eaca,fe6641581999bcf2b83d0d4e2eb85b941ca58b541e9309d25d9c69ebdee19089,1.6308032739907503
rb_g087_v6,rb_g087,train,v6,3,3,12.499999999999995,1000.0,500.0,130.98810202198092,90.16560904539226,94.42799082958012,130.9497298660866,0.8989617157310058,0.10103828429338724,-2.43930742271914e-11,9.814362085467428e-11,1191,de4315f468052fa8e66c6d74f18d0f3da590970191731d0937b3371f99b8eaca,fe6641581999bcf2b83d0d4e2eb85b941ca58b541e9309d25d9c69ebdee19089,1.611071302992059
rb_g087_v7,rb_g087,train,v7,3,3,12.499999999999996,1000.0,500.0,131.1193741433932,90.16295581589455,94.42584959141196,131.08089068804009,0.8989666057171972,0.1010333943074866,-2.4683792787527642e-11,9.688275853998113e-11,1181,de4315f468052fa8e66c6d74f18d0f3da590970191731d0937b3371f99b8eaca,fe6641581999bcf2b83d0d4e2eb85b941ca58b541e9309d25d9c69ebdee19089,1.6176645559899043
rb_g088_v0,rb_g088,train,v0,0,0,1.8,333.33,333.33,46.634617387286596,33.85493944020877,35.1168460258442,46.56175671858057,0.7699132948861502,0.23008670525826164,-1.444118898537757e-10,7.681264697713288e-11,1199,f60b95fbb5addea4324a25d3d458cccc73444d5c15151b46d85009fef3e6729f,33d7c8b80ef456f34e39ad31ff9c6834e4d2243ee4b40384827af564397b538e,1.592709209973691
rb_g088_v1,rb_g088,train,v1,0,0,2.5,500.0,333.33,48.90523532858731,34.03965763459467,35.307439991834194,48.81296028307651,0.8331677527178364,0.1668322473892399,-1.0707632558393244e-10,7.852166421485498e-11,1197,f60b95fbb5addea4324a25d3d458cccc73444d5c15151b46d85009fef3e6729f,33d7c8b80ef456f34e39ad31ff9c6834e4d2243ee4b40384827af564397b538e,1.5681467289978173
rb_g088_v2,rb_g088,train,v2,1,1,6.999999999999999,1000.0,333.33,83.8717807054677,52.45870431645993,54.430725705448054,83.6315680795592,0.9077429894921178,0.09225701054666563,-3.878353194153306e-11,9.005884763103685e-11,1183,f60b95fbb5addea4324a25d3d458cccc73444d5c15151b46d85009fef3e6729f,33d7c8b80ef456f34e39ad31ff9c6834e4d2243ee4b40384827af564397b538e,1.5616645709960721
rb_g088_v3,rb_g088,train,v3,1,1,7.000000000000002,1000.0,500.0,82.51135502805982,50.57996820445329,53.03183310210269,82.25971637059945,0.8986638312397445,0.10133616879813108,-3.787555983133675e-11,9.166398945929609e-11,1179,f60b95fbb5addea4324a25d3d458cccc73444d5c15151b46d85009fef3e6729f,33d7c8b80ef456f34e39ad31ff9c6834e4d2243ee4b40384827af564397b538e,1.5570230850134976
rb_g088_v4,rb_g088,train,v4,2,3,16.5,2050.0,500.0,120.5305238895134,62.533395625811885,65.73647052281149,119.90198902772852,0.9463332385243832,0.05366676149251708,-1.6900258970053983e-11,1.184289114140475e-10,1173,f60b95fbb5addea4324a25d3d458cccc73444d5c15151b46d85009fef3e6729f,33d7c8b80ef456f34e39ad31ff9c6834e4d2243ee4b40384827af564397b538e,1.552484427986201
rb_g088_v5,rb_g088,train,v5,2,2,16.5,2050.0,1000.0,119.05983825343384,60.01690328200372,64.07083732033878,118.63561835264744,0.9401531275010484,0.05984687251535687,-1.6405274445305345e-11,1.1693899391360415e-10,1176,f60b95fbb5addea4324a25d3d458cccc73444d5c15151b46d85009fef3e6729f,33d7c8b80ef456f34e39ad31ff9c6834e4d2243ee4b40384827af564397b538e,1.5315958709979896
rb_g088_v6,rb_g088,train,v6,3,3,12.500000000000002,1000.0,500.0,146.43833031720527,90.30493427743068,94.68045314714588,145.9381521032575,0.8986954562411629,0.10130454378256991,-2.3732766862849528e-11,9.78322181435957e-11,1203,f60b95fbb5addea4324a25d3d458cccc73444d5c15151b46d85009fef3e6729f,33d7c8b80ef456f34e39ad31ff9c6834e4d2243ee4b40384827af564397b538e,1.6056888289749622
rb_g088_v7,rb_g088,train,v7,3,3,12.5,1000.0,500.0,146.89657246577792,90.3042644611088,94.67885088491323,146.4006392224672,0.8986967373967176,0.10130326262776419,-2.448187430559301e-11,9.561163029475692e-11,1191,f60b95fbb5addea4324a25d3d458cccc73444d5c15151b46d85009fef3e6729f,33d7c8b80ef456f34e39ad31ff9c6834e4d2243ee4b40384827af564397b538e,1.563415230019018
rb_g089_v0,rb_g089,train,v0,0,0,1.8000000000000003,333.33,333.33,44.91690424982329,33.82992523040463,35.088436151538,44.869169686932196,0.7702361885824908,0.22976381156093184,-1.434226502993062e-10,7.682643873471399e-11,1195,372e1ee53f5cc504e6ab275b3672272d458aba043652471b711b242dd0e716bd,ba3b6966a44649ad3f95901736983845ee01cd4aaa1f6c913df4cbde9085830c,1.5943508030031808
rb_g089_v1,rb_g089,train,v1,0,0,2.5,500.0,333.33,46.57804725085265,33.99963832191543,35.25968435515642,46.519989900618725,0.8335159197503659,0.16648408035719575,-1.0756162627245658e-10,7.841979940020152e-11,1185,372e1ee53f5cc504e6ab275b3672272d458aba043652471b711b242dd0e716bd,ba3b6966a44649ad3f95901736983845ee01cd4aaa1f6c913df4cbde9085830c,1.5751048180100042
rb_g089_v2,rb_g089,train,v2,1,1,7.0,1000.0,333.33,78.31568763481465,52.331123194239375,54.25592639397547,78.21979340990441,0.9081156731059956,0.09188432693110171,-3.709735693239022e-11,9.076651400541225e-11,1185,372e1ee53f5cc504e6ab275b3672272d458aba043652471b711b242dd0e716bd,ba3b6966a44649ad3f95901736983845ee01cd4aaa1f6c913df4cbde9085830c,1.5302155309764203
rb_g089_v3,rb_g089,train,v3,1,1,7.0,1000.0,500.0,78.15380601418786,50.46317564161554,52.865416398550906,78.11924839586692,0.8990626114540322,0.10093738858305379,-3.708601679721011e-11,9.038858548838606e-11,1140,372e1ee53f5cc504e6ab275b3672272d458aba043652471b711b242dd0e716bd,ba3b6966a44649ad3f95901736983845ee01cd4aaa1f6c913df4cbde9085830c,1.4865367710008286
rb_g089_v4,rb_g089,train,v4,2,2,16.5,2050.0,500.0,111.7598562063128,62.240027417853824,65.20303554930518,111.71565030572282,0.9467430367872905,0.05325696322878097,-1.60714808464835e-11,1.16495879752136e-10,1126,372e1ee53f5cc504e6ab275b3672272d458aba043652471b711b242dd0e716bd,ba3b6966a44649ad3f95901736983845ee01cd4aaa1f6c913df4cbde9085830c,1.5174301249790005
rb_g089_v5,rb_g089,train,v5,2,2,16.500000000000004,2050.0,1000.0,109.36643508708505,59.742067166674985,63.552879052933946,109.23981471561842,0.9406110816471855,0.05938891836827244,-1.5457937959953675e-11,1.1514722643289856e-10,1129,372e1ee53f5cc504e6ab275b3672272d458aba043652471b711b242dd0e716bd,ba3b6966a44649ad3f95901736983845ee01cd4aaa1f6c913df4cbde9085830c,1.4929632149869576
rb_g089_v6,rb_g089,train,v6,3,3,12.5,1000.0,500.0,137.19317625495842,90.09756405461556,94.384405718385,137.00610678579227,0.8990916840137815,0.10090831601142697,-2.5208493070749684e-11,9.685466587284144e-11,1170,372e1ee53f5cc504e6ab275b3672272d458aba043652471b711b242dd0e716bd,ba3b6966a44649ad3f95901736983845ee01cd4aaa1f6c913df4cbde9085830c,1.5207748249813449
rb_g089_v7,rb_g089,train,v7,3,3,12.500000000000002,1000.0,500.0,137.0040462229352,90.09505083730836,94.38145728457076,136.7843643801648,0.8990964970685462,0.1009035029567676,-2.531384879489451e-11,9.658484919997847e-11,1188,372e1ee53f5cc504e6ab275b3672272d458aba043652471b711b242dd0e716bd,ba3b6966a44649ad3f95901736983845ee01cd4aaa1f6c913df4cbde9085830c,1.5811599449953064
rb_g090_v0,rb_g090,train,v0,0,0,1.7999999999999998,333.33,333.33,44.57260681080356,33.851544183414845,35.10736497295173,44.4243997766165,0.7699568456736369,0.23004315447391316,-1.4755005859099257e-10,7.74292635670911e-11,1211,888186e9479c97f6bb6efad7b95bb1bb02126123c70eaec7b7f1420f606afed0,2f50a536250d4373d2a9485f22b506be9f329bd3f2a5ba8c4743a0914ee83481,1.5889572850137483
rb_g090_v1,rb_g090,train,v1,0,0,2.5000000000000004,500.0,333.33,45.66133252051662,34.03407303270793,35.290181610244616,45.55506222350874,0.8332160226400962,0.16678397746959642,-1.0969263275484307e-10,7.707233189255597e-11,1144,888186e9479c97f6bb6efad7b95bb1bb02126123c70eaec7b7f1420f606afed0,2f50a536250d4373d2a9485f22b506be9f329bd3f2a5ba8c4743a0914ee83481,1.517816382984165
rb_g090_v2,rb_g090,train,v2,1,1,7.000000000000001,1000.0,333.33,75.24984584111348,52.43355275990452,54.34410602558155,75.20193591730214,0.9078164377089689,0.0921835623294364,-3.840531067770111e-11,8.974152143791971e-11,1153,888186e9479c97f6bb6efad7b95bb1bb02126123c70eaec7b7f1420f606afed0,2f50a536250d4373d2a9485f22b506be9f329bd3f2a5ba8c4743a0914ee83481,1.5516039969807025
rb_g090_v3,rb_g090,train,v3,1,1,7.0,1000.0,500.0,74.11443565041208,50.5504640559922,52.93712041063046,74.0698377023154,0.8987649373395826,0.10123506269718466,-3.676727176684023e-11,9.12625569916952e-11,1144,888186e9479c97f6bb6efad7b95bb1bb02126123c70eaec7b7f1420f606afed0,2f50a536250d4373d2a9485f22b506be9f329bd3f2a5ba8c4743a0914ee83481,1.4828572520054877
rb_g090_v4,rb_g090,train,v4,2,2,16.5,2050.0,500.0,100.13255284746998,62.4540661285933,65.35924093076187,100.04586768756496,0.9464440824341391,0.05355591758212157,-1.626075705062111e-11,1.1804136673199496e-10,1140,888186e9479c97f6bb6efad7b95bb1bb02126123c70eaec7b7f1420f606afed0,2f50a536250d4373d2a9485f22b506be9f329bd3f2a5ba8c4743a0914ee83481,1.502882380009396
rb_g090_v5,rb_g090,train,v5,2,2,16.5,2050.0,1000.0,109.13125485979282,59.95657994621708,63.71846899066139,108.43912372426155,0.9402532276696147,0.05974677234675688,-1.6371604408849443e-11,1.1309576293847199e-10,1168,888186e9479c97f6bb6efad7b95bb1bb02126123c70eaec7b7f1420f606afed0,2f50a536250d4373d2a9485f22b506be9f329bd3f2a5ba8c4743a0914ee83481,1.5124511320027523
rb_g090_v6,rb_g090,train,v6,3,3,12.499999999999998,1000.0,500.0,132.88950039864875,90.26692647326662,94.52964187980781,132.40953218545388,0.8987678923116391,0.10123210771317814,-2.4817250476871782e-11,9.643449842609122e-11,1158,888186e9479c97f6bb6efad7b95bb1bb02126123c70eaec7b7f1420f606afed0,2f50a536250d4373d2a9485f22b506be9f329bd3f2a5ba8c4743a0914ee83481,1.5739902390050702
rb_g090_v7,rb_g090,train,v7,3,3,12.5,1000.0,500.0,134.83125205208273,90.27471927007588,94.53739542192939,133.80407196849973,0.8987542024152169,0.10124579760917804,-2.439485058403079e-11,9.834403166240899e-11,1202,888186e9479c97f6bb6efad7b95bb1bb02126123c70eaec7b7f1420f606afed0,2f50a536250d4373d2a9485f22b506be9f329bd3f2a5ba8c4743a0914ee83481,1.5832166119944304
rb_g091_v0,rb_g091,train,v0,0,0,1.8000000000000003,333.33,333.33,44.860134475674556,33.83650101047973,35.09383699045675,44.79277325768169,0.7701511466914205,0.22984885345392647,-1.4534700603579468e-10,7.591832265625952e-11,1187,785d46a6b5e4207510abfdda8fc693d2d942edf8f4ba30d1f0bed14c68987cc9,7fb1ef59ae6d155d2596919444086eeb9506c109be9308971ffd8e235127ced3,1.6251152339973487
rb_g091_v1,rb_g091,train,v1,0,0,2.5,500.0,333.33,45.94315837390428,34.00866880251284,35.266602385251325,45.857764093635296,0.8334373684783294,0.16656263162741916,-1.0574858766432271e-10,7.865221399574739e-11,1190,785d46a6b5e4207510abfdda8fc693d2d942edf8f4ba30d1f0bed14c68987cc9,7fb1ef59ae6d155d2596919444086eeb9506c109be9308971ffd8e235127ced3,1.579276511009084
rb_g091_v2,rb_g091,train,v2,1,1,6.999999999999999,1000.0,333.33,75.27885939018648,52.35336936789743,54.268408740524215,75.03820136477975,0.9080507235073497,0.09194927653025134,-3.76010968393205e-11,9.068633095838507e-11,1184,785d46a6b5e4207510abfdda8fc693d2d942edf8f4ba30d1f0bed14c68987cc9,7fb1ef59ae6d155d2596919444086eeb9506c109be9308971ffd8e235127ced3,1.5725956069945823
rb_g091_v3,rb_g091,train,v3,1,1,7.0,1000.0,500.0,74.93268604101797,50.479015889913406,52.87145940160279,74.66959365114877,0.8990084311570085,0.1009915688806203,-3.762880483394935e-11,9.222263161439236e-11,1189,785d46a6b5e4207510abfdda8fc693d2d942edf8f4ba30d1f0bed14c68987cc9,7fb1ef59ae6d155d2596919444086eeb9506c109be9308971ffd8e235127ced3,1.5881752300192602
rb_g091_v4,rb_g091,train,v4,2,2,16.500000000000007,2050.0,500.0,106.76092005456206,62.28635552844388,65.21393026800544,106.07543493863255,0.946678124357757,0.053321875659256494,-1.7013501718565742e-11,1.1803126849106618e-10,1152,785d46a6b5e4207510abfdda8fc693d2d942edf8f4ba30d1f0bed14c68987cc9,7fb1ef59ae6d155d2596919444086eeb9506c109be9308971ffd8e235127ced3,1.4900476119946688
rb_g091_v5,rb_g091,train,v5,2,2,16.5,2050.0,1000.0,108.3408599836406,59.798796774439765,63.582206759018845,107.61250985100418,0.940516397672085,0.05948360234403629,-1.6121218837986707e-11,1.165741129041975e-10,1135,785d46a6b5e4207510abfdda8fc693d2d942edf8f4ba30d1f0bed14c68987cc9,7fb1ef59ae6d155d2596919444086eeb9506c109be9308971ffd8e235127ced3,1.475623940990772
rb_g091_v6,rb_g091,train,v6,3,3,12.500000000000002,1000.0,500.0,136.04189139540654,90.14854810544291,94.42222945765788,135.53299005952414,0.898994805848288,0.10100519417631994,-2.460788905978006e-11,9.684334485919241e-11,1157,785d46a6b5e4207510abfdda8fc693d2d942edf8f4ba30d1f0bed14c68987cc9,7fb1ef59ae6d155d2596919444086eeb9506c109be9308971ffd8e235127ced3,1.5006047550123185
rb_g091_v7,rb_g091,train,v7,3,3,12.499999999999998,1000.0,500.0,135.75438933131346,90.14556683029285,94.41876356171574,135.26102853647706,0.8990001532623705,0.10099984676193091,-2.4301431977846735e-11,9.608394640618601e-11,1148,785d46a6b5e4207510abfdda8fc693d2d942edf8f4ba30d1f0bed14c68987cc9,7fb1ef59ae6d155d2596919444086eeb9506c109be9308971ffd8e235127ced3,1.5211189139808994
rb_g092_v0,rb_g092,train,v0,0,0,1.7999999999999998,333.33,333.33,44.804882176611784,33.8465503763807,35.10340042529894,44.69278598904333,0.7700211832243573,0.2299788169196396,-1.4399694399832205e-10,7.638947652806917e-11,1189,eee0902c9ac078a7f453c860a6cccae109696ab66b71650a7410f5034c556743,70b35ae0b8c5f8548998315bf0d9b61ab66853f993de57802b764c090bcfb9b9,1.5676021769759245
rb_g092_v1,rb_g092,train,v1,0,0,2.5000000000000004,500.0,333.33,45.98817271361861,34.02416756423289,35.28196846260019,45.89418478481673,0.8333024456816095,0.1666975544241738,-1.0578324882715149e-10,7.93711078069545e-11,1195,eee0902c9ac078a7f453c860a6cccae109696ab66b71650a7410f5034c556743,70b35ae0b8c5f8548998315bf0d9b61ab66853f993de57802b764c090bcfb9b9,1.6169952100026421
rb_g092_v2,rb_g092,train,v2,1,1,7.000000000000001,1000.0,333.33,75.78072114755224,52.401406976225665,54.31845792343904,75.65148548376413,0.9079104162334836,0.09208958380378174,-3.7265333676016e-11,9.040179299444341e-11,1193,eee0902c9ac078a7f453c860a6cccae109696ab66b71650a7410f5034c556743,70b35ae0b8c5f8548998315bf0d9b61ab66853f993de57802b764c090bcfb9b9,1.6303549130097963
rb_g092_v3,rb_g092,train,v3,1,1,7.0,1000.0,500.0,74.60593435521707,50.52298198852765,52.91593152829625,74.38456280227206,0.898858391323716,0.1011416087156666,-3.938260828562079e-11,9.184210290148356e-11,1185,eee0902c9ac078a7f453c860a6cccae109696ab66b71650a7410f5034c556743,70b35ae0b8c5f8548998315bf0d9b61ab66853f993de57802b764c090bcfb9b9,1.592815990006784
rb_g092_v4,rb_g092,train,v4,2,2,16.5,2050.0,500.0,104.76375201611484,62.40082193473492,65.3303606315411,103.80798767757716,0.9465182559217911,0.05348174409410875,-1.5899826909627667e-11,1.1745224261554718e-10,1129,eee0902c9ac078a7f453c860a6cccae109696ab66b71650a7410f5034c556743,70b35ae0b8c5f8548998315bf0d9b61ab66853f993de57802b764c090bcfb9b9,1.6048424049804453
rb_g092_v5,rb_g092,train,v5,2,2,16.499999999999996,2050.0,1000.0,105.65131032565705,59.9109247220194,63.694905195650335,104.65724284934356,0.9403294895533995,0.05967051046289308,-1.6292509429125392e-11,1.1266853205826989e-10,1170,eee0902c9ac078a7f453c860a6cccae109696ab66b71650a7410f5034c556743,70b35ae0b8c5f8548998315bf0d9b61ab66853f993de57802b764c090bcfb9b9,1.5073322980024386
rb_g092_v6,rb_g092,train,v6,3,3,12.5,1000.0,500.0,135.03803206535684,90.23868042491021,94.51243046382,134.30679477168292,0.8988230510227158,0.10117694900186257,-2.4578294954835656e-11,9.76404039352504e-11,1201,eee0902c9ac078a7f453c860a6cccae109696ab66b71650a7410f5034c556743,70b35ae0b8c5f8548998315bf0d9b61ab66853f993de57802b764c090bcfb9b9,1.5756175740098115
rb_g092_v7,rb_g092,train,v7,3,3,12.499999999999996,1000.0,500.0,134.96244857541478,90.23254741889511,94.50670955704702,134.21460946140047,0.8988341229002605,0.10116587712347021,-2.3730759579621014e-11,9.924331975333719e-11,1208,eee0902c9ac078a7f453c860a6cccae109696ab66b71650a7410f5034c556743,70b35ae0b8c5f8548998315bf0d9b61ab66853f993de57802b764c090bcfb9b9,1.5708762020221911
rb_g093_v0,rb_g093,train,v0,0,0,1.7999999999999998,333.33,333.33,43.623003628467245,33.83480446288336,35.09120398207423,43.561427680440715,0.7701729329899898,0.22982706715589737,-1.4588712953727484e-10,7.693824442473255e-11,1184,15d2aef0329ed405411073d650dac99b6362b904a3c58cb55c75e88755958b3c,c315da9fc0fb5e36fb47ae72a2e384c26e2a7564b758ef73a96d382a2f02400a,1.585701888980111
rb_g093_v1,rb_g093,train,v1,0,0,2.4999999999999996,500.0,333.33,44.930928013034645,34.0091473996285,35.26511036381123,44.85240237680733,0.8334339972164215,0.16656600289191992,-1.083414691294138e-10,7.758304853231914e-11,1152,15d2aef0329ed405411073d650dac99b6362b904a3c58cb55c75e88755958b3c,c315da9fc0fb5e36fb47ae72a2e384c26e2a7564b758ef73a96d382a2f02400a,1.5233102700149175
rb_g093_v2,rb_g093,train,v2,1,1,7.0,1000.0,333.33,73.29146886839897,52.35674014333174,54.26155007278634,73.08914159968197,0.9080410667499335,0.09195893328809547,-3.802892921202426e-11,9.055671816254977e-11,1184,15d2aef0329ed405411073d650dac99b6362b904a3c58cb55c75e88755958b3c,c315da9fc0fb5e36fb47ae72a2e384c26e2a7564b758ef73a96d382a2f02400a,1.5703225219913293
rb_g093_v3,rb_g093,train,v3,1,1,6.999999999999999,1000.0,500.0,72.26839219035799,50.48327204435768,52.86459443274959,72.09549852094506,0.8989937601031612,0.1010062399338746,-3.703588229748383e-11,9.242653843608051e-11,1173,15d2aef0329ed405411073d650dac99b6362b904a3c58cb55c75e88755958b3c,c315da9fc0fb5e36fb47ae72a2e384c26e2a7564b758ef73a96d382a2f02400a,1.5528867489774711
rb_g093_v4,rb_g093,train,v4,2,2,16.499999999999996,2050.0,500.0,98.1538894054882,62.29178691806338,65.16695274567768,97.3894605394998,0.9466704181179145,0.05332958189799664,-1.5911157913103238e-11,1.1622249679623313e-10,1130,15d2aef0329ed405411073d650dac99b6362b904a3c58cb55c75e88755958b3c,c315da9fc0fb5e36fb47ae72a2e384c26e2a7564b758ef73a96d382a2f02400a,1.518594723980641
rb_g093_v5,rb_g093,train,v5,2,2,16.499999999999996,2050.0,1000.0,97.3626323910824,59.79698957689289,63.52626032338084,96.52206692777321,0.9405199626124854,0.05948003740348365,-1.5968976982500837e-11,1.1638479208797013e-10,1172,15d2aef0329ed405411073d650dac99b6362b904a3c58cb55c75e88755958b3c,c315da9fc0fb5e36fb47ae72a2e384c26e2a7564b758ef73a96d382a2f02400a,1.5721461130015086
rb_g093_v6,rb_g093,train,v6,3,3,12.499999999999998,1000.0,500.0,127.12875057898077,90.1437119386695,94.39696288713111,126.58096647046682,0.8990042090698681,0.10099579095506488,-2.4932962361390313e-11,9.75869125450343e-11,1197,15d2aef0329ed405411073d650dac99b6362b904a3c58cb55c75e88755958b3c,c315da9fc0fb5e36fb47ae72a2e384c26e2a7564b758ef73a96d382a2f02400a,1.546481750003295
rb_g093_v7,rb_g093,train,v7,3,3,12.5,1000.0,500.0,126.82663146010475,90.13519529279232,94.38889634419834,126.58356052153187,0.8990199703693794,0.10098002965538684,-2.476626903558099e-11,9.851933807915248e-11,1194,15d2aef0329ed405411073d650dac99b6362b904a3c58cb55c75e88755958b3c,c315da9fc0fb5e36fb47ae72a2e384c26e2a7564b758ef73a96d382a2f02400a,1.5989928449853323
rb_g094_v0,rb_g094,train,v0,0,0,1.8,333.33,333.33,43.79015842905085,33.845082205399365,35.10071858347814,43.775579703270466,0.7700405282888685,0.22995947185774057,-1.4660911373809427e-10,7.62819699726251e-11,1189,c719e5e6d012e96d6e7c56933a3b34be52a800fa1051ad6795e3572704e85f5c,d5a31039a546b78ff9557883a7b65075b3f185aa8f1fe411706660330c3ed88c,1.536091904999921
rb_g094_v1,rb_g094,train,v1,0,0,2.5,500.0,333.33,44.84890440997623,34.02246433011462,35.277806777849484,44.75140731508742,0.8333173267786849,0.16668267332876102,-1.0744594103329064e-10,7.923117421112768e-11,1192,c719e5e6d012e96d6e7c56933a3b34be52a800fa1051ad6795e3572704e85f5c,d5a31039a546b78ff9557883a7b65075b3f185aa8f1fe411706660330c3ed88c,1.6019909780006856
rb_g094_v2,rb_g094,train,v2,1,1,6.999999999999999,1000.0,333.33,73.18147193435072,52.400403363292504,54.304953034536666,72.87416614494674,0.9079131221298113,0.09208687790777047,-3.7581858260336636e-11,8.949143164589819e-11,1143,c719e5e6d012e96d6e7c56933a3b34be52a800fa1051ad6795e3572704e85f5c,d5a31039a546b78ff9557883a7b65075b3f185aa8f1fe411706660330c3ed88c,1.4853174680029042
rb_g094_v3,rb_g094,train,v3,1,1,6.999999999999999,1000.0,500.0,72.73880133568053,50.5225215477814,52.903612759748924,72.41943550881052,0.898859981138423,0.10114001890049029,-3.8913332873440665e-11,9.167045863265845e-11,1181,c719e5e6d012e96d6e7c56933a3b34be52a800fa1051ad6795e3572704e85f5c,d5a31039a546b78ff9557883a7b65075b3f185aa8f1fe411706660330c3ed88c,1.5705048159870785
rb_g094_v4,rb_g094,train,v4,2,2,16.5,2050.0,500.0,99.16056615821338,62.398958836194986,65.27796528755556,98.45233791579852,0.9465214983068915,0.05347850170980006,-1.6691584141795197e-11,1.1541193108790914e-10,1155,c719e5e6d012e96d6e7c56933a3b34be52a800fa1051ad6795e3572704e85f5c,d5a31039a546b78ff9557883a7b65075b3f185aa8f1fe411706660330c3ed88c,1.5431925769953523
rb_g094_v5,rb_g094,train,v5,2,2,16.5,2050.0,1000.0,97.42166685982028,59.89762219182359,63.63094364763341,97.28613757114448,0.9403520451774825,0.059647954840163095,-1.7645635794289746e-11,1.1353061972011462e-10,1158,c719e5e6d012e96d6e7c56933a3b34be52a800fa1051ad6795e3572704e85f5c,d5a31039a546b78ff9557883a7b65075b3f185aa8f1fe411706660330c3ed88c,1.526520918996539
rb_g094_v6,rb_g094,train,v6,3,3,12.5,1000.0,500.0,128.70140394518137,90.2186756839536,94.47120875090249,128.24459350371984,0.8988601194500322,0.10113988057475182,-2.4783997076838204e-11,9.643443705332345e-11,1181,c719e5e6d012e96d6e7c56933a3b34be52a800fa1051ad6795e3572704e85f5c,d5a31039a546b78ff9557883a7b65075b3f185aa8f1fe411706660330c3ed88c,1.617848725989461
rb_g094_v7,rb_g094,train,v7,3,3,12.499999999999998,1000.0,500.0,128.53231075921587,90.21729002297651,94.46998638163204,128.0738224767603,0.8988628529736573,0.10113714705149916,-2.5156463578923652e-11,9.73242685499419e-11,1181,c719e5e6d012e96d6e7c56933a3b34be52a800fa1051ad6795e3572704e85f5c,d5a31039a546b78ff9557883a7b65075b3f185aa8f1fe411706660330c3ed88c,1.5621203889895696
rb_g095_v0,rb_g095,train,v0,0,0,1.7999999999999998,333.33,333.33,44.10683036807069,33.834926213258605,35.092025375198816,43.91588494272082,0.7701724666896194,0.22982753345707932,-1.466986408892189e-10,7.84183162879391e-11,1206,8764f8ba9405e3f06cb27f35d322f4fec5fb85fea585e302716807a7b3db306b,6ce93bb99c3408bc236127775ff1be7ca1fc339e9ac34094204b72b885d5df52,1.5817861599789467
rb_g095_v1,rb_g095,train,v1,0,0,2.4999999999999996,500.0,333.33,44.49657770588459,34.00513541462254,35.26269142871447,44.463127469006906,0.8334685546512199,0.16653144545737114,-1.0859104726534954e-10,7.935729807208692e-11,1178,8764f8ba9405e3f06cb27f35d322f4fec5fb85fea585e302716807a7b3db306b,6ce93bb99c3408bc236127775ff1be7ca1fc339e9ac34094204b72b885d5df52,1.5254038929997478
rb_g095_v2,rb_g095,train,v2,1,1,7.0,1000.0,333.33,73.26472870036025,52.34378356253283,54.25690407921603,73.26472870036025,0.9080785098303653,0.09192149020794914,-3.831446271362893e-11,8.908031138402109e-11,1167,8764f8ba9405e3f06cb27f35d322f4fec5fb85fea585e302716807a7b3db306b,6ce93bb99c3408bc236127775ff1be7ca1fc339e9ac34094204b72b885d5df52,1.5418529640010092
rb_g095_v3,rb_g095,train,v3,1,1,7.0,1000.0,500.0,72.3151343499141,50.46810981074437,52.85852314834608,72.3151343499141,0.8990456354382517,0.10095436459996134,-3.821303591016496e-11,9.135812444590207e-11,1162,8764f8ba9405e3f06cb27f35d322f4fec5fb85fea585e302716807a7b3db306b,6ce93bb99c3408bc236127775ff1be7ca1fc339e9ac34094204b72b885d5df52,1.5286429510160815
rb_g095_v4,rb_g095,train,v4,2,2,16.499999999999996,2050.0,500.0,98.10769375324202,62.252970861922144,65.16601914940736,98.10769375324202,0.9467252035950078,0.05327479642141049,-1.641827414763005e-11,1.176423225974565e-10,1126,8764f8ba9405e3f06cb27f35d322f4fec5fb85fea585e302716807a7b3db306b,6ce93bb99c3408bc236127775ff1be7ca1fc339e9ac34094204b72b885d5df52,1.4834682399814483
rb_g095_v5,rb_g095,train,v5,2,2,16.500000000000004,2050.0,1000.0,96.55780742817615,59.75920713622804,63.52423549900414,96.55780742817615,0.9405824309215961,0.059417569094726716,-1.6322781510263497e-11,1.1606033419189407e-10,1129,8764f8ba9405e3f06cb27f35d322f4fec5fb85fea585e302716807a7b3db306b,6ce93bb99c3408bc236127775ff1be7ca1fc339e9ac34094204b72b885d5df52,1.5038887859846
rb_g095_v6,rb_g095,train,v6,3,3,12.500000000000002,1000.0,500.0,130.3434955543326,90.1184933634343,94.38609508110234,129.84393310177944,0.8990513957127898,0.10094860431129414,-2.4083952609998956e-11,9.721186024710221e-11,1183,8764f8ba9405e3f06cb27f35d322f4fec5fb85fea585e302716807a7b3db306b,6ce93bb99c3408bc236127775ff1be7ca1fc339e9ac34094204b72b885d5df52,1.5763186859840062
rb_g095_v7,rb_g095,train,v7,3,3,12.499999999999996,1000.0,500.0,129.0947302214837,90.11850031544806,94.38565221890212,128.9271923723087,0.8990513596770643,0.1009486403465624,-2.3626647305263767e-11,9.918296376434592e-11,1192,8764f8ba9405e3f06cb27f35d322f4fec5fb85fea585e302716807a7b3db306b,6ce93bb99c3408bc236127775ff1be7ca1fc339e9ac34094204b72b885d5df52,1.5721049510175362
rb_g096_v0,rb_g096,train,v0,0,0,1.8000000000000003,333.33,333.33,45.00083127018729,33.864026257370654,35.118521635760615,44.95884091096872,0.7697953542167815,0.23020464592781742,-1.4459893159389656e-10,7.642363233750894e-11,1191,e91d92a85b4c28a9c714494722fdb3eb3473676abbce4ae207b0b06a5bb16a44,dbe185d66c786930102bdcfd358d216d2ede4d80a21d9bea2fce84d6280e6300,1.538709692977136
rb_g096_v1,rb_g096,train,v1,0,0,2.5,500.0,333.33,46.71072586408036,34.052558364103184,35.30700870734671,46.65938872382071,0.8330552337300446,0.16694476637699698,-1.0704159780772216e-10,7.783684251207544e-11,1183,e91d92a85b4c28a9c714494722fdb3eb3473676abbce4ae207b0b06a5bb16a44,dbe185d66c786930102bdcfd358d216d2ede4d80a21d9bea2fce84d6280e6300,1.5504784520016983
rb_g096_v2,rb_g096,train,v2,1,1,7.000000000000002,1000.0,333.33,76.6026472554525,52.49231028313338,54.39797418482707,76.49937199606927,0.907644927482132,0.0923550725560019,-3.813386114818025e-11,8.987418126456564e-11,1155,e91d92a85b4c28a9c714494722fdb3eb3473676abbce4ae207b0b06a5bb16a44,dbe185d66c786930102bdcfd358d216d2ede4d80a21d9bea2fce84d6280e6300,1.508122072002152
rb_g096_v3,rb_g096,train,v3,1,1,6.999999999999999,1000.0,500.0,76.20430192149723,50.6069438889269,52.9893329709756,76.18745165960786,0.8985721465691932,0.10142785347114952,-4.034269743665878e-11,9.141450997936044e-11,1174,e91d92a85b4c28a9c714494722fdb3eb3473676abbce4ae207b0b06a5bb16a44,dbe185d66c786930102bdcfd358d216d2ede4d80a21d9bea2fce84d6280e6300,1.5466865609923843
rb_g096_v4,rb_g096,train,v4,2,2,16.500000000000004,2050.0,500.0,110.61071570067918,62.61289369639451,65.51187026795206,110.57455653956106,0.946222327028442,0.0537776729896118,-1.8053767235390734e-11,1.1717471202005063e-10,1166,e91d92a85b4c28a9c714494722fdb3eb3473676abbce4ae207b0b06a5bb16a44,dbe185d66c786930102bdcfd358d216d2ede4d80a21d9bea2fce84d6280e6300,1.5849741529964376
rb_g096_v5,rb_g096,train,v5,2,2,16.500000000000004,2050.0,1000.0,111.83609093273935,60.11798771333796,63.88117123946264,111.80409188153618,0.9399844458604947,0.06001555415690103,-1.7395761598880775e-11,1.1227913549443679e-10,1167,e91d92a85b4c28a9c714494722fdb3eb3473676abbce4ae207b0b06a5bb16a44,dbe185d66c786930102bdcfd358d216d2ede4d80a21d9bea2fce84d6280e6300,1.5389822120196186
rb_g096_v6,rb_g096,train,v6,3,3,12.5,1000.0,500.0,137.77144945664674,90.38170885547967,94.63839089606272,137.7444303207646,0.8985488014003147,0.10145119862346412,-2.3778810032126786e-11,9.846782514831102e-11,1197,e91d92a85b4c28a9c714494722fdb3eb3473676abbce4ae207b0b06a5bb16a44,dbe185d66c786930102bdcfd358d216d2ede4d80a21d9bea2fce84d6280e6300,1.6094615619804244
rb_g096_v7,rb_g096,train,v7,3,3,12.499999999999998,1000.0,500.0,137.2115965596318,90.38230186899041,94.63831994387454,137.18318770534097,0.8985478483699566,0.10145215165389128,-2.3847892549611064e-11,9.694479636950188e-11,1198,e91d92a85b4c28a9c714494722fdb3eb3473676abbce4ae207b0b06a5bb16a44,dbe185d66c786930102bdcfd358d216d2ede4d80a21d9bea2fce84d6280e6300,1.6482300019997638
rb_g097_v0,rb_g097,train,v0,0,0,1.7999999999999998,333.33,333.33,44.53285491763734,33.83198190258616,35.088909676886956,44.51751156522988,0.7702094384486747,0.22979056169764145,-1.4631613821770709e-10,7.646212330358036e-11,1189,1f626537408db9940b288dabc0a2c782a00eb3dc12c6917c8fb92649fceff3b6,18d125b7f48f8f689eb9fdd1b614116be0747f471c3543f809a3c82634f21727,1.5966233959770761
rb_g097_v1,rb_g097,train,v1,0,0,2.5,500.0,333.33,45.44951866579629,34.00100731157755,35.25802548180107,45.430708549028736,0.8335040238248714,0.16649597628291843,-1.0778986592185902e-10,7.889303439304167e-11,1191,1f626537408db9940b288dabc0a2c782a00eb3dc12c6917c8fb92649fceff3b6,18d125b7f48f8f689eb9fdd1b614116be0747f471c3543f809a3c82634f21727,1.5408058720058762
rb_g097_v2,rb_g097,train,v2,1,1,7.0,1000.0,333.33,73.1536746121808,52.32463160045327,54.23365943826062,73.1536746121808,0.9081348148000646,0.09186518523743839,-3.7503080006575014e-11,8.981217784742207e-11,1186,1f626537408db9940b288dabc0a2c782a00eb3dc12c6917c8fb92649fceff3b6,18d125b7f48f8f689eb9fdd1b614116be0747f471c3543f809a3c82634f21727,1.5479659019911196
rb_g097_v3,rb_g097,train,v3,1,1,7.0,1000.0,500.0,72.01815956517981,50.4456004866154,52.83135305400631,72.01815956517981,0.8991225051931605,0.1008774948450369,-3.8197413486175587e-11,9.245136519594432e-11,1192,1f626537408db9940b288dabc0a2c782a00eb3dc12c6917c8fb92649fceff3b6,18d125b7f48f8f689eb9fdd1b614116be0747f471c3543f809a3c82634f21727,1.6515219529974274
rb_g097_v4,rb_g097,train,v4,2,2,16.499999999999996,2050.0,500.0,115.34578092168181,62.196493853767755,65.0903311451207,115.1600993464611,0.9468035737720943,0.053196426244535425,-1.6629741355011383e-11,1.1573253750866987e-10,1180,1f626537408db9940b288dabc0a2c782a00eb3dc12c6917c8fb92649fceff3b6,18d125b7f48f8f689eb9fdd1b614116be0747f471c3543f809a3c82634f21727,1.61967412600643
rb_g097_v5,rb_g097,train,v5,2,2,16.499999999999996,2050.0,1000.0,106.62326804438669,59.70940371070398,63.45244819892757,106.50503355960052,0.9406651040933052,0.05933489592351749,-1.6822664473569276e-11,1.172354450125133e-10,1170,1f626537408db9940b288dabc0a2c782a00eb3dc12c6917c8fb92649fceff3b6,18d125b7f48f8f689eb9fdd1b614116be0747f471c3543f809a3c82634f21727,1.537601854011882
rb_g097_v6,rb_g097,train,v6,3,3,12.500000000000002,1000.0,500.0,130.73967870185527,90.0910942422389,94.35129929301458,130.6207955784634,0.8991042632956913,0.10089573672812652,-2.3817730010478042e-11,9.8556483158056e-11,1197,1f626537408db9940b288dabc0a2c782a00eb3dc12c6917c8fb92649fceff3b6,18d125b7f48f8f689eb9fdd1b614116be0747f471c3543f809a3c82634f21727,1.625500580004882
rb_g097_v7,rb_g097,train,v7,3,3,12.5,1000.0,500.0,130.1499025497959,90.09962503243526,94.35976547362317,130.03038829564446,0.899088702042211,0.10091129798306393,-2.527496434368004e-11,9.784915349864245e-11,1191,1f626537408db9940b288dabc0a2c782a00eb3dc12c6917c8fb92649fceff3b6,18d125b7f48f8f689eb9fdd1b614116be0747f471c3543f809a3c82634f21727,1.5885500659933314
rb_g098_v0,rb_g098,train,v0,0,0,1.8,333.33,333.33,44.43498052742791,33.842792190165945,35.09883338724832,44.42245542004633,0.7700696622116453,0.22993033792971396,-1.4135923912898343e-10,7.747415344969951e-11,1197,80be8030b1f4166b557dcc3a64ae394fd53b6cec4a4a6207bdb24931a6b2c98c,e9d04f6774dd9ed39842e0f3c25f0d305d2d5ff3288cda618c84546f7ade44e5,1.6165778589784168
rb_g098_v1,rb_g098,train,v1,0,0,2.500000000000001,500.0,333.33,45.82405861286054,34.019469364309195,35.275579971448124,45.80655553983314,0.8333439439677749,0.16665605614148138,-1.0925631510616537e-10,7.802024380047418e-11,1185,80be8030b1f4166b557dcc3a64ae394fd53b6cec4a4a6207bdb24931a6b2c98c,e9d04f6774dd9ed39842e0f3c25f0d305d2d5ff3288cda618c84546f7ade44e5,1.566224055015482
rb_g098_v2,rb_g098,train,v2,1,1,6.999999999999999,1000.0,333.33,75.18798483630752,52.38749770840771,54.295483935736925,75.14166196444194,0.9079512261582414,0.09204877388000925,-3.825068833102868e-11,9.01419038229517e-11,1188,80be8030b1f4166b557dcc3a64ae394fd53b6cec4a4a6207bdb24931a6b2c98c,e9d04f6774dd9ed39842e0f3c25f0d305d2d5ff3288cda618c84546f7ade44e5,1.583162569993874
rb_g098_v3,rb_g098,train,v3,1,1,7.0,1000.0,500.0,73.89102125564165,50.51281474888731,52.89738556447987,73.8474518581412,0.8988932704003932,0.10110672963845825,-3.885154103195581e-11,9.065412242876004e-11,1173,80be8030b1f4166b557dcc3a64ae394fd53b6cec4a4a6207bdb24931a6b2c98c,e9d04f6774dd9ed39842e0f3c25f0d305d2d5ff3288cda618c84546f7ade44e5,1.5603633730206639
rb_g098_v4,rb_g098,train,v4,2,2,16.5,2050.0,500.0,101.39220755783253,62.3806745655015,65.27343927384625,101.39220755783253,0.9465465839382485,0.05345341607813595,-1.638442916693996e-11,1.177807331010799e-10,1150,80be8030b1f4166b557dcc3a64ae394fd53b6cec4a4a6207bdb24931a6b2c98c,e9d04f6774dd9ed39842e0f3c25f0d305d2d5ff3288cda618c84546f7ade44e5,1.4861358480120543
rb_g098_v5,rb_g098,train,v5,2,2,16.5,2050.0,1000.0,99.8561808465875,59.89103157032484,63.63700925313723,99.79846296226475,0.9403628173963954,0.05963718261835375,-1.474909756616467e-11,1.153633626065351e-10,1124,80be8030b1f4166b557dcc3a64ae394fd53b6cec4a4a6207bdb24931a6b2c98c,e9d04f6774dd9ed39842e0f3c25f0d305d2d5ff3288cda618c84546f7ade44e5,1.4693744470132515
rb_g098_v6,rb_g098,train,v6,3,3,12.500000000000002,1000.0,500.0,131.60434099327472,90.20640968236414,94.46401588621488,131.52773680333655,0.8988837184460267,0.10111628157960931,-2.5635920053446167e-11,9.768820293163157e-11,1177,80be8030b1f4166b557dcc3a64ae394fd53b6cec4a4a6207bdb24931a6b2c98c,e9d04f6774dd9ed39842e0f3c25f0d305d2d5ff3288cda618c84546f7ade44e5,1.6123900869861245
rb_g098_v7,rb_g098,train,v7,3,3,12.5,1000.0,500.0,131.9861562161331,90.20332603686424,94.46078368856001,131.90774843036849,0.898889517989701,0.10111048203498793,-2.468890869522511e-11,9.721579717454467e-11,1182,80be8030b1f4166b557dcc3a64ae394fd53b6cec4a4a6207bdb24931a6b2c98c,e9d04f6774dd9ed39842e0f3c25f0d305d2d5ff3288cda618c84546f7ade44e5,1.5587910250178538
rb_g099_v0,rb_g099,train,v0,0,0,1.8000000000000003,333.33,333.33,44.10229315666521,33.83356310406304,35.09037182596478,43.91535638417503,0.7701893073976527,0.22981069274301164,-1.40664301194625e-10,7.734966881137576e-11,1191,d75f449a7a1e936da749bc217399e96c15e390e10703825f2ca165bfc1dee51e,1ef2e6dfd784f23f2e79d1e2b460b7ffa5b4f9391bc9cf05f767d17da48846a0,1.5954935690097045
rb_g099_v1,rb_g099,train,v1,0,0,2.5,500.0,333.33,45.11351805379542,34.00469220252638,35.26164633447953,45.090107188455136,0.8334724647775801,0.1665275353287011,-1.062811616492354e-10,7.815543555891409e-11,1189,d75f449a7a1e936da749bc217399e96c15e390e10703825f2ca165bfc1dee51e,1ef2e6dfd784f23f2e79d1e2b460b7ffa5b4f9391bc9cf05f767d17da48846a0,1.5918382499949075
rb_g099_v2,rb_g099,train,v2,1,1,7.000000000000001,1000.0,333.33,73.06024766811197,52.33843047272407,54.247795854105135,72.98666412922614,0.9080945047912401,0.09190549524610266,-3.734276380181914e-11,9.06908070258083e-11,1189,d75f449a7a1e936da749bc217399e96c15e390e10703825f2ca165bfc1dee51e,1ef2e6dfd784f23f2e79d1e2b460b7ffa5b4f9391bc9cf05f767d17da48846a0,1.6298425599816255
rb_g099_v3,rb_g099,train,v3,1,1,7.0,1000.0,500.0,71.7330607062591,50.46447114532313,52.8501664422062,71.65233066673585,0.8990579652647535,0.10094203477369115,-3.8444612572772845e-11,9.207041868161042e-11,1177,d75f449a7a1e936da749bc217399e96c15e390e10703825f2ca165bfc1dee51e,1ef2e6dfd784f23f2e79d1e2b460b7ffa5b4f9391bc9cf05f767d17da48846a0,1.5597643180226441
rb_g099_v4,rb_g099,train,v4,2,2,16.5,2050.0,500.0,97.04132271125195,62.24294920426994,65.12950202970279,96.86624992975868,0.9467388586101855,0.05326114140550213,-1.568760609631447e-11,1.1623213188175965e-10,1137,d75f449a7a1e936da749bc217399e96c15e390e10703825f2ca165bfc1dee51e,1ef2e6dfd784f23f2e79d1e2b460b7ffa5b4f9391bc9cf05f767d17da48846a0,1.4780343489837833
rb_g099_v5,rb_g099,train,v5,2,2,16.499999999999996,2050.0,1000.0,96.60795643548823,59.758982268327024,63.496515847675376,96.4227035107449,0.9405830928065434,0.059416907211622884,-1.8166310206965775e-11,1.1711782371675898e-10,1153,d75f449a7a1e936da749bc217399e96c15e390e10703825f2ca165bfc1dee51e,1ef2e6dfd784f23f2e79d1e2b460b7ffa5b4f9391bc9cf05f767d17da48846a0,1.5299244629859459
rb_g099_v6,rb_g099,train,v6,3,3,12.500000000000004,1000.0,500.0,128.05149044181087,90.11513612816717,94.37344316383391,127.43885459282995,0.8990581322623586,0.10094186776222881,-2.458747871969535e-11,9.872308671686279e-11,1184,d75f449a7a1e936da749bc217399e96c15e390e10703825f2ca165bfc1dee51e,1ef2e6dfd784f23f2e79d1e2b460b7ffa5b4f9391bc9cf05f767d17da48846a0,1.5634889700158965
rb_g099_v7,rb_g099,train,v7,3,3,12.5,1000.0,500.0,130.41418177719862,90.11741189193833,94.3771333342364,129.68911502995252,0.8990534214842992,0.10094657853974026,-2.4039490398308773e-11,9.810764997461252e-11,1154,d75f449a7a1e936da749bc217399e96c15e390e10703825f2ca165bfc1dee51e,1ef2e6dfd784f23f2e79d1e2b460b7ffa5b4f9391bc9cf05f767d17da48846a0,1.5024963619944174
rb_g100_v0,rb_g100,train,v0,0,0,1.8000000000000003,333.33,333.33,44.31877845393768,33.84753154797226,35.1036175601505,44.306304198428904,0.7700083882770584,0.22999161186804787,-1.4510633435567871e-10,7.749457323372448e-11,1199,9952b3b8052a9ff6866b74b93ae638f480a9ab9bad0e528681d1090af48c1446,aa7f4fd40d0c07676f8592a80ea8ddc6da1ac1eab347e96af47daf94074a9c81,1.60399961200892
rb_g100_v1,rb_g100,train,v1,0,0,2.5,500.0,333.33,45.390378207901904,34.02921835416431,35.28550444314632,45.34960520937386,0.8332590591092988,0.16674094099787568,-1.0717442489038831e-10,7.880639068294934e-11,1195,9952b3b8052a9ff6866b74b93ae638f480a9ab9bad0e528681d1090af48c1446,aa7f4fd40d0c07676f8592a80ea8ddc6da1ac1eab347e96af47daf94074a9c81,1.5926958929921966
rb_g100_v2,rb_g100,train,v2,1,1,7.000000000000001,1000.0,333.33,74.14133185849954,52.421643013458144,54.33227228709841,73.84759150893831,0.9078513709178206,0.09214862911954032,-3.7360939738765144e-11,9.041347519175641e-11,1188,9952b3b8052a9ff6866b74b93ae638f480a9ab9bad0e528681d1090af48c1446,aa7f4fd40d0c07676f8592a80ea8ddc6da1ac1eab347e96af47daf94074a9c81,1.585321771010058
rb_g100_v3,rb_g100,train,v3,1,1,7.000000000000001,1000.0,500.0,73.07415890345965,50.54289933324269,52.92946096359601,72.85813680572312,0.8987903221685475,0.10120967786901426,-3.7561715642604143e-11,9.137496766219929e-11,1181,9952b3b8052a9ff6866b74b93ae638f480a9ab9bad0e528681d1090af48c1446,aa7f4fd40d0c07676f8592a80ea8ddc6da1ac1eab347e96af47daf94074a9c81,1.5715219560079277
rb_g100_v4,rb_g100,train,v4,2,2,16.5,2050.0,500.0,99.13607812947043,62.44198737188447,65.34315480147795,98.56388945178622,0.946461080158107,0.053538919859220414,-1.7327398775061436e-11,1.176056955612581e-10,1173,9952b3b8052a9ff6866b74b93ae638f480a9ab9bad0e528681d1090af48c1446,aa7f4fd40d0c07676f8592a80ea8ddc6da1ac1eab347e96af47daf94074a9c81,1.5191728529753163
rb_g100_v5,rb_g100,train,v5,2,2,16.5,2050.0,1000.0,97.12314223795028,59.94030307999595,63.6959820051719,96.57423971106061,0.9402817205058767,0.05971827951019343,-1.607006783536125e-11,1.1600814745246849e-10,1181,9952b3b8052a9ff6866b74b93ae638f480a9ab9bad0e528681d1090af48c1446,aa7f4fd40d0c07676f8592a80ea8ddc6da1ac1eab347e96af47daf94074a9c81,1.5721638539980631
rb_g100_v6,rb_g100,train,v6,3,3,12.499999999999998,1000.0,500.0,130.34919970945884,90.24636672858259,94.507827270514,129.81631294666704,0.898807611914553,0.1011923881100856,-2.463865556023848e-11,9.824882538754094e-11,1199,9952b3b8052a9ff6866b74b93ae638f480a9ab9bad0e528681d1090af48c1446,aa7f4fd40d0c07676f8592a80ea8ddc6da1ac1eab347e96af47daf94074a9c81,1.5739082310174126
rb_g100_v7,rb_g100,train,v7,3,3,12.5,1000.0,500.0,136.7262255880123,90.24824308939343,94.51192610610155,135.1810477573141,0.8988035001799,0.10119649984465764,-2.4557618161225035e-11,9.708241136419488e-11,1184,9952b3b8052a9ff6866b74b93ae638f480a9ab9bad0e528681d1090af48c1446,aa7f4fd40d0c07676f8592a80ea8ddc6da1ac1eab347e96af47daf94074a9c81,1.545734765008092
rb_g101_v0,rb_g101,train,v0,0,0,1.7999999999999998,333.33,333.33,44.42998424465594,33.8371211033668,35.09404303014915,44.3757087730782,0.7701431750931247,0.22985682505544933,-1.4857402345451004e-10,7.623821890657732e-11,1177,b029f9a54c83a8095a587f53c649b97f9d323dc21820d545d58676445da4c01c,0ec6800d2894a08364aa472180f19faf39c85c7868e7273c828ee9f105c17984,1.539295671012951
rb_g101_v1,rb_g101,train,v1,0,0,2.5,500.0,333.33,46.03123572401637,34.00975963113426,35.267320630067466,45.95218888214862,0.8334278625539124,0.1665721375540131,-1.0792549076654723e-10,7.785196677522683e-11,1181,b029f9a54c83a8095a587f53c649b97f9d323dc21820d545d58676445da4c01c,0ec6800d2894a08364aa472180f19faf39c85c7868e7273c828ee9f105c17984,1.6406488390057348
rb_g101_v2,rb_g101,train,v2,1,1,6.999999999999999,1000.0,333.33,75.77623727115531,52.35316573783606,54.26765091695611,75.60199500466774,0.9080513107839208,0.09194868925387924,-3.7799985364017636e-11,9.08472751744991e-11,1179,b029f9a54c83a8095a587f53c649b97f9d323dc21820d545d58676445da4c01c,0ec6800d2894a08364aa472180f19faf39c85c7868e7273c828ee9f105c17984,1.568956311995862
rb_g101_v3,rb_g101,train,v3,1,1,6.999999999999999,1000.0,500.0,74.42247511630899,50.474751120916906,52.86589896728513,74.28990757863278,0.8990231308255378,0.10097686921148843,-3.7026191636511745e-11,9.192803859210899e-11,1179,b029f9a54c83a8095a587f53c649b97f9d323dc21820d545d58676445da4c01c,0ec6800d2894a08364aa472180f19faf39c85c7868e7273c828ee9f105c17984,1.6071561510034371
rb_g101_v4,rb_g101,train,v4,2,2,16.5,2050.0,500.0,101.83707653654199,62.26691054439762,65.17851251747469,101.54891199144447,0.9467055110162398,0.053294489000463637,-1.6703446706597706e-11,1.173913437085645e-10,1169,b029f9a54c83a8095a587f53c649b97f9d323dc21820d545d58676445da4c01c,0ec6800d2894a08364aa472180f19faf39c85c7868e7273c828ee9f105c17984,1.5361621170013677
rb_g101_v5,rb_g101,train,v5,2,2,16.5,2050.0,1000.0,100.33693598398168,59.782683627843184,63.542189386600796,100.00645753457104,0.9405433971197938,0.05945660289714457,-1.6938390084481565e-11,1.1614828875094067e-10,1170,b029f9a54c83a8095a587f53c649b97f9d323dc21820d545d58676445da4c01c,0ec6800d2894a08364aa472180f19faf39c85c7868e7273c828ee9f105c17984,1.501061645016307
rb_g101_v6,rb_g101,train,v6,3,3,12.5,1000.0,500.0,132.05678299738895,90.14091944940317,94.40736849778976,131.7548017628269,0.8990087631687733,0.1009912368556054,-2.4378703500360643e-11,9.805472270730036e-11,1184,b029f9a54c83a8095a587f53c649b97f9d323dc21820d545d58676445da4c01c,0ec6800d2894a08364aa472180f19faf39c85c7868e7273c828ee9f105c17984,1.5772609430132434
rb_g101_v7,rb_g101,train,v7,3,3,12.5,1000.0,500.0,132.16148563091127,90.1424069340381,94.40899028873243,131.84262428076892,0.8990059739696047,0.10099402605497237,-2.4577015977911286e-11,9.68768920396043e-11,1189,b029f9a54c83a8095a587f53c649b97f9d323dc21820d545d58676445da4c01c,0ec6800d2894a08364aa472180f19faf39c85c7868e7273c828ee9f105c17984,1.60957332898397
rb_g102_v0,rb_g102,train,v0,0,0,1.7999999999999998,333.33,333.33,44.80572199924433,33.847486514984176,35.10362541239549,44.65210312528632,0.770009544815247,0.22999045532953186,-1.4477881856341432e-10,7.665792520655247e-11,1201,c33eba24672e2ecd5879df19e488a5b3d747b9d3cbdfc9f9abdc842e4fee4c04,dd7d12ac33bfc0cbc7309316d405937bcf2133b79f8833bbc4aa13fffc1f2619,1.585232971003279
rb_g102_v1,rb_g102,train,v1,0,0,2.5,500.0,333.33,45.837149558867566,34.02649535299598,35.2829242737859,45.8195004577521,0.8332822189142407,0.16671778119296823,-1.0720890841753317e-10,7.811054622384361e-11,1183,c33eba24672e2ecd5879df19e488a5b3d747b9d3cbdfc9f9abdc842e4fee4c04,dd7d12ac33bfc0cbc7309316d405937bcf2133b79f8833bbc4aa13fffc1f2619,1.5877679430122953
rb_g102_v2,rb_g102,train,v2,1,1,7.0,1000.0,333.33,75.43658051198469,52.41274751364522,54.32265858254456,75.35528890499819,0.9078772492657923,0.09212275077083751,-3.6629810296062715e-11,9.161278807910826e-11,1180,c33eba24672e2ecd5879df19e488a5b3d747b9d3cbdfc9f9abdc842e4fee4c04,dd7d12ac33bfc0cbc7309316d405937bcf2133b79f8833bbc4aa13fffc1f2619,1.6799169370206073
rb_g102_v3,rb_g102,train,v3,1,1,7.0,1000.0,500.0,74.32322562117201,50.53732992575021,52.9229597297502,74.23633112798507,0.8988100362498309,0.10118996378858976,-3.8420679336427706e-11,9.240488418053102e-11,1185,c33eba24672e2ecd5879df19e488a5b3d747b9d3cbdfc9f9abdc842e4fee4c04,dd7d12ac33bfc0cbc7309316d405937bcf2133b79f8833bbc4aa13fffc1f2619,1.5834491940040607
rb_g102_v4,rb_g102,train,v4,2,2,16.499999999999996,2050.0,500.0,101.8515599726972,62.42576868681727,65.32509068485285,101.69739700599678,0.9464837658793052,0.05351623413792368,-1.7228898442591816e-11,1.1670357156628983e-10,1162,c33eba24672e2ecd5879df19e488a5b3d747b9d3cbdfc9f9abdc842e4fee4c04,dd7d12ac33bfc0cbc7309316d405937bcf2133b79f8833bbc4aa13fffc1f2619,1.5733764239994343
rb_g102_v5,rb_g102,train,v5,2,2,16.5,2050.0,1000.0,100.74273080103842,59.926894137319,63.68235857265424,100.33627059522917,0.9403026483172573,0.05969735169890098,-1.6158259915262836e-11,1.1586020858148973e-10,1172,c33eba24672e2ecd5879df19e488a5b3d747b9d3cbdfc9f9abdc842e4fee4c04,dd7d12ac33bfc0cbc7309316d405937bcf2133b79f8833bbc4aa13fffc1f2619,1.6034506240102928
rb_g102_v6,rb_g102,train,v6,3,3,12.499999999999998,1000.0,500.0,132.15178879993,90.24114223051374,94.50273944993586,131.81696840757024,0.8988169697838829,0.10118303024012755,-2.401044696398458e-11,9.910613221290444e-11,1196,c33eba24672e2ecd5879df19e488a5b3d747b9d3cbdfc9f9abdc842e4fee4c04,dd7d12ac33bfc0cbc7309316d405937bcf2133b79f8833bbc4aa13fffc1f2619,1.5914878789917566
rb_g102_v7,rb_g102,train,v7,3,3,12.5,1000.0,500.0,132.45480336311215,90.24113809239259,94.50302933518007,132.09112470142156,0.8988174040812568,0.10118259594259504,-2.3851836061794528e-11,9.901444168990288e-11,1205,c33eba24672e2ecd5879df19e488a5b3d747b9d3cbdfc9f9abdc842e4fee4c04,dd7d12ac33bfc0cbc7309316d405937bcf2133b79f8833bbc4aa13fffc1f2619,1.5832763639918994
rb_g103_v0,rb_g103,test,v0,0,0,1.7999999999999998,333.33,333.33,44.202589139836675,33.83398233687133,35.09163492646222,44.158148078822194,0.7701837051239643,0.22981629502227735,-1.4624166075647182e-10,7.49952989273045e-11,1142,3a2d5b249436cb45f511d240b66504d6aa81d4e02b3bf69d97149eeb42790213,2b216260bfbc48802b55303b42043ca067f1d9a9962881a4a77fec0e42f29395,1.5200347770005465
rb_g103_v1,rb_g103,test,v1,0,0,2.4999999999999996,500.0,333.33,45.45850917045601,34.00428007446145,35.262883355028116,45.391490896474465,0.8334755799688881,0.16652442013769073,-1.065788568510584e-10,7.811609265878271e-11,1185,3a2d5b249436cb45f511d240b66504d6aa81d4e02b3bf69d97149eeb42790213,2b216260bfbc48802b55303b42043ca067f1d9a9962881a4a77fec0e42f29395,1.5782401920005213
rb_g103_v2,rb_g103,test,v2,1,1,6.999999999999999,1000.0,333.33,74.09150659065199,52.33890326111868,54.25608724085508,73.8944974103211,0.908093098542163,0.09190690149621412,-3.8377158593862406e-11,8.991234515336724e-11,1174,3a2d5b249436cb45f511d240b66504d6aa81d4e02b3bf69d97149eeb42790213,2b216260bfbc48802b55303b42043ca067f1d9a9962881a4a77fec0e42f29395,1.5571633270010352
rb_g103_v3,rb_g103,test,v3,1,1,7.0,1000.0,500.0,73.3262489595586,50.46487901245982,52.857989621557614,73.30246710188356,0.8990567424806761,0.10094325755735623,-3.8032386763729524e-11,9.242666283356257e-11,1187,3a2d5b249436cb45f511d240b66504d6aa81d4e02b3bf69d97149eeb42790213,2b216260bfbc48802b55303b42043ca067f1d9a9962881a4a77fec0e42f29395,1.5855731419869699
rb_g103_v4,rb_g103,test,v4,2,2,16.5,2050.0,500.0,100.42561146488924,62.25202791940325,65.17263348274794,100.39058185120535,0.9467260719023683,0.05327392811416684,-1.6535190725059664e-11,1.1649418971243374e-10,1119,3a2d5b249436cb45f511d240b66504d6aa81d4e02b3bf69d97149eeb42790213,2b216260bfbc48802b55303b42043ca067f1d9a9962881a4a77fec0e42f29395,1.4668343150115106
rb_g103_v5,rb_g103,test,v5,2,2,16.5,2050.0,1000.0,98.8035885138325,59.768884001928555,63.54124535497724,98.8035885138325,0.9405662602321723,0.05943373978500281,-1.717502907571212e-11,1.1633970737841657e-10,1142,3a2d5b249436cb45f511d240b66504d6aa81d4e02b3bf69d97149eeb42790213,2b216260bfbc48802b55303b42043ca067f1d9a9962881a4a77fec0e42f29395,1.5009208899864461
rb_g103_v6,rb_g103,test,v6,3,3,12.499999999999998,1000.0,500.0,129.86304699570434,90.12553484890951,94.39881477998928,129.5554203053586,0.8990386017881972,0.10096139823603978,-2.4236896933871324e-11,9.644915610787538e-11,1138,3a2d5b249436cb45f511d240b66504d6aa81d4e02b3bf69d97149eeb42790213,2b216260bfbc48802b55303b42043ca067f1d9a9962881a4a77fec0e42f29395,1.5195946099993307
rb_g103_v7,rb_g103,test,v7,3,3,12.499999999999998,1000.0,500.0,130.24321870731546,90.12270915642291,94.39646502718341,129.9309646694606,0.899043754729051,0.1009562452955086,-2.4559607680885168e-11,9.672267851422512e-11,1132,3a2d5b249436cb45f511d240b66504d6aa81d4e02b3bf69d97149eeb42790213,2b216260bfbc48802b55303b42043ca067f1d9a9962881a4a77fec0e42f29395,1.4777009100071155
rb_g104_v0,rb_g104,test,v0,0,0,1.7999999999999996,333.33,333.33,45.22232723401561,33.85867484933046,35.11403111186638,45.19569841163201,0.7698642740829186,0.2301357260626634,-1.4558200324267373e-10,7.732307642297255e-11,1207,caf60c1db46b5dffe4e6e83873708c81761c790afc41ccdd4ead97e39c235e76,d2d0ae490bf62c5aebdd28a141e60f0f9d2733875535b4b16fbcdc60fd8bb949,1.585671723994892
rb_g104_v1,rb_g104,test,v1,0,0,2.4999999999999996,500.0,333.33,46.37791440212152,34.046410004817666,35.301606282222785,46.36526061169093,0.8331092959242223,0.1668907041827982,-1.0702050357025429e-10,7.98756593406085e-11,1206,caf60c1db46b5dffe4e6e83873708c81761c790afc41ccdd4ead97e39c235e76,d2d0ae490bf62c5aebdd28a141e60f0f9d2733875535b4b16fbcdc60fd8bb949,1.5959712960175239
rb_g104_v2,rb_g104,test,v2,1,1,7.0,1000.0,333.33,76.94504400964439,52.479636242433735,54.38848067210694,76.91449286069906,0.9076822459464428,0.09231775409159644,-3.803914326385081e-11,9.18864257468367e-11,1205,caf60c1db46b5dffe4e6e83873708c81761c790afc41ccdd4ead97e39c235e76,d2d0ae490bf62c5aebdd28a141e60f0f9d2733875535b4b16fbcdc60fd8bb949,1.6262606350064743
rb_g104_v3,rb_g104,test,v3,1,1,7.000000000000002,1000.0,500.0,76.91087607581545,50.59659215242825,52.983759831907946,76.91087607581545,0.8986079297184009,0.10139207031893431,-3.733516670426491e-11,9.293385830863617e-11,1194,caf60c1db46b5dffe4e6e83873708c81761c790afc41ccdd4ead97e39c235e76,d2d0ae490bf62c5aebdd28a141e60f0f9d2733875535b4b16fbcdc60fd8bb949,1.629777591995662
rb_g104_v4,rb_g104,test,v4,2,2,16.5,2050.0,500.0,115.70780527388251,62.60132068781408,65.53917900014008,114.97503060338681,0.9462380310958448,0.05376196892100019,-1.6845016963798393e-11,1.1766228011321777e-10,1150,caf60c1db46b5dffe4e6e83873708c81761c790afc41ccdd4ead97e39c235e76,d2d0ae490bf62c5aebdd28a141e60f0f9d2733875535b4b16fbcdc60fd8bb949,1.5174400639953092
rb_g104_v5,rb_g104,test,v5,2,2,16.5,2050.0,1000.0,115.4011515452184,60.082612842763766,63.88145931464994,115.20343692031935,0.9400433277434249,0.05995667227327665,-1.6701555963143647e-11,1.133424344157579e-10,1174,caf60c1db46b5dffe4e6e83873708c81761c790afc41ccdd4ead97e39c235e76,d2d0ae490bf62c5aebdd28a141e60f0f9d2733875535b4b16fbcdc60fd8bb949,1.5560640250041615
rb_g104_v6,rb_g104,test,v6,3,3,12.5,1000.0,500.0,139.99316966408134,90.34993783097498,94.6180683141902,139.770286760089,0.8986097366965393,0.10139026332777344,-2.4312747370913713e-11,9.844580491137986e-11,1196,caf60c1db46b5dffe4e6e83873708c81761c790afc41ccdd4ead97e39c235e76,d2d0ae490bf62c5aebdd28a141e60f0f9d2733875535b4b16fbcdc60fd8bb949,1.6112234969914425
rb_g104_v7,rb_g104,test,v7,3,3,12.5,1000.0,500.0,139.29542153649618,90.34550747144858,94.61223896893121,139.0922305303672,0.8986179819254264,0.10138201809836246,-2.3788828684701002e-11,9.849693058828428e-11,1205,caf60c1db46b5dffe4e6e83873708c81761c790afc41ccdd4ead97e39c235e76,d2d0ae490bf62c5aebdd28a141e60f0f9d2733875535b4b16fbcdc60fd8bb949,1.5675857339811046
rb_g105_v0,rb_g105,train,v0,0,0,1.8000000000000003,333.33,333.33,44.68128680864231,33.82815708261175,35.0862893055883,44.68128680864231,0.7702610584583837,0.22973894168698478,-1.4536847034760409e-10,7.59334693801954e-11,1187,1a403e41b200ef276e27ffda620298997caa3d6bd783bc1a1673b85dea159c8e,eb8a753861484049f1990d634eb14656c3f95cf2d235a65b0cb3e9131622a03e,1.539297801995417
rb_g105_v1,rb_g105,train,v1,0,0,2.499999999999999,500.0,333.33,45.84766351106657,33.99256516199867,35.25172160048061,45.84766351106657,0.8335781970107194,0.1664218030972591,-1.0797855942712435e-10,7.776910215134402e-11,1180,1a403e41b200ef276e27ffda620298997caa3d6bd783bc1a1673b85dea159c8e,eb8a753861484049f1990d634eb14656c3f95cf2d235a65b0cb3e9131622a03e,1.5709779179887846
rb_g105_v2,rb_g105,train,v2,1,1,7.0,1000.0,333.33,74.89822638272238,52.30037765345943,54.2182219461272,74.89822638272238,0.9082055296047422,0.09179447043360285,-3.834508900877966e-11,8.866505021555124e-11,1143,1a403e41b200ef276e27ffda620298997caa3d6bd783bc1a1673b85dea159c8e,eb8a753861484049f1990d634eb14656c3f95cf2d235a65b0cb3e9131622a03e,1.5201219629961997
rb_g105_v3,rb_g105,train,v3,1,1,7.0,1000.0,500.0,74.11169359173527,50.43338895958214,52.8279883405177,74.04119338849796,0.8991641173264349,0.10083588271034327,-3.6778167812810485e-11,8.90393141182499e-11,1132,1a403e41b200ef276e27ffda620298997caa3d6bd783bc1a1673b85dea159c8e,eb8a753861484049f1990d634eb14656c3f95cf2d235a65b0cb3e9131622a03e,1.521319282008335
rb_g105_v4,rb_g105,train,v4,2,2,16.499999999999996,2050.0,500.0,103.24086813651775,62.17207302308875,65.09797494651177,103.10257581254797,0.9468378709934292,0.053162129023681004,-1.7110232422820367e-11,1.1672629438395735e-10,1161,1a403e41b200ef276e27ffda620298997caa3d6bd783bc1a1673b85dea159c8e,eb8a753861484049f1990d634eb14656c3f95cf2d235a65b0cb3e9131622a03e,1.528904986975249
rb_g105_v5,rb_g105,train,v5,2,2,16.5,2050.0,1000.0,101.66194056330477,59.689173574250404,63.46770725728529,101.54849841416319,0.9406991511495657,0.059300848868134616,-1.7700332781969614e-11,1.163261503342596e-10,1151,1a403e41b200ef276e27ffda620298997caa3d6bd783bc1a1673b85dea159c8e,eb8a753861484049f1990d634eb14656c3f95cf2d235a65b0cb3e9131622a03e,1.512008199992124
rb_g105_v6,rb_g105,train,v6,3,3,12.5,1000.0,500.0,131.63725786713064,90.05517347594208,94.33078524175991,131.53932400760124,0.8991723496557539,0.10082765036804205,-2.3795934112058603e-11,9.720544287698699e-11,1203,1a403e41b200ef276e27ffda620298997caa3d6bd783bc1a1673b85dea159c8e,eb8a753861484049f1990d634eb14656c3f95cf2d235a65b0cb3e9131622a03e,1.5883837399887852
rb_g105_v7,rb_g105,train,v7,3,3,12.499999999999998,1000.0,500.0,134.54646461529444,90.05601677610424,94.33299191220688,134.3293335889541,0.8991704785548977,0.10082952146907358,-2.3971260532107413e-11,9.683543613365535e-11,1199,1a403e41b200ef276e27ffda620298997caa3d6bd783bc1a1673b85dea159c8e,eb8a753861484049f1990d634eb14656c3f95cf2d235a65b0cb3e9131622a03e,1.5959824979945552
rb_g106_v0,rb_g106,train,v0,0,0,1.7999999999999998,333.33,333.33,45.17551138027085,33.84751008688006,35.10400657863336,45.139105489023734,0.7700088669221014,0.2299911332263568,-1.484581901856075e-10,7.603998480035343e-11,1183,f2ba450865e94c6cc4ea3fd094ede0ad84888beee801c871132c39d7540d7429,34d58f98a4567d01a68627f70eac70115f15c18fd16eee69c089d70305577723,1.567147804016713
rb_g106_v1,rb_g106,train,v1,0,0,2.5,500.0,333.33,46.5970124735328,34.027507928022004,35.28461477560495,46.546477023511784,0.8332733892406214,0.1667266108684937,-1.0911509473743309e-10,7.848114123492016e-11,1185,f2ba450865e94c6cc4ea3fd094ede0ad84888beee801c871132c39d7540d7429,34d58f98a4567d01a68627f70eac70115f15c18fd16eee69c089d70305577723,1.5257023070007563
rb_g106_v2,rb_g106,train,v2,1,1,7.0,1000.0,333.33,76.86016328274036,52.41447342392616,54.32807073908908,76.69545170592295,0.9078717685927008,0.0921282314458414,-3.854221703696632e-11,8.895863276339544e-11,1174,f2ba450865e94c6cc4ea3fd094ede0ad84888beee801c871132c39d7540d7429,34d58f98a4567d01a68627f70eac70115f15c18fd16eee69c089d70305577723,1.5661423040146474
rb_g106_v3,rb_g106,train,v3,1,1,7.0,1000.0,500.0,74.83925138802141,50.52616312773284,52.91508339921387,74.6908852014019,0.8988474925605046,0.10115250747787392,-3.837850672182088e-11,9.231642591635319e-11,1174,f2ba450865e94c6cc4ea3fd094ede0ad84888beee801c871132c39d7540d7429,34d58f98a4567d01a68627f70eac70115f15c18fd16eee69c089d70305577723,1.5284238629974425
rb_g106_v4,rb_g106,train,v4,2,2,16.5,2050.0,500.0,102.94853905971655,62.389275992933236,65.29906766659192,102.6367973158799,0.9465349745685818,0.053465025446757616,-1.5339446884416414e-11,1.1829301983806187e-10,1142,f2ba450865e94c6cc4ea3fd094ede0ad84888beee801c871132c39d7540d7429,34d58f98a4567d01a68627f70eac70115f15c18fd16eee69c089d70305577723,1.489677281002514
rb_g106_v5,rb_g106,train,v5,2,2,16.5,2050.0,1000.0,103.40621771960821,59.888371415366656,63.65265224004159,103.10228383757436,0.9403674774098709,0.05963252260760064,-1.747158646715048e-11,1.1694284577750673e-10,1168,f2ba450865e94c6cc4ea3fd094ede0ad84888beee801c871132c39d7540d7429,34d58f98a4567d01a68627f70eac70115f15c18fd16eee69c089d70305577723,1.520010921987705
rb_g106_v6,rb_g106,train,v6,3,3,12.499999999999998,1000.0,500.0,135.30822994653573,90.22648265447062,94.49369203288423,135.06182178408238,0.8988453277005783,0.10115467232349881,-2.4077113636167274e-11,9.796757064586586e-11,1204,f2ba450865e94c6cc4ea3fd094ede0ad84888beee801c871132c39d7540d7429,34d58f98a4567d01a68627f70eac70115f15c18fd16eee69c089d70305577723,1.6204075069981627
rb_g106_v7,rb_g106,train,v7,3,3,12.5,1000.0,500.0,136.01687790148253,90.23161674580544,94.4997906132991,135.76636704937187,0.8988354452709847,0.10116455475365232,-2.4636968021241044e-11,9.652012931892748e-11,1183,f2ba450865e94c6cc4ea3fd094ede0ad84888beee801c871132c39d7540d7429,34d58f98a4567d01a68627f70eac70115f15c18fd16eee69c089d70305577723,1.566103025979828
rb_g107_v0,rb_g107,valid,v0,0,0,1.7999999999999998,333.33,333.33,44.23045907479383,33.836619501193006,35.09387166358948,44.22981154491373,0.7701497441890822,0.22985025595747696,-1.4655921538104308e-10,7.774693989322385e-11,1210,452afd851e7d6adcabdd93f1c34597a72f13a70bcb0e93e3898265a9f862f080,40938af182e8fa7bf1926411a3b5c639ac1297b2bae0dfa488aad74b83b45326,1.5843152400047984
rb_g107_v1,rb_g107,valid,v1,0,0,2.5000000000000004,500.0,333.33,45.592701127013186,34.00997815309529,35.26792782587146,45.51817575614598,0.8334260121918041,0.1665739879160265,-1.0783058890240225e-10,7.969374522336814e-11,1210,452afd851e7d6adcabdd93f1c34597a72f13a70bcb0e93e3898265a9f862f080,40938af182e8fa7bf1926411a3b5c639ac1297b2bae0dfa488aad74b83b45326,1.6955172820016742
rb_g107_v2,rb_g107,valid,v2,1,1,7.000000000000001,1000.0,333.33,75.28926645331256,52.36086524576075,54.276153158009805,75.28926645331256,0.90802874356112,0.0919712564756434,-3.6763354265596193e-11,9.071896480281846e-11,1185,452afd851e7d6adcabdd93f1c34597a72f13a70bcb0e93e3898265a9f862f080,40938af182e8fa7bf1926411a3b5c639ac1297b2bae0dfa488aad74b83b45326,1.528057917021215
rb_g107_v3,rb_g107,valid,v3,1,1,6.999999999999999,1000.0,500.0,75.12358457081262,50.48617281967158,52.877457230260475,75.12358457081262,0.8989842222296907,0.10101577780776877,-3.74594799623651e-11,9.302580980859969e-11,1189,452afd851e7d6adcabdd93f1c34597a72f13a70bcb0e93e3898265a9f862f080,40938af182e8fa7bf1926411a3b5c639ac1297b2bae0dfa488aad74b83b45326,1.581124464981258
rb_g107_v4,rb_g107,valid,v4,2,2,16.499999999999996,2050.0,500.0,104.8284970219695,62.29796497611521,65.21458055516689,104.8284970219695,0.9466625519070877,0.05333744811031859,-1.7406312081926916e-11,1.1668297647040132e-10,1167,452afd851e7d6adcabdd93f1c34597a72f13a70bcb0e93e3898265a9f862f080,40938af182e8fa7bf1926411a3b5c639ac1297b2bae0dfa488aad74b83b45326,1.574096809985349
rb_g107_v5,rb_g107,valid,v5,2,2,16.499999999999996,2050.0,1000.0,102.6518914280789,59.796772418105675,63.5653578475369,102.6518914280789,0.9405201037101116,0.05947989630691825,-1.7029933019330204e-11,1.1539686598962243e-10,1174,452afd851e7d6adcabdd93f1c34597a72f13a70bcb0e93e3898265a9f862f080,40938af182e8fa7bf1926411a3b5c639ac1297b2bae0dfa488aad74b83b45326,1.718911966017913
rb_g107_v6,rb_g107,valid,v6,3,3,12.499999999999998,1000.0,500.0,132.1264513926975,90.14657512052445,94.41645200360767,132.1264513926975,0.898997783473636,0.10100221655136422,-2.5000286285603582e-11,9.881506081920267e-11,1193,452afd851e7d6adcabdd93f1c34597a72f13a70bcb0e93e3898265a9f862f080,40938af182e8fa7bf1926411a3b5c639ac1297b2bae0dfa488aad74b83b45326,1.6037703969923314
rb_g107_v7,rb_g107,valid,v7,3,3,12.499999999999998,1000.0,500.0,132.08834604753446,90.14698869367189,94.41771421010604,132.08834604753446,0.8989969496899972,0.10100305033429957,-2.4296813450064294e-11,9.835286190052485e-11,1164,452afd851e7d6adcabdd93f1c34597a72f13a70bcb0e93e3898265a9f862f080,40938af182e8fa7bf1926411a3b5c639ac1297b2bae0dfa488aad74b83b45326,1.6641722859931178
rb_g108_v0,rb_g108,valid,v0,0,0,1.7999999999999996,333.33,333.33,44.38468213044479,33.848050572719835,35.10407537227679,44.36421856891798,0.7700016889627015,0.22999831117944283,-1.4214438268409268e-10,7.657234626495823e-11,1189,2c1d76ec70e9fd8aac9c79651070be1663da652560d36819beb1f0ee82d46033,0c0a506a7737f0fd351c41265d29ddfd31c0203b51664101227e28e4671c956f,1.639105362992268
rb_g108_v1,rb_g108,valid,v1,0,0,2.5,500.0,333.33,45.805252267376034,34.026807855837355,35.2831643405207,45.74512977385348,0.8332792858873921,0.16672071421908125,-1.0647334125479801e-10,7.880409791641671e-11,1182,2c1d76ec70e9fd8aac9c79651070be1663da652560d36819beb1f0ee82d46033,0c0a506a7737f0fd351c41265d29ddfd31c0203b51664101227e28e4671c956f,1.6246894460055046
rb_g108_v2,rb_g108,valid,v2,1,1,6.999999999999999,1000.0,333.33,75.19146686533503,52.410144031622885,54.32056476269288,75.16137085421701,0.9078847743050191,0.09211522573201415,-3.7033233622553654e-11,9.041797785881032e-11,1186,2c1d76ec70e9fd8aac9c79651070be1663da652560d36819beb1f0ee82d46033,0c0a506a7737f0fd351c41265d29ddfd31c0203b51664101227e28e4671c956f,1.581985126977088
rb_g108_v3,rb_g108,valid,v3,1,1,7.0,1000.0,500.0,74.033218087254,50.53559504563262,52.922399865306495,73.99891315172385,0.8988162387972046,0.10118376124179732,-3.900199211212144e-11,9.106506634827528e-11,1181,2c1d76ec70e9fd8aac9c79651070be1663da652560d36819beb1f0ee82d46033,0c0a506a7737f0fd351c41265d29ddfd31c0203b51664101227e28e4671c956f,1.5184133549919352
rb_g108_v4,rb_g108,valid,v4,2,2,16.5,2050.0,500.0,100.31837512957406,62.418302891489375,65.323216902422,100.22829659997456,0.9464940743272248,0.053505925689844386,-1.7069207999904364e-11,1.1736009424326357e-10,1169,2c1d76ec70e9fd8aac9c79651070be1663da652560d36819beb1f0ee82d46033,0c0a506a7737f0fd351c41265d29ddfd31c0203b51664101227e28e4671c956f,1.5563621959881857
rb_g108_v5,rb_g108,valid,v5,2,2,16.5,2050.0,1000.0,105.55587059169778,59.929524077908034,63.68984521081863,103.96649587190348,0.9402979831550363,0.059702016861974946,-1.7011301458389674e-11,1.1499698517415606e-10,1160,2c1d76ec70e9fd8aac9c79651070be1663da652560d36819beb1f0ee82d46033,0c0a506a7737f0fd351c41265d29ddfd31c0203b51664101227e28e4671c956f,1.5056639570102561
rb_g108_v6,rb_g108,valid,v6,3,3,12.5,1000.0,500.0,132.43380992953672,90.24059856245505,94.50270972788982,131.75628229098925,0.898818028358557,0.1011819716662759,-2.483284688992171e-11,9.715766411832479e-11,1184,2c1d76ec70e9fd8aac9c79651070be1663da652560d36819beb1f0ee82d46033,0c0a506a7737f0fd351c41265d29ddfd31c0203b51664101227e28e4671c956f,1.5638101829972584
rb_g108_v7,rb_g108,valid,v7,3,3,12.499999999999996,1000.0,500.0,130.3494539883294,90.25821026943058,94.52001806452132,130.22340787224357,0.8987864666954894,0.10121353332863497,-2.412436472809532e-11,9.459737197131057e-11,1143,2c1d76ec70e9fd8aac9c79651070be1663da652560d36819beb1f0ee82d46033,0c0a506a7737f0fd351c41265d29ddfd31c0203b51664101227e28e4671c956f,1.4688896620064043
rb_g109_v0,rb_g109,train,v0,0,0,1.8000000000000003,333.33,333.33,44.65209749767297,33.841009723847776,35.09775397982814,44.573447418029446,0.7700924346378525,0.22990756550506525,-1.4291774553932946e-10,7.722912691708705e-11,1193,4538af7a51e0e2a16dd5a1f23c3c95dbf440b1529275e2a2e829bb78beb20702,dbf6c3bd8b4b8c071a1491962557844c8b08fcc282fb1909b3f018a7bcbf5347,1.5696197640208993
rb_g109_v1,rb_g109,train,v1,0,0,2.5,500.0,333.33,45.89208835945328,34.01617834782376,35.273271824879174,45.78861580237964,0.8333716137034937,0.166628386404489,-1.0798268945677591e-10,7.924271750458153e-11,1188,4538af7a51e0e2a16dd5a1f23c3c95dbf440b1529275e2a2e829bb78beb20702,dbf6c3bd8b4b8c071a1491962557844c8b08fcc282fb1909b3f018a7bcbf5347,1.5695570890093222
rb_g109_v2,rb_g109,train,v2,1,1,7.0,1000.0,333.33,75.30643543252171,52.38569717356805,54.29744072080581,74.93544140801305,0.9079572116275277,0.09204278841021081,-3.773855831009801e-11,9.004266354584282e-11,1178,4538af7a51e0e2a16dd5a1f23c3c95dbf440b1529275e2a2e829bb78beb20702,dbf6c3bd8b4b8c071a1491962557844c8b08fcc282fb1909b3f018a7bcbf5347,1.5742020810139365
rb_g109_v3,rb_g109,train,v3,1,1,6.999999999999999,1000.0,500.0,74.09669359901108,50.51387061572211,52.90262945738721,73.03613029374003,0.8988911165918508,0.10110888344628612,-3.813695391232029e-11,9.179603114821687e-11,1182,4538af7a51e0e2a16dd5a1f23c3c95dbf440b1529275e2a2e829bb78beb20702,dbf6c3bd8b4b8c071a1491962557844c8b08fcc282fb1909b3f018a7bcbf5347,1.6137151659931988
rb_g109_v4,rb_g109,train,v4,2,2,16.5,2050.0,500.0,105.5634677522122,62.362694334381366,65.27580784506715,103.09489586850526,0.9465720468521626,0.053427953164852965,-1.70154799341369e-11,1.1716359632340523e-10,1164,4538af7a51e0e2a16dd5a1f23c3c95dbf440b1529275e2a2e829bb78beb20702,dbf6c3bd8b4b8c071a1491962557844c8b08fcc282fb1909b3f018a7bcbf5347,1.5428498290129937
rb_g109_v5,rb_g109,train,v5,2,2,16.500000000000004,2050.0,1000.0,100.20033338667912,59.86215818194498,63.628976997794084,99.5942829254684,0.9404106502095487,0.05958934980658833,-1.6137004190809556e-11,1.1674538302486814e-10,1121,4538af7a51e0e2a16dd5a1f23c3c95dbf440b1529275e2a2e829bb78beb20702,dbf6c3bd8b4b8c071a1491962557844c8b08fcc282fb1909b3f018a7bcbf5347,1.4770973649865482
rb_g109_v6,rb_g109,train,v6,3,3,12.500000000000002,1000.0,500.0,132.10760832702323,90.18838221072338,94.45484868884576,131.6116337046996,0.8989182621192074,0.10108173790493168,-2.4139126253430727e-11,9.786514296990824e-11,1194,4538af7a51e0e2a16dd5a1f23c3c95dbf440b1529275e2a2e829bb78beb20702,dbf6c3bd8b4b8c071a1491962557844c8b08fcc282fb1909b3f018a7bcbf5347,1.562193070014473
rb_g109_v7,rb_g109,train,v7,3,3,12.5,1000.0,500.0,132.71720027895964,90.18916991057228,94.45607494311965,132.20849094646405,0.8989170781415506,0.10108292188356703,-2.511772123625633e-11,9.734389383511564e-11,1180,4538af7a51e0e2a16dd5a1f23c3c95dbf440b1529275e2a2e829bb78beb20702,dbf6c3bd8b4b8c071a1491962557844c8b08fcc282fb1909b3f018a7bcbf5347,1.5314356210001279
rb_g110_v0,rb_g110,train,v0,0,0,1.8,333.33,333.33,43.93174471764286,33.83905852134901,35.09550165509783,43.854343354900436,0.7701179645833179,0.2298820355620335,-1.4535141608836474e-10,7.674704863073251e-11,1192,a8042653f0500ab09d12ba666e3a84e8efeda29be187f1278d4d27cd7202d087,19e8edeef98fe04189f2ef78348299510dab49734ebad8b547c9c37214dfe446,1.5535020920215175
rb_g110_v1,rb_g110,train,v1,0,0,2.5,500.0,333.33,44.70539436305569,34.014405359092194,35.2707150205479,44.60559853163238,0.8333878211156204,0.16661217899141667,-1.0703706809778168e-10,7.846684685609064e-11,1186,a8042653f0500ab09d12ba666e3a84e8efeda29be187f1278d4d27cd7202d087,19e8edeef98fe04189f2ef78348299510dab49734ebad8b547c9c37214dfe446,1.5685056769871153
rb_g110_v2,rb_g110,train,v2,1,1,7.0,1000.0,333.33,71.94108360484461,52.37212287921731,54.27975126082897,71.90876042954721,0.9079961029475895,0.0920038970892666,-3.685602616749455e-11,9.116987563349871e-11,1186,a8042653f0500ab09d12ba666e3a84e8efeda29be187f1278d4d27cd7202d087,19e8edeef98fe04189f2ef78348299510dab49734ebad8b547c9c37214dfe446,1.5774185810005292
rb_g110_v3,rb_g110,train,v3,1,1,7.000000000000001,1000.0,500.0,71.61228384331145,50.49548032725943,52.88039090431334,71.57538802169108,0.8989523289136185,0.10104767112340313,-3.702167144276862e-11,9.060855581301756e-11,1135,a8042653f0500ab09d12ba666e3a84e8efeda29be187f1278d4d27cd7202d087,19e8edeef98fe04189f2ef78348299510dab49734ebad8b547c9c37214dfe446,1.4836710069794208
rb_g110_v4,rb_g110,train,v4,2,2,16.499999999999996,2050.0,500.0,97.67025313270216,62.319058537813206,65.21473617176703,96.99004128460433,0.9466326261537857,0.05336737386226609,-1.605181980601105e-11,1.1747065376930567e-10,1120,a8042653f0500ab09d12ba666e3a84e8efeda29be187f1278d4d27cd7202d087,19e8edeef98fe04189f2ef78348299510dab49734ebad8b547c9c37214dfe446,1.4724845520104282
rb_g110_v5,rb_g110,train,v5,2,2,16.5,2050.0,1000.0,98.90638250646418,59.82270038821109,63.57503004257177,98.1731114525956,0.9404767471339388,0.059523252882459854,-1.639866693615273e-11,1.167850221122411e-10,1165,a8042653f0500ab09d12ba666e3a84e8efeda29be187f1278d4d27cd7202d087,19e8edeef98fe04189f2ef78348299510dab49734ebad8b547c9c37214dfe446,1.5691859129874501
rb_g110_v6,rb_g110,train,v6,3,3,12.5,1000.0,500.0,129.31772399232574,90.16539457288948,94.4262086975155,128.77534702929233,0.898962125858852,0.10103787416603653,-2.4888624494678878e-11,9.856851372900661e-11,1191,a8042653f0500ab09d12ba666e3a84e8efeda29be187f1278d4d27cd7202d087,19e8edeef98fe04189f2ef78348299510dab49734ebad8b547c9c37214dfe446,1.580608069023583
rb_g110_v7,rb_g110,train,v7,3,3,12.5,1000.0,500.0,129.15320838046972,90.16530635178722,94.4257348518829,128.6146426932089,0.8989622439456462,0.10103775607842713,-2.4073258941825772e-11,9.844359208334515e-11,1199,a8042653f0500ab09d12ba666e3a84e8efeda29be187f1278d4d27cd7202d087,19e8edeef98fe04189f2ef78348299510dab49734ebad8b547c9c37214dfe446,1.611274635011796
rb_g111_v0,rb_g111,train,v0,0,0,1.8,333.33,333.33,44.67932271318034,33.837847856461764,35.094894333155686,44.61092177429748,0.7701350389608586,0.229864961181104,-1.4196252198475337e-10,7.764615644136038e-11,1197,de556cfa2518b42d6232c6a67a9cb8798ef4d689eda8b8d22058ed5dee014ab5,d8bfeedf8fddf7eea8779ad26ba3ee356ae1aa1a53ade8bd0bea633d1a365972,1.6333332909853198
rb_g111_v1,rb_g111,train,v1,0,0,2.5,500.0,333.33,45.503108883468144,34.011083379322386,35.26864667748191,45.50043070671836,0.8334169417410935,0.16658305836701287,-1.0810641271064014e-10,7.886233860350333e-11,1189,de556cfa2518b42d6232c6a67a9cb8798ef4d689eda8b8d22058ed5dee014ab5,d8bfeedf8fddf7eea8779ad26ba3ee356ae1aa1a53ade8bd0bea633d1a365972,1.7137485269922763
rb_g111_v2,rb_g111,train,v2,1,1,7.0,1000.0,333.33,73.77775222080987,52.35983246771219,54.27350980498165,73.69349964321577,0.9080319060335938,0.09196809400437546,-3.796926265461512e-11,9.037737679184179e-11,1186,de556cfa2518b42d6232c6a67a9cb8798ef4d689eda8b8d22058ed5dee014ab5,d8bfeedf8fddf7eea8779ad26ba3ee356ae1aa1a53ade8bd0bea633d1a365972,1.5730461390048731
rb_g111_v3,rb_g111,train,v3,1,1,6.999999999999999,1000.0,500.0,74.7935599369755,50.48406494022576,52.87591209239978,74.56314197888969,0.8989912236573838,0.10100877638153592,-3.891972458599672e-11,9.120702529293835e-11,1177,de556cfa2518b42d6232c6a67a9cb8798ef4d689eda8b8d22058ed5dee014ab5,d8bfeedf8fddf7eea8779ad26ba3ee356ae1aa1a53ade8bd0bea633d1a365972,1.5591830570192542
rb_g111_v4,rb_g111,train,v4,2,2,16.499999999999996,2050.0,500.0,101.88046549864828,62.286144361233454,65.20607099675718,100.43710641998047,0.9466784968120588,0.05332150320574331,-1.7802136869015548e-11,1.1571352718849547e-10,1169,de556cfa2518b42d6232c6a67a9cb8798ef4d689eda8b8d22058ed5dee014ab5,d8bfeedf8fddf7eea8779ad26ba3ee356ae1aa1a53ade8bd0bea633d1a365972,1.7011069820146076
rb_g111_v5,rb_g111,train,v5,2,2,16.5,2050.0,1000.0,101.36723933771941,59.79447818154487,63.564969089294436,101.17327128317453,0.9405240033278096,0.05947599668997089,-1.7780484155723158e-11,1.1274367087011346e-10,1162,de556cfa2518b42d6232c6a67a9cb8798ef4d689eda8b8d22058ed5dee014ab5,d8bfeedf8fddf7eea8779ad26ba3ee356ae1aa1a53ade8bd0bea633d1a365972,1.6341382389946375
rb_g111_v6,rb_g111,train,v6,3,3,12.500000000000002,1000.0,500.0,131.67175209584525,90.14228578148987,94.41183081673476,131.5578047063454,0.899006093816309,0.1009939062077623,-2.4071322712870822e-11,9.910656534602518e-11,1210,de556cfa2518b42d6232c6a67a9cb8798ef4d689eda8b8d22058ed5dee014ab5,d8bfeedf8fddf7eea8779ad26ba3ee356ae1aa1a53ade8bd0bea633d1a365972,1.7428350689879153
rb_g111_v7,rb_g111,train,v7,3,3,12.5,1000.0,500.0,131.7569954494884,90.1425780262841,94.41201327139947,131.66351386278058,0.8990053820935945,0.1009946179305633,-2.4157831290949616e-11,9.877790600754113e-11,1195,de556cfa2518b42d6232c6a67a9cb8798ef4d689eda8b8d22058ed5dee014ab5,d8bfeedf8fddf7eea8779ad26ba3ee356ae1aa1a53ade8bd0bea633d1a365972,1.5776003059872892
rb_g112_v0,rb_g112,test,v0,0,0,1.7999999999999996,333.33,333.33,44.95076029115279,33.86372061153737,35.11802736380603,44.940117608698586,0.7697992077236658,0.23020079242092514,-1.4459100583508191e-10,7.638988453938666e-11,1192,f495f6f9687477f5bd9e507308c57fa4e0b77efded8b4b7f476454628648938c,1cf60351d014b21e04e6ffce3550e6a930a0ada0598d077cf1b86bf224f619fe,1.6824562900001183
rb_g112_v1,rb_g112,test,v1,0,0,2.5,500.0,333.33,46.609412960945406,34.052199870286664,35.30623560169557,46.55487789448904,0.8330582730885092,0.16694172701760818,-1.0611742595756369e-10,7.849541330709913e-11,1190,f495f6f9687477f5bd9e507308c57fa4e0b77efded8b4b7f476454628648938c,1cf60351d014b21e04e6ffce3550e6a930a0ada0598d077cf1b86bf224f619fe,1.5471426759904716
rb_g112_v2,rb_g112,test,v2,1,1,7.0,1000.0,333.33,77.79109401029012,52.491653630277646,54.39616020661771,77.63429164098346,0.9076467495080633,0.0923532505296104,-3.767373714578883e-11,9.06894976425188e-11,1184,f495f6f9687477f5bd9e507308c57fa4e0b77efded8b4b7f476454628648938c,1cf60351d014b21e04e6ffce3550e6a930a0ada0598d077cf1b86bf224f619fe,1.586330680991523
rb_g112_v3,rb_g112,test,v3,1,1,6.999999999999998,1000.0,500.0,76.45017107044424,50.60503811810794,52.986497932167424,76.29728010950993,0.898578556998761,0.10142144303868444,-3.74454752919259e-11,9.113176483256103e-11,1189,f495f6f9687477f5bd9e507308c57fa4e0b77efded8b4b7f476454628648938c,1cf60351d014b21e04e6ffce3550e6a930a0ada0598d077cf1b86bf224f619fe,1.5040821460133884
rb_g112_v4,rb_g112,test,v4,2,2,16.5,2050.0,500.0,107.8843949219534,62.61200624313882,65.50563718657412,107.82010567608665,0.9462241141345771,0.053775885882777125,-1.735417870014027e-11,1.1788701690806177e-10,1167,f495f6f9687477f5bd9e507308c57fa4e0b77efded8b4b7f476454628648938c,1cf60351d014b21e04e6ffce3550e6a930a0ada0598d077cf1b86bf224f619fe,1.509155000996543
rb_g112_v5,rb_g112,test,v5,2,2,16.5,2050.0,1000.0,109.52366671595837,60.10364016895212,63.85467704113284,109.46788954859687,0.940008814088743,0.05999118592859388,-1.7336886135453685e-11,1.1671551998560306e-10,1163,f495f6f9687477f5bd9e507308c57fa4e0b77efded8b4b7f476454628648938c,1cf60351d014b21e04e6ffce3550e6a930a0ada0598d077cf1b86bf224f619fe,1.5215194529737346
rb_g112_v6,rb_g112,test,v6,3,3,12.499999999999998,1000.0,500.0,137.13146717222963,90.37860642296575,94.63134116799313,137.02105171130012,0.8985544937553375,0.10144550626935321,-2.46907205792013e-11,9.793538463176878e-11,1189,f495f6f9687477f5bd9e507308c57fa4e0b77efded8b4b7f476454628648938c,1cf60351d014b21e04e6ffce3550e6a930a0ada0598d077cf1b86bf224f619fe,1.5990275130025111
rb_g112_v7,rb_g112,test,v7,3,3,12.5,1000.0,500.0,136.6856239998969,90.37798984949198,94.63070435255388,136.59057837465548,0.8985558735334817,0.10144412649132287,-2.480456728903846e-11,9.713253967538222e-11,1189,f495f6f9687477f5bd9e507308c57fa4e0b77efded8b4b7f476454628648938c,1cf60351d014b21e04e6ffce3550e6a930a0ada0598d077cf1b86bf224f619fe,1.5723078829760198
rb_g113_v0,rb_g113,train,v0,0,0,1.8,333.33,333.33,45.0615993355766,33.84132833786885,35.09819152540179,45.02459360566621,0.7700888561676482,0.2299111439756905,-1.433387667818901e-10,7.798761350372481e-11,1203,475da10ca56126a623179cc8da38271e660411c07a7e5f673091faf746fc034e,4e1ebe4b1cef4d513dcba8d2312e0799bae2a0295946df4d91037029ed980bf1,1.5893920550006442
rb_g113_v1,rb_g113,train,v1,0,0,2.499999999999999,500.0,333.33,46.427764245846106,34.01525587321581,35.2728895182069,46.37267793858837,0.8333797969574239,0.1666202031497265,-1.0715046627751693e-10,7.867207408916697e-11,1188,475da10ca56126a623179cc8da38271e660411c07a7e5f673091faf746fc034e,4e1ebe4b1cef4d513dcba8d2312e0799bae2a0295946df4d91037029ed980bf1,1.5348312370188069
rb_g113_v2,rb_g113,train,v2,1,1,6.999999999999998,1000.0,333.33,76.15212286552293,52.36993564590673,54.28407118411535,76.00270988923631,0.9080020210150785,0.0919979790223267,-3.740525349777663e-11,9.088994088677795e-11,1185,475da10ca56126a623179cc8da38271e660411c07a7e5f673091faf746fc034e,4e1ebe4b1cef4d513dcba8d2312e0799bae2a0295946df4d91037029ed980bf1,1.6540620849991683
rb_g113_v3,rb_g113,train,v3,1,1,7.000000000000001,1000.0,500.0,74.60506150903029,50.50169140024084,52.891084904795086,74.4584388334593,0.8989328540146785,0.10106714602315814,-3.783659100317241e-11,9.170785575703046e-11,1180,475da10ca56126a623179cc8da38271e660411c07a7e5f673091faf746fc034e,4e1ebe4b1cef4d513dcba8d2312e0799bae2a0295946df4d91037029ed980bf1,1.5580884760129265
rb_g113_v4,rb_g113,train,v4,2,2,16.5,2050.0,500.0,103.07368916732048,62.32584113326492,65.23418838900169,102.72325428269846,0.946623908087325,0.053376091929687286,-1.7012283837550857e-11,1.1480814820322898e-10,1167,475da10ca56126a623179cc8da38271e660411c07a7e5f673091faf746fc034e,4e1ebe4b1cef4d513dcba8d2312e0799bae2a0295946df4d91037029ed980bf1,1.6289107349875849
rb_g113_v5,rb_g113,train,v5,2,2,16.5,2050.0,1000.0,103.28409759019144,59.82863257119253,63.5893117586449,102.88858335507354,0.94046671444343,0.059533285572955084,-1.6385122215252302e-11,1.1563682371216025e-10,1170,475da10ca56126a623179cc8da38271e660411c07a7e5f673091faf746fc034e,4e1ebe4b1cef4d513dcba8d2312e0799bae2a0295946df4d91037029ed980bf1,1.6353044229908846
rb_g113_v6,rb_g113,train,v6,3,3,12.499999999999998,1000.0,500.0,134.66752286894615,90.17353286191644,94.44111652507556,134.35943686074768,0.8989462754048304,0.10105372462054003,-2.5370443523797808e-11,9.573345032439325e-11,1187,475da10ca56126a623179cc8da38271e660411c07a7e5f673091faf746fc034e,4e1ebe4b1cef4d513dcba8d2312e0799bae2a0295946df4d91037029ed980bf1,1.6374245199840516
rb_g113_v7,rb_g113,train,v7,3,3,12.499999999999998,1000.0,500.0,135.12859274263923,90.17477153568966,94.4430361030012,134.805947491043,0.898943893518147,0.1010561065065922,-2.473914406664335e-11,9.701831911110294e-11,1193,475da10ca56126a623179cc8da38271e660411c07a7e5f673091faf746fc034e,4e1ebe4b1cef4d513dcba8d2312e0799bae2a0295946df4d91037029ed980bf1,1.5883135100011714
rb_g114_v0,rb_g114,train,v0,0,0,1.7999999999999998,333.33,333.33,44.75658907507608,33.846065203339194,35.102215345976546,44.71911115104422,0.7700275941517845,0.22997240599557034,-1.4735478269677238e-10,7.794526981798151e-11,1218,f71126834dcd49c8e7436a5e96158953c0bcb15ec76f2515137094d15a0232c2,a2a156ad675df351c024b96ea7493b43657938a6ecc155e4a5c4e20fc11282cc,1.6008947860100307
rb_g114_v1,rb_g114,train,v1,0,0,2.4999999999999996,500.0,333.33,46.95148615132058,34.02411687122136,35.28086528017365,46.881249919985294,0.8333025167461382,0.1666974833604119,-1.065501464836416e-10,7.877822573221532e-11,1189,f71126834dcd49c8e7436a5e96158953c0bcb15ec76f2515137094d15a0232c2,a2a156ad675df351c024b96ea7493b43657938a6ecc155e4a5c4e20fc11282cc,1.6523756670067087
rb_g114_v2,rb_g114,train,v2,1,1,7.0,1000.0,333.33,76.8857481494706,52.401669693715675,54.31341625566927,76.65581663021663,0.9079093184909516,0.09209068154615642,-3.710795163211092e-11,9.074494594318191e-11,1180,f71126834dcd49c8e7436a5e96158953c0bcb15ec76f2515137094d15a0232c2,a2a156ad675df351c024b96ea7493b43657938a6ecc155e4a5c4e20fc11282cc,1.5635836290020961
rb_g114_v3,rb_g114,train,v3,1,1,6.999999999999999,1000.0,500.0,75.42554332094937,50.52860904449948,52.91647195063421,75.38276266071102,0.8988395782526125,0.10116042178460281,-3.721529433826326e-11,9.289098084491951e-11,1186,f71126834dcd49c8e7436a5e96158953c0bcb15ec76f2515137094d15a0232c2,a2a156ad675df351c024b96ea7493b43657938a6ecc155e4a5c4e20fc11282cc,1.6636430460202973
rb_g114_v4,rb_g114,train,v4,2,2,16.5,2050.0,500.0,105.2906562215029,62.429436575045905,65.33904470854608,104.39443027887711,0.9464794552980913,0.05352054471916294,-1.7254278813797182e-11,1.1776483574424213e-10,1166,f71126834dcd49c8e7436a5e96158953c0bcb15ec76f2515137094d15a0232c2,a2a156ad675df351c024b96ea7493b43657938a6ecc155e4a5c4e20fc11282cc,1.5216496929933783
rb_g114_v5,rb_g114,train,v5,2,2,16.5,2050.0,1000.0,104.30055896165004,59.92654500197695,63.68994572543588,103.41015658054721,0.9403035043250523,0.05969649569101329,-1.6065532742521267e-11,1.1573746664823782e-10,1182,f71126834dcd49c8e7436a5e96158953c0bcb15ec76f2515137094d15a0232c2,a2a156ad675df351c024b96ea7493b43657938a6ecc155e4a5c4e20fc11282cc,1.5682057960075326
rb_g114_v6,rb_g114,train,v6,3,3,12.5,1000.0,500.0,133.2652200647858,90.22968094305439,94.49278555289966,133.19446684131378,0.8988387708030787,0.1011612292206501,-2.3728787823529275e-11,9.911511865107952e-11,1205,f71126834dcd49c8e7436a5e96158953c0bcb15ec76f2515137094d15a0232c2,a2a156ad675df351c024b96ea7493b43657938a6ecc155e4a5c4e20fc11282cc,1.6546818450151477
rb_g114_v7,rb_g114,train,v7,3,3,12.5,1000.0,500.0,133.4435074495376,90.23863014324314,94.50084177204195,133.37091816436055,0.8988235604621981,0.10117643956149852,-2.369663576473613e-11,9.932434196181454e-11,1206,f71126834dcd49c8e7436a5e96158953c0bcb15ec76f2515137094d15a0232c2,a2a156ad675df351c024b96ea7493b43657938a6ecc155e4a5c4e20fc11282cc,1.5562762990011834
rb_g115_v0,rb_g115,train,v0,0,0,1.8,333.33,333.33,44.396746718605186,33.83388507285013,35.09113026644588,44.37447384847104,0.7701847524417399,0.2298152477048421,-1.4658203663210478e-10,7.678009366269278e-11,1190,4ae1dc1f280b23a8a3bba0caad5349bd591d208669a2ae61585ad071c4fbf060,fe207bc6738b2d0fddb69950b54d0117039b7d1826b844ffb9211d6a4355edca,1.5626394329883624
rb_g115_v1,rb_g115,train,v1,0,0,2.5000000000000004,500.0,333.33,45.475294331781924,34.004196898119304,35.261929192738435,45.440456237773674,0.8334760836481152,0.16652391645824197,-1.0635721192642221e-10,7.844708865105886e-11,1192,4ae1dc1f280b23a8a3bba0caad5349bd591d208669a2ae61585ad071c4fbf060,fe207bc6738b2d0fddb69950b54d0117039b7d1826b844ffb9211d6a4355edca,1.662253092013998
rb_g115_v2,rb_g115,train,v2,1,1,6.999999999999999,1000.0,333.33,73.77330171479684,52.34522808715841,54.258261025482895,73.6629029861964,0.9080754839058813,0.09192451613215469,-3.8036066360039715e-11,8.946163100888164e-11,1176,4ae1dc1f280b23a8a3bba0caad5349bd591d208669a2ae61585ad071c4fbf060,fe207bc6738b2d0fddb69950b54d0117039b7d1826b844ffb9211d6a4355edca,1.5608876729966141
rb_g115_v3,rb_g115,train,v3,1,1,6.999999999999998,1000.0,500.0,72.96554341468004,50.4658131531501,52.85568410952832,72.71418551575954,0.8990537791672392,0.10094622087070064,-3.7939857604791485e-11,9.240325930448498e-11,1176,4ae1dc1f280b23a8a3bba0caad5349bd591d208669a2ae61585ad071c4fbf060,fe207bc6738b2d0fddb69950b54d0117039b7d1826b844ffb9211d6a4355edca,1.5503026549995411
rb_g115_v4,rb_g115,train,v4,2,2,16.5,2050.0,500.0,99.45500309135952,62.24580801342972,65.15681489980318,99.1691589844491,0.9467347257910879,0.05326527422624215,-1.733003639582297e-11,1.1705081542560212e-10,1164,4ae1dc1f280b23a8a3bba0caad5349bd591d208669a2ae61585ad071c4fbf060,fe207bc6738b2d0fddb69950b54d0117039b7d1826b844ffb9211d6a4355edca,1.541927673999453
rb_g115_v5,rb_g115,train,v5,2,2,16.5,2050.0,1000.0,99.89918615595207,59.76256137420182,63.526341705102666,99.64486734047881,0.940576674070191,0.05942332594719895,-1.7389887509786853e-11,1.1563664999764179e-10,1166,4ae1dc1f280b23a8a3bba0caad5349bd591d208669a2ae61585ad071c4fbf060,fe207bc6738b2d0fddb69950b54d0117039b7d1826b844ffb9211d6a4355edca,1.5241973649826832
rb_g115_v6,rb_g115,train,v6,3,3,12.5,1000.0,500.0,131.29355270110761,90.12724726361064,94.39552104336343,131.11365808646678,0.8990358616883131,0.10096413833598078,-2.429388246127928e-11,9.750481083545593e-11,1186,4ae1dc1f280b23a8a3bba0caad5349bd591d208669a2ae61585ad071c4fbf060,fe207bc6738b2d0fddb69950b54d0117039b7d1826b844ffb9211d6a4355edca,1.555795777007006
rb_g115_v7,rb_g115,train,v7,3,3,12.499999999999998,1000.0,500.0,131.5203158505421,90.12244470225605,94.39061092172065,131.34441792009903,0.8990444002974669,0.10095559972731424,-2.478117266946356e-11,9.692740522394534e-11,1185,4ae1dc1f280b23a8a3bba0caad5349bd591d208669a2ae61585ad071c4fbf060,fe207bc6738b2d0fddb69950b54d0117039b7d1826b844ffb9211d6a4355edca,1.6839199360110797
rb_g116_v0,rb_g116,train,v0,0,0,1.7999999999999998,333.33,333.33,44.690024063751025,33.84051498374942,35.09735304836813,44.64311105191405,0.7700990872944848,0.22990091284801245,-1.4249727940828116e-10,7.762132221632906e-11,1199,0c58eea635dd83086ef14a0bcea1d2e15250456d536cc461b774a64eabac1878,df91e317b04c6d40312181e88a109bc669a500b399537ac1753109663619131c,1.6805479030008428
rb_g116_v1,rb_g116,train,v1,0,0,2.4999999999999996,500.0,333.33,46.30887790743276,34.016595913271644,35.27384769966159,46.23340422257746,0.8333685235507099,0.16663147655399632,-1.0470619926650218e-10,7.992587283888211e-11,1196,0c58eea635dd83086ef14a0bcea1d2e15250456d536cc461b774a64eabac1878,df91e317b04c6d40312181e88a109bc669a500b399537ac1753109663619131c,1.6315148660214618
rb_g116_v2,rb_g116,train,v2,1,1,6.9999999999999964,1000.0,333.33,77.581142780309,52.384378017480394,54.29765383742282,77.37638238514432,0.9079605777584351,0.0920394222790684,-3.750346065446919e-11,9.171989711442842e-11,1194,0c58eea635dd83086ef14a0bcea1d2e15250456d536cc461b774a64eabac1878,df91e317b04c6d40312181e88a109bc669a500b399537ac1753109663619131c,1.598474074009573
rb_g116_v3,rb_g116,train,v3,1,1,7.000000000000001,1000.0,500.0,77.2631622710914,50.508810804334075,52.89920861083242,77.1113720838602,0.8989068286079959,0.10109317142991096,-3.7906852260302255e-11,9.255060254261012e-11,1189,0c58eea635dd83086ef14a0bcea1d2e15250456d536cc461b774a64eabac1878,df91e317b04c6d40312181e88a109bc669a500b399537ac1753109663619131c,1.5666813140269369
rb_g116_v4,rb_g116,train,v4,2,2,16.5,2050.0,500.0,109.27139794731073,62.355911266284004,65.2754404936273,109.04519963829534,0.946580903777927,0.05341909623960521,-1.753227193053893e-11,1.1846624327671326e-10,1162,0c58eea635dd83086ef14a0bcea1d2e15250456d536cc461b774a64eabac1878,df91e317b04c6d40312181e88a109bc669a500b399537ac1753109663619131c,1.524019676988246
rb_g116_v5,rb_g116,train,v5,2,2,16.499999999999993,2050.0,1000.0,106.71614440871656,59.851821004156896,63.622694917549836,106.52539520452865,0.9404280021662741,0.059571997850684566,-1.6958656701149273e-11,1.1629177339931894e-10,1169,0c58eea635dd83086ef14a0bcea1d2e15250456d536cc461b774a64eabac1878,df91e317b04c6d40312181e88a109bc669a500b399537ac1753109663619131c,1.5864899810112547
rb_g116_v6,rb_g116,train,v6,3,3,12.5,1000.0,500.0,135.39077619734127,90.1880249909952,94.45576107968316,135.14198548418653,0.8989195078926606,0.10108049213241012,-2.5070736597854192e-11,9.848707158460925e-11,1197,0c58eea635dd83086ef14a0bcea1d2e15250456d536cc461b774a64eabac1878,df91e317b04c6d40312181e88a109bc669a500b399537ac1753109663619131c,1.736235979013145
rb_g116_v7,rb_g116,train,v7,3,3,12.499999999999998,1000.0,500.0,135.2831656553488,90.18337221767398,94.45070390402813,134.99893209834227,0.8989279378988237,0.1010720621256029,-2.4426629607887664e-11,9.837603034396867e-11,1208,0c58eea635dd83086ef14a0bcea1d2e15250456d536cc461b774a64eabac1878,df91e317b04c6d40312181e88a109bc669a500b399537ac1753109663619131c,1.6229274409997743
rb_g117_v0,rb_g117,train,v0,0,0,1.7999999999999998,333.33,333.33,44.14785303490589,33.836637968349756,35.09311448313355,44.07717353602425,0.7701494215248861,0.2298505786188613,-1.4374732885495217e-10,7.607718858938549e-11,1181,e24cdb60ec1ec699eb3ae1436e6f3022451a869b6ef6e668b18f1320f0f38aee,fa6687abec8a3cdc0ee337bbcfeb86eb60e9ddbb03dd5e7fe77d8bee8d7cd53a,1.5510939380037598
rb_g117_v1,rb_g117,train,v1,0,0,2.4999999999999996,500.0,333.33,45.42942776742814,34.00912620214289,35.265677008593904,45.33169286570717,0.8334334004752515,0.16656659963198717,-1.0723864019013265e-10,7.804982890256575e-11,1175,e24cdb60ec1ec699eb3ae1436e6f3022451a869b6ef6e668b18f1320f0f38aee,fa6687abec8a3cdc0ee337bbcfeb86eb60e9ddbb03dd5e7fe77d8bee8d7cd53a,1.5941130949940998
rb_g117_v2,rb_g117,train,v2,1,1,7.000000000000001,1000.0,333.33,74.15419685450729,52.35140134240552,54.2601809830767,73.87800298359963,0.9080563937225171,0.09194360631408599,-3.660313322281386e-11,9.040899863822714e-11,1176,e24cdb60ec1ec699eb3ae1436e6f3022451a869b6ef6e668b18f1320f0f38aee,fa6687abec8a3cdc0ee337bbcfeb86eb60e9ddbb03dd5e7fe77d8bee8d7cd53a,1.5389185120002367
rb_g117_v3,rb_g117,train,v3,1,1,6.999999999999999,1000.0,500.0,72.93607193796828,50.47269340524305,52.85857026731615,72.65813984671871,0.8990299687363785,0.10097003130238476,-3.8763246580840265e-11,9.074394974634312e-11,1176,e24cdb60ec1ec699eb3ae1436e6f3022451a869b6ef6e668b18f1320f0f38aee,fa6687abec8a3cdc0ee337bbcfeb86eb60e9ddbb03dd5e7fe77d8bee8d7cd53a,1.551960266981041
rb_g117_v4,rb_g117,train,v4,2,2,16.5,2050.0,500.0,98.71237083585345,62.260569520739494,65.15259101938086,98.2120824462566,0.9467141764056943,0.0532858236120343,-1.7728667019282924e-11,1.193633776707528e-10,1169,e24cdb60ec1ec699eb3ae1436e6f3022451a869b6ef6e668b18f1320f0f38aee,fa6687abec8a3cdc0ee337bbcfeb86eb60e9ddbb03dd5e7fe77d8bee8d7cd53a,1.4952015159942675
rb_g117_v5,rb_g117,train,v5,2,2,16.5,2050.0,1000.0,97.54443965154468,59.784376118083834,63.52746220175109,96.97931923306874,0.9405412709065333,0.0594587291091915,-1.5724748102956475e-11,1.1609759703738078e-10,1129,e24cdb60ec1ec699eb3ae1436e6f3022451a869b6ef6e668b18f1320f0f38aee,fa6687abec8a3cdc0ee337bbcfeb86eb60e9ddbb03dd5e7fe77d8bee8d7cd53a,1.4766267809900455
rb_g117_v6,rb_g117,train,v6,3,3,12.5,1000.0,500.0,129.75887914600054,90.13783453172519,94.39651164933025,129.25206980781633,0.8990148911587192,0.10098510886599808,-2.4717330404655515e-11,9.867583133908631e-11,1174,e24cdb60ec1ec699eb3ae1436e6f3022451a869b6ef6e668b18f1320f0f38aee,fa6687abec8a3cdc0ee337bbcfeb86eb60e9ddbb03dd5e7fe77d8bee8d7cd53a,1.5411878419981804
rb_g117_v7,rb_g117,train,v7,3,3,12.499999999999996,1000.0,500.0,130.09438588921154,90.13759499071179,94.39623126153774,129.5900522798758,0.8990152833673464,0.100984716657647,-2.4993394021066714e-11,9.823920929949593e-11,1175,e24cdb60ec1ec699eb3ae1436e6f3022451a869b6ef6e668b18f1320f0f38aee,fa6687abec8a3cdc0ee337bbcfeb86eb60e9ddbb03dd5e7fe77d8bee8d7cd53a,1.5754688720044214
rb_g118_v0,rb_g118,train,v0,0,0,1.8000000000000003,333.33,333.33,44.39635158282675,33.84266202207442,35.09845211259626,44.38795246938059,0.770072234614018,0.22992776553053698,-1.4455498526583846e-10,7.610230725592833e-11,1190,a71fb164ea072d89e5392061673f8838c5bb57bbe310cfbab55e95857ce4842b,fafd829a301b530e917fe7199b739ead26098ad9aba2dd66343a324adefa0fd8,1.6308322499971837
rb_g118_v1,rb_g118,train,v1,0,0,2.4999999999999996,500.0,333.33,45.45056710942055,34.01844699367555,35.27391399779844,45.43904830516544,0.8333524173489552,0.1666475827574772,-1.0643239622964986e-10,7.896531742264816e-11,1185,a71fb164ea072d89e5392061673f8838c5bb57bbe310cfbab55e95857ce4842b,fafd829a301b530e917fe7199b739ead26098ad9aba2dd66343a324adefa0fd8,1.6113085429824423
rb_g118_v2,rb_g118,train,v2,1,1,6.999999999999999,1000.0,333.33,74.2127716611567,52.38721666926945,54.291760997028035,73.48882315798983,0.9079518483468245,0.09204815168964675,-3.647125458781732e-11,8.998141646584498e-11,1180,a71fb164ea072d89e5392061673f8838c5bb57bbe310cfbab55e95857ce4842b,fafd829a301b530e917fe7199b739ead26098ad9aba2dd66343a324adefa0fd8,1.5813313809921965
rb_g118_v3,rb_g118,train,v3,1,1,7.0,1000.0,500.0,72.34278865195489,50.51077818126154,52.891944517934164,72.3148257266663,0.8989000761313919,0.10109992390571809,-3.7109950033555246e-11,9.2414473209269e-11,1187,a71fb164ea072d89e5392061673f8838c5bb57bbe310cfbab55e95857ce4842b,fafd829a301b530e917fe7199b739ead26098ad9aba2dd66343a324adefa0fd8,1.5728080649860203
rb_g118_v4,rb_g118,train,v4,2,2,16.500000000000004,2050.0,500.0,98.42051275565007,62.36604444764872,65.24448881442086,98.36078577950184,0.9465672854299293,0.05343271458727224,-1.7201519669942112e-11,1.1920929498924818e-10,1172,a71fb164ea072d89e5392061673f8838c5bb57bbe310cfbab55e95857ce4842b,fafd829a301b530e917fe7199b739ead26098ad9aba2dd66343a324adefa0fd8,1.5410601490002591
rb_g118_v5,rb_g118,train,v5,2,2,16.499999999999996,2050.0,1000.0,99.27729921790711,59.87135619859222,63.603396221981505,99.21717809670037,0.9403963156494816,0.05960368436722982,-1.6711420126501835e-11,1.1700662825914766e-10,1173,a71fb164ea072d89e5392061673f8838c5bb57bbe310cfbab55e95857ce4842b,fafd829a301b530e917fe7199b739ead26098ad9aba2dd66343a324adefa0fd8,1.6063911280070897
rb_g118_v6,rb_g118,train,v6,3,3,12.5,1000.0,500.0,134.92854680005553,90.20055161692004,94.45359955819407,134.87901903394066,0.8988948055095527,0.10110519451512369,-2.4676385379507337e-11,9.790346867069814e-11,1199,a71fb164ea072d89e5392061673f8838c5bb57bbe310cfbab55e95857ce4842b,fafd829a301b530e917fe7199b739ead26098ad9aba2dd66343a324adefa0fd8,1.6386171300255228
rb_g118_v7,rb_g118,train,v7,3,3,12.5,1000.0,500.0,131.17692720940073,90.19619423081322,94.44918135673026,131.12661901030958,0.8989029390871724,0.10109706093771109,-2.4883490823413012e-11,9.752565813434033e-11,1185,a71fb164ea072d89e5392061673f8838c5bb57bbe310cfbab55e95857ce4842b,fafd829a301b530e917fe7199b739ead26098ad9aba2dd66343a324adefa0fd8,1.587073419999797
rb_g119_v0,rb_g119,train,v0,0,0,1.7999999999999998,333.33,333.33,44.16526976858444,33.83905563805313,35.095205640443645,44.16526976858444,0.7701180322459563,0.22988196789648874,-1.4244509892612378e-10,7.706821497172094e-11,1207,c029b36e7554f1b302c700ba0b3cd4167bf9917f5a71d669311ea42bd3a56655,1ebf3ed8032dbb5dba243fd9bbffe335b8b22a267f32f9913b213d15097f076b,1.593907010013936
rb_g119_v1,rb_g119,train,v1,0,0,2.4999999999999996,500.0,333.33,45.31245079588598,34.012054997809656,35.26812130224635,45.31245079588598,0.8334081121141563,0.16659188799178912,-1.0594547461550975e-10,7.767166761564126e-11,1179,c029b36e7554f1b302c700ba0b3cd4167bf9917f5a71d669311ea42bd3a56655,1ebf3ed8032dbb5dba243fd9bbffe335b8b22a267f32f9913b213d15097f076b,1.5697744979988784
rb_g119_v2,rb_g119,train,v2,1,1,7.0,1000.0,333.33,73.62390770088518,52.36503603653041,54.27123492976867,73.62390770088518,0.9080166628597021,0.09198333717762122,-3.732327145757251e-11,9.025625776258146e-11,1177,c029b36e7554f1b302c700ba0b3cd4167bf9917f5a71d669311ea42bd3a56655,1ebf3ed8032dbb5dba243fd9bbffe335b8b22a267f32f9913b213d15097f076b,1.529908901982708
rb_g119_v3,rb_g119,train,v3,1,1,6.999999999999998,1000.0,500.0,72.53292668463286,50.49310201787294,52.8757991783069,72.53292668463286,0.8989608568991648,0.10103914313798126,-3.714607986284235e-11,8.924928145615796e-11,1127,c029b36e7554f1b302c700ba0b3cd4167bf9917f5a71d669311ea42bd3a56655,1ebf3ed8032dbb5dba243fd9bbffe335b8b22a267f32f9913b213d15097f076b,1.533216445997823
rb_g119_v4,rb_g119,train,v4,2,2,16.5,2050.0,500.0,99.1610012601958,62.31957839042027,65.20136822902606,98.86952732350107,0.9466320439654364,0.05336795605093672,-1.637316544970831e-11,1.1550852078937561e-10,1112,c029b36e7554f1b302c700ba0b3cd4167bf9917f5a71d669311ea42bd3a56655,1ebf3ed8032dbb5dba243fd9bbffe335b8b22a267f32f9913b213d15097f076b,1.4798797179828398
rb_g119_v5,rb_g119,train,v5,2,2,16.5,2050.0,1000.0,99.54728134950079,59.830600128102425,63.565799062665484,99.45373093250902,0.9404635408471557,0.05953645916900544,-1.6161085937507337e-11,1.1219804920321707e-10,1111,c029b36e7554f1b302c700ba0b3cd4167bf9917f5a71d669311ea42bd3a56655,1ebf3ed8032dbb5dba243fd9bbffe335b8b22a267f32f9913b213d15097f076b,1.4727797099913005
rb_g119_v6,rb_g119,train,v6,3,3,12.5,1000.0,500.0,130.20807295912874,90.16729154926723,94.42210349860636,130.00215554378826,0.8989584611261477,0.10104153889897695,-2.5124720082203565e-11,9.592390619243378e-11,1170,c029b36e7554f1b302c700ba0b3cd4167bf9917f5a71d669311ea42bd3a56655,1ebf3ed8032dbb5dba243fd9bbffe335b8b22a267f32f9913b213d15097f076b,1.760493701993255
rb_g119_v7,rb_g119,train,v7,3,3,12.500000000000002,1000.0,500.0,130.24077948141138,90.16690314230527,94.42170965567841,130.23233260809434,0.8989591721492397,0.10104082787581264,-2.5052351304566396e-11,9.745094413787779e-11,1187,c029b36e7554f1b302c700ba0b3cd4167bf9917f5a71d669311ea42bd3a56655,1ebf3ed8032dbb5dba243fd9bbffe335b8b22a267f32f9913b213d15097f076b,2.173676025995519
rb_g120_v0,rb_g120,train,v0,0,0,1.8,333.33,333.33,45.87452373693435,33.8558911421683,35.11374387702178,45.858602999981485,0.7699003204247905,0.23009967972370107,-1.4849162023446005e-10,7.696245074527814e-11,1182,697be62d38a7208058e2ed1bd9012cf28b455650a73172f7a989a0df493ea00e,5901d1cfd8fce06b4d287988a72981c3428aa6e68c7354b43bafc502aae42a65,1.558350359002361
rb_g120_v1,rb_g120,train,v1,0,0,2.4999999999999996,500.0,333.33,48.02418180702563,34.04068888026116,35.30131793281165,47.998505360761555,0.8331584727714466,0.16684152733776755,-1.0921412663122966e-10,7.837063476402287e-11,1186,697be62d38a7208058e2ed1bd9012cf28b455650a73172f7a989a0df493ea00e,5901d1cfd8fce06b4d287988a72981c3428aa6e68c7354b43bafc502aae42a65,1.5639695139834657
rb_g120_v2,rb_g120,train,v2,1,1,7.0,1000.0,333.33,82.05271363957814,52.46236844079805,54.397759803421536,81.97223604424136,0.9077323065597921,0.09226769347702513,-3.681723180294836e-11,9.01276269856412e-11,1182,697be62d38a7208058e2ed1bd9012cf28b455650a73172f7a989a0df493ea00e,5901d1cfd8fce06b4d287988a72981c3428aa6e68c7354b43bafc502aae42a65,1.5280005539825652
rb_g120_v3,rb_g120,train,v3,1,1,7.0,1000.0,500.0,81.13871043640114,50.58489059797474,52.99639170994979,81.0589221615395,0.8986473449136385,0.10135265512584855,-3.9487064411909096e-11,9.196556265404937e-11,1176,697be62d38a7208058e2ed1bd9012cf28b455650a73172f7a989a0df493ea00e,5901d1cfd8fce06b4d287988a72981c3428aa6e68c7354b43bafc502aae42a65,1.5169867859804071
rb_g120_v4,rb_g120,train,v4,2,2,16.5,2050.0,500.0,117.2306262845492,62.55456238337704,65.56990896959122,117.05110458202608,0.9463036390633323,0.05369636095358811,-1.6920316999365543e-11,1.1869791832208168e-10,1175,697be62d38a7208058e2ed1bd9012cf28b455650a73172f7a989a0df493ea00e,5901d1cfd8fce06b4d287988a72981c3428aa6e68c7354b43bafc502aae42a65,1.533693407982355
rb_g120_v5,rb_g120,train,v5,2,2,16.499999999999996,2050.0,1000.0,114.53788418894442,60.04379670950818,63.90903186976974,114.37572814901341,0.9401080049954362,0.059891995021234004,-1.6670254402473613e-11,1.1314300437117087e-10,1171,697be62d38a7208058e2ed1bd9012cf28b455650a73172f7a989a0df493ea00e,5901d1cfd8fce06b4d287988a72981c3428aa6e68c7354b43bafc502aae42a65,1.5390100440126844
rb_g120_v6,rb_g120,train,v6,3,3,12.499999999999998,1000.0,500.0,142.3848236344416,90.32005273042766,94.62198972631174,142.26285639238853,0.898666498633708,0.10133350139109133,-2.479927374565705e-11,9.943106757481938e-11,1219,697be62d38a7208058e2ed1bd9012cf28b455650a73172f7a989a0df493ea00e,5901d1cfd8fce06b4d287988a72981c3428aa6e68c7354b43bafc502aae42a65,1.6366902650042903
rb_g120_v7,rb_g120,train,v7,3,3,12.5,1000.0,500.0,142.7345490530335,90.32781859551922,94.6304822902496,142.61108208263045,0.8986528214497683,0.10134717857439128,-2.415958988422062e-11,9.839648565218459e-11,1209,697be62d38a7208058e2ed1bd9012cf28b455650a73172f7a989a0df493ea00e,5901d1cfd8fce06b4d287988a72981c3428aa6e68c7354b43bafc502aae42a65,1.6102937789983116
rb_g121_v0,rb_g121,train,v0,0,0,1.8,333.33,333.33,44.648052812299795,33.835232181850344,35.092923390841285,44.644723883541815,0.7701675147931553,0.2298324853538988,-1.470540356152128e-10,7.682594953348866e-11,1198,0b4ff10253e402e3929720353db76d032938e4b0709503e1aea647ec16224b08,177f3f7002f620d85d48aa10696c1ed06a42cd10813623bcadc2a210afebb13a,1.603576226014411
rb_g121_v1,rb_g121,train,v1,0,0,2.5000000000000004,500.0,333.33,45.945306600828644,34.00639890363238,35.26513680470639,45.9402226665689,0.8334570411767752,0.1665429589302069,-1.0698211205806272e-10,7.924177404884426e-11,1194,0b4ff10253e402e3929720353db76d032938e4b0709503e1aea647ec16224b08,177f3f7002f620d85d48aa10696c1ed06a42cd10813623bcadc2a210afebb13a,1.6227913829789031
rb_g121_v2,rb_g121,train,v2,1,1,7.0,1000.0,333.33,76.48998038589889,52.35217131890289,54.271688560501076,76.47321565783858,0.9080544392323947,0.091945560804631,-3.7025747547301895e-11,9.043629936290757e-11,1188,0b4ff10253e402e3929720353db76d032938e4b0709503e1aea647ec16224b08,177f3f7002f620d85d48aa10696c1ed06a42cd10813623bcadc2a210afebb13a,1.657641641999362
rb_g121_v3,rb_g121,train,v3,1,1,7.000000000000001,1000.0,500.0,77.04903079283423,50.484518785410906,52.88235818104184,77.03104581052918,0.8989898394427065,0.1010101605946576,-3.7364080083891944e-11,9.206181893007382e-11,1197,0b4ff10253e402e3929720353db76d032938e4b0709503e1aea647ec16224b08,177f3f7002f620d85d48aa10696c1ed06a42cd10813623bcadc2a210afebb13a,1.6883272669801954
rb_g121_v4,rb_g121,train,v4,2,2,16.5,2050.0,500.0,111.60874055691204,62.30920467318042,65.26195849135506,111.56148125343458,0.9466461791602563,0.05335382085665914,-1.6915465661179152e-11,1.176112971199831e-10,1189,0b4ff10253e402e3929720353db76d032938e4b0709503e1aea647ec16224b08,177f3f7002f620d85d48aa10696c1ed06a42cd10813623bcadc2a210afebb13a,1.5779765140032396
rb_g121_v5,rb_g121,train,v5,2,2,16.5,2050.0,1000.0,110.77115091251056,59.81805430601909,63.62452825113098,110.72439638970008,0.9404839896982313,0.059516010317504586,-1.573585706182712e-11,1.1404570398051518e-10,1174,0b4ff10253e402e3929720353db76d032938e4b0709503e1aea647ec16224b08,177f3f7002f620d85d48aa10696c1ed06a42cd10813623bcadc2a210afebb13a,1.6500371669826563
rb_g121_v6,rb_g121,train,v6,3,3,12.500000000000002,1000.0,500.0,136.709102278216,90.1483246056284,94.42869097978674,136.67786189320503,0.8989947498524681,0.10100525017227345,-2.4741577675513324e-11,9.812514415128553e-11,1180,0b4ff10253e402e3929720353db76d032938e4b0709503e1aea647ec16224b08,177f3f7002f620d85d48aa10696c1ed06a42cd10813623bcadc2a210afebb13a,1.544321075984044
rb_g121_v7,rb_g121,train,v7,3,3,12.500000000000002,1000.0,500.0,136.04671889930944,90.15007670668979,94.43023021962576,136.01616561231344,0.8989924417370039,0.10100755828806283,-2.5066668740691964e-11,9.76180543849137e-11,1186,0b4ff10253e402e3929720353db76d032938e4b0709503e1aea647ec16224b08,177f3f7002f620d85d48aa10696c1ed06a42cd10813623bcadc2a210afebb13a,1.5676261839980725
rb_g122_v0,rb_g122,test,v0,0,0,1.7999999999999998,333.33,333.33,44.213115449864006,33.84779591441878,35.10334445420926,44.165904226210216,0.7700050247988799,0.2299949753451509,-1.440307441215162e-10,7.674227356951112e-11,1195,826565f29b721bdebfc5c3ba86a81c632e713a5601860dfecf563f7b4a6b7ba4,9eff515ca7afae7844d43639b7c0029c1b5c7350a3cd85a7db280057293c56ce,1.6184741489996668
rb_g122_v1,rb_g122,test,v1,0,0,2.5,500.0,333.33,45.42948130650416,34.02945027532538,35.28470548634621,45.36486105293591,0.8332568340395115,0.16674316606739198,-1.069034638589983e-10,7.821040171520808e-11,1186,826565f29b721bdebfc5c3ba86a81c632e713a5601860dfecf563f7b4a6b7ba4,9eff515ca7afae7844d43639b7c0029c1b5c7350a3cd85a7db280057293c56ce,1.6311364909925032
rb_g122_v2,rb_g122,test,v2,1,1,7.0,1000.0,333.33,73.61039056178885,52.421198181278626,54.326968285041644,73.446551097819,0.9078527609530546,0.09214723908429356,-3.734814045332411e-11,9.053396656610684e-11,1186,826565f29b721bdebfc5c3ba86a81c632e713a5601860dfecf563f7b4a6b7ba4,9eff515ca7afae7844d43639b7c0029c1b5c7350a3cd85a7db280057293c56ce,1.5817562710144557
rb_g122_v3,rb_g122,test,v3,1,1,7.0,1000.0,500.0,73.56831494766948,50.53999190922406,52.92275497389105,73.40343396390784,0.8988000954386361,0.10119990459741787,-3.605401691483426e-11,9.120846254820561e-11,1185,826565f29b721bdebfc5c3ba86a81c632e713a5601860dfecf563f7b4a6b7ba4,9eff515ca7afae7844d43639b7c0029c1b5c7350a3cd85a7db280057293c56ce,1.5433514250034932
rb_g122_v4,rb_g122,test,v4,2,2,16.5,2050.0,500.0,100.68239111781128,62.423266235540325,65.31226868006084,100.40144919501881,0.946486863591527,0.053513136425542424,-1.706943677313368e-11,1.184962890258667e-10,1168,826565f29b721bdebfc5c3ba86a81c632e713a5601860dfecf563f7b4a6b7ba4,9eff515ca7afae7844d43639b7c0029c1b5c7350a3cd85a7db280057293c56ce,1.5391873279877473
rb_g122_v5,rb_g122,test,v5,2,2,16.499999999999996,2050.0,1000.0,101.45779663928681,59.91537191684516,63.656994072649276,101.13655497273919,0.9403220525032631,0.05967794751314861,-1.6411632995355475e-11,1.1641422931269224e-10,1174,826565f29b721bdebfc5c3ba86a81c632e713a5601860dfecf563f7b4a6b7ba4,9eff515ca7afae7844d43639b7c0029c1b5c7350a3cd85a7db280057293c56ce,1.542614384990884
rb_g122_v6,rb_g122,test,v6,3,3,12.500000000000004,1000.0,500.0,131.3489433690064,90.24850956816682,94.50306421129356,131.14291759174205,0.8988042782204424,0.10119572180355452,-2.399694665200513e-11,9.671808789981491e-11,1194,826565f29b721bdebfc5c3ba86a81c632e713a5601860dfecf563f7b4a6b7ba4,9eff515ca7afae7844d43639b7c0029c1b5c7350a3cd85a7db280057293c56ce,1.5697023839747999
rb_g122_v7,rb_g122,test,v7,3,3,12.500000000000002,1000.0,500.0,130.95281887609963,90.24370333931638,94.49841153710067,130.7465548059305,0.8988127423446729,0.10118725768071116,-2.538401489005082e-11,9.564620181723758e-11,1172,826565f29b721bdebfc5c3ba86a81c632e713a5601860dfecf563f7b4a6b7ba4,9eff515ca7afae7844d43639b7c0029c1b5c7350a3cd85a7db280057293c56ce,1.5462809390155599
rb_g123_v0,rb_g123,train,v0,0,0,1.8,333.33,333.33,45.07166027956322,33.83520450504024,35.09403082090416,45.02793594188586,0.770169194754659,0.22983080538825468,-1.4291364388204406e-10,7.754652225675914e-11,1207,6ae4fc01ced3a8df9b4fbf117ee5d6b2e9beb8c786a591adf6ecd0b085778b6e,40526c76f14d2ce050881551ea655e8dea84b5b1bdef320798d8e7b5e5c7b824,1.5811448539898265
rb_g123_v1,rb_g123,train,v1,0,0,2.5,500.0,333.33,46.26520459487301,34.007734219457284,35.26831900279744,46.21021484079699,0.8334470669852994,0.1665529331222531,-1.0755250023919416e-10,7.85490306751182e-11,1192,6ae4fc01ced3a8df9b4fbf117ee5d6b2e9beb8c786a591adf6ecd0b085778b6e,40526c76f14d2ce050881551ea655e8dea84b5b1bdef320798d8e7b5e5c7b824,1.5896421250072308
rb_g123_v2,rb_g123,train,v2,1,1,7.0,1000.0,333.33,75.75349172373677,52.3430206622208,54.26928337567573,75.69717307600052,0.9080812819035984,0.09191871813478084,-3.837922043662242e-11,9.125650003174088e-11,1185,6ae4fc01ced3a8df9b4fbf117ee5d6b2e9beb8c786a591adf6ecd0b085778b6e,40526c76f14d2ce050881551ea655e8dea84b5b1bdef320798d8e7b5e5c7b824,1.554682510002749
rb_g123_v3,rb_g123,train,v3,1,1,7.0,1000.0,500.0,74.81148302173239,50.4651881935463,52.86683200425,74.68127811094098,0.8990556077756588,0.10094439226265849,-3.831733343316403e-11,9.208876909866386e-11,1172,6ae4fc01ced3a8df9b4fbf117ee5d6b2e9beb8c786a591adf6ecd0b085778b6e,40526c76f14d2ce050881551ea655e8dea84b5b1bdef320798d8e7b5e5c7b824,1.578716523014009
rb_g123_v4,rb_g123,train,v4,2,2,16.5,2050.0,500.0,105.34023546569307,62.239975861333434,65.19901671056208,104.96397618756026,0.9467429670605291,0.053257032955284,-1.581309494121907e-11,1.1667067900019657e-10,1130,6ae4fc01ced3a8df9b4fbf117ee5d6b2e9beb8c786a591adf6ecd0b085778b6e,40526c76f14d2ce050881551ea655e8dea84b5b1bdef320798d8e7b5e5c7b824,1.4951663299871143
rb_g123_v5,rb_g123,train,v5,2,2,16.499999999999996,2050.0,1000.0,106.66439407291188,59.75311304302166,63.56877118840539,106.25912748133328,0.9405927727125534,0.05940722730451974,-1.7073070230305187e-11,1.1609148734619186e-10,1172,6ae4fc01ced3a8df9b4fbf117ee5d6b2e9beb8c786a591adf6ecd0b085778b6e,40526c76f14d2ce050881551ea655e8dea84b5b1bdef320798d8e7b5e5c7b824,1.5286372310074512
rb_g123_v6,rb_g123,train,v6,3,3,12.499999999999998,1000.0,500.0,135.5977930537175,90.11283771014702,94.40437844893438,135.37410508326155,0.8990622812483192,0.10093771877614648,-2.4465727221922864e-11,9.791306567680398e-11,1202,6ae4fc01ced3a8df9b4fbf117ee5d6b2e9beb8c786a591adf6ecd0b085778b6e,40526c76f14d2ce050881551ea655e8dea84b5b1bdef320798d8e7b5e5c7b824,1.648650210001506
rb_g123_v7,rb_g123,train,v7,3,3,12.5,1000.0,500.0,135.5938265853046,90.1124899636246,94.40482040452724,135.38649049532302,0.8990627238968523,0.10093727612734797,-2.4200250692274495e-11,9.852244380062868e-11,1211,6ae4fc01ced3a8df9b4fbf117ee5d6b2e9beb8c786a591adf6ecd0b085778b6e,40526c76f14d2ce050881551ea655e8dea84b5b1bdef320798d8e7b5e5c7b824,1.636086870013969
rb_g124_v0,rb_g124,train,v0,0,0,1.7999999999999996,333.33,333.33,44.80747363184224,33.84744557919129,35.103213383594124,44.769983044238984,0.7700096305764742,0.22999036956829985,-1.4477403843650277e-10,7.628239155266169e-11,1191,63c630b98ba828a5a0f343fc4a872024f52f2cc0fa8eed56e16fd4026c0e019b,ea65fc15e677c17d10082704bf47af7903241d1de53aa648a8c18daf70f99ca4,1.661656159994891
rb_g124_v1,rb_g124,train,v1,0,0,2.499999999999999,500.0,333.33,45.996116174151155,34.026692068196624,35.282315857606484,45.94508203969815,0.8332804183881632,0.16671958172029888,-1.084621059632696e-10,7.884086662123636e-11,1192,63c630b98ba828a5a0f343fc4a872024f52f2cc0fa8eed56e16fd4026c0e019b,ea65fc15e677c17d10082704bf47af7903241d1de53aa648a8c18daf70f99ca4,1.6140823200112209
rb_g124_v2,rb_g124,train,v2,1,1,7.0,1000.0,333.33,75.03905060840606,52.41051930543941,54.317093211908784,74.88615398881086,0.9078837636079182,0.09211623642892515,-3.6843369625013824e-11,8.962581286365132e-11,1181,63c630b98ba828a5a0f343fc4a872024f52f2cc0fa8eed56e16fd4026c0e019b,ea65fc15e677c17d10082704bf47af7903241d1de53aa648a8c18daf70f99ca4,1.5625702420074958
rb_g124_v3,rb_g124,train,v3,1,1,7.0,1000.0,500.0,73.87644508713606,50.529371168281365,52.912692839355444,73.70529331874036,0.8988367334540229,0.10116326658330028,-3.7323192155927896e-11,9.222837368871513e-11,1184,63c630b98ba828a5a0f343fc4a872024f52f2cc0fa8eed56e16fd4026c0e019b,ea65fc15e677c17d10082704bf47af7903241d1de53aa648a8c18daf70f99ca4,1.5516129639872815
rb_g124_v4,rb_g124,train,v4,2,2,16.5,2050.0,500.0,102.46469835880907,62.408673700425716,65.29999057359991,102.03212908913451,0.9465077374810688,0.053492262534592966,-1.5661774907274857e-11,1.1611884940267877e-10,1131,63c630b98ba828a5a0f343fc4a872024f52f2cc0fa8eed56e16fd4026c0e019b,ea65fc15e677c17d10082704bf47af7903241d1de53aa648a8c18daf70f99ca4,1.4913037160004023
rb_g124_v5,rb_g124,train,v5,2,2,16.5,2050.0,1000.0,103.35445891090211,59.90920696368666,63.656320677439275,102.92448649521464,0.9403326846769053,0.05966731534013886,-1.7044244803411278e-11,1.1491176645756586e-10,1135,63c630b98ba828a5a0f343fc4a872024f52f2cc0fa8eed56e16fd4026c0e019b,ea65fc15e677c17d10082704bf47af7903241d1de53aa648a8c18daf70f99ca4,1.5152743450016715
rb_g124_v6,rb_g124,train,v6,3,3,12.5,1000.0,500.0,133.92272682424607,90.23507213415161,94.49235863074937,133.6292640125078,0.8988288121495371,0.10117118787458872,-2.4125839104272017e-11,9.570105646873105e-11,1144,63c630b98ba828a5a0f343fc4a872024f52f2cc0fa8eed56e16fd4026c0e019b,ea65fc15e677c17d10082704bf47af7903241d1de53aa648a8c18daf70f99ca4,1.6076533839805052
rb_g124_v7,rb_g124,train,v7,3,3,12.499999999999998,1000.0,500.0,134.18864999509685,90.23559767994219,94.49302170126994,133.90585017013348,0.8988279352564954,0.10117206476775933,-2.4254784847244084e-11,9.584111813719698e-11,1142,63c630b98ba828a5a0f343fc4a872024f52f2cc0fa8eed56e16fd4026c0e019b,ea65fc15e677c17d10082704bf47af7903241d1de53aa648a8c18daf70f99ca4,1.4995302299794275
rb_g125_v0,rb_g125,test,v0,0,0,1.8000000000000005,333.33,333.33,44.70581544061628,33.83947734488038,35.09651377012149,44.705619427936085,0.7701128203927575,0.2298871797513715,-1.4412902969872393e-10,7.722948929076914e-11,1200,219830aec3fd9fd5af72c05f9ec9a83273e9d1b53284afb476ef1029c006cacb,88641917b95afa86346d20436006041b163ae280377064802405c193480d01b4,1.574358026002301
rb_g125_v1,rb_g125,test,v1,0,0,2.5,500.0,333.33,46.09350520267975,34.01359770362311,35.27122865693967,46.09350520267975,0.8333945503417919,0.16660544976565544,-1.0744733991430166e-10,7.913191540063427e-11,1195,219830aec3fd9fd5af72c05f9ec9a83273e9d1b53284afb476ef1029c006cacb,88641917b95afa86346d20436006041b163ae280377064802405c193480d01b4,1.6009942720120307
rb_g125_v2,rb_g125,test,v2,1,1,7.0,1000.0,333.33,75.98883675772629,52.37123462674104,54.28544039291376,75.98883675772629,0.9079983488669522,0.09200165117074836,-3.7700541101669065e-11,9.061199533657012e-11,1177,219830aec3fd9fd5af72c05f9ec9a83273e9d1b53284afb476ef1029c006cacb,88641917b95afa86346d20436006041b163ae280377064802405c193480d01b4,1.5219617279944941
rb_g125_v3,rb_g125,test,v3,1,1,7.000000000000001,1000.0,500.0,74.75124702467787,50.497046994850905,52.88740323417393,74.75116388248699,0.898947029292549,0.10105297074614901,-3.869794960666338e-11,9.254125937313032e-11,1185,219830aec3fd9fd5af72c05f9ec9a83273e9d1b53284afb476ef1029c006cacb,88641917b95afa86346d20436006041b163ae280377064802405c193480d01b4,1.6026848860201426
rb_g125_v4,rb_g125,test,v4,2,2,16.499999999999996,2050.0,500.0,103.34221501168764,62.33753761667324,65.2536406113049,103.34221501168764,0.946607252716984,0.05339274730023609,-1.7220050301516774e-11,1.1739738019887173e-10,1170,219830aec3fd9fd5af72c05f9ec9a83273e9d1b53284afb476ef1029c006cacb,88641917b95afa86346d20436006041b163ae280377064802405c193480d01b4,1.5233052340045106
rb_g125_v5,rb_g125,test,v5,2,2,16.5,2050.0,1000.0,103.66257474932803,59.842490751074074,63.61373274728925,103.66257474932803,0.9404438044129534,0.05955619560282203,-1.5775441559123298e-11,1.1641763321721173e-10,1178,219830aec3fd9fd5af72c05f9ec9a83273e9d1b53284afb476ef1029c006cacb,88641917b95afa86346d20436006041b163ae280377064802405c193480d01b4,1.5494056009920314
rb_g125_v6,rb_g125,test,v6,3,3,12.5,1000.0,500.0,133.59060138770172,90.1756721139391,94.44525338724746,133.59060138770172,0.8989421328874384,0.10105786713741921,-2.4857627067831346e-11,9.859782534348913e-11,1188,219830aec3fd9fd5af72c05f9ec9a83273e9d1b53284afb476ef1029c006cacb,88641917b95afa86346d20436006041b163ae280377064802405c193480d01b4,1.69296707000467
rb_g125_v7,rb_g125,test,v7,3,3,12.499999999999998,1000.0,500.0,133.8991518211808,90.17194103998135,94.44176832068655,133.8991518211808,0.8989494134220078,0.1010505866021393,-2.414708433207125e-11,9.87837100514576e-11,1196,219830aec3fd9fd5af72c05f9ec9a83273e9d1b53284afb476ef1029c006cacb,88641917b95afa86346d20436006041b163ae280377064802405c193480d01b4,1.6313762989884708
rb_g126_v0,rb_g126,train,v0,0,0,1.7999999999999998,333.33,333.33,45.147872853920205,33.84489768155408,35.10294732869492,45.12362505755681,0.7700425882713929,0.2299574118759955,-1.4738845946185267e-10,7.503676168692302e-11,1161,f668424db61407e4aba211f2686bf2f692703a5d8545dfeccca9d3878aa0567b,b32f60ab5f089b82ee49348f5e388741687f8671df149bf35a563d9e53fc9fa7,1.5972725989995524
rb_g126_v1,rb_g126,train,v1,0,0,2.4999999999999996,500.0,333.33,46.50570974264599,34.02257598330686,35.2825412611388,46.47923291631287,0.8333162627384502,0.16668373736956088,-1.0801100014390388e-10,7.777372558372915e-11,1178,f668424db61407e4aba211f2686bf2f692703a5d8545dfeccca9d3878aa0567b,b32f60ab5f089b82ee49348f5e388741687f8671df149bf35a563d9e53fc9fa7,1.5282855690165889
rb_g126_v2,rb_g126,train,v2,1,1,6.999999999999999,1000.0,333.33,77.35385633400813,52.39899214012967,54.32702199466953,77.35385633400813,0.9079174631284188,0.09208253690892783,-3.734666544273426e-11,8.88796766831623e-11,1133,f668424db61407e4aba211f2686bf2f692703a5d8545dfeccca9d3878aa0567b,b32f60ab5f089b82ee49348f5e388741687f8671df149bf35a563d9e53fc9fa7,1.5083330210181884
rb_g126_v3,rb_g126,train,v3,1,1,6.999999999999998,1000.0,500.0,77.14634266850618,50.5214110080441,52.926101380209126,77.14634266850618,0.8988638779267798,0.10113612211194058,-3.87203602514319e-11,9.035128505409368e-11,1167,f668424db61407e4aba211f2686bf2f692703a5d8545dfeccca9d3878aa0567b,b32f60ab5f089b82ee49348f5e388741687f8671df149bf35a563d9e53fc9fa7,1.6104173809872009
rb_g126_v4,rb_g126,train,v4,2,2,16.499999999999996,2050.0,500.0,110.17578895172772,62.388690065458626,65.37077106192673,110.17578895172772,0.9465353366569978,0.05346466336005407,-1.705197599283731e-11,1.1815355562284512e-10,1166,f668424db61407e4aba211f2686bf2f692703a5d8545dfeccca9d3878aa0567b,b32f60ab5f089b82ee49348f5e388741687f8671df149bf35a563d9e53fc9fa7,1.6414221950108185
rb_g126_v5,rb_g126,train,v5,2,2,16.5,2050.0,1000.0,108.97367868658387,59.891156473756794,63.72562370897991,108.97367868658387,0.9403625560853988,0.05963744393105377,-1.645257667477877e-11,1.1326174236588825e-10,1166,f668424db61407e4aba211f2686bf2f692703a5d8545dfeccca9d3878aa0567b,b32f60ab5f089b82ee49348f5e388741687f8671df149bf35a563d9e53fc9fa7,1.5207840819784906
rb_g126_v6,rb_g126,train,v6,3,3,12.5,1000.0,500.0,137.14767621632302,90.21555104592088,94.50904176383656,137.01070708254935,0.8988662205021306,0.10113377952181216,-2.3942785531971822e-11,9.878509334066188e-11,1199,f668424db61407e4aba211f2686bf2f692703a5d8545dfeccca9d3878aa0567b,b32f60ab5f089b82ee49348f5e388741687f8671df149bf35a563d9e53fc9fa7,1.5442524170211982
rb_g126_v7,rb_g126,train,v7,3,3,12.499999999999998,1000.0,500.0,137.1902898379443,90.21938852115825,94.5130648109881,137.05242900166076,0.898859405313249,0.1011405947112289,-2.4477930793409545e-11,9.735802207032087e-11,1204,f668424db61407e4aba211f2686bf2f692703a5d8545dfeccca9d3878aa0567b,b32f60ab5f089b82ee49348f5e388741687f8671df149bf35a563d9e53fc9fa7,1.5673105560126714
rb_g127_v0,rb_g127,test,v0,0,0,1.8,333.33,333.33,44.473866478279206,33.83661211331397,35.09394244342341,44.473866478279206,0.770149691103068,0.22985030904253712,-1.4560504037043465e-10,7.642720765230417e-11,1184,6601040cc2971062aee6ead5e90e9fa1035c45cc40905e97a5be6624865680be,e2977378e3af2cadb55b79bff361e113d812777c62c56e7bce554200a431c4de,1.5636672000109684
rb_g127_v1,rb_g127,test,v1,0,0,2.5,500.0,333.33,45.546897820880474,34.01032098138633,35.268066533550666,45.546897820880474,0.8334229455737698,0.1665770545330632,-1.0683307571923706e-10,7.7919205875319e-11,1186,6601040cc2971062aee6ead5e90e9fa1035c45cc40905e97a5be6624865680be,e2977378e3af2cadb55b79bff361e113d812777c62c56e7bce554200a431c4de,1.5955667679954786
rb_g127_v2,rb_g127,test,v2,1,1,6.999999999999999,1000.0,333.33,73.68361124503798,52.36334934390306,54.276579197583075,73.68361124503798,0.9080217527744698,0.09197824726398028,-3.8450068525922436e-11,8.94575525001364e-11,1175,6601040cc2971062aee6ead5e90e9fa1035c45cc40905e97a5be6624865680be,e2977378e3af2cadb55b79bff361e113d812777c62c56e7bce554200a431c4de,1.5820937600219622
rb_g127_v3,rb_g127,test,v3,1,1,7.0,1000.0,500.0,72.2814052889322,50.48696406149937,52.87631946481278,72.2814052889322,0.8989813952154188,0.10101860482330553,-3.8724309473333765e-11,9.248875316068412e-11,1179,6601040cc2971062aee6ead5e90e9fa1035c45cc40905e97a5be6624865680be,e2977378e3af2cadb55b79bff361e113d812777c62c56e7bce554200a431c4de,1.5283718730206601
rb_g127_v4,rb_g127,test,v4,2,2,16.5,2050.0,500.0,100.29917005490455,62.29670911575235,65.2101977378384,99.8098578474004,0.9466636243116124,0.05333637570479861,-1.641101396191144e-11,1.1790709168168615e-10,1158,6601040cc2971062aee6ead5e90e9fa1035c45cc40905e97a5be6624865680be,e2977378e3af2cadb55b79bff361e113d812777c62c56e7bce554200a431c4de,1.515019739017589
rb_g127_v5,rb_g127,test,v5,2,2,16.5,2050.0,1000.0,99.90415571280897,59.79804148031291,63.56889165994054,99.13795235441984,0.9405175806514701,0.05948241936551222,-1.698227417276402e-11,1.1599080490377792e-10,1160,6601040cc2971062aee6ead5e90e9fa1035c45cc40905e97a5be6624865680be,e2977378e3af2cadb55b79bff361e113d812777c62c56e7bce554200a431c4de,1.5470469659776427
rb_g127_v6,rb_g127,test,v6,3,3,12.5,1000.0,500.0,131.33733168647927,90.15025127109882,94.42054040383103,131.33733168647927,0.8989914016484185,0.10100859837560275,-2.402128274070492e-11,9.794522099469467e-11,1194,6601040cc2971062aee6ead5e90e9fa1035c45cc40905e97a5be6624865680be,e2977378e3af2cadb55b79bff361e113d812777c62c56e7bce554200a431c4de,1.5350711490027606
rb_g127_v7,rb_g127,test,v7,3,3,12.500000000000002,1000.0,500.0,131.6909958180829,90.15088741553623,94.42203038066043,131.6909958180829,0.8989903285230474,0.10100967150170298,-2.4750423932573537e-11,9.807903384566795e-11,1185,6601040cc2971062aee6ead5e90e9fa1035c45cc40905e97a5be6624865680be,e2977378e3af2cadb55b79bff361e113d812777c62c56e7bce554200a431c4de,1.5505675220047124
