sample_id,group_id,split_role,family,block_index,layer,k_x_W_mK,k_y_W_mK,k_z_W_mK,control_volume_count,bbox_fraction_xy,block_id,source_power_W,power_fraction,source_volume_m3,surface_power_density_W_cm2,q_W_m3
rb_g000_v0,rb_g000,valid,k,0,silicon_die_lower,20.0,20.0,20.0,440,"[0.1118471787, 0.272675797, 0.0980259901, 0.2687228623]",k00,,,,,
rb_g000_v0,rb_g000,valid,k,1,silicon_die_upper,120.0,120.0,120.0,560,"[0.5688709837, 0.7307616026, 0.3412989741, 0.5503370649]",k01,,,,,
rb_g000_v0,rb_g000,valid,q,0,silicon_die_lower,,,,352,"[0.0690129029, 0.1975280211, 0.4202557918, 0.5843046149]",q00,0.6011665758920675,0.3339814310511486,3.021240234374998e-10,28.514613365622726,1989800642.3061898
rb_g000_v0,rb_g000,valid,q,1,silicon_die_upper,,,,352,"[0.8171219196, 0.945138783, 0.268589576, 0.4453170058]",q01,0.6502622369580455,0.3612567983100253,2.9541015624999996e-10,28.74202680971541,2201218283.124095
rb_g000_v0,rb_g000,valid,q,2,silicon_die_lower,,,,288,"[0.1782518421, 0.3216148992, 0.139153815, 0.2528034206]",q02,0.5485711871498872,0.3047617706388262,2.471923828124999e-10,33.66881310691046,2219207488.9540133
rb_g000_v1,rb_g000,valid,k,0,silicon_die_lower,50.0,50.0,50.0,440,"[0.1118471787, 0.272675797, 0.0980259901, 0.2687228623]",k00,,,,,
rb_g000_v1,rb_g000,valid,k,1,silicon_die_upper,135.0,135.0,135.0,560,"[0.5688709837, 0.7307616026, 0.3412989741, 0.5503370649]",k01,,,,,
rb_g000_v1,rb_g000,valid,q,0,silicon_die_lower,,,,352,"[0.0690129029, 0.1975280211, 0.4202557918, 0.5843046149]",q00,0.8986705894702343,0.3594682357880937,3.021240234374998e-10,42.6258634951134,2974508876.3394604
rb_g000_v1,rb_g000,valid,q,1,silicon_die_upper,,,,352,"[0.8171219196, 0.945138783, 0.268589576, 0.4453170058]",q01,0.9031451253045961,0.3612580501218384,2.9541015624999996e-10,39.919620007463685,3057258209.295559
rb_g000_v1,rb_g000,valid,q,2,silicon_die_lower,,,,288,"[0.1782518421, 0.3216148992, 0.139153815, 0.2528034206]",q02,0.6981842852251697,0.2792737140900679,2.471923828124999e-10,42.851386955919786,2824457118.3035026
rb_g000_v2,rb_g000,valid,k,0,silicon_die_lower,120.0,120.0,120.0,440,"[0.1118471787, 0.272675797, 0.0980259901, 0.2687228623]",k00,,,,,
rb_g000_v2,rb_g000,valid,k,1,silicon_die_upper,140.0,140.0,140.0,560,"[0.5688709837, 0.7307616026, 0.3412989741, 0.5503370649]",k01,,,,,
rb_g000_v2,rb_g000,valid,q,0,silicon_die_lower,,,,352,"[0.0690129029, 0.1975280211, 0.4202557918, 0.5843046149]",q00,2.6909476094146143,0.3844210870592306,3.021240234374998e-10,127.63738661908027,8906764774.27254
rb_g000_v2,rb_g000,valid,q,1,silicon_die_upper,,,,352,"[0.8171219196, 0.945138783, 0.268589576, 0.4453170058]",q01,2.468178970658648,0.3525969958083783,2.9541015624999996e-10,109.09516517168393,8355091788.279193
rb_g000_v2,rb_g000,valid,q,2,silicon_die_lower,,,,288,"[0.1782518421, 0.3216148992, 0.139153815, 0.2528034206]",q02,1.840873419926737,0.262981917132391,2.471923828124999e-10,112.98446688571246,7447128422.735721
rb_g000_v3,rb_g000,valid,k,0,silicon_die_lower,135.0,135.0,135.0,440,"[0.1118471787, 0.272675797, 0.0980259901, 0.2687228623]",k00,,,,,
rb_g000_v3,rb_g000,valid,k,1,silicon_die_upper,150.0,150.0,150.0,560,"[0.5688709837, 0.7307616026, 0.3412989741, 0.5503370649]",k01,,,,,
rb_g000_v3,rb_g000,valid,q,0,silicon_die_lower,,,,352,"[0.0690129029, 0.1975280211, 0.4202557918, 0.5843046149]",q00,2.7457657783331335,0.3922522540475905,3.021240234374998e-10,130.23752933294202,9088207376.204058
rb_g000_v3,rb_g000,valid,q,1,silicon_die_upper,,,,352,"[0.8171219196, 0.945138783, 0.268589576, 0.4453170058]",q01,2.396105176814121,0.34230073954487444,2.9541015624999996e-10,105.90945516544384,8111113061.347637
rb_g000_v3,rb_g000,valid,q,2,silicon_die_lower,,,,288,"[0.1782518421, 0.3216148992, 0.139153815, 0.2528034206]",q02,1.8581290448527457,0.2654470064075351,2.471923828124999e-10,114.0435389337637,7516934881.695653
rb_g000_v4,rb_g000,valid,k,0,silicon_die_lower,140.0,140.0,140.0,440,"[0.1118471787, 0.272675797, 0.0980259901, 0.2687228623]",k00,,,,,
rb_g000_v4,rb_g000,valid,k,1,silicon_die_upper,385.0,385.0,385.0,560,"[0.5688709837, 0.7307616026, 0.3412989741, 0.5503370649]",k01,,,,,
rb_g000_v4,rb_g000,valid,q,0,silicon_die_lower,,,,352,"[0.0690129029, 0.1975280211, 0.4202557918, 0.5843046149]",q00,6.223202367429744,0.3771637798442269,3.021240234374998e-10,295.1797663400812,20598171229.892727
rb_g000_v4,rb_g000,valid,q,1,silicon_die_upper,,,,352,"[0.8171219196, 0.945138783, 0.268589576, 0.4453170058]",q01,5.5635004105685075,0.337181843064758,2.9541015624999996e-10,245.9104479209359,18833138579.907944
rb_g000_v4,rb_g000,valid,q,2,silicon_die_lower,,,,288,"[0.1782518421, 0.3216148992, 0.139153815, 0.2528034206]",q02,4.71329722200175,0.28565437709101515,2.471923828124999e-10,289.2808207980812,19067323872.90783
rb_g000_v5,rb_g000,valid,k,0,silicon_die_lower,150.0,150.0,150.0,440,"[0.1118471787, 0.272675797, 0.0980259901, 0.2687228623]",k00,,,,,
rb_g000_v5,rb_g000,valid,k,1,silicon_die_upper,400.0,400.0,400.0,560,"[0.5688709837, 0.7307616026, 0.3412989741, 0.5503370649]",k01,,,,,
rb_g000_v5,rb_g000,valid,q,0,silicon_die_lower,,,,352,"[0.0690129029, 0.1975280211, 0.4202557918, 0.5843046149]",q00,5.765045388605874,0.34939669021853786,3.021240234374998e-10,273.4484032939261,19081717908.468426
rb_g000_v5,rb_g000,valid,q,1,silicon_die_upper,,,,352,"[0.8171219196, 0.945138783, 0.268589576, 0.4453170058]",q01,5.596638883211259,0.3391902353461369,2.9541015624999996e-10,247.37519062779626,18945316417.878777
rb_g000_v5,rb_g000,valid,q,2,silicon_die_lower,,,,288,"[0.1782518421, 0.3216148992, 0.139153815, 0.2528034206]",q02,5.138315728182865,0.3114130744353251,2.471923828124999e-10,315.36653034097105,20786707380.382244
rb_g000_v6,rb_g000,valid,k,0,silicon_die_lower,385.0,385.0,385.0,440,"[0.1118471787, 0.272675797, 0.0980259901, 0.2687228623]",k00,,,,,
rb_g000_v6,rb_g000,valid,k,1,silicon_die_upper,600.0,600.0,600.0,560,"[0.5688709837, 0.7307616026, 0.3412989741, 0.5503370649]",k01,,,,,
rb_g000_v6,rb_g000,valid,q,0,silicon_die_lower,,,,352,"[0.0690129029, 0.1975280211, 0.4202557918, 0.5843046149]",q00,4.345343201082641,0.3476274560866113,3.021240234374998e-10,206.10889941102576,14382647072.027885
rb_g000_v6,rb_g000,valid,q,1,silicon_die_upper,,,,352,"[0.8171219196, 0.945138783, 0.268589576, 0.4453170058]",q01,4.363461359126903,0.3490769087301523,2.9541015624999996e-10,192.8679173403612,14770857625.606445
rb_g000_v6,rb_g000,valid,q,2,silicon_die_lower,,,,288,"[0.1782518421, 0.3216148992, 0.139153815, 0.2528034206]",q02,3.7911954397904553,0.30329563518323643,2.471923828124999e-10,232.68639276747018,15337023724.821442
rb_g000_v7,rb_g000,valid,k,0,silicon_die_lower,400.0,400.0,400.0,440,"[0.1118471787, 0.272675797, 0.0980259901, 0.2687228623]",k00,,,,,
rb_g000_v7,rb_g000,valid,k,1,silicon_die_upper,20.0,20.0,20.0,560,"[0.5688709837, 0.7307616026, 0.3412989741, 0.5503370649]",k01,,,,,
rb_g000_v7,rb_g000,valid,q,0,silicon_die_lower,,,,352,"[0.0690129029, 0.1975280211, 0.4202557918, 0.5843046149]",q00,4.33546287264886,0.34683702981190884,3.021240234374998e-10,205.6402543523803,14349944182.925045
rb_g000_v7,rb_g000,valid,q,1,silicon_die_upper,,,,352,"[0.8171219196, 0.945138783, 0.268589576, 0.4453170058]",q01,4.404804070369744,0.35238432562957955,2.9541015624999996e-10,194.69529289347167,14910807828.292953
rb_g000_v7,rb_g000,valid,q,2,silicon_die_lower,,,,288,"[0.1782518421, 0.3216148992, 0.139153815, 0.2528034206]",q02,3.759733056981395,0.3007786445585116,2.471923828124999e-10,230.75537431168883,15209744791.502024
rb_g001_v0,rb_g001,train,k,0,silicon_die_upper,135.0,135.0,135.0,168,"[0.0970074128, 0.2091243229, 0.4815733985, 0.5694711324]",k00,,,,,
rb_g001_v0,rb_g001,train,k,1,silicon_die_lower,150.0,150.0,150.0,256,"[0.3036835232, 0.4318683578, 0.3927165758, 0.517951863]",k01,,,,,
rb_g001_v0,rb_g001,train,k,2,silicon_die_upper,400.0,400.0,400.0,396,"[0.1926375347, 0.3617636357, 0.1308220799, 0.2663153636]",k02,,,,,
rb_g001_v0,rb_g001,train,k,3,silicon_die_lower,20.0,20.0,20.0,144,"[0.6231926265, 0.7172451777, 0.2988096157, 0.3985764178]",k03,,,,,
rb_g001_v0,rb_g001,train,k,4,silicon_die_upper,120.0,120.0,120.0,504,"[0.167106182, 0.377917798, 0.7066899365, 0.8472155449]",k04,,,,,
rb_g001_v0,rb_g001,train,q,0,silicon_die_upper,,,,168,"[0.8174219479, 0.9148310411, 0.5310558956, 0.6398172867]",q00,0.301491399291102,0.16749522182839002,1.4099121093749992e-10,28.457757435205824,2138370167.0932548
rb_g001_v0,rb_g001,train,q,1,silicon_die_lower,,,,224,"[0.4287182411, 0.5426283519, 0.594873335, 0.7297412738]",q01,0.4427881917282644,0.24599343984903577,1.9226074218749992e-10,28.822061206707318,2303060867.7066307
rb_g001_v0,rb_g001,train,q,2,silicon_die_upper,,,,360,"[0.4070588218, 0.5690793705, 0.6024282649, 0.7481359818]",q02,0.6726068732395528,0.3736704851330849,3.021240234375e-10,28.491062739924025,2226260810.334714
rb_g001_v0,rb_g001,train,q,3,silicon_die_lower,,,,224,"[0.3821457346, 0.4850543785, 0.7469885529, 0.86005535]",q03,0.3831135357410808,0.21284085318948934,1.9226074218749997e-10,32.92611958419243,1992676879.2323394
rb_g001_v1,rb_g001,train,k,0,silicon_die_upper,140.0,140.0,140.0,168,"[0.0970074128, 0.2091243229, 0.4815733985, 0.5694711324]",k00,,,,,
rb_g001_v1,rb_g001,train,k,1,silicon_die_lower,385.0,385.0,385.0,256,"[0.3036835232, 0.4318683578, 0.3927165758, 0.517951863]",k01,,,,,
rb_g001_v1,rb_g001,train,k,2,silicon_die_upper,600.0,600.0,600.0,396,"[0.1926375347, 0.3617636357, 0.1308220799, 0.2663153636]",k02,,,,,
rb_g001_v1,rb_g001,train,k,3,silicon_die_lower,50.0,50.0,50.0,144,"[0.6231926265, 0.7172451777, 0.2988096157, 0.3985764178]",k03,,,,,
rb_g001_v1,rb_g001,train,k,4,silicon_die_upper,135.0,135.0,135.0,504,"[0.167106182, 0.377917798, 0.7066899365, 0.8472155449]",k04,,,,,
rb_g001_v1,rb_g001,train,q,0,silicon_die_upper,,,,168,"[0.8174219479, 0.9148310411, 0.5310558956, 0.6398172867]",q00,0.46776585158666556,0.18710634063466622,1.4099121093749992e-10,44.15239430453193,3317695113.591313
rb_g001_v1,rb_g001,train,q,1,silicon_die_lower,,,,224,"[0.4287182411, 0.5426283519, 0.594873335, 0.7297412738]",q01,0.6284758861812552,0.2513903544725021,1.9226074218749992e-10,40.908883291928795,3268872672.759901
rb_g001_v1,rb_g001,train,q,2,silicon_die_upper,,,,360,"[0.4070588218, 0.5690793705, 0.6024282649, 0.7481359818]",q02,0.8900328018998678,0.3560131207599471,3.021240234375e-10,37.701042627448906,2945918671.98534
rb_g001_v1,rb_g001,train,q,3,silicon_die_lower,,,,224,"[0.3821457346, 0.4850543785, 0.7469885529, 0.86005535]",q03,0.5137254603322116,0.20549018413288464,1.9226074218749997e-10,44.15136601118249,2672024743.518399
rb_g001_v2,rb_g001,train,k,0,silicon_die_upper,150.0,150.0,150.0,168,"[0.0970074128, 0.2091243229, 0.4815733985, 0.5694711324]",k00,,,,,
rb_g001_v2,rb_g001,train,k,1,silicon_die_lower,400.0,400.0,400.0,256,"[0.3036835232, 0.4318683578, 0.3927165758, 0.517951863]",k01,,,,,
rb_g001_v2,rb_g001,train,k,2,silicon_die_upper,20.0,20.0,20.0,396,"[0.1926375347, 0.3617636357, 0.1308220799, 0.2663153636]",k02,,,,,
rb_g001_v2,rb_g001,train,k,3,silicon_die_lower,120.0,120.0,120.0,144,"[0.6231926265, 0.7172451777, 0.2988096157, 0.3985764178]",k03,,,,,
rb_g001_v2,rb_g001,train,k,4,silicon_die_upper,140.0,140.0,140.0,504,"[0.167106182, 0.377917798, 0.7066899365, 0.8472155449]",k04,,,,,
rb_g001_v2,rb_g001,train,q,0,silicon_die_upper,,,,168,"[0.8174219479, 0.9148310411, 0.5310558956, 0.6398172867]",q00,1.3760914606294772,0.1965844943756396,1.4099121093749992e-10,129.88920110931832,9760122290.456003
rb_g001_v2,rb_g001,train,q,1,silicon_die_lower,,,,224,"[0.4287182411, 0.5426283519, 0.594873335, 0.7297412738]",q01,1.70778428028505,0.2439691828978643,1.9226074218749992e-10,111.16345009587651,8882646872.441357
rb_g001_v2,rb_g001,train,q,2,silicon_die_upper,,,,360,"[0.4070588218, 0.5690793705, 0.6024282649, 0.7481359818]",q02,2.41256469304413,0.3446520990063043,3.021240234375e-10,102.19421592078342,7985345440.572732
rb_g001_v2,rb_g001,train,q,3,silicon_die_lower,,,,224,"[0.3821457346, 0.4850543785, 0.7469885529, 0.86005535]",q03,1.5035595660413437,0.21479422372019194,1.9226074218749997e-10,129.2211771574983,7820419025.403612
rb_g001_v3,rb_g001,train,k,0,silicon_die_upper,385.0,385.0,385.0,168,"[0.0970074128, 0.2091243229, 0.4815733985, 0.5694711324]",k00,,,,,
rb_g001_v3,rb_g001,train,k,1,silicon_die_lower,600.0,600.0,600.0,256,"[0.3036835232, 0.4318683578, 0.3927165758, 0.517951863]",k01,,,,,
rb_g001_v3,rb_g001,train,k,2,silicon_die_upper,50.0,50.0,50.0,396,"[0.1926375347, 0.3617636357, 0.1308220799, 0.2663153636]",k02,,,,,
rb_g001_v3,rb_g001,train,k,3,silicon_die_lower,135.0,135.0,135.0,144,"[0.6231926265, 0.7172451777, 0.2988096157, 0.3985764178]",k03,,,,,
rb_g001_v3,rb_g001,train,k,4,silicon_die_upper,150.0,150.0,150.0,504,"[0.167106182, 0.377917798, 0.7066899365, 0.8472155449]",k04,,,,,
rb_g001_v3,rb_g001,train,q,0,silicon_die_upper,,,,168,"[0.8174219479, 0.9148310411, 0.5310558956, 0.6398172867]",q00,1.3170627111420885,0.1881518158774412,1.4099121093749992e-10,124.31748052768509,9341452579.806057
rb_g001_v3,rb_g001,train,q,1,silicon_die_lower,,,,224,"[0.4287182411, 0.5426283519, 0.594873335, 0.7297412738]",q01,1.6051709777179388,0.22931013967399125,1.9226074218749992e-10,104.48412363130208,8348927396.485943
rb_g001_v3,rb_g001,train,q,2,silicon_die_upper,,,,360,"[0.4070588218, 0.5690793705, 0.6024282649, 0.7481359818]",q02,2.424202848163888,0.34631469259484116,3.021240234375e-10,102.68719840562922,8023866558.447907
rb_g001_v3,rb_g001,train,q,3,silicon_die_lower,,,,224,"[0.3821457346, 0.4850543785, 0.7469885529, 0.86005535]",q03,1.6535634629760854,0.23622335185372648,1.9226074218749997e-10,142.11303763174195,8600629770.603233
rb_g001_v4,rb_g001,train,k,0,silicon_die_upper,400.0,400.0,400.0,168,"[0.0970074128, 0.2091243229, 0.4815733985, 0.5694711324]",k00,,,,,
rb_g001_v4,rb_g001,train,k,1,silicon_die_lower,20.0,20.0,20.0,256,"[0.3036835232, 0.4318683578, 0.3927165758, 0.517951863]",k01,,,,,
rb_g001_v4,rb_g001,train,k,2,silicon_die_upper,120.0,120.0,120.0,396,"[0.1926375347, 0.3617636357, 0.1308220799, 0.2663153636]",k02,,,,,
rb_g001_v4,rb_g001,train,k,3,silicon_die_lower,140.0,140.0,140.0,144,"[0.6231926265, 0.7172451777, 0.2988096157, 0.3985764178]",k03,,,,,
rb_g001_v4,rb_g001,train,k,4,silicon_die_upper,385.0,385.0,385.0,504,"[0.167106182, 0.377917798, 0.7066899365, 0.8472155449]",k04,,,,,
rb_g001_v4,rb_g001,train,q,0,silicon_die_upper,,,,168,"[0.8174219479, 0.9148310411, 0.5310558956, 0.6398172867]",q00,2.7763727587281517,0.16826501568049404,1.4099121093749992e-10,262.06167971416085,19691814406.4944
rb_g001_v4,rb_g001,train,q,1,silicon_die_lower,,,,224,"[0.4287182411, 0.5426283519, 0.594873335, 0.7297412738]",q01,3.5747304352911633,0.21665032941158566,1.9226074218749992e-10,232.68709809377842,18593137603.749348
rb_g001_v4,rb_g001,train,q,2,silicon_die_upper,,,,360,"[0.4070588218, 0.5690793705, 0.6024282649, 0.7481359818]",q02,5.922532946222783,0.35894139068016867,3.021240234375e-10,250.873525774993,19602985816.34628
rb_g001_v4,rb_g001,train,q,3,silicon_die_lower,,,,224,"[0.3821457346, 0.4850543785, 0.7469885529, 0.86005535]",q03,4.226363859757902,0.25614326422775163,1.9226074218749997e-10,363.2285181036898,21982458881.99158
rb_g001_v5,rb_g001,train,k,0,silicon_die_upper,600.0,600.0,600.0,168,"[0.0970074128, 0.2091243229, 0.4815733985, 0.5694711324]",k00,,,,,
rb_g001_v5,rb_g001,train,k,1,silicon_die_lower,50.0,50.0,50.0,256,"[0.3036835232, 0.4318683578, 0.3927165758, 0.517951863]",k01,,,,,
rb_g001_v5,rb_g001,train,k,2,silicon_die_upper,135.0,135.0,135.0,396,"[0.1926375347, 0.3617636357, 0.1308220799, 0.2663153636]",k02,,,,,
rb_g001_v5,rb_g001,train,k,3,silicon_die_lower,150.0,150.0,150.0,144,"[0.6231926265, 0.7172451777, 0.2988096157, 0.3985764178]",k03,,,,,
rb_g001_v5,rb_g001,train,k,4,silicon_die_upper,400.0,400.0,400.0,504,"[0.167106182, 0.377917798, 0.7066899365, 0.8472155449]",k04,,,,,
rb_g001_v5,rb_g001,train,q,0,silicon_die_upper,,,,168,"[0.8174219479, 0.9148310411, 0.5310558956, 0.6398172867]",q00,2.4962961791580645,0.1512906775247312,1.4099121093749992e-10,235.62526599413968,17705331861.179977
rb_g001_v5,rb_g001,train,q,1,silicon_die_lower,,,,224,"[0.4287182411, 0.5426283519, 0.594873335, 0.7297412738]",q01,3.524722998082659,0.21361957564137327,1.9226074218749992e-10,229.43200357468467,18333035428.757557
rb_g001_v5,rb_g001,train,q,2,silicon_die_upper,,,,360,"[0.4070588218, 0.5690793705, 0.6024282649, 0.7481359818]",q02,6.1897028290977465,0.3751335047938028,3.021240234375e-10,262.1906178209699,20487291141.80555
rb_g001_v5,rb_g001,train,q,3,silicon_die_lower,,,,224,"[0.3821457346, 0.4850543785, 0.7469885529, 0.86005535]",q03,4.28927799366153,0.2599562420400927,1.9226074218749997e-10,368.63557920488444,22309692269.254135
rb_g001_v6,rb_g001,train,k,0,silicon_die_upper,20.0,20.0,20.0,168,"[0.0970074128, 0.2091243229, 0.4815733985, 0.5694711324]",k00,,,,,
rb_g001_v6,rb_g001,train,k,1,silicon_die_lower,120.0,120.0,120.0,256,"[0.3036835232, 0.4318683578, 0.3927165758, 0.517951863]",k01,,,,,
rb_g001_v6,rb_g001,train,k,2,silicon_die_upper,140.0,140.0,140.0,396,"[0.1926375347, 0.3617636357, 0.1308220799, 0.2663153636]",k02,,,,,
rb_g001_v6,rb_g001,train,k,3,silicon_die_lower,385.0,385.0,385.0,144,"[0.6231926265, 0.7172451777, 0.2988096157, 0.3985764178]",k03,,,,,
rb_g001_v6,rb_g001,train,k,4,silicon_die_upper,600.0,600.0,600.0,504,"[0.167106182, 0.377917798, 0.7066899365, 0.8472155449]",k04,,,,,
rb_g001_v6,rb_g001,train,q,0,silicon_die_upper,,,,168,"[0.8174219479, 0.9148310411, 0.5310558956, 0.6398172867]",q00,2.028473024032236,0.1622778419225789,1.4099121093749992e-10,191.46746281153858,14387230314.174969
rb_g001_v6,rb_g001,train,q,1,silicon_die_lower,,,,224,"[0.4287182411, 0.5426283519, 0.594873335, 0.7297412738]",q01,2.8640870388433113,0.2291269631074649,1.9226074218749992e-10,186.42975010846416,14896889537.907566
rb_g001_v6,rb_g001,train,q,2,silicon_die_upper,,,,360,"[0.4070588218, 0.5690793705, 0.6024282649, 0.7481359818]",q02,4.648714974882636,0.3718971979906109,3.021240234375e-10,196.9156654190684,15386776999.692345
rb_g001_v6,rb_g001,train,q,3,silicon_die_lower,,,,224,"[0.3821457346, 0.4850543785, 0.7469885529, 0.86005535]",q03,2.9587249622418152,0.23669799697934524,1.9226074218749997e-10,254.2831897992454,15389126914.720606
rb_g001_v7,rb_g001,train,k,0,silicon_die_upper,50.0,50.0,50.0,168,"[0.0970074128, 0.2091243229, 0.4815733985, 0.5694711324]",k00,,,,,
rb_g001_v7,rb_g001,train,k,1,silicon_die_lower,135.0,135.0,135.0,256,"[0.3036835232, 0.4318683578, 0.3927165758, 0.517951863]",k01,,,,,
rb_g001_v7,rb_g001,train,k,2,silicon_die_upper,150.0,150.0,150.0,396,"[0.1926375347, 0.3617636357, 0.1308220799, 0.2663153636]",k02,,,,,
rb_g001_v7,rb_g001,train,k,3,silicon_die_lower,400.0,400.0,400.0,144,"[0.6231926265, 0.7172451777, 0.2988096157, 0.3985764178]",k03,,,,,
rb_g001_v7,rb_g001,train,k,4,silicon_die_upper,20.0,20.0,20.0,504,"[0.167106182, 0.377917798, 0.7066899365, 0.8472155449]",k04,,,,,
rb_g001_v7,rb_g001,train,q,0,silicon_die_upper,,,,168,"[0.8174219479, 0.9148310411, 0.5310558956, 0.6398172867]",q00,2.0729190550909498,0.16583352440727597,1.4099121093749992e-10,195.66272136219874,14702470042.688374
rb_g001_v7,rb_g001,train,q,1,silicon_die_lower,,,,224,"[0.4287182411, 0.5426283519, 0.594873335, 0.7297412738]",q01,2.92848880138482,0.2342791041107856,1.9226074218749992e-10,190.62180305040513,15231860483.139338
rb_g001_v7,rb_g001,train,q,2,silicon_die_upper,,,,360,"[0.4070588218, 0.5690793705, 0.6024282649, 0.7481359818]",q02,4.632566026353802,0.3706052821083042,3.021240234375e-10,196.2316095105958,15333325611.268827
rb_g001_v7,rb_g001,train,q,3,silicon_die_lower,,,,224,"[0.3821457346, 0.4850543785, 0.7469885529, 0.86005535]",q03,2.8660261171704273,0.2292820893736342,1.9226074218749997e-10,246.3163262630016,14906975207.53025
rb_g002_v0,rb_g002,train,k,0,silicon_die_lower,385.0,385.0,385.0,252,"[0.803697401, 0.9168038212, 0.6020732445, 0.7437582999]",k00,,,,,
rb_g002_v0,rb_g002,train,k,1,silicon_die_upper,600.0,600.0,600.0,168,"[0.6047697443, 0.7181314676, 0.4289636144, 0.525403041]",k01,,,,,
rb_g002_v0,rb_g002,train,k,2,silicon_die_lower,50.0,50.0,50.0,168,"[0.0932958726, 0.2026072579, 0.0733883811, 0.1647601913]",k02,,,,,
rb_g002_v0,rb_g002,train,k,3,silicon_die_upper,135.0,135.0,135.0,120,"[0.251933538, 0.3434413259, 0.4341768266, 0.5257569417]",k03,,,,,
rb_g002_v0,rb_g002,train,k,4,silicon_die_lower,150.0,150.0,150.0,252,"[0.8470728089, 0.9681421475, 0.1521337404, 0.2932007228]",k04,,,,,
rb_g002_v0,rb_g002,train,k,5,silicon_die_upper,400.0,400.0,400.0,484,"[0.4010024477, 0.5651656263, 0.7130649449, 0.8863751543]",k05,,,,,
rb_g002_v0,rb_g002,train,k,6,silicon_die_lower,20.0,20.0,20.0,352,"[0.1050858545, 0.2261305997, 0.4313734555, 0.6031843153]",k06,,,,,
rb_g002_v0,rb_g002,train,k,7,silicon_die_upper,120.0,120.0,120.0,416,"[0.7020828386, 0.9017319961, 0.2402921799, 0.3701503315]",k07,,,,,
rb_g002_v0,rb_g002,train,q,0,silicon_die_lower,,,,324,"[0.4173825666, 0.5483960727, 0.2041959485, 0.3511404757]",q00,0.6265396792584882,0.34807759958804896,2.7809143066406233e-10,32.5446117938323,2252998870.775545
rb_g002_v0,rb_g002,train,q,1,silicon_die_upper,,,,192,"[0.1406772957, 0.2672246203, 0.3081682678, 0.4055391261]",q01,0.3768558899475067,0.20936438330417037,1.6113281250000003e-10,30.583933531203517,2338790492.765132
rb_g002_v0,rb_g002,train,q,2,silicon_die_lower,,,,224,"[0.4195799097, 0.5222915879, 0.8149331666, 0.9388279709]",q02,0.41867973300326855,0.23259985166848252,1.9226074218749976e-10,32.900994026128885,2177666268.4208126
rb_g002_v0,rb_g002,train,q,3,silicon_die_upper,,,,96,"[0.0639185386, 0.1401039597, 0.6569193482, 0.7646019293]",q03,0.1564646496252791,0.08692480534737727,8.056640625000003e-11,19.072117019080594,1942058196.5610392
rb_g002_v0,rb_g002,train,q,4,silicon_die_lower,,,,140,"[0.1568261876, 0.2411280411, 0.5258939656, 0.6360450158]",q04,0.22146004816545772,0.12303336009192095,1.2016296386718742e-10,23.84896985051087,1842997551.31066
rb_g002_v1,rb_g002,train,k,0,silicon_die_lower,400.0,400.0,400.0,252,"[0.803697401, 0.9168038212, 0.6020732445, 0.7437582999]",k00,,,,,
rb_g002_v1,rb_g002,train,k,1,silicon_die_upper,20.0,20.0,20.0,168,"[0.6047697443, 0.7181314676, 0.4289636144, 0.525403041]",k01,,,,,
rb_g002_v1,rb_g002,train,k,2,silicon_die_lower,120.0,120.0,120.0,168,"[0.0932958726, 0.2026072579, 0.0733883811, 0.1647601913]",k02,,,,,
rb_g002_v1,rb_g002,train,k,3,silicon_die_upper,140.0,140.0,140.0,120,"[0.251933538, 0.3434413259, 0.4341768266, 0.5257569417]",k03,,,,,
rb_g002_v1,rb_g002,train,k,4,silicon_die_lower,385.0,385.0,385.0,252,"[0.8470728089, 0.9681421475, 0.1521337404, 0.2932007228]",k04,,,,,
rb_g002_v1,rb_g002,train,k,5,silicon_die_upper,600.0,600.0,600.0,484,"[0.4010024477, 0.5651656263, 0.7130649449, 0.8863751543]",k05,,,,,
rb_g002_v1,rb_g002,train,k,6,silicon_die_lower,50.0,50.0,50.0,352,"[0.1050858545, 0.2261305997, 0.4313734555, 0.6031843153]",k06,,,,,
rb_g002_v1,rb_g002,train,k,7,silicon_die_upper,135.0,135.0,135.0,416,"[0.7020828386, 0.9017319961, 0.2402921799, 0.3701503315]",k07,,,,,
rb_g002_v1,rb_g002,train,q,0,silicon_die_lower,,,,324,"[0.4173825666, 0.5483960727, 0.2041959485, 0.3511404757]",q00,0.9210801533688489,0.36843206134753953,2.7809143066406233e-10,47.84405044844029,3312148638.1992273
rb_g002_v1,rb_g002,train,q,1,silicon_die_upper,,,,192,"[0.1406772957, 0.2672246203, 0.3081682678, 0.4055391261]",q01,0.5050930986143155,0.2020372394457262,1.6113281250000003e-10,40.99109014122509,3134638381.7033877
rb_g002_v1,rb_g002,train,q,2,silicon_die_lower,,,,224,"[0.4195799097, 0.5222915879, 0.8149331666, 0.9388279709]",q02,0.5373227415225674,0.21492909660902695,1.9226074218749976e-10,42.2242848540251,2794760570.5097637
rb_g002_v1,rb_g002,train,q,3,silicon_die_upper,,,,96,"[0.0639185386, 0.1401039597, 0.6569193482, 0.7646019293]",q03,0.21016508529983535,0.08406603411993414,8.056640625000003e-11,25.61788307942447,2608594513.2973495
rb_g002_v1,rb_g002,train,q,4,silicon_die_lower,,,,140,"[0.1568261876, 0.2411280411, 0.5258939656, 0.6360450158]",q04,0.3263389211944329,0.13053556847777317,1.2016296386718742e-10,35.143345976334004,2715802862.145825
rb_g002_v2,rb_g002,train,k,0,silicon_die_lower,600.0,600.0,600.0,252,"[0.803697401, 0.9168038212, 0.6020732445, 0.7437582999]",k00,,,,,
rb_g002_v2,rb_g002,train,k,1,silicon_die_upper,50.0,50.0,50.0,168,"[0.6047697443, 0.7181314676, 0.4289636144, 0.525403041]",k01,,,,,
rb_g002_v2,rb_g002,train,k,2,silicon_die_lower,135.0,135.0,135.0,168,"[0.0932958726, 0.2026072579, 0.0733883811, 0.1647601913]",k02,,,,,
rb_g002_v2,rb_g002,train,k,3,silicon_die_upper,150.0,150.0,150.0,120,"[0.251933538, 0.3434413259, 0.4341768266, 0.5257569417]",k03,,,,,
rb_g002_v2,rb_g002,train,k,4,silicon_die_lower,400.0,400.0,400.0,252,"[0.8470728089, 0.9681421475, 0.1521337404, 0.2932007228]",k04,,,,,
rb_g002_v2,rb_g002,train,k,5,silicon_die_upper,20.0,20.0,20.0,484,"[0.4010024477, 0.5651656263, 0.7130649449, 0.8863751543]",k05,,,,,
rb_g002_v2,rb_g002,train,k,6,silicon_die_lower,120.0,120.0,120.0,352,"[0.1050858545, 0.2261305997, 0.4313734555, 0.6031843153]",k06,,,,,
rb_g002_v2,rb_g002,train,k,7,silicon_die_upper,140.0,140.0,140.0,416,"[0.7020828386, 0.9017319961, 0.2402921799, 0.3701503315]",k07,,,,,
rb_g002_v2,rb_g002,train,q,0,silicon_die_lower,,,,324,"[0.4173825666, 0.5483960727, 0.2041959485, 0.3511404757]",q00,2.5599090775605644,0.36570129679436636,2.7809143066406233e-10,132.97042456323766,9205278535.36402
rb_g002_v2,rb_g002,train,q,1,silicon_die_upper,,,,192,"[0.1406772957, 0.2672246203, 0.3081682678, 0.4055391261]",q01,1.3264818710622377,0.18949741015174826,1.6113281250000003e-10,107.65131833435036,8232226884.652916
rb_g002_v2,rb_g002,train,q,2,silicon_die_lower,,,,224,"[0.4195799097, 0.5222915879, 0.8149331666, 0.9388279709]",q02,1.4559031749071945,0.20798616784388493,1.9226074218749976e-10,114.40883779265648,7572545275.453811
rb_g002_v2,rb_g002,train,q,3,silicon_die_upper,,,,96,"[0.0639185386, 0.1401039597, 0.6569193482, 0.7646019293]",q03,0.6233271615753991,0.08904673736791416,8.056640625000003e-11,75.97990086072879,7736812284.281315
rb_g002_v2,rb_g002,train,q,4,silicon_die_lower,,,,140,"[0.1568261876, 0.2411280411, 0.5258939656, 0.6360450158]",q04,1.0343787148946049,0.1477683878420864,1.2016296386718742e-10,111.39195078247681,8608132502.772429
rb_g002_v3,rb_g002,train,k,0,silicon_die_lower,20.0,20.0,20.0,252,"[0.803697401, 0.9168038212, 0.6020732445, 0.7437582999]",k00,,,,,
rb_g002_v3,rb_g002,train,k,1,silicon_die_upper,120.0,120.0,120.0,168,"[0.6047697443, 0.7181314676, 0.4289636144, 0.525403041]",k01,,,,,
rb_g002_v3,rb_g002,train,k,2,silicon_die_lower,140.0,140.0,140.0,168,"[0.0932958726, 0.2026072579, 0.0733883811, 0.1647601913]",k02,,,,,
rb_g002_v3,rb_g002,train,k,3,silicon_die_upper,385.0,385.0,385.0,120,"[0.251933538, 0.3434413259, 0.4341768266, 0.5257569417]",k03,,,,,
rb_g002_v3,rb_g002,train,k,4,silicon_die_lower,600.0,600.0,600.0,252,"[0.8470728089, 0.9681421475, 0.1521337404, 0.2932007228]",k04,,,,,
rb_g002_v3,rb_g002,train,k,5,silicon_die_upper,50.0,50.0,50.0,484,"[0.4010024477, 0.5651656263, 0.7130649449, 0.8863751543]",k05,,,,,
rb_g002_v3,rb_g002,train,k,6,silicon_die_lower,135.0,135.0,135.0,352,"[0.1050858545, 0.2261305997, 0.4313734555, 0.6031843153]",k06,,,,,
rb_g002_v3,rb_g002,train,k,7,silicon_die_upper,150.0,150.0,150.0,416,"[0.7020828386, 0.9017319961, 0.2402921799, 0.3701503315]",k07,,,,,
rb_g002_v3,rb_g002,train,q,0,silicon_die_lower,,,,324,"[0.4173825666, 0.5483960727, 0.2041959485, 0.3511404757]",q00,2.3904060341125644,0.3414865763017949,2.7809143066406233e-10,124.16585730355995,8595755821.761377
rb_g002_v3,rb_g002,train,q,1,silicon_die_upper,,,,192,"[0.1406772957, 0.2672246203, 0.3081682678, 0.4055391261]",q01,1.258638527044264,0.17980550386346628,1.6113281250000003e-10,102.14545686494544,7811186979.959552
rb_g002_v3,rb_g002,train,q,2,silicon_die_lower,,,,224,"[0.4195799097, 0.5222915879, 0.8149331666, 0.9388279709]",q02,1.50483069224404,0.21497581317772,1.9226074218749976e-10,118.25369539793327,7827030495.786153
rb_g002_v3,rb_g002,train,q,3,silicon_die_upper,,,,96,"[0.0639185386, 0.1401039597, 0.6569193482, 0.7646019293]",q03,0.6954549098889523,0.09935070141270748,8.056640625000003e-11,84.77184753656518,8632070639.106508
rb_g002_v3,rb_g002,train,q,4,silicon_die_lower,,,,140,"[0.1568261876, 0.2411280411, 0.5258939656, 0.6360450158]",q04,1.1506698367101789,0.16438140524431127,1.2016296386718742e-10,123.91530874720381,9575910910.30328
rb_g002_v4,rb_g002,train,k,0,silicon_die_lower,50.0,50.0,50.0,252,"[0.803697401, 0.9168038212, 0.6020732445, 0.7437582999]",k00,,,,,
rb_g002_v4,rb_g002,train,k,1,silicon_die_upper,135.0,135.0,135.0,168,"[0.6047697443, 0.7181314676, 0.4289636144, 0.525403041]",k01,,,,,
rb_g002_v4,rb_g002,train,k,2,silicon_die_lower,150.0,150.0,150.0,168,"[0.0932958726, 0.2026072579, 0.0733883811, 0.1647601913]",k02,,,,,
rb_g002_v4,rb_g002,train,k,3,silicon_die_upper,400.0,400.0,400.0,120,"[0.251933538, 0.3434413259, 0.4341768266, 0.5257569417]",k03,,,,,
rb_g002_v4,rb_g002,train,k,4,silicon_die_lower,20.0,20.0,20.0,252,"[0.8470728089, 0.9681421475, 0.1521337404, 0.2932007228]",k04,,,,,
rb_g002_v4,rb_g002,train,k,5,silicon_die_upper,120.0,120.0,120.0,484,"[0.4010024477, 0.5651656263, 0.7130649449, 0.8863751543]",k05,,,,,
rb_g002_v4,rb_g002,train,k,6,silicon_die_lower,140.0,140.0,140.0,352,"[0.1050858545, 0.2261305997, 0.4313734555, 0.6031843153]",k06,,,,,
rb_g002_v4,rb_g002,train,k,7,silicon_die_upper,385.0,385.0,385.0,416,"[0.7020828386, 0.9017319961, 0.2402921799, 0.3701503315]",k07,,,,,
rb_g002_v4,rb_g002,train,q,0,silicon_die_lower,,,,324,"[0.4173825666, 0.5483960727, 0.2041959485, 0.3511404757]",q00,5.170422516528647,0.3133589403956756,2.7809143066406233e-10,268.56941257042445,18592527300.039593
rb_g002_v4,rb_g002,train,q,1,silicon_die_upper,,,,192,"[0.1406772957, 0.2672246203, 0.3081682678, 0.4055391261]",q01,2.9439935067911978,0.17842384889643623,1.6113281250000003e-10,238.9213068702164,18270602126.995068
rb_g002_v4,rb_g002,train,q,2,silicon_die_lower,,,,224,"[0.4195799097, 0.5222915879, 0.8149331666, 0.9388279709]",q02,3.8291880779048455,0.2320720047215058,1.9226074218749976e-10,300.90803099630267,19916640466.15653
rb_g002_v4,rb_g002,train,q,3,silicon_die_upper,,,,96,"[0.0639185386, 0.1401039597, 0.6569193482, 0.7646019293]",q03,1.792415022133055,0.1086312134626094,8.056640625000003e-11,218.48480874593966,22247672517.142395
rb_g002_v4,rb_g002,train,q,4,silicon_die_lower,,,,140,"[0.1568261876, 0.2411280411, 0.5258939656, 0.6360450158]",q04,2.7639808766422536,0.16751399252377294,1.2016296386718742e-10,297.6523176098148,23001936600.841503
rb_g002_v5,rb_g002,train,k,0,silicon_die_lower,120.0,120.0,120.0,252,"[0.803697401, 0.9168038212, 0.6020732445, 0.7437582999]",k00,,,,,
rb_g002_v5,rb_g002,train,k,1,silicon_die_upper,140.0,140.0,140.0,168,"[0.6047697443, 0.7181314676, 0.4289636144, 0.525403041]",k01,,,,,
rb_g002_v5,rb_g002,train,k,2,silicon_die_lower,385.0,385.0,385.0,168,"[0.0932958726, 0.2026072579, 0.0733883811, 0.1647601913]",k02,,,,,
rb_g002_v5,rb_g002,train,k,3,silicon_die_upper,600.0,600.0,600.0,120,"[0.251933538, 0.3434413259, 0.4341768266, 0.5257569417]",k03,,,,,
rb_g002_v5,rb_g002,train,k,4,silicon_die_lower,50.0,50.0,50.0,252,"[0.8470728089, 0.9681421475, 0.1521337404, 0.2932007228]",k04,,,,,
rb_g002_v5,rb_g002,train,k,5,silicon_die_upper,135.0,135.0,135.0,484,"[0.4010024477, 0.5651656263, 0.7130649449, 0.8863751543]",k05,,,,,
rb_g002_v5,rb_g002,train,k,6,silicon_die_lower,150.0,150.0,150.0,352,"[0.1050858545, 0.2261305997, 0.4313734555, 0.6031843153]",k06,,,,,
rb_g002_v5,rb_g002,train,k,7,silicon_die_upper,400.0,400.0,400.0,416,"[0.7020828386, 0.9017319961, 0.2402921799, 0.3701503315]",k07,,,,,
rb_g002_v5,rb_g002,train,q,0,silicon_die_lower,,,,324,"[0.4173825666, 0.5483960727, 0.2041959485, 0.3511404757]",q00,4.939503887159349,0.29936387194905145,2.7809143066406233e-10,256.5747099241661,17762157846.30317
rb_g002_v5,rb_g002,train,q,1,silicon_die_upper,,,,192,"[0.1406772957, 0.2672246203, 0.3081682678, 0.4055391261]",q01,3.076154311569788,0.18643359464059323,1.6113281250000003e-10,249.6468849402362,19090800091.19674
rb_g002_v5,rb_g002,train,q,2,silicon_die_lower,,,,224,"[0.4195799097, 0.5222915879, 0.8149331666, 0.9388279709]",q02,4.11529331803419,0.2494117162444964,1.9226074218749976e-10,323.3909602004881,21404751023.070557
rb_g002_v5,rb_g002,train,q,3,silicon_die_upper,,,,96,"[0.0639185386, 0.1401039597, 0.6569193482, 0.7646019293]",q03,1.8156274624181088,0.11003802802533992,8.056640625000003e-11,221.31426817000272,22535788139.589607
rb_g002_v5,rb_g002,train,q,4,silicon_die_lower,,,,140,"[0.1568261876, 0.2411280411, 0.5258939656, 0.6360450158]",q04,2.553421020818565,0.15475278914051907,1.2016296386718742e-10,274.97718638472224,21249650796.236897
rb_g002_v6,rb_g002,train,k,0,silicon_die_lower,135.0,135.0,135.0,252,"[0.803697401, 0.9168038212, 0.6020732445, 0.7437582999]",k00,,,,,
rb_g002_v6,rb_g002,train,k,1,silicon_die_upper,150.0,150.0,150.0,168,"[0.6047697443, 0.7181314676, 0.4289636144, 0.525403041]",k01,,,,,
rb_g002_v6,rb_g002,train,k,2,silicon_die_lower,400.0,400.0,400.0,168,"[0.0932958726, 0.2026072579, 0.0733883811, 0.1647601913]",k02,,,,,
rb_g002_v6,rb_g002,train,k,3,silicon_die_upper,20.0,20.0,20.0,120,"[0.251933538, 0.3434413259, 0.4341768266, 0.5257569417]",k03,,,,,
rb_g002_v6,rb_g002,train,k,4,silicon_die_lower,120.0,120.0,120.0,252,"[0.8470728089, 0.9681421475, 0.1521337404, 0.2932007228]",k04,,,,,
rb_g002_v6,rb_g002,train,k,5,silicon_die_upper,140.0,140.0,140.0,484,"[0.4010024477, 0.5651656263, 0.7130649449, 0.8863751543]",k05,,,,,
rb_g002_v6,rb_g002,train,k,6,silicon_die_lower,385.0,385.0,385.0,352,"[0.1050858545, 0.2261305997, 0.4313734555, 0.6031843153]",k06,,,,,
rb_g002_v6,rb_g002,train,k,7,silicon_die_upper,600.0,600.0,600.0,416,"[0.7020828386, 0.9017319961, 0.2402921799, 0.3701503315]",k07,,,,,
rb_g002_v6,rb_g002,train,q,0,silicon_die_lower,,,,324,"[0.4173825666, 0.5483960727, 0.2041959485, 0.3511404757]",q00,4.062494163735382,0.32499953309883056,2.7809143066406233e-10,211.01982819340526,14608483814.242092
rb_g002_v6,rb_g002,train,q,1,silicon_die_upper,,,,192,"[0.1406772957, 0.2672246203, 0.3081682678, 0.4055391261]",q01,2.4457543867139004,0.19566035093711204,1.6113281250000003e-10,198.48645488153724,15178499951.485052
rb_g002_v6,rb_g002,train,q,2,silicon_die_lower,,,,224,"[0.4195799097, 0.5222915879, 0.8149331666, 0.9388279709]",q02,2.9852886816436968,0.23882309453149575,1.9226074218749976e-10,234.59211740794404,15527291987.317583
rb_g002_v6,rb_g002,train,q,3,silicon_die_upper,,,,96,"[0.0639185386, 0.1401039597, 0.6569193482, 0.7646019293]",q03,1.2339233515679404,0.09871386812543524,8.056640625000003e-11,150.40797144940342,15315606206.128128
rb_g002_v6,rb_g002,train,q,4,silicon_die_lower,,,,140,"[0.1568261876, 0.2411280411, 0.5258939656, 0.6360450158]",q04,1.77253941633908,0.1418031533071264,1.2016296386718742e-10,190.88426761078628,14751129293.866415
rb_g002_v7,rb_g002,train,k,0,silicon_die_lower,140.0,140.0,140.0,252,"[0.803697401, 0.9168038212, 0.6020732445, 0.7437582999]",k00,,,,,
rb_g002_v7,rb_g002,train,k,1,silicon_die_upper,385.0,385.0,385.0,168,"[0.6047697443, 0.7181314676, 0.4289636144, 0.525403041]",k01,,,,,
rb_g002_v7,rb_g002,train,k,2,silicon_die_lower,600.0,600.0,600.0,168,"[0.0932958726, 0.2026072579, 0.0733883811, 0.1647601913]",k02,,,,,
rb_g002_v7,rb_g002,train,k,3,silicon_die_upper,50.0,50.0,50.0,120,"[0.251933538, 0.3434413259, 0.4341768266, 0.5257569417]",k03,,,,,
rb_g002_v7,rb_g002,train,k,4,silicon_die_lower,135.0,135.0,135.0,252,"[0.8470728089, 0.9681421475, 0.1521337404, 0.2932007228]",k04,,,,,
rb_g002_v7,rb_g002,train,k,5,silicon_die_upper,150.0,150.0,150.0,484,"[0.4010024477, 0.5651656263, 0.7130649449, 0.8863751543]",k05,,,,,
rb_g002_v7,rb_g002,train,k,6,silicon_die_lower,400.0,400.0,400.0,352,"[0.1050858545, 0.2261305997, 0.4313734555, 0.6031843153]",k06,,,,,
rb_g002_v7,rb_g002,train,k,7,silicon_die_upper,20.0,20.0,20.0,416,"[0.7020828386, 0.9017319961, 0.2402921799, 0.3701503315]",k07,,,,,
rb_g002_v7,rb_g002,train,q,0,silicon_die_lower,,,,324,"[0.4173825666, 0.5483960727, 0.2041959485, 0.3511404757]",q00,4.168427990117595,0.3334742392094076,2.7809143066406233e-10,216.52239310601317,14989415460.10134
rb_g002_v7,rb_g002,train,q,1,silicon_die_upper,,,,192,"[0.1406772957, 0.2672246203, 0.3081682678, 0.4055391261]",q01,2.4829259112708026,0.1986340729016642,1.6113281250000003e-10,201.5031290708677,15409188685.704857
rb_g002_v7,rb_g002,train,q,2,silicon_die_lower,,,,224,"[0.4195799097, 0.5222915879, 0.8149331666, 0.9388279709]",q02,2.94053388673211,0.2352427109385688,1.9226074218749976e-10,231.07516369856722,15294510222.291729
rb_g002_v7,rb_g002,train,q,3,silicon_die_upper,,,,96,"[0.0639185386, 0.1401039597, 0.6569193482, 0.7646019293]",q03,1.1890189971420395,0.09512151977136316,8.056640625000003e-11,144.93439576104115,14758247916.041794
rb_g002_v7,rb_g002,train,q,4,silicon_die_lower,,,,140,"[0.1568261876, 0.2411280411, 0.5258939656, 0.6360450158]",q04,1.7190932147374536,0.13752745717899628,1.2016296386718742e-10,185.1286613008427,14306348307.432867
rb_g003_v0,rb_g003,train,k,0,silicon_die_upper,20.0,20.0,20.0,440,"[0.334425577, 0.5101813313, 0.4793302848, 0.6393822758]",k00,,,,,
rb_g003_v0,rb_g003,train,k,1,silicon_die_lower,120.0,120.0,120.0,288,"[0.3108567435, 0.4456616971, 0.1658043267, 0.2879967183]",k01,,,,,
rb_g003_v0,rb_g003,train,k,2,silicon_die_upper,140.0,140.0,140.0,224,"[0.3575679508, 0.4603649226, 0.7694347959, 0.9053899721]",k02,,,,,
rb_g003_v0,rb_g003,train,k,3,silicon_die_lower,385.0,385.0,385.0,560,"[0.4408775337, 0.6615403099, 0.7537507471, 0.9078460079]",k03,,,,,
rb_g003_v0,rb_g003,train,q,0,silicon_die_upper,,,,140,"[0.5910937582, 0.6698832401, 0.3523363816, 0.4577135189]",q00,0.28640277504822753,0.15911265280457085,1.1749267578124996e-10,34.49551084001551,2437622372.150733
rb_g003_v0,rb_g003,train,q,1,silicon_die_lower,,,,140,"[0.2019002352, 0.3069699076, 0.4321712354, 0.512549842]",q01,0.29159395736582744,0.16199664298101524,1.201629638671874e-10,34.52714499370699,2426654170.1494455
rb_g003_v0,rb_g003,train,q,2,silicon_die_upper,,,,120,"[0.3767631531, 0.4548149965, 0.7660896751, 0.8676494779]",q02,0.2213079322202441,0.12294885123346895,1.007080078125001e-10,27.91849267462128,2197520703.9372582
rb_g003_v0,rb_g003,train,q,3,silicon_die_lower,,,,192,"[0.4432803057, 0.5727559233, 0.1157670088, 0.2129520434]",q03,0.32680477246238515,0.1815582069235473,1.6479492187499987e-10,25.971737525951408,1983099774.823601
rb_g003_v0,rb_g003,train,q,4,silicon_die_upper,,,,168,"[0.8058928421, 0.9179539282, 0.2784918713, 0.3672469284]",q04,0.27633066153261776,0.15351703418478765,1.4099121093749994e-10,27.783128119550245,1959914094.6105676
rb_g003_v0,rb_g003,train,q,5,silicon_die_lower,,,,216,"[0.7052354374, 0.8450538378, 0.157613293, 0.2596158861]",q05,0.39755990137069813,0.22086661187261006,1.8539428710937496e-10,27.875780263108823,2144402114.916056
rb_g003_v1,rb_g003,train,k,0,silicon_die_upper,50.0,50.0,50.0,440,"[0.334425577, 0.5101813313, 0.4793302848, 0.6393822758]",k00,,,,,
rb_g003_v1,rb_g003,train,k,1,silicon_die_lower,135.0,135.0,135.0,288,"[0.3108567435, 0.4456616971, 0.1658043267, 0.2879967183]",k01,,,,,
rb_g003_v1,rb_g003,train,k,2,silicon_die_upper,150.0,150.0,150.0,224,"[0.3575679508, 0.4603649226, 0.7694347959, 0.9053899721]",k02,,,,,
rb_g003_v1,rb_g003,train,k,3,silicon_die_lower,400.0,400.0,400.0,560,"[0.4408775337, 0.6615403099, 0.7537507471, 0.9078460079]",k03,,,,,
rb_g003_v1,rb_g003,train,q,0,silicon_die_upper,,,,140,"[0.5910937582, 0.6698832401, 0.3523363816, 0.4577135189]",q00,0.39655637562511664,0.15862255025004665,1.1749267578124996e-10,47.76285687787064,3375158264.0217733
rb_g003_v1,rb_g003,train,q,1,silicon_die_lower,,,,140,"[0.2019002352, 0.3069699076, 0.4321712354, 0.512549842]",q01,0.371446508710132,0.1485786034840528,1.201629638671874e-10,43.98234990703537,3091189637.438379
rb_g003_v1,rb_g003,train,q,2,silicon_die_upper,,,,120,"[0.3767631531, 0.4548149965, 0.7660896751, 0.8676494779]",q02,0.278886325783187,0.1115545303132748,1.007080078125001e-10,35.18213633518248,2769256704.0192313
rb_g003_v1,rb_g003,train,q,3,silicon_die_lower,,,,192,"[0.4432803057, 0.5727559233, 0.1157670088, 0.2129520434]",q03,0.4424490106941881,0.17697960427767526,1.6479492187499987e-10,35.16218410087308,2684846144.89392
rb_g003_v1,rb_g003,train,q,4,silicon_die_upper,,,,168,"[0.8058928421, 0.9179539282, 0.2784918713, 0.3672469284]",q04,0.40864522792245916,0.16345809116898366,1.4099121093749994e-10,41.086438471368645,2898373772.4162655
rb_g003_v1,rb_g003,train,q,5,silicon_die_lower,,,,216,"[0.7052354374, 0.8450538378, 0.157613293, 0.2596158861]",q05,0.602016551264917,0.24080662050596682,1.8539428710937496e-10,42.21170455057442,3247222773.9668818
rb_g003_v2,rb_g003,train,k,0,silicon_die_upper,120.0,120.0,120.0,440,"[0.334425577, 0.5101813313, 0.4793302848, 0.6393822758]",k00,,,,,
rb_g003_v2,rb_g003,train,k,1,silicon_die_lower,140.0,140.0,140.0,288,"[0.3108567435, 0.4456616971, 0.1658043267, 0.2879967183]",k01,,,,,
rb_g003_v2,rb_g003,train,k,2,silicon_die_upper,385.0,385.0,385.0,224,"[0.3575679508, 0.4603649226, 0.7694347959, 0.9053899721]",k02,,,,,
rb_g003_v2,rb_g003,train,k,3,silicon_die_lower,600.0,600.0,600.0,560,"[0.4408775337, 0.6615403099, 0.7537507471, 0.9078460079]",k03,,,,,
rb_g003_v2,rb_g003,train,q,0,silicon_die_upper,,,,140,"[0.5910937582, 0.6698832401, 0.3523363816, 0.4577135189]",q00,1.0257832911010873,0.14654047015729818,1.1749267578124996e-10,123.54949644508807,8730614774.75336
rb_g003_v2,rb_g003,train,q,1,silicon_die_lower,,,,140,"[0.2019002352, 0.3069699076, 0.4321712354, 0.512549842]",q01,0.9359572552369855,0.13370817931956935,1.201629638671874e-10,110.82510814494195,7789065991.010938
rb_g003_v2,rb_g003,train,q,2,silicon_die_upper,,,,120,"[0.3767631531, 0.4548149965, 0.7660896751, 0.8676494779]",q02,0.7467184536779338,0.1066740648111334,1.007080078125001e-10,94.20020995119543,7414687966.702579
rb_g003_v2,rb_g003,train,q,3,silicon_die_lower,,,,192,"[0.4432803057, 0.5727559233, 0.1157670088, 0.2129520434]",q03,1.2986116909678629,0.18551595585255184,1.6479492187499987e-10,103.20290530589244,7880168127.710178
rb_g003_v2,rb_g003,train,q,4,silicon_die_upper,,,,168,"[0.8058928421, 0.9179539282, 0.2784918713, 0.3672469284]",q04,1.2465050094962196,0.17807214421374565,1.4099121093749994e-10,125.32741820403002,8841012153.933363
rb_g003_v2,rb_g003,train,q,5,silicon_die_lower,,,,216,"[0.7052354374, 0.8450538378, 0.157613293, 0.2596158861]",q05,1.7464242995199108,0.24948918564570155,1.8539428710937496e-10,122.45435178880673,9420054559.12238
rb_g003_v3,rb_g003,train,k,0,silicon_die_upper,135.0,135.0,135.0,440,"[0.334425577, 0.5101813313, 0.4793302848, 0.6393822758]",k00,,,,,
rb_g003_v3,rb_g003,train,k,1,silicon_die_lower,150.0,150.0,150.0,288,"[0.3108567435, 0.4456616971, 0.1658043267, 0.2879967183]",k01,,,,,
rb_g003_v3,rb_g003,train,k,2,silicon_die_upper,400.0,400.0,400.0,224,"[0.3575679508, 0.4603649226, 0.7694347959, 0.9053899721]",k02,,,,,
rb_g003_v3,rb_g003,train,k,3,silicon_die_lower,20.0,20.0,20.0,560,"[0.4408775337, 0.6615403099, 0.7537507471, 0.9078460079]",k03,,,,,
rb_g003_v3,rb_g003,train,q,0,silicon_die_upper,,,,140,"[0.5910937582, 0.6698832401, 0.3523363816, 0.4577135189]",q00,0.9247964241787221,0.1321137748826746,1.1749267578124996e-10,111.38622895568244,7871098500.646332
rb_g003_v3,rb_g003,train,q,1,silicon_die_lower,,,,140,"[0.2019002352, 0.3069699076, 0.4321712354, 0.512549842]",q01,0.88528180666667,0.12646882952381,1.201629638671874e-10,104.82471439119446,7367343299.264373
rb_g003_v3,rb_g003,train,q,2,silicon_die_upper,,,,120,"[0.3767631531, 0.4548149965, 0.7660896751, 0.8676494779]",q02,0.7749305466760806,0.11070436381086866,1.007080078125001e-10,97.75922884311949,7694825501.055087
rb_g003_v3,rb_g003,train,q,3,silicon_die_lower,,,,192,"[0.4432803057, 0.5727559233, 0.1157670088, 0.2129520434]",q03,1.4199640784503842,0.20285201120719773,1.6479492187499987e-10,112.846988322478,8616552393.085598
rb_g003_v3,rb_g003,train,q,4,silicon_die_upper,,,,168,"[0.8058928421, 0.9179539282, 0.2784918713, 0.3672469284]",q04,1.3144163449704918,0.18777376356721312,1.4099121093749994e-10,132.15543114977672,9322682855.40976
rb_g003_v3,rb_g003,train,q,5,silicon_die_lower,,,,216,"[0.7052354374, 0.8450538378, 0.157613293, 0.2596158861]",q05,1.6806107990576509,0.24008725700823583,1.8539428710937496e-10,117.83969454871118,9065062496.052858
rb_g003_v4,rb_g003,train,k,0,silicon_die_upper,140.0,140.0,140.0,440,"[0.334425577, 0.5101813313, 0.4793302848, 0.6393822758]",k00,,,,,
rb_g003_v4,rb_g003,train,k,1,silicon_die_lower,385.0,385.0,385.0,288,"[0.3108567435, 0.4456616971, 0.1658043267, 0.2879967183]",k01,,,,,
rb_g003_v4,rb_g003,train,k,2,silicon_die_upper,600.0,600.0,600.0,224,"[0.3575679508, 0.4603649226, 0.7694347959, 0.9053899721]",k02,,,,,
rb_g003_v4,rb_g003,train,k,3,silicon_die_lower,50.0,50.0,50.0,560,"[0.4408775337, 0.6615403099, 0.7537507471, 0.9078460079]",k03,,,,,
rb_g003_v4,rb_g003,train,q,0,silicon_die_upper,,,,140,"[0.5910937582, 0.6698832401, 0.3523363816, 0.4577135189]",q00,2.051759925555302,0.12434908639729102,1.1749267578124996e-10,247.12227994712768,17462875127.427574
rb_g003_v4,rb_g003,train,q,1,silicon_die_lower,,,,140,"[0.2019002352, 0.3069699076, 0.4321712354, 0.512549842]",q01,2.1511711587733253,0.13037400962262577,1.201629638671874e-10,254.71652148149624,17902114674.459526
rb_g003_v4,rb_g003,train,q,2,silicon_die_upper,,,,120,"[0.3767631531, 0.4548149965, 0.7660896751, 0.8676494779]",q02,2.0084210873306505,0.12172249014125154,1.007080078125001e-10,253.36683078486823,19943012784.742634
rb_g003_v4,rb_g003,train,q,3,silicon_die_lower,,,,192,"[0.4432803057, 0.5727559233, 0.1157670088, 0.2129520434]",q03,3.6025639757881,0.21833721065382425,1.6479492187499987e-10,286.30195726528353,21860891918.263805
rb_g003_v4,rb_g003,train,q,4,silicon_die_upper,,,,168,"[0.8058928421, 0.9179539282, 0.2784918713, 0.3672469284]",q04,3.0553774784007257,0.18517439263034702,1.4099121093749994e-10,307.1969772199009,21670694634.682903
rb_g003_v4,rb_g003,train,q,5,silicon_die_lower,,,,216,"[0.7052354374, 0.8450538378, 0.157613293, 0.2596158861]",q05,3.6307063741518966,0.2200428105546604,1.8539428710937496e-10,254.57490239025992,19583701476.248455
rb_g003_v5,rb_g003,train,k,0,silicon_die_upper,150.0,150.0,150.0,440,"[0.334425577, 0.5101813313, 0.4793302848, 0.6393822758]",k00,,,,,
rb_g003_v5,rb_g003,train,k,1,silicon_die_lower,400.0,400.0,400.0,288,"[0.3108567435, 0.4456616971, 0.1658043267, 0.2879967183]",k01,,,,,
rb_g003_v5,rb_g003,train,k,2,silicon_die_upper,20.0,20.0,20.0,224,"[0.3575679508, 0.4603649226, 0.7694347959, 0.9053899721]",k02,,,,,
rb_g003_v5,rb_g003,train,k,3,silicon_die_lower,120.0,120.0,120.0,560,"[0.4408775337, 0.6615403099, 0.7537507471, 0.9078460079]",k03,,,,,
rb_g003_v5,rb_g003,train,q,0,silicon_die_upper,,,,140,"[0.5910937582, 0.6698832401, 0.3523363816, 0.4577135189]",q00,2.096816146664381,0.12707976646450794,1.1749267578124996e-10,252.54903380248635,17846356232.18142
rb_g003_v5,rb_g003,train,q,1,silicon_die_lower,,,,140,"[0.2019002352, 0.3069699076, 0.4321712354, 0.512549842]",q01,2.3692262740238808,0.14358947115296247,1.201629638671874e-10,280.5360571429638,19716776265.959263
rb_g003_v5,rb_g003,train,q,2,silicon_die_upper,,,,120,"[0.3767631531, 0.4548149965, 0.7660896751, 0.8676494779]",q02,2.1993638331448446,0.13329477776635423,1.007080078125001e-10,277.4546869986276,21839016389.239456
rb_g003_v5,rb_g003,train,q,3,silicon_die_lower,,,,192,"[0.4432803057, 0.5727559233, 0.1157670088, 0.2129520434]",q03,3.6380304572808972,0.22048669438066043,1.6479492187499987e-10,289.1205395685942,22076107782.255653
rb_g003_v5,rb_g003,train,q,4,silicon_die_upper,,,,168,"[0.8058928421, 0.9179539282, 0.2784918713, 0.3672469284]",q04,2.843051991738981,0.17230618131751402,1.4099121093749994e-10,285.8491247367526,20164746247.901077
rb_g003_v5,rb_g003,train,q,5,silicon_die_lower,,,,216,"[0.7052354374, 0.8450538378, 0.157613293, 0.2596158861]",q05,3.353511297147017,0.20324310891800101,1.8539428710937496e-10,235.13876451528188,18088536326.73473
rb_g003_v6,rb_g003,train,k,0,silicon_die_upper,385.0,385.0,385.0,440,"[0.334425577, 0.5101813313, 0.4793302848, 0.6393822758]",k00,,,,,
rb_g003_v6,rb_g003,train,k,1,silicon_die_lower,600.0,600.0,600.0,288,"[0.3108567435, 0.4456616971, 0.1658043267, 0.2879967183]",k01,,,,,
rb_g003_v6,rb_g003,train,k,2,silicon_die_upper,50.0,50.0,50.0,224,"[0.3575679508, 0.4603649226, 0.7694347959, 0.9053899721]",k02,,,,,
rb_g003_v6,rb_g003,train,k,3,silicon_die_lower,135.0,135.0,135.0,560,"[0.4408775337, 0.6615403099, 0.7537507471, 0.9078460079]",k03,,,,,
rb_g003_v6,rb_g003,train,q,0,silicon_die_upper,,,,140,"[0.5910937582, 0.6698832401, 0.3523363816, 0.4577135189]",q00,1.7608865414251618,0.14087092331401294,1.1749267578124996e-10,212.08831083267467,14987202646.602524
rb_g003_v6,rb_g003,train,q,1,silicon_die_lower,,,,140,"[0.2019002352, 0.3069699076, 0.4321712354, 0.512549842]",q01,1.867971683645293,0.14943773469162344,1.201629638671874e-10,221.18335286504262,15545319651.984512
rb_g003_v6,rb_g003,train,q,2,silicon_die_upper,,,,120,"[0.3767631531, 0.4548149965, 0.7660896751, 0.8676494779]",q02,1.5812840778902109,0.12650272623121686,1.007080078125001e-10,199.48253775711152,15701671716.456478
rb_g003_v6,rb_g003,train,q,3,silicon_die_lower,,,,192,"[0.4432803057, 0.5727559233, 0.1157670088, 0.2129520434]",q03,2.5217800457167763,0.2017424036573421,1.6479492187499987e-10,200.41019888433928,15302534914.45322
rb_g003_v6,rb_g003,train,q,4,silicon_die_upper,,,,168,"[0.8058928421, 0.9179539282, 0.2784918713, 0.3672469284]",q04,2.077424776967813,0.16619398215742504,1.4099121093749994e-10,208.87062773673395,14734427509.02193
rb_g003_v6,rb_g003,train,q,5,silicon_die_lower,,,,216,"[0.7052354374, 0.8450538378, 0.157613293, 0.2596158861]",q05,2.6906528743547464,0.2152522299483797,1.8539428710937496e-10,188.66099933926378,14513138006.066889
rb_g003_v7,rb_g003,train,k,0,silicon_die_upper,400.0,400.0,400.0,440,"[0.334425577, 0.5101813313, 0.4793302848, 0.6393822758]",k00,,,,,
rb_g003_v7,rb_g003,train,k,1,silicon_die_lower,20.0,20.0,20.0,288,"[0.3108567435, 0.4456616971, 0.1658043267, 0.2879967183]",k01,,,,,
rb_g003_v7,rb_g003,train,k,2,silicon_die_upper,120.0,120.0,120.0,224,"[0.3575679508, 0.4603649226, 0.7694347959, 0.9053899721]",k02,,,,,
rb_g003_v7,rb_g003,train,k,3,silicon_die_lower,140.0,140.0,140.0,560,"[0.4408775337, 0.6615403099, 0.7537507471, 0.9078460079]",k03,,,,,
rb_g003_v7,rb_g003,train,q,0,silicon_die_upper,,,,140,"[0.5910937582, 0.6698832401, 0.3523363816, 0.4577135189]",q00,1.8203871453041087,0.1456309716243287,1.1749267578124996e-10,219.25480468298062,15493622331.772741
rb_g003_v7,rb_g003,train,q,1,silicon_die_lower,,,,140,"[0.2019002352, 0.3069699076, 0.4321712354, 0.512549842]",q01,1.8920282747604051,0.1513622619808324,1.201629638671874e-10,224.0318529402473,15745519366.94578
rb_g003_v7,rb_g003,train,q,2,silicon_die_upper,,,,120,"[0.3767631531, 0.4548149965, 0.7660896751, 0.8676494779]",q02,1.5534178071348141,0.12427342457078513,1.007080078125001e-10,195.96714511777623,15424968092.179861
rb_g003_v7,rb_g003,train,q,3,silicon_die_lower,,,,192,"[0.4432803057, 0.5727559233, 0.1157670088, 0.2129520434]",q03,2.446309151865445,0.1957047321492356,1.6479492187499987e-10,194.4123971044362,14844566349.690178
rb_g003_v7,rb_g003,train,q,4,silicon_die_upper,,,,168,"[0.8058928421, 0.9179539282, 0.2784918713, 0.3672469284]",q04,2.0497122711752516,0.1639769816940201,1.4099121093749994e-10,206.0843278209802,14537872662.742569
rb_g003_v7,rb_g003,train,q,5,silicon_die_lower,,,,216,"[0.7052354374, 0.8450538378, 0.157613293, 0.2596158861]",q05,2.7381453497599773,0.2190516279807982,1.8539428710937496e-10,191.99103791705505,14769308118.67242
rb_g004_v0,rb_g004,train,k,0,silicon_die_lower,135.0,135.0,135.0,256,"[0.0370357715, 0.1707609766, 0.5331603888, 0.665011895]",k00,,,,,
rb_g004_v0,rb_g004,train,k,1,silicon_die_upper,150.0,150.0,150.0,528,"[0.5339624314, 0.7210339568, 0.2570757577, 0.4324430257]",k01,,,,,
rb_g004_v0,rb_g004,train,k,2,silicon_die_lower,400.0,400.0,400.0,528,"[0.4548402298, 0.642231642, 0.4313300203, 0.5978088059]",k02,,,,,
rb_g004_v0,rb_g004,train,k,3,silicon_die_upper,20.0,20.0,20.0,280,"[0.2996638172, 0.458343239, 0.3935772121, 0.5060152794]",k03,,,,,
rb_g004_v0,rb_g004,train,k,4,silicon_die_lower,120.0,120.0,120.0,504,"[0.7449098175, 0.8863285391, 0.1366602865, 0.3440786467]",k04,,,,,
rb_g004_v0,rb_g004,train,k,5,silicon_die_upper,140.0,140.0,140.0,504,"[0.0410235205, 0.2505682556, 0.7798990527, 0.9181546581]",k05,,,,,
rb_g004_v0,rb_g004,train,k,6,silicon_die_lower,385.0,385.0,385.0,616,"[0.4816970148, 0.6914400455, 0.748814721, 0.9123891377]",k06,,,,,
rb_g004_v0,rb_g004,train,q,0,silicon_die_lower,,,,144,"[0.7475117171, 0.8425498222, 0.1350372159, 0.2320596559]",q00,0.3008797211398609,0.16715540063325604,1.2359619140625e-10,32.63044201792016,2434376963.533571
rb_g004_v0,rb_g004,train,q,1,silicon_die_upper,,,,192,"[0.4307884959, 0.527322205, 0.2588468625, 0.3865070185]",q01,0.37470498644289313,0.20816943691271841,1.6113281250000006e-10,30.405707157953486,2325441855.2577114
rb_g004_v0,rb_g004,train,q,2,silicon_die_lower,,,,120,"[0.7573762616, 0.8555139513, 0.5468329843, 0.6223263587]",q02,0.21380087829874797,0.11877826572152665,1.02996826171875e-10,28.857906185425673,2075800645.9535923
rb_g004_v0,rb_g004,train,q,3,silicon_die_upper,,,,120,"[0.8712277728, 0.9495269217, 0.6363068588, 0.7240417336]",q03,0.19356941758968738,0.1075385653276041,1.0070800781249989e-10,28.177823295657085,1922085659.266328
rb_g004_v0,rb_g004,train,q,4,silicon_die_lower,,,,120,"[0.2603801331, 0.3564628293, 0.6474435067, 0.724024835]",q04,0.20408462341049036,0.1133803463391613,1.0299682617187497e-10,27.735896503330633,1981465167.3822074
rb_g004_v0,rb_g004,train,q,5,silicon_die_upper,,,,120,"[0.6461236694, 0.7323356641, 0.152328824, 0.2398304869]",q05,0.22271124238124293,0.1237284679895794,1.0070800781250007e-10,29.522840522192134,2211455148.5904737
rb_g004_v0,rb_g004,train,q,6,silicon_die_lower,,,,140,"[0.3784929, 0.497883487, 0.5699545731, 0.6509586853]",q06,0.29024913073707737,0.1612495170761541,1.2016296386718747e-10,30.01191955911476,2415462480.252077
rb_g004_v1,rb_g004,train,k,0,silicon_die_lower,140.0,140.0,140.0,256,"[0.0370357715, 0.1707609766, 0.5331603888, 0.665011895]",k00,,,,,
rb_g004_v1,rb_g004,train,k,1,silicon_die_upper,385.0,385.0,385.0,528,"[0.5339624314, 0.7210339568, 0.2570757577, 0.4324430257]",k01,,,,,
rb_g004_v1,rb_g004,train,k,2,silicon_die_lower,600.0,600.0,600.0,528,"[0.4548402298, 0.642231642, 0.4313300203, 0.5978088059]",k02,,,,,
rb_g004_v1,rb_g004,train,k,3,silicon_die_upper,50.0,50.0,50.0,280,"[0.2996638172, 0.458343239, 0.3935772121, 0.5060152794]",k03,,,,,
rb_g004_v1,rb_g004,train,k,4,silicon_die_lower,135.0,135.0,135.0,504,"[0.7449098175, 0.8863285391, 0.1366602865, 0.3440786467]",k04,,,,,
rb_g004_v1,rb_g004,train,k,5,silicon_die_upper,150.0,150.0,150.0,504,"[0.0410235205, 0.2505682556, 0.7798990527, 0.9181546581]",k05,,,,,
rb_g004_v1,rb_g004,train,k,6,silicon_die_lower,400.0,400.0,400.0,616,"[0.4816970148, 0.6914400455, 0.748814721, 0.9123891377]",k06,,,,,
rb_g004_v1,rb_g004,train,q,0,silicon_die_lower,,,,144,"[0.7475117171, 0.8425498222, 0.1350372159, 0.2320596559]",q00,0.4091819353256726,0.16367277413026904,1.2359619140625e-10,44.37583019833455,3310635470.8028736
rb_g004_v1,rb_g004,train,q,1,silicon_die_upper,,,,192,"[0.4307884959, 0.527322205, 0.2588468625, 0.3865070185]",q01,0.4784611312613436,0.19138445250453745,1.6113281250000006e-10,38.82507457853843,2969358778.2522163
rb_g004_v1,rb_g004,train,q,2,silicon_die_lower,,,,120,"[0.7573762616, 0.8555139513, 0.5468329843, 0.6223263587]",q02,0.27942734994593865,0.11177093997837545,1.02996826171875e-10,37.71587990912958,2712970489.7862277
rb_g004_v1,rb_g004,train,q,3,silicon_die_upper,,,,120,"[0.8712277728, 0.9495269217, 0.6363068588, 0.7240417336]",q03,0.27629882502353553,0.11051953000941422,1.0070800781249989e-10,40.220710302564044,2743563605.567037
rb_g004_v1,rb_g004,train,q,4,silicon_die_lower,,,,120,"[0.2603801331, 0.3564628293, 0.6474435067, 0.724024835]",q04,0.3130538041980371,0.12522152167921483,1.0299682617187497e-10,42.545233286617,3039450979.5440836
rb_g004_v1,rb_g004,train,q,5,silicon_die_upper,,,,120,"[0.6461236694, 0.7323356641, 0.152328824, 0.2398304869]",q05,0.3381073386933517,0.13524293547734068,1.0070800781250007e-10,44.81987048745103,3357303416.455679
rb_g004_v1,rb_g004,train,q,6,silicon_die_lower,,,,140,"[0.3784929, 0.497883487, 0.5699545731, 0.6509586853]",q06,0.4054696155521208,0.1621878462208483,1.2016296386718747e-10,41.92578098240257,3374331012.6760373
rb_g004_v2,rb_g004,train,k,0,silicon_die_lower,150.0,150.0,150.0,256,"[0.0370357715, 0.1707609766, 0.5331603888, 0.665011895]",k00,,,,,
rb_g004_v2,rb_g004,train,k,1,silicon_die_upper,400.0,400.0,400.0,528,"[0.5339624314, 0.7210339568, 0.2570757577, 0.4324430257]",k01,,,,,
rb_g004_v2,rb_g004,train,k,2,silicon_die_lower,20.0,20.0,20.0,528,"[0.4548402298, 0.642231642, 0.4313300203, 0.5978088059]",k02,,,,,
rb_g004_v2,rb_g004,train,k,3,silicon_die_upper,120.0,120.0,120.0,280,"[0.2996638172, 0.458343239, 0.3935772121, 0.5060152794]",k03,,,,,
rb_g004_v2,rb_g004,train,k,4,silicon_die_lower,140.0,140.0,140.0,504,"[0.7449098175, 0.8863285391, 0.1366602865, 0.3440786467]",k04,,,,,
rb_g004_v2,rb_g004,train,k,5,silicon_die_upper,385.0,385.0,385.0,504,"[0.0410235205, 0.2505682556, 0.7798990527, 0.9181546581]",k05,,,,,
rb_g004_v2,rb_g004,train,k,6,silicon_die_lower,600.0,600.0,600.0,616,"[0.4816970148, 0.6914400455, 0.748814721, 0.9123891377]",k06,,,,,
rb_g004_v2,rb_g004,train,q,0,silicon_die_lower,,,,144,"[0.7475117171, 0.8425498222, 0.1350372159, 0.2320596559]",q00,1.0674161305611969,0.15248801865159956,1.2359619140625e-10,115.7614079982457,8636318954.624517
rb_g004_v2,rb_g004,train,q,1,silicon_die_upper,,,,192,"[0.4307884959, 0.527322205, 0.2588468625, 0.3865070185]",q01,1.2578272989731203,0.17968961413901718,1.6113281250000006e-10,102.06730599162988,7806152449.384695
rb_g004_v2,rb_g004,train,q,2,silicon_die_lower,,,,120,"[0.7573762616, 0.8555139513, 0.5468329843, 0.6223263587]",q02,0.7973457623606941,0.11390653748009916,1.02996826171875e-10,107.62223892925125,7741459538.084511
rb_g004_v2,rb_g004,train,q,3,silicon_die_upper,,,,120,"[0.8712277728, 0.9495269217, 0.6363068588, 0.7240417336]",q03,0.854816699650549,0.12211667137864986,1.0070800781249989e-10,124.43532771270371,8488070792.16643
rb_g004_v2,rb_g004,train,q,4,silicon_die_lower,,,,120,"[0.2603801331, 0.3564628293, 0.6474435067, 0.724024835]",q04,0.9737696353167704,0.13910994790239578,1.0299682617187497e-10,132.339092342631,9454365454.832575
rb_g004_v2,rb_g004,train,q,5,silicon_die_upper,,,,120,"[0.6461236694, 0.7323356641, 0.152328824, 0.2398304869]",q05,0.9756809376958,0.1393829910994,1.0070800781250007e-10,129.3373087777358,9688216050.429077
rb_g004_v2,rb_g004,train,q,6,silicon_die_lower,,,,140,"[0.3784929, 0.497883487, 0.5699545731, 0.6509586853]",q06,1.0731435354418681,0.1533062193488383,1.2016296386718747e-10,110.96363106851203,8930734569.995974
rb_g004_v3,rb_g004,train,k,0,silicon_die_lower,385.0,385.0,385.0,256,"[0.0370357715, 0.1707609766, 0.5331603888, 0.665011895]",k00,,,,,
rb_g004_v3,rb_g004,train,k,1,silicon_die_upper,600.0,600.0,600.0,528,"[0.5339624314, 0.7210339568, 0.2570757577, 0.4324430257]",k01,,,,,
rb_g004_v3,rb_g004,train,k,2,silicon_die_lower,50.0,50.0,50.0,528,"[0.4548402298, 0.642231642, 0.4313300203, 0.5978088059]",k02,,,,,
rb_g004_v3,rb_g004,train,k,3,silicon_die_upper,135.0,135.0,135.0,280,"[0.2996638172, 0.458343239, 0.3935772121, 0.5060152794]",k03,,,,,
rb_g004_v3,rb_g004,train,k,4,silicon_die_lower,150.0,150.0,150.0,504,"[0.7449098175, 0.8863285391, 0.1366602865, 0.3440786467]",k04,,,,,
rb_g004_v3,rb_g004,train,k,5,silicon_die_upper,400.0,400.0,400.0,504,"[0.0410235205, 0.2505682556, 0.7798990527, 0.9181546581]",k05,,,,,
rb_g004_v3,rb_g004,train,k,6,silicon_die_lower,20.0,20.0,20.0,616,"[0.4816970148, 0.6914400455, 0.748814721, 0.9123891377]",k06,,,,,
rb_g004_v3,rb_g004,train,q,0,silicon_die_lower,,,,144,"[0.7475117171, 0.8425498222, 0.1350372159, 0.2320596559]",q00,0.9903787464702172,0.14148267806717388,1.2359619140625e-10,107.40669440947427,8013019941.811377
rb_g004_v3,rb_g004,train,q,1,silicon_die_upper,,,,192,"[0.4307884959, 0.527322205, 0.2588468625, 0.3865070185]",q01,1.2559897224260894,0.17942710320372707,1.6113281250000006e-10,101.91819451355815,7794748337.965546
rb_g004_v3,rb_g004,train,q,2,silicon_die_lower,,,,120,"[0.7573762616, 0.8555139513, 0.5468329843, 0.6223263587]",q02,0.868891003074895,0.12412728615355642,1.02996826171875e-10,117.27910217964042,8436094930.002418
rb_g004_v3,rb_g004,train,q,3,silicon_die_upper,,,,120,"[0.8712277728, 0.9495269217, 0.6363068588, 0.7240417336]",q03,0.951276699702417,0.13589667138605957,1.0070800781249989e-10,138.4769716376861,9445889362.378435
rb_g004_v3,rb_g004,train,q,4,silicon_die_lower,,,,120,"[0.2603801331, 0.3564628293, 0.6474435067, 0.724024835]",q04,1.015749300546791,0.14510704293525586,1.0299682617187497e-10,138.0442926198826,9861947579.353262
rb_g004_v3,rb_g004,train,q,5,silicon_die_upper,,,,120,"[0.6461236694, 0.7323356641, 0.152328824, 0.2398304869]",q05,0.929295937562344,0.13275656250890627,1.0070800781250007e-10,123.18846354244374,9227627055.164505
rb_g004_v3,rb_g004,train,q,6,silicon_die_lower,,,,140,"[0.3784929, 0.497883487, 0.5699545731, 0.6509586853]",q06,0.9884185902172474,0.14120265574532107,1.2016296386718747e-10,102.2030251908149,8225650886.155878
rb_g004_v4,rb_g004,train,k,0,silicon_die_lower,400.0,400.0,400.0,256,"[0.0370357715, 0.1707609766, 0.5331603888, 0.665011895]",k00,,,,,
rb_g004_v4,rb_g004,train,k,1,silicon_die_upper,20.0,20.0,20.0,528,"[0.5339624314, 0.7210339568, 0.2570757577, 0.4324430257]",k01,,,,,
rb_g004_v4,rb_g004,train,k,2,silicon_die_lower,120.0,120.0,120.0,528,"[0.4548402298, 0.642231642, 0.4313300203, 0.5978088059]",k02,,,,,
rb_g004_v4,rb_g004,train,k,3,silicon_die_upper,140.0,140.0,140.0,280,"[0.2996638172, 0.458343239, 0.3935772121, 0.5060152794]",k03,,,,,
rb_g004_v4,rb_g004,train,k,4,silicon_die_lower,385.0,385.0,385.0,504,"[0.7449098175, 0.8863285391, 0.1366602865, 0.3440786467]",k04,,,,,
rb_g004_v4,rb_g004,train,k,5,silicon_die_upper,600.0,600.0,600.0,504,"[0.0410235205, 0.2505682556, 0.7798990527, 0.9181546581]",k05,,,,,
rb_g004_v4,rb_g004,train,k,6,silicon_die_lower,50.0,50.0,50.0,616,"[0.4816970148, 0.6914400455, 0.748814721, 0.9123891377]",k06,,,,,
rb_g004_v4,rb_g004,train,q,0,silicon_die_lower,,,,144,"[0.7475117171, 0.8425498222, 0.1350372159, 0.2320596559]",q00,2.266025208061426,0.13733486109463186,1.2359619140625e-10,245.75070690265267,18334102226.606617
rb_g004_v4,rb_g004,train,q,1,silicon_die_upper,,,,192,"[0.4307884959, 0.527322205, 0.2588468625, 0.3865070185]",q01,3.148808083842711,0.1908368535662249,1.6113281250000006e-10,255.51230957133154,19541693805.181423
rb_g004_v4,rb_g004,train,q,2,silicon_die_lower,,,,120,"[0.7573762616, 0.8555139513, 0.5468329843, 0.6223263587]",q02,2.2581346252842525,0.13685664395662137,1.02996826171875e-10,304.7931219415197,21924312711.50056
rb_g004_v4,rb_g004,train,q,3,silicon_die_upper,,,,120,"[0.8712277728, 0.9495269217, 0.6363068588, 0.7240417336]",q03,2.345732755729429,0.14216562155935936,1.0070800781249989e-10,341.46738628871105,23292415436.28546
rb_g004_v4,rb_g004,train,q,4,silicon_die_lower,,,,120,"[0.2603801331, 0.3564628293, 0.6474435067, 0.724024835]",q04,2.2828748468252598,0.138356051322743,1.0299682617187497e-10,310.25159771222394,22164516438.746708
rb_g004_v4,rb_g004,train,q,5,silicon_die_upper,,,,120,"[0.6461236694, 0.7323356641, 0.152328824, 0.2398304869]",q05,1.991314815607843,0.12068574640047534,1.0070800781250007e-10,263.97082204782356,19773152690.253864
rb_g004_v4,rb_g004,train,q,6,silicon_die_lower,,,,140,"[0.3784929, 0.497883487, 0.5699545731, 0.6509586853]",q06,2.207109664649077,0.13376422209994407,1.2016296386718747e-10,228.21635174368913,18367636696.183105
rb_g004_v5,rb_g004,train,k,0,silicon_die_lower,600.0,600.0,600.0,256,"[0.0370357715, 0.1707609766, 0.5331603888, 0.665011895]",k00,,,,,
rb_g004_v5,rb_g004,train,k,1,silicon_die_upper,50.0,50.0,50.0,528,"[0.5339624314, 0.7210339568, 0.2570757577, 0.4324430257]",k01,,,,,
rb_g004_v5,rb_g004,train,k,2,silicon_die_lower,135.0,135.0,135.0,528,"[0.4548402298, 0.642231642, 0.4313300203, 0.5978088059]",k02,,,,,
rb_g004_v5,rb_g004,train,k,3,silicon_die_upper,150.0,150.0,150.0,280,"[0.2996638172, 0.458343239, 0.3935772121, 0.5060152794]",k03,,,,,
rb_g004_v5,rb_g004,train,k,4,silicon_die_lower,400.0,400.0,400.0,504,"[0.7449098175, 0.8863285391, 0.1366602865, 0.3440786467]",k04,,,,,
rb_g004_v5,rb_g004,train,k,5,silicon_die_upper,20.0,20.0,20.0,504,"[0.0410235205, 0.2505682556, 0.7798990527, 0.9181546581]",k05,,,,,
rb_g004_v5,rb_g004,train,k,6,silicon_die_lower,120.0,120.0,120.0,616,"[0.4816970148, 0.6914400455, 0.748814721, 0.9123891377]",k06,,,,,
rb_g004_v5,rb_g004,train,q,0,silicon_die_lower,,,,144,"[0.7475117171, 0.8425498222, 0.1350372159, 0.2320596559]",q00,2.346795414635486,0.1422300251294234,1.2359619140625e-10,254.5102455395726,18987602999.203854
rb_g004_v5,rb_g004,train,q,1,silicon_die_upper,,,,192,"[0.4307884959, 0.527322205, 0.2588468625, 0.3865070185]",q01,3.4279921781953018,0.20775710170880618,1.6113281250000006e-10,278.1669048480802,21274327214.981743
rb_g004_v5,rb_g004,train,q,2,silicon_die_lower,,,,120,"[0.7573762616, 0.8555139513, 0.5468329843, 0.6223263587]",q02,2.364716109285352,0.14331612783547587,1.02996826171875e-10,319.1790238652219,22959116287.129604
rb_g004_v5,rb_g004,train,q,3,silicon_die_upper,,,,120,"[0.8712277728, 0.9495269217, 0.6363068588, 0.7240417336]",q03,2.240788012879243,0.1358053341138935,1.0070800781249989e-10,326.1906217219602,22250345941.220337
rb_g004_v5,rb_g004,train,q,4,silicon_die_lower,,,,120,"[0.2603801331, 0.3564628293, 0.6474435067, 0.724024835]",q04,2.0527930604430886,0.12441170063291447,1.0299682617187497e-10,278.9825853400292,19930643853.21456
rb_g004_v5,rb_g004,train,q,5,silicon_die_upper,,,,120,"[0.6461236694, 0.7323356641, 0.152328824, 0.2398304869]",q05,1.8387985382421592,0.11144233565103995,1.0070800781250007e-10,243.753101174992,18258712273.066372
rb_g004_v5,rb_g004,train,q,6,silicon_die_lower,,,,140,"[0.3784929, 0.497883487, 0.5699545731, 0.6509586853]",q06,2.2281166863193675,0.13503737492844653,1.2016296386718747e-10,230.38848932406464,18542457797.412838
rb_g004_v6,rb_g004,train,k,0,silicon_die_lower,20.0,20.0,20.0,256,"[0.0370357715, 0.1707609766, 0.5331603888, 0.665011895]",k00,,,,,
rb_g004_v6,rb_g004,train,k,1,silicon_die_upper,120.0,120.0,120.0,528,"[0.5339624314, 0.7210339568, 0.2570757577, 0.4324430257]",k01,,,,,
rb_g004_v6,rb_g004,train,k,2,silicon_die_lower,140.0,140.0,140.0,528,"[0.4548402298, 0.642231642, 0.4313300203, 0.5978088059]",k02,,,,,
rb_g004_v6,rb_g004,train,k,3,silicon_die_upper,385.0,385.0,385.0,280,"[0.2996638172, 0.458343239, 0.3935772121, 0.5060152794]",k03,,,,,
rb_g004_v6,rb_g004,train,k,4,silicon_die_lower,600.0,600.0,600.0,504,"[0.7449098175, 0.8863285391, 0.1366602865, 0.3440786467]",k04,,,,,
rb_g004_v6,rb_g004,train,k,5,silicon_die_upper,50.0,50.0,50.0,504,"[0.0410235205, 0.2505682556, 0.7798990527, 0.9181546581]",k05,,,,,
rb_g004_v6,rb_g004,train,k,6,silicon_die_lower,135.0,135.0,135.0,616,"[0.4816970148, 0.6914400455, 0.748814721, 0.9123891377]",k06,,,,,
rb_g004_v6,rb_g004,train,q,0,silicon_die_lower,,,,144,"[0.7475117171, 0.8425498222, 0.1350372159, 0.2320596559]",q00,1.9090130775925442,0.15272104620740354,1.2359619140625e-10,207.03269832824344,15445565562.111725
rb_g004_v6,rb_g004,train,q,1,silicon_die_upper,,,,192,"[0.4307884959, 0.527322205, 0.2588468625, 0.3865070185]",q01,2.5643251310989807,0.20514601048791845,1.6113281250000006e-10,208.08401760049517,15914357177.244577
rb_g004_v6,rb_g004,train,q,2,silicon_die_lower,,,,120,"[0.7573762616, 0.8555139513, 0.5468329843, 0.6223263587]",q02,1.6324891630722167,0.13059913304577733,1.02996826171875e-10,220.34623754367422,15849897746.829748
rb_g004_v6,rb_g004,train,q,3,silicon_die_upper,,,,120,"[0.8712277728, 0.9495269217, 0.6363068588, 0.7240417336]",q03,1.5424122688686668,0.12339298150949335,1.0070800781249989e-10,224.52834183425415,15315686432.208645
rb_g004_v6,rb_g004,train,q,4,silicon_die_lower,,,,120,"[0.2603801331, 0.3564628293, 0.6474435067, 0.724024835]",q04,1.526274834197543,0.12210198673580344,1.0299682617187497e-10,207.42670432252268,14818658893.921513
rb_g004_v6,rb_g004,train,q,5,silicon_die_upper,,,,120,"[0.6461236694, 0.7323356641, 0.152328824, 0.2398304869]",q05,1.4903232337750971,0.11922585870200776,1.0070800781250007e-10,197.55884205406184,14798458098.28556
rb_g004_v6,rb_g004,train,q,6,silicon_die_lower,,,,140,"[0.3784929, 0.497883487, 0.5699545731, 0.6509586853]",q06,1.8351622913949504,0.14681298331159603,1.2016296386718747e-10,189.75678902948144,15272278848.109142
rb_g004_v7,rb_g004,train,k,0,silicon_die_lower,50.0,50.0,50.0,256,"[0.0370357715, 0.1707609766, 0.5331603888, 0.665011895]",k00,,,,,
rb_g004_v7,rb_g004,train,k,1,silicon_die_upper,135.0,135.0,135.0,528,"[0.5339624314, 0.7210339568, 0.2570757577, 0.4324430257]",k01,,,,,
rb_g004_v7,rb_g004,train,k,2,silicon_die_lower,150.0,150.0,150.0,528,"[0.4548402298, 0.642231642, 0.4313300203, 0.5978088059]",k02,,,,,
rb_g004_v7,rb_g004,train,k,3,silicon_die_upper,400.0,400.0,400.0,280,"[0.2996638172, 0.458343239, 0.3935772121, 0.5060152794]",k03,,,,,
rb_g004_v7,rb_g004,train,k,4,silicon_die_lower,20.0,20.0,20.0,504,"[0.7449098175, 0.8863285391, 0.1366602865, 0.3440786467]",k04,,,,,
rb_g004_v7,rb_g004,train,k,5,silicon_die_upper,120.0,120.0,120.0,504,"[0.0410235205, 0.2505682556, 0.7798990527, 0.9181546581]",k05,,,,,
rb_g004_v7,rb_g004,train,k,6,silicon_die_lower,140.0,140.0,140.0,616,"[0.4816970148, 0.6914400455, 0.748814721, 0.9123891377]",k06,,,,,
rb_g004_v7,rb_g004,train,q,0,silicon_die_lower,,,,144,"[0.7475117171, 0.8425498222, 0.1350372159, 0.2320596559]",q00,1.9529199534669313,0.1562335962773545,1.2359619140625e-10,211.79440430822615,15800810132.149235
rb_g004_v7,rb_g004,train,q,1,silicon_die_upper,,,,192,"[0.4307884959, 0.527322205, 0.2588468625, 0.3865070185]",q01,2.552280215135276,0.2041824172108221,1.6113281250000006e-10,207.1066241822456,15839605698.77892
rb_g004_v7,rb_g004,train,q,2,silicon_die_lower,,,,120,"[0.7573762616, 0.8555139513, 0.5468329843, 0.6223263587]",q02,1.581816045531528,0.12654528364252224,1.02996826171875e-10,213.50660206720568,15357910571.84507
rb_g004_v7,rb_g004,train,q,3,silicon_die_upper,,,,120,"[0.8712277728, 0.9495269217, 0.6363068588, 0.7240417336]",q03,1.4922370125432889,0.11937896100346311,1.0070800781249989e-10,217.22434968427663,14817461341.520771
rb_g004_v7,rb_g004,train,q,4,silicon_die_lower,,,,120,"[0.2603801331, 0.3564628293, 0.6474435067, 0.724024835]",q04,1.5142496159178724,0.12113996927342979,1.0299682617187497e-10,205.7924302451266,14701905604.265736
rb_g004_v7,rb_g004,train,q,5,silicon_die_upper,,,,120,"[0.6461236694, 0.7323356641, 0.152328824, 0.2398304869]",q05,1.5216743637391992,0.12173394909913593,1.0070800781250007e-10,201.7147813781139,15109765318.48668
rb_g004_v7,rb_g004,train,q,6,silicon_die_lower,,,,140,"[0.3784929, 0.497883487, 0.5699545731, 0.6509586853]",q06,1.8848227936659034,0.15078582349327227,1.2016296386718747e-10,194.89171224401872,15685555124.531895
rb_g005_v0,rb_g005,train,k,0,silicon_die_upper,385.0,385.0,385.0,216,"[0.4035128795, 0.5314970021, 0.7457401796, 0.8377984663]",k00,,,,,
rb_g005_v0,rb_g005,train,k,1,silicon_die_lower,600.0,600.0,600.0,440,"[0.6568470346, 0.8156706886, 0.4123949185, 0.5881601957]",k01,,,,,
rb_g005_v0,rb_g005,train,k,2,silicon_die_upper,50.0,50.0,50.0,144,"[0.770517893, 0.8612741579, 0.2762022748, 0.3644728021]",k02,,,,,
rb_g005_v0,rb_g005,train,q,0,silicon_die_upper,,,,120,"[0.6002854214, 0.6820456363, 0.4269655084, 0.5221270062]",q00,0.23163839988315602,0.12868799993508667,1.007080078125e-10,29.77194876391337,2300099117.385229
rb_g005_v0,rb_g005,train,q,1,silicon_die_lower,,,,168,"[0.6830169277, 0.7691389682, 0.4329673623, 0.5388340515]",q01,0.30590266531827787,0.16994592517682103,1.4419555664062489e-10,33.5513205630906,2121443076.6453624
rb_g005_v0,rb_g005,train,q,2,silicon_die_upper,,,,112,"[0.2147475937, 0.3142738312, 0.2105210692, 0.2798434317]",q02,0.1781732911103296,0.09898516172796089,9.3994140625e-11,25.824484487353278,1895578702.3062596
rb_g005_v0,rb_g005,train,q,3,silicon_die_lower,,,,140,"[0.5820538268, 0.6568299258, 0.4996397176, 0.5998252154]",q03,0.2186740929947849,0.12148560721932494,1.2016296386718742e-10,29.189702503081538,1819812743.9372995
rb_g005_v0,rb_g005,train,q,4,silicon_die_upper,,,,140,"[0.8210206043, 0.9273012452, 0.0979572554, 0.1757417725]",q04,0.22897286610028153,0.12720714783348974,1.1749267578124996e-10,27.697252853693737,1948826721.136111
rb_g005_v0,rb_g005,train,q,5,silicon_die_lower,,,,120,"[0.7724474938, 0.8451960227, 0.4650270831, 0.5554704573]",q05,0.22514194688890202,0.12507885938272334,1.0299682617187505e-10,34.21806487601361,2185911500.934974
rb_g005_v0,rb_g005,train,q,6,silicon_die_upper,,,,96,"[0.5853752863, 0.6546180619, 0.7905111716, 0.8812509505]",q06,0.18617368115738533,0.10342982286521407,8.056640625000011e-11,29.630985845645775,2310810297.0322704
rb_g005_v0,rb_g005,train,q,7,silicon_die_lower,,,,120,"[0.7939166692, 0.8851779523, 0.1950903985, 0.2685645431]",q07,0.22532305654688295,0.1251794758593794,1.0299682617187502e-10,33.60350082846325,2187669901.3120766
rb_g005_v1,rb_g005,train,k,0,silicon_die_upper,400.0,400.0,400.0,216,"[0.4035128795, 0.5314970021, 0.7457401796, 0.8377984663]",k00,,,,,
rb_g005_v1,rb_g005,train,k,1,silicon_die_lower,20.0,20.0,20.0,440,"[0.6568470346, 0.8156706886, 0.4123949185, 0.5881601957]",k01,,,,,
rb_g005_v1,rb_g005,train,k,2,silicon_die_upper,120.0,120.0,120.0,144,"[0.770517893, 0.8612741579, 0.2762022748, 0.3644728021]",k02,,,,,
rb_g005_v1,rb_g005,train,q,0,silicon_die_upper,,,,120,"[0.6002854214, 0.6820456363, 0.4269655084, 0.5221270062]",q00,0.3074841199504912,0.12299364798019646,1.007080078125e-10,39.520224062593755,3053224134.1023316
rb_g005_v1,rb_g005,train,q,1,silicon_die_lower,,,,168,"[0.6830169277, 0.7691389682, 0.4329673623, 0.5388340515]",q01,0.39244298350739953,0.15697719340295982,1.4419555664062489e-10,43.04303896369387,2721602472.713329
rb_g005_v1,rb_g005,train,q,2,silicon_die_upper,,,,112,"[0.2147475937, 0.3142738312, 0.2105210692, 0.2798434317]",q02,0.24130182888560045,0.09652073155424018,9.3994140625e-11,34.974351643801974,2567200756.1439466
rb_g005_v1,rb_g005,train,q,3,silicon_die_lower,,,,140,"[0.5820538268, 0.6568299258, 0.4996397176, 0.5998252154]",q03,0.3249040134831004,0.12996160539324014,1.2016296386718742e-10,43.36979916434395,2703861514.6194897
rb_g005_v1,rb_g005,train,q,4,silicon_die_upper,,,,140,"[0.8210206043, 0.9273012452, 0.0979572554, 0.1757417725]",q04,0.35620523484082345,0.14248209393632938,1.1749267578124996e-10,43.087666347656885,3031722892.2763915
rb_g005_v1,rb_g005,train,q,5,silicon_die_lower,,,,120,"[0.7724474938, 0.8451960227, 0.4650270831, 0.5554704573]",q05,0.33550596714183156,0.13420238685673264,1.0299682617187505e-10,50.99167484597596,3257439861.126972
rb_g005_v1,rb_g005,train,q,6,silicon_die_upper,,,,96,"[0.5853752863, 0.6546180619, 0.7905111716, 0.8812509505]",q06,0.25294497219457024,0.1011779888778281,8.056640625000011e-11,40.25815488113237,3139583654.8756313
rb_g005_v1,rb_g005,train,q,7,silicon_die_lower,,,,120,"[0.7939166692, 0.8851779523, 0.1950903985, 0.2685645431]",q07,0.28921087999618306,0.11568435199847323,1.0299682617187502e-10,43.1313962915739,2807959145.3970146
rb_g005_v2,rb_g005,train,k,0,silicon_die_upper,600.0,600.0,600.0,216,"[0.4035128795, 0.5314970021, 0.7457401796, 0.8377984663]",k00,,,,,
rb_g005_v2,rb_g005,train,k,1,silicon_die_lower,50.0,50.0,50.0,440,"[0.6568470346, 0.8156706886, 0.4123949185, 0.5881601957]",k01,,,,,
rb_g005_v2,rb_g005,train,k,2,silicon_die_upper,135.0,135.0,135.0,144,"[0.770517893, 0.8612741579, 0.2762022748, 0.3644728021]",k02,,,,,
rb_g005_v2,rb_g005,train,q,0,silicon_die_upper,,,,120,"[0.6002854214, 0.6820456363, 0.4269655084, 0.5221270062]",q00,0.792669425286996,0.11323848932671372,1.007080078125e-10,101.87997123218413,7870967190.243723
rb_g005_v2,rb_g005,train,q,1,silicon_die_lower,,,,168,"[0.6830169277, 0.7691389682, 0.4329673623, 0.5388340515]",q01,1.0536507036159852,0.1505215290879979,1.4419555664062489e-10,115.56412063871487,7307095503.934102
rb_g005_v2,rb_g005,train,q,2,silicon_die_upper,,,,112,"[0.2147475937, 0.3142738312, 0.2105210692, 0.2798434317]",q02,0.7103933231376212,0.1014847604482316,9.3994140625e-11,102.96459833548677,7557846887.199211
rb_g005_v2,rb_g005,train,q,3,silicon_die_lower,,,,140,"[0.5820538268, 0.6568299258, 0.4996397176, 0.5998252154]",q03,1.0145804029036816,0.14494005755766878,1.2016296386718742e-10,135.43122425079116,8443370321.866123
rb_g005_v2,rb_g005,train,q,4,silicon_die_upper,,,,140,"[0.8210206043, 0.9273012452, 0.0979572554, 0.1757417725]",q04,1.0811092595827771,0.15444417994039672,1.1749267578124996e-10,130.7742573830541,9201503433.24895
rb_g005_v2,rb_g005,train,q,5,silicon_die_lower,,,,120,"[0.7724474938, 0.8451960227, 0.4650270831, 0.5554704573]",q05,0.9309317784977826,0.1329902540711118,1.0299682617187505e-10,141.48711260589207,9038451116.389727
rb_g005_v2,rb_g005,train,q,6,silicon_die_upper,,,,96,"[0.5853752863, 0.6546180619, 0.7905111716, 0.8812509505]",q06,0.6554120089483565,0.09363028699262235,8.056640625000011e-11,104.31390645274685,8135053298.946862
rb_g005_v2,rb_g005,train,q,7,silicon_die_lower,,,,120,"[0.7939166692, 0.8851779523, 0.1950903985, 0.2685645431]",q07,0.7612530980267992,0.10875044257525703,1.0299682617187502e-10,113.52930100560381,7391034523.301378
rb_g005_v3,rb_g005,train,k,0,silicon_die_upper,20.0,20.0,20.0,216,"[0.4035128795, 0.5314970021, 0.7457401796, 0.8377984663]",k00,,,,,
rb_g005_v3,rb_g005,train,k,1,silicon_die_lower,120.0,120.0,120.0,440,"[0.6568470346, 0.8156706886, 0.4123949185, 0.5881601957]",k01,,,,,
rb_g005_v3,rb_g005,train,k,2,silicon_die_upper,140.0,140.0,140.0,144,"[0.770517893, 0.8612741579, 0.2762022748, 0.3644728021]",k02,,,,,
rb_g005_v3,rb_g005,train,q,0,silicon_die_upper,,,,120,"[0.6002854214, 0.6820456363, 0.4269655084, 0.5221270062]",q00,0.7426237908112949,0.10608911297304213,1.007080078125e-10,95.44772137110894,7374029205.243792
rb_g005_v3,rb_g005,train,q,1,silicon_die_lower,,,,168,"[0.6830169277, 0.7691389682, 0.4329673623, 0.5388340515]",q01,1.0789871406664693,0.15414102009520989,1.4419555664062489e-10,118.34301411622968,7482804365.155321
rb_g005_v3,rb_g005,train,q,2,silicon_die_upper,,,,112,"[0.2147475937, 0.3142738312, 0.2105210692, 0.2798434317]",q02,0.7803839936162539,0.11148342765946484,9.3994140625e-11,113.10906484206137,8302474903.512145
rb_g005_v3,rb_g005,train,q,3,silicon_die_lower,,,,140,"[0.5820538268, 0.6568299258, 0.4996397176, 0.5998252154]",q03,1.1000200342161242,0.15714571917373202,1.2016296386718742e-10,146.83612999809725,9154401646.017519
rb_g005_v3,rb_g005,train,q,4,silicon_die_upper,,,,140,"[0.8210206043, 0.9273012452, 0.0979572554, 0.1757417725]",q04,1.0773068192804358,0.1539009741829194,1.1749267578124996e-10,130.31430266305293,9169140221.865282
rb_g005_v3,rb_g005,train,q,5,silicon_die_lower,,,,120,"[0.7724474938, 0.8451960227, 0.4650270831, 0.5554704573]",q05,0.8579955411571636,0.12257079159388051,1.0299682617187505e-10,130.40194195857077,8330310486.707533
rb_g005_v3,rb_g005,train,q,6,silicon_die_upper,,,,96,"[0.5853752863, 0.6546180619, 0.7905111716, 0.8812509505]",q06,0.6040745192557879,0.08629635989368399,8.056640625000011e-11,96.14314664945582,7497846154.156679
rb_g005_v3,rb_g005,train,q,7,silicon_die_lower,,,,120,"[0.7939166692, 0.8851779523, 0.1950903985, 0.2685645431]",q07,0.7586081609964708,0.10837259442806725,1.0299682617187502e-10,113.13484894618315,7365354731.713288
rb_g005_v4,rb_g005,train,k,0,silicon_die_upper,50.0,50.0,50.0,216,"[0.4035128795, 0.5314970021, 0.7457401796, 0.8377984663]",k00,,,,,
rb_g005_v4,rb_g005,train,k,1,silicon_die_lower,135.0,135.0,135.0,440,"[0.6568470346, 0.8156706886, 0.4123949185, 0.5881601957]",k01,,,,,
rb_g005_v4,rb_g005,train,k,2,silicon_die_upper,150.0,150.0,150.0,144,"[0.770517893, 0.8612741579, 0.2762022748, 0.3644728021]",k02,,,,,
rb_g005_v4,rb_g005,train,q,0,silicon_die_upper,,,,120,"[0.6002854214, 0.6820456363, 0.4269655084, 0.5221270062]",q00,1.7421008412227348,0.10558186916501423,1.007080078125e-10,223.90819921315276,17298533443.99593
rb_g005_v4,rb_g005,train,q,1,silicon_die_lower,,,,168,"[0.6830169277, 0.7691389682, 0.4329673623, 0.5388340515]",q01,2.7404903517194943,0.166090324346636,1.4419555664062489e-10,300.5762313150521,19005373088.919464
rb_g005_v4,rb_g005,train,q,2,silicon_die_upper,,,,112,"[0.2147475937, 0.3142738312, 0.2105210692, 0.2798434317]",q02,1.9872657694884037,0.12044034966596386,9.3994140625e-11,288.03483236229096,21142443095.648056
rb_g005_v4,rb_g005,train,q,3,silicon_die_lower,,,,140,"[0.5820538268, 0.6568299258, 0.4996397176, 0.5998252154]",q03,2.594584034786273,0.15724751725977412,1.2016296386718742e-10,346.33794546692127,21592210705.238514
rb_g005_v4,rb_g005,train,q,4,silicon_die_upper,,,,140,"[0.8210206043, 0.9273012452, 0.0979572554, 0.1757417725]",q04,2.332963558024103,0.14139173078933956,1.1749267578124996e-10,282.202352905636,19856246719.307487
rb_g005_v4,rb_g005,train,q,5,silicon_die_lower,,,,120,"[0.7724474938, 0.8451960227, 0.4650270831, 0.5554704573]",q05,1.8291322646672927,0.11085650088892683,1.0299682617187505e-10,277.99957921692976,17759112903.29417
rb_g005_v4,rb_g005,train,q,6,silicon_die_upper,,,,96,"[0.5853752863, 0.6546180619, 0.7905111716, 0.8812509505]",q06,1.3790878641300943,0.08358108267455117,8.056640625000011e-11,219.492533680933,17117405731.748056
rb_g005_v4,rb_g005,train,q,7,silicon_die_lower,,,,120,"[0.7939166692, 0.8851779523, 0.1950903985, 0.2685645431]",q07,1.8943753159616041,0.1148106252097942,1.0299682617187502e-10,282.51721539242857,18392560104.71995
rb_g005_v5,rb_g005,train,k,0,silicon_die_upper,120.0,120.0,120.0,216,"[0.4035128795, 0.5314970021, 0.7457401796, 0.8377984663]",k00,,,,,
rb_g005_v5,rb_g005,train,k,1,silicon_die_lower,140.0,140.0,140.0,440,"[0.6568470346, 0.8156706886, 0.4123949185, 0.5881601957]",k01,,,,,
rb_g005_v5,rb_g005,train,k,2,silicon_die_upper,385.0,385.0,385.0,144,"[0.770517893, 0.8612741579, 0.2762022748, 0.3644728021]",k02,,,,,
rb_g005_v5,rb_g005,train,q,0,silicon_die_upper,,,,120,"[0.6002854214, 0.6820456363, 0.4269655084, 0.5221270062]",q00,1.8453203425360234,0.11183759651733476,1.007080078125e-10,237.1747634187682,18323471813.400124
rb_g005_v5,rb_g005,train,q,1,silicon_die_lower,,,,168,"[0.6830169277, 0.7691389682, 0.4329673623, 0.5388340515]",q01,2.9563820310157927,0.17917466854641168,1.4419555664062489e-10,324.25517158004646,20502587596.25938
rb_g005_v5,rb_g005,train,q,2,silicon_die_upper,,,,112,"[0.2147475937, 0.3142738312, 0.2105210692, 0.2798434317]",q02,2.005539030369015,0.12154782002236454,9.3994140625e-11,290.6833636837027,21336851606.21165
rb_g005_v5,rb_g005,train,q,3,silicon_die_lower,,,,140,"[0.5820538268, 0.6568299258, 0.4996397176, 0.5998252154]",q03,2.3923125768795033,0.1449886410230002,1.2016296386718742e-10,319.33774804845524,19908901211.22225
rb_g005_v5,rb_g005,train,q,4,silicon_die_upper,,,,140,"[0.8210206043, 0.9273012452, 0.0979572554, 0.1757417725]",q04,2.085588138140035,0.12639928109939605,1.1749267578124996e-10,252.27907129148642,17750792755.992905
rb_g005_v5,rb_g005,train,q,5,silicon_die_lower,,,,120,"[0.7724474938, 0.8451960227, 0.4650270831, 0.5554704573]",q05,1.730926441796325,0.10490463283614092,1.0299682617187505e-10,263.0738256439659,16805628931.787245
rb_g005_v5,rb_g005,train,q,6,silicon_die_upper,,,,96,"[0.5853752863, 0.6546180619, 0.7905111716, 0.8812509505]",q06,1.431396366823769,0.0867512949590163,8.056640625000011e-11,227.8178377372723,17766665207.606514
rb_g005_v5,rb_g005,train,q,7,silicon_die_lower,,,,120,"[0.7939166692, 0.8851779523, 0.1950903985, 0.2685645431]",q07,2.0525350724395377,0.12439606499633561,1.0299682617187502e-10,306.104333325608,19928139038.132965
rb_g005_v6,rb_g005,train,k,0,silicon_die_upper,135.0,135.0,135.0,216,"[0.4035128795, 0.5314970021, 0.7457401796, 0.8377984663]",k00,,,,,
rb_g005_v6,rb_g005,train,k,1,silicon_die_lower,150.0,150.0,150.0,440,"[0.6568470346, 0.8156706886, 0.4123949185, 0.5881601957]",k01,,,,,
rb_g005_v6,rb_g005,train,k,2,silicon_die_upper,400.0,400.0,400.0,144,"[0.770517893, 0.8612741579, 0.2762022748, 0.3644728021]",k02,,,,,
rb_g005_v6,rb_g005,train,q,0,silicon_die_upper,,,,120,"[0.6002854214, 0.6820456363, 0.4269655084, 0.5221270062]",q00,1.4791744931154693,0.11833395944923754,1.007080078125e-10,190.11488269706172,14687754481.941727
rb_g005_v6,rb_g005,train,q,1,silicon_die_lower,,,,168,"[0.6830169277, 0.7691389682, 0.4329673623, 0.5388340515]",q01,2.15894351089279,0.17271548087142322,1.4419555664062489e-10,236.79233306516804,14972330362.949207
rb_g005_v6,rb_g005,train,q,2,silicon_die_upper,,,,112,"[0.2147475937, 0.3142738312, 0.2105210692, 0.2798434317]",q02,1.3827932103032883,0.11062345682426307,9.3994140625e-11,200.42241789529598,14711483089.35654
rb_g005_v6,rb_g005,train,q,3,silicon_die_lower,,,,140,"[0.5820538268, 0.6568299258, 0.4996397176, 0.5998252154]",q03,1.7015507117278506,0.13612405693822804,1.2016296386718742e-10,227.13142827772987,14160359040.482094
rb_g005_v6,rb_g005,train,q,4,silicon_die_upper,,,,140,"[0.8210206043, 0.9273012452, 0.0979572554, 0.1757417725]",q04,1.6247973841100363,0.1299837907288029,1.1749267578124996e-10,196.54042310850252,13828924852.601997
rb_g005_v6,rb_g005,train,q,5,silicon_die_lower,,,,120,"[0.7724474938, 0.8451960227, 0.4650270831, 0.5554704573]",q05,1.4423794134000945,0.11539035307200755,1.0299682617187505e-10,219.21917717050607,14004115146.161266
rb_g005_v6,rb_g005,train,q,6,silicon_die_upper,,,,96,"[0.5853752863, 0.6546180619, 0.7905111716, 0.8812509505]",q06,1.1711255499331923,0.09369004399465539,8.056640625000011e-11,186.39371783280637,14536152280.382877
rb_g005_v6,rb_g005,train,q,7,silicon_die_lower,,,,120,"[0.7939166692, 0.8851779523, 0.1950903985, 0.2685645431]",q07,1.5392357265172791,0.12313885812138234,1.0299682617187502e-10,229.55355658625848,14944496677.486872
rb_g005_v7,rb_g005,train,k,0,silicon_die_upper,140.0,140.0,140.0,216,"[0.4035128795, 0.5314970021, 0.7457401796, 0.8377984663]",k00,,,,,
rb_g005_v7,rb_g005,train,k,1,silicon_die_lower,385.0,385.0,385.0,440,"[0.6568470346, 0.8156706886, 0.4123949185, 0.5881601957]",k01,,,,,
rb_g005_v7,rb_g005,train,k,2,silicon_die_upper,600.0,600.0,600.0,144,"[0.770517893, 0.8612741579, 0.2762022748, 0.3644728021]",k02,,,,,
rb_g005_v7,rb_g005,train,q,0,silicon_die_upper,,,,120,"[0.6002854214, 0.6820456363, 0.4269655084, 0.5221270062]",q00,1.5063339756593872,0.12050671805275097,1.007080078125e-10,193.60562828656583,14957439913.456606
rb_g005_v7,rb_g005,train,q,1,silicon_die_lower,,,,168,"[0.6830169277, 0.7691389682, 0.4329673623, 0.5388340515]",q01,2.1320186490210613,0.1705614919216849,1.4419555664062489e-10,233.83922158823665,14785605733.570835
rb_g005_v7,rb_g005,train,q,2,silicon_die_upper,,,,112,"[0.2147475937, 0.3142738312, 0.2105210692, 0.2798434317]",q02,1.3392554973983581,0.10714043979186866,9.3994140625e-11,194.1120501374709,14248287058.035519
rb_g005_v7,rb_g005,train,q,3,silicon_die_lower,,,,140,"[0.5820538268, 0.6568299258, 0.4996397176, 0.5998252154]",q03,1.6640988914319013,0.1331279113145521,1.2016296386718742e-10,222.13217355273733,13848683803.032528
rb_g005_v7,rb_g005,train,q,4,silicon_die_upper,,,,140,"[0.8210206043, 0.9273012452, 0.0979572554, 0.1757417725]",q04,1.6373661219110411,0.1309892897528833,1.1749267578124996e-10,198.06077578109276,13935899502.021042
rb_g005_v7,rb_g005,train,q,5,silicon_die_lower,,,,120,"[0.7724474938, 0.8451960227, 0.4650270831, 0.5554704573]",q05,1.486823032168136,0.11894584257345088,1.0299682617187505e-10,225.97391413242855,14435619886.840136
rb_g005_v7,rb_g005,train,q,6,silicon_die_upper,,,,96,"[0.5853752863, 0.6546180619, 0.7905111716, 0.8812509505]",q06,1.2005953055977627,0.09604762444782101,8.056640625000011e-11,191.0840580975688,14901934459.78312
rb_g005_v7,rb_g005,train,q,7,silicon_die_lower,,,,120,"[0.7939166692, 0.8851779523, 0.1950903985, 0.2685645431]",q07,1.5335085268123505,0.12268068214498803,1.0299682617187502e-10,228.69943201073247,14888891083.433212
rb_g006_v0,rb_g006,train,k,0,silicon_die_lower,20.0,20.0,20.0,416,"[0.3445192041, 0.4827439672, 0.7347793441, 0.9464212071]",k00,,,,,
rb_g006_v0,rb_g006,train,k,1,silicon_die_upper,120.0,120.0,120.0,160,"[0.5600463255, 0.6793187626, 0.7192193268, 0.8021324817]",k01,,,,,
rb_g006_v0,rb_g006,train,k,2,silicon_die_lower,140.0,140.0,140.0,360,"[0.143287528, 0.2862591161, 0.4749278054, 0.6338503991]",k02,,,,,
rb_g006_v0,rb_g006,train,k,3,silicon_die_upper,385.0,385.0,385.0,400,"[0.3370489517, 0.4923915369, 0.798782772, 0.9562711696]",k03,,,,,
rb_g006_v0,rb_g006,train,k,4,silicon_die_lower,600.0,600.0,600.0,440,"[0.6130815454, 0.7741226211, 0.5916113452, 0.7617536773]",k04,,,,,
rb_g006_v0,rb_g006,train,k,5,silicon_die_upper,50.0,50.0,50.0,528,"[0.0452032938, 0.2097125572, 0.3193735078, 0.5154986405]",k05,,,,,
rb_g006_v0,rb_g006,train,q,0,silicon_die_lower,,,,112,"[0.4654703217, 0.5640803527, 0.2668904146, 0.332450557]",q00,0.24761692574935187,0.13756495874963992,9.613037109374993e-11,38.30181407927475,2575844896.176117
rb_g006_v0,rb_g006,train,q,1,silicon_die_upper,,,,96,"[0.8771738618, 0.9484969371, 0.3819030773, 0.4699426994]",q01,0.18684366690591211,0.10380203716995118,8.056640624999986e-11,29.755698630373306,2319126241.353386
rb_g006_v0,rb_g006,train,q,2,silicon_die_lower,,,,80,"[0.054080307, 0.1237555582, 0.5179538855, 0.6070645098]",q02,0.14461543999857904,0.08034191111032168,6.866455078124994e-11,23.291992083490083,2106114994.6104188
rb_g006_v0,rb_g006,train,q,3,silicon_die_upper,,,,120,"[0.1805353843, 0.2599998352, 0.585284354, 0.672638744]",q03,0.21228847168975243,0.11793803982764024,1.0070800781250004e-10,30.582204520417772,2107960194.0393348
rb_g006_v0,rb_g006,train,q,4,silicon_die_lower,,,,96,"[0.1212851256, 0.2118893886, 0.3469670278, 0.414227265]",q04,0.1914386072704369,0.1063547818169094,8.239746093749996e-11,31.41394647923414,2323355660.384326
rb_g006_v0,rb_g006,train,q,5,silicon_die_upper,,,,120,"[0.480197056, 0.5539864855, 0.142293108, 0.2429886452]",q05,0.25969194425867853,0.1442733023659325,1.0070800781250007e-10,34.950557053981846,2578662311.9601126
rb_g006_v0,rb_g006,train,q,6,silicon_die_lower,,,,80,"[0.2657156827, 0.3510096884, 0.5867710442, 0.6541190331]",q06,0.17980518820588065,0.09989177122548924,6.866455078124996e-11,31.30106226584714,2618602847.6134667
rb_g006_v0,rb_g006,train,q,7,silicon_die_upper,,,,96,"[0.3987036296, 0.4661741859, 0.6322769659, 0.725490311]",q07,0.19326715937090286,0.10737064409494602,8.056640624999998e-11,30.730220674289303,2398855408.433995
rb_g006_v0,rb_g006,train,q,8,silicon_die_lower,,,,100,"[0.751623199, 0.8419432241, 0.1691810312, 0.2449796988]",q08,0.18443259655050592,0.10246255363916995,8.583068847656253e-11,26.939656839979648,2148795492.8949246
rb_g006_v1,rb_g006,train,k,0,silicon_die_lower,50.0,50.0,50.0,416,"[0.3445192041, 0.4827439672, 0.7347793441, 0.9464212071]",k00,,,,,
rb_g006_v1,rb_g006,train,k,1,silicon_die_upper,135.0,135.0,135.0,160,"[0.5600463255, 0.6793187626, 0.7192193268, 0.8021324817]",k01,,,,,
rb_g006_v1,rb_g006,train,k,2,silicon_die_lower,150.0,150.0,150.0,360,"[0.143287528, 0.2862591161, 0.4749278054, 0.6338503991]",k02,,,,,
rb_g006_v1,rb_g006,train,k,3,silicon_die_upper,400.0,400.0,400.0,400,"[0.3370489517, 0.4923915369, 0.798782772, 0.9562711696]",k03,,,,,
rb_g006_v1,rb_g006,train,k,4,silicon_die_lower,20.0,20.0,20.0,440,"[0.6130815454, 0.7741226211, 0.5916113452, 0.7617536773]",k04,,,,,
rb_g006_v1,rb_g006,train,k,5,silicon_die_upper,120.0,120.0,120.0,528,"[0.0452032938, 0.2097125572, 0.3193735078, 0.5154986405]",k05,,,,,
rb_g006_v1,rb_g006,train,q,0,silicon_die_lower,,,,112,"[0.4654703217, 0.5640803527, 0.2668904146, 0.332450557]",q00,0.32157872170031976,0.12863148868012791,9.613037109374993e-11,49.742352519489366,3345235413.5479636
rb_g006_v1,rb_g006,train,q,1,silicon_die_upper,,,,96,"[0.8771738618, 0.9484969371, 0.3819030773, 0.4699426994]",q01,0.24250444690703382,0.09700177876281353,8.056640624999986e-11,38.619929474648615,3009994589.488522
rb_g006_v1,rb_g006,train,q,2,silicon_die_lower,,,,80,"[0.054080307, 0.1237555582, 0.5179538855, 0.6070645098]",q02,0.20287064056507892,0.08114825622603157,6.866455078124994e-11,32.67466706225013,2954517844.460672
rb_g006_v1,rb_g006,train,q,3,silicon_die_upper,,,,120,"[0.1805353843, 0.2599998352, 0.585284354, 0.672638744]",q03,0.32410168048628724,0.1296406721945149,1.0070800781250004e-10,46.6899770823551,3218231474.5983806
rb_g006_v1,rb_g006,train,q,4,silicon_die_lower,,,,96,"[0.1212851256, 0.2118893886, 0.3469670278, 0.414227265]",q04,0.29630144392249225,0.11852057756899691,8.239746093749996e-11,48.62131956461618,3596002116.463789
rb_g006_v1,rb_g006,train,q,5,silicon_die_upper,,,,120,"[0.480197056, 0.5539864855, 0.142293108, 0.2429886452]",q05,0.37483600491455216,0.14993440196582086,1.0070800781250007e-10,50.44718353913618,3722007942.1333447
rb_g006_v1,rb_g006,train,q,6,silicon_die_lower,,,,80,"[0.2657156827, 0.3510096884, 0.5867710442, 0.6541190331]",q06,0.23739425610230944,0.09495770244092377,6.866455078124996e-11,41.32635140263336,3457304437.3157687
rb_g006_v1,rb_g006,train,q,7,silicon_die_upper,,,,96,"[0.3987036296, 0.4661741859, 0.6322769659, 0.725490311]",q07,0.24849178822149834,0.09939671528859934,8.056640624999998e-11,39.51114877794944,3084310195.621992
rb_g006_v1,rb_g006,train,q,8,silicon_die_lower,,,,100,"[0.751623199, 0.8419432241, 0.1691810312, 0.2449796988]",q08,0.2519210171804281,0.10076840687217123,8.583068847656253e-11,36.797539483541655,2935092583.455383
rb_g006_v2,rb_g006,train,k,0,silicon_die_lower,120.0,120.0,120.0,416,"[0.3445192041, 0.4827439672, 0.7347793441, 0.9464212071]",k00,,,,,
rb_g006_v2,rb_g006,train,k,1,silicon_die_upper,140.0,140.0,140.0,160,"[0.5600463255, 0.6793187626, 0.7192193268, 0.8021324817]",k01,,,,,
rb_g006_v2,rb_g006,train,k,2,silicon_die_lower,385.0,385.0,385.0,360,"[0.143287528, 0.2862591161, 0.4749278054, 0.6338503991]",k02,,,,,
rb_g006_v2,rb_g006,train,k,3,silicon_die_upper,600.0,600.0,600.0,400,"[0.3370489517, 0.4923915369, 0.798782772, 0.9562711696]",k03,,,,,
rb_g006_v2,rb_g006,train,k,4,silicon_die_lower,50.0,50.0,50.0,440,"[0.6130815454, 0.7741226211, 0.5916113452, 0.7617536773]",k04,,,,,
rb_g006_v2,rb_g006,train,k,5,silicon_die_upper,135.0,135.0,135.0,528,"[0.0452032938, 0.2097125572, 0.3193735078, 0.5154986405]",k05,,,,,
rb_g006_v2,rb_g006,train,q,0,silicon_die_lower,,,,112,"[0.4654703217, 0.5640803527, 0.2668904146, 0.332450557]",q00,0.8278700257186001,0.11826714653122859,9.613037109374993e-11,128.05636654650706,8611950794.522892
rb_g006_v2,rb_g006,train,q,1,silicon_die_upper,,,,96,"[0.8771738618, 0.9484969371, 0.3819030773, 0.4699426994]",q01,0.6682668763277456,0.09546669661824937,8.056640624999986e-11,106.42452113018422,8294609471.025608
rb_g006_v2,rb_g006,train,q,2,silicon_die_lower,,,,80,"[0.054080307, 0.1237555582, 0.5179538855, 0.6070645098]",q02,0.6115980077895842,0.0873711439699406,6.866455078124994e-11,98.50494494815541,8907041564.110716
rb_g006_v2,rb_g006,train,q,3,silicon_die_upper,,,,120,"[0.1805353843, 0.2599998352, 0.585284354, 0.672638744]",q03,1.0058525564146887,0.14369322234495555,1.0070800781250004e-10,144.9027747611976,9987811081.392881
rb_g006_v2,rb_g006,train,q,4,silicon_die_lower,,,,96,"[0.1212851256, 0.2118893886, 0.3469670278, 0.414227265]",q04,0.867346182895925,0.12390659755656072,8.239746093749996e-11,142.32639359923,10526370267.08655
rb_g006_v2,rb_g006,train,q,5,silicon_die_upper,,,,120,"[0.480197056, 0.5539864855, 0.142293108, 0.2429886452]",q05,1.0005817707012514,0.14294025295732163,1.0070800781250007e-10,134.662976796977,9935473776.466238
rb_g006_v2,rb_g006,train,q,6,silicon_die_lower,,,,80,"[0.2657156827, 0.3510096884, 0.5867710442, 0.6541190331]",q06,0.608135569519917,0.08687650993141671,6.866455078124996e-11,105.86618505036425,8856616152.012733
rb_g006_v2,rb_g006,train,q,7,silicon_die_upper,,,,96,"[0.3987036296, 0.4661741859, 0.6322769659, 0.725490311]",q07,0.6676783180517788,0.09538261686453983,8.056640624999998e-11,106.16341710592003,8287304214.363899
rb_g006_v2,rb_g006,train,q,8,silicon_die_lower,,,,100,"[0.751623199, 0.8419432241, 0.1691810312, 0.2449796988]",q08,0.742670692580509,0.106095813225787,8.583068847656253e-11,108.48024686216483,8652740712.703327
rb_g006_v3,rb_g006,train,k,0,silicon_die_lower,135.0,135.0,135.0,416,"[0.3445192041, 0.4827439672, 0.7347793441, 0.9464212071]",k00,,,,,
rb_g006_v3,rb_g006,train,k,1,silicon_die_upper,150.0,150.0,150.0,160,"[0.5600463255, 0.6793187626, 0.7192193268, 0.8021324817]",k01,,,,,
rb_g006_v3,rb_g006,train,k,2,silicon_die_lower,400.0,400.0,400.0,360,"[0.143287528, 0.2862591161, 0.4749278054, 0.6338503991]",k02,,,,,
rb_g006_v3,rb_g006,train,k,3,silicon_die_upper,20.0,20.0,20.0,400,"[0.3370489517, 0.4923915369, 0.798782772, 0.9562711696]",k03,,,,,
rb_g006_v3,rb_g006,train,k,4,silicon_die_lower,120.0,120.0,120.0,440,"[0.6130815454, 0.7741226211, 0.5916113452, 0.7617536773]",k04,,,,,
rb_g006_v3,rb_g006,train,k,5,silicon_die_upper,140.0,140.0,140.0,528,"[0.0452032938, 0.2097125572, 0.3193735078, 0.5154986405]",k05,,,,,
rb_g006_v3,rb_g006,train,q,0,silicon_die_lower,,,,112,"[0.4654703217, 0.5640803527, 0.2668904146, 0.332450557]",q00,0.7905721437444089,0.11293887767777269,9.613037109374993e-11,122.28706569357479,8223958097.211685
rb_g006_v3,rb_g006,train,q,1,silicon_die_upper,,,,96,"[0.8771738618, 0.9484969371, 0.3819030773, 0.4699426994]",q01,0.6999827664812944,0.09999753806875634,8.056640624999986e-11,111.47542001710369,8688270943.961779
rb_g006_v3,rb_g006,train,q,2,silicon_die_lower,,,,80,"[0.054080307, 0.1237555582, 0.5179538855, 0.6070645098]",q02,0.66911847675616,0.09558835382230857,6.866455078124994e-11,107.76928289036466,9744744109.487053
rb_g006_v3,rb_g006,train,q,3,silicon_die_upper,,,,120,"[0.1805353843, 0.2599998352, 0.585284354, 0.672638744]",q03,1.0515650884448497,0.15022358406354996,1.0070800781250004e-10,151.4881064684022,10441722672.169947
rb_g006_v3,rb_g006,train,q,4,silicon_die_lower,,,,96,"[0.1212851256, 0.2118893886, 0.3469670278, 0.414227265]",q04,0.826549546211841,0.11807850660169157,8.239746093749996e-11,135.63190611000508,10031250196.396154
rb_g006_v3,rb_g006,train,q,5,silicon_die_upper,,,,120,"[0.480197056, 0.5539864855, 0.142293108, 0.2429886452]",q05,0.9028100039365098,0.1289728577052157,1.0070800781250007e-10,121.50439491514604,8964629760.300465
rb_g006_v3,rb_g006,train,q,6,silicon_die_lower,,,,80,"[0.2657156827, 0.3510096884, 0.5867710442, 0.6541190331]",q06,0.5674452865612714,0.0810636123658959,6.866455078124996e-11,98.78269044594188,8264020955.573222
rb_g006_v3,rb_g006,train,q,7,silicon_die_upper,,,,96,"[0.3987036296, 0.4661741859, 0.6322769659, 0.725490311]",q07,0.6823049388003932,0.09747213411434189,8.056640624999998e-11,108.48910598543347,8468851604.019428
rb_g006_v3,rb_g006,train,q,8,silicon_die_lower,,,,100,"[0.751623199, 0.8419432241, 0.1691810312, 0.2449796988]",q08,0.8096517490632716,0.11566453558046738,8.583068847656253e-11,118.2640199596215,9433126582.508543
rb_g006_v4,rb_g006,train,k,0,silicon_die_lower,140.0,140.0,140.0,416,"[0.3445192041, 0.4827439672, 0.7347793441, 0.9464212071]",k00,,,,,
rb_g006_v4,rb_g006,train,k,1,silicon_die_upper,385.0,385.0,385.0,160,"[0.5600463255, 0.6793187626, 0.7192193268, 0.8021324817]",k01,,,,,
rb_g006_v4,rb_g006,train,k,2,silicon_die_lower,600.0,600.0,600.0,360,"[0.143287528, 0.2862591161, 0.4749278054, 0.6338503991]",k02,,,,,
rb_g006_v4,rb_g006,train,k,3,silicon_die_upper,50.0,50.0,50.0,400,"[0.3370489517, 0.4923915369, 0.798782772, 0.9562711696]",k03,,,,,
rb_g006_v4,rb_g006,train,k,4,silicon_die_lower,135.0,135.0,135.0,440,"[0.6130815454, 0.7741226211, 0.5916113452, 0.7617536773]",k04,,,,,
rb_g006_v4,rb_g006,train,k,5,silicon_die_upper,150.0,150.0,150.0,528,"[0.0452032938, 0.2097125572, 0.3193735078, 0.5154986405]",k05,,,,,
rb_g006_v4,rb_g006,train,q,0,silicon_die_lower,,,,112,"[0.4654703217, 0.5640803527, 0.2668904146, 0.332450557]",q00,1.904438699976482,0.11542052727130193,9.613037109374993e-11,294.58186992318656,19810999149.469654
rb_g006_v4,rb_g006,train,q,1,silicon_die_upper,,,,96,"[0.8771738618, 0.9484969371, 0.3819030773, 0.4699426994]",q01,1.784682115135269,0.10816255243244055,8.056640624999986e-11,284.2186949570187,22151690738.16386
rb_g006_v4,rb_g006,train,q,2,silicon_die_lower,,,,80,"[0.054080307, 0.1237555582, 0.5179538855, 0.6070645098]",q02,1.6537490438629614,0.10022721477957341,6.866455078124994e-11,266.35544336146864,24084466075.24514
rb_g006_v4,rb_g006,train,q,3,silicon_die_upper,,,,120,"[0.1805353843, 0.2599998352, 0.585284354, 0.672638744]",q03,2.374428236088691,0.14390474158113278,1.0070800781250004e-10,342.0593184223505,23577352860.652782
rb_g006_v4,rb_g006,train,q,4,silicon_die_lower,,,,96,"[0.1212851256, 0.2118893886, 0.3469670278, 0.414227265]",q04,1.7461912316763526,0.10582977161674864,8.239746093749996e-11,286.53968327766813,21192294177.618797
rb_g006_v4,rb_g006,train,q,5,silicon_die_upper,,,,120,"[0.480197056, 0.5539864855, 0.142293108, 0.2429886452]",q05,1.9428242689927726,0.11774692539350137,1.0070800781250007e-10,261.47438132179667,19291656256.471252
rb_g006_v4,rb_g006,train,q,6,silicon_die_lower,,,,80,"[0.2657156827, 0.3510096884, 0.5867710442, 0.6541190331]",q06,1.3314392589221247,0.08069328841952271,6.866455078124996e-11,231.78120477255382,19390489616.16009
rb_g006_v4,rb_g006,train,q,7,silicon_die_upper,,,,96,"[0.3987036296, 0.4661741859, 0.6322769659, 0.725490311]",q07,1.7256367023072798,0.10458404256407756,8.056640624999998e-11,274.38286379418554,21418811917.123093
rb_g006_v4,rb_g006,train,q,8,silicon_die_lower,,,,100,"[0.751623199, 0.8419432241, 0.1691810312, 0.2449796988]",q08,2.036610443038067,0.12343093594170103,8.583068847656253e-11,297.48313193183174,23728231465.767593
rb_g006_v5,rb_g006,train,k,0,silicon_die_lower,150.0,150.0,150.0,416,"[0.3445192041, 0.4827439672, 0.7347793441, 0.9464212071]",k00,,,,,
rb_g006_v5,rb_g006,train,k,1,silicon_die_upper,400.0,400.0,400.0,160,"[0.5600463255, 0.6793187626, 0.7192193268, 0.8021324817]",k01,,,,,
rb_g006_v5,rb_g006,train,k,2,silicon_die_lower,20.0,20.0,20.0,360,"[0.143287528, 0.2862591161, 0.4749278054, 0.6338503991]",k02,,,,,
rb_g006_v5,rb_g006,train,k,3,silicon_die_upper,120.0,120.0,120.0,400,"[0.3370489517, 0.4923915369, 0.798782772, 0.9562711696]",k03,,,,,
rb_g006_v5,rb_g006,train,k,4,silicon_die_lower,140.0,140.0,140.0,440,"[0.6130815454, 0.7741226211, 0.5916113452, 0.7617536773]",k04,,,,,
rb_g006_v5,rb_g006,train,k,5,silicon_die_upper,385.0,385.0,385.0,528,"[0.0452032938, 0.2097125572, 0.3193735078, 0.5154986405]",k05,,,,,
rb_g006_v5,rb_g006,train,q,0,silicon_die_lower,,,,112,"[0.4654703217, 0.5640803527, 0.2668904146, 0.332450557]",q00,2.0534293153394216,0.12445026153572251,9.613037109374993e-11,317.6279958369075,21360879938.10864
rb_g006_v5,rb_g006,train,q,1,silicon_die_upper,,,,96,"[0.8771738618, 0.9484969371, 0.3819030773, 0.4699426994]",q01,1.89401880972071,0.11478901877095213,8.056640624999986e-11,301.63105785484095,23508791044.291035
rb_g006_v5,rb_g006,train,q,2,silicon_die_lower,,,,80,"[0.054080307, 0.1237555582, 0.5179538855, 0.6070645098]",q02,1.6112482618372617,0.09765140980831889,6.866455078124994e-11,259.5102000147385,23465503575.059307
rb_g006_v5,rb_g006,train,q,3,silicon_die_upper,,,,120,"[0.1805353843, 0.2599998352, 0.585284354, 0.672638744]",q03,2.142978394060846,0.12987747842793007,1.0070800781250004e-10,308.71673345401365,21279126065.632053
rb_g006_v5,rb_g006,train,q,4,silicon_die_lower,,,,96,"[0.1212851256, 0.2118893886, 0.3469670278, 0.414227265]",q04,1.5804041948550978,0.09578207241546047,8.239746093749996e-11,259.33500823374357,19180253576.671062
rb_g006_v5,rb_g006,train,q,5,silicon_die_upper,,,,120,"[0.480197056, 0.5539864855, 0.142293108, 0.2429886452]",q05,1.903968568728403,0.11539203446838806,1.0070800781250007e-10,256.24499935987666,18905830927.300686
rb_g006_v5,rb_g006,train,q,6,silicon_die_lower,,,,80,"[0.2657156827, 0.3510096884, 0.5867710442, 0.6541190331]",q06,1.4179625180542086,0.08593712230631567,6.866455078124996e-11,246.84345046502162,20650575907.377926
rb_g006_v5,rb_g006,train,q,7,silicon_die_upper,,,,96,"[0.3987036296, 0.4661741859, 0.6322769659, 0.725490311]",q07,1.8568260622045207,0.11253491286088005,8.056640624999998e-11,295.24247591289054,23047150153.908237
rb_g006_v5,rb_g006,train,q,8,silicon_die_lower,,,,100,"[0.751623199, 0.8419432241, 0.1691810312, 0.2449796988]",q08,2.039163875199532,0.12358568940603222,8.583068847656253e-11,297.8561060561492,23757981106.68026
rb_g006_v6,rb_g006,train,k,0,silicon_die_lower,385.0,385.0,385.0,416,"[0.3445192041, 0.4827439672, 0.7347793441, 0.9464212071]",k00,,,,,
rb_g006_v6,rb_g006,train,k,1,silicon_die_upper,600.0,600.0,600.0,160,"[0.5600463255, 0.6793187626, 0.7192193268, 0.8021324817]",k01,,,,,
rb_g006_v6,rb_g006,train,k,2,silicon_die_lower,50.0,50.0,50.0,360,"[0.143287528, 0.2862591161, 0.4749278054, 0.6338503991]",k02,,,,,
rb_g006_v6,rb_g006,train,k,3,silicon_die_upper,135.0,135.0,135.0,400,"[0.3370489517, 0.4923915369, 0.798782772, 0.9562711696]",k03,,,,,
rb_g006_v6,rb_g006,train,k,4,silicon_die_lower,150.0,150.0,150.0,440,"[0.6130815454, 0.7741226211, 0.5916113452, 0.7617536773]",k04,,,,,
rb_g006_v6,rb_g006,train,k,5,silicon_die_upper,400.0,400.0,400.0,528,"[0.0452032938, 0.2097125572, 0.3193735078, 0.5154986405]",k05,,,,,
rb_g006_v6,rb_g006,train,q,0,silicon_die_lower,,,,112,"[0.4654703217, 0.5640803527, 0.2668904146, 0.332450557]",q00,1.610316264318274,0.12882530114546192,9.613037109374993e-11,249.08650318671613,16751378841.009918
rb_g006_v6,rb_g006,train,q,1,silicon_die_upper,,,,96,"[0.8771738618, 0.9484969371, 0.3819030773, 0.4699426994]",q01,1.3575608124449137,0.10860486499559309,8.056640624999986e-11,216.1976965901508,16850209356.892048
rb_g006_v6,rb_g006,train,q,2,silicon_die_lower,,,,80,"[0.054080307, 0.1237555582, 0.5179538855, 0.6070645098]",q02,1.1242624746235146,0.08994099796988117,6.866455078124994e-11,181.0754969106561,16373259008.205938
rb_g006_v6,rb_g006,train,q,3,silicon_die_upper,,,,120,"[0.1805353843, 0.2599998352, 0.585284354, 0.672638744]",q03,1.589165301450219,0.12713322411601752,1.0070800781250004e-10,228.93460901978872,15779929878.157804
rb_g006_v6,rb_g006,train,q,4,silicon_die_lower,,,,96,"[0.1212851256, 0.2118893886, 0.3469670278, 0.414227265]",q04,1.2857807142981248,0.10286245714384999,8.239746093749996e-11,210.98903256192995,15604615720.785545
rb_g006_v6,rb_g006,train,q,5,silicon_die_upper,,,,120,"[0.480197056, 0.5539864855, 0.142293108, 0.2429886452]",q05,1.6110316125869022,0.12888252900695218,1.0070800781250007e-10,216.82017304087105,15997055721.590174
rb_g006_v6,rb_g006,train,q,6,silicon_die_lower,,,,80,"[0.2657156827, 0.3510096884, 0.5867710442, 0.6541190331]",q06,1.1409880374798291,0.09127904299838632,6.866455078124996e-11,198.62684698980675,16616842672.061806
rb_g006_v6,rb_g006,train,q,7,silicon_die_upper,,,,96,"[0.3987036296, 0.4661741859, 0.6322769659, 0.725490311]",q07,1.3606756978844117,0.10885405583075293,8.056640624999998e-11,216.35266228487765,16888871692.528944
rb_g006_v6,rb_g006,train,q,8,silicon_die_lower,,,,100,"[0.751623199, 0.8419432241, 0.1691810312, 0.2449796988]",q08,1.420219084913809,0.11361752679310472,8.583068847656253e-11,207.4482249925412,16546751635.362019
rb_g006_v7,rb_g006,train,k,0,silicon_die_lower,400.0,400.0,400.0,416,"[0.3445192041, 0.4827439672, 0.7347793441, 0.9464212071]",k00,,,,,
rb_g006_v7,rb_g006,train,k,1,silicon_die_upper,20.0,20.0,20.0,160,"[0.5600463255, 0.6793187626, 0.7192193268, 0.8021324817]",k01,,,,,
rb_g006_v7,rb_g006,train,k,2,silicon_die_lower,120.0,120.0,120.0,360,"[0.143287528, 0.2862591161, 0.4749278054, 0.6338503991]",k02,,,,,
rb_g006_v7,rb_g006,train,k,3,silicon_die_upper,140.0,140.0,140.0,400,"[0.3370489517, 0.4923915369, 0.798782772, 0.9562711696]",k03,,,,,
rb_g006_v7,rb_g006,train,k,4,silicon_die_lower,385.0,385.0,385.0,440,"[0.6130815454, 0.7741226211, 0.5916113452, 0.7617536773]",k04,,,,,
rb_g006_v7,rb_g006,train,k,5,silicon_die_upper,600.0,600.0,600.0,528,"[0.0452032938, 0.2097125572, 0.3193735078, 0.5154986405]",k05,,,,,
rb_g006_v7,rb_g006,train,q,0,silicon_die_lower,,,,112,"[0.4654703217, 0.5640803527, 0.2668904146, 0.332450557]",q00,1.6279806684572111,0.1302384534765769,9.613037109374993e-11,251.81886375174312,16935133506.033628
rb_g006_v7,rb_g006,train,q,1,silicon_die_upper,,,,96,"[0.8771738618, 0.9484969371, 0.3819030773, 0.4699426994]",q01,1.3320499055337018,0.10656399244269615,8.056640624999986e-11,212.1349693358212,16533564888.078945
rb_g006_v7,rb_g006,train,q,2,silicon_die_lower,,,,80,"[0.054080307, 0.1237555582, 0.5179538855, 0.6070645098]",q02,1.0927838377638637,0.08742270702110909,6.866455078124994e-11,176.00549774223225,15914818131.487253
rb_g006_v7,rb_g006,train,q,3,silicon_die_upper,,,,120,"[0.1805353843, 0.2599998352, 0.585284354, 0.672638744]",q03,1.5753888963017222,0.12603111170413778,1.0070800781250004e-10,226.94998481267123,15643134349.701458
rb_g006_v7,rb_g006,train,q,4,silicon_die_lower,,,,96,"[0.1212851256, 0.2118893886, 0.3469670278, 0.414227265]",q04,1.3143825059269776,0.10515060047415821,8.239746093749996e-11,215.6824178944388,15951735538.59823
rb_g006_v7,rb_g006,train,q,5,silicon_die_upper,,,,120,"[0.480197056, 0.5539864855, 0.142293108, 0.2429886452]",q05,1.669236525726166,0.13353892205809328,1.0070800781250007e-10,224.65366261369175,16575012871.210598
rb_g006_v7,rb_g006,train,q,6,silicon_die_lower,,,,80,"[0.2657156827, 0.3510096884, 0.5867710442, 0.6541190331]",q06,1.1632952751719539,0.09306362201375631,6.866455078124996e-11,202.5101622764644,16941715367.482046
rb_g006_v7,rb_g006,train,q,7,silicon_die_upper,,,,96,"[0.3987036296, 0.4661741859, 0.6322769659, 0.725490311]",q07,1.3450392961069653,0.10760314368855722,8.056640624999998e-11,213.8664143432363,16694790778.345852
rb_g006_v7,rb_g006,train,q,8,silicon_die_lower,,,,100,"[0.751623199, 0.8419432241, 0.1691810312, 0.2449796988]",q08,1.3798430890114377,0.11038744712091501,8.583068847656253e-11,201.55059358396076,16076337187.813965
rb_g007_v0,rb_g007,train,k,0,silicon_die_upper,135.0,135.0,135.0,572,"[0.6678350325, 0.8621905929, 0.4616289595, 0.6348177618]",k00,,,,,
rb_g007_v0,rb_g007,train,k,1,silicon_die_lower,150.0,150.0,150.0,360,"[0.0510376548, 0.2049197325, 0.824574992, 0.9583722234]",k01,,,,,
rb_g007_v0,rb_g007,train,q,0,silicon_die_upper,,,,100,"[0.2726910465, 0.3589049644, 0.7770341117, 0.8453506104]",q00,0.19569269861951274,0.1087181658997293,8.392333984375011e-11,33.22550881878945,2331803035.7687945
rb_g007_v0,rb_g007,train,q,1,silicon_die_lower,,,,120,"[0.6513779719, 0.7367079697, 0.2961043738, 0.3740178065]",q01,0.21409737831373446,0.1189429879520747,1.0299682617187492e-10,32.20306999300826,2078679375.5805798
rb_g007_v0,rb_g007,train,q,2,silicon_die_upper,,,,80,"[0.3354589356, 0.4150363033, 0.2855149666, 0.3556112347]",q02,0.13050536209797642,0.07250297894332024,6.713867187500006e-11,23.39612267325117,1943818047.8302217
rb_g007_v0,rb_g007,train,q,3,silicon_die_lower,,,,96,"[0.4598845712, 0.5475384473, 0.8678885487, 0.9360267143]",q03,0.16710665018891632,0.0928370278827313,8.239746093749983e-11,27.978998852187093,2028055819.77423
rb_g007_v0,rb_g007,train,q,4,silicon_die_upper,,,,120,"[0.1165739536, 0.2077035678, 0.6222947367, 0.6884327649]",q04,0.22865735913400786,0.12703186618555992,1.0070800781250002e-10,37.93799794507022,2270498286.0918694
rb_g007_v0,rb_g007,train,q,5,silicon_die_lower,,,,100,"[0.7067021188, 0.7844010452, 0.6331608072, 0.7063112818]",q05,0.21102490209014133,0.11723605671674518,8.583068847656239e-11,37.12799879053522,2458618308.156359
rb_g007_v0,rb_g007,train,q,6,silicon_die_upper,,,,100,"[0.5833148436, 0.6718693576, 0.2792610633, 0.3446448072]",q06,0.20085794954579764,0.11158774974766535,8.392333984375001e-11,34.69033838227193,2393350287.5333443
rb_g007_v0,rb_g007,train,q,7,silicon_die_lower,,,,100,"[0.1068614803, 0.1780163286, 0.5046292879, 0.5868763181]",q07,0.1842689799026055,0.10237165550144749,8.583068847656241e-11,31.486726316915977,2146889220.7817183
rb_g007_v0,rb_g007,train,q,8,silicon_die_upper,,,,80,"[0.8226058748, 0.9058825584, 0.7911795262, 0.8578479459]",q08,0.1316637832304253,0.07314654623912516,6.713867187500006e-11,23.714979175116365,1961072204.0429876
rb_g007_v0,rb_g007,train,q,9,silicon_die_lower,,,,80,"[0.079958079, 0.1485758134, 0.7428551537, 0.820772498]",q09,0.13612493687688274,0.07562496493160152,6.866455078124999e-11,25.460514469263117,1982463080.7029753
rb_g007_v1,rb_g007,train,k,0,silicon_die_upper,140.0,140.0,140.0,572,"[0.6678350325, 0.8621905929, 0.4616289595, 0.6348177618]",k00,,,,,
rb_g007_v1,rb_g007,train,k,1,silicon_die_lower,385.0,385.0,385.0,360,"[0.0510376548, 0.2049197325, 0.824574992, 0.9583722234]",k01,,,,,
rb_g007_v1,rb_g007,train,q,0,silicon_die_upper,,,,100,"[0.2726910465, 0.3589049644, 0.7770341117, 0.8453506104]",q00,0.24921277051787424,0.0996851082071497,8.392333984375011e-11,42.31236608728002,2969528750.665343
rb_g007_v1,rb_g007,train,q,1,silicon_die_lower,,,,120,"[0.6513779719, 0.7367079697, 0.2961043738, 0.3740178065]",q01,0.28179319303003136,0.11271727721201254,1.0299682617187492e-10,42.38541354486659,2735940547.9135036
rb_g007_v1,rb_g007,train,q,2,silicon_die_upper,,,,80,"[0.3354589356, 0.4150363033, 0.2855149666, 0.3556112347]",q02,0.18809598844403558,0.07523839537761423,6.713867187500006e-11,33.7205824284773,2801604249.6973424
rb_g007_v1,rb_g007,train,q,3,silicon_die_lower,,,,96,"[0.4598845712, 0.5475384473, 0.8678885487, 0.9360267143]",q03,0.2570584384014193,0.10282337536056771,8.239746093749983e-11,43.039805686053754,3119737373.902861
rb_g007_v1,rb_g007,train,q,4,silicon_die_upper,,,,120,"[0.1165739536, 0.2077035678, 0.6222947367, 0.6884327649]",q04,0.3446341417094676,0.13785365668378705,1.0070800781250002e-10,57.180444178541364,3422112592.586616
rb_g007_v1,rb_g007,train,q,5,silicon_die_lower,,,,100,"[0.7067021188, 0.7844010452, 0.6331608072, 0.7063112818]",q05,0.2915011635987723,0.11660046543950892,8.583068847656239e-11,51.287098073912354,3396234712.463852
rb_g007_v1,rb_g007,train,q,6,silicon_die_upper,,,,100,"[0.5833148436, 0.6718693576, 0.2792610633, 0.3446448072]",q06,0.25771629425486037,0.10308651770194414,8.392333984375001e-11,44.5103889317948,3070853647.324823
rb_g007_v1,rb_g007,train,q,7,silicon_die_lower,,,,100,"[0.1068614803, 0.1780163286, 0.5046292879, 0.5868763181]",q07,0.2381958576068589,0.09527834304274356,8.583068847656241e-11,40.701412588566726,2775182884.2885547
rb_g007_v1,rb_g007,train,q,8,silicon_die_upper,,,,80,"[0.8226058748, 0.9058825584, 0.7911795262, 0.8578479459]",q08,0.18471043746469756,0.07388417498587903,6.713867187500006e-11,33.26962107898551,2751178006.746911
rb_g007_v1,rb_g007,train,q,9,silicon_die_lower,,,,80,"[0.079958079, 0.1485758134, 0.7428551537, 0.820772498]",q09,0.20708171497198255,0.08283268598879302,6.866455078124999e-11,38.73211713686651,3015846060.534189
rb_g007_v2,rb_g007,train,k,0,silicon_die_upper,150.0,150.0,150.0,572,"[0.6678350325, 0.8621905929, 0.4616289595, 0.6348177618]",k00,,,,,
rb_g007_v2,rb_g007,train,k,1,silicon_die_lower,400.0,400.0,400.0,360,"[0.0510376548, 0.2049197325, 0.824574992, 0.9583722234]",k01,,,,,
rb_g007_v2,rb_g007,train,q,0,silicon_die_upper,,,,100,"[0.2726910465, 0.3589049644, 0.7770341117, 0.8453506104]",q00,0.6448331632183523,0.09211902331690747,8.392333984375011e-11,109.48241862010357,7683597488.12325
rb_g007_v2,rb_g007,train,q,1,silicon_die_lower,,,,120,"[0.6513779719, 0.7367079697, 0.2961043738, 0.3740178065]",q01,0.7948175711594702,0.11354536730849574,1.0299682617187492e-10,119.5510476462442,7716913236.075123
rb_g007_v2,rb_g007,train,q,2,silicon_die_upper,,,,80,"[0.3354589356, 0.4150363033, 0.2855149666, 0.3556112347]",q02,0.5720722458556731,0.08172460655081044,6.713867187500006e-11,102.55726068905459,8520756069.181218
rb_g007_v2,rb_g007,train,q,3,silicon_die_lower,,,,96,"[0.4598845712, 0.5475384473, 0.8678885487, 0.9360267143]",q03,0.7780656560758727,0.11115223658226753,8.239746093749983e-11,130.27308053666522,9442835340.108982
rb_g007_v2,rb_g007,train,q,4,silicon_die_upper,,,,120,"[0.1165739536, 0.2077035678, 0.6222947367, 0.6884327649]",q04,0.9623944585261194,0.1374849226465885,1.0070800781250002e-10,159.67699062120678,9556285338.479961
rb_g007_v2,rb_g007,train,q,5,silicon_die_lower,,,,100,"[0.7067021188, 0.7844010452, 0.6331608072, 0.7063112818]",q05,0.7497425933433938,0.10710608476334196,8.583068847656239e-11,131.91069785202725,8735134328.41826
rb_g007_v2,rb_g007,train,q,6,silicon_die_upper,,,,100,"[0.5833148436, 0.6718693576, 0.2792610633, 0.3446448072]",q06,0.657356528738185,0.09390807553402643,8.392333984375001e-11,113.53257598860323,7832821357.706488
rb_g007_v2,rb_g007,train,q,7,silicon_die_lower,,,,100,"[0.1068614803, 0.1780163286, 0.5046292879, 0.5868763181]",q07,0.6537508011182276,0.09339297158831822,8.583068847656241e-11,111.70883219277617,7616748889.259415
rb_g007_v2,rb_g007,train,q,8,silicon_die_upper,,,,80,"[0.8226058748, 0.9058825584, 0.7911795262, 0.8578479459]",q08,0.5533067064967232,0.07904381521381759,6.713867187500006e-11,99.66033711075848,8241251890.220278
rb_g007_v2,rb_g007,train,q,9,silicon_die_lower,,,,80,"[0.079958079, 0.1485758134, 0.7428551537, 0.820772498]",q09,0.6336602754679831,0.09052289649542615,6.866455078124999e-11,118.518450640249,9228346625.12661
rb_g007_v3,rb_g007,train,k,0,silicon_die_upper,385.0,385.0,385.0,572,"[0.6678350325, 0.8621905929, 0.4616289595, 0.6348177618]",k00,,,,,
rb_g007_v3,rb_g007,train,k,1,silicon_die_lower,600.0,600.0,600.0,360,"[0.0510376548, 0.2049197325, 0.824574992, 0.9583722234]",k01,,,,,
rb_g007_v3,rb_g007,train,q,0,silicon_die_upper,,,,100,"[0.2726910465, 0.3589049644, 0.7770341117, 0.8453506104]",q00,0.6326294358621429,0.09037563369459184,8.392333984375011e-11,107.41041974760499,7538182310.665699
rb_g007_v3,rb_g007,train,q,1,silicon_die_lower,,,,120,"[0.6513779719, 0.7367079697, 0.2961043738, 0.3740178065]",q01,0.8476324137597726,0.12109034482282466,1.0299682617187492e-10,127.4950966874937,8229694498.986741
rb_g007_v3,rb_g007,train,q,2,silicon_die_upper,,,,80,"[0.3354589356, 0.4150363033, 0.2855149666, 0.3556112347]",q02,0.6167969682031452,0.08811385260044932,6.713867187500006e-11,110.575207796722,9186910479.127567
rb_g007_v3,rb_g007,train,q,3,silicon_die_lower,,,,96,"[0.4598845712, 0.5475384473, 0.8678885487, 0.9360267143]",q03,0.7809149925706143,0.1115592846529449,8.239746093749983e-11,130.75015061392276,9477415732.057014
rb_g007_v3,rb_g007,train,q,4,silicon_die_upper,,,,120,"[0.1165739536, 0.2077035678, 0.6222947367, 0.6884327649]",q04,0.8842568306959316,0.1263224043851331,1.0070800781250002e-10,146.71267941215007,8780402372.195238
rb_g007_v3,rb_g007,train,q,5,silicon_die_lower,,,,100,"[0.7067021188, 0.7844010452, 0.6331608072, 0.7063112818]",q05,0.6726466054887166,0.0960923722126738,8.583068847656239e-11,118.34632836069176,7836900966.632638
rb_g007_v3,rb_g007,train,q,6,silicon_die_upper,,,,100,"[0.5833148436, 0.6718693576, 0.2792610633, 0.3446448072]",q06,0.6278459781185197,0.08969228258835996,8.392333984375001e-11,108.43578500194658,7481184367.631873
rb_g007_v3,rb_g007,train,q,7,silicon_die_lower,,,,100,"[0.1068614803, 0.1780163286, 0.5046292879, 0.5868763181]",q07,0.6841997246135982,0.0977428178019426,8.583068847656241e-11,116.9117530601418,7971504560.404768
rb_g007_v3,rb_g007,train,q,8,silicon_die_upper,,,,80,"[0.8226058748, 0.9058825584, 0.7911795262, 0.8578479459]",q08,0.6004533212347564,0.08577904589067949,6.713867187500006e-11,108.15227740942765,8943479286.463854
rb_g007_v3,rb_g007,train,q,9,silicon_die_lower,,,,80,"[0.079958079, 0.1485758134, 0.7428551537, 0.820772498]",q09,0.6526237294528017,0.09323196135040024,6.866455078124999e-11,122.06533415509213,9504521940.759737
rb_g007_v4,rb_g007,train,k,0,silicon_die_upper,400.0,400.0,400.0,572,"[0.6678350325, 0.8621905929, 0.4616289595, 0.6348177618]",k00,,,,,
rb_g007_v4,rb_g007,train,k,1,silicon_die_lower,20.0,20.0,20.0,360,"[0.0510376548, 0.2049197325, 0.824574992, 0.9583722234]",k01,,,,,
rb_g007_v4,rb_g007,train,q,0,silicon_die_upper,,,,100,"[0.2726910465, 0.3589049644, 0.7770341117, 0.8453506104]",q00,1.5723505517840493,0.09529397283539692,8.392333984375011e-11,266.96012417971866,18735557411.221695
rb_g007_v4,rb_g007,train,q,1,silicon_die_lower,,,,120,"[0.6513779719, 0.7367079697, 0.2961043738, 0.3740178065]",q01,2.163017494487341,0.13109196936286915,1.0299682617187492e-10,325.34636490973196,21000816965.736664
rb_g007_v4,rb_g007,train,q,2,silicon_die_upper,,,,80,"[0.3354589356, 0.4150363033, 0.2855149666, 0.3556112347]",q02,1.4814034002857641,0.08978202425974328,6.713867187500006e-11,265.57602786954425,22064830282.07449
rb_g007_v4,rb_g007,train,q,3,silicon_die_lower,,,,96,"[0.4598845712, 0.5475384473, 0.8678885487, 0.9360267143]",q03,1.7109581247968468,0.1036944318058695,8.239746093749983e-11,286.46912229831946,20764694753.090073
rb_g007_v4,rb_g007,train,q,4,silicon_die_upper,,,,120,"[0.1165739536, 0.2077035678, 0.6222947367, 0.6884327649]",q04,1.863906679883231,0.11296404120504432,1.0070800781250002e-10,309.2526217350844,18508028511.03446
rb_g007_v4,rb_g007,train,q,5,silicon_die_lower,,,,100,"[0.7067021188, 0.7844010452, 0.6331608072, 0.7063112818]",q05,1.49068185002106,0.0903443545467309,8.583068847656239e-11,262.272525073904,17367702350.752056
rb_g007_v4,rb_g007,train,q,6,silicon_die_upper,,,,100,"[0.5833148436, 0.6718693576, 0.2792610633, 0.3446448072]",q06,1.5266750357773473,0.09252575974408166,8.392333984375001e-11,263.6732761169987,18191304571.764404
rb_g007_v4,rb_g007,train,q,7,silicon_die_lower,,,,100,"[0.1068614803, 0.1780163286, 0.5046292879, 0.5868763181]",q07,1.7493132884133002,0.10601898717656365,8.583068847656241e-11,298.9116713183426,20380977007.90296
rb_g007_v4,rb_g007,train,q,8,silicon_die_upper,,,,80,"[0.8226058748, 0.9058825584, 0.7911795262, 0.8578479459]",q08,1.4771212900557855,0.08952250242762337,6.713867187500006e-11,266.0557047148494,22001050196.6127
rb_g007_v4,rb_g007,train,q,9,silicon_die_lower,,,,80,"[0.079958079, 0.1485758134, 0.7428551537, 0.820772498]",q09,1.4645722844952738,0.0887619566360772,6.866455078124999e-11,273.93043990462394,21329379830.37384
rb_g007_v5,rb_g007,train,k,0,silicon_die_upper,600.0,600.0,600.0,572,"[0.6678350325, 0.8621905929, 0.4616289595, 0.6348177618]",k00,,,,,
rb_g007_v5,rb_g007,train,k,1,silicon_die_lower,50.0,50.0,50.0,360,"[0.0510376548, 0.2049197325, 0.824574992, 0.9583722234]",k01,,,,,
rb_g007_v5,rb_g007,train,q,0,silicon_die_upper,,,,100,"[0.2726910465, 0.3589049644, 0.7770341117, 0.8453506104]",q00,1.720356193002908,0.10426401169714594,8.392333984375011e-11,292.08912884999023,20499138811.75244
rb_g007_v5,rb_g007,train,q,1,silicon_die_lower,,,,120,"[0.6513779719, 0.7367079697, 0.2961043738, 0.3740178065]",q01,2.256051377127809,0.13673038649259447,1.0299682617187492e-10,339.33988812794746,21904086377.992325
rb_g007_v5,rb_g007,train,q,2,silicon_die_upper,,,,80,"[0.3354589356, 0.4150363033, 0.2855149666, 0.3556112347]",q02,1.4082628640240407,0.08534926448630549,6.713867187500006e-11,252.46388495635134,20975435240.154423
rb_g007_v5,rb_g007,train,q,3,silicon_die_lower,,,,96,"[0.4598845712, 0.5475384473, 0.8678885487, 0.9360267143]",q03,1.5434928173887728,0.0935450192356832,8.239746093749983e-11,258.43007275448247,18732286163.035336
rb_g007_v5,rb_g007,train,q,4,silicon_die_upper,,,,120,"[0.1165739536, 0.2077035678, 0.6222947367, 0.6884327649]",q04,1.7433694798083263,0.10565875635201978,1.0070800781250002e-10,289.2535276054867,17311130640.714916
rb_g007_v5,rb_g007,train,q,5,silicon_die_lower,,,,100,"[0.7067021188, 0.7844010452, 0.6331608072, 0.7063112818]",q05,1.5277803944471438,0.09259275117861478,8.583068847656239e-11,268.79969176816405,17799931720.97567
rb_g007_v5,rb_g007,train,q,6,silicon_die_upper,,,,100,"[0.5833148436, 0.6718693576, 0.2792610633, 0.3446448072]",q06,1.6658430885741522,0.10096018718631225,8.392333984375001e-11,287.70910270210607,19849580482.326477
rb_g007_v5,rb_g007,train,q,7,silicon_die_lower,,,,100,"[0.1068614803, 0.1780163286, 0.5046292879, 0.5868763181]",q07,1.8640144722001788,0.11297057407273811,8.583068847656241e-11,318.5110894300215,21717342657.79752
rb_g007_v5,rb_g007,train,q,8,silicon_die_upper,,,,80,"[0.8226058748, 0.9058825584, 0.7911795262, 0.8578479459]",q08,1.440953035541945,0.08733048700254213,6.713867187500006e-11,259.54116152346234,21462340485.744736
rb_g007_v5,rb_g007,train,q,9,silicon_die_lower,,,,80,"[0.079958079, 0.1485758134, 0.7428551537, 0.820772498]",q09,1.3298762778847246,0.08059856229604391,6.866455078124999e-11,248.73718946909523,19367727054.989628
rb_g007_v6,rb_g007,train,k,0,silicon_die_upper,20.0,20.0,20.0,572,"[0.6678350325, 0.8621905929, 0.4616289595, 0.6348177618]",k00,,,,,
rb_g007_v6,rb_g007,train,k,1,silicon_die_lower,120.0,120.0,120.0,360,"[0.0510376548, 0.2049197325, 0.824574992, 0.9583722234]",k01,,,,,
rb_g007_v6,rb_g007,train,q,0,silicon_die_upper,,,,100,"[0.2726910465, 0.3589049644, 0.7770341117, 0.8453506104]",q00,1.3090995775587997,0.10472796620470398,8.392333984375011e-11,222.26429430268203,15598754529.980614
rb_g007_v6,rb_g007,train,q,1,silicon_die_lower,,,,120,"[0.6513779719, 0.7367079697, 0.2961043738, 0.3740178065]",q01,1.5934684838815099,0.1274774787105208,1.0299682617187492e-10,239.6786804315443,15471044527.356846
rb_g007_v6,rb_g007,train,q,2,silicon_die_upper,,,,80,"[0.3354589356, 0.4150363033, 0.2855149666, 0.3556112347]",q02,1.0020116403743113,0.08016093122994492,6.713867187500006e-11,179.63390071760531,14924507923.538822
rb_g007_v6,rb_g007,train,q,3,silicon_die_lower,,,,96,"[0.4598845712, 0.5475384473, 0.8678885487, 0.9360267143]",q03,1.1926293960488736,0.09541035168390989,8.239746093749983e-11,199.68431217675897,14474103722.122063
rb_g007_v6,rb_g007,train,q,4,silicon_die_upper,,,,120,"[0.1165739536, 0.2077035678, 0.6222947367, 0.6884327649]",q04,1.4618211683727906,0.11694569346982325,1.0070800781250002e-10,242.54005509302155,14515441225.830181
rb_g007_v6,rb_g007,train,q,5,silicon_die_lower,,,,100,"[0.7067021188, 0.7844010452, 0.6331608072, 0.7063112818]",q05,1.2886042906547983,0.10308834325238386,8.583068847656239e-11,226.71873352877154,15013328140.862751
rb_g007_v6,rb_g007,train,q,6,silicon_die_upper,,,,100,"[0.5833148436, 0.6718693576, 0.2792610633, 0.3446448072]",q06,1.3030122671132744,0.10424098136906196,8.392333984375001e-11,225.04429904131973,15526220352.27919
rb_g007_v6,rb_g007,train,q,7,silicon_die_lower,,,,100,"[0.1068614803, 0.1780163286, 0.5046292879, 0.5868763181]",q07,1.3360610306175624,0.10688488244940499,8.583068847656241e-11,228.29772019135737,15566239236.009361
rb_g007_v6,rb_g007,train,q,8,silicon_die_upper,,,,80,"[0.8226058748, 0.9058825584, 0.7911795262, 0.8578479459]",q08,1.013387973004325,0.081071037840346,6.713867187500006e-11,182.5291214217324,15093953227.002586
rb_g007_v6,rb_g007,train,q,9,silicon_die_lower,,,,80,"[0.079958079, 0.1485758134, 0.7428551537, 0.820772498]",q09,0.9999041723737532,0.07999233378990026,6.866455078124999e-11,187.01991885310392,14562159964.596954
rb_g007_v7,rb_g007,train,k,0,silicon_die_upper,50.0,50.0,50.0,572,"[0.6678350325, 0.8621905929, 0.4616289595, 0.6348177618]",k00,,,,,
rb_g007_v7,rb_g007,train,k,1,silicon_die_lower,135.0,135.0,135.0,360,"[0.0510376548, 0.2049197325, 0.824574992, 0.9583722234]",k01,,,,,
rb_g007_v7,rb_g007,train,q,0,silicon_die_upper,,,,100,"[0.2726910465, 0.3589049644, 0.7770341117, 0.8453506104]",q00,1.31052141675934,0.1048417133407472,8.392333984375011e-11,222.50569999246866,15615696648.861816
rb_g007_v7,rb_g007,train,q,1,silicon_die_lower,,,,120,"[0.6513779719, 0.7367079697, 0.2961043738, 0.3740178065]",q01,1.5558570625497858,0.12446856500398287,1.0299682617187492e-10,234.02142650708407,15105873844.631533
rb_g007_v7,rb_g007,train,q,2,silicon_die_upper,,,,80,"[0.3354589356, 0.4150363033, 0.2855149666, 0.3556112347]",q02,0.9801834996353719,0.07841467997082975,6.713867187500006e-11,175.72069860661605,14599387689.114473
rb_g007_v7,rb_g007,train,q,3,silicon_die_lower,,,,96,"[0.4598845712, 0.5475384473, 0.8678885487, 0.9360267143]",q03,1.1985576194772851,0.0958846095581828,8.239746093749983e-11,200.6768864178889,14546050398.15991
rb_g007_v7,rb_g007,train,q,4,silicon_die_upper,,,,120,"[0.1165739536, 0.2077035678, 0.6222947367, 0.6884327649]",q04,1.5097416138573687,0.12077932910858949,1.0070800781250002e-10,250.49084123524804,14991276728.144924
rb_g007_v7,rb_g007,train,q,5,silicon_die_lower,,,,100,"[0.7067021188, 0.7844010452, 0.6331608072, 0.7063112818]",q05,1.3341962107637262,0.10673569686109809,8.583068847656239e-11,234.74023591022691,15544512509.975409
rb_g007_v7,rb_g007,train,q,6,silicon_die_upper,,,,100,"[0.5833148436, 0.6718693576, 0.2792610633, 0.3446448072]",q06,1.316356168207281,0.10530849345658248,8.392333984375001e-11,227.34893495609145,15685221425.387703
rb_g007_v7,rb_g007,train,q,7,silicon_die_lower,,,,100,"[0.1068614803, 0.1780163286, 0.5046292879, 0.5868763181]",q07,1.311063604836704,0.10488508838693632,8.583068847656241e-11,224.02631702515265,15274998116.725033
rb_g007_v7,rb_g007,train,q,8,silicon_die_upper,,,,80,"[0.8226058748, 0.9058825584, 0.7911795262, 0.8578479459]",q08,0.9876502036119083,0.07901201628895266,6.713867187500006e-11,177.89329332854373,14710600850.888628
rb_g007_v7,rb_g007,train,q,9,silicon_die_lower,,,,80,"[0.079958079, 0.1485758134, 0.7428551537, 0.820772498]",q09,0.9958726003012295,0.07966980802409836,6.866455078124999e-11,186.2658623118017,14503445940.74253
rb_g008_v0,rb_g008,train,k,0,silicon_die_lower,385.0,385.0,385.0,252,"[0.8684844295, 0.9713816358, 0.3203651034, 0.4592084719]",k00,,,,,
rb_g008_v0,rb_g008,train,k,1,silicon_die_upper,600.0,600.0,600.0,196,"[0.5135172077, 0.6120850458, 0.7644065541, 0.8699257668]",k01,,,,,
rb_g008_v0,rb_g008,train,k,2,silicon_die_lower,50.0,50.0,50.0,480,"[0.0829908685, 0.2661869575, 0.0759212688, 0.2233684559]",k02,,,,,
rb_g008_v0,rb_g008,train,k,3,silicon_die_upper,135.0,135.0,135.0,528,"[0.6739830157, 0.8620040696, 0.2065643875, 0.3903012345]",k03,,,,,
rb_g008_v0,rb_g008,train,k,4,silicon_die_lower,150.0,150.0,150.0,168,"[0.3534866363, 0.4571528943, 0.2010303509, 0.2968380859]",k04,,,,,
rb_g008_v0,rb_g008,train,q,0,silicon_die_lower,,,,384,"[0.4415481551, 0.6320621701, 0.1264417705, 0.2616458697]",q00,0.7974064023525712,0.44300355686253956,3.2958984374999995e-10,30.957289574377814,2419390091.8786163
rb_g008_v0,rb_g008,train,q,1,silicon_die_upper,,,,360,"[0.7649524516, 0.9203444901, 0.2140569874, 0.3552068714]",q01,0.6552878020100524,0.36404877889447357,3.021240234375e-10,29.876023626068623,2168936433.966202
rb_g008_v0,rb_g008,train,q,2,silicon_die_lower,,,,192,"[0.4372637044, 0.554105234, 0.4409202958, 0.5396547225]",q02,0.3473057956373763,0.19294766424298682,1.6479492187499992e-10,30.105523816276115,2107503020.638065
rb_g008_v1,rb_g008,train,k,0,silicon_die_lower,400.0,400.0,400.0,252,"[0.8684844295, 0.9713816358, 0.3203651034, 0.4592084719]",k00,,,,,
rb_g008_v1,rb_g008,train,k,1,silicon_die_upper,20.0,20.0,20.0,196,"[0.5135172077, 0.6120850458, 0.7644065541, 0.8699257668]",k01,,,,,
rb_g008_v1,rb_g008,train,k,2,silicon_die_lower,120.0,120.0,120.0,480,"[0.0829908685, 0.2661869575, 0.0759212688, 0.2233684559]",k02,,,,,
rb_g008_v1,rb_g008,train,k,3,silicon_die_upper,140.0,140.0,140.0,528,"[0.6739830157, 0.8620040696, 0.2065643875, 0.3903012345]",k03,,,,,
rb_g008_v1,rb_g008,train,k,4,silicon_die_lower,385.0,385.0,385.0,168,"[0.3534866363, 0.4571528943, 0.2010303509, 0.2968380859]",k04,,,,,
rb_g008_v1,rb_g008,train,q,0,silicon_die_lower,,,,384,"[0.4415481551, 0.6320621701, 0.1264417705, 0.2616458697]",q00,1.0493957834307195,0.41975831337228775,3.2958984374999995e-10,40.740140849072404,3183944539.949798
rb_g008_v1,rb_g008,train,q,1,silicon_die_upper,,,,360,"[0.7649524516, 0.9203444901, 0.2140569874, 0.3552068714]",q01,0.9176259203383208,0.3670503681353283,3.021240234375e-10,41.8366000279982,3037249106.832939
rb_g008_v1,rb_g008,train,q,2,silicon_die_lower,,,,192,"[0.4372637044, 0.554105234, 0.4409202958, 0.5396547225]",q02,0.5329782962309599,0.21319131849238399,1.6479492187499992e-10,46.200181489319895,3234191261.277056
rb_g008_v2,rb_g008,train,k,0,silicon_die_lower,600.0,600.0,600.0,252,"[0.8684844295, 0.9713816358, 0.3203651034, 0.4592084719]",k00,,,,,
rb_g008_v2,rb_g008,train,k,1,silicon_die_upper,50.0,50.0,50.0,196,"[0.5135172077, 0.6120850458, 0.7644065541, 0.8699257668]",k01,,,,,
rb_g008_v2,rb_g008,train,k,2,silicon_die_lower,135.0,135.0,135.0,480,"[0.0829908685, 0.2661869575, 0.0759212688, 0.2233684559]",k02,,,,,
rb_g008_v2,rb_g008,train,k,3,silicon_die_upper,150.0,150.0,150.0,528,"[0.6739830157, 0.8620040696, 0.2065643875, 0.3903012345]",k03,,,,,
rb_g008_v2,rb_g008,train,k,4,silicon_die_lower,400.0,400.0,400.0,168,"[0.3534866363, 0.4571528943, 0.2010303509, 0.2968380859]",k04,,,,,
rb_g008_v2,rb_g008,train,q,0,silicon_die_lower,,,,384,"[0.4415481551, 0.6320621701, 0.1264417705, 0.2616458697]",q00,2.749733676889069,0.3928190966984384,3.2958984374999995e-10,106.75146504559422,8342895659.657502
rb_g008_v2,rb_g008,train,q,1,silicon_die_upper,,,,360,"[0.7649524516, 0.9203444901, 0.2140569874, 0.3552068714]",q01,2.638222232036912,0.37688889029098743,3.021240234375e-10,120.28240033368598,8732249100.948034
rb_g008_v2,rb_g008,train,q,2,silicon_die_lower,,,,192,"[0.4372637044, 0.554105234, 0.4409202958, 0.5396547225]",q02,1.6120440910740181,0.23029201301057403,1.6479492187499992e-10,139.73689004426504,9782122365.983973
rb_g008_v3,rb_g008,train,k,0,silicon_die_lower,20.0,20.0,20.0,252,"[0.8684844295, 0.9713816358, 0.3203651034, 0.4592084719]",k00,,,,,
rb_g008_v3,rb_g008,train,k,1,silicon_die_upper,120.0,120.0,120.0,196,"[0.5135172077, 0.6120850458, 0.7644065541, 0.8699257668]",k01,,,,,
rb_g008_v3,rb_g008,train,k,2,silicon_die_lower,140.0,140.0,140.0,480,"[0.0829908685, 0.2661869575, 0.0759212688, 0.2233684559]",k02,,,,,
rb_g008_v3,rb_g008,train,k,3,silicon_die_upper,385.0,385.0,385.0,528,"[0.6739830157, 0.8620040696, 0.2065643875, 0.3903012345]",k03,,,,,
rb_g008_v3,rb_g008,train,k,4,silicon_die_lower,600.0,600.0,600.0,168,"[0.3534866363, 0.4571528943, 0.2010303509, 0.2968380859]",k04,,,,,
rb_g008_v3,rb_g008,train,q,0,silicon_die_lower,,,,384,"[0.4415481551, 0.6320621701, 0.1264417705, 0.2616458697]",q00,2.6594300696271005,0.37991858137530005,3.2958984374999995e-10,103.24565557206607,8068907826.068597
rb_g008_v3,rb_g008,train,q,1,silicon_die_upper,,,,360,"[0.7649524516, 0.9203444901, 0.2140569874, 0.3552068714]",q01,2.717832787102747,0.38826182672896387,3.021240234375e-10,123.91202203080226,8995751996.745739
rb_g008_v3,rb_g008,train,q,2,silicon_die_lower,,,,192,"[0.4372637044, 0.554105234, 0.4409202958, 0.5396547225]",q02,1.6227371432701534,0.2318195918957362,1.6479492187499992e-10,140.66379636602292,9847009390.866003
rb_g008_v4,rb_g008,train,k,0,silicon_die_lower,50.0,50.0,50.0,252,"[0.8684844295, 0.9713816358, 0.3203651034, 0.4592084719]",k00,,,,,
rb_g008_v4,rb_g008,train,k,1,silicon_die_upper,135.0,135.0,135.0,196,"[0.5135172077, 0.6120850458, 0.7644065541, 0.8699257668]",k01,,,,,
rb_g008_v4,rb_g008,train,k,2,silicon_die_lower,150.0,150.0,150.0,480,"[0.0829908685, 0.2661869575, 0.0759212688, 0.2233684559]",k02,,,,,
rb_g008_v4,rb_g008,train,k,3,silicon_die_upper,400.0,400.0,400.0,528,"[0.6739830157, 0.8620040696, 0.2065643875, 0.3903012345]",k03,,,,,
rb_g008_v4,rb_g008,train,k,4,silicon_die_lower,20.0,20.0,20.0,168,"[0.3534866363, 0.4571528943, 0.2010303509, 0.2968380859]",k04,,,,,
rb_g008_v4,rb_g008,train,q,0,silicon_die_lower,,,,384,"[0.4415481551, 0.6320621701, 0.1264417705, 0.2616458697]",q00,6.414771912166592,0.38877405528282377,3.2958984374999995e-10,249.03731780011853,19462893149.803234
rb_g008_v4,rb_g008,train,q,1,silicon_die_upper,,,,360,"[0.7649524516, 0.9203444901, 0.2140569874, 0.3552068714]",q01,6.506123329065832,0.39431050479186863,3.021240234375e-10,296.6285862441633,21534611035.03325
rb_g008_v4,rb_g008,train,q,2,silicon_die_lower,,,,192,"[0.4372637044, 0.554105234, 0.4409202958, 0.5396547225]",q02,3.5791047587675746,0.21691543992530754,1.6479492187499992e-10,310.247697877543,21718537913.94369
rb_g008_v5,rb_g008,train,k,0,silicon_die_lower,120.0,120.0,120.0,252,"[0.8684844295, 0.9713816358, 0.3203651034, 0.4592084719]",k00,,,,,
rb_g008_v5,rb_g008,train,k,1,silicon_die_upper,140.0,140.0,140.0,196,"[0.5135172077, 0.6120850458, 0.7644065541, 0.8699257668]",k01,,,,,
rb_g008_v5,rb_g008,train,k,2,silicon_die_lower,385.0,385.0,385.0,480,"[0.0829908685, 0.2661869575, 0.0759212688, 0.2233684559]",k02,,,,,
rb_g008_v5,rb_g008,train,k,3,silicon_die_upper,600.0,600.0,600.0,528,"[0.6739830157, 0.8620040696, 0.2065643875, 0.3903012345]",k03,,,,,
rb_g008_v5,rb_g008,train,k,4,silicon_die_lower,50.0,50.0,50.0,168,"[0.3534866363, 0.4571528943, 0.2010303509, 0.2968380859]",k04,,,,,
rb_g008_v5,rb_g008,train,q,0,silicon_die_lower,,,,384,"[0.4415481551, 0.6320621701, 0.1264417705, 0.2616458697]",q00,6.825019162801413,0.4136375250182675,3.2958984374999995e-10,264.96413115090877,20707613696.914513
rb_g008_v5,rb_g008,train,q,1,silicon_die_upper,,,,360,"[0.7649524516, 0.9203444901, 0.2140569874, 0.3552068714]",q01,6.432602040788007,0.38985466913866706,3.021240234375e-10,293.27658771943936,21291262997.226406
rb_g008_v5,rb_g008,train,q,2,silicon_die_lower,,,,192,"[0.4372637044, 0.554105234, 0.4409202958, 0.5396547225]",q02,3.242378796410578,0.19650780584306532,1.6479492187499992e-10,281.0592662226866,19675234889.03368
rb_g008_v6,rb_g008,train,k,0,silicon_die_lower,135.0,135.0,135.0,252,"[0.8684844295, 0.9713816358, 0.3203651034, 0.4592084719]",k00,,,,,
rb_g008_v6,rb_g008,train,k,1,silicon_die_upper,150.0,150.0,150.0,196,"[0.5135172077, 0.6120850458, 0.7644065541, 0.8699257668]",k01,,,,,
rb_g008_v6,rb_g008,train,k,2,silicon_die_lower,400.0,400.0,400.0,480,"[0.0829908685, 0.2661869575, 0.0759212688, 0.2233684559]",k02,,,,,
rb_g008_v6,rb_g008,train,k,3,silicon_die_upper,20.0,20.0,20.0,528,"[0.6739830157, 0.8620040696, 0.2065643875, 0.3903012345]",k03,,,,,
rb_g008_v6,rb_g008,train,k,4,silicon_die_lower,120.0,120.0,120.0,168,"[0.3534866363, 0.4571528943, 0.2010303509, 0.2968380859]",k04,,,,,
rb_g008_v6,rb_g008,train,q,0,silicon_die_lower,,,,384,"[0.4415481551, 0.6320621701, 0.1264417705, 0.2616458697]",q00,5.277565401903405,0.4222052321522724,3.2958984374999995e-10,204.88814726396402,16012524360.145445
rb_g008_v6,rb_g008,train,q,1,silicon_die_upper,,,,360,"[0.7649524516, 0.9203444901, 0.2140569874, 0.3552068714]",q01,4.736232009360329,0.3788985607488263,3.021240234375e-10,215.93531723946384,15676449543.709015
rb_g008_v6,rb_g008,train,q,2,silicon_die_lower,,,,192,"[0.4372637044, 0.554105234, 0.4409202958, 0.5396547225]",q02,2.4862025887362655,0.19889620709890124,1.6479492187499992e-10,215.51161019333117,15086645634.761108
rb_g008_v7,rb_g008,train,k,0,silicon_die_lower,140.0,140.0,140.0,252,"[0.8684844295, 0.9713816358, 0.3203651034, 0.4592084719]",k00,,,,,
rb_g008_v7,rb_g008,train,k,1,silicon_die_upper,385.0,385.0,385.0,196,"[0.5135172077, 0.6120850458, 0.7644065541, 0.8699257668]",k01,,,,,
rb_g008_v7,rb_g008,train,k,2,silicon_die_lower,600.0,600.0,600.0,480,"[0.0829908685, 0.2661869575, 0.0759212688, 0.2233684559]",k02,,,,,
rb_g008_v7,rb_g008,train,k,3,silicon_die_upper,50.0,50.0,50.0,528,"[0.6739830157, 0.8620040696, 0.2065643875, 0.3903012345]",k03,,,,,
rb_g008_v7,rb_g008,train,k,4,silicon_die_lower,135.0,135.0,135.0,168,"[0.3534866363, 0.4571528943, 0.2010303509, 0.2968380859]",k04,,,,,
rb_g008_v7,rb_g008,train,q,0,silicon_die_lower,,,,384,"[0.4415481551, 0.6320621701, 0.1264417705, 0.2616458697]",q00,5.314878059004201,0.42519024472033606,3.2958984374999995e-10,206.33671693590412,16125733725.689785
rb_g008_v7,rb_g008,train,q,1,silicon_die_upper,,,,360,"[0.7649524516, 0.9203444901, 0.2140569874, 0.3552068714]",q01,4.6907999884046205,0.3752639990723696,3.021240234375e-10,213.86397068411935,15526074143.438646
rb_g008_v7,rb_g008,train,q,2,silicon_die_lower,,,,192,"[0.4372637044, 0.554105234, 0.4409202958, 0.5396547225]",q02,2.494321952591179,0.1995457562072943,1.6479492187499992e-10,216.21542137350025,15135915137.501444
rb_g009_v0,rb_g009,valid,k,0,silicon_die_upper,20.0,20.0,20.0,468,"[0.0362301981, 0.1873907959, 0.584851435, 0.7923237524]",k00,,,,,
rb_g009_v0,rb_g009,valid,k,1,silicon_die_lower,120.0,120.0,120.0,504,"[0.6930510668, 0.9166483113, 0.0485291535, 0.1965915207]",k01,,,,,
rb_g009_v0,rb_g009,valid,k,2,silicon_die_upper,140.0,140.0,140.0,196,"[0.5578324108, 0.6708600591, 0.2689244046, 0.3856255643]",k02,,,,,
rb_g009_v0,rb_g009,valid,k,3,silicon_die_lower,385.0,385.0,385.0,224,"[0.2331282003, 0.3357531832, 0.2493327072, 0.3694665639]",k03,,,,,
rb_g009_v0,rb_g009,valid,k,4,silicon_die_upper,600.0,600.0,600.0,288,"[0.4298916991, 0.5493527963, 0.2604715932, 0.4032423045]",k04,,,,,
rb_g009_v0,rb_g009,valid,k,5,silicon_die_lower,50.0,50.0,50.0,576,"[0.6154820107, 0.8037437501, 0.5280646073, 0.7052738554]",k05,,,,,
rb_g009_v0,rb_g009,valid,k,6,silicon_die_upper,135.0,135.0,135.0,216,"[0.5868862982, 0.7203183197, 0.4957455642, 0.5845635351]",k06,,,,,
rb_g009_v0,rb_g009,valid,k,7,silicon_die_lower,150.0,150.0,150.0,192,"[0.0332829819, 0.160525976, 0.4503080601, 0.5387208888]",k07,,,,,
rb_g009_v0,rb_g009,valid,q,0,silicon_die_upper,,,,280,"[0.0766812742, 0.1823213228, 0.6342077096, 0.7917551067]",q00,0.5172657096747051,0.2873698387081695,2.3498535156249997e-10,31.079488636714274,2201267892.807888
rb_g009_v0,rb_g009,valid,q,1,silicon_die_lower,,,,320,"[0.7342852797, 0.8782855397, 0.6644863122, 0.7917929203]",q01,0.5531909233070306,0.3073282907261281,2.7465820312499996e-10,30.175941022973024,2014106686.1027534
rb_g009_v0,rb_g009,valid,q,2,silicon_die_upper,,,,140,"[0.4404909404, 0.5520298719, 0.6412718785, 0.7305409541]",q02,0.2398594582105168,0.13325525456139822,1.174926757812501e-10,24.089585702657125,2041484344.5823917
rb_g009_v0,rb_g009,valid,q,3,silicon_die_lower,,,,252,"[0.187042138, 0.2933368379, 0.284792845, 0.4313358109]",q03,0.48968390880774737,0.2720466160043041,2.162933349609374e-10,31.436866153409124,2263980574.7883277
rb_g009_v1,rb_g009,valid,k,0,silicon_die_upper,50.0,50.0,50.0,468,"[0.0362301981, 0.1873907959, 0.584851435, 0.7923237524]",k00,,,,,
rb_g009_v1,rb_g009,valid,k,1,silicon_die_lower,135.0,135.0,135.0,504,"[0.6930510668, 0.9166483113, 0.0485291535, 0.1965915207]",k01,,,,,
rb_g009_v1,rb_g009,valid,k,2,silicon_die_upper,150.0,150.0,150.0,196,"[0.5578324108, 0.6708600591, 0.2689244046, 0.3856255643]",k02,,,,,
rb_g009_v1,rb_g009,valid,k,3,silicon_die_lower,400.0,400.0,400.0,224,"[0.2331282003, 0.3357531832, 0.2493327072, 0.3694665639]",k03,,,,,
rb_g009_v1,rb_g009,valid,k,4,silicon_die_upper,20.0,20.0,20.0,288,"[0.4298916991, 0.5493527963, 0.2604715932, 0.4032423045]",k04,,,,,
rb_g009_v1,rb_g009,valid,k,5,silicon_die_lower,120.0,120.0,120.0,576,"[0.6154820107, 0.8037437501, 0.5280646073, 0.7052738554]",k05,,,,,
rb_g009_v1,rb_g009,valid,k,6,silicon_die_upper,140.0,140.0,140.0,216,"[0.5868862982, 0.7203183197, 0.4957455642, 0.5845635351]",k06,,,,,
rb_g009_v1,rb_g009,valid,k,7,silicon_die_lower,385.0,385.0,385.0,192,"[0.0332829819, 0.160525976, 0.4503080601, 0.5387208888]",k07,,,,,
rb_g009_v1,rb_g009,valid,q,0,silicon_die_upper,,,,280,"[0.0766812742, 0.1823213228, 0.6342077096, 0.7917551067]",q00,0.6535186628648844,0.26140746514595375,2.3498535156249997e-10,39.26613629417452,2781103836.981368
rb_g009_v1,rb_g009,valid,q,1,silicon_die_lower,,,,320,"[0.7342852797, 0.8782855397, 0.6644863122, 0.7917929203]",q01,0.7592644296285146,0.30370577185140585,2.7465820312499996e-10,41.417018399983796,2764397425.563019
rb_g009_v1,rb_g009,valid,q,2,silicon_die_upper,,,,140,"[0.4404909404, 0.5520298719, 0.6412718785, 0.7305409541]",q02,0.35660610992663316,0.14264244397065326,1.174926757812501e-10,35.814695452322766,3035134807.811924
rb_g009_v1,rb_g009,valid,q,3,silicon_die_lower,,,,252,"[0.187042138, 0.2933368379, 0.284792845, 0.4313358109]",q03,0.7306107975799678,0.2922443190319871,2.162933349609374e-10,46.90395873876743,3377870139.696705
rb_g009_v2,rb_g009,valid,k,0,silicon_die_upper,120.0,120.0,120.0,468,"[0.0362301981, 0.1873907959, 0.584851435, 0.7923237524]",k00,,,,,
rb_g009_v2,rb_g009,valid,k,1,silicon_die_lower,140.0,140.0,140.0,504,"[0.6930510668, 0.9166483113, 0.0485291535, 0.1965915207]",k01,,,,,
rb_g009_v2,rb_g009,valid,k,2,silicon_die_upper,385.0,385.0,385.0,196,"[0.5578324108, 0.6708600591, 0.2689244046, 0.3856255643]",k02,,,,,
rb_g009_v2,rb_g009,valid,k,3,silicon_die_lower,600.0,600.0,600.0,224,"[0.2331282003, 0.3357531832, 0.2493327072, 0.3694665639]",k03,,,,,
rb_g009_v2,rb_g009,valid,k,4,silicon_die_upper,50.0,50.0,50.0,288,"[0.4298916991, 0.5493527963, 0.2604715932, 0.4032423045]",k04,,,,,
rb_g009_v2,rb_g009,valid,k,5,silicon_die_lower,135.0,135.0,135.0,576,"[0.6154820107, 0.8037437501, 0.5280646073, 0.7052738554]",k05,,,,,
rb_g009_v2,rb_g009,valid,k,6,silicon_die_upper,150.0,150.0,150.0,216,"[0.5868862982, 0.7203183197, 0.4957455642, 0.5845635351]",k06,,,,,
rb_g009_v2,rb_g009,valid,k,7,silicon_die_lower,400.0,400.0,400.0,192,"[0.0332829819, 0.160525976, 0.4503080601, 0.5387208888]",k07,,,,,
rb_g009_v2,rb_g009,valid,q,0,silicon_die_upper,,,,280,"[0.0766812742, 0.1823213228, 0.6342077096, 0.7917551067]",q00,1.7338680619313496,0.24769543741876424,2.3498535156249997e-10,104.1780495410101,7378621903.034606
rb_g009_v2,rb_g009,valid,q,1,silicon_die_lower,,,,320,"[0.7342852797, 0.8782855397, 0.6644863122, 0.7917929203]",q01,2.1969811534495327,0.31385445049279037,2.7465820312499996e-10,119.84284434522604,7998964270.6927
rb_g009_v2,rb_g009,valid,q,2,silicon_die_upper,,,,140,"[0.4404909404, 0.5520298719, 0.6412718785, 0.7305409541]",q02,1.051842025111272,0.15026314644446742,1.174926757812501e-10,105.63868858294383,8952405059.440554
rb_g009_v2,rb_g009,valid,q,3,silicon_die_lower,,,,252,"[0.187042138, 0.2933368379, 0.284792845, 0.4313358109]",q03,2.0173087595078454,0.2881869656439779,2.162933349609374e-10,129.50775862158488,9326726410.095676
rb_g009_v3,rb_g009,valid,k,0,silicon_die_upper,135.0,135.0,135.0,468,"[0.0362301981, 0.1873907959, 0.584851435, 0.7923237524]",k00,,,,,
rb_g009_v3,rb_g009,valid,k,1,silicon_die_lower,150.0,150.0,150.0,504,"[0.6930510668, 0.9166483113, 0.0485291535, 0.1965915207]",k01,,,,,
rb_g009_v3,rb_g009,valid,k,2,silicon_die_upper,400.0,400.0,400.0,196,"[0.5578324108, 0.6708600591, 0.2689244046, 0.3856255643]",k02,,,,,
rb_g009_v3,rb_g009,valid,k,3,silicon_die_lower,20.0,20.0,20.0,224,"[0.2331282003, 0.3357531832, 0.2493327072, 0.3694665639]",k03,,,,,
rb_g009_v3,rb_g009,valid,k,4,silicon_die_upper,120.0,120.0,120.0,288,"[0.4298916991, 0.5493527963, 0.2604715932, 0.4032423045]",k04,,,,,
rb_g009_v3,rb_g009,valid,k,5,silicon_die_lower,140.0,140.0,140.0,576,"[0.6154820107, 0.8037437501, 0.5280646073, 0.7052738554]",k05,,,,,
rb_g009_v3,rb_g009,valid,k,6,silicon_die_upper,385.0,385.0,385.0,216,"[0.5868862982, 0.7203183197, 0.4957455642, 0.5845635351]",k06,,,,,
rb_g009_v3,rb_g009,valid,k,7,silicon_die_lower,600.0,600.0,600.0,192,"[0.0332829819, 0.160525976, 0.4503080601, 0.5387208888]",k07,,,,,
rb_g009_v3,rb_g009,valid,q,0,silicon_die_upper,,,,280,"[0.0766812742, 0.1823213228, 0.6342077096, 0.7917551067]",q00,1.774063081241056,0.2534375830344366,2.3498535156249997e-10,106.59313452059276,7549675200.793108
rb_g009_v3,rb_g009,valid,q,1,silicon_die_lower,,,,320,"[0.7342852797, 0.8782855397, 0.6644863122, 0.7917929203]",q01,2.3262577382697076,0.3323225340385296,2.7465820312499996e-10,126.89473625961999,8469645951.957976
rb_g009_v3,rb_g009,valid,q,2,silicon_die_upper,,,,140,"[0.4404909404, 0.5520298719, 0.6412718785, 0.7305409541]",q02,1.0551384487118638,0.15073406410169482,1.174926757812501e-10,105.96975528104761,8980461477.24424
rb_g009_v3,rb_g009,valid,q,3,silicon_die_lower,,,,252,"[0.187042138, 0.2933368379, 0.284792845, 0.4313358109]",q03,1.8445407317773723,0.2635058188253389,2.162933349609374e-10,118.41634788567748,8527959181.499959
rb_g009_v4,rb_g009,valid,k,0,silicon_die_upper,140.0,140.0,140.0,468,"[0.0362301981, 0.1873907959, 0.584851435, 0.7923237524]",k00,,,,,
rb_g009_v4,rb_g009,valid,k,1,silicon_die_lower,385.0,385.0,385.0,504,"[0.6930510668, 0.9166483113, 0.0485291535, 0.1965915207]",k01,,,,,
rb_g009_v4,rb_g009,valid,k,2,silicon_die_upper,600.0,600.0,600.0,196,"[0.5578324108, 0.6708600591, 0.2689244046, 0.3856255643]",k02,,,,,
rb_g009_v4,rb_g009,valid,k,3,silicon_die_lower,50.0,50.0,50.0,224,"[0.2331282003, 0.3357531832, 0.2493327072, 0.3694665639]",k03,,,,,
rb_g009_v4,rb_g009,valid,k,4,silicon_die_upper,135.0,135.0,135.0,288,"[0.4298916991, 0.5493527963, 0.2604715932, 0.4032423045]",k04,,,,,
rb_g009_v4,rb_g009,valid,k,5,silicon_die_lower,150.0,150.0,150.0,576,"[0.6154820107, 0.8037437501, 0.5280646073, 0.7052738554]",k05,,,,,
rb_g009_v4,rb_g009,valid,k,6,silicon_die_upper,400.0,400.0,400.0,216,"[0.5868862982, 0.7203183197, 0.4957455642, 0.5845635351]",k06,,,,,
rb_g009_v4,rb_g009,valid,k,7,silicon_die_lower,20.0,20.0,20.0,192,"[0.0332829819, 0.160525976, 0.4503080601, 0.5387208888]",k07,,,,,
rb_g009_v4,rb_g009,valid,q,0,silicon_die_upper,,,,280,"[0.0766812742, 0.1823213228, 0.6342077096, 0.7917551067]",q00,4.534899292660386,0.2748423813733567,2.3498535156249997e-10,272.4757284288514,19298646756.090332
rb_g009_v4,rb_g009,valid,q,1,silicon_die_lower,,,,320,"[0.7342852797, 0.8782855397, 0.6644863122, 0.7917929203]",q01,5.710359586822509,0.3460823992013642,2.7465820312499996e-10,311.49367578521634,20790784771.222225
rb_g009_v4,rb_g009,valid,q,2,silicon_die_upper,,,,140,"[0.4404909404, 0.5520298719, 0.6412718785, 0.7305409541]",q02,2.362133710247117,0.14315961880285558,1.174926757812501e-10,237.23401561339156,20104518809.708435
rb_g009_v4,rb_g009,valid,q,3,silicon_die_lower,,,,252,"[0.187042138, 0.2933368379, 0.284792845, 0.4313358109]",q03,3.89260741026999,0.23591560062242364,2.162933349609374e-10,249.8987120944378,17996890246.169605
rb_g009_v5,rb_g009,valid,k,0,silicon_die_upper,150.0,150.0,150.0,468,"[0.0362301981, 0.1873907959, 0.584851435, 0.7923237524]",k00,,,,,
rb_g009_v5,rb_g009,valid,k,1,silicon_die_lower,400.0,400.0,400.0,504,"[0.6930510668, 0.9166483113, 0.0485291535, 0.1965915207]",k01,,,,,
rb_g009_v5,rb_g009,valid,k,2,silicon_die_upper,20.0,20.0,20.0,196,"[0.5578324108, 0.6708600591, 0.2689244046, 0.3856255643]",k02,,,,,
rb_g009_v5,rb_g009,valid,k,3,silicon_die_lower,120.0,120.0,120.0,224,"[0.2331282003, 0.3357531832, 0.2493327072, 0.3694665639]",k03,,,,,
rb_g009_v5,rb_g009,valid,k,4,silicon_die_upper,140.0,140.0,140.0,288,"[0.4298916991, 0.5493527963, 0.2604715932, 0.4032423045]",k04,,,,,
rb_g009_v5,rb_g009,valid,k,5,silicon_die_lower,385.0,385.0,385.0,576,"[0.6154820107, 0.8037437501, 0.5280646073, 0.7052738554]",k05,,,,,
rb_g009_v5,rb_g009,valid,k,6,silicon_die_upper,600.0,600.0,600.0,216,"[0.5868862982, 0.7203183197, 0.4957455642, 0.5845635351]",k06,,,,,
rb_g009_v5,rb_g009,valid,k,7,silicon_die_lower,50.0,50.0,50.0,192,"[0.0332829819, 0.160525976, 0.4503080601, 0.5387208888]",k07,,,,,
rb_g009_v5,rb_g009,valid,q,0,silicon_die_upper,,,,280,"[0.0766812742, 0.1823213228, 0.6342077096, 0.7917551067]",q00,4.943353541760644,0.2995971843491299,2.3498535156249997e-10,297.017369129358,21036858293.040623
rb_g009_v5,rb_g009,valid,q,1,silicon_die_lower,,,,320,"[0.7342852797, 0.8782855397, 0.6644863122, 0.7917929203]",q01,5.694988684700217,0.34515082937577074,2.7465820312499996e-10,310.65521040849006,20734821024.47297
rb_g009_v5,rb_g009,valid,q,2,silicon_die_upper,,,,140,"[0.4404909404, 0.5520298719, 0.6412718785, 0.7305409541]",q02,2.1958470700937234,0.1330816406117408,1.174926757812501e-10,220.53350149121616,18689225140.995083
rb_g009_v5,rb_g009,valid,q,3,silicon_die_lower,,,,252,"[0.187042138, 0.2933368379, 0.284792845, 0.4313358109]",q03,3.665810703445417,0.2221703456633586,2.162933349609374e-10,235.3387529284582,16948329471.675411
rb_g009_v6,rb_g009,valid,k,0,silicon_die_upper,385.0,385.0,385.0,468,"[0.0362301981, 0.1873907959, 0.584851435, 0.7923237524]",k00,,,,,
rb_g009_v6,rb_g009,valid,k,1,silicon_die_lower,600.0,600.0,600.0,504,"[0.6930510668, 0.9166483113, 0.0485291535, 0.1965915207]",k01,,,,,
rb_g009_v6,rb_g009,valid,k,2,silicon_die_upper,50.0,50.0,50.0,196,"[0.5578324108, 0.6708600591, 0.2689244046, 0.3856255643]",k02,,,,,
rb_g009_v6,rb_g009,valid,k,3,silicon_die_lower,135.0,135.0,135.0,224,"[0.2331282003, 0.3357531832, 0.2493327072, 0.3694665639]",k03,,,,,
rb_g009_v6,rb_g009,valid,k,4,silicon_die_upper,150.0,150.0,150.0,288,"[0.4298916991, 0.5493527963, 0.2604715932, 0.4032423045]",k04,,,,,
rb_g009_v6,rb_g009,valid,k,5,silicon_die_lower,400.0,400.0,400.0,576,"[0.6154820107, 0.8037437501, 0.5280646073, 0.7052738554]",k05,,,,,
rb_g009_v6,rb_g009,valid,k,6,silicon_die_upper,20.0,20.0,20.0,216,"[0.5868862982, 0.7203183197, 0.4957455642, 0.5845635351]",k06,,,,,
rb_g009_v6,rb_g009,valid,k,7,silicon_die_lower,120.0,120.0,120.0,192,"[0.0332829819, 0.160525976, 0.4503080601, 0.5387208888]",k07,,,,,
rb_g009_v6,rb_g009,valid,q,0,silicon_die_upper,,,,280,"[0.0766812742, 0.1823213228, 0.6342077096, 0.7917551067]",q00,3.617656598948142,0.28941252791585137,2.3498535156249997e-10,217.36394865464902,15395243043.419834
rb_g009_v6,rb_g009,valid,q,1,silicon_die_lower,,,,320,"[0.7342852797, 0.8782855397, 0.6644863122, 0.7917929203]",q01,4.0980007781239545,0.32784006224991635,2.7465820312499996e-10,223.54132105694725,14920365499.729528
rb_g009_v6,rb_g009,valid,q,2,silicon_die_upper,,,,140,"[0.4404909404, 0.5520298719, 0.6412718785, 0.7305409541]",q02,1.6918194421531505,0.13534555537225204,1.174926757812501e-10,169.91295548329123,14399360904.019323
rb_g009_v6,rb_g009,valid,q,3,silicon_die_lower,,,,252,"[0.187042138, 0.2933368379, 0.284792845, 0.4313358109]",q03,3.092523180774754,0.24740185446198032,2.162933349609374e-10,198.53467831327046,14297820047.636993
rb_g009_v7,rb_g009,valid,k,0,silicon_die_upper,400.0,400.0,400.0,468,"[0.0362301981, 0.1873907959, 0.584851435, 0.7923237524]",k00,,,,,
rb_g009_v7,rb_g009,valid,k,1,silicon_die_lower,20.0,20.0,20.0,504,"[0.6930510668, 0.9166483113, 0.0485291535, 0.1965915207]",k01,,,,,
rb_g009_v7,rb_g009,valid,k,2,silicon_die_upper,120.0,120.0,120.0,196,"[0.5578324108, 0.6708600591, 0.2689244046, 0.3856255643]",k02,,,,,
rb_g009_v7,rb_g009,valid,k,3,silicon_die_lower,140.0,140.0,140.0,224,"[0.2331282003, 0.3357531832, 0.2493327072, 0.3694665639]",k03,,,,,
rb_g009_v7,rb_g009,valid,k,4,silicon_die_upper,385.0,385.0,385.0,288,"[0.4298916991, 0.5493527963, 0.2604715932, 0.4032423045]",k04,,,,,
rb_g009_v7,rb_g009,valid,k,5,silicon_die_lower,600.0,600.0,600.0,576,"[0.6154820107, 0.8037437501, 0.5280646073, 0.7052738554]",k05,,,,,
rb_g009_v7,rb_g009,valid,k,6,silicon_die_upper,50.0,50.0,50.0,216,"[0.5868862982, 0.7203183197, 0.4957455642, 0.5845635351]",k06,,,,,
rb_g009_v7,rb_g009,valid,k,7,silicon_die_lower,135.0,135.0,135.0,192,"[0.0332829819, 0.160525976, 0.4503080601, 0.5387208888]",k07,,,,,
rb_g009_v7,rb_g009,valid,q,0,silicon_die_upper,,,,280,"[0.0766812742, 0.1823213228, 0.6342077096, 0.7917551067]",q00,3.5752015950677882,0.28601612760542305,2.3498535156249997e-10,214.81307434384092,15214572190.543026
rb_g009_v7,rb_g009,valid,q,1,silicon_die_lower,,,,320,"[0.7342852797, 0.8782855397, 0.6644863122, 0.7917929203]",q01,4.02512769709626,0.32201021576770084,2.7465820312499996e-10,219.56617666718014,14655042708.716698
rb_g009_v7,rb_g009,valid,q,2,silicon_die_upper,,,,140,"[0.4404909404, 0.5520298719, 0.6412718785, 0.7305409541]",q02,1.6990224577781936,0.13592179662225548,1.174926757812501e-10,170.63636936703628,14460666986.097612
rb_g009_v7,rb_g009,valid,q,3,silicon_die_lower,,,,252,"[0.187042138, 0.2933368379, 0.284792845, 0.4313358109]",q03,3.2006482500577573,0.2560518600046206,2.162933349609374e-10,205.47612210944055,14797720191.58979
rb_g010_v0,rb_g010,valid,k,0,silicon_die_lower,135.0,135.0,135.0,216,"[0.1002976535, 0.1989276063, 0.2213421892, 0.3598834775]",k00,,,,,
rb_g010_v0,rb_g010,valid,k,1,silicon_die_upper,150.0,150.0,150.0,140,"[0.1476902238, 0.2595696234, 0.4913295208, 0.5743772452]",k01,,,,,
rb_g010_v0,rb_g010,valid,k,2,silicon_die_lower,400.0,400.0,400.0,144,"[0.0706161537, 0.1625919374, 0.6146227429, 0.7074193265]",k02,,,,,
rb_g010_v0,rb_g010,valid,k,3,silicon_die_upper,20.0,20.0,20.0,560,"[0.5406565434, 0.691662371, 0.1193511953, 0.3326584278]",k03,,,,,
rb_g010_v0,rb_g010,valid,q,0,silicon_die_lower,,,,216,"[0.4819416075, 0.6184856367, 0.6148261981, 0.7038561251]",q00,0.3524873090767165,0.19582628282039805,1.853942871093749e-10,28.995777196621873,1901284632.7285354
rb_g010_v0,rb_g010,valid,q,1,silicon_die_upper,,,,216,"[0.6044047121, 0.7470442856, 0.142473767, 0.2392732053]",q01,0.32575035608705893,0.18097242004836608,1.8127441406250005e-10,23.592394969201397,1797001290.9529872
rb_g010_v0,rb_g010,valid,q,2,silicon_die_lower,,,,120,"[0.6892154545, 0.7773523505, 0.3935630166, 0.4897952902]",q02,0.19533695191123443,0.10852052883957468,1.029968261718749e-10,23.030634787398395,1896533700.8080995
rb_g010_v0,rb_g010,valid,q,3,silicon_die_upper,,,,168,"[0.183313153, 0.2830887209, 0.8114443875, 0.8993461303]",q03,0.29988217941585416,0.16660121078658563,1.4099121093750005e-10,34.19235109703425,2126956548.7226636
rb_g010_v0,rb_g010,valid,q,4,silicon_die_lower,,,,320,"[0.3027809875, 0.4275139541, 0.4822838617, 0.6291158553]",q04,0.6265432035091357,0.3480795575050754,2.7465820312499996e-10,34.2096850827805,2281174188.0652623
rb_g010_v1,rb_g010,valid,k,0,silicon_die_lower,140.0,140.0,140.0,216,"[0.1002976535, 0.1989276063, 0.2213421892, 0.3598834775]",k00,,,,,
rb_g010_v1,rb_g010,valid,k,1,silicon_die_upper,385.0,385.0,385.0,140,"[0.1476902238, 0.2595696234, 0.4913295208, 0.5743772452]",k01,,,,,
rb_g010_v1,rb_g010,valid,k,2,silicon_die_lower,600.0,600.0,600.0,144,"[0.0706161537, 0.1625919374, 0.6146227429, 0.7074193265]",k02,,,,,
rb_g010_v1,rb_g010,valid,k,3,silicon_die_upper,50.0,50.0,50.0,560,"[0.5406565434, 0.691662371, 0.1193511953, 0.3326584278]",k03,,,,,
rb_g010_v1,rb_g010,valid,q,0,silicon_die_lower,,,,216,"[0.4819416075, 0.6184856367, 0.6148261981, 0.7038561251]",q00,0.45898733615741294,0.18359493446296518,1.853942871093749e-10,37.75652113589935,2475736136.824052
rb_g010_v1,rb_g010,valid,q,1,silicon_die_upper,,,,216,"[0.6044047121, 0.7470442856, 0.142473767, 0.2392732053]",q01,0.46520744855956986,0.18608297942382795,1.8127441406250005e-10,33.692542967162794,2566316106.8013434
rb_g010_v1,rb_g010,valid,q,2,silicon_die_lower,,,,120,"[0.6892154545, 0.7773523505, 0.3935630166, 0.4897952902]",q02,0.29546887705191116,0.11818755082076446,1.029968261718749e-10,34.83639798739952,2868718270.588751
rb_g010_v1,rb_g010,valid,q,3,silicon_die_upper,,,,168,"[0.183313153, 0.2830887209, 0.8114443875, 0.8993461303]",q03,0.44009999698406976,0.17603999879362792,1.4099121093750005e-10,50.179886127263046,3121471147.4402585
rb_g010_v1,rb_g010,valid,q,4,silicon_die_lower,,,,320,"[0.3027809875, 0.4275139541, 0.4822838617, 0.6291158553]",q04,0.8402363412470358,0.3360945364988143,2.7465820312499996e-10,45.87747575614658,3059207158.8869863
rb_g010_v2,rb_g010,valid,k,0,silicon_die_lower,150.0,150.0,150.0,216,"[0.1002976535, 0.1989276063, 0.2213421892, 0.3598834775]",k00,,,,,
rb_g010_v2,rb_g010,valid,k,1,silicon_die_upper,400.0,400.0,400.0,140,"[0.1476902238, 0.2595696234, 0.4913295208, 0.5743772452]",k01,,,,,
rb_g010_v2,rb_g010,valid,k,2,silicon_die_lower,20.0,20.0,20.0,144,"[0.0706161537, 0.1625919374, 0.6146227429, 0.7074193265]",k02,,,,,
rb_g010_v2,rb_g010,valid,k,3,silicon_die_upper,120.0,120.0,120.0,560,"[0.5406565434, 0.691662371, 0.1193511953, 0.3326584278]",k03,,,,,
rb_g010_v2,rb_g010,valid,q,0,silicon_die_lower,,,,216,"[0.4819416075, 0.6184856367, 0.6148261981, 0.7038561251]",q00,1.311381530018998,0.18734021857414257,1.853942871093749e-10,107.87488140720602,7073473247.022641
rb_g010_v2,rb_g010,valid,q,1,silicon_die_upper,,,,216,"[0.6044047121, 0.7470442856, 0.142473767, 0.2392732053]",q01,1.4240719040189203,0.20343884343127433,1.8127441406250005e-10,103.13808165163735,7855890261.092924
rb_g010_v2,rb_g010,valid,q,2,silicon_die_lower,,,,120,"[0.6892154545, 0.7773523505, 0.3935630166, 0.4897952902]",q02,0.8910560356853046,0.12729371938361494,1.029968261718749e-10,105.05736847117774,8651296052.544025
rb_g010_v2,rb_g010,valid,q,3,silicon_die_upper,,,,168,"[0.183313153, 0.2830887209, 0.8114443875, 0.8993461303]",q03,1.2189123396597348,0.17413033423710497,1.4099121093750005e-10,138.97951107110606,8645307261.032505
rb_g010_v2,rb_g010,valid,q,4,silicon_die_lower,,,,320,"[0.3027809875, 0.4275139541, 0.4822838617, 0.6291158553]",q04,2.154578190617043,0.30779688437386327,2.7465820312499996e-10,117.64143473972152,7844579794.459919
rb_g010_v3,rb_g010,valid,k,0,silicon_die_lower,385.0,385.0,385.0,216,"[0.1002976535, 0.1989276063, 0.2213421892, 0.3598834775]",k00,,,,,
rb_g010_v3,rb_g010,valid,k,1,silicon_die_upper,600.0,600.0,600.0,140,"[0.1476902238, 0.2595696234, 0.4913295208, 0.5743772452]",k01,,,,,
rb_g010_v3,rb_g010,valid,k,2,silicon_die_lower,50.0,50.0,50.0,144,"[0.0706161537, 0.1625919374, 0.6146227429, 0.7074193265]",k02,,,,,
rb_g010_v3,rb_g010,valid,k,3,silicon_die_upper,135.0,135.0,135.0,560,"[0.5406565434, 0.691662371, 0.1193511953, 0.3326584278]",k03,,,,,
rb_g010_v3,rb_g010,valid,q,0,silicon_die_lower,,,,216,"[0.4819416075, 0.6184856367, 0.6148261981, 0.7038561251]",q00,1.4328502047192264,0.20469288638846092,1.853942871093749e-10,117.86695356776771,7728664281.1917095
rb_g010_v3,rb_g010,valid,q,1,silicon_die_upper,,,,216,"[0.6044047121, 0.7470442856, 0.142473767, 0.2392732053]",q01,1.5571608381675541,0.22245154830965058,1.8127441406250005e-10,112.77701724078358,8590075142.268417
rb_g010_v3,rb_g010,valid,q,2,silicon_die_lower,,,,120,"[0.6892154545, 0.7773523505, 0.3935630166, 0.4897952902]",q02,0.9015263639239108,0.1287894805605587,1.029968261718749e-10,106.29184204828721,8752952857.202589
rb_g010_v3,rb_g010,valid,q,3,silicon_die_upper,,,,168,"[0.183313153, 0.2830887209, 0.8114443875, 0.8993461303]",q03,1.1331027112889474,0.16187181589842106,1.4099121093750005e-10,129.19555876531967,8036690399.029484
rb_g010_v3,rb_g010,valid,q,4,silicon_die_lower,,,,320,"[0.3027809875, 0.4275139541, 0.4822838617, 0.6291158553]",q04,1.975359881900361,0.2821942688429087,2.7465820312499996e-10,107.85599318049978,7192065845.567893
rb_g010_v4,rb_g010,valid,k,0,silicon_die_lower,400.0,400.0,400.0,216,"[0.1002976535, 0.1989276063, 0.2213421892, 0.3598834775]",k00,,,,,
rb_g010_v4,rb_g010,valid,k,1,silicon_die_upper,20.0,20.0,20.0,140,"[0.1476902238, 0.2595696234, 0.4913295208, 0.5743772452]",k01,,,,,
rb_g010_v4,rb_g010,valid,k,2,silicon_die_lower,120.0,120.0,120.0,144,"[0.0706161537, 0.1625919374, 0.6146227429, 0.7074193265]",k02,,,,,
rb_g010_v4,rb_g010,valid,k,3,silicon_die_upper,140.0,140.0,140.0,560,"[0.5406565434, 0.691662371, 0.1193511953, 0.3326584278]",k03,,,,,
rb_g010_v4,rb_g010,valid,q,0,silicon_die_lower,,,,216,"[0.4819416075, 0.6184856367, 0.6148261981, 0.7038561251]",q00,3.7323363099258726,0.22620220060156804,1.853942871093749e-10,307.02379710901494,20131884148.749146
rb_g010_v4,rb_g010,valid,q,1,silicon_die_upper,,,,216,"[0.6044047121, 0.7470442856, 0.142473767, 0.2392732053]",q01,3.789673007916379,0.22967715199493208,1.8127441406250005e-10,274.4662000706761,20905724768.249813
rb_g010_v4,rb_g010,valid,q,2,silicon_die_lower,,,,120,"[0.6892154545, 0.7773523505, 0.3935630166, 0.4897952902]",q02,2.005460320326121,0.1215430497167346,1.029968261718749e-10,236.44796218095144,19471088526.35449
rb_g010_v4,rb_g010,valid,q,3,silicon_die_upper,,,,168,"[0.183313153, 0.2830887209, 0.8114443875, 0.8993461303]",q03,2.4481487479452735,0.14837265139062264,1.4099121093750005e-10,279.1361650451048,17363839431.314003
rb_g010_v4,rb_g010,valid,q,4,silicon_die_lower,,,,320,"[0.3027809875, 0.4275139541, 0.4822838617, 0.6291158553]",q04,4.524381613886356,0.2742049462961428,2.7465820312499996e-10,247.0343135772561,16472770747.092014
rb_g010_v5,rb_g010,valid,k,0,silicon_die_lower,600.0,600.0,600.0,216,"[0.1002976535, 0.1989276063, 0.2213421892, 0.3598834775]",k00,,,,,
rb_g010_v5,rb_g010,valid,k,1,silicon_die_upper,50.0,50.0,50.0,140,"[0.1476902238, 0.2595696234, 0.4913295208, 0.5743772452]",k01,,,,,
rb_g010_v5,rb_g010,valid,k,2,silicon_die_lower,135.0,135.0,135.0,144,"[0.0706161537, 0.1625919374, 0.6146227429, 0.7074193265]",k02,,,,,
rb_g010_v5,rb_g010,valid,k,3,silicon_die_upper,150.0,150.0,150.0,560,"[0.5406565434, 0.691662371, 0.1193511953, 0.3326584278]",k03,,,,,
rb_g010_v5,rb_g010,valid,q,0,silicon_die_lower,,,,216,"[0.4819416075, 0.6184856367, 0.6148261981, 0.7038561251]",q00,3.9211124104120487,0.23764317638860902,1.853942871093749e-10,322.55261079618504,21150125343.931206
rb_g010_v5,rb_g010,valid,q,1,silicon_die_upper,,,,216,"[0.6044047121, 0.7470442856, 0.142473767, 0.2392732053]",q01,3.6296684219980304,0.219979904363517,1.8127441406250005e-10,262.877904563609,20023059739.39923
rb_g010_v5,rb_g010,valid,q,2,silicon_die_lower,,,,120,"[0.6892154545, 0.7773523505, 0.3935630166, 0.4897952902]",q02,1.8387516882103108,0.11143949625517036,1.029968261718749e-10,216.7926661163815,17852508242.748302
rb_g010_v5,rb_g010,valid,q,3,silicon_die_upper,,,,168,"[0.183313153, 0.2830887209, 0.8114443875, 0.8993461303]",q03,2.3486914124214366,0.14234493408614768,1.4099121093750005e-10,267.79611095442556,16658424286.19602
rb_g010_v5,rb_g010,valid,q,4,silicon_die_lower,,,,320,"[0.3027809875, 0.4275139541, 0.4822838617, 0.6291158553]",q04,4.761776066958174,0.28859248890655603,2.7465820312499996e-10,259.9962121893562,17337097573.565052
rb_g010_v6,rb_g010,valid,k,0,silicon_die_lower,20.0,20.0,20.0,216,"[0.1002976535, 0.1989276063, 0.2213421892, 0.3598834775]",k00,,,,,
rb_g010_v6,rb_g010,valid,k,1,silicon_die_upper,120.0,120.0,120.0,140,"[0.1476902238, 0.2595696234, 0.4913295208, 0.5743772452]",k01,,,,,
rb_g010_v6,rb_g010,valid,k,2,silicon_die_lower,140.0,140.0,140.0,144,"[0.0706161537, 0.1625919374, 0.6146227429, 0.7074193265]",k02,,,,,
rb_g010_v6,rb_g010,valid,k,3,silicon_die_upper,385.0,385.0,385.0,560,"[0.5406565434, 0.691662371, 0.1193511953, 0.3326584278]",k03,,,,,
rb_g010_v6,rb_g010,valid,q,0,silicon_die_lower,,,,216,"[0.4819416075, 0.6184856367, 0.6148261981, 0.7038561251]",q00,2.700624697885478,0.21604997583083826,1.853942871093749e-10,222.15469894985253,14566925119.392822
rb_g010_v6,rb_g010,valid,q,1,silicon_die_upper,,,,216,"[0.6044047121, 0.7470442856, 0.142473767, 0.2392732053]",q01,2.5441573793151875,0.203532590345215,1.8127441406250005e-10,184.26001579126674,14034839899.898996
rb_g010_v6,rb_g010,valid,q,2,silicon_die_lower,,,,120,"[0.6892154545, 0.7773523505, 0.3935630166, 0.4897952902]",q02,1.405733704348309,0.11245869634786472,1.029968261718749e-10,165.7389410268595,13648320599.729015
rb_g010_v6,rb_g010,valid,q,3,silicon_die_upper,,,,168,"[0.183313153, 0.2830887209, 0.8114443875, 0.8993461303]",q03,1.9378753615265298,0.1550300289221224,1.4099121093750005e-10,220.9551593651791,13744653646.428854
rb_g010_v6,rb_g010,valid,q,4,silicon_die_lower,,,,320,"[0.3027809875, 0.4275139541, 0.4822838617, 0.6291158553]",q04,3.9116088569244964,0.3129287085539597,2.7465820312499996e-10,213.5765042425376,14241733224.855768
rb_g010_v7,rb_g010,valid,k,0,silicon_die_lower,50.0,50.0,50.0,216,"[0.1002976535, 0.1989276063, 0.2213421892, 0.3598834775]",k00,,,,,
rb_g010_v7,rb_g010,valid,k,1,silicon_die_upper,135.0,135.0,135.0,140,"[0.1476902238, 0.2595696234, 0.4913295208, 0.5743772452]",k01,,,,,
rb_g010_v7,rb_g010,valid,k,2,silicon_die_lower,150.0,150.0,150.0,144,"[0.0706161537, 0.1625919374, 0.6146227429, 0.7074193265]",k02,,,,,
rb_g010_v7,rb_g010,valid,k,3,silicon_die_upper,400.0,400.0,400.0,560,"[0.5406565434, 0.691662371, 0.1193511953, 0.3326584278]",k03,,,,,
rb_g010_v7,rb_g010,valid,q,0,silicon_die_lower,,,,216,"[0.4819416075, 0.6184856367, 0.6148261981, 0.7038561251]",q00,2.613848235467565,0.20910785883740518,1.853942871093749e-10,215.01642501661084,14098860737.415838
rb_g010_v7,rb_g010,valid,q,1,silicon_die_upper,,,,216,"[0.6044047121, 0.7470442856, 0.142473767, 0.2392732053]",q01,2.475343497901685,0.19802747983213478,1.8127441406250005e-10,179.27618618268988,13655228238.929695
rb_g010_v7,rb_g010,valid,q,2,silicon_die_lower,,,,120,"[0.6892154545, 0.7773523505, 0.3935630166, 0.4897952902]",q02,1.407223521737397,0.11257788173899176,1.029968261718749e-10,165.91459361001026,13662785291.938093
rb_g010_v7,rb_g010,valid,q,3,silicon_die_upper,,,,168,"[0.183313153, 0.2830887209, 0.8114443875, 0.8993461303]",q03,1.9901049920564982,0.15920839936451986,1.4099121093750005e-10,226.91034439227124,14115099649.287296
rb_g010_v7,rb_g010,valid,q,4,silicon_die_lower,,,,320,"[0.3027809875, 0.4275139541, 0.4822838617, 0.6291158553]",q04,4.013479752836855,0.32107838022694846,2.7465820312499996e-10,219.13872445136585,14612633837.884233
rb_g011_v0,rb_g011,train,k,0,silicon_die_upper,385.0,385.0,385.0,252,"[0.2584933969, 0.4009381467, 0.3239372259, 0.4310636091]",k00,,,,,
rb_g011_v0,rb_g011,train,k,1,silicon_die_lower,600.0,600.0,600.0,360,"[0.2497457462, 0.3825534623, 0.2326437911, 0.3888561939]",k01,,,,,
rb_g011_v0,rb_g011,train,k,2,silicon_die_upper,50.0,50.0,50.0,560,"[0.5385057205, 0.7655609327, 0.5414356496, 0.6928350856]",k02,,,,,
rb_g011_v0,rb_g011,train,k,3,silicon_die_lower,135.0,135.0,135.0,432,"[0.1330920583, 0.2768053666, 0.752033519, 0.9457660931]",k03,,,,,
rb_g011_v0,rb_g011,train,k,4,silicon_die_upper,150.0,150.0,150.0,168,"[0.0257824887, 0.1247790469, 0.101231855, 0.2112045637]",k04,,,,,
rb_g011_v0,rb_g011,train,k,5,silicon_die_lower,400.0,400.0,400.0,280,"[0.3391824212, 0.4857451921, 0.8176886052, 0.9304197696]",k05,,,,,
rb_g011_v0,rb_g011,train,k,6,silicon_die_upper,20.0,20.0,20.0,240,"[0.0562544592, 0.2033195505, 0.6744562013, 0.7750598586]",k06,,,,,
rb_g011_v0,rb_g011,train,q,0,silicon_die_upper,,,,140,"[0.5790486107, 0.6633358549, 0.5766387761, 0.6767744597]",q00,0.2137038049300151,0.11872433607223061,1.1749267578125e-10,25.31987358658926,1818869163.6225283
rb_g011_v0,rb_g011,train,q,1,silicon_die_lower,,,,224,"[0.088158292, 0.1986214882, 0.1293932167, 0.2504779829]",q01,0.34403354897965543,0.1911297494331419,1.922607421874999e-10,25.721345486539036,1789411322.6929135
rb_g011_v0,rb_g011,train,q,2,silicon_die_upper,,,,100,"[0.5027577799, 0.5846331679, 0.4610650504, 0.5380575064]",q02,0.16382681184497933,0.09101489546943295,8.392333984375009e-11,25.988632934051928,1952100716.5586462
rb_g011_v0,rb_g011,train,q,3,silicon_die_lower,,,,168,"[0.3013853084, 0.4110732628, 0.6199340676, 0.7069327763]",q03,0.31432840613219615,0.17462689229566453,1.441955566406249e-10,32.93911197087011,2179875812.0930815
rb_g011_v0,rb_g011,train,q,4,silicon_die_upper,,,,192,"[0.1393892299, 0.2264889113, 0.2229947899, 0.3462824801]",q04,0.36275764442521713,0.2015320246806762,1.6113281250000006e-10,33.78160586097205,2251295926.61468
rb_g011_v0,rb_g011,train,q,5,silicon_die_lower,,,,224,"[0.1408875448, 0.2503454204, 0.5868362561, 0.7090001516]",q05,0.40134978368793667,0.2229721020488537,1.9226074218749992e-10,30.014640466313377,2087528525.6962404
rb_g011_v1,rb_g011,train,k,0,silicon_die_upper,400.0,400.0,400.0,252,"[0.2584933969, 0.4009381467, 0.3239372259, 0.4310636091]",k00,,,,,
rb_g011_v1,rb_g011,train,k,1,silicon_die_lower,20.0,20.0,20.0,360,"[0.2497457462, 0.3825534623, 0.2326437911, 0.3888561939]",k01,,,,,
rb_g011_v1,rb_g011,train,k,2,silicon_die_upper,120.0,120.0,120.0,560,"[0.5385057205, 0.7655609327, 0.5414356496, 0.6928350856]",k02,,,,,
rb_g011_v1,rb_g011,train,k,3,silicon_die_lower,140.0,140.0,140.0,432,"[0.1330920583, 0.2768053666, 0.752033519, 0.9457660931]",k03,,,,,
rb_g011_v1,rb_g011,train,k,4,silicon_die_upper,385.0,385.0,385.0,168,"[0.0257824887, 0.1247790469, 0.101231855, 0.2112045637]",k04,,,,,
rb_g011_v1,rb_g011,train,k,5,silicon_die_lower,600.0,600.0,600.0,280,"[0.3391824212, 0.4857451921, 0.8176886052, 0.9304197696]",k05,,,,,
rb_g011_v1,rb_g011,train,k,6,silicon_die_upper,50.0,50.0,50.0,240,"[0.0562544592, 0.2033195505, 0.6744562013, 0.7750598586]",k06,,,,,
rb_g011_v1,rb_g011,train,q,0,silicon_die_upper,,,,140,"[0.5790486107, 0.6633358549, 0.5766387761, 0.6767744597]",q00,0.29206108343524284,0.11682443337409715,1.1749267578125e-10,34.603734428427174,2485781190.1314383
rb_g011_v1,rb_g011,train,q,1,silicon_die_lower,,,,224,"[0.088158292, 0.1986214882, 0.1293932167, 0.2504779829]",q01,0.5141261015244579,0.20565044060978316,1.922607421874999e-10,38.4381555815652,2674108586.468801
rb_g011_v1,rb_g011,train,q,2,silicon_die_upper,,,,100,"[0.5027577799, 0.5846331679, 0.4610650504, 0.5380575064]",q02,0.25158925540784804,0.10063570216313922,8.392333984375009e-11,39.91081029601554,2997846080.4379478
rb_g011_v1,rb_g011,train,q,3,silicon_die_lower,,,,168,"[0.3013853084, 0.4110732628, 0.6199340676, 0.7069327763]",q03,0.45464852932221905,0.18185941172888762,1.441955566406249e-10,47.64354262159081,3152999578.588462
rb_g011_v1,rb_g011,train,q,4,silicon_die_upper,,,,192,"[0.1393892299, 0.2264889113, 0.2229947899, 0.3462824801]",q04,0.47858447469368354,0.19143378987747342,1.6113281250000006e-10,44.56791564213414,2970124255.0686774
rb_g011_v1,rb_g011,train,q,5,silicon_die_lower,,,,224,"[0.1408875448, 0.2503454204, 0.5868362561, 0.7090001516]",q05,0.5089905556165488,0.20359622224661955,1.9226074218749992e-10,38.06447430269035,2647397226.4195366
rb_g011_v2,rb_g011,train,k,0,silicon_die_upper,600.0,600.0,600.0,252,"[0.2584933969, 0.4009381467, 0.3239372259, 0.4310636091]",k00,,,,,
rb_g011_v2,rb_g011,train,k,1,silicon_die_lower,50.0,50.0,50.0,360,"[0.2497457462, 0.3825534623, 0.2326437911, 0.3888561939]",k01,,,,,
rb_g011_v2,rb_g011,train,k,2,silicon_die_upper,135.0,135.0,135.0,560,"[0.5385057205, 0.7655609327, 0.5414356496, 0.6928350856]",k02,,,,,
rb_g011_v2,rb_g011,train,k,3,silicon_die_lower,150.0,150.0,150.0,432,"[0.1330920583, 0.2768053666, 0.752033519, 0.9457660931]",k03,,,,,
rb_g011_v2,rb_g011,train,k,4,silicon_die_upper,400.0,400.0,400.0,168,"[0.0257824887, 0.1247790469, 0.101231855, 0.2112045637]",k04,,,,,
rb_g011_v2,rb_g011,train,k,5,silicon_die_lower,20.0,20.0,20.0,280,"[0.3391824212, 0.4857451921, 0.8176886052, 0.9304197696]",k05,,,,,
rb_g011_v2,rb_g011,train,k,6,silicon_die_upper,120.0,120.0,120.0,240,"[0.0562544592, 0.2033195505, 0.6744562013, 0.7750598586]",k06,,,,,
rb_g011_v2,rb_g011,train,q,0,silicon_die_upper,,,,140,"[0.5790486107, 0.6633358549, 0.5766387761, 0.6767744597]",q00,0.8679113351228627,0.12398733358898038,1.1749267578125e-10,102.8311372222662,7386939903.715834
rb_g011_v2,rb_g011,train,q,1,silicon_die_lower,,,,224,"[0.088158292, 0.1986214882, 0.1293932167, 0.2504779829]",q01,1.5931452356246156,0.22759217651780222,1.922607421874999e-10,119.11000871068426,8286378266.817053
rb_g011_v2,rb_g011,train,q,2,silicon_die_upper,,,,100,"[0.5027577799, 0.5846331679, 0.4610650504, 0.5380575064]",q02,0.7437792125266326,0.10625417321809037,8.392333984375009e-11,117.98926391013228,8862602631.299152
rb_g011_v2,rb_g011,train,q,3,silicon_die_lower,,,,168,"[0.3013853084, 0.4110732628, 0.6199340676, 0.7069327763]",q03,1.225075525953551,0.17501078942193588,1.441955566406249e-10,128.37815206935358,8495931181.893331
rb_g011_v2,rb_g011,train,q,4,silicon_die_upper,,,,192,"[0.1393892299, 0.2264889113, 0.2229947899, 0.3462824801]",q04,1.222838323495736,0.17469118907081943,1.6113281250000006e-10,113.87614543996406,7589008747.02808
rb_g011_v2,rb_g011,train,q,5,silicon_die_lower,,,,224,"[0.1408875448, 0.2503454204, 0.5868362561, 0.7090001516]",q05,1.347250367276601,0.19246433818237157,1.9226074218749992e-10,100.75310124835441,7007412703.955504
rb_g011_v3,rb_g011,train,k,0,silicon_die_upper,20.0,20.0,20.0,252,"[0.2584933969, 0.4009381467, 0.3239372259, 0.4310636091]",k00,,,,,
rb_g011_v3,rb_g011,train,k,1,silicon_die_lower,120.0,120.0,120.0,360,"[0.2497457462, 0.3825534623, 0.2326437911, 0.3888561939]",k01,,,,,
rb_g011_v3,rb_g011,train,k,2,silicon_die_upper,140.0,140.0,140.0,560,"[0.5385057205, 0.7655609327, 0.5414356496, 0.6928350856]",k02,,,,,
rb_g011_v3,rb_g011,train,k,3,silicon_die_lower,385.0,385.0,385.0,432,"[0.1330920583, 0.2768053666, 0.752033519, 0.9457660931]",k03,,,,,
rb_g011_v3,rb_g011,train,k,4,silicon_die_upper,600.0,600.0,600.0,168,"[0.0257824887, 0.1247790469, 0.101231855, 0.2112045637]",k04,,,,,
rb_g011_v3,rb_g011,train,k,5,silicon_die_lower,50.0,50.0,50.0,280,"[0.3391824212, 0.4857451921, 0.8176886052, 0.9304197696]",k05,,,,,
rb_g011_v3,rb_g011,train,k,6,silicon_die_upper,135.0,135.0,135.0,240,"[0.0562544592, 0.2033195505, 0.6744562013, 0.7750598586]",k06,,,,,
rb_g011_v3,rb_g011,train,q,0,silicon_die_upper,,,,140,"[0.5790486107, 0.6633358549, 0.5766387761, 0.6767744597]",q00,0.9558264520335755,0.1365466360047965,1.1749267578125e-10,113.24742179547935,8135200306.554857
rb_g011_v3,rb_g011,train,q,1,silicon_die_lower,,,,224,"[0.088158292, 0.1986214882, 0.1293932167, 0.2504779829]",q01,1.6978353817146101,0.24254791167351575,1.922607421874999e-10,126.937069253481,8830899966.353075
rb_g011_v3,rb_g011,train,q,2,silicon_die_upper,,,,100,"[0.5027577799, 0.5846331679, 0.4610650504, 0.5380575064]",q02,0.7238781749487324,0.10341116784981891,8.392333984375009e-11,114.83226686676541,8625469104.261833
rb_g011_v3,rb_g011,train,q,3,silicon_die_lower,,,,168,"[0.3013853084, 0.4110732628, 0.6199340676, 0.7069327763]",q03,1.1169961754240492,0.1595708822034356,1.441955566406249e-10,117.05229745558715,7746398026.7291565
rb_g011_v3,rb_g011,train,q,4,silicon_die_upper,,,,192,"[0.1393892299, 0.2264889113, 0.2229947899, 0.3462824801]",q04,1.1377851551122742,0.1625407364446106,1.6113281250000006e-10,105.95561597432156,7061163629.302838
rb_g011_v3,rb_g011,train,q,5,silicon_die_lower,,,,224,"[0.1408875448, 0.2503454204, 0.5868362561, 0.7090001516]",q05,1.3676786607667588,0.1953826658238227,1.9226074218749992e-10,102.28081574919032,7113665770.794472
rb_g011_v4,rb_g011,train,k,0,silicon_die_upper,50.0,50.0,50.0,252,"[0.2584933969, 0.4009381467, 0.3239372259, 0.4310636091]",k00,,,,,
rb_g011_v4,rb_g011,train,k,1,silicon_die_lower,135.0,135.0,135.0,360,"[0.2497457462, 0.3825534623, 0.2326437911, 0.3888561939]",k01,,,,,
rb_g011_v4,rb_g011,train,k,2,silicon_die_upper,150.0,150.0,150.0,560,"[0.5385057205, 0.7655609327, 0.5414356496, 0.6928350856]",k02,,,,,
rb_g011_v4,rb_g011,train,k,3,silicon_die_lower,400.0,400.0,400.0,432,"[0.1330920583, 0.2768053666, 0.752033519, 0.9457660931]",k03,,,,,
rb_g011_v4,rb_g011,train,k,4,silicon_die_upper,20.0,20.0,20.0,168,"[0.0257824887, 0.1247790469, 0.101231855, 0.2112045637]",k04,,,,,
rb_g011_v4,rb_g011,train,k,5,silicon_die_lower,120.0,120.0,120.0,280,"[0.3391824212, 0.4857451921, 0.8176886052, 0.9304197696]",k05,,,,,
rb_g011_v4,rb_g011,train,k,6,silicon_die_upper,140.0,140.0,140.0,240,"[0.0562544592, 0.2033195505, 0.6744562013, 0.7750598586]",k06,,,,,
rb_g011_v4,rb_g011,train,q,0,silicon_die_upper,,,,140,"[0.5790486107, 0.6633358549, 0.5766387761, 0.6767744597]",q00,2.4212631514236493,0.146743221298403,1.1749267578125e-10,286.87405417975776,20607779466.45458
rb_g011_v4,rb_g011,train,q,1,silicon_die_lower,,,,224,"[0.088158292, 0.1986214882, 0.1293932167, 0.2504779829]",q01,3.945684297258464,0.23913238165202813,1.922607421874999e-10,294.9953842920084,20522568738.50245
rb_g011_v4,rb_g011,train,q,2,silicon_die_upper,,,,100,"[0.5027577799, 0.5846331679, 0.4610650504, 0.5380575064]",q02,1.559985168053564,0.09454455563960994,8.392333984375009e-11,247.46792944656718,18588215995.19241
rb_g011_v4,rb_g011,train,q,3,silicon_die_lower,,,,168,"[0.3013853084, 0.4110732628, 0.6199340676, 0.7069327763]",q03,2.418407847234747,0.14657017255968163,1.441955566406249e-10,253.42986926162126,16771722399.616558
rb_g011_v4,rb_g011,train,q,4,silicon_die_upper,,,,192,"[0.1393892299, 0.2264889113, 0.2229947899, 0.3462824801]",q04,2.669905015909885,0.1618124252066597,1.6113281250000006e-10,248.63343424949812,16569592341.161947
rb_g011_v4,rb_g011,train,q,5,silicon_die_lower,,,,224,"[0.1408875448, 0.2503454204, 0.5868362561, 0.7090001516]",q05,3.4847545201196906,0.2111972436436176,1.9226074218749992e-10,260.60473503600565,18125148589.727314
rb_g011_v5,rb_g011,train,k,0,silicon_die_upper,120.0,120.0,120.0,252,"[0.2584933969, 0.4009381467, 0.3239372259, 0.4310636091]",k00,,,,,
rb_g011_v5,rb_g011,train,k,1,silicon_die_lower,140.0,140.0,140.0,360,"[0.2497457462, 0.3825534623, 0.2326437911, 0.3888561939]",k01,,,,,
rb_g011_v5,rb_g011,train,k,2,silicon_die_upper,385.0,385.0,385.0,560,"[0.5385057205, 0.7655609327, 0.5414356496, 0.6928350856]",k02,,,,,
rb_g011_v5,rb_g011,train,k,3,silicon_die_lower,600.0,600.0,600.0,432,"[0.1330920583, 0.2768053666, 0.752033519, 0.9457660931]",k03,,,,,
rb_g011_v5,rb_g011,train,k,4,silicon_die_upper,50.0,50.0,50.0,168,"[0.0257824887, 0.1247790469, 0.101231855, 0.2112045637]",k04,,,,,
rb_g011_v5,rb_g011,train,k,5,silicon_die_lower,135.0,135.0,135.0,280,"[0.3391824212, 0.4857451921, 0.8176886052, 0.9304197696]",k05,,,,,
rb_g011_v5,rb_g011,train,k,6,silicon_die_upper,150.0,150.0,150.0,240,"[0.0562544592, 0.2033195505, 0.6744562013, 0.7750598586]",k06,,,,,
rb_g011_v5,rb_g011,train,q,0,silicon_die_upper,,,,140,"[0.5790486107, 0.6633358549, 0.5766387761, 0.6767744597]",q00,2.4222040383335592,0.14680024474748843,1.1749267578125e-10,286.9855315473507,20615787513.79586
rb_g011_v5,rb_g011,train,q,1,silicon_die_lower,,,,224,"[0.088158292, 0.1986214882, 0.1293932167, 0.2504779829]",q01,3.6309893871871526,0.22005996285982743,1.922607421874999e-10,271.46751461532693,18885755593.54741
rb_g011_v5,rb_g011,train,q,2,silicon_die_upper,,,,100,"[0.5027577799, 0.5846331679, 0.4610650504, 0.5380575064]",q02,1.4197377716644894,0.08604471343421148,8.392333984375009e-11,225.21981228146572,16917079018.873434
rb_g011_v5,rb_g011,train,q,3,silicon_die_lower,,,,168,"[0.3013853084, 0.4110732628, 0.6199340676, 0.7069327763]",q03,2.3641781979007486,0.1432835271454999,1.441955566406249e-10,247.74703418624998,16395638346.83847
rb_g011_v5,rb_g011,train,q,4,silicon_die_upper,,,,192,"[0.1393892299, 0.2264889113, 0.2229947899, 0.3462824801]",q04,2.851203873477044,0.17280023475618447,1.6113281250000006e-10,265.5167905164144,17694744039.033283
rb_g011_v5,rb_g011,train,q,5,silicon_die_lower,,,,224,"[0.1408875448, 0.2503454204, 0.5868362561, 0.7090001516]",q05,3.811686731437008,0.23101131705678837,1.9226074218749992e-10,285.05411355411104,19825611240.591736
rb_g011_v6,rb_g011,train,k,0,silicon_die_upper,135.0,135.0,135.0,252,"[0.2584933969, 0.4009381467, 0.3239372259, 0.4310636091]",k00,,,,,
rb_g011_v6,rb_g011,train,k,1,silicon_die_lower,150.0,150.0,150.0,360,"[0.2497457462, 0.3825534623, 0.2326437911, 0.3888561939]",k01,,,,,
rb_g011_v6,rb_g011,train,k,2,silicon_die_upper,400.0,400.0,400.0,560,"[0.5385057205, 0.7655609327, 0.5414356496, 0.6928350856]",k02,,,,,
rb_g011_v6,rb_g011,train,k,3,silicon_die_lower,20.0,20.0,20.0,432,"[0.1330920583, 0.2768053666, 0.752033519, 0.9457660931]",k03,,,,,
rb_g011_v6,rb_g011,train,k,4,silicon_die_upper,120.0,120.0,120.0,168,"[0.0257824887, 0.1247790469, 0.101231855, 0.2112045637]",k04,,,,,
rb_g011_v6,rb_g011,train,k,5,silicon_die_lower,140.0,140.0,140.0,280,"[0.3391824212, 0.4857451921, 0.8176886052, 0.9304197696]",k05,,,,,
rb_g011_v6,rb_g011,train,k,6,silicon_die_upper,385.0,385.0,385.0,240,"[0.0562544592, 0.2033195505, 0.6744562013, 0.7750598586]",k06,,,,,
rb_g011_v6,rb_g011,train,q,0,silicon_die_upper,,,,140,"[0.5790486107, 0.6633358549, 0.5766387761, 0.6767744597]",q00,1.668359920404185,0.1334687936323348,1.1749267578125e-10,197.6692099394297,14199692953.71541
rb_g011_v6,rb_g011,train,q,1,silicon_die_lower,,,,224,"[0.088158292, 0.1986214882, 0.1293932167, 0.2504779829]",q01,2.6281070021273214,0.2102485601701857,1.922607421874999e-10,196.4879540899271,13669493689.794939
rb_g011_v6,rb_g011,train,q,2,silicon_die_upper,,,,100,"[0.5027577799, 0.5846331679, 0.4610650504, 0.5380575064]",q02,1.1283827532349773,0.09027062025879819,8.392333984375009e-11,179.0007682667202,13445398566.546799
rb_g011_v6,rb_g011,train,q,3,silicon_die_lower,,,,168,"[0.3013853084, 0.4110732628, 0.6199340676, 0.7069327763]",q03,1.978311588062059,0.15826492704496473,1.441955566406249e-10,207.31128857962733,13719643199.495787
rb_g011_v6,rb_g011,train,q,4,silicon_die_upper,,,,192,"[0.1393892299, 0.2264889113, 0.2229947899, 0.3462824801]",q04,2.297108569132977,0.18376868553063816,1.6113281250000006e-10,213.9169704480453,14255994998.740408
rb_g011_v6,rb_g011,train,q,5,silicon_die_lower,,,,224,"[0.1408875448, 0.2503454204, 0.5868362561, 0.7090001516]",q05,2.799730167038481,0.22397841336307847,1.9226074218749992e-10,209.37570613390434,14562152081.510633
rb_g011_v7,rb_g011,train,k,0,silicon_die_upper,140.0,140.0,140.0,252,"[0.2584933969, 0.4009381467, 0.3239372259, 0.4310636091]",k00,,,,,
rb_g011_v7,rb_g011,train,k,1,silicon_die_lower,385.0,385.0,385.0,360,"[0.2497457462, 0.3825534623, 0.2326437911, 0.3888561939]",k01,,,,,
rb_g011_v7,rb_g011,train,k,2,silicon_die_upper,600.0,600.0,600.0,560,"[0.5385057205, 0.7655609327, 0.5414356496, 0.6928350856]",k02,,,,,
rb_g011_v7,rb_g011,train,k,3,silicon_die_lower,50.0,50.0,50.0,432,"[0.1330920583, 0.2768053666, 0.752033519, 0.9457660931]",k03,,,,,
rb_g011_v7,rb_g011,train,k,4,silicon_die_upper,135.0,135.0,135.0,168,"[0.0257824887, 0.1247790469, 0.101231855, 0.2112045637]",k04,,,,,
rb_g011_v7,rb_g011,train,k,5,silicon_die_lower,150.0,150.0,150.0,280,"[0.3391824212, 0.4857451921, 0.8176886052, 0.9304197696]",k05,,,,,
rb_g011_v7,rb_g011,train,k,6,silicon_die_upper,400.0,400.0,400.0,240,"[0.0562544592, 0.2033195505, 0.6744562013, 0.7750598586]",k06,,,,,
rb_g011_v7,rb_g011,train,q,0,silicon_die_upper,,,,140,"[0.5790486107, 0.6633358549, 0.5766387761, 0.6767744597]",q00,1.6150192646128763,0.1292015411690301,1.1749267578125e-10,191.34934744515166,13745701626.710318
rb_g011_v7,rb_g011,train,q,1,silicon_die_lower,,,,224,"[0.088158292, 0.1986214882, 0.1293932167, 0.2504779829]",q01,2.5848738123339183,0.20678990498671346,1.922607421874999e-10,193.25566522025352,13444626203.580616
rb_g011_v7,rb_g011,train,q,2,silicon_die_upper,,,,100,"[0.5027577799, 0.5846331679, 0.4610650504, 0.5380575064]",q02,1.1446647103676257,0.09157317682941006,8.392333984375009e-11,181.58365322067252,13639408447.027754
rb_g011_v7,rb_g011,train,q,3,silicon_die_lower,,,,168,"[0.3013853084, 0.4110732628, 0.6199340676, 0.7069327763]",q03,2.0422829762057293,0.16338263809645834,1.441955566406249e-10,214.01498024696633,14163286468.636906
rb_g011_v7,rb_g011,train,q,4,silicon_die_upper,,,,192,"[0.1393892299, 0.2264889113, 0.2229947899, 0.3462824801]",q04,2.3430907275573687,0.1874472582045895,1.6113281250000006e-10,218.19903362824604,14541363060.719664
rb_g011_v7,rb_g011,train,q,5,silicon_die_lower,,,,224,"[0.1408875448, 0.2503454204, 0.5868362561, 0.7090001516]",q05,2.7700685089224826,0.2216054807137986,1.9226074218749992e-10,207.15748143273288,14407873793.709833
rb_g012_v0,rb_g012,train,k,0,silicon_die_lower,20.0,20.0,20.0,360,"[0.3406668249, 0.4792802714, 0.3378778932, 0.4845702541]",k00,,,,,
rb_g012_v0,rb_g012,train,k,1,silicon_die_upper,120.0,120.0,120.0,400,"[0.2551458316, 0.4173227541, 0.6434104387, 0.8121777]",k01,,,,,
rb_g012_v0,rb_g012,train,k,2,silicon_die_lower,140.0,140.0,140.0,216,"[0.7128225334, 0.8073679226, 0.8268031548, 0.9606333611]",k02,,,,,
rb_g012_v0,rb_g012,train,q,0,silicon_die_lower,,,,192,"[0.5608733063, 0.6770395655, 0.1276026874, 0.2189943039]",q00,0.3182859654726877,0.1768255363737154,1.647949218749999e-10,29.979965298334637,1931406391.9646366
rb_g012_v0,rb_g012,train,q,1,silicon_die_upper,,,,120,"[0.8309577048, 0.9288394393, 0.7615916904, 0.8423332053]",q01,0.19962440345557902,0.11090244636421057,1.007080078125e-10,25.25893766821785,1982209834.0704281
rb_g012_v0,rb_g012,train,q,2,silicon_die_lower,,,,168,"[0.0721535859, 0.1811543443, 0.3764647087, 0.4764753344]",q02,0.31853593487721565,0.1769644082651198,1.441955566406249e-10,29.22017208647671,2209055135.250076
rb_g012_v0,rb_g012,train,q,3,silicon_die_upper,,,,120,"[0.2826095543, 0.3686223946, 0.1224913438, 0.2077859509]",q03,0.24369382959855407,0.1353854608880856,1.0070800781250004e-10,33.21694372679712,2419805881.298611
rb_g012_v0,rb_g012,train,q,4,silicon_die_lower,,,,112,"[0.5403251368, 0.643191822, 0.2364928965, 0.310351035]",q04,0.2303286885991879,0.1279603825551044,9.613037109374993e-11,30.316211764305603,2396003323.180379
rb_g012_v0,rb_g012,train,q,5,silicon_die_upper,,,,140,"[0.5379054632, 0.6456892268, 0.2636694438, 0.3374738531]",q05,0.25426412105113794,0.14125784502840996,1.1749267578124996e-10,31.963139389535524,2164084861.9749846
rb_g012_v0,rb_g012,train,q,6,silicon_die_lower,,,,140,"[0.399158876, 0.4778308875, 0.5732657705, 0.6851292609]",q06,0.23526705694563774,0.1307039205253543,1.2016296386718742e-10,26.733295510667574,1957899916.697057
rb_g012_v1,rb_g012,train,k,0,silicon_die_lower,50.0,50.0,50.0,360,"[0.3406668249, 0.4792802714, 0.3378778932, 0.4845702541]",k00,,,,,
rb_g012_v1,rb_g012,train,k,1,silicon_die_upper,135.0,135.0,135.0,400,"[0.2551458316, 0.4173227541, 0.6434104387, 0.8121777]",k01,,,,,
rb_g012_v1,rb_g012,train,k,2,silicon_die_lower,150.0,150.0,150.0,216,"[0.7128225334, 0.8073679226, 0.8268031548, 0.9606333611]",k02,,,,,
rb_g012_v1,rb_g012,train,q,0,silicon_die_lower,,,,192,"[0.5608733063, 0.6770395655, 0.1276026874, 0.2189943039]",q00,0.4464100635994249,0.17856402543976996,1.647949218749999e-10,42.04821973743781,2708882400.745549
rb_g012_v1,rb_g012,train,q,1,silicon_die_upper,,,,120,"[0.8309577048, 0.9288394393, 0.7615916904, 0.8423332053]",q01,0.3015699153105551,0.12062796612422204,1.007080078125e-10,38.15833916885857,2994497874.2109904
rb_g012_v1,rb_g012,train,q,2,silicon_die_lower,,,,168,"[0.0721535859, 0.1811543443, 0.3764647087, 0.4764753344]",q02,0.47801496699186513,0.19120598679674605,1.441955566406249e-10,43.84961966943488,3315046441.9871845
rb_g012_v1,rb_g012,train,q,3,silicon_die_upper,,,,120,"[0.2826095543, 0.3686223946, 0.1224913438, 0.2077859509]",q03,0.3370895769523335,0.1348358307809334,1.0070800781250004e-10,45.94734929054579,3347197350.780018
rb_g012_v1,rb_g012,train,q,4,silicon_die_lower,,,,112,"[0.5403251368, 0.643191822, 0.2364928965, 0.310351035]",q04,0.29370132289194206,0.11748052915677683,9.613037109374993e-11,38.657414125876315,3055239666.1978297
rb_g012_v1,rb_g012,train,q,5,silicon_die_upper,,,,140,"[0.5379054632, 0.6456892268, 0.2636694438, 0.3374738531]",q05,0.322131721710223,0.1288526886840892,1.1749267578124996e-10,40.49466782906468,2741717469.3508024
rb_g012_v1,rb_g012,train,q,6,silicon_die_lower,,,,140,"[0.399158876, 0.4778308875, 0.5732657705, 0.6851292609]",q06,0.3210824325436564,0.12843297301746257,1.2016296386718742e-10,36.48446010210827,2672058196.721407
rb_g012_v2,rb_g012,train,k,0,silicon_die_lower,120.0,120.0,120.0,360,"[0.3406668249, 0.4792802714, 0.3378778932, 0.4845702541]",k00,,,,,
rb_g012_v2,rb_g012,train,k,1,silicon_die_upper,140.0,140.0,140.0,400,"[0.2551458316, 0.4173227541, 0.6434104387, 0.8121777]",k01,,,,,
rb_g012_v2,rb_g012,train,k,2,silicon_die_lower,385.0,385.0,385.0,216,"[0.7128225334, 0.8073679226, 0.8268031548, 0.9606333611]",k02,,,,,
rb_g012_v2,rb_g012,train,q,0,silicon_die_lower,,,,192,"[0.5608733063, 0.6770395655, 0.1276026874, 0.2189943039]",q00,1.335507582125572,0.19078679744651028,1.647949218749999e-10,125.79401956453265,8104057861.313106
rb_g012_v2,rb_g012,train,q,1,silicon_die_upper,,,,120,"[0.8309577048, 0.9288394393, 0.7615916904, 0.8423332053]",q01,0.9104381891314823,0.13006259844735463,1.007080078125e-10,115.19985067935112,9040375327.715277
rb_g012_v2,rb_g012,train,q,2,silicon_die_lower,,,,168,"[0.0721535859, 0.1811543443, 0.3764647087, 0.4764753344]",q02,1.341819214664072,0.19168845923772457,1.441955566406249e-10,123.0887446860229,9305551751.558167
rb_g012_v2,rb_g012,train,q,3,silicon_die_upper,,,,120,"[0.2826095543, 0.3686223946, 0.1224913438, 0.2077859509]",q03,0.8667421509503611,0.12382030727862302,1.0070800781250004e-10,118.142200404454,8606486909.80043
rb_g012_v2,rb_g012,train,q,4,silicon_die_lower,,,,112,"[0.5403251368, 0.643191822, 0.2364928965, 0.310351035]",q04,0.7387216791542018,0.10553166845060026,9.613037109374993e-11,97.23166921292133,7684581581.753938
rb_g012_v2,rb_g012,train,q,5,silicon_die_upper,,,,140,"[0.5379054632, 0.6456892268, 0.2636694438, 0.3374738531]",q05,0.8637247093194834,0.12338924418849763,1.1749267578124996e-10,108.57746332449426,7351306824.670348
rb_g012_v2,rb_g012,train,q,6,silicon_die_lower,,,,140,"[0.399158876, 0.4778308875, 0.5732657705, 0.6851292609]",q06,0.9430464746548276,0.13472092495068966,1.2016296386718742e-10,107.15796939248547,7848062700.060802
rb_g012_v3,rb_g012,train,k,0,silicon_die_lower,135.0,135.0,135.0,360,"[0.3406668249, 0.4792802714, 0.3378778932, 0.4845702541]",k00,,,,,
rb_g012_v3,rb_g012,train,k,1,silicon_die_upper,150.0,150.0,150.0,400,"[0.2551458316, 0.4173227541, 0.6434104387, 0.8121777]",k01,,,,,
rb_g012_v3,rb_g012,train,k,2,silicon_die_lower,400.0,400.0,400.0,216,"[0.7128225334, 0.8073679226, 0.8268031548, 0.9606333611]",k02,,,,,
rb_g012_v3,rb_g012,train,q,0,silicon_die_lower,,,,192,"[0.5608733063, 0.6770395655, 0.1276026874, 0.2189943039]",q00,1.444590605288844,0.20637008646983485,1.647949218749999e-10,136.06875864772027,8765989806.315716
rb_g012_v3,rb_g012,train,q,1,silicon_die_upper,,,,120,"[0.8309577048, 0.9288394393, 0.7615916904, 0.8423332053]",q01,0.9255984380502933,0.13222834829289903,1.007080078125e-10,117.1181120534427,9190912005.464245
rb_g012_v3,rb_g012,train,q,2,silicon_die_lower,,,,168,"[0.0721535859, 0.1811543443, 0.3764647087, 0.4764753344]",q02,1.2447780148407257,0.17782543069153223,1.441955566406249e-10,114.18689014515499,8632568463.555752
rb_g012_v3,rb_g012,train,q,3,silicon_die_upper,,,,120,"[0.2826095543, 0.3686223946, 0.1224913438, 0.2077859509]",q03,0.7748789617593118,0.11069699453704454,1.0070800781250004e-10,105.62069179280836,7694313278.463369
rb_g012_v3,rb_g012,train,q,4,silicon_die_lower,,,,112,"[0.5403251368, 0.643191822, 0.2364928965, 0.310351035]",q04,0.695426231360502,0.09934660448007171,9.613037109374993e-11,91.53305662702539,7234198968.006649
rb_g012_v3,rb_g012,train,q,5,silicon_die_upper,,,,140,"[0.5379054632, 0.6456892268, 0.2636694438, 0.3374738531]",q05,0.8921409009604047,0.12744870013720067,1.1749267578124996e-10,112.14961770704612,7593161829.265078
rb_g012_v3,rb_g012,train,q,6,silicon_die_lower,,,,140,"[0.399158876, 0.4778308875, 0.5732657705, 0.6851292609]",q06,1.022586847739919,0.14608383539141698,1.2016296386718742e-10,116.19610812010099,8510000209.966143
rb_g012_v4,rb_g012,train,k,0,silicon_die_lower,140.0,140.0,140.0,360,"[0.3406668249, 0.4792802714, 0.3378778932, 0.4845702541]",k00,,,,,
rb_g012_v4,rb_g012,train,k,1,silicon_die_upper,385.0,385.0,385.0,400,"[0.2551458316, 0.4173227541, 0.6434104387, 0.8121777]",k01,,,,,
rb_g012_v4,rb_g012,train,k,2,silicon_die_lower,600.0,600.0,600.0,216,"[0.7128225334, 0.8073679226, 0.8268031548, 0.9606333611]",k02,,,,,
rb_g012_v4,rb_g012,train,q,0,silicon_die_lower,,,,192,"[0.5608733063, 0.6770395655, 0.1276026874, 0.2189943039]",q00,3.541899795855764,0.21466059368822812,1.647949218749999e-10,333.6183322196976,21492772687.14847
rb_g012_v4,rb_g012,train,q,1,silicon_die_upper,,,,120,"[0.8309577048, 0.9288394393, 0.7615916904, 0.8423332053]",q01,2.068331933968398,0.12535345054353927,1.007080078125e-10,261.7108253947403,20537909337.05347
rb_g012_v4,rb_g012,train,q,2,silicon_die_lower,,,,168,"[0.0721535859, 0.1811543443, 0.3764647087, 0.4764753344]",q02,2.6437119096513517,0.16022496422129404,1.441955566406249e-10,242.5149205751543,18334212032.900646
rb_g012_v4,rb_g012,train,q,3,silicon_die_upper,,,,120,"[0.2826095543, 0.3686223946, 0.1224913438, 0.2077859509]",q03,1.709208966901927,0.10358842223648043,1.0070800781250004e-10,232.97552574246723,16971927099.224945
rb_g012_v4,rb_g012,train,q,4,silicon_die_lower,,,,112,"[0.5403251368, 0.643191822, 0.2364928965, 0.310351035]",q04,1.6813259135528802,0.10189854021532607,9.613037109374993e-11,221.2986699576225,17490059535.016132
rb_g012_v4,rb_g012,train,q,5,silicon_die_upper,,,,140,"[0.5379054632, 0.6456892268, 0.2636694438, 0.3374738531]",q05,2.2932215334905544,0.13898312324185177,1.1749267578124996e-10,288.2772418814886,19517995638.81
rb_g012_v4,rb_g012,train,q,6,silicon_die_lower,,,,140,"[0.399158876, 0.4778308875, 0.5732657705, 0.6851292609]",q06,2.562299946579125,0.15529090585328031,1.2016296386718742e-10,291.153051974868,21323541498.28694
rb_g012_v5,rb_g012,train,k,0,silicon_die_lower,150.0,150.0,150.0,360,"[0.3406668249, 0.4792802714, 0.3378778932, 0.4845702541]",k00,,,,,
rb_g012_v5,rb_g012,train,k,1,silicon_die_upper,400.0,400.0,400.0,400,"[0.2551458316, 0.4173227541, 0.6434104387, 0.8121777]",k01,,,,,
rb_g012_v5,rb_g012,train,k,2,silicon_die_lower,20.0,20.0,20.0,216,"[0.7128225334, 0.8073679226, 0.8268031548, 0.9606333611]",k02,,,,,
rb_g012_v5,rb_g012,train,q,0,silicon_die_lower,,,,192,"[0.5608733063, 0.6770395655, 0.1276026874, 0.2189943039]",q00,3.457409464595073,0.20953996755121654,1.647949218749999e-10,325.66002593535194,20980072839.972485
rb_g012_v5,rb_g012,train,q,1,silicon_die_upper,,,,120,"[0.8309577048, 0.9288394393, 0.7615916904, 0.8423332053]",q01,1.8952843043296503,0.1148657154139182,1.007080078125e-10,239.81470841197566,18819598813.41636
rb_g012_v5,rb_g012,train,q,2,silicon_die_lower,,,,168,"[0.0721535859, 0.1811543443, 0.3764647087, 0.4764753344]",q02,2.4788268269958884,0.1502319289088417,1.441955566406249e-10,227.38956119759226,17190729622.645782
rb_g012_v5,rb_g012,train,q,3,silicon_die_upper,,,,120,"[0.2826095543, 0.3686223946, 0.1224913438, 0.2077859509]",q03,1.7501281036760938,0.10606836991976326,1.0070800781250004e-10,238.55305171354198,17378241727.654007
rb_g012_v5,rb_g012,train,q,4,silicon_die_lower,,,,112,"[0.5403251368, 0.643191822, 0.2364928965, 0.310351035]",q04,1.8504348486497868,0.11214756658483556,9.613037109374993e-11,243.55704479930563,19249221943.033733
rb_g012_v5,rb_g012,train,q,5,silicon_die_upper,,,,140,"[0.5379054632, 0.6456892268, 0.2636694438, 0.3374738531]",q05,2.498614369795515,0.1514311739270009,1.1749267578124996e-10,314.09684957638297,21266128745.314148
rb_g012_v5,rb_g012,train,q,6,silicon_die_lower,,,,140,"[0.399158876, 0.4778308875, 0.5732657705, 0.6851292609]",q06,2.5693020819579946,0.15571527769442392,1.2016296386718742e-10,291.9487016366575,21381813491.199905
rb_g012_v6,rb_g012,train,k,0,silicon_die_lower,385.0,385.0,385.0,360,"[0.3406668249, 0.4792802714, 0.3378778932, 0.4845702541]",k00,,,,,
rb_g012_v6,rb_g012,train,k,1,silicon_die_upper,600.0,600.0,600.0,400,"[0.2551458316, 0.4173227541, 0.6434104387, 0.8121777]",k01,,,,,
rb_g012_v6,rb_g012,train,k,2,silicon_die_lower,50.0,50.0,50.0,216,"[0.7128225334, 0.8073679226, 0.8268031548, 0.9606333611]",k02,,,,,
rb_g012_v6,rb_g012,train,q,0,silicon_die_lower,,,,192,"[0.5608733063, 0.6770395655, 0.1276026874, 0.2189943039]",q00,2.440949142335033,0.19527593138680263,1.647949218749999e-10,229.91767944755188,14812041017.78415
rb_g012_v6,rb_g012,train,q,1,silicon_die_upper,,,,120,"[0.8309577048, 0.9288394393, 0.7615916904, 0.8423332053]",q01,1.4421919731201513,0.1153753578496121,1.007080078125e-10,182.4838873607561,14320529265.21246
rb_g012_v6,rb_g012,train,q,2,silicon_die_lower,,,,168,"[0.0721535859, 0.1811543443, 0.3764647087, 0.4764753344]",q02,2.058985593468934,0.1647188474775147,1.441955566406249e-10,188.8763771281557,14279119561.22541
rb_g012_v6,rb_g012,train,q,3,silicon_die_upper,,,,120,"[0.2826095543, 0.3686223946, 0.1224913438, 0.2077859509]",q03,1.4827306367554962,0.1186184509404397,1.0070800781250004e-10,202.10515877336604,14723065910.667902
rb_g012_v6,rb_g012,train,q,4,silicon_die_lower,,,,112,"[0.5403251368, 0.643191822, 0.2364928965, 0.310351035]",q04,1.4671858370057298,0.11737486696045839,9.613037109374993e-11,193.11322789519195,15262458891.112314
rb_g012_v6,rb_g012,train,q,5,silicon_die_upper,,,,140,"[0.5379054632, 0.6456892268, 0.2636694438, 0.3374738531]",q05,1.8081076108642407,0.14464860886913924,1.1749267578124996e-10,227.2943400681782,15389109140.986872
rb_g012_v6,rb_g012,train,q,6,silicon_die_lower,,,,140,"[0.399158876, 0.4778308875, 0.5732657705, 0.6851292609]",q06,1.7998492064504164,0.1439879365160333,1.2016296386718742e-10,204.51609900402448,14978402234.150421
rb_g012_v7,rb_g012,train,k,0,silicon_die_lower,400.0,400.0,400.0,360,"[0.3406668249, 0.4792802714, 0.3378778932, 0.4845702541]",k00,,,,,
rb_g012_v7,rb_g012,train,k,1,silicon_die_upper,20.0,20.0,20.0,400,"[0.2551458316, 0.4173227541, 0.6434104387, 0.8121777]",k01,,,,,
rb_g012_v7,rb_g012,train,k,2,silicon_die_lower,120.0,120.0,120.0,216,"[0.7128225334, 0.8073679226, 0.8268031548, 0.9606333611]",k02,,,,,
rb_g012_v7,rb_g012,train,q,0,silicon_die_lower,,,,192,"[0.5608733063, 0.6770395655, 0.1276026874, 0.2189943039]",q00,2.3814869190119903,0.1905189535209592,1.647949218749999e-10,224.3168186331607,14451215437.441656
rb_g012_v7,rb_g012,train,q,1,silicon_die_upper,,,,120,"[0.8309577048, 0.9288394393, 0.7615916904, 0.8423332053]",q01,1.4418459187763033,0.11534767350210427,1.007080078125e-10,182.44010030391453,14317093050.443
rb_g012_v7,rb_g012,train,q,2,silicon_die_lower,,,,168,"[0.0721535859, 0.1811543443, 0.3764647087, 0.4764753344]",q02,2.1194080306886223,0.16955264245508977,1.441955566406249e-10,194.41909247085067,14698150761.821125
rb_g012_v7,rb_g012,train,q,3,silicon_die_upper,,,,120,"[0.2826095543, 0.3686223946, 0.1224913438, 0.2077859509]",q03,1.5371052505434235,0.12296842004347387,1.0070800781250004e-10,209.51674768940572,15262989348.426327
rb_g012_v7,rb_g012,train,q,4,silicon_die_lower,,,,112,"[0.5403251368, 0.643191822, 0.2364928965, 0.310351035]",q04,1.4886387756727406,0.11909110205381924,9.613037109374993e-11,195.93689626039296,15485623936.902983
rb_g012_v7,rb_g012,train,q,5,silicon_die_upper,,,,140,"[0.5379054632, 0.6456892268, 0.2636694438, 0.3374738531]",q05,1.779748508888584,0.14237988071108673,1.1749267578124996e-10,223.72936233690143,15147740036.171724
rb_g012_v7,rb_g012,train,q,6,silicon_die_lower,,,,140,"[0.399158876, 0.4778308875, 0.5732657705, 0.6851292609]",q06,1.7517665964183349,0.1401413277134668,1.2016296386718742e-10,199.05249249829583,14578257227.031374
rb_g013_v0,rb_g013,train,k,0,silicon_die_upper,135.0,135.0,135.0,252,"[0.0302553861, 0.1613185106, 0.0690485186, 0.1725212824]",k00,,,,,
rb_g013_v0,rb_g013,train,k,1,silicon_die_lower,150.0,150.0,150.0,396,"[0.1854320384, 0.351502115, 0.7896784739, 0.9332910628]",k01,,,,,
rb_g013_v0,rb_g013,train,k,2,silicon_die_upper,400.0,400.0,400.0,440,"[0.1511281876, 0.3214946633, 0.2650994999, 0.4095445768]",k02,,,,,
rb_g013_v0,rb_g013,train,k,3,silicon_die_lower,20.0,20.0,20.0,416,"[0.4058585788, 0.5953318798, 0.0555092344, 0.1811612165]",k03,,,,,
rb_g013_v0,rb_g013,train,k,4,silicon_die_upper,120.0,120.0,120.0,256,"[0.1259854664, 0.2645648078, 0.6905810458, 0.8188486343]",k04,,,,,
rb_g013_v0,rb_g013,train,k,5,silicon_die_lower,140.0,140.0,140.0,360,"[0.8000375139, 0.9624337997, 0.2079309599, 0.348550454]",k05,,,,,
rb_g013_v0,rb_g013,train,q,0,silicon_die_upper,,,,144,"[0.8404589455, 0.9280260821, 0.5258080152, 0.6143941103]",q00,0.2321551044933399,0.1289750580518555,1.208496093749999e-10,29.927575156193516,1921024864.656002
rb_g013_v0,rb_g013,train,q,1,silicon_die_lower,,,,140,"[0.156562055, 0.2663190985, 0.8083491215, 0.8901695541]",q01,0.24627519557702618,0.13681955309834787,1.2016296386718753e-10,27.42372853592193,2049509995.8521886
rb_g013_v0,rb_g013,train,q,2,silicon_die_upper,,,,96,"[0.800939401, 0.8692081403, 0.1522963132, 0.2381059637]",q02,0.1852494453667899,0.1029163585371055,8.056640625000011e-11,31.622696531531872,2299338570.370819
rb_g013_v0,rb_g013,train,q,3,silicon_die_lower,,,,120,"[0.8367191498, 0.927050231, 0.6032005678, 0.681268638]",q03,0.2513558680369711,0.13964214890942836,1.0299682617187482e-10,35.6433385838356,2440423432.2475505
rb_g013_v0,rb_g013,train,q,4,silicon_die_upper,,,,160,"[0.637725086, 0.7134233725, 0.810836938, 0.9254937792]",q04,0.3115027776376263,0.17305709868757016,1.342773437499999e-10,35.89020193120833,2319846140.3703966
rb_g013_v0,rb_g013,train,q,5,silicon_die_lower,,,,120,"[0.8245077514, 0.898648057, 0.3972116691, 0.4943888184]",q05,0.2131282273070642,0.11840457072614678,1.0299682617187489e-10,29.581653522200625,2069269852.562337
rb_g013_v0,rb_g013,train,q,6,silicon_die_upper,,,,96,"[0.3717519803, 0.4360744736, 0.7151316464, 0.812278092]",q06,0.15500071333619672,0.08611150740899817,8.056640625000006e-11,24.805267294223373,1923887641.8941252
rb_g013_v0,rb_g013,train,q,7,silicon_die_lower,,,,120,"[0.4635732931, 0.544016632, 0.395456675, 0.4961762968]",q07,0.20533266824498592,0.11407370458054773,1.02996826171875e-10,25.342757981303347,1993582480.904207
rb_g013_v1,rb_g013,train,k,0,silicon_die_upper,140.0,140.0,140.0,252,"[0.0302553861, 0.1613185106, 0.0690485186, 0.1725212824]",k00,,,,,
rb_g013_v1,rb_g013,train,k,1,silicon_die_lower,385.0,385.0,385.0,396,"[0.1854320384, 0.351502115, 0.7896784739, 0.9332910628]",k01,,,,,
rb_g013_v1,rb_g013,train,k,2,silicon_die_upper,600.0,600.0,600.0,440,"[0.1511281876, 0.3214946633, 0.2650994999, 0.4095445768]",k02,,,,,
rb_g013_v1,rb_g013,train,k,3,silicon_die_lower,50.0,50.0,50.0,416,"[0.4058585788, 0.5953318798, 0.0555092344, 0.1811612165]",k03,,,,,
rb_g013_v1,rb_g013,train,k,4,silicon_die_upper,135.0,135.0,135.0,256,"[0.1259854664, 0.2645648078, 0.6905810458, 0.8188486343]",k04,,,,,
rb_g013_v1,rb_g013,train,k,5,silicon_die_lower,150.0,150.0,150.0,360,"[0.8000375139, 0.9624337997, 0.2079309599, 0.348550454]",k05,,,,,
rb_g013_v1,rb_g013,train,q,0,silicon_die_upper,,,,144,"[0.8404589455, 0.9280260821, 0.5258080152, 0.6143941103]",q00,0.33449995722103987,0.13379998288841594,1.208496093749999e-10,43.12105319124429,2767902676.31794
rb_g013_v1,rb_g013,train,q,1,silicon_die_lower,,,,140,"[0.156562055, 0.2663190985, 0.8083491215, 0.8901695541]",q01,0.37271847274204994,0.14908738909681998,1.2016296386718753e-10,41.50369343064647,3101774962.491807
rb_g013_v1,rb_g013,train,q,2,silicon_die_upper,,,,96,"[0.800939401, 0.8692081403, 0.1522963132, 0.2381059637]",q02,0.26945583555480696,0.10778233422192278,8.056640625000011e-11,45.99700743788344,3344518492.2196603
rb_g013_v1,rb_g013,train,q,3,silicon_die_lower,,,,120,"[0.8367191498, 0.927050231, 0.6032005678, 0.681268638]",q03,0.33347166581810006,0.13338866632724003,1.0299682617187482e-10,47.28771039123677,3237688754.230377
rb_g013_v1,rb_g013,train,q,4,silicon_die_upper,,,,160,"[0.637725086, 0.7134233725, 0.810836938, 0.9254937792]",q04,0.38929570610716313,0.15571828244286526,1.342773437499999e-10,44.85321642746968,2899191294.936257
rb_g013_v1,rb_g013,train,q,5,silicon_die_lower,,,,120,"[0.8245077514, 0.898648057, 0.3972116691, 0.4943888184]",q05,0.27376337109106874,0.10950534843642751,1.0299682617187489e-10,37.99765658923212,2657978709.3073034
rb_g013_v1,rb_g013,train,q,6,silicon_die_upper,,,,96,"[0.3717519803, 0.4360744736, 0.7151316464, 0.812278092]",q06,0.21771958675644726,0.0870878347025789,8.056640625000006e-11,34.842372195846856,2702361901.0739617
rb_g013_v1,rb_g013,train,q,7,silicon_die_lower,,,,120,"[0.4635732931, 0.544016632, 0.395456675, 0.4961762968]",q07,0.30907540470932404,0.12363016188372962,1.02996826171875e-10,38.1469896946759,3000824551.5600386
rb_g013_v2,rb_g013,train,k,0,silicon_die_upper,150.0,150.0,150.0,252,"[0.0302553861, 0.1613185106, 0.0690485186, 0.1725212824]",k00,,,,,
rb_g013_v2,rb_g013,train,k,1,silicon_die_lower,400.0,400.0,400.0,396,"[0.1854320384, 0.351502115, 0.7896784739, 0.9332910628]",k01,,,,,
rb_g013_v2,rb_g013,train,k,2,silicon_die_upper,20.0,20.0,20.0,440,"[0.1511281876, 0.3214946633, 0.2650994999, 0.4095445768]",k02,,,,,
rb_g013_v2,rb_g013,train,k,3,silicon_die_lower,120.0,120.0,120.0,416,"[0.4058585788, 0.5953318798, 0.0555092344, 0.1811612165]",k03,,,,,
rb_g013_v2,rb_g013,train,k,4,silicon_die_upper,140.0,140.0,140.0,256,"[0.1259854664, 0.2645648078, 0.6905810458, 0.8188486343]",k04,,,,,
rb_g013_v2,rb_g013,train,k,5,silicon_die_lower,385.0,385.0,385.0,360,"[0.8000375139, 0.9624337997, 0.2079309599, 0.348550454]",k05,,,,,
rb_g013_v2,rb_g013,train,q,0,silicon_die_upper,,,,144,"[0.8404589455, 0.9280260821, 0.5258080152, 0.6143941103]",q00,1.0110007311722105,0.14442867588174435,1.208496093749999e-10,130.33011025605487,8365775747.2351055
rb_g013_v2,rb_g013,train,q,1,silicon_die_lower,,,,140,"[0.156562055, 0.2663190985, 0.8083491215, 0.8901695541]",q01,1.0987978255883393,0.1569711179411913,1.2016296386718753e-10,122.3555348893077,9144230387.016811
rb_g013_v2,rb_g013,train,q,2,silicon_die_upper,,,,96,"[0.800939401, 0.8692081403, 0.1522963132, 0.2381059637]",q02,0.7269702066778707,0.10385288666826725,8.056640625000011e-11,124.09623244875075,9023242322.886528
rb_g013_v2,rb_g013,train,q,3,silicon_die_lower,,,,120,"[0.8367191498, 0.927050231, 0.6032005678, 0.681268638]",q03,0.8380978427846921,0.11972826325495602,1.0299682617187482e-10,118.84586347657155,8137122996.257434
rb_g013_v2,rb_g013,train,q,4,silicon_die_upper,,,,160,"[0.637725086, 0.7134233725, 0.810836938, 0.9254937792]",q04,0.9902570422113399,0.14146529174447714,1.342773437499999e-10,114.09376660554423,7374714263.450275
rb_g013_v2,rb_g013,train,q,5,silicon_die_lower,,,,120,"[0.8245077514, 0.898648057, 0.3972116691, 0.4943888184]",q05,0.7573405500194003,0.10819150714562861,1.0299682617187489e-10,105.116933744816,7353047449.788365
rb_g013_v2,rb_g013,train,q,6,silicon_die_upper,,,,96,"[0.3717519803, 0.4360744736, 0.7151316464, 0.812278092]",q06,0.6515777032622729,0.09308252903746757,8.056640625000006e-11,104.27409490251978,8087461432.006873
rb_g013_v2,rb_g013,train,q,7,silicon_die_lower,,,,120,"[0.4635732931, 0.544016632, 0.395456675, 0.4961762968]",q07,0.9259580982838737,0.13227972832626766,1.02996826171875e-10,114.28445452059303,8990161470.98251
rb_g013_v3,rb_g013,train,k,0,silicon_die_upper,385.0,385.0,385.0,252,"[0.0302553861, 0.1613185106, 0.0690485186, 0.1725212824]",k00,,,,,
rb_g013_v3,rb_g013,train,k,1,silicon_die_lower,600.0,600.0,600.0,396,"[0.1854320384, 0.351502115, 0.7896784739, 0.9332910628]",k01,,,,,
rb_g013_v3,rb_g013,train,k,2,silicon_die_upper,50.0,50.0,50.0,440,"[0.1511281876, 0.3214946633, 0.2650994999, 0.4095445768]",k02,,,,,
rb_g013_v3,rb_g013,train,k,3,silicon_die_lower,135.0,135.0,135.0,416,"[0.4058585788, 0.5953318798, 0.0555092344, 0.1811612165]",k03,,,,,
rb_g013_v3,rb_g013,train,k,4,silicon_die_upper,150.0,150.0,150.0,256,"[0.1259854664, 0.2645648078, 0.6905810458, 0.8188486343]",k04,,,,,
rb_g013_v3,rb_g013,train,k,5,silicon_die_lower,400.0,400.0,400.0,360,"[0.8000375139, 0.9624337997, 0.2079309599, 0.348550454]",k05,,,,,
rb_g013_v3,rb_g013,train,q,0,silicon_die_upper,,,,144,"[0.8404589455, 0.9280260821, 0.5258080152, 0.6143941103]",q00,1.0814920820647684,0.1544988688663955,1.208496093749999e-10,139.41729016667,8949073875.02484
rb_g013_v3,rb_g013,train,q,1,silicon_die_lower,,,,140,"[0.156562055, 0.2663190985, 0.8083491215, 0.8901695541]",q01,1.0820440049340223,0.1545777149905746,1.2016296386718753e-10,120.48992991643578,9004804559.664263
rb_g013_v3,rb_g013,train,q,2,silicon_die_upper,,,,96,"[0.800939401, 0.8692081403, 0.1522963132, 0.2381059637]",q02,0.6608414533791309,0.09440592191130441,8.056640625000011e-11,112.80783429223203,8202444221.336111
rb_g013_v3,rb_g013,train,q,3,silicon_die_lower,,,,120,"[0.8367191498, 0.927050231, 0.6032005678, 0.681268638]",q03,0.7590544633375876,0.10843635190536967,1.0299682617187482e-10,107.63717374735727,7369687897.672923
rb_g013_v3,rb_g013,train,q,4,silicon_die_upper,,,,160,"[0.637725086, 0.7134233725, 0.810836938, 0.9254937792]",q04,0.9677005936071617,0.13824294194388023,1.342773437499999e-10,111.49489573384805,7206730238.936249
rb_g013_v3,rb_g013,train,q,5,silicon_die_lower,,,,120,"[0.8245077514, 0.898648057, 0.3972116691, 0.4943888184]",q05,0.806422673395709,0.11520323905652986,1.0299682617187489e-10,111.9294070910143,7829587603.505369
rb_g013_v3,rb_g013,train,q,6,silicon_die_upper,,,,96,"[0.3717519803, 0.4360744736, 0.7151316464, 0.812278092]",q06,0.7055148309654771,0.10078783299506815,8.056640625000006e-11,112.90582853111721,8756935598.892704
rb_g013_v3,rb_g013,train,q,7,silicon_die_lower,,,,120,"[0.4635732931, 0.544016632, 0.395456675, 0.4961762968]",q07,0.9369298983161423,0.13384712833087747,1.02996826171875e-10,115.63862614468785,9096687083.85877
rb_g013_v4,rb_g013,train,k,0,silicon_die_upper,400.0,400.0,400.0,252,"[0.0302553861, 0.1613185106, 0.0690485186, 0.1725212824]",k00,,,,,
rb_g013_v4,rb_g013,train,k,1,silicon_die_lower,20.0,20.0,20.0,396,"[0.1854320384, 0.351502115, 0.7896784739, 0.9332910628]",k01,,,,,
rb_g013_v4,rb_g013,train,k,2,silicon_die_upper,120.0,120.0,120.0,440,"[0.1511281876, 0.3214946633, 0.2650994999, 0.4095445768]",k02,,,,,
rb_g013_v4,rb_g013,train,k,3,silicon_die_lower,140.0,140.0,140.0,416,"[0.4058585788, 0.5953318798, 0.0555092344, 0.1811612165]",k03,,,,,
rb_g013_v4,rb_g013,train,k,4,silicon_die_upper,385.0,385.0,385.0,256,"[0.1259854664, 0.2645648078, 0.6905810458, 0.8188486343]",k04,,,,,
rb_g013_v4,rb_g013,train,k,5,silicon_die_lower,600.0,600.0,600.0,360,"[0.8000375139, 0.9624337997, 0.2079309599, 0.348550454]",k05,,,,,
rb_g013_v4,rb_g013,train,q,0,silicon_die_upper,,,,144,"[0.8404589455, 0.9280260821, 0.5258080152, 0.6143941103]",q00,2.589392496369446,0.1569328785678452,1.208496093749999e-10,333.8037245104094,21426569020.46315
rb_g013_v4,rb_g013,train,q,1,silicon_die_lower,,,,140,"[0.156562055, 0.2663190985, 0.8083491215, 0.8901695541]",q01,2.375316703420803,0.14395858808610928,1.2016296386718753e-10,264.5010201243738,19767461012.747395
rb_g013_v4,rb_g013,train,q,2,silicon_die_upper,,,,96,"[0.800939401, 0.8692081403, 0.1522963132, 0.2381059637]",q02,1.4229270493815078,0.08623800299281865,8.056640625000011e-11,242.89838050530636,17661543012.929237
rb_g013_v4,rb_g013,train,q,3,silicon_die_lower,,,,120,"[0.8367191498, 0.927050231, 0.6032005678, 0.681268638]",q03,1.745776416943978,0.10580463132993806,1.0299682617187482e-10,247.5585726594497,16949807890.494926
rb_g013_v4,rb_g013,train,q,4,silicon_die_upper,,,,160,"[0.637725086, 0.7134233725, 0.810836938, 0.9254937792]",q04,2.436609855793104,0.14767332459352148,1.342773437499999e-10,280.7372069526735,18146098126.05193
rb_g013_v4,rb_g013,train,q,5,silicon_die_lower,,,,120,"[0.8245077514, 0.898648057, 0.3972116691, 0.4943888184]",q05,2.096412886975764,0.12705532648337964,1.0299682617187489e-10,290.9767535045691,20354150364.569454
rb_g013_v4,rb_g013,train,q,6,silicon_die_upper,,,,96,"[0.3717519803, 0.4360744736, 0.7151316464, 0.812278092]",q06,1.734115215507795,0.10509789184895728,8.056640625000006e-11,277.51608695084275,21524048250.666435
rb_g013_v4,rb_g013,train,q,7,silicon_die_lower,,,,120,"[0.4635732931, 0.544016632, 0.395456675, 0.4961762968]",q07,2.0994493756076027,0.12723935609743048,1.02996826171875e-10,259.1201773920412,20383631745.158497
rb_g013_v5,rb_g013,train,k,0,silicon_die_upper,600.0,600.0,600.0,252,"[0.0302553861, 0.1613185106, 0.0690485186, 0.1725212824]",k00,,,,,
rb_g013_v5,rb_g013,train,k,1,silicon_die_lower,50.0,50.0,50.0,396,"[0.1854320384, 0.351502115, 0.7896784739, 0.9332910628]",k01,,,,,
rb_g013_v5,rb_g013,train,k,2,silicon_die_upper,135.0,135.0,135.0,440,"[0.1511281876, 0.3214946633, 0.2650994999, 0.4095445768]",k02,,,,,
rb_g013_v5,rb_g013,train,k,3,silicon_die_lower,150.0,150.0,150.0,416,"[0.4058585788, 0.5953318798, 0.0555092344, 0.1811612165]",k03,,,,,
rb_g013_v5,rb_g013,train,k,4,silicon_die_upper,400.0,400.0,400.0,256,"[0.1259854664, 0.2645648078, 0.6905810458, 0.8188486343]",k04,,,,,
rb_g013_v5,rb_g013,train,k,5,silicon_die_lower,20.0,20.0,20.0,360,"[0.8000375139, 0.9624337997, 0.2079309599, 0.348550454]",k05,,,,,
rb_g013_v5,rb_g013,train,q,0,silicon_die_upper,,,,144,"[0.8404589455, 0.9280260821, 0.5258080152, 0.6143941103]",q00,2.46944426391473,0.14966328872210483,1.208496093749999e-10,318.34095986659315,20434027686.858063
rb_g013_v5,rb_g013,train,q,1,silicon_die_lower,,,,140,"[0.156562055, 0.2663190985, 0.8083491215, 0.8901695541]",q01,2.188692526726572,0.13264803192282257,1.2016296386718753e-10,243.71967124386174,18214368689.720966
rb_g013_v5,rb_g013,train,q,2,silicon_die_upper,,,,96,"[0.800939401, 0.8692081403, 0.1522963132, 0.2381059637]",q02,1.3837774294697833,0.08386529875574444,8.056640625000011e-11,236.21541016041795,17175613185.17644
rb_g013_v5,rb_g013,train,q,3,silicon_die_lower,,,,120,"[0.8367191498, 0.927050231, 0.6032005678, 0.681268638]",q03,1.8625953149991992,0.112884564545406,1.0299682617187482e-10,264.12399271067517,18084006898.338924
rb_g013_v5,rb_g013,train,q,4,silicon_die_upper,,,,160,"[0.637725086, 0.7134233725, 0.810836938, 0.9254937792]",q04,2.7226123931307438,0.16500681170489356,1.342773437499999e-10,313.6893651829504,20276037022.297337
rb_g013_v5,rb_g013,train,q,5,silicon_die_lower,,,,120,"[0.8245077514, 0.898648057, 0.3972116691, 0.4943888184]",q05,2.244491841172733,0.1360298085559232,1.0299682617187489e-10,311.5297340850037,21791854415.273537
rb_g013_v5,rb_g013,train,q,6,silicon_die_upper,,,,96,"[0.3717519803, 0.4360744736, 0.7151316464, 0.812278092]",q06,1.6927573286113056,0.10259135324917003,8.056640625000006e-11,270.89745006130465,21010709145.430008
rb_g013_v5,rb_g013,train,q,7,silicon_die_lower,,,,120,"[0.4635732931, 0.544016632, 0.395456675, 0.4961762968]",q07,1.9356289019749315,0.11731084254393524,1.02996826171875e-10,238.90097578549586,18793092699.233944
rb_g013_v6,rb_g013,train,k,0,silicon_die_upper,20.0,20.0,20.0,252,"[0.0302553861, 0.1613185106, 0.0690485186, 0.1725212824]",k00,,,,,
rb_g013_v6,rb_g013,train,k,1,silicon_die_lower,120.0,120.0,120.0,396,"[0.1854320384, 0.351502115, 0.7896784739, 0.9332910628]",k01,,,,,
rb_g013_v6,rb_g013,train,k,2,silicon_die_upper,140.0,140.0,140.0,440,"[0.1511281876, 0.3214946633, 0.2650994999, 0.4095445768]",k02,,,,,
rb_g013_v6,rb_g013,train,k,3,silicon_die_lower,385.0,385.0,385.0,416,"[0.4058585788, 0.5953318798, 0.0555092344, 0.1811612165]",k03,,,,,
rb_g013_v6,rb_g013,train,k,4,silicon_die_upper,600.0,600.0,600.0,256,"[0.1259854664, 0.2645648078, 0.6905810458, 0.8188486343]",k04,,,,,
rb_g013_v6,rb_g013,train,k,5,silicon_die_lower,50.0,50.0,50.0,360,"[0.8000375139, 0.9624337997, 0.2079309599, 0.348550454]",k05,,,,,
rb_g013_v6,rb_g013,train,q,0,silicon_die_upper,,,,144,"[0.8404589455, 0.9280260821, 0.5258080152, 0.6143941103]",q00,1.7677762580984868,0.14142210064787894,1.208496093749999e-10,227.88754500590687,14627902127.619005
rb_g013_v6,rb_g013,train,q,1,silicon_die_lower,,,,140,"[0.156562055, 0.2663190985, 0.8083491215, 0.8901695541]",q01,1.714553840525691,0.13716430724205528,1.2016296386718753e-10,190.9224311958486,14268571491.13545
rb_g013_v6,rb_g013,train,q,2,silicon_die_upper,,,,96,"[0.800939401, 0.8692081403, 0.1522963132, 0.2381059637]",q02,1.1624336488826281,0.09299469191061024,8.056640625000011e-11,198.4312905438072,14428267350.979511
rb_g013_v6,rb_g013,train,q,3,silicon_die_lower,,,,120,"[0.8367191498, 0.927050231, 0.6032005678, 0.681268638]",q03,1.5419236738671762,0.1233538939093741,1.0299682617187482e-10,218.651380639324,14970594057.860659
rb_g013_v6,rb_g013,train,q,4,silicon_die_upper,,,,160,"[0.637725086, 0.7134233725, 0.810836938, 0.9254937792]",q04,2.0688291196998945,0.16550632957599154,1.342773437499999e-10,238.36286607231997,15407134680.528679
rb_g013_v6,rb_g013,train,q,5,silicon_die_lower,,,,120,"[0.8245077514, 0.898648057, 0.3972116691, 0.4943888184]",q05,1.577647187599758,0.12621177500798064,1.0299682617187489e-10,218.97339959859656,15317434975.783384
rb_g013_v6,rb_g013,train,q,6,silicon_die_upper,,,,96,"[0.3717519803, 0.4360744736, 0.7151316464, 0.812278092]",q06,1.1915628625926729,0.09532502900741383,8.056640625000006e-11,190.68967276538893,14789822682.362377
rb_g013_v6,rb_g013,train,q,7,silicon_die_lower,,,,120,"[0.4635732931, 0.544016632, 0.395456675, 0.4961762968]",q07,1.4752734087336932,0.11802187269869545,1.02996826171875e-10,182.0825554615729,14323484165.151306
rb_g013_v7,rb_g013,train,k,0,silicon_die_upper,50.0,50.0,50.0,252,"[0.0302553861, 0.1613185106, 0.0690485186, 0.1725212824]",k00,,,,,
rb_g013_v7,rb_g013,train,k,1,silicon_die_lower,135.0,135.0,135.0,396,"[0.1854320384, 0.351502115, 0.7896784739, 0.9332910628]",k01,,,,,
rb_g013_v7,rb_g013,train,k,2,silicon_die_upper,150.0,150.0,150.0,440,"[0.1511281876, 0.3214946633, 0.2650994999, 0.4095445768]",k02,,,,,
rb_g013_v7,rb_g013,train,k,3,silicon_die_lower,400.0,400.0,400.0,416,"[0.4058585788, 0.5953318798, 0.0555092344, 0.1811612165]",k03,,,,,
rb_g013_v7,rb_g013,train,k,4,silicon_die_upper,20.0,20.0,20.0,256,"[0.1259854664, 0.2645648078, 0.6905810458, 0.8188486343]",k04,,,,,
rb_g013_v7,rb_g013,train,k,5,silicon_die_lower,120.0,120.0,120.0,360,"[0.8000375139, 0.9624337997, 0.2079309599, 0.348550454]",k05,,,,,
rb_g013_v7,rb_g013,train,q,0,silicon_die_upper,,,,144,"[0.8404589455, 0.9280260821, 0.5258080152, 0.6143941103]",q00,1.7329447147055956,0.13863557717644764,1.208496093749999e-10,223.3973416353113,14339679901.887121
rb_g013_v7,rb_g013,train,q,1,silicon_die_lower,,,,140,"[0.156562055, 0.2663190985, 0.8083491215, 0.8901695541]",q01,1.7313198081332286,0.1385055846506583,1.2016296386718753e-10,192.78938878056954,14408098405.818317
rb_g013_v7,rb_g013,train,q,2,silicon_die_upper,,,,96,"[0.800939401, 0.8692081403, 0.1522963132, 0.2381059637]",q02,1.2016709334791462,0.0961336746783317,8.056640625000011e-11,205.12922554199469,14915285283.42599
rb_g013_v7,rb_g013,train,q,3,silicon_die_lower,,,,120,"[0.8367191498, 0.927050231, 0.6032005678, 0.681268638]",q03,1.5871726536978108,0.12697381229582486,1.0299682617187482e-10,225.0678797697093,15409918078.924433
rb_g013_v7,rb_g013,train,q,4,silicon_die_upper,,,,160,"[0.637725086, 0.7134233725, 0.810836938, 0.9254937792]",q04,2.0705656565639425,0.16564525252511542,1.342773437499999e-10,238.56294344942822,15420067144.156208
rb_g013_v7,rb_g013,train,q,5,silicon_die_lower,,,,120,"[0.8245077514, 0.898648057, 0.3972116691, 0.4943888184]",q05,1.5383328847875561,0.12306663078300449,1.0299682617187489e-10,213.516674795167,14935730953.694427
rb_g013_v7,rb_g013,train,q,6,silicon_die_upper,,,,96,"[0.3717519803, 0.4360744736, 0.7151316464, 0.812278092]",q06,1.1617631407079079,0.09294105125663263,8.056640625000006e-11,185.9207265409815,14419944922.241175
rb_g013_v7,rb_g013,train,q,7,silicon_die_lower,,,,120,"[0.4635732931, 0.544016632, 0.395456675, 0.4961762968]",q07,1.4762302079248117,0.11809841663398495,1.02996826171875e-10,182.20064641390152,14332773763.934883
rb_g014_v0,rb_g014,train,k,0,silicon_die_lower,385.0,385.0,385.0,396,"[0.502318998, 0.6771777779, 0.3503848338, 0.4950599031]",k00,,,,,
rb_g014_v0,rb_g014,train,k,1,silicon_die_upper,600.0,600.0,600.0,432,"[0.4153382905, 0.5993710076, 0.7818517228, 0.9236834646]",k01,,,,,
rb_g014_v0,rb_g014,train,q,0,silicon_die_lower,,,,96,"[0.379292474, 0.4827043148, 0.2815894195, 0.3491358285]",q00,0.16444857721032277,0.09136032067240153,8.239746093749996e-11,23.542771422444734,1995796658.5288367
rb_g014_v0,rb_g014,train,q,1,silicon_die_upper,,,,96,"[0.4009377791, 0.4672979437, 0.463849898, 0.5611803963]",q01,0.17677584377230895,0.0982088020957272,8.056640625e-11,27.369478187740047,2194163200.2769012
rb_g014_v0,rb_g014,train,q,2,silicon_die_lower,,,,100,"[0.1814445624, 0.2570998595, 0.1486350074, 0.2332045566]",q02,0.20941099145432743,0.11633943969684857,8.583068847656248e-11,32.73000836386462,2439814886.3912544
rb_g014_v0,rb_g014,train,q,3,silicon_die_upper,,,,144,"[0.1634530897, 0.2536159698, 0.7760795571, 0.8603229274]",q03,0.30078234654372926,0.16710130363540515,1.2084960937500014e-10,39.599420808524386,2488897962.5113406
rb_g014_v0,rb_g014,train,q,4,silicon_die_lower,,,,80,"[0.3669858721, 0.4413363262, 0.4401992616, 0.5140186187]",q04,0.15703598686136389,0.08724221492297994,6.866455078124996e-11,28.611808141938656,2287002318.8769665
rb_g014_v0,rb_g014,train,q,5,silicon_die_upper,,,,96,"[0.6306722444, 0.7300970095, 0.7080281143, 0.7796552275]",q05,0.164842215003801,0.091579008335445,8.056640624999998e-11,23.1470910462506,2046041553.5017245
rb_g014_v0,rb_g014,train,q,6,silicon_die_lower,,,,120,"[0.138913387, 0.232759297, 0.4003218773, 0.4694681053]",q06,0.2033429955415614,0.11296833085642301,1.0299682617187492e-10,31.336130941036547,1974264674.9350784
rb_g014_v0,rb_g014,train,q,7,silicon_die_upper,,,,100,"[0.6823792022, 0.7578016737, 0.8289330836, 0.9084775815]",q07,0.178189090561757,0.0989939392009761,8.39233398437499e-11,29.700940849763153,2123236407.1009674
rb_g014_v0,rb_g014,train,q,8,silicon_die_lower,,,,120,"[0.5107550803, 0.5812903406, 0.8078191059, 0.8954135238]",q08,0.24517195305082842,0.13620664058379356,1.029968261718749e-10,39.6815001672992,2380383572.613201
rb_g014_v1,rb_g014,train,k,0,silicon_die_lower,400.0,400.0,400.0,396,"[0.502318998, 0.6771777779, 0.3503848338, 0.4950599031]",k00,,,,,
rb_g014_v1,rb_g014,train,k,1,silicon_die_upper,20.0,20.0,20.0,432,"[0.4153382905, 0.5993710076, 0.7818517228, 0.9236834646]",k01,,,,,
rb_g014_v1,rb_g014,train,q,0,silicon_die_lower,,,,96,"[0.379292474, 0.4827043148, 0.2815894195, 0.3491358285]",q00,0.241073988013761,0.0964295952055044,8.239746093749996e-11,34.51261112734572,2925745347.8647866
rb_g014_v1,rb_g014,train,q,1,silicon_die_upper,,,,96,"[0.4009377791, 0.4672979437, 0.463849898, 0.5611803963]",q01,0.2636826114360399,0.10547304457441596,8.056640625e-11,40.82489625381447,3272860534.6727858
rb_g014_v1,rb_g014,train,q,2,silicon_die_lower,,,,100,"[0.1814445624, 0.2570998595, 0.1486350074, 0.2332045566]",q02,0.29202643810631396,0.11681057524252558,8.583068847656248e-11,45.642435935717614,3402354604.041848
rb_g014_v1,rb_g014,train,q,3,silicon_die_upper,,,,144,"[0.1634530897, 0.2536159698, 0.7760795571, 0.8603229274]",q03,0.38330482043476827,0.1533219281739073,1.2084960937500014e-10,50.463895427205586,3171750594.9511294
rb_g014_v1,rb_g014,train,q,4,silicon_die_lower,,,,80,"[0.3669858721, 0.4413363262, 0.4401992616, 0.5140186187]",q04,0.19419682249319933,0.07767872899727973,6.866455078124996e-11,35.3824772143141,2828196213.0920706
rb_g014_v1,rb_g014,train,q,5,silicon_die_upper,,,,96,"[0.6306722444, 0.7300970095, 0.7080281143, 0.7796552275]",q05,0.21594408722755612,0.08637763489102245,8.056640624999998e-11,30.32279958043797,2680324185.7093034
rb_g014_v1,rb_g014,train,q,6,silicon_die_lower,,,,120,"[0.138913387, 0.232759297, 0.4003218773, 0.4694681053]",q06,0.29214507678315793,0.11685803071326317,1.0299682617187492e-10,45.02095759666862,2836447370.6757116
rb_g014_v1,rb_g014,train,q,7,silicon_die_upper,,,,100,"[0.6823792022, 0.7578016737, 0.8289330836, 0.9084775815]",q07,0.2670231793935698,0.10680927175742792,8.39233398437499e-11,44.50799783354544,3181751106.31582
rb_g014_v1,rb_g014,train,q,8,silicon_die_lower,,,,120,"[0.5107550803, 0.5812903406, 0.8078191059, 0.8954135238]",q08,0.3506029761116334,0.14024119044465336,1.029968261718749e-10,56.74569167520186,3404017280.363263
rb_g014_v2,rb_g014,train,k,0,silicon_die_lower,600.0,600.0,600.0,396,"[0.502318998, 0.6771777779, 0.3503848338, 0.4950599031]",k00,,,,,
rb_g014_v2,rb_g014,train,k,1,silicon_die_upper,50.0,50.0,50.0,432,"[0.4153382905, 0.5993710076, 0.7818517228, 0.9236834646]",k01,,,,,
rb_g014_v2,rb_g014,train,q,0,silicon_die_lower,,,,96,"[0.379292474, 0.4827043148, 0.2815894195, 0.3491358285]",q00,0.7366432642726903,0.10523475203895576,8.239746093749996e-11,105.45925227723325,8940120919.88427
rb_g014_v2,rb_g014,train,q,1,silicon_die_upper,,,,96,"[0.4009377791, 0.4672979437, 0.463849898, 0.5611803963]",q01,0.7621938988605544,0.10888484269436492,8.056640625e-11,118.00735238781667,9460443059.796457
rb_g014_v2,rb_g014,train,q,2,silicon_die_lower,,,,100,"[0.1814445624, 0.2570998595, 0.1486350074, 0.2332045566]",q02,0.7695064023152403,0.10992948604503432,8.583068847656248e-11,120.27043475088196,8965399392.37895
rb_g014_v2,rb_g014,train,q,3,silicon_die_upper,,,,144,"[0.1634530897, 0.2536159698, 0.7760795571, 0.8603229274]",q03,0.9661031870365036,0.1380147410052148,1.2084960937500014e-10,127.19206126132482,7994259907.275786
rb_g014_v2,rb_g014,train,q,4,silicon_die_lower,,,,80,"[0.3669858721, 0.4413363262, 0.4401992616, 0.5140186187]",q04,0.5117382616853531,0.07310546595505044,6.866455078124996e-11,93.2382268222169,7452728603.958071
rb_g014_v2,rb_g014,train,q,5,silicon_die_upper,,,,96,"[0.6306722444, 0.7300970095, 0.7080281143, 0.7796552275]",q05,0.6242265890388972,0.08917522700555673,8.056640624999998e-11,87.65369774751352,7747976086.979768
rb_g014_v2,rb_g014,train,q,6,silicon_die_lower,,,,120,"[0.138913387, 0.232759297, 0.4003218773, 0.4694681053]",q06,0.8927052222572612,0.12752931746532303,1.0299682617187492e-10,137.57015658148433,8667308066.052135
rb_g014_v2,rb_g014,train,q,7,silicon_die_upper,,,,100,"[0.6823792022, 0.7578016737, 0.8289330836, 0.9084775815]",q07,0.7897963227302625,0.1128280461043232,8.39233398437499e-11,131.6449497038203,9410925782.991009
rb_g014_v2,rb_g014,train,q,8,silicon_die_lower,,,,120,"[0.5107550803, 0.5812903406, 0.8078191059, 0.8954135238]",q08,0.9470868518032374,0.13529812168617678,1.029968261718749e-10,153.2876277266742,9195301321.448448
rb_g014_v3,rb_g014,train,k,0,silicon_die_lower,20.0,20.0,20.0,396,"[0.502318998, 0.6771777779, 0.3503848338, 0.4950599031]",k00,,,,,
rb_g014_v3,rb_g014,train,k,1,silicon_die_upper,120.0,120.0,120.0,432,"[0.4153382905, 0.5993710076, 0.7818517228, 0.9236834646]",k01,,,,,
rb_g014_v3,rb_g014,train,q,0,silicon_die_lower,,,,96,"[0.379292474, 0.4827043148, 0.2815894195, 0.3491358285]",q00,0.7850722282789582,0.1121531754684226,8.239746093749996e-11,112.39243497280111,9527869176.387005
rb_g014_v3,rb_g014,train,q,1,silicon_die_upper,,,,96,"[0.4009377791, 0.4672979437, 0.463849898, 0.5611803963]",q01,0.7406612245974116,0.1058087463710588,8.056640625e-11,114.67353682799458,9193176896.821205
rb_g014_v3,rb_g014,train,q,2,silicon_die_lower,,,,100,"[0.1814445624, 0.2570998595, 0.1486350074, 0.2332045566]",q02,0.7059118303021037,0.10084454718601482,8.583068847656248e-11,110.33088544914287,8224468926.342876
rb_g014_v3,rb_g014,train,q,3,silicon_die_upper,,,,144,"[0.1634530897, 0.2536159698, 0.7760795571, 0.8603229274]",q03,0.9133298940279776,0.13047569914685395,1.2084960937500014e-10,120.24420723561538,7557574234.2193775
rb_g014_v3,rb_g014,train,q,4,silicon_die_lower,,,,80,"[0.3669858721, 0.4413363262, 0.4401992616, 0.5140186187]",q04,0.5294038256891637,0.07562911795559481,6.866455078124996e-11,96.45687585992052,7710002026.747788
rb_g014_v3,rb_g014,train,q,5,silicon_die_upper,,,,96,"[0.6306722444, 0.7300970095, 0.7080281143, 0.7796552275]",q05,0.6907247308558866,0.09867496155084093,8.056640624999998e-11,96.99134552790063,8573359083.593067
rb_g014_v3,rb_g014,train,q,6,silicon_die_lower,,,,120,"[0.138913387, 0.232759297, 0.4003218773, 0.4694681053]",q06,0.9707667653302977,0.1386809664757568,1.0299682617187492e-10,149.59981478869838,9425210478.91651
rb_g014_v3,rb_g014,train,q,7,silicon_die_upper,,,,100,"[0.6823792022, 0.7578016737, 0.8289330836, 0.9084775815]",q07,0.7880130600353845,0.11257329429076922,8.39233398437499e-11,131.34771164253837,9389677073.178005
rb_g014_v3,rb_g014,train,q,8,silicon_die_lower,,,,120,"[0.5107550803, 0.5812903406, 0.8078191059, 0.8954135238]",q08,0.8761164408828168,0.1251594915546881,1.029968261718749e-10,141.80094526659644,8506246973.288346
rb_g014_v4,rb_g014,train,k,0,silicon_die_lower,50.0,50.0,50.0,396,"[0.502318998, 0.6771777779, 0.3503848338, 0.4950599031]",k00,,,,,
rb_g014_v4,rb_g014,train,k,1,silicon_die_upper,135.0,135.0,135.0,432,"[0.4153382905, 0.5993710076, 0.7818517228, 0.9236834646]",k01,,,,,
rb_g014_v4,rb_g014,train,q,0,silicon_die_lower,,,,96,"[0.379292474, 0.4827043148, 0.2815894195, 0.3491358285]",q00,1.8490345790070257,0.11206270175800156,8.239746093749996e-11,264.71131088038493,22440431512.926758
rb_g014_v4,rb_g014,train,q,1,silicon_die_upper,,,,96,"[0.4009377791, 0.4672979437, 0.463849898, 0.5611803963]",q01,1.6280031620536715,0.09866685830628312,8.056640625e-11,252.05704627149692,20206972581.12678
rb_g014_v4,rb_g014,train,q,2,silicon_die_lower,,,,100,"[0.1814445624, 0.2570998595, 0.1486350074, 0.2332045566]",q02,1.5747612972704115,0.09544007862244919,8.583068847656248e-11,246.12820020954902,18347298911.629105
rb_g014_v4,rb_g014,train,q,3,silicon_die_upper,,,,144,"[0.1634530897, 0.2536159698, 0.7760795571, 0.8603229274]",q03,2.2183932919088716,0.13444807829750738,1.2084960937500014e-10,292.0619859993526,18356644290.21965
rb_g014_v4,rb_g014,train,q,4,silicon_die_lower,,,,80,"[0.3669858721, 0.4413363262, 0.4401992616, 0.5140186187]",q04,1.3889735424842002,0.08418021469601214,6.866455078124996e-11,253.0696645149969,20228393351.165466
rb_g014_v4,rb_g014,train,q,5,silicon_die_upper,,,,96,"[0.6306722444, 0.7300970095, 0.7080281143, 0.7796552275]",q05,1.8090945572736787,0.10964209438022296,8.056640624999998e-11,254.0324784371812,22454700929.069668
rb_g014_v4,rb_g014,train,q,6,silicon_die_lower,,,,120,"[0.138913387, 0.232759297, 0.4003218773, 0.4694681053]",q06,2.3494380177083913,0.14239018289141767,1.0299682617187492e-10,362.05966753210237,22810780730.153667
rb_g014_v4,rb_g014,train,q,7,silicon_die_upper,,,,100,"[0.6823792022, 0.7578016737, 0.8289330836, 0.9084775815]",q07,1.7541254904374843,0.10631063578408996,8.39233398437499e-11,292.3814093797673,20901521480.238384
rb_g014_v4,rb_g014,train,q,8,silicon_die_lower,,,,120,"[0.5107550803, 0.5812903406, 0.8078191059, 0.8954135238]",q08,1.928176061856264,0.116859155264016,1.029968261718749e-10,312.0785953247645,18720732798.4907
rb_g014_v5,rb_g014,train,k,0,silicon_die_lower,120.0,120.0,120.0,396,"[0.502318998, 0.6771777779, 0.3503848338, 0.4950599031]",k00,,,,,
rb_g014_v5,rb_g014,train,k,1,silicon_die_upper,140.0,140.0,140.0,432,"[0.4153382905, 0.5993710076, 0.7818517228, 0.9236834646]",k01,,,,,
rb_g014_v5,rb_g014,train,q,0,silicon_die_lower,,,,96,"[0.379292474, 0.4827043148, 0.2815894195, 0.3491358285]",q00,1.733363776775173,0.10505235010758625,8.239746093749996e-11,248.15165859642235,21036616384.210705
rb_g014_v5,rb_g014,train,q,1,silicon_die_upper,,,,96,"[0.4009377791, 0.4672979437, 0.463849898, 0.5611803963]",q01,1.5247755741313607,0.0924106408564461,8.056640625e-11,236.07474260532558,18925699247.40016
rb_g014_v5,rb_g014,train,q,2,silicon_die_lower,,,,100,"[0.1814445624, 0.2570998595, 0.1486350074, 0.2332045566]",q02,1.5938901829495657,0.09659940502724641,8.583068847656248e-11,249.11796012578858,18570166583.07249
rb_g014_v5,rb_g014,train,q,3,silicon_die_upper,,,,144,"[0.1634530897, 0.2536159698, 0.7760795571, 0.8603229274]",q03,2.443908818072365,0.1481156859437797,1.2084960937500014e-10,321.75217334585506,20222728320.857365
rb_g014_v5,rb_g014,train,q,4,silicon_die_lower,,,,80,"[0.3669858721, 0.4413363262, 0.4401992616, 0.5140186187]",q04,1.551731992286248,0.09404436316886351,6.866455078124996e-11,282.7240999873369,22598735076.99369
rb_g014_v5,rb_g014,train,q,5,silicon_die_upper,,,,96,"[0.6306722444, 0.7300970095, 0.7080281143, 0.7796552275]",q05,1.8851559293791629,0.11425187450782805,8.056640624999998e-11,264.7129919524102,23398783899.20319
rb_g014_v5,rb_g014,train,q,6,silicon_die_lower,,,,120,"[0.138913387, 0.232759297, 0.4003218773, 0.4694681053]",q06,2.2392354876482075,0.13571124167564894,1.0299682617187492e-10,345.0769290669674,21740820284.224155
rb_g014_v5,rb_g014,train,q,7,silicon_die_upper,,,,100,"[0.6823792022, 0.7578016737, 0.8289330836, 0.9084775815]",q07,1.6276442284013313,0.09864510475159584,8.39233398437499e-11,271.2992405977385,19394416755.001778
rb_g014_v5,rb_g014,train,q,8,silicon_die_lower,,,,120,"[0.5107550803, 0.5812903406, 0.8078191059, 0.8954135238]",q08,1.9002940103565833,0.11516933396100505,1.029968261718749e-10,307.5658375746158,18450024927.811726
rb_g014_v6,rb_g014,train,k,0,silicon_die_lower,135.0,135.0,135.0,396,"[0.502318998, 0.6771777779, 0.3503848338, 0.4950599031]",k00,,,,,
rb_g014_v6,rb_g014,train,k,1,silicon_die_upper,150.0,150.0,150.0,432,"[0.4153382905, 0.5993710076, 0.7818517228, 0.9236834646]",k01,,,,,
rb_g014_v6,rb_g014,train,q,0,silicon_die_lower,,,,96,"[0.379292474, 0.4827043148, 0.2815894195, 0.3491358285]",q00,1.2506572748098679,0.10005258198478943,8.239746093749996e-11,179.04647670504815,15178347252.211025
rb_g014_v6,rb_g014,train,q,1,silicon_die_upper,,,,96,"[0.4009377791, 0.4672979437, 0.463849898, 0.5611803963]",q01,1.2075167166565037,0.0966013373325203,8.056640625e-11,186.95485611953634,14987843852.803148
rb_g014_v6,rb_g014,train,q,2,silicon_die_lower,,,,100,"[0.1814445624, 0.2570998595, 0.1486350074, 0.2332045566]",q02,1.3172025094792341,0.10537620075833873,8.583068847656248e-11,205.8729050120635,15346521539.77442
rb_g014_v6,rb_g014,train,q,3,silicon_die_upper,,,,144,"[0.1634530897, 0.2536159698, 0.7760795571, 0.8603229274]",q03,1.9268113486558551,0.1541449078924684,1.2084960937500014e-10,253.67384186881003,15943877341.604795
rb_g014_v6,rb_g014,train,q,4,silicon_die_lower,,,,80,"[0.3669858721, 0.4413363262, 0.4401992616, 0.5140186187]",q04,1.114234167729455,0.0891387334183564,6.866455078124996e-11,203.0124105273571,16227211203.626133
rb_g014_v6,rb_g014,train,q,5,silicon_die_upper,,,,96,"[0.6306722444, 0.7300970095, 0.7080281143, 0.7796552275]",q05,1.282568159654667,0.10260545277237336,8.056640624999998e-11,180.09781028399854,15919391460.440962
rb_g014_v6,rb_g014,train,q,6,silicon_die_lower,,,,120,"[0.138913387, 0.232759297, 0.4003218773, 0.4694681053]",q06,1.578020028162615,0.1262416022530092,1.0299682617187492e-10,243.18045526173515,15321054898.617071
rb_g014_v6,rb_g014,train,q,7,silicon_die_upper,,,,100,"[0.6823792022, 0.7578016737, 0.8289330836, 0.9084775815]",q07,1.2575057446268445,0.10060045957014756,8.39233398437499e-11,209.60376205778311,14983981178.15727
rb_g014_v6,rb_g014,train,q,8,silicon_die_lower,,,,120,"[0.5107550803, 0.5812903406, 0.8078191059, 0.8954135238]",q08,1.5654840502249583,0.12523872401799666,1.029968261718749e-10,253.37627256257645,15199342624.524883
rb_g014_v7,rb_g014,train,k,0,silicon_die_lower,140.0,140.0,140.0,396,"[0.502318998, 0.6771777779, 0.3503848338, 0.4950599031]",k00,,,,,
rb_g014_v7,rb_g014,train,k,1,silicon_die_upper,385.0,385.0,385.0,432,"[0.4153382905, 0.5993710076, 0.7818517228, 0.9236834646]",k01,,,,,
rb_g014_v7,rb_g014,train,q,0,silicon_die_lower,,,,96,"[0.379292474, 0.4827043148, 0.2815894195, 0.3491358285]",q00,1.2288954539062031,0.09831163631249625,8.239746093749996e-11,175.93101299011488,14914239345.777216
rb_g014_v7,rb_g014,train,q,1,silicon_die_upper,,,,96,"[0.4009377791, 0.4672979437, 0.463849898, 0.5611803963]",q01,1.2236557617532704,0.09789246094026163,8.056640625e-11,189.45359821755656,15188163636.792107
rb_g014_v7,rb_g014,train,q,2,silicon_die_lower,,,,100,"[0.1814445624, 0.2570998595, 0.1486350074, 0.2332045566]",q02,1.3544290531349288,0.1083543242507943,8.583068847656248e-11,211.6912485323672,15780242209.111238
rb_g014_v7,rb_g014,train,q,3,silicon_die_upper,,,,144,"[0.1634530897, 0.2536159698, 0.7760795571, 0.8603229274]",q03,1.9516496920384923,0.15613197536307938,1.2084960937500014e-10,256.94392744097865,16149408360.787182
rb_g014_v7,rb_g014,train,q,4,silicon_die_lower,,,,80,"[0.3669858721, 0.4413363262, 0.4401992616, 0.5140186187]",q04,1.0942920952822495,0.08754336762257996,6.866455078124996e-11,199.37898380641187,15936783723.648342
rb_g014_v7,rb_g014,train,q,5,silicon_die_upper,,,,96,"[0.6306722444, 0.7300970095, 0.7080281143, 0.7796552275]",q05,1.236778214417379,0.0989422571533903,8.056640624999998e-11,173.668000836304,15351041109.85935
rb_g014_v7,rb_g014,train,q,6,silicon_die_lower,,,,120,"[0.138913387, 0.232759297, 0.4003218773, 0.4694681053]",q06,1.5386644154621916,0.12309315323697533,1.0299682617187492e-10,237.1155665766802,14938949797.293373
rb_g014_v7,rb_g014,train,q,7,silicon_die_upper,,,,100,"[0.6823792022, 0.7578016737, 0.8289330836, 0.9084775815]",q07,1.2638494315348656,0.10110795452278924,8.39233398437499e-11,210.66114143510956,15059570244.55801
rb_g014_v7,rb_g014,train,q,8,silicon_die_lower,,,,120,"[0.5107550803, 0.5812903406, 0.8078191059, 0.8954135238]",q08,1.6077858824704183,0.12862287059763347,1.029968261718749e-10,260.2228965031921,15610052680.530582
rb_g015_v0,rb_g015,test,k,0,silicon_die_upper,20.0,20.0,20.0,468,"[0.3189752664, 0.5178864978, 0.161652175, 0.3107075233]",k00,,,,,
rb_g015_v0,rb_g015,test,k,1,silicon_die_lower,120.0,120.0,120.0,484,"[0.7730285341, 0.9411005637, 0.1275069136, 0.3050189526]",k01,,,,,
rb_g015_v0,rb_g015,test,k,2,silicon_die_upper,140.0,140.0,140.0,224,"[0.2856206771, 0.3908322718, 0.4116804335, 0.5423809891]",k02,,,,,
rb_g015_v0,rb_g015,test,k,3,silicon_die_lower,385.0,385.0,385.0,216,"[0.227833103, 0.3644034618, 0.8759241614, 0.9726743499]",k03,,,,,
rb_g015_v0,rb_g015,test,k,4,silicon_die_upper,600.0,600.0,600.0,504,"[0.5838214515, 0.8100119038, 0.0336105421, 0.1807413448]",k04,,,,,
rb_g015_v0,rb_g015,test,q,0,silicon_die_upper,,,,80,"[0.2803501427, 0.3583735064, 0.2525264837, 0.3215416696]",q00,0.12959080016435215,0.07199488898019564,6.7138671875e-11,24.06605139626685,1930196063.5388596
rb_g015_v0,rb_g015,test,q,1,silicon_die_lower,,,,120,"[0.2800288762, 0.3633703566, 0.1491067016, 0.2232152267]",q01,0.22235334567531445,0.1235296364862858,1.0299682617187493e-10,36.000977081107386,2158836868.4707284
rb_g015_v0,rb_g015,test,q,2,silicon_die_upper,,,,120,"[0.321723727, 0.4121711287, 0.4045840111, 0.469114494]",q02,0.23619410787174028,0.1312189488176335,1.0070800781250003e-10,40.467655953223634,2345335917.194298
rb_g015_v0,rb_g015,test,q,3,silicon_die_lower,,,,112,"[0.8101871379, 0.909765053, 0.7895441378, 0.8569111025]",q03,0.22046166153561345,0.12247870085311859,9.613037109374995e-11,32.864200161429025,2293361182.6028523
rb_g015_v0,rb_g015,test,q,4,silicon_die_upper,,,,80,"[0.2254268751, 0.2960386524, 0.6518588115, 0.7297075576]",q04,0.13833844371959128,0.07685469095532849,6.713867187500003e-11,25.165995868791324,2060488238.0925295
rb_g015_v0,rb_g015,test,q,5,silicon_die_lower,,,,100,"[0.5263083124, 0.6009758564, 0.0579608669, 0.1345604455]",q05,0.16109969353553769,0.08949982974196538,8.583068847656244e-11,28.166732368309937,1876947469.4302232
rb_g015_v0,rb_g015,test,q,6,silicon_die_upper,,,,100,"[0.1752248794, 0.2505713981, 0.150310102, 0.2242921724]",q06,0.1585087471957324,0.08806041510874023,8.392333984375006e-11,28.435676281570387,1888732592.0399113
rb_g015_v0,rb_g015,test,q,7,silicon_die_lower,,,,100,"[0.1476426861, 0.2241475269, 0.295335881, 0.3733114901]",q07,0.17917134794778003,0.09953963774876667,8.583068847656247e-11,30.03453201478796,2087497503.8410163
rb_g015_v0,rb_g015,test,q,8,silicon_die_upper,,,,100,"[0.8406300239, 0.9211246655, 0.1374580425, 0.2096924884]",q08,0.1939762550072151,0.1077645861151195,8.392333984374991e-11,33.36086122636081,2311350517.845975
rb_g015_v0,rb_g015,test,q,9,silicon_die_lower,,,,80,"[0.7635174824, 0.8390726427, 0.2508154659, 0.3239415349]",q09,0.1603055973471232,0.08905866519284622,6.866455078125e-11,29.01431538605208,2334619472.831348
rb_g015_v1,rb_g015,test,k,0,silicon_die_upper,50.0,50.0,50.0,468,"[0.3189752664, 0.5178864978, 0.161652175, 0.3107075233]",k00,,,,,
rb_g015_v1,rb_g015,test,k,1,silicon_die_lower,135.0,135.0,135.0,484,"[0.7730285341, 0.9411005637, 0.1275069136, 0.3050189526]",k01,,,,,
rb_g015_v1,rb_g015,test,k,2,silicon_die_upper,150.0,150.0,150.0,224,"[0.2856206771, 0.3908322718, 0.4116804335, 0.5423809891]",k02,,,,,
rb_g015_v1,rb_g015,test,k,3,silicon_die_lower,400.0,400.0,400.0,216,"[0.227833103, 0.3644034618, 0.8759241614, 0.9726743499]",k03,,,,,
rb_g015_v1,rb_g015,test,k,4,silicon_die_upper,20.0,20.0,20.0,504,"[0.5838214515, 0.8100119038, 0.0336105421, 0.1807413448]",k04,,,,,
rb_g015_v1,rb_g015,test,q,0,silicon_die_upper,,,,80,"[0.2803501427, 0.3583735064, 0.2525264837, 0.3215416696]",q00,0.19518876226638254,0.07807550490655302,6.7138671875e-11,36.24811930105392,2907247891.7931013
rb_g015_v1,rb_g015,test,q,1,silicon_die_lower,,,,120,"[0.2800288762, 0.3633703566, 0.1491067016, 0.2232152267]",q01,0.32933530738032424,0.1317341229521297,1.0299682617187493e-10,53.322304717247164,3197528696.959547
rb_g015_v1,rb_g015,test,q,2,silicon_die_upper,,,,120,"[0.321723727, 0.4121711287, 0.4045840111, 0.469114494]",q02,0.32105426427968015,0.12842170571187206,1.0070800781250003e-10,55.00693317989374,3187971555.126229
rb_g015_v1,rb_g015,test,q,3,silicon_die_lower,,,,112,"[0.8101871379, 0.909765053, 0.7895441378, 0.8569111025]",q03,0.27773964099033743,0.11109585639613498,9.613037109374995e-11,41.40262343434891,2889197636.816312
rb_g015_v1,rb_g015,test,q,4,silicon_die_upper,,,,80,"[0.2254268751, 0.2960386524, 0.6518588115, 0.7297075576]",q04,0.1749314954500808,0.06997259818003232,6.713867187500003e-11,31.822862636373365,2605525110.4128385
rb_g015_v1,rb_g015,test,q,5,silicon_die_lower,,,,100,"[0.5263083124, 0.6009758564, 0.0579608669, 0.1345604455]",q05,0.22068629456280434,0.08827451782512173,8.583068847656244e-11,38.58487660582237,2571181688.9720807
rb_g015_v1,rb_g015,test,q,6,silicon_die_upper,,,,100,"[0.1752248794, 0.2505713981, 0.150310102, 0.2242921724]",q06,0.23586881934714093,0.09434752773885638,8.392333984375006e-11,42.31368621940685,2810527080.860767
rb_g015_v1,rb_g015,test,q,7,silicon_die_lower,,,,100,"[0.1476426861, 0.2241475269, 0.295335881, 0.3733114901]",q07,0.2691309513250285,0.1076523805300114,8.583068847656247e-11,45.11447988937263,3135602849.073258
rb_g015_v1,rb_g015,test,q,8,silicon_die_upper,,,,100,"[0.8406300239, 0.9211246655, 0.1374580425, 0.2096924884]",q08,0.27096517550215404,0.1083860702008616,8.392333984374991e-11,46.60174317092382,3228722498.4925795
rb_g015_v1,rb_g015,test,q,9,silicon_die_lower,,,,80,"[0.7635174824, 0.8390726427, 0.2508154659, 0.3239415349]",q09,0.20509928889606682,0.08203971555842673,6.866455078125e-11,37.12169476278293,2986974888.242808
rb_g015_v2,rb_g015,test,k,0,silicon_die_upper,120.0,120.0,120.0,468,"[0.3189752664, 0.5178864978, 0.161652175, 0.3107075233]",k00,,,,,
rb_g015_v2,rb_g015,test,k,1,silicon_die_lower,140.0,140.0,140.0,484,"[0.7730285341, 0.9411005637, 0.1275069136, 0.3050189526]",k01,,,,,
rb_g015_v2,rb_g015,test,k,2,silicon_die_upper,385.0,385.0,385.0,224,"[0.2856206771, 0.3908322718, 0.4116804335, 0.5423809891]",k02,,,,,
rb_g015_v2,rb_g015,test,k,3,silicon_die_lower,600.0,600.0,600.0,216,"[0.227833103, 0.3644034618, 0.8759241614, 0.9726743499]",k03,,,,,
rb_g015_v2,rb_g015,test,k,4,silicon_die_upper,50.0,50.0,50.0,504,"[0.5838214515, 0.8100119038, 0.0336105421, 0.1807413448]",k04,,,,,
rb_g015_v2,rb_g015,test,q,0,silicon_die_upper,,,,80,"[0.2803501427, 0.3583735064, 0.2525264837, 0.3215416696]",q00,0.5991312384479788,0.08559017692113982,6.7138671875e-11,111.26347826629419,8923787464.30153
rb_g015_v2,rb_g015,test,q,1,silicon_die_lower,,,,120,"[0.2800288762, 0.3633703566, 0.1491067016, 0.2232152267]",q01,0.9344221214534522,0.1334888744933503,1.0299682617187493e-10,151.2912219798462,9072338985.418293
rb_g015_v2,rb_g015,test,q,2,silicon_die_upper,,,,120,"[0.321723727, 0.4121711287, 0.4045840111, 0.469114494]",q02,0.83761288823835,0.11965898403405001,1.0070800781250003e-10,143.51005826793133,8317242158.119468
rb_g015_v2,rb_g015,test,q,3,silicon_die_lower,,,,112,"[0.8101871379, 0.909765053, 0.7895441378, 0.8569111025]",q03,0.7159587142220057,0.1022798163174294,9.613037109374995e-11,106.72790147556069,7447788935.754507
rb_g015_v2,rb_g015,test,q,4,silicon_die_upper,,,,80,"[0.2254268751, 0.2960386524, 0.6518588115, 0.7297075576]",q04,0.4840864121181011,0.0691552017311573,6.713867187500003e-11,88.06313212685706,7210247069.220878
rb_g015_v2,rb_g015,test,q,5,silicon_die_lower,,,,100,"[0.5263083124, 0.6009758564, 0.0579608669, 0.1345604455]",q05,0.6673179795499647,0.09533113993570926,8.583068847656244e-11,116.67413216027536,7774817974.717604
rb_g015_v2,rb_g015,test,q,6,silicon_die_upper,,,,100,"[0.1752248794, 0.2505713981, 0.150310102, 0.2242921724]",q06,0.73118839161818,0.10445548451688284,8.392333984375006e-11,131.1715395694987,8712574987.834364
rb_g015_v2,rb_g015,test,q,7,silicon_die_lower,,,,100,"[0.1476426861, 0.2241475269, 0.295335881, 0.3733114901]",q07,0.7843172134335108,0.11204531620478726,8.583068847656247e-11,131.4752650266587,9137957848.81397
rb_g015_v2,rb_g015,test,q,8,silicon_die_upper,,,,100,"[0.8406300239, 0.9211246655, 0.1374580425, 0.2096924884]",q08,0.7205215232295846,0.10293164617565495,8.392333984374991e-11,123.91835560581472,8585472462.977111
rb_g015_v2,rb_g015,test,q,9,silicon_die_lower,,,,80,"[0.7635174824, 0.8390726427, 0.2508154659, 0.3239415349]",q09,0.5254435176888714,0.07506335966983878,6.866455078125e-11,95.10200636830812,7652325861.168417
rb_g015_v3,rb_g015,test,k,0,silicon_die_upper,135.0,135.0,135.0,468,"[0.3189752664, 0.5178864978, 0.161652175, 0.3107075233]",k00,,,,,
rb_g015_v3,rb_g015,test,k,1,silicon_die_lower,150.0,150.0,150.0,484,"[0.7730285341, 0.9411005637, 0.1275069136, 0.3050189526]",k01,,,,,
rb_g015_v3,rb_g015,test,k,2,silicon_die_upper,400.0,400.0,400.0,224,"[0.2856206771, 0.3908322718, 0.4116804335, 0.5423809891]",k02,,,,,
rb_g015_v3,rb_g015,test,k,3,silicon_die_lower,20.0,20.0,20.0,216,"[0.227833103, 0.3644034618, 0.8759241614, 0.9726743499]",k03,,,,,
rb_g015_v3,rb_g015,test,k,4,silicon_die_upper,120.0,120.0,120.0,504,"[0.5838214515, 0.8100119038, 0.0336105421, 0.1807413448]",k04,,,,,
rb_g015_v3,rb_g015,test,q,0,silicon_die_upper,,,,80,"[0.2803501427, 0.3583735064, 0.2525264837, 0.3215416696]",q00,0.6256233846872713,0.08937476924103875,6.7138671875e-11,116.18328238960889,9318375940.651138
rb_g015_v3,rb_g015,test,q,1,silicon_die_lower,,,,120,"[0.2800288762, 0.3633703566, 0.1491067016, 0.2232152267]",q01,0.8922970770962255,0.1274710110137465,1.0299682617187493e-10,144.47080400124904,8663345369.567152
rb_g015_v3,rb_g015,test,q,2,silicon_die_upper,,,,120,"[0.321723727, 0.4121711287, 0.4045840111, 0.469114494]",q02,0.7782338696502012,0.11117626709288589,1.0070800781250003e-10,133.3365204234982,7727626497.181148
rb_g015_v3,rb_g015,test,q,3,silicon_die_lower,,,,112,"[0.8101871379, 0.909765053, 0.7895441378, 0.8569111025]",q03,0.7061885358951006,0.10088407655644294,9.613037109374995e-11,105.27146186646158,7346154268.0033865
rb_g015_v3,rb_g015,test,q,4,silicon_die_upper,,,,80,"[0.2254268751, 0.2960386524, 0.6518588115, 0.7297075576]",q04,0.5234968070971604,0.0747852581567372,6.713867187500003e-11,95.23251910681181,7797246988.618066
rb_g015_v3,rb_g015,test,q,5,silicon_die_lower,,,,100,"[0.5263083124, 0.6009758564, 0.0579608669, 0.1345604455]",q05,0.7508226426269786,0.1072603775181398,8.583068847656244e-11,131.27411956420727,8747717814.613636
rb_g015_v3,rb_g015,test,q,6,silicon_die_upper,,,,100,"[0.1752248794, 0.2505713981, 0.150310102, 0.2242921724]",q06,0.7832064058273032,0.11188662940390046,8.392333984375006e-11,140.50331109018472,9332402729.508745
rb_g015_v3,rb_g015,test,q,7,silicon_die_lower,,,,100,"[0.1476426861, 0.2241475269, 0.295335881, 0.3733114901]",q07,0.765678031705457,0.10938257595792243,8.583068847656247e-11,128.35077494075588,8920795641.928684
rb_g015_v3,rb_g015,test,q,8,silicon_die_upper,,,,100,"[0.8406300239, 0.9211246655, 0.1374580425, 0.2096924884]",q08,0.6683727365505998,0.09548181950722855,8.392333984374991e-11,114.94958550838194,7964086484.105483
rb_g015_v3,rb_g015,test,q,9,silicon_die_lower,,,,80,"[0.7635174824, 0.8390726427, 0.2508154659, 0.3239415349]",q09,0.5060805088637019,0.07229721555195742,6.866455078125e-11,91.59742228532158,7370331606.420348
rb_g015_v4,rb_g015,test,k,0,silicon_die_upper,140.0,140.0,140.0,468,"[0.3189752664, 0.5178864978, 0.161652175, 0.3107075233]",k00,,,,,
rb_g015_v4,rb_g015,test,k,1,silicon_die_lower,385.0,385.0,385.0,484,"[0.7730285341, 0.9411005637, 0.1275069136, 0.3050189526]",k01,,,,,
rb_g015_v4,rb_g015,test,k,2,silicon_die_upper,600.0,600.0,600.0,224,"[0.2856206771, 0.3908322718, 0.4116804335, 0.5423809891]",k02,,,,,
rb_g015_v4,rb_g015,test,k,3,silicon_die_lower,50.0,50.0,50.0,216,"[0.227833103, 0.3644034618, 0.8759241614, 0.9726743499]",k03,,,,,
rb_g015_v4,rb_g015,test,k,4,silicon_die_upper,135.0,135.0,135.0,504,"[0.5838214515, 0.8100119038, 0.0336105421, 0.1807413448]",k04,,,,,
rb_g015_v4,rb_g015,test,q,0,silicon_die_upper,,,,80,"[0.2803501427, 0.3583735064, 0.2525264837, 0.3215416696]",q00,1.4270013075169905,0.08648492772830245,6.7138671875e-11,265.0055927248667,21254535838.50761
rb_g015_v4,rb_g015,test,q,1,silicon_die_lower,,,,120,"[0.2800288762, 0.3633703566, 0.1491067016, 0.2232152267]",q01,1.9515495059067949,0.11827572763071484,1.0299682617187493e-10,315.97315894400293,18947666432.460415
rb_g015_v4,rb_g015,test,q,2,silicon_die_upper,,,,120,"[0.321723727, 0.4121711287, 0.4045840111, 0.469114494]",q02,1.7838513473668374,0.10811220287071742,1.0070800781250003e-10,305.6311744920232,17713103318.338337
rb_g015_v4,rb_g015,test,q,3,silicon_die_lower,,,,112,"[0.8101871379, 0.909765053, 0.7895441378, 0.8569111025]",q03,1.7759532001311513,0.10763352728067584,9.613037109374995e-11,264.7411846572345,18474423638.69765
rb_g015_v4,rb_g015,test,q,4,silicon_die_upper,,,,80,"[0.2254268751, 0.2960386524, 0.6518588115, 0.7297075576]",q04,1.3885263017012826,0.08415310919401713,6.713867187500003e-11,252.5953468375899,20681468115.52164
rb_g015_v4,rb_g015,test,q,5,silicon_die_lower,,,,100,"[0.5263083124, 0.6009758564, 0.0579608669, 0.1345604455]",q05,1.9226872868350986,0.11652650223243022,8.583068847656244e-11,336.1633845956989,22400930494.226685
rb_g015_v4,rb_g015,test,q,6,silicon_die_upper,,,,100,"[0.1752248794, 0.2505713981, 0.150310102, 0.2242921724]",q06,1.8307067838635311,0.11095192629475946,8.392333984375006e-11,328.4196386218096,21814036324.960052
rb_g015_v4,rb_g015,test,q,7,silicon_die_lower,,,,100,"[0.1476426861, 0.2241475269, 0.295335881, 0.3733114901]",q07,1.679710877277514,0.10180065922894024,8.583068847656247e-11,281.5702995876476,19570050142.801636
rb_g015_v4,rb_g015,test,q,8,silicon_die_upper,,,,100,"[0.8406300239, 0.9211246655, 0.1374580425, 0.2096924884]",q08,1.4998941072521523,0.09090267316679711,8.392333984374991e-11,257.9581669128224,17872192765.977665
rb_g015_v4,rb_g015,test,q,9,silicon_die_lower,,,,80,"[0.7635174824, 0.8390726427, 0.2508154659, 0.3239415349]",q09,1.240119282148645,0.07515874437264515,6.866455078125e-11,224.45387163039692,18060546061.087467
rb_g015_v5,rb_g015,test,k,0,silicon_die_upper,150.0,150.0,150.0,468,"[0.3189752664, 0.5178864978, 0.161652175, 0.3107075233]",k00,,,,,
rb_g015_v5,rb_g015,test,k,1,silicon_die_lower,400.0,400.0,400.0,484,"[0.7730285341, 0.9411005637, 0.1275069136, 0.3050189526]",k01,,,,,
rb_g015_v5,rb_g015,test,k,2,silicon_die_upper,20.0,20.0,20.0,224,"[0.2856206771, 0.3908322718, 0.4116804335, 0.5423809891]",k02,,,,,
rb_g015_v5,rb_g015,test,k,3,silicon_die_lower,120.0,120.0,120.0,216,"[0.227833103, 0.3644034618, 0.8759241614, 0.9726743499]",k03,,,,,
rb_g015_v5,rb_g015,test,k,4,silicon_die_upper,140.0,140.0,140.0,504,"[0.5838214515, 0.8100119038, 0.0336105421, 0.1807413448]",k04,,,,,
rb_g015_v5,rb_g015,test,q,0,silicon_die_upper,,,,80,"[0.2803501427, 0.3583735064, 0.2525264837, 0.3215416696]",q00,1.3067486768620067,0.07919688950678828,6.7138671875e-11,242.67371433373984,19463427565.188286
rb_g015_v5,rb_g015,test,q,1,silicon_die_lower,,,,120,"[0.2800288762, 0.3633703566, 0.1491067016, 0.2232152267]",q01,1.8465059234632912,0.11190944990686613,1.0299682617187493e-10,298.9656720875287,17927794400.013382
rb_g015_v5,rb_g015,test,q,2,silicon_die_upper,,,,120,"[0.321723727, 0.4121711287, 0.4045840111, 0.469114494]",q02,1.8481413886019036,0.11200856900617598,1.0070800781250003e-10,316.64612864715394,18351483945.971867
rb_g015_v5,rb_g015,test,q,3,silicon_die_lower,,,,112,"[0.8101871379, 0.909765053, 0.7895441378, 0.8569111025]",q03,1.9642025553095617,0.11904257910967041,9.613037109374995e-11,292.8034991918813,20432695026.153572
rb_g015_v5,rb_g015,test,q,4,silicon_die_upper,,,,80,"[0.2254268751, 0.2960386524, 0.6518588115, 0.7297075576]",q04,1.505112987773896,0.0912189689559937,6.713867187500003e-11,273.8043468897132,22417973810.625
rb_g015_v5,rb_g015,test,q,5,silicon_die_lower,,,,100,"[0.5263083124, 0.6009758564, 0.0579608669, 0.1345604455]",q05,1.9102983387171406,0.11577565689194791,8.583068847656244e-11,333.9972961426106,22256588786.874065
rb_g015_v5,rb_g015,test,q,6,silicon_die_upper,,,,100,"[0.1752248794, 0.2505713981, 0.150310102, 0.2242921724]",q06,1.689195761007808,0.10237550066713988,8.392333984375006e-11,303.033269053004,20127842435.165024
rb_g015_v5,rb_g015,test,q,7,silicon_die_lower,,,,100,"[0.1476426861, 0.2241475269, 0.295335881, 0.3733114901]",q07,1.5609783857776054,0.0946047506531882,8.583068847656247e-11,261.66714622079957,18186716353.834877
rb_g015_v5,rb_g015,test,q,8,silicon_die_upper,,,,100,"[0.8406300239, 0.9211246655, 0.1374580425, 0.2096924884]",q08,1.5125350112335052,0.09166878855960638,8.392333984374991e-11,260.13220333538334,18022817181.12711
rb_g015_v5,rb_g015,test,q,9,silicon_die_lower,,,,80,"[0.7635174824, 0.8390726427, 0.2508154659, 0.3239415349]",q09,1.356280971253283,0.08219884674262322,6.866455078125e-11,245.47841437396934,19752273273.790035
rb_g015_v6,rb_g015,test,k,0,silicon_die_upper,385.0,385.0,385.0,468,"[0.3189752664, 0.5178864978, 0.161652175, 0.3107075233]",k00,,,,,
rb_g015_v6,rb_g015,test,k,1,silicon_die_lower,600.0,600.0,600.0,484,"[0.7730285341, 0.9411005637, 0.1275069136, 0.3050189526]",k01,,,,,
rb_g015_v6,rb_g015,test,k,2,silicon_die_upper,50.0,50.0,50.0,224,"[0.2856206771, 0.3908322718, 0.4116804335, 0.5423809891]",k02,,,,,
rb_g015_v6,rb_g015,test,k,3,silicon_die_lower,135.0,135.0,135.0,216,"[0.227833103, 0.3644034618, 0.8759241614, 0.9726743499]",k03,,,,,
rb_g015_v6,rb_g015,test,k,4,silicon_die_upper,150.0,150.0,150.0,504,"[0.5838214515, 0.8100119038, 0.0336105421, 0.1807413448]",k04,,,,,
rb_g015_v6,rb_g015,test,q,0,silicon_die_upper,,,,80,"[0.2803501427, 0.3583735064, 0.2525264837, 0.3215416696]",q00,0.9667001214458879,0.07733600971567103,6.7138671875e-11,179.5239691242665,14398558899.790388
rb_g015_v6,rb_g015,test,q,1,silicon_die_lower,,,,120,"[0.2800288762, 0.3633703566, 0.1491067016, 0.2232152267]",q01,1.484964883575076,0.11879719068600608,1.0299682617187493e-10,240.4289738815058,14417579053.329813
rb_g015_v6,rb_g015,test,q,2,silicon_die_upper,,,,120,"[0.321723727, 0.4121711287, 0.4045840111, 0.469114494]",q02,1.5006317950945833,0.12005054360756666,1.0070800781250003e-10,257.1065457286191,14900818988.381603
rb_g015_v6,rb_g015,test,q,3,silicon_die_lower,,,,112,"[0.8101871379, 0.909765053, 0.7895441378, 0.8569111025]",q03,1.482413365568538,0.11859306924548305,9.613037109374995e-11,220.98322778063667,15420863861.253931
rb_g015_v6,rb_g015,test,q,4,silicon_die_upper,,,,80,"[0.2254268751, 0.2960386524, 0.6518588115, 0.7297075576]",q04,1.0395924299218298,0.08316739439374637,6.713867187500003e-11,189.11864333004942,15484256701.672047
rb_g015_v6,rb_g015,test,q,5,silicon_die_lower,,,,100,"[0.5263083124, 0.6009758564, 0.0579608669, 0.1345604455]",q05,1.2899107554612745,0.10319286043690197,8.583068847656244e-11,225.52849251738303,15028549559.095137
rb_g015_v6,rb_g015,test,q,6,silicon_die_upper,,,,100,"[0.1752248794, 0.2505713981, 0.150310102, 0.2242921724]",q06,1.2161836628330216,0.09729469302664173,8.392333984375006e-11,218.17726495907502,14491602277.713608
rb_g015_v6,rb_g015,test,q,7,silicon_die_lower,,,,100,"[0.1476426861, 0.2241475269, 0.295335881, 0.3733114901]",q07,1.232134248678977,0.09857073989431817,8.583068847656247e-11,206.54293201640203,14355404466.031195
rb_g015_v6,rb_g015,test,q,8,silicon_die_upper,,,,100,"[0.8406300239, 0.9211246655, 0.1374580425, 0.2096924884]",q08,1.2367084363822207,0.09893667491057766,8.392333984374991e-11,212.6943760311401,14736168015.771873
rb_g015_v6,rb_g015,test,q,9,silicon_die_lower,,,,80,"[0.7635174824, 0.8390726427, 0.2508154659, 0.3239415349]",q09,1.0507603010385904,0.08406082408308724,6.866455078125e-11,190.18107461001765,15302806019.747791
rb_g015_v7,rb_g015,test,k,0,silicon_die_upper,400.0,400.0,400.0,468,"[0.3189752664, 0.5178864978, 0.161652175, 0.3107075233]",k00,,,,,
rb_g015_v7,rb_g015,test,k,1,silicon_die_lower,20.0,20.0,20.0,484,"[0.7730285341, 0.9411005637, 0.1275069136, 0.3050189526]",k01,,,,,
rb_g015_v7,rb_g015,test,k,2,silicon_die_upper,120.0,120.0,120.0,224,"[0.2856206771, 0.3908322718, 0.4116804335, 0.5423809891]",k02,,,,,
rb_g015_v7,rb_g015,test,k,3,silicon_die_lower,140.0,140.0,140.0,216,"[0.227833103, 0.3644034618, 0.8759241614, 0.9726743499]",k03,,,,,
rb_g015_v7,rb_g015,test,k,4,silicon_die_upper,385.0,385.0,385.0,504,"[0.5838214515, 0.8100119038, 0.0336105421, 0.1807413448]",k04,,,,,
rb_g015_v7,rb_g015,test,q,0,silicon_die_upper,,,,80,"[0.2803501427, 0.3583735064, 0.2525264837, 0.3215416696]",q00,0.9576984730223748,0.07661587784178998,6.7138671875e-11,177.85229078493495,14264483438.180534
rb_g015_v7,rb_g015,test,q,1,silicon_die_lower,,,,120,"[0.2800288762, 0.3633703566, 0.1491067016, 0.2232152267]",q01,1.5126944364661834,0.12101555491729467,1.0299682617187493e-10,244.91863422401235,14686806309.370054
rb_g015_v7,rb_g015,test,q,2,silicon_die_upper,,,,120,"[0.321723727, 0.4121711287, 0.4045840111, 0.469114494]",q02,1.534388729265691,0.12275109834125529,1.0070800781250003e-10,262.89019550033066,15236015115.326712
rb_g015_v7,rb_g015,test,q,3,silicon_die_lower,,,,112,"[0.8101871379, 0.909765053, 0.7895441378, 0.8569111025]",q03,1.4800960000904977,0.11840768000723981,9.613037109374995e-11,220.63777831614917,15396757374.909668
rb_g015_v7,rb_g015,test,q,4,silicon_die_upper,,,,80,"[0.2254268751, 0.2960386524, 0.6518588115, 0.7297075576]",q04,1.0078206235140375,0.080625649881123,6.713867187500003e-11,183.3388389076197,15011030086.958166
rb_g015_v7,rb_g015,test,q,5,silicon_die_lower,,,,100,"[0.5263083124, 0.6009758564, 0.0579608669, 0.1345604455]",q05,1.24047577046155,0.099238061636924,8.583068847656244e-11,216.88526072990916,14452590238.749903
rb_g015_v7,rb_g015,test,q,6,silicon_die_upper,,,,100,"[0.1752248794, 0.2505713981, 0.150310102, 0.2242921724]",q06,1.1941400774275173,0.09553120619420138,8.392333984375006e-11,214.222756013887,14228938929.870857
rb_g015_v7,rb_g015,test,q,7,silicon_die_lower,,,,100,"[0.1476426861, 0.2241475269, 0.295335881, 0.3733114901]",q07,1.2472709113262128,0.09978167290609702,8.583068847656247e-11,209.0802940672136,14531759367.942171
rb_g015_v7,rb_g015,test,q,8,silicon_die_upper,,,,100,"[0.8406300239, 0.9211246655, 0.1374580425, 0.2096924884]",q08,1.2672345277873873,0.10137876222299098,8.392333984374991e-11,217.94438304417935,15099905820.558966
rb_g015_v7,rb_g015,test,q,9,silicon_die_lower,,,,80,"[0.7635174824, 0.8390726427, 0.2508154659, 0.3239415349]",q09,1.0581804506385466,0.08465443605108373,6.866455078125e-11,191.52407550498097,15410869780.677286
