sample_id,split_role,sobol_index,package_total_power_W,continuous_severity,top_h_W_m2K,bottom_h_W_m2K,source_count,k_region_count,total_source_volume_m3,mean_q_W_m3,max_q_W_m3,mean_local_k_W_mK,peak_deltaT_K,mean_deltaT_K,cv_rms_deltaT_K,top_heat_fraction,bottom_heat_fraction,energy_balance_relative_error,linear_residual,cg_iterations,minimum_support_nodes_per_region,coordinate_sha256,support_index_sha256
v6p1if_0000,test_iid,0,8.385022665401198,0.28428424522280693,1495.6905125122817,30.43439800704226,5,5,7.781982421874995e-10,10813391366.803596,17045261410.406647,148.84242537320915,68.91133964076266,53.20379446859323,53.30897618218996,0.9832877144023562,0.016712285619789456,-2.2145602504593056e-11,1.0385896259925954e-10,1392,14,991491619cb1b9c3f3f31b8fd8436e636c0c552f0499aedbb992a29feeb0365b,c8b99bbd3df8537147d5e3a5b5d02e5fc14e43e7ed565b969d2c24ca4fb52bc8
v6p1if_0001,train,1,9.200640811868421,0.788346080109477,754.3527877395179,150.44299798750217,10,6,2.162322998046874e-09,4267140684.4588647,5585922866.482342,127.14654371557505,124.5882426171089,98.32432223841342,100.08963141138098,0.9143678234033903,0.0856321766078205,-1.1210758075477294e-11,8.905600409170939e-11,1599,7,b7feb7a4e2afaddfd789ab67ba1ae1ae5ceb86adfd86dc1b1cb370e138fa4d11,12694db960cbb544645f6dc16eb831630be9138fb28d1a782909a1be5c342dab
v6p1if_0002,train,2,6.766268497914886,0.6618023598566651,599.1565540992694,91.56408623501018,3,3,6.945800781249999e-10,9735224546.268026,10466630487.84974,190.27652235591236,123.96849434778318,94.09867117288849,95.02387828724599,0.9139567134609768,0.08604328655933197,-2.0308776583216205e-11,9.768327082409573e-11,1813,32,27535ea827932dc380071aa2fd3cce9b191807216491c68229e442498216c37f,6a6b332427d3c1cc17b269b0c625432e7ac33b1e58f53c96628e69631e52dcdf
v6p1if_0003,train,3,4.549153404383811,0.15814539324492216,946.6215799796587,50.89770893705222,8,2,1.2212371826171863e-09,3789627515.4184656,5033844022.570748,44.47502727551493,51.831128434669836,43.65297474554717,43.79038217838819,0.9598870495091535,0.040112950491008645,-1.62122726955696e-13,8.258488042669011e-11,1370,16,5bf1148816523740a670f5b6bb0b2095f796a5526301b6b69633db705b277463,f9983c18324c88eadfd9306c16d154660ab149cb7865b4a8c0c64c692f987bd6
v6p1if_0004,train,4,3.0041756947730485,0.049714745953679085,798.0857482875081,67.74935213439834,4,2,5.55419921875e-10,5380393179.27979,6294743205.904572,173.9280667583093,42.89379367141919,33.07626752998973,33.26110520055786,0.9431396184196132,0.056860381613326176,-3.2939405116958696e-11,9.204286822048573e-11,1618,30,a87bea21f03a52a7f89dde137529f3ed7ed44d904023bc88892a6116291e90ba,56220a0af06bf168cfa4686f3254681ef2446e772a0241d48d32fc366970658f
v6p1if_0005,train,5,10.851472940019072,0.5534332543611526,1270.517946442578,38.6938782194574,7,2,1.3640594482421866e-09,7992386845.702741,10531136469.816385,159.8470185847518,99.94454810609864,79.77795526933427,80.01915073894982,0.976457948786323,0.023542051237506016,-2.3828945574012252e-11,9.812236579143597e-11,1424,17,c4a9a68ac46e6febc78f50e1fba88e87404bc77a4fb2bed6fbd5285d703e2a1d,c575e690be12c64e62774e78acd85ba815ebf7614c255b4880ecdb314979793c
v6p1if_0006,valid_iid,6,14.112746101896409,0.9261341160163283,1112.7616654393735,20.0307903937817,6,2,1.4458465576171866e-09,9719723879.714506,11277168571.569897,209.99710654386507,151.50171698892018,123.09690239987519,123.28091838467222,0.9842480684456008,0.015751931562505046,-8.105816240073124e-12,1.0244865170717614e-10,1587,27,bdf3f2c2b6d91e8e99a7130694986b466a16e6775665d4e2a0df88f80d25e381,8a95cc771eab27dd6178443034bee48e48fb22f8ae34e4a21e02114f37232aa2
v6p1if_0007,train,7,4.838334912664332,0.4218896823003888,567.1149018012876,128.50226615229073,9,4,1.4071655273437495e-09,3433461299.1948495,4665058833.820557,59.01784301943497,83.66193915955739,67.50293232624706,68.35301424283851,0.8873805564574382,0.11261944360420072,-6.163895030313689e-11,7.703580580361355e-11,1518,9,c68a19ef3f1b315242abaec8f9f588de95880c68eab9cf41360060c1032260e7,d6a74950d9ed043970a489f15983c9674f2d9577c5a326f95e865e4177687737
v6p1if_0008,train,8,6.668506245877248,0.3551804115995765,964.8868694389101,138.72799211443004,7,2,1.241149902343749e-09,5419420322.466232,6778581975.035641,80.88385562413954,73.74455431490043,56.88457707319794,57.77383261975499,0.9296013359762897,0.07039866402669741,-2.987060699250428e-12,1.0005431146128516e-10,1665,20,46bf3c63870fa9bd160714b07a9a75c40175453a4071917570f0b4a635aebe2b,7d4d951e87d82770c0346c70cf0aaf6272c9707cdfbce0a130625f142c539900
v6p1if_0009,train,9,8.762655253676797,0.8592956187203526,654.0276981808612,25.19666739335077,4,8,7.977294921874997e-10,10903370636.848732,12776254050.048656,110.51057853066824,153.87679305539598,126.65731546578816,126.82833729542405,0.9680135126188554,0.0319864873465533,3.459132650581544e-11,8.330616587628248e-11,1539,16,e2cc56705ef196cba0be39a8a16bd827fab48f7a1e772a5a12e8ad5c760eb7d9,038eae66bec5304238543f09b686677c8ecf719e7a3f6e47d2cfa731229e83cf
v6p1if_0010,train,10,8.102965098073241,0.7314473036676645,688.1075309944757,41.38736095432017,9,7,1.839370727539061e-09,4383344190.821877,5063896893.195586,92.47070725719232,122.66384661024802,106.33908391280968,106.6911610082826,0.9557822885880469,0.04421771143121554,-1.9262438744668876e-11,8.327249632482756e-11,1504,9,437d805f81a328eca6f2106514365437faf1df6058d0f23b0fe20eaa4a64c07b,52b5811294dd0bf4d9b94cab5d4ed9d6f3d158ea4d498dfb55fe16e29b2a51f8
v6p1if_0011,train,11,7.467265626713525,0.22790474444627762,1473.5788210562127,82.9294647600378,6,5,1.0253143310546872e-09,7370696187.597417,10873341297.690939,90.57086420405803,61.810682175749776,46.08560833052641,46.36318343637705,0.9619336248268329,0.0380663751668771,6.29008103507463e-12,1.0234754403385704e-10,1508,8,e20f5279394bd9a4cd231848cab4b7a17e15dd97b479f8ae51e3d1e98d793e95,312043eee4805d58dd8f4ee804ad7e37db05f3c241cded54f820a6194768e9ab
v6p1if_0012,train,12,2.5757158718278657,0.11941309366375208,517.2159805479884,62.31920173262563,10,5,1.478958129882812e-09,1789781072.6905894,2606162355.772,60.53773872550323,48.46568514326492,42.30053318484245,42.518704032784434,0.9204738056446998,0.07952619446388386,-1.0858368583447261e-10,8.110317674371821e-11,1447,7,f8eb89bd0cf69323ccb5d55a3b286a23054173b43f95f0f70438cb4aefc77edc,09653b6c54255996353148d4701828651cfdb60d1a5197052d1953e5da9a3d3a
v6p1if_0013,test_iid,13,10.46249813406492,0.6231392053887248,1096.5931988436041,97.96502053958582,5,5,9.552001953124992e-10,11041551684.544043,14966693450.66934,103.48235782762124,109.42146329419575,82.94217264178685,83.73005447861227,0.9481225708759147,0.051877429143460725,-1.9375440592336362e-11,9.346735963478442e-11,1587,14,52176ad3c425174b2cdfe2f8c6952ee55381b9469ea97131c7ecb25e7dec4665,1b70dc61106e3ee96917096543594d998f38284459a2e44a0a90d484a7e87190
v6p1if_0014,train,14,16.845424774837543,0.9970226474106312,1295.5501335136885,189.18765208604324,8,3,1.706008911132812e-09,9767684137.231699,12177915029.054554,170.77821765307002,154.53094770293671,107.6237004855258,110.2064532265746,0.9424589460321988,0.05754105397059331,-2.7921355554538588e-12,1.0639846019324715e-10,1704,17,5021df33b2f1217328e1cddcf7f45bccc1b5b63e50be436f8d0447419168b6c7,01cdfd487b2c4411c2e0b48a1ac2417fa340caeeec0c8031f712128ddf71f444
v6p1if_0015,valid_iid,15,7.470829951581692,0.4928468521684408,870.8889553565806,32.84689204262448,3,5,5.810546874999993e-10,12785155634.212748,14668669828.073706,175.58113963982618,97.11255992481779,79.83594379369646,79.99890617323085,0.9697141958450476,0.030285804149655263,5.297107409342499e-12,8.948257174739752e-11,1414,21,84f4b668e77178500cf8720a75ad62cec84fd420a45ca01520f8797f7bb4816a,4a544d0f080ab468d7cbf4f9bec7a1ff29c629281a114d7bb004f41c015002a2
v6p1if_0016,valid_iid,16,3.6245024939738624,0.0035301996394991875,1220.9018164869992,34.416520549873034,9,6,1.1001586914062492e-09,3343548925.948733,4919298542.328387,112.0008860118599,35.71463191993058,28.813064901346088,28.866402855802065,0.976294707958222,0.02370529205626052,-1.4482572945574907e-11,9.65012328149193e-11,1636,8,70671227efadda2d43f9b7a6fb59233f4a9659a5483402ea2b257cdfbaca0aa6,02d6d836ce63827ce51f0cc058f365754c715568c4698f3f5f0548d3898130f5
v6p1if_0017,train,17,7.335527468699299,0.5075767422094941,831.0205046872204,177.35435271408068,6,6,1.1383056640624993e-09,6531373078.373178,9389832986.395645,135.9305712239044,91.82165724916251,69.56381555469386,71.15297575039918,0.9181357940576221,0.08186420592609589,1.62819336787277e-11,9.252480818676142e-11,1467,13,6997cca120fcc6dadf966aa11b9d4e1ab89c93d678e4f32c86d7f576b521fc27,c0d181ef56d5acc13f6d8218c83bf770c6aadb916a9baff3215588193504bafc
v6p1if_0018,train,18,7.711826895992154,0.8800412397831678,543.8749572922429,108.33930010928266,7,5,1.580200195312499e-09,4907555993.131721,6124112014.907763,74.37562985494898,136.66687749796108,112.7212385837523,114.21166572518491,0.9004543197445534,0.09954568027643118,-2.0984549948590603e-11,8.358387850970829e-11,1472,15,912978032a2c2040897d6496e0c48c55de498383394bffbb9376a4426fc2b8c8,70ce039d9cbde71108036b3c80b18fe6bd3eb06c8480577fdca626a1f8e1e2e3
v6p1if_0019,test_iid,19,7.966895434809622,0.3764300160109997,1159.6928042530633,57.38010277338574,4,8,7.604980468749994e-10,10622807371.35666,12862768371.188105,153.97468091028645,86.6703797427013,63.109559204300005,63.38319439580946,0.9633171178693812,0.03668288216475213,-3.413336093762343e-11,9.668558771415981e-11,1538,12,3c3db9c9d583fda33699a7ed7883af3b30dc92a1847e142f0360600fca73e7df,07775fe5d194afb16a511c95e7e10f1e911473c664ee045b9d5f8f007671414b
v6p1if_0020,train,20,4.629009151159854,0.26799940038472414,731.431626165749,76.61437594799452,8,8,1.1856079101562495e-09,3972841591.3347654,6154499679.39285,84.64641448521746,68.90953138280065,54.04104288816897,54.44465827377486,0.9344202787305601,0.06557972124222843,2.72114669689355e-11,8.069335069624463e-11,1518,7,0d525cb20679246fddb3269f746c5274053662b05c20089fbbe504a5dff15d35,aebcd148e99f918e84c71c93db530c3aab7db56b1344d3508bee1d5bc4e827dc
v6p1if_0021,train,21,15.945330948020267,0.7716721063479781,1543.3832563962007,45.61556637066094,3,2,5.853271484374997e-10,27457320157.452717,34173294375.199577,36.64315695259651,139.10693609361772,98.91323628507234,99.22521895184731,0.9768649636013979,0.0231350363999848,-1.3826115163247846e-12,1.2224976412714607e-10,1646,28,1e98d64718475b86f83eb624324d9e15b9c0c8924c54fe2893a1087436622889,170a93bb9567758c00029000af997a19c6595d2a7b29ba91004061b48011c485
v6p1if_0022,train,22,9.298170493101455,0.6453648060560226,916.0212946269387,23.700629712828132,10,7,1.9993591308593737e-09,4660283533.685619,6731538045.892363,108.39233981119446,108.98419823676511,97.15434782557921,97.27304236562313,0.9781136394416421,0.02188636055106657,7.291379599244937e-12,8.882449051881539e-11,1590,10,6ac5ab7f79b54962dc488cb947a031d0663c94bd7e2fb7c05e86a59335c32437,46ca3c7890ad70b3d608245172703b03f0ef67c45f675dfc4dc7ce044aec01a5
v6p1if_0023,train,23,3.126831703889514,0.14113560505211353,618.7983052166184,144.8694296887582,5,5,7.809448242187492e-10,4034940688.2087145,5639695962.091002,191.32255917426872,49.43186249451077,39.43778757582351,40.04428500672236,0.8916074925777293,0.10839250749006471,-6.779403700091082e-11,8.257194211180752e-11,1458,20,9511bc2225f497d5ea8a5788514526a81ff8c2822d47544f820a914dc4bf21db,2a2e0721fd8632fcd111e5cbe7e8b367e991535e6b5a784ea44e26178355939a
v6p1if_0024,train,24,4.032322604937383,0.0734345093369484,1062.4240198467392,118.30771004434945,3,4,3.9276123046874965e-10,10039137240.661215,12852170724.949799,120.87855313434784,53.02888634153231,31.811728295888724,32.255054690708874,0.9407031938400258,0.059296806236157316,-7.618312477760382e-11,9.302163557070212e-11,1517,17,b49c52343c50c81e3632300bfe336aea267097439208fd00478597cdc9ae7597,531bf375e180abd9b068a143c1fad82d5ea8ad9db21fee8af83b8eabfba49152
v6p1if_0025,train,25,5.62485415359031,0.5775650087743998,533.5283260497924,22.15001183740336,8,2,1.6033172607421864e-09,3526124696.8597846,4404344226.771863,27.94128930073221,107.02650085151737,99.10966933082037,99.20731278211818,0.9651589561214711,0.03484104386279033,1.5738594137229617e-11,8.694126844552137e-11,1598,17,e6e2084de7571ef80dae0c10597b2697eb2e72629a935d43fd5c458ff3e608cf,22532c84f9565bc85290f8f7a0f486717df7bf528ab14e6d7ef9031a668b4a46
v6p1if_0026,train,26,11.568894625299684,0.9507084907963872,843.529795591258,36.27038863971181,5,2,1.1529541015624992e-09,9996153079.583668,11564600265.533777,157.76430604502912,155.03615497323904,127.63420917960062,127.9626382811898,0.966565680466707,0.03343431955284157,-1.954859622183285e-11,8.266598584493558e-11,1556,31,2487a2e59898451b093cb61edabe98142330763ea55be756367fd83052b9bd8b,c8ae553957fb86fbd2ce58474df776d15e52f5458dd5e750d984bb50b393c034
v6p1if_0027,train,27,9.873796221850096,0.4471201887354255,1338.2824078899253,70.98076028790805,10,7,1.6426086425781236e-09,6056810187.526316,9259164524.05265,87.64269977509532,79.5391244046109,65.98013629932078,66.36468857379423,0.9642491134339448,0.03575088658189289,-1.58377415081273e-11,1.0246941225230426e-10,1468,8,d9952f0ecda88c228e221effa608247bf479dc11cec623b7bbcb9c29042075ee,51bd06253ea0c06847e26dc52aff7ad63cb23b2bd7853d5156717e14bc6516bf
v6p1if_0028,test_iid,28,4.626576703828271,0.3386285062879324,627.8957030566017,53.14614501078683,6,6,8.91189575195312e-10,5253023670.328215,6129351883.634556,208.93724444806426,78.32138628616707,65.43763839166417,65.67762881774604,0.9388780720763881,0.06112192794094658,-1.7334645882322756e-11,9.45187318294197e-11,1766,8,c1ed1797ea2d78655b3817bbf07e6babbae34cd9d1b02e063e02389a7737d8f6,4f12bab533f391861aaf4a84e3831adb9f0a9b6841639e435a74bf1c1dc78159
v6p1if_0029,train,29,12.117199291347436,0.8424004204571247,1004.5088001965977,86.12014835763755,9,7,2.080154418945311e-09,5809195693.6240425,7137462255.977267,129.9156234219561,123.63419654166597,104.30966274317751,105.17373355218396,0.9483216344606368,0.051678365526807366,1.2555896383417004e-11,8.880089732798655e-11,1414,7,bfb2d447fb5421e626c3cf8d1d539b259621a4922a9b8124f877e3ef31a39fb5,585a91c7227e44d97a5af731bd040ba8fbf977193ab12ff885ae6149d82284fe
v6p1if_0030,valid_iid,30,14.088845494641287,0.715292009525001,1414.3216385518679,165.7983246309638,4,4,8.582305908203118e-10,16606264285.068743,20046048750.368526,163.40703797392155,113.92129474105911,81.0329418167433,83.0152277070704,0.9536676684171391,0.046332331576648046,6.212864831152211e-12,1.0355682211227417e-10,1422,19,24137b1a7bd4bb952a2cc1a58e7e8e035d324c64a8c1288a820d7814da39c0d0,0ce3ec8c094f0dda05c1f4d53ef73c5c2acae8cfcdc726870d16f290e0a32a64
v6p1if_0031,train,31,4.090136949367366,0.21110098157078028,717.3705205098906,28.11428262329533,7,6,1.1540222167968753e-09,3603760351.4075165,4822355558.55737,101.60205707575973,62.236635935118045,54.32547792463454,54.385658115607804,0.9669058929430943,0.03309410707947454,-2.2568829735405048e-11,9.126709644297701e-11,1668,15,cf634a51b8ccb54656588ffdbbfcc2cc383ba9a03584959d0a65724d5e909a36,d7f1e916c470687c793e444ea953c642e9f510f1c8a46eab7ae8820c605a4c92
v6p1if_0032,train,32,13.635239246322573,0.5948028350248933,1596.1090708283768,40.35533119670005,4,4,8.233642578124997e-10,17180048479.451424,21443458251.757084,178.5338642225206,123.87035325904935,82.62262235331558,82.98406742186904,0.9794193287104105,0.020580671285068904,4.520584358423005e-12,1.0972899985828934e-10,1582,16,b6d8e7a69ef3bcc5e8bd1b40a4d2c43010e302b2b9f62e977e8afaec9f5798f7,6474207295489b30d9e8c7b820af34d4669ab7bfb0a00718c643548ca64211af
v6p1if_0033,train,33,3.2287211435032925,0.0989252282306552,735.2230703751577,63.795782661386916,7,7,9.791564941406244e-10,3285617202.1181636,4037239193.9181213,72.65508008865876,46.991272196283546,38.41750577577758,38.669881668218004,0.9450560047143934,0.05494399533967504,-5.406850786019154e-11,9.059597340840872e-11,1523,10,03e6e6be70129a58251b97efc920b30ec0a62e88be0e34e37857372e4fdcae72,eb75c150b5b2f3ab5f664c0d383d0a9e85288f71fed0c1dd16c27f469f2de63a
v6p1if_0034,train,34,5.475073759608734,0.47622327134013176,603.9047330464571,122.51020875054031,6,5,1.1363220214843741e-09,4834430633.704078,5868544228.877421,166.2687944346301,87.14207093715885,71.0932432181854,72.23840670693508,0.904672491386222,0.09532750858239762,3.138046193958398e-11,8.046669502427538e-11,1374,10,ddd4f9a8b8a3feeee15f6fc0bcbffb8ac1c5de4afb36dd7123dc53097c269193,8e3ee3887d95bf94d7c0ae4d700af43dd52a38ccc9e0be8ff5481f261b762ee0
v6p1if_0035,train,35,12.427003582828611,0.9726268630474806,903.182073365964,21.390192905868673,9,5,1.945266723632811e-09,6395401490.703732,8456067675.265293,59.62258198889485,151.41780484730543,134.54422245218112,134.63410268094088,0.9785441160088149,0.0214558840150168,-2.383170269337392e-11,9.400298934235427e-11,1666,14,8c64f74fd87109b09f45b9b56403a6a44c09a2ca4f4a1e8e26117cf47dbf20df,ad3662a0ada27f741a3988ca3739a08db25268586a09c1c0da1b61db783d15d2
v6p1if_0036,train,36,10.32965716500226,0.8602332239970565,804.617423371829,159.75119052260249,5,3,1.1383056640624993e-09,9253166448.470304,13248930820.51469,205.96497706257279,136.3190917301207,101.28428243389017,103.24472723039337,0.9116644700355658,0.08833552995967565,4.758468482862631e-12,8.775349096992206e-11,1567,23,77c1e2f54fd7501c9a1123fa9cf8d4a27324f867ddead92d706216022233e041,086a37450bfac1a3936cf7c908247a2284d3769b245dfc2e5d72935e8c55d36c
v6p1if_0037,test_iid,37,8.101956492136228,0.36401229072362185,1213.3667266854848,29.17850728851919,10,2,1.6033935546874992e-09,5076426410.059987,7367204414.966568,38.951267976325596,77.55304966493344,64.84019288983212,64.94615747070492,0.9796325436610833,0.020367456347015006,-8.098351025325523e-12,1.0085346176399324e-10,1667,11,a009591b4ada364ed7a3c9e07d4355ec8dbf2e5f8c854bb75ff55f0f96050ee8,352922f3b0aa279ccd1525eeca89ccd9f50cdad0b1dad1253ca772637d1713b1
v6p1if_0038,train,38,6.449902778260912,0.24055513925850391,1187.0810649051882,47.659146283213026,3,2,5.094909667968746e-10,12746106814.794096,16451081159.064112,156.31283791736465,69.0494413481079,50.24835675315279,50.4610304322357,0.9705767558820473,0.02942324413832341,-2.037064467983744e-11,1.0023069334521899e-10,1563,32,d16b7487489d54e391a130a3f07a4fcc21524f971302f914ed154048e9f10834,4618aab39001eb9955473d066046b3cf6801cd2a5133be580aa034e8de224aa8
v6p1if_0039,valid_iid,39,6.844275123269929,0.7363712638616562,552.3263938098181,96.03515664518201,8,7,1.7302703857421862e-09,3996763799.2384157,5817240993.765482,104.07809723946833,119.40725854442354,100.53599780671105,101.48028239666246,0.9029990862839427,0.09700091372645506,-1.0397670672296945e-11,8.222533636767923e-11,1486,9,bf0634688a24c33eff5176974aca55228bd51cdc80f12b4f2919503400e5f1b4,1e35d80caef7a5cedea3d50e435c2df202d85cfd977477978689b69240fe8d90
v6p1if_0040,valid_iid,40,9.050600856268154,0.5407600346952677,1029.4030842979314,104.62272928569149,10,8,1.7594909667968745e-09,5189976590.376947,7704777833.388858,215.79481891744945,89.96397983259072,73.88195779682259,74.76252305483914,0.9440073476554647,0.05599265235269567,-8.160308968094267e-12,9.509441116028998e-11,1467,7,fa5f352a4828aac2c7122ea7d833633203545c0e7402f50cb46017643bdf2dcc,3d8d6d0add9b255d267b0f21fc5302697bd939e19e62172c9d3c887aa9d2009e
v6p1if_0041,train,41,2.4771080816138094,0.04481372982263565,636.9275907896115,59.41844368349023,5,6,6.972503662109369e-10,3605205630.1003733,6086433191.631458,49.157527309807875,42.554257501532675,34.37204135272981,34.54407566580226,0.9377917503550007,0.06220824966848407,-2.348480882432061e-11,8.407647354493368e-11,1690,10,9a42c9ae673751e0e5f261d2f038e8e33f7afe1a31bae1dbdb890ef2b8888fba,ff3ea6153a67fcb9c520358db156c8d86e82f49e139ec066630f5cec7f1e5025
v6p1if_0042,train,42,5.665983172082354,0.4209292521700263,693.7884013574514,30.932749666858374,8,3,1.4794158935546868e-09,3924947272.2136326,5135589964.073771,211.48135015516752,88.10626839239478,75.87273596699123,76.02306035371852,0.9644678101400396,0.035532189844913374,1.5047103476260457e-11,8.297254610933629e-11,1479,14,53c0930fce092aac87810386c5b44154e058b4e0a5a4bf89f90d4fc9619c9fea,d4515c017ac4b5f9fe7411d5fe31097025e8f25913978c82612ac15fca101f12
v6p1if_0043,train,43,16.86494513788802,0.9173251809552312,1407.1935363530258,197.32872794683746,3,4,6.066894531249998e-10,27789620910.07934,29280423763.966232,107.16347388787021,160.74768526114883,97.94036292498555,100.01141444863049,0.9388018594885661,0.06119814051849854,-7.064583072054621e-12,1.1485120617971938e-10,1586,32,c5f83d232f72de26f3993b2e4898b51c2fa197babc2c889953ec24c37ffa3fb9,7d7e6ebf24c12300f7545f3feca10fa067ec4ad053afcd8eab540743f360b308
v6p1if_0044,train,44,6.977474933633666,0.8049926050007343,521.2778087852579,26.42923824869303,7,3,1.4601135253906238e-09,4795498091.479425,6298817158.751255,38.37060259597836,137.01714232166086,124.40808389799864,124.5385871652043,0.9577380545693873,0.04226194539788839,3.272425745182781e-11,8.458319084746241e-11,1677,8,e9a2e59a7e8db9b2b7f82909c45bd43bb847a6dbbc83c489538215c0076cf1b2,3e33523fca1a84570b7bca600738fd80d0e97a50cceb92245bc4030e4f187af8
v6p1if_0045,train,45,6.593363055369857,0.30865720473229885,1046.345963332137,129.91280497147594,4,6,6.56509399414062e-10,10412648806.446842,15848778874.170746,118.82764217806714,69.80923014518754,52.357825206665524,53.12690692380589,0.9384509528352758,0.06154904717855339,-1.3829168645439838e-11,9.384030682624831e-11,1465,16,27dc644bb7fafb3879a8553d20ad349bfbc3418e49a42bb4fae6dc546df485ac,f796b06a35eaffc299bbcbba87da450d8e7f83eb622e20ba6b8a55a8c9efe254
v6p1if_0046,test_iid,46,6.527666022764057,0.1865047076717019,1382.4334493649742,79.51454438202435,9,2,1.3979339599609366e-09,4708992184.69195,5826556481.880463,74.72362542712546,52.8291807235118,41.384789976518014,41.787534869657364,0.9660835269224475,0.033916473066241674,1.1310865189368485e-11,9.033585409809658e-11,1282,14,d28df40967f48ac79056beaef8527e01703b4021ebd1a787f103bf077dfa996d,bc472d4416652ce4e575b27d8870134094c598b2009fae4abff02c492efed05f
v6p1if_0047,train,47,9.102378572539834,0.6822674004361033,848.8642749667226,43.9518130674801,6,4,1.284255981445312e-09,7214675092.661433,10639630985.777338,140.80652407073646,125.46218037814964,100.12575911712085,100.42189999490205,0.959728107634713,0.0402718923653657,-7.86344776007399e-14,1.0177832577236857e-10,1766,15,d8947ff469952dd4455e90b1c3f9f4c4ed0e0780c6fb34d9f84866d2a45a257b,96810201686fd0c26f85acab030bdc0a984388c1eb589c4d38c50b173a52c0a9
v6p1if_0048,train,48,14.063852632139435,0.8140487354248762,1252.7017244857288,46.152234640744545,8,8,1.6100311279296872e-09,8888359011.357164,11346649120.204538,56.90750155560207,120.9610341937015,103.29639411616964,103.64693895750513,0.9724015640701287,0.027598435914923405,1.4947955033193953e-11,9.615134623370104e-11,1353,8,7251f532bade3c9c7be078b1bd9a67a01f31fe71a968ffe370fb9541f8a635b8,b71c5c6bb33245988e5bb33d6279139e7796fd7f844ee2ac489f673dfb20f6cd
v6p1if_0049,test_iid,49,5.30532302596358,0.31815583631396294,778.8823214145156,74.36761151353379,3,2,5.236053466796875e-10,10125497133.776896,11598756598.999172,144.59333588620692,80.77130421280418,59.46894689935963,59.917670973861355,0.9413033453440545,0.05869665464582302,1.0122566682508317e-11,9.010510339777139e-11,1673,40,28cae833abf1a10f22645619aad1eae1e16c3e70db370be1b3cfbf92634c57f2,0387f830c9291b20ba93925b3ff5ea3c82cfe56efd65c52bc290c02eab15b344
v6p1if_0050,train,50,3.2967245445828928,0.19446208607405424,570.0584976633722,143.97949477824824,10,5,1.5842437744140615e-09,2115151651.9028034,2904905111.0100923,77.43273781169397,55.751085430599915,45.143159871709265,45.90687461712593,0.8883389414589916,0.11166105857570519,-3.469676221279161e-11,9.266939898709542e-11,1728,9,f0c4384b9357a420144190cf1de1722202774c3f070724782721af16e282d04e,e04e34ca7e683baa2c0cab312a751adfc5bf0f59919d0b501407ab11aae14e55
v6p1if_0051,train,51,11.679231232012844,0.6909114206209779,1150.768775004636,24.27764676287191,5,8,9.336853027343742e-10,12473816252.92382,16541767008.162384,139.3066491318899,120.32072288604036,98.01910432879689,98.10313469882503,0.9814954741207175,0.018504525889870064,-1.0587481352509578e-11,9.247380884890787e-11,1462,11,38011f6a821d4a121c503685e289bb1be2604d20b2f446ce24b51749a78b064a,c5e5108c72e435cfa955f3bcfdd269541d035bcda832a74fa1f7a3f0e51d2a28
v6p1if_0052,valid_iid,52,7.4938754106332865,0.578517809510231,766.0665774007678,182.69768546182203,9,5,1.7782592773437493e-09,4275584713.491478,5874176691.484326,200.81038515548082,96.8741776376043,75.35510627656744,76.94849858041813,0.9005335188316266,0.09946648117912725,-1.0753786556087284e-11,8.60270757538258e-11,1526,9,b5c6b9b8209223cb7663200ae2899835fc4e6d379f08e7f463041f1caecd9823,5c9f6868fd04c1ed878df3e9cb464050083846ac64b96304be7b67eeb9aba9b3
v6p1if_0053,train,53,5.513785080311952,0.08225107379257679,1531.031087656019,34.01370926908334,6,7,8.828735351562498e-10,6120703108.898948,7967976000.588957,122.2114606073018,44.697649531631555,34.61203921685171,34.6894390082447,0.9817407802872385,0.018259219732867295,-2.0105829836173806e-11,1.0404047304903357e-10,1457,12,59eac4c5629581da19589796cfd0f81135eb9ac3500eda816db640b3719bd239,31ce681c2997c454bf4fb9e6318f2855a96d88b6e9e4260dff12ad0339157a06
v6p1if_0054,train,54,7.60347930622301,0.4597857790067792,940.7897941028061,56.01104626802387,7,3,1.208496093749999e-09,6321453419.722211,7460171776.755287,162.22529109978052,86.99868719207433,71.62664686314726,72.05839322724108,0.9605873140944203,0.03941268593311699,-2.7537373136868663e-11,9.858661110120057e-11,1556,12,9e918d250b67956f83f122d78bddea19eb878f8f9937dd620716495b85533afe,bb579dc328e361bc5405ed48a7f1735fed8b42f8b4fb42c8e3f9678dd150e3c3
v6p1if_0055,train,55,8.641094944053062,0.9556171363219619,580.1139213826498,108.9981834561669,4,4,8.630371093749994e-10,9998567604.7767,12275058601.52494,110.94304028241422,153.90701817491225,121.65719074126771,122.86936408922044,0.8979647658103204,0.10203523418085098,8.82867503716425e-12,8.638006307946678e-11,1682,18,18b43d0865203e44e19acbec6de0b002d6ffe35fa2dd8313102d7c01f535cdd8,8b28cf308632a00d85b8a9031b8530d69158ba732453d2be7be8257ed8839322
v6p1if_0056,train,56,11.978808632558454,0.7590140821412206,1091.0736352610434,88.22453331716808,6,4,1.3031005859374992e-09,9344275729.767012,11139481732.458067,183.0184799502512,120.54417180340641,95.53236615836917,96.32583561020573,0.9504122526682562,0.04958774733558845,-3.8447380823287085e-12,9.821999454466994e-11,1583,18,5991fcb9298a1e0b31fd3b8002245ab55caa37a5334d640783d6a22f70a0b6d0,886ab93805721a220c53d23080967ec0c5eb6fd796e26d60f6052ff73b13176d
v6p1if_0057,train,57,3.3981926217048657,0.26308306958526373,500.21011645951165,52.82433757207217,9,4,1.5060424804687492e-09,2254901881.476289,2790179736.243008,95.03411083199987,68.06171400065631,59.154336178205995,59.425196295166984,0.9291370132155751,0.07086298678954395,-5.119037054897954e-12,7.489459217742848e-11,1508,10,50f7a5fd32dd3197afad467b1a15b135182c60a8aec791b1fd49b1529a4c2932,b46c1da8ddd957272055856e6176427d68db060dc086d8a903b7b4dd84c8debd
v6p1if_0058,train,58,4.133197745391234,0.14019037038087845,883.4101012648331,27.292256524847076,4,3,6.664276123046874e-10,6068715526.570066,8240075808.571934,87.65344854804152,58.937058486458,44.225507321747465,44.31408142774815,0.9745659352086762,0.0254340648184692,-2.714541029620418e-11,8.970343483143395e-11,1455,20,8c07ae6d970ef258b26cd3065c4fbb297c707bc1b64f877b299a7f6335b47f8f,192fec32d6674cefa02d780a00de3ce0c8b97d9e280834c2b395426f6c997007
v6p1if_0059,test_iid,59,12.348000411617424,0.6365405563265085,1327.6659297796164,167.7634005732926,7,7,1.2484741210937492e-09,10050909070.315496,13600224609.244114,86.11375716702415,107.29690317350355,78.25321879925674,79.5717156421414,0.93871523862457,0.061284761371897964,3.532096931682005e-12,1.0777589586782508e-10,1659,7,be57395ca7a0f47356213129424fcb7f2578456802d8af8cdd3be613f6de7e23,e42688c4f1ee954c7d7dd46d5dec2196179306ad2fda11cc5350bc95448aa1fc
v6p1if_0060,train,60,6.229259443149793,0.5242079524323344,658.1709195132273,22.286764894341125,3,3,5.308532714843745e-10,11481177087.79616,13394439486.932425,173.3089509277776,105.39256902208291,88.99943048557591,89.0915254614358,0.9711017560279657,0.02889824395477377,1.7260522128842687e-11,8.819842106778001e-11,1439,28,65d125125aa094376547c03781a0c5b0b5e6e796c0c76c80c3c3755ad089f530,fdab53f3c912aa3ac594f23250e3b1160309724c727f2021f8997020de683a6f
v6p1if_0061,train,61,3.348077555214468,0.027918354608118534,996.7081412447476,115.49465107473766,8,7,1.2509918212890612e-09,2745146018.2940025,3776354149.9558573,119.71437184485409,37.35737790371218,28.698547233572295,29.026266706358626,0.9369568092608347,0.06304319075146395,-1.229861853984962e-11,8.72129604073815e-11,1586,8,e0c6ef9b56fb6692b5a6b5d6203644245a4650ae66c6e74c624625ec7a9b05ba,67b2ad9f4ca9f9c6b25d1af0faed0ca8b6314e149dc8c6c64e7968a6edbb4376
v6p1if_0062,train,62,9.91838922036901,0.40477401576936245,1451.2623822922021,70.15596723246637,5,5,8.975982666015621e-10,10923863384.074469,15373569301.480507,133.0082466720663,84.27934569013405,62.01918772149596,62.498769601721584,0.9690772752177312,0.03092272478323306,-9.642599227392618e-13,1.0566612791524039e-10,1587,17,b217fbf688fad9dee19295016886a02cbd0260a03cc5adcb229c1786c4ec046f,d1bb45d9b8a9a62e7a766e7d7520821f69826ede04d51ea389c1f81e1fd61b99
v6p1if_0063,valid_iid,63,9.27809989623568,0.9005214758217335,672.31497661758,37.366529241290756,10,7,2.2637176513671862e-09,4171750658.302109,6089201392.164985,78.89038643876577,140.81560245124018,126.28440945438038,126.55944172146533,0.9570422374915554,0.042957762501709164,6.73550386374534e-12,8.312404471122198e-11,1493,8,406ea6c89881790b16c86dd6173172b435e2e30dc229d009af35bc81fe6a389d,395f1c14ef761275f65f84067e08a110f48f623c26c8963c1495274a0ffaf253
v6p1if_0064,train,64,10.062987980102001,0.44112903997302055,1385.1424877039617,82.82141767731765,4,5,6.374359130859372e-10,16046970721.88752,22779294913.596924,114.90974304530195,89.23301688577078,64.09629043804108,64.63073404258013,0.9627943972161124,0.03720560279031224,-6.424561497360735e-12,1.0519530195963897e-10,1484,10,ac04f9cb5263804c457f642eb6cb517c75d624266d72aa2874bf3e59277720b3,273d5e3d16650ae47a6a7943ad0cdf54b7592cb0604e1e983613262cff852615
v6p1if_0065,train,65,10.006110810009606,0.9452211540192366,705.9357759097581,42.19616296904955,7,5,1.501998901367187e-09,6725965963.346433,10874810830.718098,136.64907902022537,157.6326717664278,129.00894228863712,129.46958389665926,0.9564317922491385,0.0435682077596122,-8.75071514592221e-12,8.780398057602708e-11,1645,13,8b1854a7998eb9ef37c9b042386f30f6b828dc50e0484769aa30e15090a602c7,bf0d8ff42762d813c695842fe34eeb73ec55368b2703ea56e0a803c192a0dcb1
v6p1if_0066,test_iid,66,6.427166878915591,0.5673970067873597,641.1691249716498,25.37353266953447,6,5,1.0729217529296874e-09,6000619327.3296995,8950576162.331438,155.74168685664748,111.25894269586644,94.58053572244772,94.70279489671911,0.9669396706285923,0.03306032930524049,6.616720281837399e-11,8.542523634907107e-11,1640,14,d98d5ae858320835abd75f71eed2e845384b4dfedbb12e8da0a21d6849449455,9e828731b819362ae19644c4e7d3dba360d3afa33e707ef59f459144a3304575
v6p1if_0067,train,67,3.8022548903309574,0.06383087765425444,1020.7085931298008,135.3156907424168,9,8,1.4330291748046868e-09,2681600232.6007023,3781268437.731385,92.07709686326135,38.37338565135383,30.73781514319182,31.127652065839502,0.9305122723005493,0.06948772772456868,-2.5118061022607862e-11,9.183374026679559e-11,1349,6,064307319100697508c9d33c16705bd2a2a6d401e75c90280d4d5c817ae6350a,0c7e283213841147d02a221f7974ff8fd4bd62e8e51200411250a4e0e68dd764
v6p1if_0068,valid_iid,68,4.667714753430422,0.20533871836960316,860.5431753742088,32.20109134756908,5,8,7.452392578125e-10,6494716684.044519,8251210723.002546,161.76301035851546,64.0203374161851,51.27062139764133,51.372319025594464,0.9691483899883202,0.030851610016402332,-4.7225537183657934e-12,9.365257026777322e-11,1707,8,16b0292d0b054675009c59094badb4aae18540c5498bde3a688d73d954c0d56a,77afcdee04109d985509590a3761f07e3fdaffe4c5148e1c552e7d5a626faaa2
v6p1if_0069,train,69,13.571862476895898,0.7090875059366226,1359.610095368923,189.55303485124247,10,7,2.1607971191406233e-09,6316518497.870291,8030742385.376914,79.8089749859604,110.34696214621653,81.89044120768484,83.6621770119793,0.9430152652254922,0.0569847347816823,-7.1744758921249425e-12,1.0413071312365788e-10,1526,6,06ef72d56f7bf7876fe4d3e04f35ccebada5ea600468eb294d4af97e87575cdb,e35a90daf7c872a1cd7c3aa68d1849a3991dd7e02f53e23beda8cb444734cd43
v6p1if_0070,train,70,12.362454390082075,0.8329495852813125,1041.3443834963125,100.50006843138638,3,7,5.566406249999996e-10,22538518924.271088,26468925022.620808,144.65340332818616,146.90641718304215,101.28275795676448,102.55425477553352,0.9478572370177207,0.05214276296922302,1.3056270939092018e-11,9.4757182361863e-11,1501,14,ef65f4348cb90e1fa472f27742263d677a297e106d110773416c81fa74ffe6d3,39082838825422e1effa00820171cca33bcc42e3257822410030d6d7972d362e
v6p1if_0071,train,71,3.9544717963765845,0.32879598904401064,525.1958302933044,61.854772161515946,8,8,1.3510131835937494e-09,2953696929.496855,3635788960.8140774,87.04945559343894,73.65364367872587,64.57932303941237,64.8888880625331,0.9218128947108931,0.07818710526400646,2.510045602508827e-11,8.559005550893196e-11,1559,8,b06bc6b885495a83f51e004ce3b3a9821b74c1657bb3d99fa7008e82fe89121b,966a3d49849f1db4b44876661e7bea0be91fc98f6e0a0e7563da0465f93fe64b
v6p1if_0072,valid_iid,72,6.625141131748906,0.3858350208029151,901.9961453160371,49.169983373004484,10,6,1.7527008056640613e-09,3889377354.172979,4998543925.245585,88.43112782790945,79.32722209695493,67.18771184457263,67.4273315889891,0.9596987656113505,0.040301234376560864,1.2088604883463877e-11,8.758093310648183e-11,1630,7,c3cfc044d9ba1ae41171af0a5c331e3954e1076e30a2404bf7100e73e03bfeda,d4dd97811cf1acf3252b6983742d1918a6f392fb61624913113a6def623de41a
v6p1if_0073,train,73,8.474603680586496,0.8899194719269872,606.3329399033129,93.08591165011177,5,5,1.0985565185546865e-09,7790385641.836406,9338735625.642532,112.8275250440249,138.5558690468671,115.53999130058601,116.71825886843713,0.9169987240724855,0.08300127593311585,-5.6013010699151085e-12,9.12800114739829e-11,1535,17,15a2c42bf1de57ad7309c33bd8d4ff8a96d215c87217a91bbf6a8fe9d3dc05f0,29ef01bfd6a26006c14506a18b6785ffa81fc4f117139a5707d548b664f7b8d4
v6p1if_0074,train,74,6.7624675555922416,0.5133542064577341,742.8581547257752,154.84526841187812,8,8,1.4482116699218741e-09,4659691328.73022,5862137448.618293,130.65932971425192,92.03285620619005,71.87321639937956,73.24039841006964,0.9106016515943434,0.08939834842480826,-1.915166479712492e-11,8.738842715604133e-11,1540,10,ebd76cb1c582fa4d9fbb2732c2806166850f25003efdabc7975853d57b9753d4,55cb67bb03af31b99b80b4500cea6859d287fe5d6b9d20fdfd6a202143765344
v6p1if_0075,train,75,4.5270759034694485,0.009719379246234894,1575.0028569337858,30.103499394331124,3,3,4.330444335937495e-10,10352937472.317263,12211226732.227007,186.89245049767123,40.10068509351015,27.82538421819379,27.88349925563507,0.9835660977344618,0.01643390227063315,-5.094923494327978e-12,1.0710798286555866e-10,1493,31,04d4f747c5856cc2904d8f860359b6bc034117e398c2c6fe1b86d18e33ab7946,cfa25c3d409eae58bc270695f823ecd8fbc6b612fcd3e59d875e94357c0e6dfa
v6p1if_0076,train,76,2.928389685138103,0.15128828678280115,552.8170743137875,126.4649983142343,7,2,9.95254516601562e-10,2959155746.7444158,4662421365.056144,56.01187439042026,52.107303531293724,41.27795775641721,41.842724517139736,0.8871698441215663,0.1128301559350468,-5.6613081317884e-11,7.684767389263826e-11,1462,22,11ebc11401770f8c9164f0c9ff28a17e306c82081152135a91644f446e0fac0b,5f5f734d4675d9e86365083b5e14de716ae2756a352f5a837920ad99fde66ead
v6p1if_0077,train,77,11.504212687707092,0.6549836425110698,1183.8389855885414,20.72165253827475,4,5,8.483886718749995e-10,13935596590.479774,19671792353.584858,117.78125609104188,125.18254232747415,95.73755073106832,95.85299452356809,0.9842721467801013,0.015727853218682468,1.2162189242155297e-12,1.0186929163098318e-10,1622,19,c9e66c7456cd6ebdb38b293aa314c523dbdeaf51029f50b3f7044eb5951b3100,390e660aef304bb41effad1fa1317c3e37e64a6a052e05e769574bdb668b0183
v6p1if_0078,test_iid,78,13.154356450705345,0.7777089662849903,1201.0663270285374,39.094034504568526,9,6,1.8822479248046865e-09,6902542370.512595,9144478694.27972,101.1356344563552,125.66263829776182,103.47577448858895,103.80131172295,0.9748801723360503,0.025119827664620745,-6.710658034108935e-13,1.026580235522836e-10,1718,12,357e03a1767534f38be8e86c7db36b10c1542e40dc358d5e57234603016fdc98,5d6b07fafb863bc74b995ae73c58f129421ac644d9b4395dcd27e43fc3beaf43
v6p1if_0079,train,79,5.087270833396725,0.27344090305268764,814.1273889529423,65.85517436820341,6,6,9.853363037109368e-10,5190562537.825885,6770932846.145047,115.55579539333338,65.34677629710586,54.94067370087347,55.217131038793866,0.945779516913026,0.05422048307787259,9.101467311987408e-12,8.402100394231202e-11,1371,12,89dfd0ab102f9c941bb8dbfd149d4bb5af7780fa02f0d9cad0b5d607ee2f932e,e8149e49e73c5dba7be494bc6eddd034bf1279dd5b9785fe5ca867e96e05be46
v6p1if_0080,train,80,6.750575841705073,0.2218679143115878,1316.4479083024337,72.41940014600111,8,5,1.2395477294921863e-09,5446246331.84366,6724616985.024897,90.98026368758966,64.27050826360806,46.274037268878125,46.62150773628872,0.9635944102746415,0.03640558973718952,-1.183103221542961e-11,1.0110125825019105e-10,1596,7,cbc72980a6228da9a0d6280303490c931fa718b81bbc7236e9be5c955db68d13,203e00606362e168e9acf59caf9f9ef9a4b80c72311191bf7623df4f29a7d96d
v6p1if_0081,train,81,9.869877167310307,0.7260057711973786,889.2940546669375,36.19801081081431,3,8,5.815887451171873e-10,16963047585.884523,17172298130.781425,90.96116920247559,131.2453522996003,102.65401585655361,102.91797265437893,0.968821847404953,0.031178152613956137,-1.8909144436799795e-11,8.444031147712313e-11,1356,14,82646a170b583b565e67754eac12f64f41e1200dd40e9b17c55e1da1b333d702,2f09dd670c757900f27fc733d5ce4bdda94e1313d07166777e8d77897cca24b7
v6p1if_0082,train,82,7.124145007167073,0.8491429667919874,508.96874870000755,21.589823406791297,10,2,2.1630096435546863e-09,3319071677.307665,3854757142.5176024,193.04834396519593,141.45000041957434,131.36879157335542,131.4912202423768,0.9641976625102037,0.03580233750458342,-1.47871403560184e-11,8.529107709137754e-11,1558,16,20df07d5166216c8cbc2517acd04be7472a0cc1e3123c4c35d2125fe1ce4bb75,d73ece5af74e3e5b56a3bbc4bce0892565e462f179d05140a447f7b492814d8a
v6p1if_0083,train,83,7.148408380451078,0.34556154534220695,1073.9727033227584,119.22087435060996,5,7,8.541107177734368e-10,8324772209.395163,10342499431.095633,184.0314753059742,80.54482791517654,56.52223642149783,57.13922798000484,0.9374720032448766,0.06252799676743012,-1.2306696908330368e-11,1.0296903959842742e-10,1679,11,19ff832f9926aba4246c7035ec30ff99a1aa2c87760dd391e5abf765d945d28f,1333337813c3184e764a3d7fd9add1c14987334964e6164dc24425632156c16d
v6p1if_0084,train,84,6.0801774144212475,0.4870694177225232,677.3705110999636,28.156957794546564,9,4,1.4697265624999994e-09,4115662247.2495728,5506282585.448309,109.54387420473513,93.11826685097571,83.82506167381275,83.92864418720889,0.9655400461987457,0.03445995381584016,-1.4585791306529636e-11,8.832500347510058e-11,1472,15,cc95378cab577820ae06f842db5dbfb69610aeac6f0fcbc70fe6a7f2c7fc418e,2b4ff6847f4c584e7c1cc60669993c88d749880ed4094505aacf0c76da025a7c
v6p1if_0085,valid_iid,85,18.267435588567473,0.9908334380015731,1444.3237570806548,162.60856802421475,6,5,1.4105224609374986e-09,12972268450.124924,14874556553.127327,165.13216624905667,141.16508695481753,105.3720775512055,107.41313565256428,0.9498903808755793,0.05010961913769406,-1.3273354866346185e-11,1.0495248695628762e-10,1500,17,9cf05fead438b10b8cf20c31ce0f90f0bd387f7ef1a2948b68b1713b1f6539e7,5b6af3a7c31b1183a0f1ee29f33ce0e0991b5a5370b1e6b0ab74d2cf53bfdf51
v6p1if_0086,test_iid,86,9.476296014445758,0.6137342303991318,980.2519020736795,85.51365110539258,7,8,1.3420867919921866e-09,7117489887.826447,10172813883.674376,140.36190670453425,104.70556184189434,84.1083515661015,84.93576812219044,0.9492466504131812,0.0507533495955581,-8.739382494316776e-12,9.745521860819545e-11,1692,8,fbb2797693fca3a1ef7561b9b498321b422029010a91d04da229fe5463b57afd,6a28cdde1faec3b4fb34052a6a657da663be177bb7592fd33f06891a69a03ff8
v6p1if_0087,train,87,3.0729348066453683,0.10953483171761036,667.2284651247936,54.49795816835456,4,4,6.340026855468745e-10,4864720573.681594,5963394673.913639,252.83938264729235,50.37395732512857,40.880904116843354,41.03546975363618,0.9421851606082664,0.057814839494441266,-1.0270770786793345e-10,8.484764330832112e-11,1538,18,46ee87ebf60b770b854fd5ee0595173e25c784fc0fc4be9a5be31d106c8315d8,3d51c4284808e3684d84e848bd9fdb82d563bbdaf74108e1099cdd40b838bc86
v6p1if_0088,train,88,5.364324978730192,0.16759619861841202,1135.5527767632216,58.308685640938016,6,7,9.71755981445312e-10,5596155951.065811,7949088908.048317,134.5565690257528,55.41994689991384,42.98574012947863,43.17717227102805,0.963252252394759,0.03674774760491511,3.2589611790071456e-13,9.662101778493157e-11,1532,11,eeac0dff2671bc7327381c89eb22351ad0189e6c92dc7c469f9d129b95c38e2a,c72b41eb1c054daa5f194a904da285f4380bc93de7bf073a282c2b9512623215
v6p1if_0089,train,89,6.626674685887631,0.6716349069029093,575.9764677594679,104.70494755726597,9,3,1.5963745117187493e-09,4127829901.112682,5333318117.409258,214.72120000921166,112.1785698975454,93.38036111631209,94.47863271592931,0.9065741902069298,0.09342580979811006,-5.0398088782576415e-12,8.483019732536667e-11,1553,9,f0b4f3946447102b2b91ada8d0fa3113c063b99329e83fc46d3a61aab8996a94,5a84daa990d2edb07d1cce6286c5e0cf4c753115bc21b007179bd8cf869e2384
v6p1if_0090,valid_iid,90,9.516917629480055,0.7941083135083318,782.0114699595337,175.50160754188022,4,6,8.422851562499994e-10,11238778511.248152,13840914481.065823,160.75492426996544,132.63284177325727,95.11551788933492,97.44971650292287,0.9131348388538333,0.08686516112333043,2.2836308199523767e-11,1.0137157758033018e-10,1735,16,caf75a11a473457b64556cb8463f6ec65f44204e1fd076bf44f242495668ee71,d60253d636149a4f49aa0da60a3c706bcb4f3626f3479c778eda9b11f93bc38e
v6p1if_0091,train,91,7.360890154635062,0.29048877861350775,1251.0582238625445,35.409002336561485,7,4,1.2165069580078117e-09,6070398525.620847,7734276416.448328,64.08256378494934,68.07476586222043,55.89911182750732,55.99020166776093,0.9766653610537674,0.023334638970925047,-2.4692518113607965e-11,8.956096038783403e-11,1401,13,88b744292c5961d1b04947144b1bec39feb57303025992e304d9329bedc9488b,9748bd74d721824ec58e040dd8a682a8bc1e89f94d3b18edebb4eb63b077a4d2
v6p1if_0092,train,92,5.043109791891638,0.43205765448510647,586.9697448039688,149.97002775162466,3,6,6.396484374999997e-10,7851782891.144662,8700848219.036152,111.42773349390252,90.80687866786906,66.02702375676355,67.16403366281193,0.8828580222709521,0.11714197773526196,-6.214075562360405e-12,8.372867253094163e-11,1664,19,a796e4f26ed9bcd66ae8572a53b4f70293b43eaab5bcb735cec2ccc2ca5110c2,867a5fc3f01ef0425f11ce11543b0c4f14bb4eee8ce603d758c5949c4264e86b
v6p1if_0093,train,93,12.357949408799563,0.9357377775013447,931.2556699983311,23.308295224506708,8,4,1.6570281982421865e-09,7462259988.643316,9613849720.128048,144.9928941866032,144.29107411193246,126.74233817584563,126.86367375120291,0.9785468346971922,0.02145316530938786,-6.580016408159655e-12,8.790340640813536e-11,1424,15,0e3c9448aeb2bf924df5c3899b5c89f7899daa10f6a052bb4019fb59f87bbd87,041adc40aace42e88b510343ff69370b3f36a7e3d3b058feb7fdd98aebfd154e
v6p1if_0094,train,94,12.636700007564468,0.5594243733212352,1526.854635867889,44.30946715878851,5,3,9.155273437499997e-10,13901324860.455322,20682594981.602158,94.01481240374642,102.55966680157889,77.22591399473032,77.54731076825598,0.9785763032988659,0.02142369671627476,-1.5140679997281698e-11,1.1008204000829652e-10,1469,20,ac09e7dfdeff6c0e1f9ce3d6ae5c8fba3fbedef13831a1fdaf991c158a738556,82cb1586218f0611f46f21a9c48b4a6734eeb3af90e05c191c37259b2a85ff05
v6p1if_0095,test_iid,95,2.9582047839296113,0.0552021125331521,766.7462518643783,77.46179383040011,10,5,1.502380371093749e-09,2010814145.0259004,2875954631.8713126,256.81518322060276,40.219525361591366,33.309504464392404,33.549836385719814,0.9372560317819557,0.0627439682332726,-1.522833061261276e-11,8.972224457788769e-11,1589,9,b40be97edc87d299104406f161e2c698740ac49b3d55cbc8c3905d8a52145a46,9265b380fbe16720696ac8049f4ef5c9f8994cfa8d12694731aa39a36500db72
v6p1if_0096,train,96,13.276089281062951,0.6267080688849092,1475.0989710541587,195.29465884010878,5,7,9.696960449218744e-10,13576786736.401432,15919896843.879593,118.69328568083816,107.48248303311954,73.47688281163532,75.28053327795584,0.9465201365793923,0.05347986341597438,4.633385452953303e-12,1.1538581718241778e-10,1597,8,8ebbd9c118af2c2fbc3245f6a3d983f7b76321b09def551fcba86a520a4bdefe,1864d7bdfe28140e0dcc6750c467c14fe98a1053192067e34a240e0a87323f09
v6p1if_0097,train,97,3.310790767334221,0.13073962461203337,686.326407308755,31.820313442627945,10,2,1.431427001953124e-09,2327928836.8371725,2977591721.5363736,45.069049874631105,50.11086535968241,44.56619045281219,44.66187513159814,0.9639834817620972,0.036016518257413005,-1.9510208709031022e-11,7.598472324616344e-11,1353,15,8a55047ae6687e20e829965f21c642d681e95b9cd28543f35bfeb43fe6559589,0fd52aad3e7f3d115f7ae745f357a807967ce581bdbceb1d446bcd6d7255cce0
v6p1if_0098,train,98,4.119588546178715,0.2568785957992077,647.4901843253784,60.37149451525377,3,8,5.053710937499995e-10,8119578190.560806,8496526123.450325,116.90538698405767,72.40492987960147,55.28067330497003,55.59292889091079,0.9382953622197824,0.06170463780090517,-2.0687595897231407e-11,8.332040511881776e-11,1440,13,c64aa17952d511e5d0b619fbda2227945c42333542908fde8ab09a3460643007,d26e1141ceade172599aeb0c04b4bff141920a44341fd689c9e77423ccdf89bb
v6p1if_0099,valid_iid,99,10.912486180396805,0.7532519083470106,976.4307937836552,101.12732014065097,8,8,1.7651367187499992e-09,6169469492.01041,7876904482.476508,179.98657127676128,124.47517426769991,97.0975843452591,97.9218336084565,0.9366669487314732,0.06333305126121928,7.307591310677054e-12,9.666667120879832e-11,1781,10,6b462c0e94e12ccd3c9183f8ee59296d4c5a5427ee94429cab29ca6ec7273622,2774e9f46e94deb613db1b59efd91ed72659ebfa553311093a0b41620b79d407
v6p1if_0100,test_iid,100,11.280137349324981,0.8909178739413619,869.8679807194203,42.69932928740699,4,3,8.654785156249993e-10,13173573006.10912,16208840251.44637,58.74651924045134,141.5976309657412,118.02842855863226,118.37446886564945,0.9628397541225371,0.03716024585575469,2.1708207966288213e-11,9.12461625713124e-11,1445,24,40eb6cd465b95bec2efdd06b80910502bb5b3b4f9eaa2370cd97f5e66d928839,ea08e1424debfd9acaf591c6391aedff0b18bb0d05d3bbaabae693324371975d
v6p1if_0101,train,101,8.96360994804915,0.39460610318928957,1300.9426212034734,80.38278592664463,7,2,1.2779235839843746e-09,6944633532.640875,7915473339.070022,154.5438554542393,82.7653342013254,61.74984482670756,62.25302019621237,0.961239663198278,0.03876033681864507,-1.6923122573997656e-11,9.76530885086316e-11,1576,20,c764b97bd6ad85184a2b9033e13adb9482ebcb7f1acd4791e16a355ced5d760d,ae496ee0a199d88e0cbdd10ec33d7f2d3af0c6b9d03ee3d06ddb26b74bee7c5d
v6p1if_0102,train,102,3.5767616144419176,0.02243104763329029,1108.1371292691954,134.46783289728086,6,6,8.303833007812494e-10,4424331290.514293,5467546994.688431,123.34240648640905,35.367002165147994,26.70204406214403,27.185629929117216,0.9437043839882078,0.05629561607087161,-5.907935602477703e-11,9.502811029072841e-11,1542,10,a8a26b4365311f5fd406a6dfa1cfacba174852eb990c5ed1dff5f7dfb537806b,a611f7d018f60cb003bff54240879b66ce18cf3a4f933437b61b99798be9225a
v6p1if_0103,train,103,5.058321251573032,0.5182168930768967,510.44846795960996,25.995402517268875,9,4,1.6894531249999991e-09,2936043776.365787,4325717297.563161,71.48135992349332,100.50710505726647,92.57011731817227,92.65648081054647,0.9573122669139913,0.042687733082225114,3.783583259772017e-12,8.733019095972407e-11,1630,12,80cedfb135f7d670a7cf500f661d5740c2554412357fbbbb47460ca1ff19f2f4,8291a85d470127ef53be3f6d5fe5e3fe102e9181d3be86e9f27167b70c126ccb
v6p1if_0104,valid_iid,104,10.175679526460518,0.6963530126959085,959.7827987414295,20.852139409308556,7,8,1.5869140624999989e-09,6479502488.551404,9080674654.397655,136.02990653685362,122.69428132625478,101.97908755875937,102.08072869326932,0.980940044264871,0.01905995574488621,-9.757281297852283e-12,8.926460761915367e-11,1451,10,f4feee76aefa4d8f67ab33b3fd434ca38a2a21d1144ccf624569879ce90e3e15,0ffdf525c96928a61cefeb87f984ad670fbfb623a122b59397608a78d4415489
v6p1if_0105,train,105,3.427099365058237,0.20049897581338882,589.3490864323992,123.43853052568737,4,3,6.636810302734372e-10,5309947641.017903,6678715005.287211,173.5234756193785,60.916828050515164,46.54955223014393,47.23669367857216,0.9014473577120239,0.09855264229250184,-4.5257689057287425e-12,8.724395859792492e-11,1691,25,b3ced1ad10379adf25a53d3d72bf7ca64145ccf3b21c6c088bd4cdf1d0976de1,622129e333cb7a273ec08cadb6a2be6033b794945a69a353e8e32357fb158cce
v6p1if_0106,train,106,5.236020887902605,0.32777476217597723,750.8543973293262,65.07961491329588,9,3,1.5163421630859365e-09,3439338278.928425,4255324032.688958,186.80840915576277,71.2969414375873,60.71547021493643,61.11713296973945,0.9446242978467991,0.05537570216255704,-9.356178503084802e-12,9.27824509515795e-11,1598,17,1d2d1f5c61d358128b76d7fac0c075d785d53ed8ebb4df2bcf027faad04866a8,336ab685f8509130724aa5ac866de4799f565316b29986d9cbe920e3be59315e
v6p1if_0107,test_iid,107,16.42626097368956,0.8242014469578862,1507.1480788721824,40.28048433875131,6,4,1.2768554687499998e-09,12780105892.797546,15804113355.10297,82.56443394110633,134.46640300730814,104.63873331186693,104.87243524573488,0.9779814736349778,0.02201852637031439,-5.292194162003806e-12,1.0685665031937766e-10,1526,18,80f33d66b4f96625052579ac05fe0cb1168958ace6f19c478dc89781d38726d3,e7ca3d62f7f5fece85a0a3fa7cf90c81101bcb973faa4f2b9fa7c4855433a3ae
v6p1if_0108,train,108,8.425250888221381,0.9618064053356647,558.306717247919,95.37218235336255,10,3,2.222366333007811e-09,3828331216.25237,5179318261.043794,81.38564686896297,146.01066628568282,122.24733381553901,123.46030973199281,0.904110081008487,0.09588991901283098,-2.131796652366696e-11,8.590897270764043e-11,1592,11,6c1beee2fbae7941d2598a8e2cd38a2232a840c4a9beb7d61cacc5f241af6f5a,96638b02f38937497e85de11ac3d10732428286272f701f7f306f08410783c9e
v6p1if_0109,train,109,8.870888530712302,0.4655632730573416,1132.404241039979,48.8645530171034,5,7,9.043884277343744e-10,9897638014.011847,11597636716.02358,172.39118977516083,90.3684120417987,72.15022024550086,72.39987654412921,0.968045479458885,0.03195452056183372,-2.0718704024426015e-11,9.621883201671472e-11,1458,13,ed4ec515a5e9fe90a3ce55aa68ea90e105bfccdca63cd4518627d28029e6eb7a,d86e0e4e44e5f62626c564e1209551ccfafa101a89b6428fcd36368e580596d7
v6p1if_0110,train,110,4.912335983154284,0.09212939534336329,1279.158960043952,29.218675306531452,8,8,1.2327575683593746e-09,4043132225.904961,4949402537.781986,176.5200022539756,43.20677184408538,36.43633076819252,36.505786829209576,0.9814808583245219,0.018519141675480754,-2.6499337603067038e-15,1.0187907449706929e-10,1418,9,a7209233afca57763cd53d0853c0855835491bc93cb3fa41a383f2f127fa43fc,3a39522ee7bd95bc7e5b957f35437a77da06ae84100ca993d287bddbf87d9d9e
v6p1if_0111,train,111,7.77309494761998,0.5879228441044688,791.4564740344803,156.6998795478547,3,6,5.895233154296871e-10,13183120831.408518,14680527239.372992,98.88494793473399,112.3195380210853,79.04616158669762,80.38144973919123,0.9092820744019503,0.09071792561438095,-1.633121976978245e-11,8.47981093853173e-11,1644,18,d11e4fd9f9f4f719b8a6d685f56600d7aa96755956fed22a5b82d4ae539af685,470524b609bd2844e729c2194471d819d205a1d8a53bdc5d1d44bec6d6dbc8db
v6p1if_0112,train,112,16.227687651883663,0.9074468892067671,1354.2891130746152,172.69686292097785,9,2,1.8512725830078116e-09,8906388239.528725,11299057178.805576,22.411747585262606,129.2060169351323,97.34092508055737,99.37782047733583,0.9446323897639779,0.055367610234333474,1.6886825443079627e-12,1.0250482363243607e-10,1411,17,59d68e4ee071a2cbad34db92d8e028d4aa4d62e878d81f59dd14fd11c6dcb5cf,c0b542f87c706f6cc093240d6fe036f34b5ad5c0ee5451c14061ce401bebf75f
v6p1if_0113,test_iid,113,6.47231811132766,0.4115241877734661,835.0989732403616,26.991712791619484,6,5,1.0211181640624996e-09,6274956799.089822,7290901297.890976,171.49168497593408,89.73457027064268,74.6435764689067,74.75494343659172,0.9727926005182503,0.027207399472848875,8.900765317538213e-12,9.683803490359627e-11,1740,10,fffb80e13a67f2175b4d7de7c2b7523ed2cf1dd2493959cdf7b3e80dd5a95e4f,2fea8ccba8c7625d4ef8de1dea993f2568a862f4131ded48d7e6d57169af524f
v6p1if_0114,train,114,2.1089678763581814,0.03862449061125517,532.1479021236227,51.02406936839116,7,4,9.498596191406239e-10,2207506320.7429075,2707378471.475235,81.94369620907854,41.045903287430065,34.43141279663052,34.594176749045815,0.9350446495281355,0.06495535055200032,-8.013576561751885e-11,7.397129127380665e-11,1467,16,cc26ae76d727916ed7c22fc01c9a9ea8c6db662f10bdeed41b49f8a0be4f9597,daf15f2d959e4c37e0ed9e36fa7724681bc9da4189cec89d64cc0ad00575d8b7
v6p1if_0115,valid_iid,115,9.221810649123448,0.5349825108423829,1063.5164632431595,89.70341054410854,4,3,6.925964355468745e-10,13354710029.435246,17113277648.082106,225.28756492561544,99.01507724938227,75.69597108493824,76.22822497436162,0.9465949826121852,0.053405017393897664,-6.082857710170931e-12,9.808279447401427e-11,1471,18,30eff2aa92853461978c98e74487c6802a53587ebcb09377dbfb2df2c70fd310,6aa952aa4ec27856b3f3ec5d306a198e7d423da75c5b5d56773e43a6959d0d33
v6p1if_0116,train,116,7.8082760635651205,0.6726485043764114,707.9864050292924,37.75828499041168,8,4,1.6221618652343736e-09,4777018043.302637,5975533749.93922,136.02246027070424,114.95098866200249,101.13608430780278,101.35461085422749,0.9582531586979994,0.04174684128177404,2.022657294133105e-11,8.918655958624879e-11,1616,14,a4d914abd307418b9fc431d314743bd39644c8888b8158c17d53491e15bf3990,662121c23115c21cd7e3ea9866bed1b8265bdc8a9361f03565d4b8b241e1f6b3
v6p1if_0117,train,117,6.5574552675765405,0.17635196633636951,1429.2086637567452,68.1848840072405,3,8,5.12619018554687e-10,12738558835.035223,15008269442.074482,129.49728130112075,75.30263013985689,42.29157518710371,42.6713837910167,0.9671667082167533,0.032833291776150964,7.095711047331243e-12,1.0401996060038882e-10,1538,14,23af2dfddba220675140a8c250f82d89c2e30b6392df5449f7032c1db4fee104,0fabf686d5cd94826e489c0fc7aa0e3cb787ea88e17733e4686f90194434f754
v6p1if_0118,train,118,6.346544247393167,0.30321564245969057,1008.6887108390041,113.64769511993069,10,2,1.6149139404296861e-09,3976602108.9932775,5792995845.275397,332.48671841523424,66.28081506604855,53.04918407066928,53.774955407605695,0.9427096512438848,0.057290348739727714,1.6387487825798224e-11,9.010042495015372e-11,1436,14,c8ab8fcc9db54e2e10a1321654c051924b5175b0e2c3218f098cc123cb0fcbab,144383eba233dfcd80a32b5b7f8c703582f1030ff82422e73db82d04e0c32c83
v6p1if_0119,train,119,8.030321807255767,0.7989556854590774,627.1616526577449,23.058663269721045,5,4,9.539031982421868e-10,8391290531.491391,11945558169.716564,104.70262316924138,139.36097544466378,121.3676266319856,121.47454312135226,0.9685340521923614,0.031465947797107596,1.0530921302557318e-11,9.210682654924565e-11,1642,20,a144fb2e21c1f9408e6f9d4161e254d45ba432dde07390609ff53c340bed92af,de3b7076b03fcb1354f2f4006e2db0138b220b76dca7232f116b390c72f0c22d
v6p1if_0120,train,120,15.298300361074894,0.9781141402199864,1168.5778150588017,24.45151095003506,3,7,6.939697265624997e-10,22597735442.962566,29627544765.675163,119.64587454019602,165.35306969796216,126.08620414075722,126.2642112878519,0.981931513256472,0.018068486757374477,-1.3846443781096532e-11,1.0118449213451699e-10,1555,17,027d83b8c21fa2885a2a7deab7fdca82eae1f64b97fe857c6ca766761495bc00,53ed1399d142dd195f71a8d9b19132c46275b8ef46915cb75903261416c50076
v6p1if_0121,train,121,5.061446998787038,0.4822143604978919,541.3508878345529,140.41820738112938,8,3,1.397552490234374e-09,3597059125.2220006,4927667121.601562,83.66072389564265,90.15214704964234,72.92709525008706,74.10335914227689,0.8861269659777166,0.1138730339732701,4.9013366682655246e-11,8.655790483047834e-11,1554,13,6145ea850422536efb3f9107583489578213658158d1325d79f49ec47f7a473a,936b9353ab51099699106a870a6a3e002b838899b62a598ed39202a791de6beb
v6p1if_0122,train,122,3.5983157714894376,0.10852880030870438,817.4149987290696,74.26032276845818,5,2,7.658386230468748e-10,4782190792.589004,6613809632.619534,30.155718254741764,49.53947550621581,38.11961163692361,38.42228906678997,0.944374168240888,0.05562583175940808,-2.9611319849990156e-13,8.730606071575731e-11,1509,29,80ec3f88d17ca4de9b0b7839c83944695d8537187d8b05dfab57278b98e49e8e,d89e1630d4a2e714dcc473ade22006ce67a9f0ce361b53867a910299a7c67748
v6p1if_0123,train,123,11.28353433121682,0.6049707774072886,1237.8778461738266,47.060740750057775,10,4,2.0880126953124996e-09,5421815800.708014,7551576973.876247,123.32360859587982,106.14820391423711,85.63675421703785,85.89264855452919,0.9703303792243639,0.029669620763592208,1.2043873485272642e-11,9.863868665126411e-11,1598,12,5bf76f05538467f6bf2a4186ff538ad006d6e7fd04e70e7f22f0744325439948,c31294fcd34f02a4bda2a9ad64f33f0a8990b63e26c49470dda09d21e6802f18
v6p1if_0124,train,124,7.4831213593228085,0.7425757078453898,613.6576276876493,111.83451609077773,6,5,1.3185882568359368e-09,5699211143.638163,6722627682.356795,120.68424635228544,119.49792319275383,97.69760028854233,98.79642189231383,0.9025452950957219,0.09745470491394372,-9.665652903968813e-12,7.85638136928667e-11,1396,11,7a1e76421b39a1b226b49c05565f338cb2492f4a96769c137c8dc5a7d691de27,d2a22032874ffe3f33316aceca6a55eca78b8d6c2dbfef7b1bc38bf2995de9cb
v6p1if_0125,test_iid,125,5.341645657057882,0.24631734285503626,922.2544318516419,55.58578405775024,9,2,1.4474487304687493e-09,3704797807.01781,4396155921.047799,147.1307479656899,62.79991849166936,53.129907350704045,53.34937816635906,0.9566439791112866,0.04335602091039865,-2.168527143961464e-11,1.0131780786503895e-10,1752,14,5e8534282a9227f2db504aebe32128a1f0159cf991a6a3089a964fe132ae7664,e05a1b12a4808135e32f1ce270392be448b35f4cd4624136b1c1a390f705e5ef
v6p1if_0126,train,126,10.084587190847508,0.3738447483628988,1570.6325140165106,33.34030008628836,4,7,6.30722045898437e-10,16090317929.539017,21011910502.53462,149.36381143649336,90.68019309844703,61.642106122625655,61.810163032634705,0.9829063338563455,0.017093666142269762,1.3846704706858097e-12,1.095497612363547e-10,1583,11,000ce47fd82c76c3633a0c67252101143eef026c287da0a6cb4ae38948a3de5d,2b15f1200eb8a12e6ee84a6fbb0731f62364f537fcd90724a42700344d00382b
v6p1if_0127,valid_iid,127,9.54033345289572,0.869683999568224,720.0705836663168,183.07616175613836,7,5,1.380538940429687e-09,6876917939.650399,8765357649.366169,147.84844680182673,132.6108786106168,102.72416348190833,104.78573590662104,0.896139826645189,0.10386017335100094,3.810119659729421e-12,8.400070758879585e-11,1461,15,54ed332cec5eff3923a9333af104fc75624cddde56552001dffa6e98cda2c619,35ef1355e2342edad325114319366d355267d2f96382730075c53ff4c3821d6c
v6p1if_0128,train,128,9.507683274754894,0.9580053193494678,653.1242605821097,142.10319419419577,8,8,1.6630554199218746e-09,5793030658.777243,7361834328.145477,92.85430988224822,141.87339434244564,114.23128463821256,116.15852567332776,0.9011136212954732,0.09888637870387762,6.491307730326503e-13,8.358365351068597e-11,1527,7,892e4cd169197db760a6a6791ac3f665a86935315bbb29c662f718a87f9af4d4,df410570e194155771d0c6c428bca1b10c6f015a74bdaa636130862a7cdeef32
v6p1if_0129,valid_iid,129,7.713616745202639,0.45373537484556437,968.0067146956497,24.153083243960104,3,7,5.429077148437498e-10,14771903045.61125,17257856080.581535,80.52555650459587,97.21570300791683,76.65720690332832,76.76371728824947,0.9788521785545031,0.021147821476874412,-3.137751368354997e-11,9.39628475100175e-11,1619,12,bf29f151de3a1e7d7fb98c4971c9458fbdad242a030716bff0c5f42e04ced565,8428f1524cc6e2d3a4807bb66ceca467ae809715b94728188a9f349feeb38da8
v6p1if_0130,train,130,5.290281006678425,0.08036692254245281,1462.3722663495905,46.39666553911008,10,4,1.432723999023437e-09,3687483625.7526717,5326831418.51725,98.33797188661963,42.96574489689874,34.04048961255694,34.16607786588365,0.9758683637436104,0.02413163625692676,-5.372123722726589e-13,9.771396859895304e-11,1446,10,63702f159cadaa2e65b5744bb1c4699872c92bc3f56e80421dc7d4264f470ba5,9a731a89753d43277e61fe6216d6e59bfa6a037296992a2ac9f6f6974153e1bc
v6p1if_0131,train,131,6.962192523258329,0.5840642116963863,692.2986053720405,75.33911143344889,5,6,9.001159667968739e-10,7754830942.453633,10120958725.472454,117.39094764232895,101.84686070559951,86.34703352107407,86.81960498196086,0.9290672035946792,0.07093279638387588,2.1444858920811127e-11,9.187312011652106e-11,1576,17,8b0f245e454a3a22e7581f93d8447c928d3e2342b761bfb10d38fc4f96fbd955,72c8e1d29b532587bdbbd2b47210bb8c6ab9ee4c81d2bf8c003dd329fc3cec28
v6p1if_0132,train,132,11.268664538804472,0.6924299644306302,1097.6421510952966,56.28247246667568,9,7,1.893310546874999e-09,6052953448.284241,7919040915.29297,156.7748198389665,113.82196672052555,94.8772400086224,95.25579845687848,0.9622092357446114,0.037790764257520024,-2.131437475108862e-12,9.93617910777247e-11,1743,8,57db80ae7a4359223bbd2217170ed6ed74f5d9dc222267d85b4e77c8b5efde1e,15a48af03207c2587cc7d735802a4d02d3080651d15d3c01fcc74eff15271981
v6p1if_0133,train,133,3.0081250784089315,0.18879326339811087,515.3296200478849,110.41141165959527,6,4,9.158325195312495e-10,3278754547.6929107,3988217301.5069604,105.23966444375388,56.01492561632921,46.47387649014935,47.035932770727165,0.893164299418319,0.10683570060588626,-2.420528797247392e-11,7.528047954372327e-11,1372,18,92a1442ed6787d19f24fe3b0723389044740580c3e22da3da1ef32e9e9d1dec4,46d3322974b1b6a9404d9b3acd205ff5e3c03028c8d7a569a7b54169b68104d7
v6p1if_0134,test_iid,134,5.813343554426612,0.3161342144012451,878.1858303451936,180.38493986527348,7,3,1.212005615234374e-09,4838061397.609939,8365445670.268868,106.93637616306687,68.05702416615537,52.22603708939792,53.42818909975341,0.9202180511134964,0.07978194889080975,-4.306171313242798e-12,8.454293043792079e-11,1461,9,3ec4442ec77e327e11f0f2eaf60be47398760efbf9cfb5584126d27c07e2b8f5,86c123d7b6685dc3d6f86612e4039afabadf0cbeab82b1db5f3fbe2743868586
v6p1if_0135,train,135,14.462196615589432,0.8202206064015627,1288.621972382595,33.84483964474933,4,6,7.859802246093746e-10,18528086607.067184,21440064743.621735,72.24435235538282,133.58454351003064,106.90373509795513,107.1035561120061,0.978286277079737,0.021713722939134875,-1.8871953421493586e-11,1.1059820051347325e-10,1624,16,04d449509c547f5414d6b1052e01fc8193331f0b80623f991aee8f62cc2e606f,dc6387b7238480b9958213e8b5254a32dc23b9de423c988a8abe79575a55cd5c
v6p1if_0136,train,136,10.209794978474612,0.9026502594351768,757.167836103325,27.640957599642903,6,8,1.2591552734374996e-09,8159653688.779251,8816492039.26604,148.78369806316414,151.53480611519137,128.63492758764633,128.81143415550756,0.9691678682502021,0.030832131728516354,2.1281608536612592e-11,8.933624518364181e-11,1728,10,4d181e7cc4a2c1c52a9351146658b3250646077cf153bd490e612252fba58354,dd98fa630b4ac4b3372a9703c70a69c04740c582ebab7e800d88dfe4bbecfe9f
v6p1if_0137,train,137,10.05922066628436,0.3984947297722101,1494.579436377602,168.60487827273613,9,4,1.5303039550781236e-09,6657627128.890553,9111248532.04822,26.159857913416857,72.03454120021132,55.930378344083095,57.04929910439393,0.9520499466436465,0.047950053373374664,-1.7021131376164752e-11,1.0258594527730507e-10,1410,13,3560d4bf9479e121f4fc107fa48e63c1c4a975224f945b5d4e7184c33a42530a,6cb459c4e6a1e1b2d8a3145a9792a273dc34d58dc37378a995bbdce1dc754d3f
v6p1if_0138,train,138,3.2112343561149164,0.026263085193932056,951.7785655529881,87.79673790904238,4,4,5.213928222656247e-10,6187524479.68172,7734497339.037121,146.8608684657315,37.9319467207838,28.819072100342478,29.103077327975072,0.9467071270211347,0.05329287296208112,1.6784173290596748e-11,9.161472122769838e-11,1429,15,3633ad6df8ea79c2a7347983f87eb0be17e0351e2a863850cbed399764078ff2,ff2a7464c922c5d6dc1e5fdf7e0bd0e2e954d25c27cbdce0af137c56933c21f5
v6p1if_0139,train,139,5.7878619129715405,0.5300137540325522,594.3046985134181,52.15048776940314,7,7,1.3384246826171868e-09,4313788024.592142,5510580862.417407,74.81265075538313,100.02256012434952,86.09125682633072,86.37776194676613,0.9369192653253816,0.06308073471311208,-3.84937393647876e-11,8.71755538398169e-11,1587,10,ec833a47d4c918e76d46fc1ab698576cf5a00a12135687ce89176b7bd9658549,6924e09bb8e6d7f311b99ed02e9d45733c376887d268ebccf9f5f6552c89bcfc
v6p1if_0140,valid_iid,140,11.92074126969488,0.6383184995502234,1266.6928816855204,69.78819552522714,3,5,5.308532714843748e-10,22421297502.24547,27324463526.033195,179.15020540685177,143.45932605708947,85.09181953916071,85.69535303573831,0.9618287017353182,0.03817129823984191,2.4839835169066764e-11,1.0158169629103717e-10,1562,21,e53e8095ef1a1e7b73c92a4e19f365b69369d072a89af8731d27f7536f2e181a,b3ba6b7153651fd7ebddf4e3c4167ccb38d3657910e125654500ad31b3165731
v6p1if_0141,train,141,3.7700998541560153,0.13475042954087257,799.2464505214184,36.883061559606496,8,2,1.1308288574218745e-09,3466851954.821947,5110664623.467444,125.62198323569096,50.968745995098004,43.685344602778656,43.78533731467436,0.9640975071395208,0.03590249286461662,-4.137414807550679e-12,9.245241441158333e-11,1570,15,7e22495f3487ae531f5f4c0565b6a00c9e6a0814b80fdab379206856821a31e6,9e41a13d068771abbdca3b83384c51323c488297a5c198cefb72cb7a945666c1
v6p1if_0142,train,142,3.719827441226794,0.2608325658366084,563.8017414178894,22.58202308422811,5,2,8.274841308593744e-10,4417436720.5816,5549368976.707027,49.87676382751413,70.66052969910692,61.941654288620384,62.02211329549456,0.966842537930894,0.03315746209465547,-2.5549453854301263e-11,8.502859682518242e-11,1637,18,90a005523b7b13567b26cbd76619437d251e67a592876be75b206bb7a1161b3a,d71d56a7b1b10bcf9367ec1c259b761095dea2b1f264166cdd3d8ee84fd79fad
v6p1if_0143,test_iid,143,12.310085268163068,0.7649265537038445,1121.3686757524624,116.0872120182765,10,3,2.0024871826171867e-09,6194266349.686862,7327707631.507157,91.21914376080515,117.81478874120336,93.7573748657608,94.80312466833072,0.9430308052751357,0.056969194720811966,4.052276951944015e-12,9.475077480806975e-11,1462,12,f80d8aea1ef6ead67273166b0ac0354a1f602d26048ba266d7585bd0d27333fa,4cb916aa47e9fb6957694619dabbb79d3ca48e0d6048c99d46c0f8c7b5badd80
v6p1if_0144,train,144,6.707120955799747,0.7387441955506802,536.7755377487096,121.90199374713131,4,4,8.112335205078122e-10,8269154678.784395,9939734480.393349,144.8368411079599,124.14811883949852,97.85655345267513,99.2897190875856,0.8905953501839448,0.10940464980615282,9.902408260598664e-12,9.621744432795075e-11,1727,20,79693dccfb0bef56d1037b72769858e91e186b75d80b78b4d8b54a610f414ba6,b35df4dbcc83d3d98777b0ecb5792fb366c2fce86b8665953603dc94de4b2be1
v6p1if_0145,valid_iid,145,5.805800739994161,0.23452000133693218,1054.348862553818,21.11942002842458,7,6,9.956359863281246e-10,5836489676.282616,7052982897.817797,196.662286805205,61.960284732356,53.02917172454403,53.08058444888901,0.9827451430724776,0.017254856911265305,1.6257045423400592e-11,8.931413792582455e-11,1454,6,d643bca855409b657bac484714a0e578eee8c178a1aa32fdd77e17768459b35e,ca7044fcc96ad78ff6773806010ac7ed3ccc121a02fd5e439a03e1bab980dfb6
v6p1if_0146,train,146,8.75077394662177,0.36211287323385477,1342.6154002014168,40.87856804063196,6,8,1.0624694824218743e-09,8085416605.578914,10212254925.573313,128.9275020687613,78.39411280274157,61.667023940146386,61.84049928515555,0.9760885325435614,0.02391146745238416,4.054372540531875e-12,1.0258213631497571e-10,1507,10,925e164441bbddc558ecbd5e6b85b8de57008a00dbf83b696b990147a4010534,07dbeda613fd320227cc15bd6cb6e10d379ec5d8ac293d13fbeb4eaff5f47d3a
v6p1if_0147,test_iid,147,10.762582651423553,0.8657948775216937,842.3608818816055,64.10494257750769,9,6,1.7686462402343739e-09,6147706567.887547,8175624645.068687,167.394649027352,132.20296744198083,113.15495710854711,113.68897512600739,0.9473578122559452,0.05264218776281105,-1.8756182946306025e-11,8.784940677372332e-11,1567,11,6fa651d1585d09fb1472c0ba3055195d37a7fdefb84bee1e6a8fd583e4321690,3b596cd4fb707205a8430af4e6766079645ea28986c840ca764bef2db7e5bcc3
v6p1if_0148,train,148,13.475294008419471,0.9741606581956148,999.1413583951197,48.28174770129329,5,2,1.2170410156249995e-09,11008927422.776096,15638056785.095152,42.86710743866251,154.1059115330147,122.89916647454312,123.32180396970796,0.9640044811649119,0.035995518835395944,-3.0786492476711547e-13,9.449121084227599e-11,1473,32,064c90d548e32872bca2a644b3f1b3370d180ae55e4bc8a3352e97642fc8a7cc,c9ff9580cbe8ed4447dec73efeebf40d5627bcbc561b3c2c385248885f46be60
v6p1if_0149,train,149,5.641118347167314,0.4705391824245453,633.1538348801952,96.54378928451268,10,8,1.7602539062499995e-09,3177753892.214036,4312164935.980612,144.08844873193652,89.70768635292848,74.16025635601258,74.91157704742754,0.9162902866554311,0.08370971337778137,-3.321241913216332e-11,8.252429074581542e-11,1614,10,0f795f238da16a74667bc46e8fc2663f2226c0c628c679c1f143e244ede5c4bc,2508a5d2bd81a0f9775b721a6b7c7b780eca112711b1c9f9b5cf387c51bc427b
v6p1if_0150,train,150,3.1410179124403674,0.09691887255758047,714.7510212063161,158.93156108418302,3,8,4.582214355468746e-10,6852096323.679164,7791791288.523909,146.69125376440377,51.709001040980695,34.575536613223214,35.34800491304483,0.9101917376612374,0.08980826232157132,1.7191268973119105e-11,9.074238975442193e-11,1673,11,6823606cd5c3b62f98fac779efc8045220215e500709e41ee0084686a16ff35b,52b1d41fd51103a75249592d7b526eb327f21ea48179954035d84f7f92b50865
v6p1if_0151,train,151,12.489123532107985,0.6009594546630979,1415.6806499252655,28.79826532615653,8,7,1.489562988281249e-09,8324786820.220106,11496607278.187576,91.51809110947463,99.52238685054903,84.63207692829435,84.73225183067954,0.9827113932496847,0.017288606744823673,5.491598222663262e-12,1.0221397405658198e-10,1402,10,1d93169bba83daeea9ebf691315f40a728495e644e37e15d9901e74f58ef80cf,6dcd0315d0bdc5881c25cdfe3d13b4f8f78db758c612b51042758d2025e1e0a1
v6p1if_0152,train,152,8.91330428003045,0.6844114502891898,824.2946878888378,31.091458327286308,10,2,1.975631713867186e-09,4592990051.0770645,6127400240.921715,137.4888858807871,113.48685938691784,101.02561107783909,101.1832019738135,0.9692171453782505,0.030782854622426484,-6.76991212541754e-13,8.36514242594227e-11,1416,14,1a214365e55c447e3d12a28c2f4b249866b4c56fd8f7db459d41f1d7ab817ab2,e1312bd91e2355e896bbe6a1bd639c6b76e07445d4d7277da58f3fbb15d3f936
v6p1if_0153,train,153,5.863559760886891,0.18021017033606768,1227.5477012243093,199.94299579144592,5,4,7.815551757812493e-10,7698175738.397974,9712332641.961742,48.47233707194436,58.502459937267474,38.68556207969605,39.6337233737259,0.9375981932913126,0.06240180670640842,2.2790628944633355e-12,9.773028879281146e-11,1555,17,fce87fc59aee21a53523ea6bac5fb76b0085a9e2def6fb34e98e922f0914055a,46097ce509b4d013cfc0f14ad8cc4f7a3de94c0b102076e301bbacc0217fc2bb
v6p1if_0154,test_iid,154,7.127512875752895,0.3070171866565943,1158.8263032720263,103.26908080120154,8,7,1.2881469726562489e-09,5640223716.951178,7534353374.120068,70.023096256402,72.37114275846159,53.39807864926106,54.05527688744678,0.9507583098513039,0.049241690128533654,2.016243926440011e-11,1.0217213623643307e-10,1718,8,7f560351d7e586576a51025f29b50a6db129340cb3a7ccc8685048b7c5787552,bf445f3c6ffe1c143407b257db43c816402cbda6cf55a2c56e4a805a213813d0
v6p1if_0155,train,155,7.27506480716049,0.810783140361309,545.906960444765,59.10696784197775,3,6,6.176757812499995e-10,11433171545.401518,14816047753.584745,194.8664489681312,141.6235998005422,115.47323948384778,115.94466659667728,0.9258755550713598,0.07412444495822969,-2.958950728862164e-11,8.397288480373355e-11,1484,20,fcaa391b595abf1570f8901b21904b0a86640d8b440a079299e9e458f2b1b307,bba6e37d209a8291db53c6f785ea883e6588c3189619f4ce40f2864a39a67f87
v6p1if_0156,valid_iid,156,18.27921809014222,0.9190878579393029,1555.3143075587564,78.50023300666973,7,7,1.5727996826171866e-09,11728192962.875612,15135662312.29278,132.36726273726137,138.21270482533708,106.14594812347461,106.92697369004995,0.9660621735514124,0.03393782643569324,1.2894358645613842e-11,1.1553866861107615e-10,1634,12,596a4f95c10c45f97938befe64a9caec14d0eb793295e9525de9f3fd9b7f6c3e,54a54e3341c00539c26a8707bd01fa05b1f15236a2bf7f9b64b109fbdf445244
v6p1if_0157,train,157,5.83509058319319,0.41550456266850233,727.1617069634652,43.73869977123222,4,6,7.070922851562497e-10,8497652824.082318,11717970565.273571,73.86894889257614,85.42731187841042,72.71622955129824,72.92332531140038,0.955168393334128,0.04483160668903101,-2.315897839242066e-11,8.287404049992241e-11,1439,16,aa365cab595521e39f237e0de926ce5e1861de356e268ba290485332deb7e739,60d6183514666068fc40764049f2943a031949e59849c775d83a90e412eeb414
v6p1if_0158,train,158,2.4074119684771587,0.04254797473549843,619.7009875269365,26.561807476088955,9,5,1.4190673828124998e-09,1716237734.7707062,2386962492.2903852,145.31104216559393,40.839291305817426,36.22461531666234,36.28589196644904,0.9655725230374249,0.034427476899104865,6.34702663881081e-11,9.07608295762109e-11,1580,10,a2543cd3c8463d33127c4f7eceefc46b633258ee58a02ff7fe037a2f3db8cd9c,bbdb1992d4c8dda62ce3d1cc88f84ab74e773d8e12030c0bdd6cc074c09ba5a7
v6p1if_0159,train,159,8.292932018323139,0.5466877724975348,913.2595323767673,131.57266027564037,6,5,1.0909271240234368e-09,7684778430.757332,10414352411.51934,163.7639071102285,100.87085305485209,75.16877724855787,76.2489927002178,0.9279387660891325,0.07206123389291634,1.795114015127783e-11,8.49264328021098e-11,1538,11,d38823792a12b5a4667f722f7ff484ac52bc40483e4e5cac5fd0eaf2df97659c,2d53f82f43e5a4fe620b5f3b5a3132c7a856889fd9b60826dc628cc26323a7eb
v6p1if_0160,train,160,3.2380664552103826,0.14742968790233135,634.9198785637126,107.16700019857825,9,7,1.5135955810546865e-09,2132121734.2645204,2501311075.613777,115.00895609022508,50.90231388949843,41.26210597669956,41.79318874286003,0.9128102639789937,0.08718973600723633,1.3770048775261689e-11,8.714931336924594e-11,1539,8,4236c605e2ccfef3bf75def716626e36186c120af8c117a4d3fd7e56f52a6752,47a8a4b49cc9bc82e2caaa56e6e011e0ac7c58fae74f6edf40a9c6d66185201f
v6p1if_0161,train,161,10.183182571050743,0.6432212553918362,1030.7538415100503,56.95711035619625,6,6,1.1080932617187493e-09,9217428201.74873,12068891022.461134,111.59803575950637,108.09098581989792,89.07693745747372,89.54783831156458,0.9626435595107351,0.037356440513922146,-2.465721007794771e-11,9.114281677312391e-11,1552,13,4839e4a32ec5db2b3922272e99ee3ffcfb26d3e8e390f2e4c25581c313b591d5,802a69c065eea06e6275dc482d0ac46983b9ca1c6a10bafff544ec9e7f6079b5
v6p1if_0162,test_iid,162,14.672183344457292,0.7658811016008258,1398.7739046316058,34.67706942277554,7,2,1.4237976074218742e-09,10432768063.109692,13783117738.853945,60.82935669677156,126.63996849832,99.61418828685977,99.84526633929164,0.9799302401940487,0.020069759804939632,1.0116773323577694e-12,9.961150599872629e-11,1366,21,f4be8b9cf41d698aaf19f45c973c03e5a6725ad4ea5edd4dede0257fd5dc58a2,95960b0fe716c556659e27e8feae3c6f5b4400243b38d6b5c21f3bf813f2be52
v6p1if_0163,valid_iid,163,4.4796055577010785,0.2696399027481675,699.0554659523293,179.26886551743092,4,8,7.323455810546874e-10,6118315652.752863,7461304613.896614,159.01111825203293,68.61251536435572,49.77392158087084,50.66958141211758,0.886711539422353,0.11328846056818709,9.459933071089415e-12,9.273296937687906e-11,1717,13,f209799fab8f6b27e2e5608ba87c76c0bc89d7913ccb20cba11cf83aa7098a22,337d9c97a6f3667c257cc7262a28a54b6b403ba2f77bd7d58f052002ecf89e8b
v6p1if_0164,train,164,7.426327301577038,0.38185420632362366,1050.101543771748,23.868939768150106,8,3,1.2725067138671866e-09,5822638262.028301,7105218243.10506,149.61605592885078,77.82944204400292,67.55305885738159,67.62267793153893,0.980421252745413,0.019578747299328104,-4.474112225955086e-11,9.851386952024405e-11,1442,17,46fef677da09bc56431c377587cba191f7fa9f0097cd71ddb66cc669fbc7da14,7f2e1c78656aa49014852f8514043cf6bef5e354ecd62fb837c42642839c0eec
v6p1if_0165,train,165,7.441098160986968,0.8782790172845125,520.8166227011834,146.4165541128814,3,7,6.658935546874996e-10,11105518686.941664,12083888059.125229,133.9228691168799,147.81831363290644,110.38679504357711,112.31648686885903,0.8798091620914604,0.12019083790867724,-1.3765330605224942e-13,8.505557033384015e-11,1686,16,5b7ab595695ea3003b3a6230b1a3d68c4e4ad091cc5d94f879cf98caf6e197d2,bc9dfd5b3df71a7c5e04ee3c3c3f66452fccee35509007051983e0fef1a6e1ce
v6p1if_0166,train,166,7.434948327464602,0.5016485201194882,853.367525304612,75.81532169527915,10,3,1.880493164062499e-09,3991865679.34944,4981861880.792683,178.75601183514718,90.4191673419977,75.43685824076448,76.07068783783076,0.9463084650267146,0.05369153501591355,-4.262813430633896e-11,8.97151390385212e-11,1567,8,10d59e388108dff608000368c66479f0c469cd2794357e3df26950515fc9fe2b,232364b9d491fe75caa280e90f8813bb26c1453c2b8e0774c08873c1a0ae5593
v6p1if_0167,train,167,4.00341550479814,0.005796424113214016,1371.0440836240045,45.28765177091483,5,6,7.003784179687498e-10,5676021335.703626,8841613164.923716,122.1070961421302,36.148246562051895,27.475154598556507,27.544138938215315,0.9740438098445462,0.025956190186807115,-3.135333844630654e-11,9.555912554981471e-11,1419,13,664d2e694949ea18d7b552ec7bc09a2ff1dc868108491538ec7d1a85b6c13653,b4bcfdf06d9d40e392a8d64d1ccaba272e2c22c37132fc17b93fd10b51e8f7b7
v6p1if_0168,valid_iid,168,4.223712688378637,0.2171356650069356,735.8218680884593,36.651699287671455,3,6,3.904724121093749e-10,10741405966.873133,12627707578.897335,90.05184699654181,66.6172688149291,52.43663433174391,52.56183042961858,0.961467399866415,0.0385326001652465,-3.166156010815827e-11,8.552638062111552e-11,1384,14,ed6252a04a25698bd0180342968d72146c237db9a25f2ed650ce7161310ca728,0eb947167177667789b7b57f9a5e8ffe8de4bc3327dd5542da5a230dfcd0bc6c
v6p1if_0169,train,169,15.418031782908212,0.7129195770248771,1590.0620503746172,71.49786034479214,8,4,1.7242431640624995e-09,8998097898.503834,13114704003.543758,88.01177127504045,118.56494291824532,90.73268583740251,91.32348652188541,0.9695442604901208,0.030455739500829474,9.04971035695842e-12,1.1241607939005425e-10,1637,14,05e1e3869d175aa8daad084cdb829de106d2fc38ce61d4cf4f2cacefea72aeac,b73944c746ca4b44397843e327a2878f155b65ad2ee1ca13dd991e9199e87da2
v6p1if_0170,train,170,11.15805972703288,0.8368382975459099,910.620216465799,117.46832800661605,5,8,1.0418701171874992e-09,10771133092.521708,14713258420.99243,178.1885003754885,138.5334659151959,101.78507661081689,103.31994505644293,0.9354087856546346,0.06459121436050053,-1.513509058502678e-11,1.0230419777348339e-10,1698,13,98f4ce0204f9ad4904b828690e90185862af2b42e7b37d7bdca7d989e4baaaad,ddb06e3c9a5c907391240d0d0519d7f045f8823d7cb511fb23654b1d57d904e2
v6p1if_0171,test_iid,171,4.480483526290719,0.34052840806543827,600.5899745606931,21.916542344684974,10,5,1.670532226562499e-09,2684575555.9313326,3614702890.2839217,63.975440474933805,77.14096235266112,70.7227040549948,70.77131266323899,0.968367216525275,0.031632783458465534,1.6259468634461663e-11,7.166833357109396e-11,1395,7,fe26ba22bc01db0da4a240da4cd9d8c8132bf825fb0d0d4920c9038dfe1b486a,ca28615d098c45d77ef6a37731483f00385bdf61242bc3086267583f05af5366
v6p1if_0172,train,172,9.198085169264509,0.45280377846211195,1211.5186180493763,164.5598369824236,6,6,9.356689453124992e-10,9787608867.754734,11290836392.656857,174.39206351344592,87.69758475573315,61.4913502173377,62.706555944238566,0.9372728987857702,0.06272710121172395,2.505836345378833e-12,9.998087270669876e-11,1522,11,a308cc03e95d7c2b07ebc5b29715d80cdc673eb8db48d85c0b0648c946e1a3dd,4aec5c08d0e602852b2e1afe45e8957ebe20fa33574ab2bea1961f27a1a48f6e
v6p1if_0173,train,173,11.158558705715812,0.9491751501336694,807.1044508987095,27.81330508494599,9,5,2.0555877685546856e-09,5469150692.122837,7488879261.920387,201.23962717495442,148.21556454981464,130.32257626919082,130.50498221081438,0.9714769938932897,0.028523006118011694,-1.1301321428213805e-11,9.021027405970867e-11,1518,11,0b098f2523fa05efd1a1f82e891fb05a4a7108058feb86191b85119ff47f155f,3d371cba3616d019eec0a2705bb48f095e16876234c3f99bc458630036287d59
v6p1if_0174,train,174,5.7044666615999855,0.5714079048484564,548.0481353806448,53.72893344360447,4,2,8.416748046874997e-10,7043630711.787021,11578704335.111635,48.00676362576827,107.3345994732357,90.42843207092778,90.90820591352274,0.935632855385322,0.06436714463449503,-1.9817027534504966e-11,8.717740627144223e-11,1568,28,15c95443791543deefb0c75b15eb49dccd1fbf8fa6b5c42ed3c65e6b22c19727,977b79b1520e510859c04c91e0af0bc6d602b56265ff731dd85f8195c4f2a103
v6p1if_0175,train,175,4.44707073483913,0.07544133439660072,1194.1416866637396,86.7559226933852,7,5,1.0024261474609367e-09,4468775179.800302,5720883916.13839,129.44467965943727,43.570940537314755,33.106064051557176,33.37439898744166,0.9544530410228804,0.04554695897140895,5.7106422536481465e-12,9.756797628387568e-11,1615,7,d398c6e8db3a2174b25602f7bc8637b456477079d295ed6404bbc0443ff1bea3,18024b4311d315463c59dce6c172ae384c654d342badb094e0da689fba75a0f1
v6p1if_0176,valid_iid,176,4.446888495201351,0.42816849891096354,504.0054001892451,90.90585185091717,5,3,8.415222167968747e-10,5383723227.304456,6205295277.661622,117.24092457689596,86.07260238508053,71.48326950523736,72.1481010193478,0.8994390116049633,0.10056098835642106,3.861558359396637e-11,8.090350838337488e-11,1488,18,15d2345cbb2f37436707dbe89353fb4083b8c336188230976dc3bb8d6c955e70,d256abd5b777f44913e6763b99c66d4c529cee56d9d262b94ea8abcc3f7f3950
v6p1if_0177,train,177,13.805039783702703,0.9240058166906238,1084.550211764455,50.36686086865425,10,3,2.2033691406249985e-09,6289280513.658417,8432609284.758087,134.38760182693116,139.6361801546676,117.4701551012106,117.97420698534312,0.9666598979630067,0.033340102030953334,6.039997956723625e-12,9.536980596615622e-11,1637,13,cb8723e8fa682e34fa9f8a2458beb77159113d80e85fb7ba56356b3bc5e42b97,fd67a81a4327a5d77dd87d922c464df80c2c8b2dd2769774ec2c518e7eeac006
v6p1if_0178,test_iid,178,11.169146867009648,0.5476269982755184,1329.4139127084788,30.759415857885642,3,6,6.395721435546872e-10,17979115894.469055,23591712042.153313,69.22679901857745,112.04911965944495,80.11810335229897,80.31007262653063,0.981007471459183,0.018992528551171266,-1.0354204465031344e-11,1.0024063777659647e-10,1528,16,5f30522450f3ef3230802f23bd70ab5aa94ab7802b3d11bf5a4764dd992d8393,6664f4ba0e1164ff54aea13c89490c88bb212e0e2a29c7fbb576324575eaf020
v6p1if_0179,train,179,3.2630841992336697,0.051370514556765556,880.6216152902797,151.51134965531784,8,3,1.1247253417968745e-09,2889950516.039172,4097638240.483332,36.6883521718838,40.2510318860119,30.174165474236496,30.615672064088674,0.9153453047318857,0.08465469525126915,1.6845115715922367e-11,9.271681636081696e-11,1529,12,ced97420f563ecf28c3da89dfa1639ceaa662d378c8af95252f73a2a1f3a0710,698683a65c2cb6d438f35d97a9945225e73bbb04853596283742be48d2b4c7fb
v6p1if_0180,train,180,4.76511103971258,0.16358484979718924,988.5009776163876,20.247017072481427,4,2,5.827331542968748e-10,8203150683.689532,10136303500.870275,300.4333469953695,58.61602944961868,46.98088169903881,47.01906533932718,0.9816310623405251,0.01836893766519545,-5.720526735675536e-12,9.37316096206503e-11,1609,22,425074bae78330a67861ebe905a3930845061340a7e9aed20bdbd7fec6f852ac,1922c5e5d0670ae838919d147a24618141d7476279dff031ad127a5af425f0ef
v6p1if_0181,train,181,7.304294789959277,0.6600248860195279,661.6596688768109,129.47506846580833,7,4,1.373138427734374e-09,5463538077.178789,7903391419.10254,50.59180035326048,110.83429667004077,88.69048572421396,89.93632442655262,0.9062048291369905,0.09379517087730921,-1.4299715588026973e-11,8.533982491343163e-11,1498,14,98cfecaa7ec69030b591ef76eccb44473b0b07a5aa071185bc0dc085a68adf72,81bd0d8c9d59e48ff326c0a8648ee1d7e5ece78d7fa490a6ec8b2b86b6fc9128
v6p1if_0182,train,182,8.348607709849905,0.7824331093579531,671.7172539810067,67.24991028019552,6,5,1.3587188720703119e-09,6201456682.597121,8308859423.151425,112.37649708032397,130.46166294150242,106.49899582729665,107.29968919732917,0.9386668649540565,0.06133313505999333,-1.4049841714983525e-11,7.715122591345862e-11,1360,9,db8940d857e5db8e1037ba15caf3961a6b4e80bfa69c1fcb8febc56ee256c9f3,fdc9d7fbd0f2946bdc8484bb66c384bd3e8bb05c629fad8636cc9c72b665248e
v6p1if_0183,train,183,8.243297640156646,0.28653520345687866,1456.4777144723325,38.27518100173596,9,3,1.4799499511718742e-09,5624172274.708745,7289890797.1994095,101.13331013231488,66.00595914989094,55.08791341830138,55.19530830621564,0.9780237674116221,0.021976232595665057,-7.287220332608222e-12,1.0964117198719226e-10,1671,11,d6d50b724a662f5379c29787abbf540d092c9983cc15c8c7013214c9db71d6bc,3297b5560f16f8a760cfb8f4667e54ab37df9d7db3fd36bfd96b07cd4eb7ec86
v6p1if_0184,valid_iid,184,6.86334497569354,0.49889678694307804,774.6104889969487,41.692893385819694,7,6,1.1935424804687493e-09,5712908807.768596,7772167177.920497,60.558060870072346,95.41674394558919,81.18613329549017,81.40854140186688,0.9588847307193648,0.041115269303789,-2.315370773504886e-11,8.332537606921946e-11,1570,12,3c2a3973801a7bbb5ac8547b256e69a5356b1fbcc75c83cadee5d3c47451cfad,a7a0eb561199b2da1e1825970ee9141059e412c7c8375faf2a946cc3018f9e3d
v6p1if_0185,train,185,16.479578260843276,0.9946349486708641,1263.0127713893962,83.83883945672038,4,8,8.709716796874997e-10,18973293456.77865,25010369643.982967,121.0060037123742,157.3158019478671,115.64619234021436,116.62576125063912,0.9596859969816468,0.04031400303107682,-1.2723629681591828e-11,1.1109894566494179e-10,1531,6,7d75d1108a9c96fb91708cd61d24c3b897e704c7673f3a6dec90031ce74c3159,8aad6166bff2f85a72e1d57ecc9dac96b4d0dd8f25a02613712c1f4f2745c87b
v6p1if_0186,train,186,10.770044193954377,0.6175923487171531,1146.4039243059838,137.24282151322274,9,5,1.8412780761718743e-09,5815749135.030246,7173875010.0958805,134.45848706173655,99.68704128263977,77.78169330245436,79.0756688486981,0.9435074840705022,0.056492515942329666,-1.2831940112457159e-11,9.217554967033526e-11,1371,11,8fd3483a9781cf7f1d561b65657ce4c6ec4589be7edc76757178f332775971db,db7f51010ce8978e85b453d071ef8b82bc9d9babebc7f1cfb286628c9f8d13bb
v6p1if_0187,train,187,2.796210897058206,0.12129774410277605,570.5252502729552,25.008448567537975,6,6,9.857177734374991e-10,2832305140.5830493,3895554502.137403,162.66828591947817,52.39097877567991,46.00874985041081,46.05260281659379,0.9629696159936503,0.037030384067306,-6.095624553573996e-11,8.673340774435091e-11,1646,16,1e3d44eaf7b434deadb68ebc3d55a930fd58c7366edec4115d9f31156942624d,86b9c9ed007f991ee288b7df278f04db0898ac60ade8b2f1fda3f33475e9b4e3
v6p1if_0188,train,188,7.8177859805433725,0.2335730828344822,1540.130704332361,187.19351546367395,10,8,1.6732025146484361e-09,4699062007.123301,7076100835.048932,166.48068800739745,57.21286913101176,41.5906191519494,42.441442289165195,0.9453808232822853,0.05461917672541592,-7.701307343365344e-12,1.0247167622795545e-10,1430,3,1a4314ad461842bbe164cab8f5edc5f6ee62942f8842cb69b78aab28fe0bd601,6aa4db8c365f70cf4aedf3205d06620d469ac06aa923d4fa0cd8c71bd03aa999
v6p1if_0189,train,189,8.752879727609676,0.7299292292445898,760.1360051504014,32.61384224711113,5,4,1.0522460937499996e-09,8300944813.640285,11727398551.651796,184.6973718069973,126.57253887417096,108.61913194768506,108.79565010801008,0.9650157422986088,0.034984257717445184,-1.605394025204661e-11,9.748187790286533e-11,1782,21,ccc19114ad2b5d55001bfd1ec12b440c8037b583d3343910d94bf3a8778b03fb,d242dfae1b6e39bd9e110c6fe545b05c906d7118d0f50d8a52a0f5a68433518b
v6p1if_0190,train,190,7.9469985120984745,0.8531232485547662,581.9095425727525,62.77319362183844,8,2,1.6808319091796863e-09,4695696202.158138,5562535224.477794,220.1609765054423,135.69474034274396,116.60077849401237,117.45490375367966,0.9338811384803791,0.06611886150990112,9.719769000155675e-12,8.653635876785735e-11,1569,16,7afbe312a05ea97c95684e65d2348df5827edb0667938381863839d0c51bb81f,34cea81f2a1619e54ec72a19ccdcd1ce9b63aaa0b67363b339582eca3f551122
v6p1if_0191,test_iid,191,6.549301108036403,0.3572024879977107,939.3527186625447,98.99491250578977,3,6,5.345916748046872e-10,12093667023.41448,14245029297.129515,120.16272530214746,85.75720609418187,59.97700232609058,60.523689280853866,0.9384845291914578,0.061515470792132036,1.64102540465686e-11,9.092375683910287e-11,1499,18,543cbd5e2d0b302bb717ef40763babe3df3cb227b18dc56d9c95fc47ca88d2f5,aa0d62b48ebd8e23d49bebc211db095861f5b316c3ad52882c2f79a0426e2aa2
v6p1if_0192,train,192,7.868454010208277,0.8010993702337146,609.676896990397,51.58358760658412,9,6,1.8211364746093736e-09,4342252730.436076,5647480458.110679,58.635791892313684,133.56618464074046,114.01600784446893,114.49044010824723,0.9408610966839046,0.05913890335620005,-4.0104640752620755e-11,8.559081460425145e-11,1551,8,5c06fa0c1cd55d5dad282bf325132d763a62dfc7403207addee06e21970c3298,c95a923d22284fadf6567c1e295b08b62ecfc40d5e6271a8618b46514260d8a2
v6p1if_0193,train,193,5.710865944859867,0.2969216937199235,894.6320952210009,90.36563799425338,6,5,9.456634521484371e-10,6141087599.46926,8314045310.870319,171.37449902120724,71.14499948363255,55.064298659846955,55.61955929061641,0.9429605140988134,0.05703948591901223,-1.7825611873901626e-11,9.367980736571509e-11,1582,12,a3a7cc3c9c6b0f99cb684bd6007dc648bcd3c3b489edeb59a9904198ea79e7e6,f0d4c6f64748096b3c1d5872c5adb5879eea001d9ed3b4585979d3a1df917935
v6p1if_0194,train,194,7.076543802888782,0.17471135966479778,1580.9999338272269,171.40684426641462,7,3,1.1439514160156243e-09,6332316427.471705,8251463549.987859,42.96252924422462,57.432237655307404,37.818628607010275,38.58044732560123,0.9511637028938047,0.048836297078576084,2.761916249138849e-11,1.0956760083901139e-10,1612,16,e7febb50a010cd4e78ede51e0221bb085f9e4a01fe3a2a9948bc96c9edf1c44d,43d73d7b94774ef801425c3f56923cd939c073ac36de43d34eaed2fe26b1e995
v6p1if_0195,train,195,8.154297351060965,0.6784394048154354,742.2501783916043,26.70275292802606,4,3,8.368682861328124e-10,9766407940.080606,10666960584.916008,139.0365143325068,124.53691584198873,103.79147181781232,103.92134512600141,0.9694167743117988,0.03058322569016232,-1.9611591045579126e-12,8.003143143429341e-11,1483,18,21f4a854536cfb447be2ae6f07814e1a8dd2d7d7c4d567ff25056d53b07f0eb1,2198cf9b30f81a6d8aee5d5e0db4a37d893762634c757e9c53d6793d87fff732
v6p1if_0196,test_iid,196,10.011240084684452,0.5367445992305875,1176.8447549308248,112.84137544830732,8,8,1.5183258056640613e-09,6515073234.011652,9101456634.977198,82.22045969297758,100.46185405915838,73.47726290828537,74.28845257498278,0.9451819614520319,0.054818038566008635,-1.8040608323465643e-11,9.585972160497762e-11,1621,9,49614d96875650388e191c86fefc7037080a3d79b7fd6b7a9e4e0c90142c5685,56f6dbdda78e46b69fc5c4859ee69553cbf3c62ee5f991b6f62e9c527b1f339c
v6p1if_0197,valid_iid,197,2.150232334282422,0.03320016618818045,557.1299789037535,22.81561624763073,3,3,4.07943725585937e-10,5234332800.914575,6159047578.8938675,216.2770961758953,41.51817870294582,36.07638799805368,36.11722601919848,0.9659029345413004,0.034097065506284996,-4.7585419784804395e-11,8.251006298920838e-11,1403,17,11dbdd124fb29c83ab5622732fa5de066b8bb27f089e2787c5dc8934309ffca3,47ec73f51878fe8596b622352e95a48aa7320d52f9f89688b63de7c32011177d
v6p1if_0198,train,198,6.30753666359022,0.40925806760787964,811.6154097421171,38.155237894847204,10,8,1.7498779296874987e-09,3623096554.413968,4566838576.535502,176.35692690125072,80.20227123865294,70.98050091095969,71.20307805762388,0.9649041051854408,0.035095894812165275,2.393891830704671e-12,9.3355139617379e-11,1490,7,7d70af4af82818d1a3e34496dc34c9a6b21e4e968dcbf6add441f95adb1aed63,13a7837812b491e0c9070d60c0dee378f23e647f4471c5c895c34ad31b60aa45
v6p1if_0199,train,199,14.850443756155105,0.9133752156049013,1202.903419429589,68.68161589987959,5,3,1.0198974609374996e-09,14769888683.299938,19064785332.510834,91.00930019091275,152.6868433370372,112.59603112470268,113.14836131384716,0.9600494057259931,0.03995059427343111,5.758483726072713e-13,9.860046033301598e-11,1561,25,3f3eef9b917c196a95af6726339e85393b813c996af964a8b80a4d06e665b057,21bbc3575fbde6302457d1a9405b6795f5ad6e1deeb54a130c9b071abf764369
v6p1if_0200,train,200,9.355336331601826,0.8720565661787987,700.6201302783268,73.48582025529491,3,5,6.861114501953119e-10,13632111042.400896,14570483651.48202,60.28870978925588,144.86048945585014,115.01793811727342,115.7846867202473,0.9334572520803395,0.06654274790040866,1.9251868681434918e-11,9.331627441023821e-11,1687,23,aa62b64dce8731edaf9701301faa342fb8545f5710036bd4cd633b0b2c42495a,f1b72ac9b2d77118f2322e053b2d56998340b092ccf345898aa5c19470dab550
v6p1if_0201,test_iid,201,9.090869122271107,0.36781019903719425,1393.4736102332902,46.722437289317746,8,8,1.3001251220703114e-09,7124396235.767776,9494914119.46695,198.9312016267814,74.10268800877753,60.189981894614974,60.43106491757761,0.9755823059230339,0.024417694076551626,4.144863800970888e-13,9.98019629052236e-11,1374,5,5952ef22f8e16192f2a5a87dd4da869d69685558bedec7ad3535336fa47fb2d9,afb8afa708e1abc349ccc3a4e58106a94caad86e123620324f52bd98be1b81b9
v6p1if_0202,train,202,5.760634731388513,0.24441733676940203,1019.3668411635219,24.625153389521763,5,4,8.853149414062494e-10,6604387122.817654,8785661281.354305,101.87016020283237,67.8192539574469,53.710306603073114,53.79475900265101,0.9797500854298122,0.02024991455970013,1.0487649820944956e-11,9.07432191538922e-11,1460,11,d181386d4c58524ed9b1f27caa3fc3943acb27c54d70c232d30264c56b47bc8d,4a95aa47c59eb8ad0ef49f20065f10317d57bb7165cf7596a17be38b6994af01
v6p1if_0203,train,203,7.808306771535088,0.7481377264484763,643.1992333869537,141.91779524240346,10,8,2.0239257812499992e-09,3849910970.480951,5637172943.565609,131.89303887912317,119.25250633747265,96.83385091530424,98.1240524469462,0.8911859093481658,0.10881409065894339,-7.1091578138047295e-12,9.107726178052256e-11,1720,8,ea5e60272651f31f8341e4937c379cb707a23bae9e3591fceb743ab9c4d4859d,46a797db2a3d3463880c5851116410c47c2a9a7cd0bdcc96ece625719024a0c8
v6p1if_0204,train,204,12.25211095791093,0.6065039839595556,1370.8988616372926,33.59270147582238,6,2,1.1936187744140615e-09,10525175244.219269,14861275224.791784,296.6535460499026,105.5234402496294,84.8442118060828,85.02548049500159,0.9797813054040975,0.020218694603884188,-7.981662841873395e-12,1.1082941425014641e-10,1539,17,ffef33ba484d5ad69c0a14a79ad337ad4d708663a66e90ee7f9ecd12d8f92c7c,b0b463625e301648a97b9fea3239c07876adf548d0d787e0cd79649cfeaee88f
v6p1if_0205,valid_iid,205,3.6780650629220046,0.10284507647156715,856.0055510236236,185.0524406030147,9,3,1.3980102539062487e-09,2648570226.4809704,3495438612.070919,133.04211927275307,43.48101226127409,33.98885460690421,34.69213350195935,0.9126433086169323,0.08735669146371068,-8.064299456012997e-11,8.440183093577815e-11,1466,12,543c856c0a9773fec9901c2bcb370657a51cc2d7689ff19c2ed1d97bce7fc27a,474e0adee2291eb2a7bd6d2073a502f75ab8a2cca0299e2faf6a02d13fe9d2c7
v6p1if_0206,train,206,4.932295656521306,0.48020763974636793,525.6633302261331,110.62439572730257,4,7,7.421875e-10,6592089040.985287,7358947585.752754,97.88672982935842,95.67335727233632,74.99459007831794,76.05329519796868,0.8985187490754242,0.1014812508693858,5.519008307847307e-11,8.509564374211414e-11,1707,14,e2ab7b2ac0ee47891118b08e6e745f6b34c8a9c40b9022ec70aade631454684e,4289133ae85e7d5186b0660a413c3d922d663d9561e98cd070f2ee45d4e20a64
v6p1if_0207,train,207,13.995005310380677,0.9842713484540582,1037.61529560576,55.176018929708974,7,4,1.5355682373046863e-09,9227980167.974527,11805220769.340403,185.98329532448116,143.66697939488387,121.89116466404478,122.397572648959,0.962019698112287,0.037980301900397646,-1.2684715675273255e-11,9.293804839110789e-11,1512,16,18ee0728dd22f342fa3befb358b32bc7724bcf50a894b71a07b239fdb8473c40,89220cf52117625b4ff6df09e69d5d85a48c5602d252206e1deed2285ff39c15
v6p1if_0208,train,208,5.57587508080033,0.520345326513052,575.5076057762102,60.811297466632645,5,7,9.397888183593744e-10,5843540523.78063,7347437947.117613,93.49379611140566,101.69997200994953,83.94873808161671,84.39602818808343,0.9299429243119051,0.07005707565806102,3.003386821227901e-11,8.280492739121744e-11,1690,13,22642e722290c035184ca727bcc6cca4ac45442b483872e0088104d027ed3a62,ab5d39b2a1c36f82465f3a88dfa1bebef350e6fd5de2bc1f00256d7b1af30107
v6p1if_0209,train,209,3.582917974983269,0.016152365133166313,1139.8716375822896,102.19045690112871,10,8,1.3494873046874994e-09,2679455624.0961323,3570889995.464023,152.32663916728802,33.61528231503365,26.94688039637381,27.271110101755145,0.9520185549294908,0.0479814450791317,-8.622490584933755e-12,9.815815531313227e-11,1447,5,10d2dc2907895cc97dd8ef0ff5ffdbf080cf227b0a9f01b7680e736796654905,ab8be60e38a4c75287e06a89dd0b16b42c6d1678649cb476818c4d91d2345e7b
v6p1if_0210,test_iid,210,8.613821458894947,0.39295023027807474,1240.838994871135,193.23615117826063,3,2,4.5913696289062446e-10,19104403026.607616,22770150610.307518,96.3478723221562,90.1549151604242,55.209679214313375,56.716262516506596,0.9400605282498276,0.05993947175923329,-9.060801166135253e-12,9.84826273135697e-11,1497,32,48a70a5118f5fff6206d95582c04bd3e25223dd174b5d540bae57006249a1f15,93faf63eda722752bc90e46bf441406f538c6ced519b8733aa91078853c47ed3
v6p1if_0211,train,211,10.466726495298646,0.8967240257188678,786.3277648242153,31.594547256550072,8,3,1.6905975341796869e-09,6247748496.051012,7464619485.584109,131.36184950736143,143.67680829482055,125.29110702865228,125.45205461762659,0.9664999042324327,0.033500095747314086,2.0253205543473195e-11,8.729877903216657e-11,1486,14,25966c9053443684293e52363c0dfab43bf77717f9f621d6b2c40a6d596f3d69,110caec23ba6b87ed64a70c28735185eb4091b43b33331527f61247a5a183b48
v6p1if_0212,valid_iid,212,10.542329767441402,0.7550292480736971,932.6760318308825,133.02826998583637,4,7,8.367919921874993e-10,12604656636.010204,15161865074.393906,175.74902599471937,124.22289586053591,91.83100149546844,93.24910427906858,0.9288167289022325,0.07118327111725807,-1.9490586630255483e-11,9.110497450176098e-11,1476,15,197f97f88759cdf32f627190f773a27f625f020c86d4be700b4f0e63fbd1ae63,02a6da1090e9a28c56e06b62cf02b7e266bed9996b300c0d942fc7d90bf76dcd
v6p1if_0213,train,213,3.7648827332660693,0.25143900513648987,585.1612335876792,25.801217148944225,7,8,1.1439514160156245e-09,3291634479.104354,5252624012.3286,103.75405827845776,69.49786897319643,60.40177342376138,60.47781467757192,0.9634516933174685,0.03654830662705863,5.5472930159566005e-11,8.568494822388825e-11,1621,7,685d81d2861be2a2975fbd8a4b59c40c3549c1b577e460cf1ecd7c355193b5dc,76e306c938393074fce266cc9012331fd684d9c55be4c4fec58db446a6591863
v6p1if_0214,train,214,3.6162751451989044,0.12848877068609,772.7315663452035,43.01454701571249,6,4,8.258056640624995e-10,4448231118.750908,5664251468.488447,106.37117823499258,53.78603856106059,43.09266116734022,43.24232135046048,0.958652062869275,0.041347937131819605,-1.0945579303610005e-12,9.262928481642987e-11,1701,13,d66e0c17a22675874f191d8493d672d42a2e5da08fb6664b56a325153cd15ec3,31a22246249c8da643733e949c7710ea7b74ee438dc876574d56868d77fb9b54
v6p1if_0215,train,215,13.666978963832708,0.6326211439445615,1517.8272600232788,81.2642346587937,9,3,1.7454528808593739e-09,7783195711.398533,10044405813.062475,227.85558969312368,100.74080768100339,80.14553036420926,80.72905412187858,0.9656247729467791,0.03437522706132995,-8.108974386934604e-12,1.0471027654617037e-10,1381,11,64c82eb427e65608724032c11c6a4fc8b13d29590d4c352ac8220890df01c666,32a1a4994cddcfbc4d2e95f5059c1322d38af7cd8cdb723c9ee7a8882999e685
v6p1if_0216,valid_iid,216,8.567437873051592,0.5903106769546866,892.1058638046749,64.59985411088076,7,8,1.3470458984374996e-09,6328322084.761212,7418288694.019789,138.7855140100603,102.74237096036978,84.55394045688297,85.05993066657118,0.9515027601597714,0.048497239839833214,3.953161270739579e-13,9.105139086591818e-11,1536,13,345df31a326f91da2098e64c286fd52bfdd6d1b7526fbe4a4398049624702760,96f507266c92ef3b281997940e2db618b854399c53d7da58133394e811ee91dd
v6p1if_0217,test_iid,217,4.939544003390978,0.08607959467917681,1314.7230949440223,39.84461883502865,4,2,6.271362304687494e-10,7801540452.309821,10014190040.978973,40.74386702638378,48.46534558707481,35.65148106949248,35.74902572064051,0.9761602945747956,0.023839705468025912,-4.282145664884271e-11,9.67985062146889e-11,1506,31,bce3aee343b04a3c67e535c928537807ce934a52800652e37422515bd526f46c,e308c48dfb5ce08917ee9bee7dd58f3fc33e12c97952883a8b91ad2964ea987c
v6p1if_0218,train,218,8.526260416415127,0.46367851831018925,1080.4369356684983,21.077232316758586,9,2,1.6256713867187493e-09,5186393146.604121,6871151546.058572,95.7801678411354,94.43165195897029,77.12683319210807,77.2158125499564,0.9828045342289665,0.017195465762552802,8.480710041168537e-12,9.380534402640793e-11,1620,17,bb3cad0c7d4efc98deeda401ff15b4b67416f7dbc8c53d4a298b1c03147dddf3,0d07affdedf98ce5fb2e6321941742aeb81084e0c8bd2737867fc560614d6e33
v6p1if_0219,train,219,7.8193600414722155,0.9673531576991081,505.1340268115498,124.3729987780237,6,4,1.3092041015624996e-09,5995215637.454205,7318683221.943786,160.59594372843497,143.93678495440656,120.35486826143908,121.85906402874623,0.8783888945079082,0.12161110549596273,-3.870963128571657e-12,8.567673242072635e-11,1419,17,d7ab4a0f574c8787b723bb91bcb029589d42d9283f870b41b27892117933ccb7,a678a9850e40d05d81301529de5bb8ac2aa0918f31ea6fe3b24cbd08a002e602
v6p1if_0220,train,220,15.859691500058064,0.8257193872705102,1439.1578229946128,29.530710098559272,10,8,2.218627929687498e-09,7212985000.181917,10212978015.231535,109.10030184876533,128.66845644914235,108.05960120085402,108.1912357204832,0.9819380688845809,0.018061931119702355,-4.283272643792879e-12,1.083785079179252e-10,1663,10,e7b03a93a5e6ac229971c89d5696c4d7c52d0ae273f2a51f55ce28a900090574,6cf68baae9a233f50e4d0549c742d863a14ce986ca1a99ab2439571f0b5e1cfd
v6p1if_0221,train,221,4.785611614239892,0.3221062896773219,677.9704837101233,157.81266365812186,5,3,7.997131347656249e-10,5999256386.309111,8499639958.558577,115.38338491579195,76.83409217614053,55.54671553511241,56.548767813192555,0.8984213843187111,0.10157861570098746,-1.969852313748718e-11,8.7430801284782e-11,1546,25,8e99572b9ae14ab1321c67e7294025f160bbf653cdf258b37f1d821817d596dd,a89844c57a53ce5b0a3dd7258c073af97fc4b9b8c5a248a4d7f51cd4e9fa586e
v6p1if_0222,train,222,3.748728547406955,0.19847700372338295,663.7072628767851,94.6865723910697,8,8,1.173171997070312e-09,3151932466.8111315,4329882424.946564,140.66688812999547,58.64915132405059,46.62555132876963,47.20738223741481,0.9259096735898953,0.07409032640393806,6.1667004081531766e-12,7.789646820501771e-11,1459,8,4b562aa0f34f02e217c8aef92974e5c14c9585380d76d7dd1a95428056ab022c,3faf3ed85dcb2f3b3df1367848e4565f86580fb233bb6a3e97db56217ebe9e23
v6p1if_0223,train,223,10.480042451719381,0.7025254871696234,988.3951613477731,48.354910164330974,3,4,6.402587890624996e-10,16595425497.46773,23256491559.905434,168.5461394449074,124.82451832388614,97.44243783281338,97.75586512561289,0.9635293738177392,0.036470626204152305,-2.1891432997874008e-11,1.0364769423263185e-10,1590,23,cfa290454ffcef95416faed954a79ab9e7d96394fee0a39952fe4e703936e0e6,c753532dbd8941baced62a01ac107cae98c910a34eb68b76493a35f6ca583c75
v6p1if_0224,train,224,2.84679784813462,0.11558513157069683,594.158050577144,21.875848418016126,8,2,1.2116241455078113e-09,2384292484.2338533,3178079900.2428193,174.33784389460357,49.694852278524536,45.243869451533044,45.284680799075616,0.9686565391716561,0.03134346082597517,2.368741469485833e-12,7.909950132438843e-11,1544,16,d4cf44c396749493a9dc6d7173137334e25eb6d73ccd50d38834e70a20d8a864,1d389431f677e02445b2359eeb79f4a4c9b352cbf2cb768ba0e154a163e55839
v6p1if_0225,train,225,9.255100798080832,0.6113459430634975,954.5863384486174,119.83255318713901,3,3,5.607604980468748e-10,17234985847.565716,24754157834.964672,107.19191917417446,114.14588365293497,81.11559396215111,82.33229304320467,0.9390349178680322,0.060965082116181527,1.5786275792277455e-11,9.354886219863775e-11,1504,24,c8f2ee62693f4b08ab88f921de696a7720df5a687a0cd9f38b4ceb115d33980b,ddd6859b45a0730f6b4ced8b442fbf55b8234443b96cff3ad0f908dd4cbbb6c1
v6p1if_0226,train,226,18.821373389315767,0.9852871699258685,1508.275488253227,72.03976306765134,10,2,2.282180786132811e-09,8236083482.731764,10497415632.67277,45.74814847303285,139.4560497470078,111.56766418761804,112.37644986695804,0.9689300685599249,0.031069931442004785,-1.9297123156913125e-12,1.0931958470054847e-10,1505,12,7f27bd3fffb7976a6468830bd08a6391a5fb73eb9ed8de306679d8935e130694,fb61539c15bc44cecd44bac3b9672a25e918db8a286a9c76f9c11e114e09b88d
v6p1if_0227,train,227,6.5922037384647645,0.48895370308309793,748.0593418357314,35.72966203120789,5,2,8.966064453124994e-10,7378724301.126787,9370120307.849552,78.31154285914235,99.05604398209431,82.50121262071501,82.63753143562694,0.9608305042640761,0.039169495710540854,2.5383053588315814e-11,8.88047847326016e-11,1629,25,14793684623129b581a1e4b362924809324eeb237e40436c867ea1517ae3dd7e,7ff952f71d5a741bccd179ee3eb2495b6e8e00f6bd1904805c1ab426fa5bbb0a
v6p1if_0228,test_iid,228,7.475263748817281,0.3512304723262787,1123.7177548096038,85.0990006006011,9,6,1.527938842773437e-09,5015351984.6462345,7528212447.06717,167.7954847719587,71.11794001600435,57.48025131398526,57.97963026869746,0.9536452595286208,0.04635474048267779,-1.129855270995749e-11,8.914615724133016e-11,1381,7,d8091a1c2de551298ae4645922168adcd46f1c7b79f2f136e2d830302bd9b092,c5348b6df1aff4efbb549dd3214822ea8478bdda43e6d5d012ea0b4bf5f02e3e
v6p1if_0229,valid_iid,229,7.689596075141079,0.8476245272904634,561.5849838059357,53.80275894683084,6,6,1.1840820312499994e-09,6561376510.288387,9337711182.346445,132.75682814610096,142.58498599318955,120.93304625198745,121.4335796349695,0.9341551831005311,0.06584481692450804,-2.5039168806522784e-11,9.508109335612193e-11,1782,17,329dc36a5a56cf964f02afdaec7b1f57e280cbb26d8cf57a8949582aef7160e2,4065e93d9e879369ca3437cf4f272e8cdab4e13ff83ab091361debab1042d726
v6p1if_0230,train,230,8.936463821596334,0.7198337661102414,790.3038606385861,28.516706774518255,7,4,1.4055633544921866e-09,6419885532.142057,8928434915.361147,215.38496661696442,123.20599098853285,106.88655776785356,107.06810977198747,0.9704776103146397,0.0295223896806188,4.74144735580126e-12,9.086008554290456e-11,1645,11,3aa5bd4d2aef789c8f6888ff9478b5a82112b2463ee598dfca3f3902b67ed3f6,4b77bcb5db80f186c41f0ef41f9be95c486428cf8de716f1a9f9094536c9acbe
v6p1if_0231,train,231,6.64116624277159,0.22388940211385489,1283.0269253856395,163.4241898062198,4,4,6.819915771484371e-10,9841599684.307701,12699520767.807579,72.72345638143345,61.14117950705736,42.58595997237999,43.33163496937191,0.9404188206904331,0.0595811793162687,-6.701886359990676e-12,9.829035015449883e-11,1430,20,264f7cd96e82102a9693d0fbd7ded99c01bf42f3beee557835a1e5ce1d450236,17729094507e74bd2ac18f4caaf634035f19860c8fc629fa8cb7ffd0f2214676
v6p1if_0232,train,232,2.746990956004708,0.061481294222176075,682.1746609095502,173.2799561345094,6,5,8.331298828124995e-10,3356475034.5168786,4736810827.781703,136.32385347563246,42.45814588425503,30.699810706723653,31.369325943908166,0.8963871712702102,0.10361282868448639,4.53034321809365e-11,8.198859483074496e-11,1409,10,a2517e95f2a3d95c3fe4deffc6749d406eb750fca84900982612d87f8525ee63,c413f1b52bef1577fa665ee473c254daa3db1d51b3e37284784f5755e33a586d
v6p1if_0233,train,233,12.340264106768327,0.5572954853996634,1486.3961656380823,35.23320542845854,9,7,1.6304779052734366e-09,7388493366.107606,11214359988.547125,168.13230201336165,103.07392352268079,81.75424102220377,81.91727344135786,0.9801341904545497,0.01986580954143853,4.01176441755923e-12,1.1059527013466275e-10,1647,10,98e2d0848f54ae51676a023543def6c1680c12e2ffc628f0f989f68ee1f8ae75,1d56ed9d78606ff185e2c145b833f153b0878441e80eb2f0ab30102c5ec69e71
v6p1if_0234,train,234,12.735634832724067,0.9299321100115776,973.2798274811281,58.59124606332632,4,6,9.277343749999997e-10,13859267376.754057,16063584372.776041,133.04674419565524,154.29394352095238,117.58492258813939,118.27058280671315,0.9589257555474661,0.04107424444134448,1.1189505176228625e-11,9.083748221156625e-11,1536,16,50fe1acd913aed1980f0f39812857baa63408d98e00c5d01bd1a6c7df2977ce2,0785b38f71c0fb6f018bc5f70dacdfb45bfa7e68d092deb019b2e90d9a5aa19a
v6p1if_0235,train,235,5.468174344109627,0.4337130580097437,648.3884849497783,106.06251132791297,7,5,1.2452697753906242e-09,4455434470.668405,6003499113.464442,176.02816664528038,81.90166977445199,68.7079994907252,69.42038091814113,0.9102411749879064,0.0897588249976511,1.4442489312222684e-11,9.20601982317489e-11,1494,14,9a485652811a79c11750bbe251e990f2b1b29fa1a5c015b1b698013c98ba8de4,df03641015383827148ec3bf26c3c3d3ebe27a1e098dc9d7e4e982fee7497096
v6p1if_0236,train,236,7.695986745574515,0.295928823761642,1307.931664699529,44.54413841464486,3,4,5.314636230468746e-10,14759034815.989578,17475010031.113735,30.245863839288873,82.70824444592955,55.53390854391374,55.73976128804284,0.9729789042999502,0.02702109568609714,1.3952725925285083e-11,1.0203539421088371e-10,1596,22,fea13f4d9d5a095ff32916f78253b5df77a54dfc43c4ecdf7e9dae8c1fb415c9,b3f7fbae765bcca9e7e0a9edd9bd0a0ee0fa89c398c3bc8d40f19679b95cfd42
v6p1if_0237,train,237,10.267133015411416,0.7923304745927453,862.6437382425296,78.47371454388193,8,7,1.5592956542968745e-09,6658726551.010275,9420574809.799221,115.6328988818078,134.60586523731877,104.02394489814253,104.80098771744011,0.9432963870913534,0.05670361291590984,-7.263318631163034e-12,8.773903173889693e-11,1576,8,d79d6b72d457c12877b98c2cb5af860c3b5e658a4f2f5a58bc5758663baf115e,b7d66d12eb63a1849cf282c529b7b563409d16e26fd97e0ffe022c744ac61b91
v6p1if_0238,valid_iid,238,6.003749571957874,0.6657223012298346,512.3193352329445,148.01566021412134,5,4,9.049224853515619e-10,6618958423.403303,9223159315.58665,186.26323203019916,113.68042904512117,88.48456366272062,90.4137957882251,0.8868366130978413,0.11316338686605067,3.610797809153752e-11,8.390240314431047e-11,1469,14,b2eb07c84ec108d45b576fbd7432235d1b34e88a6353a66fbf4fce289a6b0192,081ac471db97d2214787dd77a6566d5f32e012fa560ca8d1181e142ce76487ff
v6p1if_0239,test_iid,239,5.283858431826154,0.1698465682566166,1107.072997958801,23.188705245240683,10,8,1.4941406249999993e-09,3539770371.4563394,5087152441.384956,90.57800343476796,54.67437676758294,46.49339828044099,46.52934168717445,0.981494307260648,0.018505692732516753,6.835282526976918e-12,1.000837309810577e-10,1638,3,ba53152388bf37d6655276c5df12c7bc6220a95d3ff35d119f760b32e1e5021e,53a5db70f49c84bf6c74c09ec5d66585c9d33882efc975ada8540e4174d43e20
v6p1if_0240,train,240,4.078019167680886,0.334831022657454,539.3380461417553,25.500806471021043,4,5,6.591033935546874e-10,6072911619.830571,7644972041.204314,120.89181148977075,82.47898385297617,70.26564244137056,70.36306801333794,0.9610703091218559,0.03892969082688214,5.126202034268103e-11,8.020505638111358e-11,1514,22,3ec6860907cc41c0508b5b92e61df974637b5e14ff1d0bb45c8ecbbd22992562,4fce690ac8b186cd1409e9aff6fdeb49934f73154a07bdaaf9b12e32f7576a88
v6p1if_0241,train,241,13.520335373386548,0.8305765492841601,1169.4468114275996,137.04457702937523,7,8,1.4727783203124986e-09,9227671254.00323,10948639845.299997,171.15500274108456,124.62970152098086,98.03432151675284,99.55628577478711,0.9439692733044861,0.05603072672390033,-2.8386466836493326e-11,1.0189669926555117e-10,1648,10,a0eedba8ab29e577e2b7d263ec527827ab0e66087d7be5b4afbc3c41b33d2a8b,832166d254c30fdb078507ba17ecce79a35492c9286fc9619fdc2c03bc226f5b
v6p1if_0242,train,242,12.478392521108752,0.7035259865224361,1231.1703023192351,81.76492283444345,6,6,1.1779785156249995e-09,10581625210.5852,14288967047.258268,53.39046178346741,117.15243355382484,89.83688769073912,90.61066947929682,0.9588907579105702,0.041109242097679945,-8.250197655066547e-12,1.0327108146004143e-10,1617,11,d069d4940a26a62348531b9badb4547b66a8a96af6d0ae729fba6724d5653c76,d4ca4b54e414b59537fb0c6195e83b106670c3956acbc948c95d8183e95bb42a
v6p1if_0243,test_iid,243,4.528245864771137,0.20723826996982098,824.0885034068002,41.99156245881484,9,6,1.5226745605468743e-09,3044074941.672916,4081849704.7130485,98.44160960789152,59.35251409325173,50.66977687718505,50.78276145179022,0.9601299997792306,0.039870000197101255,2.36681401227319e-11,8.275167665070446e-11,1479,9,107b58299d504d621c04e3e64e48d62dbc626e30478e6ea409e96e6d05a201c6,6583103fd1dc5d1608f6ddcbb6a3e8bf118ed12f3b812030c67b9c2874391fbe
v6p1if_0244,train,244,3.575039568123188,0.06951507087796926,925.0391044664021,99.19976049398012,5,6,7.415008544921875e-10,4845181732.012593,5471594064.533873,170.61747120000356,41.43698345882575,32.82006374095773,33.1276332752925,0.9370998907193451,0.06290010935282818,-7.21732550211491e-11,9.348534603286383e-11,1568,12,7e1a942ae8fd7be6e698a57d5573f050060ec91cd9aa36e6f063b54150c3892d,e609310dc1e0a77dc384856a9fb87a598846f4e19fab97a35376a79dee33fb29
v6p1if_0245,train,245,6.190031783264998,0.5658633159473538,612.7666013536954,61.530524907360345,10,4,1.7967224121093734e-09,3393720454.4949594,5420674961.935374,143.04174997870572,101.50090564796596,87.36411449308706,87.85286511740883,0.9347203955254759,0.06527960450468558,-3.016148389068687e-11,8.511199746794821e-11,1512,11,b3647f78a263a54cbda8d8ccfc6bb84a9a05a5b150cea87074dea734adb1e5bd,bd451af2396308484a911058126ed045de2f3d2ab98c6db2ff306250f30412e1
v6p1if_0246,train,246,10.16013837778399,0.9390644002705812,724.301834082767,32.36630757073484,3,2,6.108856201171871e-10,17701449843.688725,25670171698.352833,69.29705947532372,155.69136957605917,128.6451334879713,128.97795517883466,0.9656974647594208,0.03430253524368011,-3.100911205805783e-12,8.975212634423081e-11,1436,23,c518ea165fb7876b4ae08cb93e259358d7816d15baafc4e2c09353a56ca846f4,08cdba32f6e6792ecbce06b1a827a17d3b0b289745718e1f2b5a7e95513c766e
v6p1if_0247,valid_iid,247,11.076406268503021,0.44313526153564453,1558.5775894533253,192.06428807329263,8,3,1.4537048339843738e-09,7597244359.635707,10816078887.194195,76.57355290377221,88.17505561449758,60.64865209576588,61.84983215335632,0.9441431150871206,0.05585688491838081,-5.501366272194744e-12,1.0351938708217203e-10,1600,17,8d8f8ba43001bb2fb17d7bb73f5ebf98652ac5dbd88bd6a5579dcc844d3bb873,9577c6b0f3160d4463cb3015e4f2008df8863c67d77002874d444bb2a881c54f
v6p1if_0248,valid_iid,248,5.254684008854671,0.2797353360801935,836.2539308423795,154.05080960393326,10,7,1.5504455566406237e-09,3409573998.290325,4286312280.6090074,129.09592569354683,63.64346613328598,50.168191668887275,51.05375135766257,0.9155654889891436,0.08443451098104691,2.980947434307485e-11,9.667360748515633e-11,1622,9,bb0d4616aceb12630b2ad4c297276f522702902fd95661206d58d99ef13262c1,5568f39eed08f17bea50abcc091422d13d57ae83d197c3a6f0cd65c6ba97cfbb
v6p1if_0249,train,249,14.397254749185112,0.7755648121237755,1349.9247315379885,29.711203326184147,5,7,9.797668457031243e-10,14708560187.454102,18952333999.105618,117.77546364324655,122.63079603641881,101.58468926538458,101.77882531705431,0.9819389735695432,0.018061026425188052,5.268769841580637e-12,1.0029164690038514e-10,1400,10,e7b5304a78373d2f206c89d003405e7320061f7355651c2ab816df249bd81a7c,7f609d3ecab9d13ca1f8c6d82e0abe33a5af23e93832fbbcf1be7f5b58750747
v6p1if_0250,train,250,10.568691669256621,0.6491932412609458,1071.6662294820567,49.812321806704034,8,2,1.496276855468749e-09,7125436731.054344,9469240519.359678,86.93448165466866,105.6242667067238,89.12002151808106,89.53444698814788,0.9672603497129278,0.03273965029338574,-6.313623042143024e-12,9.121054126470005e-11,1408,16,5f3688e9695e55f327912e057fefe441999bc95c34a2c1d2487729df908c13f7,b72e2fb06bda1126b267fff0d0185a1b93b56a8dbb79c65aa0efac8890fc0033
v6p1if_0251,test_iid,251,2.8385646206341293,0.15292843896895647,528.9265251042572,93.57892415283531,3,4,4.3350219726562475e-10,6675448934.673604,8879884592.807194,211.15683580178052,59.35094441776522,44.18037444124402,44.517878112397625,0.896765323818172,0.10323467615479372,2.7034263684525575e-11,8.917670998028603e-11,1750,20,2c7d449c4d8986c20ea53d245ad94f694b9d7940bcf8d3cc4daab93b20d308dc,f84854e0cef7850a8df2fe501f964c8c5042d6315aab32e32b0a2adcf17405e9
v6p1if_0252,train,252,4.266435626244469,0.015144173055887222,1427.8424970783021,39.600917700026194,7,2,9.709167480468746e-10,4487936523.625959,5903900029.24851,76.4511186540918,37.36464166915118,28.277718378995733,28.34762337622023,0.9775453041183573,0.022454695846655492,3.498727504245874e-11,1.0142661671018486e-10,1397,11,9370e9fac02df9b7a8f0612c537c4c2d2c47b04d8692e8029ec20e6304217211,8d725f29bde764385ab066dfb16e16fc928765be33479684373cd913ed3ac224
v6p1if_0253,train,253,6.514842237037408,0.5115916337817907,710.5781983442936,66.1743142758029,4,5,7.861328124999995e-10,8120170133.225794,10709358944.869942,190.67593708495855,102.05043566596089,80.53821931931759,80.98621765982033,0.9385870693144779,0.06141293070895404,-2.3431879729072816e-11,8.746187670459789e-11,1660,21,cff35de6463cd4819307f6c970ec4302d9bc1ad036aac1bed23ce29a0ba34dd3,663c79f5aae7ccc35bec49fc7a0dac78fd897c6ad1744f5d81122d0db8bd7deb
v6p1if_0254,train,254,8.602986534994171,0.8839916000142694,621.9503881743451,125.83714933605293,9,4,1.8829345703124986e-09,4530574240.453831,5653957757.670832,83.73898944217356,137.6252123576479,110.4699885666779,112.2697866188942,0.9081927700913,0.09180722990583512,2.8649167384048116e-12,8.46318626663959e-11,1531,12,7a5095ca0d2ac482cc7d822293ddbc829d0de483c8e5f1d325f3ac9ddd4ee52f,d1f4ca5e7b2b37e37a43fedf3ad9dd8039fe111ee050028ac67ba2734211b392
v6p1if_0255,train,255,7.292124691288504,0.3881006417796016,1014.1121455431087,20.45934253911406,6,6,9.81674194335937e-10,7552799097.741094,9166997855.86819,230.8330407888102,84.0806908956252,70.03121984775233,70.10786450140914,0.9820309371665477,0.0179690628168516,1.6600762870821224e-11,9.980293888231322e-11,1640,10,d78c27668f72150359b234c84b253fe5632eda9d526893f2c8ac00f2ca2a248f,fc6949fbfef52b18117588e55145472c81dcd0fd784be6baf250718f9ebc4ddf
v6p1if_0256,valid_iid,256,10.580100607241427,0.5923283835873008,1161.850325221054,43.77481831985028,6,4,1.1381530761718746e-09,9439441909.122856,12089379909.61102,170.14642124168063,101.83886801311229,84.02136325313342,84.27730782238685,0.971449035176917,0.02855096482020997,2.873015798205872e-12,9.91668204732741e-11,1432,13,9ea0dfa7655450300bd86d2d0824103b895f15108472018abe2e99806b81613a,c90e4a5e3a14c94634353a7cc1be4d919d06ecd35a61114722cbdfe461e93744
v6p1if_0257,train,257,2.4742651023695714,0.08869954664260149,543.1534586746482,79.85355143761846,9,7,1.3660430908203118e-09,1824720823.6876514,2379643586.8704734,62.87272356034252,45.59585467240237,38.286384446707395,38.620734131689844,0.9160651412395119,0.08393485880283826,-4.2350178649078804e-11,8.218867281285626e-11,1681,9,13f226c37d754f143d5ccc25e4789bed93857ab8ba72be20c7684ebb8037ef64,d9c72ebf0acdc2595851974af8a2fef225ab1d4f4d329431367cf3c64a04c86b
v6p1if_0258,train,258,6.896558542058097,0.4611805770546198,829.5059852475968,130.5756414632455,4,2,6.558227539062496e-10,10511940949.250021,11845301731.049936,69.07562565239675,92.83708453983348,67.36340245703823,68.45985769630167,0.9249447051542969,0.07505529481401442,3.168860150157307e-11,8.656921258937332e-11,1562,22,b139dd005bd2f657bd1cf91fe5384c967f6f83374470025d5873869a76275f05,a2049f4ee12033e9ebacaf83f75e9fc80b9cd9294d024b9caadf8ef8434e7aac
v6p1if_0259,train,259,15.69039537855124,0.9652133211493492,1222.3915912073574,26.285617516069554,7,6,1.6014862060546869e-09,9968890982.839024,11296030208.5677,73.21188865089962,145.61289739118007,123.91369040904523,124.04066742326766,0.9812191010562519,0.018780898936064886,7.68319363375575e-12,9.768333760992789e-11,1438,10,d92f2ec434b99c6e7fec5a6fd010e7f031f4825c2a9badf5fa7caaaad695eca0,b877326828b8d26de69ef702766bc64bfaaa42911cb319283eb55e130ac42ed0
v6p1if_0260,test_iid,260,8.13798758986766,0.8276073941960931,617.1178868167341,196.6442105897202,3,6,6.397247314453121e-10,12886069548.899576,15144800997.033167,121.5738428244668,136.08819050571884,97.74164818685804,100.19198354689057,0.8793472541700365,0.12065274585082802,-2.0864475765767733e-11,9.49630216482869e-11,1671,20,9559ac655cf64b4be0a5c8fc87212b75d9a5056e56ffd28fc876240e8120a28d,8ba7391ffb9f1871dd146519005f3dc0a01e68e10be84d2764134e0ebfcbd02a
v6p1if_0261,train,261,6.098790681660293,0.32339109759777784,919.0709994983737,31.04724974690342,8,8,1.2903594970703117e-09,4783911529.49184,6301715480.716524,169.44949802530957,75.61549633063231,62.8172140513612,62.939739579240474,0.9723903629204705,0.027609637080253654,-7.242364958683103e-13,8.311740767545325e-11,1457,8,b68ee36e09bd741dc0007f14c95d0ead3e3975dedbb0a8534e6974883d6ac499,8d2ddd2bdbebd284df8e6906c11a1f9453c078df64b36fbba8f29c7b29f94acd
v6p1if_0262,train,262,7.295822257040763,0.19707006588578224,1547.5329702760478,59.688159748487045,5,7,6.912231445312492e-10,10564764459.332304,11657168265.266321,153.57838299910284,60.45835345853931,42.806586414238716,43.08368852395743,0.9738338434670355,0.02616615655922142,-2.625689682134571e-11,1.0934946686289616e-10,1495,14,b0cc3da638b32703dfd9ff4b6592015e0ed953bc8832f0524bd4f96adddcc5d0,e256af0b90a2db63f60a8faa36c98ce8e1032192392c1df523ca711ec207bd55
v6p1if_0263,train,263,8.225925188893783,0.7007594909518957,729.0827277628691,104.11244275412206,10,2,2.1216583251953116e-09,3869649293.594644,5368979428.939431,52.16547851979798,113.26229575841506,94.27051724541663,95.17871797945386,0.9194041183830568,0.08059588161988607,-2.9429005770352305e-12,8.638087242526642e-11,1607,9,4a778b70ecc5c8279392cd2827ae8458e156d7a2595e1b1799538cd9c8818e17,acdb9b5f30d6b77a458edb6f25416179c6b36baeef5eaf2eb2ae24a7558dc2df
v6p1if_0264,train,264,10.852503144881524,0.5216229818761349,1334.3744192171762,96.46409140543642,8,7,1.337127685546874e-09,8287858124.488027,11129031952.180807,110.10852522063523,90.53830515425943,70.53712051815485,71.28156070997669,0.9577340289566685,0.04226597104669703,-3.365516978891493e-12,1.0411171188918722e-10,1548,10,e26a091c92467585d9f3b346d0881997c8e5432034ac96c125da5027903dc704,f387db984b39c4a9fb8581c637573a9535e24e0eba1a32b1980adfc57f06c601
v6p1if_0265,train,265,2.847595962744093,0.018047524616122246,845.5490712166518,47.46347301730282,3,7,4.403686523437497e-10,6402566486.713258,7173948111.211834,98.93908208381853,42.21041342859519,30.91968633259935,31.043376903245825,0.9591574253155848,0.04084257469160306,-7.187798778228049e-12,8.791826586410198e-11,1586,16,3e58430d3f4220f0adaa55551f9e43cdb6365da1955a8813c0a98fc67cbcc1b4,dd42e9d4a417591336a77305faa628a773789a66f892cd61cffc10587cff3951
v6p1if_0266,train,266,4.420980042530118,0.39117708150297403,535.1474727221467,29.018160338748846,10,8,1.7726135253906233e-09,2492439890.612532,3306176848.89954,67.4232829686801,83.06025035419759,75.82016863678123,75.94731631081987,0.9569561607122605,0.043043839323371594,-3.563211715836998e-11,8.723136271429455e-11,1503,4,f81fe6f632e47c1bcbe383595d3597a3860bab8352480a7f7284bc9314f96598,0496be34339dfe1e71ae9bd39b81f8fe815abcf5cfb06dcf1c8c09914c56931d
v6p1if_0267,train,267,13.234635304527798,0.8953242404386401,1059.8478482357627,160.60151922212495,5,8,1.1095428466796873e-09,11999573965.398136,15461989332.481411,109.7692762440421,145.2250465324842,102.59186604476983,104.31838203382601,0.9273452903976818,0.07265470961212192,-9.803669473632514e-12,9.430781679101475e-11,1611,8,575a828a9066d7a0d1fb7c1f3ff0c28a086b1f195baa3de4bbd6df38b0ea87ce,8417b4d64027e7809f02cd1c72074b0b6e5cf3da885319136b43c71ef40522b4
v6p1if_0268,train,268,8.600056463064607,0.7576573062688112,718.4573082318593,21.47370968480781,9,8,1.7765045166015612e-09,4853615753.253533,6520288259.0007515,145.93304967966725,126.22785498023967,113.61116908786327,113.70083246608112,0.9741167342714261,0.025883265745760956,-1.718707229638108e-11,8.699993007134728e-11,1460,9,97dd8360f7d34eeccb924a73cf8375477636561f1dfe479ef4826924002a190d,f4d752d0c52977baacb924fb6ca2e6cf047cc7b64572abfa6c9f47d060006d04
v6p1if_0269,test_iid,269,7.575871330708702,0.25344860553741455,1411.3320268871162,122.07558832656248,6,4,1.0477447509765622e-09,7136718417.465602,9330121814.457167,164.67740200865674,68.73394479700556,47.36107125235366,47.96242327298136,0.9525788034964561,0.04742119649774944,5.7945364389896445e-12,1.0875634741846449e-10,1677,15,d8c9181058c1e78e320857eddafec6b4bb7d8d697e44058089eabed854300260,11e46da3c630c72af88485625df7970aa080e6b6fad812da1c5dec8d02569c29
v6p1if_0270,valid_iid,270,4.420444879947288,0.12635704036802053,1002.8839953031737,63.48071770558473,7,7,1.0775756835937496e-09,4185735320.594151,5633932140.24628,123.00863458658144,49.95934895975313,39.246713259143924,39.521048396919944,0.9592046464046908,0.040795353617131665,-2.1822477326033507e-11,9.41394839555765e-11,1578,7,cad4d0d0008f5db40467fcc03fa76f0f8c9c1c8a5fb28ebbee88b5da6484a4f0,ccbbfa5befe7cc35d042f385da89d78cd069c7d4d2af5ebc244f7fa0fb0d45be
v6p1if_0271,train,271,6.798134226427466,0.6301150964573026,629.2486879808947,40.5474148547489,4,8,8.361816406249996e-10,8092244053.452853,10514491610.881718,90.07898864588623,115.01472121751499,97.86041444196238,98.0910745883353,0.951055750757031,0.0489442492497038,-6.734779084387797e-12,7.777350271899194e-11,1404,15,160d835fee782b643c1dcb8bb9083c38ddf2061a582f39a0fad0a60cad3cabf5,e3240191a15b017f3520a981f18544acc25a12fecbb2acec323dde1fad25d3ac
v6p1if_0272,train,272,11.888299132352252,0.8730977699160576,947.7861660818286,37.49915323454501,10,2,2.2511291503906236e-09,5341245458.831595,7229390388.764861,90.62765476715268,133.87830396539852,116.97642153555559,117.25811313869741,0.968913023795576,0.03108697623033676,-2.5912703288677785e-11,9.313085602325596e-11,1623,15,0e2712bf08162326307483b61dc5a3e85b5ffaf3517a471927519b71fa5cde52,97ba3c9c421377ebea16fae266c947b24de04efb3e6da1075e760d4669a5de1b
v6p1if_0273,train,273,4.6718249052677265,0.3694536481052637,598.0600621864595,69.88265945765512,5,6,8.317565917968747e-10,5636277306.604435,7069870826.228306,107.18803279800396,80.80963854454882,66.7993837777837,67.27278260967448,0.928868998092585,0.07113100189819811,9.216776787646037e-12,8.2770790873151e-11,1458,10,69973841004fb2c45bb45eba70f281bccaaa7325300e79a2066122518160194f,bdde257b8f54d0d023ce167c646033c45ce4f472d3ba55525a203d17e50e9ec3
v6p1if_0274,test_iid,274,4.52342047664875,0.24289601761847734,753.3463524301268,114.94878098965071,8,6,1.292877197265624e-09,3581126228.479563,6063726124.667117,171.26740367237213,60.36253408002898,48.7993851966786,49.483837674843976,0.9236627446258195,0.07633725536892531,5.2550907665918226e-12,8.050201346046218e-11,1378,9,f552bce0daabd985a1e0bdff923d2c2308ad42ebcc00053b27a6f9468823672b,95730898409f3a9d3d17724e5883216cdfb7f651bad410fb3a5e05bc93fae682
v6p1if_0275,train,275,15.213919449900594,0.7469745120033622,1498.4881437478045,22.39752291663741,3,6,6.427001953124997e-10,23933240610.421246,27258621255.856075,101.81988507578154,142.1890168992955,102.1680120370958,102.33914415981071,0.9860629446864253,0.013937055305750644,7.824036078755265e-12,1.1640901741143598e-10,1670,22,57fce0c5eeb0b0dcba5ffacfc9e4dd7b650e040c0f6dd68b12e7bfe104c08a36,f801f8960ce7c57512c207f64dcf11a5270e3a692f672653f6ee18131e5df4f2
v6p1if_0276,train,276,6.104752762082261,0.6093686129897833,565.2981728099143,168.45393081668513,7,6,1.2553405761718743e-09,4876675622.2460985,6308271040.204884,56.07643458091374,102.80159259735638,81.18098206349268,82.73685375553349,0.8744023537005663,0.12559764631266274,-1.322904766979322e-11,7.903585945031644e-11,1510,10,c4c5823eb61f7d5285b2ae7c21d34f69af6b2c9e62393151c2399e741e8bbaae,16f68e243df381a8dc8bccece8add0f31fb5a22233e89c6cac979154f59a5c39
v6p1if_0277,train,277,4.560985807971475,0.10510650649666786,1115.742461371939,27.170602084206216,4,8,6.344604492187496e-10,7242739301.975381,8244413616.28714,125.10401797893971,50.215341811400435,39.55900014252104,39.614880638296924,0.9792593519529756,0.020740648057870674,-1.0846347973666644e-11,9.545939378929366e-11,1627,9,a01a44572a370023a4144a1ee7082b7f484351637f7f89b0ed717b993e46af2f,23bd71a3b93feb056ab5e404fb80419c263fce4ed4bfa5b57361f10e4ae3e5af
v6p1if_0278,valid_iid,278,9.899613600597476,0.477824199013412,1274.7351930790683,52.544991980754354,9,8,1.7479705810546863e-09,5717954097.387589,7539101426.67071,166.26373458207263,88.16525106984767,71.13376905247802,71.49475326829003,0.9710258969245461,0.028974103099499014,-2.4045105816866212e-11,9.714402660451982e-11,1508,5,35644889987d0d66496cea15c8ac8d7c4a8f325f4b721ac86e6d36d92015e5b8,84cd1422b7d75d42156ba9eeb4d4588a263c7dd3ca55e10ae0d2a05ad6f8b794
v6p1if_0279,train,279,11.32542152931764,0.9815288493409753,795.9247722692112,88.71301055949486,6,7,1.3215637207031246e-09,8563263795.8724785,11156820200.09055,134.64759709140955,148.9057288113765,121.49856599658389,122.43993698950989,0.9326179133957035,0.06738208660757145,-3.2750017118454936e-12,9.7591740968188e-11,1589,14,3be8d6dd81e40a6f9da3ede902b3935809a159939675a1770e2665c9fe511cd1,d8e3c23909581e40744140baf93bca5362bd53fa178d87e488d94e762f58e978
v6p1if_0280,train,280,15.803011116885255,0.8033536477014422,1469.9942137057235,108.59739441980489,4,7,9.204101562499995e-10,17172828541.83213,20962672550.84333,117.7115968823141,129.4903791352619,92.63571971736806,93.69805698923038,0.9580261452962795,0.04197385469607962,7.640841315262022e-12,1.0264248913503215e-10,1374,15,14c6df3749296a12d06764fa5cfe75dfd62291ad87d0d562dff4d4ca7aff2df3,01113790a4b12f7acbd656fd6aec812bef7cf4fcf35c0e50facd3069b5f8405d
v6p1if_0281,train,281,4.675517382344902,0.2997934753075242,690.2025640723296,56.20638488222542,7,4,1.1395263671874995e-09,4158426463.6980896,5916986858.176196,186.15728346928856,69.81349377834414,60.061489313368675,60.35140241999622,0.9448618131564556,0.0551381868518272,-8.282771994324212e-12,9.206965036840786e-11,1660,13,a40cf24068312f973330b37e033f1e3b9ce0ca4463b465e149e22b57da2ae967,521df1ce6f5bde5dfa7c627517ddcc875af3a9747c8ddfc0559453fb46ae906f
v6p1if_0282,test_iid,282,3.5092015198583026,0.17196170799434185,655.5997675020395,34.18004662096763,6,4,9.20104980468749e-10,3815988689.268288,6141062202.764818,202.5430720551765,57.42513665800067,49.14798550822977,49.26804685392639,0.95986076092492,0.040139239108048466,-3.2968503260561595e-11,8.876929367322876e-11,1611,19,caf7c6df610e2ae8cbee55d210f73a37c124b38b293a45476aa5d7d9093a2768,0444359dfd0dfe40b7ee2a2b69231fb8f46326f00de71bde2d68bbd7dbdf1056
v6p1if_0283,train,283,9.984134624051395,0.6760631166398525,962.0617490057695,181.87094030121978,9,4,1.7967987060546863e-09,5571759830.937692,7246864262.228868,155.175823445754,105.39361724034228,82.98236014544824,84.48545599812567,0.916653540822194,0.0833464592091261,-3.132005451987708e-11,9.613633164302586e-11,1551,11,f99510cdf637f435dab57c99a6f38ad577bcf15c2e7eb53dcf05e497a18cc5ce,eed94a7eadc285fc9226a293809c690c1c2d0f15d931a8c85bca145187a50bf4
v6p1if_0284,train,284,7.921301773478485,0.5383961545303464,872.7566759120252,24.174736185931263,5,4,9.001159667968745e-10,8719208195.204529,11225252144.444448,44.068540985485555,101.05505905964691,86.45980114999288,86.54269259700577,0.9760947245536244,0.023905275434569936,1.1805617863735377e-11,8.541282911903306e-11,1528,14,da70886a5bc0d6ee523bd62ca172a28bf1ab94213e2fe0fb5f1a29003704ca2f,6c27fff2388f0c588fc4085b669f45b98e57482406d775c07d91dcfd7f679653
v6p1if_0285,valid_iid,285,4.196337421069678,0.034233263693749905,1293.464564520451,144.56322942572004,10,4,1.4511108398437497e-09,2918933150.499999,3822589006.950517,157.18668470619542,35.68395506600302,27.293986515476362,27.707228215753908,0.9451334602958948,0.05486653972194211,-1.7836980158818e-11,1.0051449674021151e-10,1428,11,7d24804f8b15d00289f1b40ff3ba0c1060e8af687aa782f9ae04671ab31d4166,99c33acc3792c6d4e016370c80e56b353c0c0fa23ed02bd5cddc9147133318be
v6p1if_0286,train,286,7.9737617446357865,0.40810295939445496,1094.2836647340011,74.77346026765242,3,8,4.832458496093746e-10,17351329804.187775,25710496776.052795,147.2166089445181,90.822708626223,63.83900106390097,64.38841282499146,0.958915408280014,0.04108459173363833,-1.3652364055999626e-11,9.75774303759398e-11,1474,17,c68288f2392cb419428d1faf5c68e0b049b5b60b80d7d26ad4366852ec42d540,89175ec67f3e9d9a6ed693dd1a98d8ece81de97c5b55a9ab887db3074dd82569
v6p1if_0287,train,287,7.622888408894161,0.9118457902222872,517.9942809733362,45.91745110933514,8,7,1.7131805419921861e-09,4464046433.956154,5855753372.646986,121.80963481090261,153.94999534320198,131.60857636956285,132.00867353770053,0.9352830284921881,0.06471697152672992,-1.891807385017322e-11,8.854284812834112e-11,1796,9,801d12fb116572af94d7c6d9b1682860ef1dcdf277b390f25800ef8c7f845f23,aa75b5de32b598682a15458de1105d3181f0eee2d7d61488f3da884656727232
v6p1if_0288,train,288,6.747733249502485,0.2778463754802942,1152.551621414292,33.01216005596129,3,5,4.3045043945312483e-10,16211515343.057837,19229407701.534798,165.35040441364328,81.7134513021009,55.92762312782359,56.077701858337804,0.9764238588303545,0.02357614117824619,-8.60069383609242e-12,1.0070827507650268e-10,1689,15,3bd0f07181d59353ecce978baee07cba5dd846058203783015734af869c50d24,7968c532918cf53fb09b4a558d97c6048fc5c9b1db9458cdb773f70de4e2a48a
v6p1if_0289,train,289,7.2655878519719055,0.7742790505290031,568.8729808362306,188.30506035884613,8,4,1.5251159667968738e-09,4755668127.769148,6505286258.463988,111.9759933498688,119.08216948089205,96.40968564364759,98.6777328905615,0.882517721667403,0.11748227828961705,4.29798649208818e-11,8.045980937913719e-11,1410,12,ba36a597c91e96ec2b6894370bd648fdb8e57c6192e3d65c8a087de5100d1ab5,ad8a0e08a67dfafd96618bd28ecd138c7d995f123aa61261da7843f28be6ad80
v6p1if_0290,train,290,8.21574229031837,0.6506011327728629,777.6490996086197,97.59109071435986,5,6,8.645629882812494e-10,9364362899.960962,11989239386.577705,148.66449363486208,114.62836878503475,88.40490420605103,89.33879695625973,0.9302085909626933,0.06979140905274847,-1.5441746172834904e-11,8.341989192127574e-11,1451,14,9c478435b59a7200b33d7a7899afc1b58dfd471c4e95ca5fd26db8a095917ec7,dfe94d4061993843f00d9d0ce23256bb6b8725c88509664559eb611898f45492
v6p1if_0291,valid_iid,291,5.6417299603686,0.15469538886100054,1255.444038641263,62.54533402740381,10,8,1.4263153076171868e-09,4022185592.4388647,5299651052.53845,144.16812242154248,52.684546797102485,41.34971876749838,41.52428649103755,0.963522601461,0.03647739855323496,-1.4234992006327436e-11,1.0664649362425051e-10,1596,5,6093601d2d2d5ed63112022b5042a63b36621f41ca5a20e9b96d848c68184e06,2765a06443254f4286a70bce7d4bdaa68d0ebe75ecf57f22ff8bfaa3927b9b11
v6p1if_0292,test_iid,292,2.0754117458900767,0.01312551274895668,578.3999326468714,83.39375153227402,6,3,7.566833496093743e-10,2753361568.1555734,3628445226.5911713,39.677845719589314,36.83970182596653,29.825765116471146,30.06350351173923,0.9142093654632089,0.08579063451650654,2.028455160972747e-11,8.389971569405939e-11,1570,15,74b491e6e11ec5d6e4c7974ba0ca941612320afb42af507849f93a56218d04d2,cc78ed3e38dfabcf38db70b41b84f7ee26e6de12af7df1e2d465f66239a0a972
v6p1if_0293,train,293,8.120227305915629,0.5089707281440496,943.0093317038176,41.1710278938398,9,8,1.6237640380859365e-09,5111693951.324872,6652459062.875517,192.28357940180544,92.4021434072032,79.63713121660788,79.86300439586877,0.966939426072367,0.03306057393537301,-7.74007504299476e-12,9.288567051163961e-11,1528,8,b4aa09e111e5a7b5637c440d88211e8d6b40512d46e76dac7f80768cab40d505,12f3f09ceb240f596e3cd4642727ee9bd568d231e5e570c135854e28202b9310
v6p1if_0294,train,294,17.60654644775162,0.8864904949441552,1535.6244197484684,25.08633694425047,4,3,8.990478515624996e-10,19792737030.31139,24912179180.954826,39.99175787675107,159.89304561916975,113.52796954865548,113.72303532861099,0.9856646079743653,0.014335392031818436,-6.1837679745471425e-12,1.101835870811321e-10,1618,32,f5087087e44756cca2f542b36b891180e10304fe47b7ab6bb0f06c5fc9126c4d,d48d188a0b92f37867aabf7b7583d267655c72934225f9b46de3b89992c01bd0
v6p1if_0295,train,295,5.8499147381818535,0.3902414320036769,764.1826336818109,139.31002286780668,7,7,1.1727905273437489e-09,5009412803.625702,7032023547.7478895,106.2699543169155,78.47685585745677,61.75333360318504,62.58125009925823,0.9097497100074317,0.09025028996826555,2.4302813585613996e-11,8.883760156891982e-11,1499,10,3d846404d5827c3ab3ada801939954969d0ecf7f9a37e716fdabc60dd1baed72,de355557b902ee37bba571cea96e09ed3a3dd67fdf4158164d2c8111ac27f79b
v6p1if_0296,valid_iid,296,8.255242820247588,0.33220201078802347,1324.0122097458184,127.91290207432476,9,6,1.603927612304687e-09,5122928182.585814,7352364406.243482,72.20489553124942,70.18971654828937,52.97332608098613,53.69293061821912,0.9490862783754642,0.05091372162294305,1.5927499772435619e-12,9.433947016186145e-11,1386,10,c4a86bf9c289cfa8a1a3e22d406650a980f080d1e002f7d4ef7015ff6f71b5bd,d919bf1d139f5f46945f5228d541cb69f2f64501f03b5f69a65c8096830f7a28
v6p1if_0297,train,297,10.841667653937769,0.828565995208919,886.3189155845292,20.127509355016134,6,6,1.1705017089843744e-09,9370591937.971464,13998543203.073559,142.3136555725101,134.53875075439538,117.62716079775588,117.75285549513227,0.98034930939694,0.019650690608147846,-5.087838474955367e-12,9.87727085333752e-11,1595,13,b64cfc8fda69565be9596360e2e6028b50635efc637ca92a100237ab0ac12241,1c5d2a4ac4767d15a80e81c57dee5501ee56e88ab6a4a090564989cc92445ab5
v6p1if_0298,train,298,6.151510643743287,0.705658670514822,501.5367498824166,38.825753935605796,7,3,1.457977294921874e-09,4283973527.244534,5321900024.015529,119.49759954362504,125.52293435890641,109.93029272850835,110.24898627901418,0.9428208794049209,0.057179120597958176,-2.8790849603818788e-12,8.627847672435856e-11,1704,15,e321b4f0e7413624aada68ac0f84dec6c85ff52fdf170a4f79ed4f8a5551b1e3,c3a761699f2ce43189627bed5986017ed54bfa17280df76162299e3d9c4c5b06
v6p1if_0299,train,299,5.666336547541075,0.2097452711313963,1087.5301283307156,67.49489990480768,4,6,6.124114990234371e-10,9080191048.416307,12874159837.566067,65.31544022890938,65.1881033287782,46.67271989857286,46.922541784205805,0.9570654700642424,0.04293452991959569,1.6161965036377877e-11,9.033501532718986e-11,1458,15,7e967a150f8d0bdb2038917463ce2080984100b6a3b6a797b986256cc1675581,1b458258bac687c0d39d6e05ff469ffd24635187fe49a19c44afa80ae64f7bca
v6p1if_0300,train,300,2.772561419832482,0.06823646184056997,673.5905152619405,50.635671200479976,8,7,1.0267639160156248e-09,2727569918.811593,3652550697.1946583,141.48880754453242,43.92364354221206,36.8579078162837,36.99093112410947,0.9452168985033853,0.054783101471833226,2.478145092755862e-11,8.181308487819638e-11,1608,11,e3843c484590008e497be66876d9a33cc867a712e2d130384fc0cb979716d33a,2c44cb969691d0885297fc14c0f15843bfcde8d0f79342aa063912955362dbb3
v6p1if_0301,test_iid,301,12.192650970269362,0.5639672027900815,1449.3904157472202,92.05812103999746,3,7,5.31005859375e-10,23011573671.22983,24233059085.224106,215.6533517283401,109.92578930632891,74.17346063352116,74.87120636326503,0.9617416247321606,0.03825837526539616,2.4431797593127794e-12,1.1160075731000135e-10,1434,16,598e03d0d5c617beee415e71e2b715e0c2cbd05297baf2d197033e0a99082548,99341514e60384de9c0a9919b94657472e653712daf3cc7f1b70a9a9c8106ffd
v6p1if_0302,train,302,13.07516738272844,0.9408385027199984,994.9282209145402,151.04099748646422,10,2,2.1958923339843733e-09,6085625322.866703,8248491817.02417,104.53154958343555,133.94462089119781,106.29605422172313,108.49283542033486,0.9362056930376577,0.06379430694686888,1.5473508782935773e-11,9.169118054137664e-11,1495,12,50c022911dbd4a3e5a07ec0246928cde40911827ab225263386386c2bcff86fb,51e025f7e0ea4e7be9b6e9a3a31510ab6e752da8318288fcd252bcc653ea6d9c
v6p1if_0303,train,303,5.622064602039831,0.4445360004901886,658.9982472582207,30.302993795220768,5,7,9.117126464843743e-10,6096542520.916433,7355856398.552612,135.47723824046054,100.3038200501424,80.1218973825596,80.26500760814854,0.9621726242603487,0.037827375765392,-2.5740616049215198e-11,9.312009823909635e-11,1713,8,26d4f0ebcd5f93c5776e3add66100d69f3c675f2d9070fa03d127fd72a511d0e,3cc2a2377653d19f0303bfa933912a6a4eb41833be160778a1621e7d2b2499ee
v6p1if_0304,train,304,3.4063596965441043,0.05861571151763201,905.152312844981,27.96371573621127,7,5,1.0382080078124993e-09,3269096785.7977057,5190736583.297913,132.63769782231574,41.79347286850094,35.53567539845669,35.5871724120689,0.9743239688305724,0.025676031247256433,-7.78287803412154e-11,9.616181642773112e-11,1548,11,6941a41fb6c29e036b972273ebde13fa84bf4925d6bd979982b0b4476af520f1,58395dcb62aa368f6bd3dd8ab158242cb11f514892fab1e576879dba718c074f
v6p1if_0305,valid_iid,305,6.0338703098910536,0.5550331017002463,602.9547229881274,166.65742847630463,4,6,6.816101074218744e-10,8990776468.531372,10880195078.347181,146.81538896855014,104.21693171676958,77.27969891083914,78.89206304719076,0.8915343105867652,0.10846568938951354,2.3721232502870818e-11,8.015112042187089e-11,1598,8,659e29bd59d571baf3fcd7666874645375f8be00d3cfd7a99aa62ac58eaf6796,29dc21fb2313816fec657cfd067ca1905241e1485950fd8c3b8cb71b5932f2b8
v6p1if_0306,test_iid,306,10.207612227353504,0.93231650441885,733.7015734226915,86.49263640346433,9,4,2.019653320312499e-09,5061447660.131621,6768609331.029259,104.81155606843697,144.5165104617701,118.60473863535404,119.74596676717928,0.9315601199526791,0.06843988003371113,1.3609754382860575e-11,9.149716310212069e-11,1723,12,1c6a05e371593c181a3291d3b5c2436b27daedc31b0dc53cee84022fa7134302,ca5f00de136751c927365a6ca076d5f03a74ae114121edb189222294df0ca92d
v6p1if_0307,train,307,11.196786106018388,0.436456510797143,1598.5696211228187,52.93537896121039,6,6,1.0615539550781242e-09,11070849304.607061,18653867843.804657,92.7124848969105,81.15500151162757,64.76218378619795,64.97350256085566,0.9750259676095897,0.024974032394263004,-3.852692256912427e-12,1.0541397652332902e-10,1354,11,4d937b25ae00f4037201fdf554636c070e55274d3e4298c05755b2a818ee66eb,2a189f5ef6cfe844602f1ce0eae433448157ba79a676780a388b190cc08be09e
v6p1if_0308,train,308,3.880340395912862,0.29488666635006666,550.9627222825907,70.64014337396965,10,8,1.4803314208984365e-09,2673646192.4267583,3359017349.6939282,120.35511233772768,68.89722463571678,59.47437498957749,59.85445274523518,0.9187282467856277,0.08127175316752437,4.6847959747153974e-11,9.18330099811957e-11,1692,9,b251e999ee633ff55dbc1c0292fc57a80853c8c9b991a1e6e28eaf7e836970fb,fff3d6144442c0eb80a87869958dae6553d09a0c59d8d052b81bb13e56dcad7e
v6p1if_0309,train,309,13.223589309398509,0.7906860718503594,1190.6518623154498,36.43790980280794,5,2,1.080245971679687e-09,12322437951.045511,16322220034.380545,252.9040756182133,129.36370292165833,104.9945910673359,105.23654329462391,0.9755677354585838,0.02443226452997542,1.144085768602352e-11,9.850323366964495e-11,1458,27,3d0950278df07d47e2ffd1b095821a8678c117362f1ddd3aa186ddef9d25acde,2ceca5d26f69d639dd3a4e16c1604c5df8752b14d6ed68791c10d80b50392f8e
v6p1if_0310,train,310,11.905416884641351,0.6672445740550756,1216.2389057910998,22.233368988105845,8,5,1.493911743164062e-09,8057195504.187767,10412704237.657185,199.94559346745973,116.65073093128728,95.10924814590561,95.25992431352168,0.984146875020641,0.015853124949200947,3.0158082457335275e-11,9.633229993391367e-11,1477,7,865fd5aed62ca8a61b9fbd72871e78a27c21200d3d4590fcdc437f4c3f104d49,2c78d40b1fa1f04ada409d37ce18c107c57dbafc5380f11fad45b580f007f4da
v6p1if_0311,train,311,4.107309725346594,0.17101073637604713,802.2323083419906,117.90455890159073,3,6,4.371643066406248e-10,9502538603.18857,10705048128.499706,131.48189868052756,61.46532303187496,42.28681966725719,42.826407874672185,0.9226272974826646,0.07737270256388991,-4.655451751629411e-11,8.80696838677388e-11,1568,14,ab286de24cad653d7be6dff45b89b0464b0422ee94d5dfb5db41d987a1cb7f89,44ac8574c3f794ceb244f3cb38ab701498041047fb2d574efed39b8ba89baf20
v6p1if_0312,train,312,5.588159855795145,0.11393262259662151,1402.6372161317404,145.62903179066592,5,4,8.129119873046873e-10,6970573535.232511,9017947634.955322,129.4440118925238,49.449295693212605,33.945541530696296,34.52975512242678,0.9480122046261477,0.051987795398627204,-2.4774847882689923e-11,1.0582004984228598e-10,1652,16,18e7ab0ff6ae0e3da6524394b7b0d28932a8d94fe050fca72a37ac35bc15009a,8a9532cad594a639a735e2b65c6a5754505befca0efb468a812bdd52c8a3c182
v6p1if_0313,test_iid,313,7.19948727648765,0.6103118918836117,695.6228636411757,23.568522640609537,10,6,1.885604858398437e-09,3901818688.7726145,5520689982.343171,60.63825337556087,109.34367596929008,98.6485781987695,98.74475505862519,0.9712425513198242,0.02875744865266673,2.7509083630289074e-11,8.90842898313491e-11,1568,12,d5e0aabcd03b2c0df112874a193642dc9410def47d5be9dd41dc609f2d6d6d23,1f077811bacce6eaecd7bcee33f26b80c6b3ff4408645699dbf274385c58e783
v6p1if_0314,train,314,9.55878449660106,0.9864432318136096,639.0196924061887,45.4254900958581,3,8,8.123016357421869e-10,11641335783.143738,14865855497.061073,142.6065079803301,160.64171536560042,133.54462142808748,134.0416808954321,0.949257217114846,0.05074278288636495,-1.2109009434879311e-12,9.013318160138614e-11,1570,16,b05c58abca94987dea1c3cefb290b30b398e22768ac7a0e2455446912f8326da,94938cd23fc0286e9bb2e75305784ebc6b5ac11bbd874858ae67bdc41ebb8386
v6p1if_0315,valid_iid,315,8.48161734083789,0.4904840821400285,1026.5803218420476,76.95183780900953,8,5,1.3865661621093742e-09,6102338576.952259,7720496207.766281,103.11596663399935,91.23145198041863,72.81435172305784,73.27014583517524,0.9508409549875751,0.04915904501988616,-7.46134424282063e-12,8.68579703104258e-11,1467,12,7235cb69ba7d6f010d10ce9f2f97dc75d0e73fd80dd52f615969f99f34be123f,ebbf0da852dec8c62df8afca1c70343a0f9c9eafe612f6a6338b5049c5ebc817
v6p1if_0316,train,316,5.974240015491324,0.3489752411842346,849.9376996503735,57.6486633615874,4,4,7.43331909179687e-10,8142462879.602455,9767619852.736116,43.433777951235335,77.51263943931718,62.852361871401165,63.10206891020342,0.951474911941062,0.04852508809371911,-3.47811521755778e-11,8.849464128420666e-11,1488,24,2515e0335b211ae4b39683024d45f02a9a187430ecd8e9d4e6c959b074ce16de,7228843480d603b091d7ed0c8cb10f4e83e64512affad3605fe116d7da549a64
v6p1if_0317,train,317,15.60469580443815,0.8447517920285463,1379.9507810110595,107.79572892257666,7,6,1.4936828613281242e-09,10517796062.987194,12947463079.208376,78.29018583540115,132.13787833667743,99.07863197095328,100.1650734992742,0.9555686511673058,0.04443134881709912,1.5595006716728063e-11,1.0439304490892981e-10,1609,12,93223c02ea745668d686f86d95ca0f79f09ef1ae9fc498847f61960c25c274d2,4b9ba9f9f16c0cdd3974480e3f760230efe34f388fea09c4bf1c8cb24618249e
v6p1if_0318,train,318,11.173568900345197,0.7225843714550138,1044.985752548475,176.71429928260724,6,3,1.2827301025390617e-09,8921772506.766424,11945818125.47647,216.41654299437153,115.76416545778903,85.94587358296361,88.04210871156215,0.9350078053493459,0.06499219464749982,3.154281800432542e-12,1.0452032224268353e-10,1648,19,3140e73aa319c9425eec66a551292c2649189698ec472458d15dc09ce375fd84,63eee5d1762ce2701d069d54fc38becdfccb0de07797f65dd21561873e047188
v6p1if_0319,train,319,3.280174165288659,0.22626664396375418,522.2707232408195,34.54877370537858,9,3,1.4041137695312494e-09,2332294644.8643737,3440169159.7758093,328.9043019483311,63.07316584035641,56.95514031269546,57.06190885231301,0.9487120416758236,0.051287958318345796,5.8306460345462626e-12,7.625206258431569e-11,1358,14,78bc482f9c3fe7f7ddea6e62c5bed74f81d125d0648b0cd1f961a2e49649a9fa,29c4d104e638e876994dcb78342f4a9b058caa41ee81267cb7899b1883f92d8c
v6p1if_0320,train,320,11.02793564764426,0.6856972118839622,1077.4240094706581,155.82639255046263,3,4,6.365966796874999e-10,17413393995.295376,20846992275.095955,83.24961720790752,115.90246745410309,82.30937799489693,83.98132440856153,0.936158251556749,0.06384174843796554,5.2854495014841304e-12,9.265360164388506e-11,1380,20,b8e5f4f1fb190d82104ffba23942ccd32726063cff4f5e67a21b8f256c356b35,7029b08ccbe14332990829c696418f5f6730e47044953c9c5f449ad8cf1b92e4
v6p1if_0321,train,321,2.9305321738465127,0.18209913093596697,507.6091956124064,29.371871308602596,8,5,1.2464904785156246e-09,2375439730.473091,3487313244.8011627,85.03592015457127,61.492972598716165,53.67160541184897,53.758283124765036,0.9537906817959741,0.04620931823012304,-2.609723796970622e-11,8.98942847563385e-11,1731,7,2f6d46e94d9f02aff137e654fc16cfdb0767e2215b1b24cb4068501eabf74b5e,2d24b7f20c9f1f8915f3266fedcd5d17678c313f8dc151b9b668cc54683a6745
v6p1if_0322,train,322,5.750105264139754,0.3052502367645502,886.3518291591821,49.07979903076553,5,5,8.110809326171871e-10,7315463794.660196,9831971192.53307,136.53251869266774,73.91812419966283,58.743076723232456,58.983377579810416,0.9600403728371621,0.039959627164724836,-1.8870308376727083e-12,9.111008587537426e-11,1574,11,b884d65b41371eadc3f33d624e45e2202e2a9872fcdfa1d2609b5f33df1ffa2b,ea808e48fba7fa86a1f72f2340fd5768069699212694f39051d76b553ab7728c
v6p1if_0323,train,323,14.595347886492483,0.8093752488493919,1320.0226457435215,94.97480087103177,10,5,2.009582519531249e-09,7316395503.014562,10975580169.448784,47.20652694481862,118.63569309776244,97.08952494534954,97.84146558227766,0.9548359375143384,0.045164062497266295,-1.1604691832699638e-11,9.529076634806168e-11,1402,10,2371a570840f2714f95159be033e0c1bb7cbd26eee9b77a6f422e3de9574d27f,643e904ce38d900e367dc8b21e69d539a93ef996d575a7b45fe0bddbae181205
v6p1if_0324,train,324,9.378211123730564,0.921708763577044,666.4084911982577,40.0783957391169,6,3,1.2255096435546866e-09,7621847747.3581,10452398121.468142,78.6924533847672,148.56650947146716,128.6116596673637,128.89660650250772,0.9534381026055823,0.0465618974183408,-2.3923086528483578e-11,7.790975227596969e-11,1494,16,fc23373d22fb6c6d4818151de8c99a4038daf9b37731f3160334eab18373d06a,915d8f6e3cb5b8fe743da4c23c87a17e5ad0d9b29481500fb9390162f09f7c92
v6p1if_0325,test_iid,325,7.419812290352562,0.4175232229754329,982.0494759534355,65.3842303587926,9,5,1.6747283935546864e-09,4395329466.132949,6583619934.625972,93.33771894388013,80.53570597479967,67.17984141153198,67.58607908835012,0.9562439398837328,0.04375606012745979,-1.1192573129334842e-11,9.434455007668349e-11,1547,12,9af4738b4bcd4a3442621a8716859608364e674faef48f74c84e20cc109a57a1,b87a9446bcb6d6c5faef1b23696b56ef52692cfc6e4966e9c86bf85c08cea99b
v6p1if_0326,train,326,4.671731860709185,0.04040718451142311,1446.2530425150355,123.91283606325914,4,6,5.873870849609373e-10,8305760338.024261,12838825852.729689,103.98279553484984,40.68433596173776,27.405385125620704,27.84972563200787,0.9577004691310929,0.04229953090612983,-3.722274343242172e-11,1.0162742111698981e-10,1423,7,91ffcda9a59bf5291c48b68a5c443377eaa30fb7fd28887add9791ae6da6cfa3,7b0a6ff1d9edf7e973ab6b8c7dc0145080f9f453c116f69d8d2b5b5cb9372cca
v6p1if_0327,valid_iid,327,6.5199565642721975,0.5441888775676489,676.1061331547581,20.776880590832246,7,8,1.2349700927734366e-09,5409727600.136072,6166734077.27439,75.74500554310401,104.06755275233769,92.72223501533617,92.79345632356848,0.9729080228597538,0.027091977121625203,1.8621024715060005e-11,8.835384706759742e-11,1672,8,df1120549b025ff02ca72f877797dccbb7449466ec05cf7863dd430b00fd7c3e,32ed4559cc8c431ca35fb8db4bed4ba5d6cb3053098df8cc4ce7e14b5f9cdfb7
v6p1if_0328,train,328,13.090778635309483,0.7407547496259212,1248.3804419359385,26.13009374358943,9,8,1.9812011718749986e-09,6557280269.353842,8130098066.860846,133.67235515338382,115.24842441762388,100.78960504790115,100.91220317883985,0.9820872950933296,0.017912704907616605,-9.461586448831733e-13,9.678569344592262e-11,1482,6,0db92245bcce7d0918bd81a18d53cb9fc1b4e62974b3963fadce4fda016221b1,e88690b28e1b0bde4bf1bc0020453da5a5ae0bc608ec41a90f18f92e6ecf2145
v6p1if_0329,test_iid,329,4.614077307658673,0.23714901320636272,783.2725062016266,133.74764908353254,6,5,9.324645996093742e-10,4993889080.593933,6567422899.488236,148.68987530107955,60.3191812254924,47.64200045411439,48.42708082630563,0.9219711885812779,0.07802881142891256,-1.0190444647961267e-11,8.68988925515043e-11,1479,11,9e4bd4c87289205b5d5385a67ca98a1cee79666adb8526745ad5d9a9c27a28d9,3b81fbbd9501935437589c105705d3f10687eec689a73f690464dc07dcf28d35
v6p1if_0330,train,330,4.474285805321419,0.35960587207227945,577.1918664971213,80.06402760443927,7,8,1.0739898681640618e-09,4144739289.187539,4866484393.075937,157.5554924875181,78.16102304127958,64.56171062381945,65.15839361412803,0.9202707515568892,0.079729248424109,1.9001838881045697e-11,8.160970850320726e-11,1510,10,8c14f165d1b90c2eb9bac1c833b2c848caab8bcc6221777790c7a730c261ac45,212fab09cbf35d36fec161c6f35b2af92c50dd7e937ebbae8dcc9d6ad1a841f8
v6p1if_0331,train,331,13.585192129706789,0.8636621935293078,1133.8467646809102,42.88402459886165,4,4,9.15603637695312e-10,14713940611.771858,20489286011.70918,138.252033517442,146.76794234225162,113.92914371886181,114.17657787748226,0.9693670503017773,0.03063294971783669,-1.961398415384255e-11,1.1005785355736091e-10,1774,25,8f12384e98ef9667eb0904471c5eed679c3035d7c8b70ef1682940bc981e9fdc,0d3be5414a6f72ee0064ed6f3efe94d18963b9dbd226d1c314a86e72205650ac
v6p1if_0332,train,332,10.969741561185279,0.9760567713528872,768.6156899808419,101.594422760393,8,6,1.9095611572265606e-09,5866370797.367342,7901781077.830247,142.00205116578837,140.7080477293439,117.39967893656116,118.68674208989316,0.9264024180525083,0.0735975819703555,-2.2863815799782773e-11,8.895176714019456e-11,1428,11,129488dc0ee029356f46f9003e01b65cbdca3dc16c02f5b4736165cff770b8fc,a08337b7ea50c5d5e4bf55a1f316c2c65f53e9bfeb24ad8640e49048f29aeb62
v6p1if_0333,train,333,11.299618842331498,0.4718177914619446,1522.2203155558332,60.081804749228915,3,3,4.769897460937497e-10,23953715160.516327,28253745029.251335,112.46074754558371,109.46353280283711,69.22629629738523,69.69626952766251,0.9716718045879814,0.02832819541108403,9.345789487625132e-13,1.1202527517393461e-10,1565,26,919507f4db90b76b3cfc0794ac5dcbe68bf5696798fdf7aff62a20e84277415e,a7c8fb6acef2da6638c69c4f0c6817311ce6479eb9dfee0b87ed30a26a4c2b59
v6p1if_0334,train,334,3.8497806876219958,0.0955181336030364,929.0222564022242,31.711872416676815,10,4,1.4556884765624992e-09,2651116920.7431417,4167008242.6867585,91.03061532478216,46.922841066373394,39.41467957027904,39.49872693244906,0.9723832454308468,0.027616754623791907,-5.4638650967602555e-11,8.737381482935695e-11,1588,9,0dd3f9b7086ca10ea04c427ef3c160f93cea343e9fb0adce917166004ac12598,d20f786129d8d0f057a9e99980da4b2553fc2aaf3afd1f43dab5ae43dc4a81b9
v6p1if_0335,valid_iid,335,6.231779108716122,0.5991853522136807,588.6935045238166,196.02955667925247,5,4,9.191894531249997e-10,6817173969.653039,10551009650.919813,88.39969187201302,103.91652094937382,78.91014644429089,80.69452071590025,0.8737918366422577,0.12620816337193203,-1.4189730407207466e-11,8.612394938493044e-11,1529,21,14f3ab32f4cd963ab4f34e0928729debb799e2300c8b9a5fad165d6ab5b52b69,23683ed3ec7476824ae3f871ab89965db99f344270b24443ded39c7858607acd
v6p1if_0336,train,336,12.979162457514347,0.904912643134594,1023.4881794683621,183.96009794589673,7,5,1.5148162841796869e-09,8694929053.77902,12818271451.946209,190.33596618517998,139.3632079045626,102.04801680049702,104.23237751330734,0.9244846744621259,0.07551532556110307,-2.3228946904425225e-11,1.0069068876568427e-10,1647,11,6ddd9afec0339824aebb665add2b4e8dc2c98e77adc75487be0b411fd0bee1ad,0c59302aad84f8e98bcd41f04894cdd101792f1066b99161f701840a4feb6032
v6p1if_0337,train,337,5.162704776196174,0.4013603124767542,639.0413291124846,33.18737854878241,4,5,7.061767578124994e-10,7297736314.375441,8277026653.204123,143.10075130605992,86.52155011610733,74.05951107876183,74.23465717732708,0.9602089898153866,0.03979101020858928,-2.397587702662411e-11,8.961386821596309e-11,1545,14,9312a034128506e3c9ddc964026f68bad25df50c5d30216c6c8c4c326d95ad8b,351b10e1ee1859a4a5e7d6f2ac804e1cf787628a24d955a195e968fcba67cd73
v6p1if_0338,train,338,2.5083953008296733,0.023519632406532764,704.0429353297483,55.377031053737426,9,6,1.3385009765624997e-09,1883847713.8757842,2218212260.7373643,173.2978052854293,36.618567734574754,31.240656663973997,31.403747228984027,0.9469841939392716,0.05301580620022758,-1.3949914924420768e-10,8.398128611403519e-11,1395,6,f0074600932648dca33e0a9eb464f9f7a64556deb4bb870d5eee07ce23242372,fc9def501d0173b2c1d73390017eed9aa43f457765a10e82cd18bdd8e11726a9
v6p1if_0339,train,339,11.289213017156925,0.5276293596252799,1389.6045073259925,112.21569861384472,6,4,1.0646057128906242e-09,10847954191.278692,14569075325.321194,95.17786419281866,95.20172513660816,71.210492955512,71.87504546901013,0.951763399044003,0.048236600969025864,-1.3028809945747814e-11,1.0014796068450516e-10,1598,13,238d543e597d16f7cc2f2e3dac21984ea205b4ebeb08b2fd5333afff0e40b8f5,9cd89ec641bb212c16ebfdc9daf2b8d1722fb4f2c17a97f1778336884b43f244
v6p1if_0340,train,340,5.948140885371973,0.6399629022926092,524.2206438129912,47.31467056679639,10,7,1.905899047851561e-09,3137218182.617076,4431008649.545655,118.14566090978236,112.77772860212224,99.32782397366907,99.68312662591516,0.93558143554152,0.06441856447759538,-1.911539265250958e-11,8.220348013250068e-11,1475,9,e6727954779098107785581fdb9d177e5053c102ff46daf5a98ad5c9f629999a,8256dac37117b1f8f8b407ddf744c048fafa3629e7e667ddc4154891b4060dcc
v6p1if_0341,valid_iid,341,4.662996202457079,0.1357925869524479,1042.7272480505837,73.87802676167475,5,5,7.263946533203121e-10,6435209843.194569,8556849608.620757,160.32857093445134,52.11589948188475,40.19335273314677,40.45678837692652,0.953788512795935,0.04621148723246589,-2.840095308027837e-11,9.570012186956315e-11,1632,14,55f4567bc67dd4255c55d673a7daa723eee4572554a4b792177e8777b4508100,ecc1e4c5b6eb894d2400d7aaf743886effc92e11f40c4e3cddfb8591ee6f1d1a
v6p1if_0342,test_iid,342,7.451267295750142,0.25966839771717787,1362.092707907212,139.81189692969707,8,4,1.2367248535156242e-09,5957223514.668957,7349910537.52602,132.77869821816253,61.75287929918875,45.89665602942566,46.73187703698229,0.9525954818427654,0.04740451815707615,1.58414545194843e-13,1.0592287856612351e-10,1526,9,01524b9a11e2e532442ea3e5ec4186d95bff30d27dd3d17a3a9b8262da3d1613,5ee1669d86f9899d2cdcf63d337d1c9910db89e8b6e23dbfdcf37cb8e2ba4b41
v6p1if_0343,train,343,9.962813032138975,0.7634042808786035,859.49406377837,24.548697006638672,3,4,7.513427734374995e-10,13224042327.368156,14398236066.542688,127.07495991993193,140.30918647009207,110.54937244886175,110.69719595528676,0.9755117034934522,0.024488296507678073,-1.1302411758390553e-12,8.757444771075916e-11,1526,26,18d5f18ffa657105523f8c7461e538f87d9c05532b0feb9237feec4408a82859,c1305b7860831cef54cac758ca3a115a3273ff1c4f9e6ecca25e051b0e16ec40
v6p1if_0344,train,344,19.0511832397642,0.9590393705293536,1572.6209857897927,22.951084388694692,5,8,1.181030273437499e-09,16297794988.428387,20652828195.521503,66.55776530758135,145.7337334542454,117.57581590318735,117.7272887827696,0.9871717631240537,0.012828236876789734,-8.434490247865899e-13,1.1635368892113573e-10,1556,5,d0eba684a3f002c034ac4aac59b74e73eeb6ad14487d53b3a231984e22c22774,194d5c916ccc8308934b2e64d93852f8d829d2d26689aae883b26d7c1338bde2
v6p1if_0345,train,345,6.282394605771564,0.4553878838196397,744.4316088508249,114.21947874687837,10,6,1.819152832031249e-09,3468803710.041182,4344360819.646287,122.91611377989075,89.09616015765528,70.27899501775615,71.1613159591402,0.9209900069652043,0.07900999299889006,3.5905621411956057e-11,8.655137040530761e-11,1639,9,ee8e792b126080662f29ddc6ac6d0bfa4375bdf458be360d8cdb0630d3368878,8042cabffddc8d7686ca53be28f22f80649b4f540398f134ad41c3578f41ba32
v6p1if_0346,train,346,2.6312430933893567,0.07883654348552227,607.315505880813,68.43231908617817,3,2,4.294586181640621e-10,6114463059.802154,7526778967.009418,193.51412841300063,47.29469485854611,36.99826534609743,37.25829459075949,0.9304595127527852,0.06954048719735566,4.985921843575851e-11,8.541821549161143e-11,1537,27,5a8f45ea1aeefd7ce2c11512049856752f9cfe027adb84bada6a91c1aee1c1bc,45d3cab31df8ce59689fa873ec058b3c8fac56cf4b78ac8e379a5e17b61b3a52
v6p1if_0347,test_iid,347,8.554797055527345,0.5829081498086452,900.0565461067627,37.61417312715175,8,4,1.5081024169921869e-09,5834549285.333221,8255130862.454696,44.57492865237308,104.76285446804008,88.73439572862405,88.91647716313435,0.9665720009628506,0.03342799901010969,2.7039704685768922e-11,8.750746315444228e-11,1488,8,8a23029407a18989856dd41815ad3a93735c74498bf864de3b8a9f852e684c3d,c090a66e7af7f886235de8591f153f1894c5441db4e4f8d6734a0f79d4ac976f
v6p1if_0348,valid_iid,348,8.946074464266683,0.6953026996925473,816.5120461081549,89.23455205709843,4,5,7.354736328124999e-10,12224283416.701752,15781234422.427183,119.9230315204838,125.44296121062638,93.98064663622937,94.71235741346261,0.9323203217030225,0.06767967832317177,-2.6194194876517865e-11,9.866719494586992e-11,1665,15,3a976cf5bbc5afb7a91e26ddef7b3c414de4f2ab2038955af637ea40f3389435,6101975bd825de5fd2c1ad7779491d4c3a2cc67f115ab3a90518682eb4d8f2a0
v6p1if_0349,train,349,5.886340948165325,0.19104849454015493,1198.197834990836,51.30974571719002,7,3,1.057434082031249e-09,5555213715.734612,7024984958.94712,158.34239415931503,54.39959108262673,45.036817078542896,45.20814399500399,0.9687846772854074,0.031215322731120414,-1.6527813272159263e-11,9.346000591667449e-11,1455,14,c187c1db74ffc59c68d473fc9c0bb88ddc73b33d8cf3afd7f2b2f2fbd028976c,e61df781dee55119fe24c4920151201624951405d860fb43efdd118f90db2702
v6p1if_0350,train,350,7.313673636979057,0.3137569725513458,1180.257612718549,27.104948472642416,6,3,9.777069091796875e-10,7551134356.968338,10106278477.189285,96.90522750485742,72.24585652877511,58.66378399584089,58.77720530952425,0.981358678763369,0.018641321255736615,-1.9105682359678087e-11,8.888209176480081e-11,1304,13,c2d4dc1ea5a4fc30ddc4b95c5d0a3e1122c1194d2e5307b5b8c42cc14252fdc0,f4b58543042d06cfd78c4b3a1f1e43c3931ecb1dee99e3f2e9099ff46f10d53f
v6p1if_0351,train,351,7.406718325764414,0.8174700010567904,554.1607152411432,171.9406163608503,9,6,1.9323730468749987e-09,3869059292.7236733,5429554109.030633,105.55717435961276,125.89804431929917,101.79209264200796,103.64192238517104,0.8717221287611046,0.1282778712523812,-1.3485743050810522e-11,8.574022686347666e-11,1690,11,21ac7469c238a8bb61cc037ad0b937a04690cbb9578f5ea1aa424ecbc2aa1424,115666f4a0b59424c022b9024d1ee6c75e328506ece3f8a8ab4151b812a1a5df
v6p1if_0352,train,352,8.804067848068303,0.49627683497965336,1066.1486397312897,66.0848628180641,6,7,1.192016601562499e-09,7396234411.600189,9536863603.985989,78.89289967601236,96.33351996611663,74.66617577281951,75.11130015099275,0.9578780705088115,0.0421219294840514,7.137112829656817e-12,9.437987304579967e-11,1680,9,20671fddec868558cf616527c8861cb7660ac51ca4f706e7469aab36f4ad40ef,6b2a4cc08bae9eea7c68fc5dcb48cd219015390667b66ddd439fc92bedee36c5
v6p1if_0353,train,353,8.292476669507424,0.99261724203825,530.5522197364564,38.950295290023156,9,2,1.9312286376953113e-09,4318243080.853889,5074058884.507095,104.06677486829135,157.12186641697485,139.89825815357767,140.33717223640363,0.9468086351695811,0.05319136479830665,3.2112258762348947e-11,7.973644442192413e-11,1433,17,20f9fd1f5962f27d1403a7df03000146ac355ec735af8d7ed6d3ba05f8248f53,b791a59aea1f430c4a96b014f2a24330d640795af4c776a264fc107d8a575d7e
v6p1if_0354,train,354,8.389384099821093,0.619732185266912,833.1267863580404,20.62787716171037,4,7,8.746337890624996e-10,9612377273.373068,11582577311.53245,134.67522948060406,113.79464303258334,96.36886784264456,96.45888516287987,0.9785718404604793,0.021428159540189683,-6.689386293054021e-13,9.395199111168784e-11,1537,20,0868fcbb9e71d86ced32232e2d39392bb6fa7c829f3fab96dff9314b84e6f006,05786b4c97088a6af7c168db742e5cd0e50beb0da83cb9e1bb0fecc264dab46c
v6p1if_0355,train,355,5.5826538404376755,0.12379568535834551,1358.316170802687,127.08341507429576,7,8,9.150695800781245e-10,6235772681.085748,9446571270.98368,111.9827845462502,49.498693517847585,35.77931890065665,36.15071967517244,0.9459628142995604,0.05403718573549047,-3.5050868134427294e-11,9.718394199819193e-11,1534,5,55197b5d5708ccc334e62ab01e47120a52d5a08febab221fd5a269711c7fe5e9,5a0704e8d1814f74dbc344b6f9f1cbf035483f1d19214d9bb4c6646175c1332a
v6p1if_0356,valid_iid,356,3.8284200223432148,0.23228827491402626,625.7964432388699,30.225539548443027,3,5,4.842376708984374e-10,7929900648.222089,8167871236.159932,134.52508869733853,69.47892193997279,56.55399339969314,56.64891198493072,0.960904852609817,0.039095147347071535,4.3111511674345404e-11,8.485242179932738e-11,1523,10,4ac22fb98cada4998a9e80e392e385d390a1e17b27d885a906daf5fc387527e8,25ce564e6e484be8694ca163c3e614e86306a6997e95269f4ed7ad8cbdc65551
v6p1if_0357,test_iid,357,10.938234108209308,0.7280412223190069,1010.2784382490103,154.18885143589438,8,3,1.4696502685546867e-09,7511758324.324144,10168978627.74149,172.47571190715237,112.52248395687809,88.91900850114098,90.48027765827126,0.9315177493287146,0.06848225069930947,-2.8024015595237875e-11,9.644043843567405e-11,1591,17,e21ff59daaa4877bb72950d8fd1aa5901da86cfbc0d8116f0a467aee988cb72c,8ea3a6eb7ae1e45da7dd00e5627ce8efc6a4ff977885cd225045cb636f744e01
v6p1if_0358,train,358,16.213489823881098,0.8548892447724938,1432.1722913725225,92.6123950878488,5,8,1.0706329345703117e-09,15314989951.537338,20993315520.796463,133.09446321134828,134.88851189795577,100.6083493556097,101.62421878517455,0.9619388928337381,0.03806110716301196,3.249890893292983e-12,1.1343294529795855e-10,1676,8,8e6349538c5b153893337a673feb4119e8ff0ca08aa3602daac26dbe8b201342,48c767517900a6297db2df3c4b9838136af530b43d447431ecd6c9316cc4460b
v6p1if_0359,train,359,5.243255004242091,0.3586094258353114,706.8969706414009,49.438333660290056,10,6,1.6580963134765617e-09,3191358090.1155167,4520766305.651271,195.5717424977614,77.95078794796422,66.49403346594481,66.71286441405684,0.9489743904179169,0.05102560960230854,-2.022542484324429e-11,8.22589295521103e-11,1463,9,29c6a53f4cc889c374a0ca57834ea67ad44035b8fd245e9a023cb4f08d4557f5,27d2af402410c5618647dd785e63a7b631322c03f759daca1789e8149f328682
v6p1if_0360,train,360,9.010724098794562,0.4262733394280076,1236.3139065226878,61.613820139259914,8,6,1.272277832031249e-09,7141675858.74568,9040463206.84162,108.36553862489667,81.65374068934852,65.54677494920973,65.91154554814192,0.9656727763079318,0.03432722370528832,-1.3220104221226987e-11,1.0236644146496122e-10,1595,10,a7f8f64dd28cdbc308fcd431890ddcce92d9bd59a78d7cc327ccfcbe9c222291,92527204fcd9939ef06455c6092587ede4b904e2d188eb411844a0b2ab14c692
v6p1if_0361,test_iid,361,11.045309611709449,0.9227281613275409,818.8856874663809,100.85679867344273,3,3,6.683349609374996e-10,15940753120.307592,23314438190.284153,166.70256004202506,164.1412259878095,114.31829157760191,115.61736929774807,0.9330381951269011,0.06696180487590216,-2.8032823021319892e-12,9.11032677098912e-11,1592,32,89395fcbdf7998e3f788655a412a8d810ea1419f21a17f9d3ecb488858e4f2f5,76c09130ec40b91495a9f0b83148942558a71efff62cd555a1bdf0d803114495
v6p1if_0362,train,362,5.507465008242759,0.5490267835557461,542.0552908795403,190.4949990977852,10,6,1.959762573242186e-09,2822923986.8785152,3654629667.541141,122.35450170046845,96.01750854009202,75.34663038199453,77.21955433075756,0.8740749455366865,0.12592505446482805,-1.5145896815929386e-12,8.490216910375111e-11,1604,7,ea1d842af8251aa75a6f904f9dc5c797cdc057999dd1f05ea64a994748c1f8d7,0227cecb3e2c97257c1ba12289b93d5c7e8d7d68cd4b876d5f71b5d368727bd9
v6p1if_0363,train,363,4.095622156454397,0.053143663331866264,1166.3562857173965,32.04888851868229,5,4,6.724548339843744e-10,6034599516.752619,7590173142.843838,190.29711899898206,42.405756667225944,33.30473575343962,33.353544569889706,0.9771254148828561,0.022874585125793687,-8.649790354900936e-12,9.579844600255059e-11,1456,18,2dc841426721c0ea6a99b7f5bfd03e828909d1e934df84fe9020bc99e846d5a5,1d8767af95a4b9596459b4ed41c5d6954b6706b084bc76e31f3623ec41fc36a5
v6p1if_0364,train,364,3.7028243908176437,0.16157524939626455,722.4093383215254,134.71248742680586,9,4,1.4285278320312494e-09,2596694995.369314,3314656708.1131663,113.3655708207703,52.237485999124544,41.51573670020757,42.071416880954196,0.9050413443470147,0.0949586556938389,-4.085355752158679e-11,9.436789438797083e-11,1756,10,080d29408fdebf7968dbf825796c72c879f650d73259cd8e9be86d6706a4cbf9,432e50bfa01d3258bb84106dd70f3476356b5043d9a36d36e07104596eb8b3a0
v6p1if_0365,train,365,14.390019121153069,0.6573968278244138,1566.4906959494006,25.477965678876718,6,6,1.0618591308593746e-09,13713780982.452356,17525561195.697124,65.79625224643563,113.98523428992928,88.84203569271153,88.95680147816776,0.9860428610604938,0.013957138954368429,-1.4862240388311054e-11,1.0331921360414085e-10,1356,11,0dc8ffc3c4d7e8f5b56ee46507f0935c7311f861bc2efe7a646b9c5b76e2af85,619fb940379c696ec6338c11ed986bb54503bcd9e43333732f596351a00c2cba
v6p1if_0366,train,366,10.721641665765837,0.784939156845212,919.2346350753586,42.4298040664199,7,8,1.5247344970703113e-09,7141824227.884962,10317129588.277163,158.0215962908474,124.06277450069649,106.03657142294422,106.44627977456422,0.9666426091567022,0.03335739085054484,-7.247005026642067e-12,9.28678492993796e-11,1451,5,f19518fb5db0cbdd5830af9f72b66636433bfc13381c6b90f8b74b62a99111a1,5124c00a95fb9e176467c1bf0c382459aa7fa1003b97c86ff1227707039abd85
v6p1if_0367,valid_iid,367,4.188992160660479,0.2886669337749481,615.3450561749777,82.38346453382589,4,3,7.379150390624994e-10,5741018563.8875675,6828776720.264633,68.32875462900363,70.6272331651378,57.389972730564374,57.809004061603616,0.9192591425661762,0.08074085746807756,-3.425385008610698e-11,8.38957532129744e-11,1551,25,01154e3be0691f6f3c3df76ce84c00b70f182da6034a00f45d63ce6a072a61c7,0bd1dca46db3627dd58568ed44bd30686e3191aa55e36214c1397027bdb9b92f
v6p1if_0368,train,368,5.276600536956476,0.21549221593886614,979.3243888595994,77.14378123590987,10,4,1.529693603515624e-09,3481046199.0754366,4523060958.018543,105.41413718620954,57.86755704626472,46.70830960876342,47.08049846410034,0.9510114750618223,0.04898852492722859,1.0949117413325207e-11,8.068330902921137e-11,1389,11,622b991073d27e12d1189e37232a5ffdb9aa0a02063c94cb207964f565220bc0,22a0bbb0b8fa62b362f8f01c90de2417bd061fe4d3d9bbaa8d7d294fcd15bd73
v6p1if_0369,train,369,7.560044689930599,0.7118783732876182,645.965917288799,44.50738491007753,5,6,9.446716308593745e-10,8059921912.531975,10518967158.96212,171.33695103953482,126.33391207775469,105.93500178746673,106.29137694351449,0.9501731460849029,0.04982685390580316,9.293965639560227e-12,9.308829217228924e-11,1645,12,696dbc49f6e3549044eb671e726327c8f5745806feef08bf881087cb5d5936a8,72850d7883db425411a78880fa890b4fca0caebe6aa6ee0a9d43fd13c47b54b5
v6p1if_0370,test_iid,370,8.912376519396165,0.838001511991024,684.2735572170026,23.43235482454519,8,5,1.6307067871093737e-09,5400837833.849829,7286351452.100831,161.64218607129214,139.49728582760844,124.32986532756432,124.45749519543716,0.9707663857961415,0.02923361419711711,6.741380062688975e-12,9.268416745754485e-11,1749,14,1197fb0299b13dc679a8685e58f4bbef3d4611f49b29917b9cbfa06c69e81cdf,856deb1a2f8f02b07ea22688d7ef7373d3b31a2356b11a3fe8815ba293bf5723
v6p1if_0371,train,371,9.151984981207683,0.34204972721636295,1478.7348872320842,149.1458453442524,3,4,4.8797607421875e-10,18708809440.628895,21090918056.819527,129.85774303429469,78.81431366393616,51.74084683312732,52.55700832829875,0.949222691698682,0.05077730828239111,1.892685891916628e-11,1.0807876120251896e-10,1393,23,b6d2afe6416b6fba6fb2df0c218a9198fe6c70dab910e70c346c2501391dae04,ca39b5df774a3886fb4ddbe781ff98ff7a987431f82464f115984d7b0b7be506
v6p1if_0372,train,372,4.6268525452487115,0.45054234843701124,509.6589196172415,35.283374596591315,7,8,1.219863891601562e-09,3740795357.1711907,4973223134.492198,134.58367141940363,93.8628237665485,82.45768373691814,82.61520042835369,0.945723204812455,0.054276795228372504,-4.082744336748131e-11,8.371717113041027e-11,1615,8,94e38fc8d76d99468abb6a2f7a2ed547aaf46d61e6c9958d5880d907cb6398d6,e6fc33e169cd1113386b426898487dfeb656aeed36f5ac82476ce5edef854f0f
v6p1if_0373,valid_iid,373,14.32411992100224,0.9463105211034417,1110.4459488351424,176.18679587692696,4,3,9.283447265624991e-10,15351905658.33292,19450361003.458492,276.8517704098004,155.093792292135,104.80469512448182,107.01234422879527,0.9331290445605764,0.06687095544483534,-5.411819138986112e-12,1.0274010795997666e-10,1594,22,f1676e95bfe9f58e281be57efd20499c1db24d8762941db4a0772d8ca7e10e12,1a65038e7a8c1b842b266f6acff2c663385a57c842bd830d6df370468e6d8f98
v6p1if_0374,train,374,11.343400544708983,0.5741504039615393,1303.0058234925302,105.20335150755355,9,6,1.7099761962890615e-09,6722511983.737829,9713424101.650072,203.37627079384825,98.91928654678503,74.74679697229581,75.79186432610908,0.95742808605026,0.04257191396159558,-1.1855501621480827e-11,1.0493804214100777e-10,1549,12,f7bfcc69f208d6760a8e757973cd6ba3044a28f0a1613ad62b77d60cf059da76,fdea4a503f4ed923db0eaa70a666c7d9a03b3334a4c91fd6fb085112ce138dc6
v6p1if_0375,train,375,3.4791595607768238,0.07782477512955666,867.9674963471866,58.02073570434596,6,5,8.272552490234372e-10,4193535280.513691,5120202287.895725,184.28680874302253,44.86265657598898,36.19706372590485,36.34417869130435,0.9523820744581732,0.047617925505634526,3.619224892491169e-11,8.857687020636987e-11,1583,11,c3cf6f22d1745d54b1af0754778413a17ad5be4cc55af831b5c199268a1e53c1,9ddcf259a3f8fab2fedc2607ac045dd7bae624f3e99a05a1d324ff22fa5fadcf
v6p1if_0376,train,376,6.3583119521161855,0.14455790631473064,1504.2947462739464,54.73032327440857,4,7,6.060791015624997e-10,10482011616.510792,13626619863.159193,145.08966157207192,54.89493444041943,39.560431228945205,39.715434547287956,0.9727361707572081,0.027263829246188746,-3.3968704509057996e-12,1.0945448327357853e-10,1622,10,64496f475e63a27dd469c837e42ef94c9a072861efa4ee05436c05fdd7b29a19,41a5f904bf8295e378375d169328e952967f0c1a50be6394c737a3622973cdb9
v6p1if_0377,valid_iid,377,7.917129282806137,0.6409669779241085,751.8240819171727,85.16930909568157,7,2,1.3799285888671868e-09,5898886109.264878,9329943124.29091,162.2220207632173,108.99075771677201,89.41567208656811,90.2359945505967,0.934967866264183,0.06503213374932537,-1.3508432436364073e-11,8.327676984598497e-11,1396,18,c7d24176b3960eda5b630543f03b31d2470570177be75ab6d8f1d8965a0b132d,dd41dbbe9934555c27254ecf78c981f560e3281901564671dcd020e5cd3a8b62
v6p1if_0378,train,378,7.439473994999272,0.7682573897764087,590.4036891844486,161.72488320666056,6,6,1.1706542968749995e-09,6337168892.62914,7752986130.509957,103.80079477283307,127.01835897597914,96.3923893766022,98.45940844997199,0.8909030982036417,0.10909690178324465,1.311364592556734e-11,8.277252740434979e-11,1603,14,391c81749ef4eb49f4218f60e68e1ae87b9aa59b9a496bfdeddb7bae72d287e6,a764bb7ea61dae89cbf29a7ea10776214ce8722312161ee46b0972cb21cc3691
v6p1if_0379,train,379,5.777050220001527,0.27238955441862345,958.5777483345827,28.30061133329761,9,6,1.5816497802734362e-09,3643776469.759758,4710947528.361777,111.3258316727754,66.87883872659955,57.709050898776646,57.77567151674678,0.9747498986673407,0.02525010130165469,3.1004519732603625e-11,9.31892608400733e-11,1584,7,c5b17e6ef5f7cf30d384ed39fa2798705dbe499b432d76febdfc5719ae19a5a8,cd1b301127e627f4afa7e18cc5bdbb9ed3964e60c463bfeb7379f450f113c29d
v6p1if_0380,train,380,5.9433560910731735,0.3808211088180542,793.6409274615877,119.66214774728547,5,8,8.390045166015623e-10,7195415880.275011,9048059710.39286,79.61563325391965,79.13567287012046,60.685797964142836,61.50740356075308,0.9211674914738787,0.07883250850608278,2.003853976432234e-11,8.19083174968175e-11,1429,8,2a028109f78fe6f604971fb8ebbc79fec75c49502be1d40554158c3aac9dc1df,ceeefd6231394a2efeebd9130e9360df4c5846b353ef5855e3b52e56b210ed48
v6p1if_0381,train,381,15.07238067032523,0.8766274619847536,1274.96076055048,21.514924062076815,10,3,2.0922851562499994e-09,7224355651.332283,9981818002.610153,243.65947627008666,131.21167593533409,116.47825995536648,116.56455165873837,0.9848323060708964,0.015167693925173087,3.930482113899858e-12,1.0208379215275932e-10,1560,13,07af0902ef101c114ace538e0f81f4215375118e311863eb80d39a069b900cd1,65e037e7e2f0e8072ffe91996cedbc70102e824d0295729963a28f7d0c7110d3
v6p1if_0382,test_iid,382,9.295565451408935,0.5031779455021024,1129.4093954071495,36.02146880230172,3,5,5.093383789062497e-10,18817473890.383038,23586726699.329384,172.05188340063629,110.45351024134283,78.18927826685893,78.41644526045593,0.9748758211656622,0.02512417881715546,1.7182322603599824e-11,9.962584803904519e-11,1656,14,436952cb93961fa71888c470722bfdab555efe2e0819c0d26e34821785e8c71c,59a30bf768ec9cc0c0bf8405e52c16db76182ac7c50cf946277254651965f1fc
v6p1if_0383,train,383,1.981632597871235,0.006951532326638699,560.1257984863109,72.74815065493522,8,4,1.137466430664062e-09,1744322738.6838531,2445224024.0816407,80.0363449172931,34.68346742628859,29.902475756813068,30.093707197596384,0.9192171684768595,0.0807828314923799,3.076061633272183e-11,8.924435517990736e-11,1492,13,af6945f1a5ac88c8bc391bd5f807aa939513878c27b9172e989b2c7cb7f226fc,ce44de7e185724a92bfae71d42392992796260b1a16d6cd6279764903a869d90
v6p1if_0384,train,384,4.211899930628983,0.16546399146318436,841.0870117118715,87.21787745064366,7,6,1.0289001464843741e-09,4192594910.69708,6379145302.916562,89.26414274467493,53.94870954854184,42.28297376372292,42.69224479504196,0.9397503795714758,0.06024962043384457,-5.320340439733039e-12,7.839284462354641e-11,1371,7,8fb4c41c75394dfcda9c1987c6a3b641124cead6d136911b9d6062a5728d165b,9defda659f814a6945068767e5d6073eedb83cb73b657fe8a03ccf69aa4b384f
v6p1if_0385,train,385,12.919494350288241,0.6691293362528086,1345.4592518480854,53.43354060022264,4,4,7.572937011718744e-10,17095938609.759567,18846960500.96452,155.22452641095393,115.02941666238382,89.21694523097933,89.63150582540453,0.971703697313433,0.028296302697372645,-1.0805668488337438e-11,1.1302059576248392e-10,1671,19,963d30c346b8fc93a0159c13e81b4322649aa60160263ef0b86eef732eb5abe5,c06545570153e4445b0fe7244ccb57c60361fae1d8cd527212f24fb85c8bdf65
v6p1if_0386,valid_iid,386,12.095577745060911,0.7967358948662877,1056.0574774897705,27.699059296462654,9,5,1.8824005126953114e-09,6418248219.978901,9666254440.432127,166.56264453463942,126.17065278527531,109.74775000545496,109.89830412744824,0.97790124855335,0.022098751430410794,1.6239143544099422e-11,9.783811789942911e-11,1603,11,afcf8ee05b5cb036d644cb9e10b6a8f13bb4554d3a952081abf9bf949c9f1dff,dca2780a6af3f4908e1d1af3a45cc348dc1f3657cd287c4e62197a4651eb2df6
v6p1if_0387,train,387,3.7791243785963697,0.29249885585159063,535.6213059190804,165.29524110155305,6,5,9.66567993164062e-10,3936538237.3246384,5135878175.150683,110.85704208903735,68.09989159469245,52.912948051725,53.83985832442185,0.8659242627922491,0.13407573720713986,6.109991668157314e-13,8.656667118170513e-11,1584,16,0d260d0c71a9334a72a935a9a40d1acde80676c3e40d78dfe7f3077523f5516b,a99467954cc515a95bc81d165b1e6acd6a999ae7f4a67e60589a69254da32daa
v6p1if_0388,train,388,10.108427692971592,0.43028402887284756,1419.8273634576437,22.02081858301052,10,8,1.7254638671874993e-09,5868402672.888483,7729774173.24154,97.56841510912524,87.11567087809618,70.06421939834884,70.1266554733892,0.9860255820078486,0.013974418037284473,-4.513304696391689e-11,1.015403728856595e-10,1522,8,7d3dfbd3438ce7db94486bc26043ddee69e767b8fc50391e911e9c5c64463ba1,e8fd08e78544e2c8aa93660041cad155f303accec7c6fb1d150172ecf4af52cc
v6p1if_0389,train,389,9.996455760688702,0.9343384690582752,713.044014790503,116.88848196892555,5,6,1.103439331054687e-09,9269624707.316385,11694454297.770685,93.63744735933021,145.0130214279913,114.15996651740363,115.70600793262813,0.9186681488186907,0.08133185120070278,-1.9393499158372586e-11,9.171687943614752e-11,1494,16,7e45d5f750acbf3ff7f0a3074c535ee88d05112fd57a7765027e339f84a426e7,02b5aeb34fdc9f1cb8c60eff212ffdf2d07954524f7dcc9c49e4e0e8c3efdcc4
v6p1if_0390,test_iid,390,6.298572328875356,0.5607015518471599,631.2384273880824,71.2443495542284,8,4,1.6044616699218737e-09,3950116288.683204,5397990140.941666,67.18026507125964,99.81215910177269,84.21501625459719,84.93555102185549,0.9331917291027704,0.06680827091620489,-1.8975244809512332e-11,8.045004710832801e-11,1450,10,2af7d9b51d5c2baef1a680d84b7595a2b19f864bcb330e2900bbef8c17ca4dfb,e40a2b5323b9be6af28a7fb020de265a3f5f2e80c53f95a6bc0f8b882a0f2b8e
v6p1if_0391,train,391,3.673666846081512,0.05709774885326624,1001.5698405766486,36.79471284323859,3,4,4.838562011718748e-10,7672403076.9183235,8460199046.293841,68.72122995645319,48.98365588921132,35.3147214771609,35.38819585818221,0.9692887157130876,0.030711284283703105,3.2092518103644322e-12,8.95998797458127e-11,1638,32,56d4e11c00dd87d97df880ed23c01db87bda62a44bafeee689dccf831204f2c3,891c423c34eae613c299a018bd1c1f1e3e092a9f718822c4a9e7129e20c23514
v6p1if_0392,train,392,3.3656022002412165,0.2204604996368289,547.3935513987997,45.04144011446623,5,3,7.621765136718746e-10,4462430578.383928,5509707931.925643,53.86611568115173,64.9948950558894,54.91404696803384,55.07750541325901,0.9395345913983076,0.060465408648758386,-4.706600661480088e-11,8.770518069318074e-11,1634,22,b94e3bff7a30d42372766235b93e2fae9cba80e2ad31a0ba46f5f6fba445b291,730bee11979559dd2561c58cf2fdd583815f99d40f83432bf7255b9b53cadfa4
v6p1if_0393,valid_iid,393,12.112710809244547,0.7242402518168092,1154.9805605748086,76.2022903494168,10,4,1.9524383544921865e-09,6353165086.507059,9929274927.67202,252.24212819789972,110.91326048558244,92.41344377026887,93.16091829457228,0.9595985683342813,0.04040143164912722,1.6591580726139798e-11,9.734120206517649e-11,1456,12,fdcad0651c04386f5856f5969f5019d87960f1740fedf217b92b1e46f4275a88,1d4ca03bc399582b6ee40fbf5842790b14dd790eb7bbc8c8447ad365853bf276
v6p1if_0394,train,394,14.275378416556215,0.8510304968804121,1224.2562090789688,147.04115844174197,3,2,6.982421874999999e-10,20294413985.809032,23326808197.870934,119.21051642851292,138.81784823576572,95.73974988647734,97.55837367532791,0.9454844202151462,0.05451557979360765,-8.753847327845809e-12,9.54172384815427e-11,1363,44,ae00d2dba4c1edf79bcb47dae82e53e81e4debc6e23fce5a1926bd8e18554924,53a63cc7e585fdbd1036fc49266119192518d75d71318364a5a6e185ef08b4cc
v6p1if_0395,train,395,5.826619118609951,0.3468468300998211,826.9499954821046,23.772773437512207,8,8,1.2487030029296868e-09,4684464768.058221,6960068947.715781,174.63989127019886,76.9401740737913,68.14668315125901,68.19550389142307,0.9746047181039097,0.02539528192383097,-2.7740622167982637e-11,9.457197057629327e-11,1722,8,5e7ce0fb4d70d1af153512e9030a7976d2c6b5d09cef42be7437f7d8dd1bba39,0dc451c29d1443ce58f2907b5fa7d5138a73e583fb31a2c29bcbe30f013a835a
v6p1if_0396,train,396,7.662824889235095,0.48457099962979555,911.5637555002609,178.3949408910943,4,4,7.566833496093745e-10,10345306187.038404,14545002793.83071,60.41725485016832,88.87608253756514,65.25709223685216,66.71298404880513,0.9175434523785966,0.08245654762528484,-3.8814793896825994e-12,8.863317556584098e-11,1524,17,34f0bffa0b8ccd1e874e29b1c14f5865afbd4cd989701b0b36f2c94bae575df8,a83ccb7a11d8ae3d02d89c42b82340322efc0d12e33005b85a9bf7a88a207cfb
v6p1if_0397,train,397,9.356068053063531,0.9886940782889724,620.5239046559311,34.83441090036132,7,6,1.6027832031249993e-09,5864162319.937658,6762038007.950673,220.0293575539026,160.09700566652833,139.75373439800035,140.0144333328825,0.955598445817899,0.04440155422191317,-3.9812117030779446e-11,9.286253873008467e-11,1702,12,6be2d6f9f5e973e0d9157ceea5d3de5b333ec3c1fffe85565ba858d5b22b6a3f,e414d9e57ea7f8a5a7b5db380405d8b1b74cad35477e8064565c31ec4b2328df
v6p1if_0398,test_iid,398,7.512234653720348,0.6157514601945877,728.4894600033019,57.16780048881243,6,4,1.1932373046874996e-09,6299003599.5560465,6906634607.954263,285.0917469924643,108.42240405289988,91.13127622678358,91.65291955951366,0.948235497328227,0.05176450269216439,-2.0391346010341614e-11,8.626501932590443e-11,1572,17,48d21c20ce8ae8b004dce5e2ec097433da708cdc89b7be18f4e5b01d39c510c3,5ce1bb4999d4a40d7c4e0c3096c244806fd1c49024fe844dbfc8a12a1f835a1b
v6p1if_0399,train,399,6.030648843871175,0.11215526051819324,1553.418127726084,106.79545176381767,9,4,1.2973022460937491e-09,4669806525.069625,5762493618.329102,62.814819598673736,44.5665685359524,33.95609910798857,34.307374488842754,0.960180556312525,0.03981944366944025,1.8034778571152484e-11,1.0935416801102998e-10,1452,14,cf040c4058583b2e82d2645d1162a12b0a78d8da42cb4959d4282e8701ae6761,f64e74c5ac196cfec62d8ad6f5364277f30c55a219547a68913c5c0258c942e3
v6p1if_0400,test_iid,400,5.357129450668829,0.3846794357523322,690.8167761359053,98.54669641318746,3,3,4.6234130859374997e-10,11565416091.03952,12305202562.77331,52.3507999311461,88.82888198726442,64.45792505526664,65.1380563893771,0.9205316100716554,0.07946838998861512,-6.027047289583684e-11,8.730533087952273e-11,1619,24,c164959fdfcef5f5ac204abd6807fcab538bc770300b231d91067966b06e4d74,7be8fa73a118f143ae465f65c7c9b64315212713d783b71e7b591b41d94e2aa4
v6p1if_0401,train,401,16.98873218963571,0.8883905233815312,1464.7303707918709,63.08029477664041,8,4,1.8170166015624984e-09,9488053692.291237,12117793829.164467,70.75112872978539,133.8743707632707,105.7842679091256,106.42954829486422,0.9711243962564012,0.02887560376615659,-2.255785707764677e-11,1.041284695793194e-10,1530,11,4ee3d692339b3e0d51ebc6e7b8c21e6832cd1fe5f1e0db185acde72922d9704d,8921d668ecd4bcf0e5540a0861d058cfc5e36ae234c9bb4d2b2edaff849b7c4c
v6p1if_0402,train,402,8.366678670062335,0.5150052849203348,970.0493237898386,32.72766392506255,5,8,9.655761718749996e-10,8506054778.026489,12636208886.632318,149.53550428112817,94.99480786492546,80.44101505711185,80.6132573280701,0.9732257961004257,0.026774203897852723,1.721611749104922e-12,9.94721955097111e-11,1515,8,f2cd0ed3de34716e5a905fc697236f26e1117c9a87dc12a9148149457faef7ba,98fc8bba6a260ec59743051d14045f68008d2744c17cffff5facc35d51508a16
v6p1if_0403,train,403,2.2636698462490035,0.010752953588962555,652.1430084789741,186.50484188747603,10,6,1.4844512939453115e-09,1534661160.1119027,2049824793.8252473,140.94293872396008,33.61417479414695,26.594433979557348,27.06977189360207,0.8775836186580921,0.12241638143551695,-9.360898249642873e-11,8.140106070913792e-11,1555,6,19803074e033acdfe1e95d32ec9c8ed3d3345c387bc319bd6e8ccb331b3d4175,10976d368ac589f04fe65c6414f4ae2afdb3004d52d56ea44024141e1603e528
v6p1if_0404,valid_iid,404,5.689609394922244,0.14853815827518702,1291.763774110746,24.881288201736847,6,5,9.200286865234368e-10,6230231085.479839,6986764495.187582,93.9478573245315,50.63651033348066,42.34953132405206,42.39510617321834,0.983343156670761,0.016656843325677,3.56196534701238e-12,9.673783461393515e-11,1377,12,a214ff09f121d65dd4830a3a5fbf7f68f4dc23dfe3c22a4320cfcb07f2eda0a3,d6607f9b6e21f3d3916bed0c868ab25d27c3531192f47e439d047bed60ca51dd
v6p1if_0405,train,405,9.041652407381743,0.6526078311726451,875.520323966861,137.99153602879807,9,8,1.5885162353515618e-09,5621635664.224163,8229530088.150666,99.3381324324226,109.28909165947988,86.1052770672363,87.36461873099104,0.9235355098728302,0.07646449012951241,-2.342609066801896e-12,9.561998472041165e-11,1774,6,7d7a0082ff1f26cb825e2ef9046cdbaee1d5734b9d58da3fd7a00a6845853c01,0095e114fa197e7a446b31b2ec8b9157371684fab3199c9b6887526fc323caff
v6p1if_0406,train,406,6.743021513717812,0.7799627669155598,514.0936965386497,84.17853848230524,4,4,8.483123779296869e-10,8147674166.64608,9931395419.081184,62.67140729921409,130.5844723795219,107.79424903838064,108.83011646137555,0.9095382533522179,0.09046174667096023,-2.317819850672876e-11,8.716128881695253e-11,1581,11,c83e35baa16acbf44a73a4327d5f711231af2dcd595556f68f81304c259dfb9c,b27adf1f8b82913095cec6b13e8e50918fa728c3428900e8097a4be105814d98
v6p1if_0407,train,407,6.4898273654241585,0.27631316147744656,1100.8655692428695,41.51624104721194,7,2,1.171188354492187e-09,5607437924.487702,7657783819.465934,139.54434501959588,64.53922672948534,54.85640396802598,54.99268944325568,0.9705845795130662,0.02941542048308016,3.853684060811036e-12,8.744510977464925e-11,1391,23,fd3da0cb49635490c83b4e177050a81617a931a2474a351f934a60619f57ef37,7d330597af8bb9580c1d188a7203986a84721ac5a753dc163af2158a0a71ef40
v6p1if_0408,train,408,5.153326150339439,0.4387451224029064,596.2145698255367,38.46547019590629,9,8,1.5242004394531243e-09,3419738299.078379,4498992838.21068,132.9668975770811,87.08115769952855,77.7333268115765,77.93940506954866,0.9512590608328567,0.0487409391855856,-1.8442280759687997e-11,8.804454075122266e-11,1458,5,502fe0e5ff5d10a10c434f9fb5df5bf601b12fad904c682aa39df71a3b4cf5ff,9676690e1a17f23f4f4989d4d5f2d9dd568219220725ba4df6ccd693367c7a73
v6p1if_0409,test_iid,409,12.615311904509419,0.9424791317433119,949.2362154710717,66.9318971874032,6,6,1.4257812499999988e-09,8844415302.376287,11047614896.974936,123.75758907772378,157.78655388735143,120.35509064298662,121.10262891569181,0.9527657962265872,0.04723420378598076,-1.2567915544956368e-11,9.249229373954597e-11,1697,12,2a5b6fe2d4a640f24e2bb4ea90c6d7f8af9015f76a8742db9345d7c93fa091ed,dce34a55fa7c65104c9c897a8e4ad7f8a37c3fac29451dc75c7fb00279119a89
v6p1if_0410,train,410,12.551622199320548,0.5702611589804292,1489.6346784575364,128.9704224688352,7,3,1.2808227539062485e-09,9888605170.583872,13249209163.153442,76.58276874053863,97.55088812397798,71.68352812504816,72.83244335536307,0.9571807805297202,0.04281921948399178,-1.3712003179137518e-11,1.0564552047695085e-10,1563,10,2d5f3f855b88c21196de0b45c3449200c0e6a647559138d6241ea3c462777dcf,aaf71ddab380d194390977fe1d062812168c406bec43f41fd0c023d3525e2892
v6p1if_0411,train,411,3.0290210782116658,0.06609278451651335,759.2239074771787,20.3189294485631,4,7,5.931854248046869e-10,5162247109.941673,5986528682.625366,185.36287322157642,45.69696564626349,38.26643415436393,38.29460453288376,0.9764293430659838,0.023570656920258556,1.3757579795153977e-11,8.726711406237204e-11,1476,12,ed2ec183417f0af88422fb58497cca927f5b0a16f4aa738f532700571449d2ad,d3836c7de32e5a50143e142bf3099a02745d17317017a254bfc5aba26d54a3cb
v6p1if_0412,train,412,5.730140675007613,0.20381692238152027,1119.9906362656618,152.34993748971578,8,5,1.2850952148437498e-09,4475462309.18649,6409611642.247987,92.19999539426672,54.52143946671407,41.94506661792668,42.61426144645215,0.9329281141889907,0.06707188575870233,5.230696082759618e-11,9.882864906957311e-11,1541,11,30bf68ec5125bc47d3538742870c0d43b6a71b293e4b4f9bd0d28ab41e1ca073,561ac267f643184ed7c0b77e4f3effad61dfe0006154d3e3bbf12cfee8bd8fac
v6p1if_0413,train,413,6.772556620548311,0.7079247683286667,564.8356536956674,30.596829542565764,3,2,5.606842041015622e-10,12053014463.33735,14706101708.889996,60.872675798600724,138.11509393300025,110.47541358026562,110.66996252379857,0.9567572011384892,0.04324279885228947,9.221347645625803e-12,7.688983214349105e-11,1476,29,62faab2c58513e450b1dd3c39cb9966ee5e8e2674e1448f8e5b28c9712163940,8cb5dc3ac64520f718f4e047dbd5452a671b9b3ba48db3c14cd1217a7644206e
v6p1if_0414,valid_iid,414,10.05043264538691,0.8339903121814132,800.314088298029,50.142448394398194,10,5,2.287673950195311e-09,4404213923.368265,5611331291.486616,140.79893086765978,132.52119769932636,112.30066677893214,112.87438619165839,0.9572950222981447,0.04270497770763646,-5.781174005063525e-12,8.871558889318697e-11,1514,12,d528b1a4e5d4d439f48c439459b86bd6656b762f4cc5d23bc9166ec861dab12e,734c1ca796dcd5ac33ee5911ac826312b3128814b1cfc10b24a9a70daa8fa9b3
v6p1if_0415,train,415,7.937144607780379,0.3304399149492383,1264.3285200410517,91.27980355555509,5,5,7.341766357421869e-10,10687023584.625,13959871215.092148,174.81268030258613,78.61190046862458,55.720110669052865,56.206335078967115,0.9556383380298715,0.0443616619702102,-8.175803641744104e-14,1.0168619627043749e-10,1639,14,fb9536b32b84c4163de819d09ac0a74535db9a67288fb285cc147b0dd03cac83,94d7a54249ff1133083cdf013ef5839344c4f732a4cb0b7c663210fc538b9cc8
v6p1if_0416,train,416,12.233097504691317,0.9798887195065618,878.954392064152,115.65099080103572,10,5,2.2632598876953115e-09,5379912589.601802,8498166007.24551,116.46974604276701,148.23973290716282,116.66102737158353,118.12534739189688,0.9303702280094003,0.06962977199698456,-6.38487956853817e-12,9.214070060741502e-11,1611,8,ac32bfc434d40d5e639f5d4e8b3b3c42a84fe6d7621a461e4e049cce05cca50e,dfc64d33c6359f23ea11410b331e468f5ac2487c626667c75d6c8fcf1df28833
v6p1if_0417,train,417,10.321716879488307,0.48361462261527777,1331.1307269668116,22.65904266895753,5,5,1.070556640624999e-09,9741691850.473068,13395028214.267773,113.95831377062707,90.17677786177057,75.07594857887379,75.17521434053994,0.9854143454802312,0.014585654519299194,4.696096851866468e-13,1.0295743451036423e-10,1541,14,4c166e65d92bf3e6e846c8e2eeb6188b6ee0dd4136860b61f3e2195124967aee,aec2725a1610d5df864f8e7c7eef9ea18711e8da68c27f9e6b7cf079f1dc0d67
v6p1if_0418,train,418,4.490761253934371,0.10725066810846329,1086.4909078100998,37.061223166350835,8,5,1.1155700683593745e-09,4124775231.269343,5817560366.028296,78.5201781874413,46.11410772108326,38.62214854686894,38.717726145416,0.973234499565413,0.02676550042451138,1.0075611809586331e-11,9.46090943056656e-11,1486,13,3c7c284f00ef8007d94c930791e1a045e62998c57bb9b1fc912d7129e0454f56,6ec591e03234fe521153cd20c80aa93af9a7bc7f04da750b52d5ee1f3014eea8
v6p1if_0419,train,419,5.5309112974134,0.603074187412858,503.37258132564756,69.4679466334501,3,5,4.832458496093745e-10,11725294407.628695,14680106768.236122,79.4241926897564,113.71199497108466,92.80474161226812,93.26407571066503,0.9098982980908097,0.09010170193670715,-2.7516810118211928e-11,7.919671138665227e-11,1569,22,ad04678a976e4561f20c95f284814e169d7ac666eeb17e19525b06885225f91c,80a86045327ea6dcafdfc8db5a7a263f4c3c10f5cec43f6d12723c18b515b1f0
v6p1if_0420,train,420,14.875679420249217,0.7447088686749339,1460.4976040932445,51.925421471863295,7,8,1.3017272949218739e-09,11489034402.550976,13706793716.903364,71.30329275443296,112.0530099115984,93.42687688184384,93.8104327403618,0.973929930409968,0.02607006959774999,-7.717966460623997e-12,1.0242776971883046e-10,1474,12,35cf7d5f4d58c338cd1d6aa411d0bb0e054a637be831647a6a7c2b2aa90db55a,7fcfe64a4c50cb0886ec3da21c0c4f612faecb5106471e7c22ffabc0889b4117
v6p1if_0421,valid_iid,421,4.1670977086727365,0.24882386717945337,669.5126548571125,88.145505523363,4,8,7.135009765624997e-10,5973539114.2367325,7714246439.615609,168.30103354271694,68.75290655943701,53.01017636134978,53.46288075564816,0.9236000416201683,0.07639995842100461,-4.1172935643539246e-11,8.755340217314743e-11,1660,16,105160d323cb97469ec03153c158af3a437f7e39376c0889cbbc922911d52906,5f14e4976ac68eeefc533542201904082bd76a9e3ee6663542152a9eb0cdf6bb
v6p1if_0422,train,422,5.063114585604449,0.3712162133306265,659.9097686183528,169.514261615968,9,8,1.4948272705078117e-09,3524436729.861583,5540473675.415993,81.84329309127409,75.62729439150155,59.35981406900214,60.67698552527739,0.8991297057211147,0.10087029426051293,1.8372338960691463e-11,9.664321201296941e-11,1729,7,03ec644c205c2a010917dd02f029eb193d049e3483a1523de81cda1d6d793e6b,acbfb87371de86d2b18b5bbc249fc0ff5c62f2014c9c8e408f52986036fbfe78
v6p1if_0423,test_iid,423,12.263900814136246,0.8676729686558247,991.721688264676,27.49872101399869,6,4,1.3702392578124994e-09,9052591377.753124,11019192958.503109,141.01844003947514,133.34872755924573,117.16613455119143,117.3029374857983,0.9766381438584281,0.02336185613077444,1.0797499612034247e-11,8.784752567198687e-11,1346,13,e8e46ed3c6e4a58250cfcb1536344b05d2c1db020cd3024b125c2ffbd4ad15ad,0e8358dccd2bb9fa3d3b4291974fcd35c1ffca9ea42a9efb74b40d4f027296e5
v6p1if_0424,train,424,8.233525226047792,0.9099462609738111,572.2159880431346,33.96773339971896,4,2,9.313201904296871e-10,9015542231.50316,11830624413.380228,103.38399560408253,152.34869175936666,131.11226754770968,131.38403840896825,0.9536576484668637,0.046342351549467926,-1.6331615846128715e-11,8.753760533006666e-11,1543,38,10e4a1b6c68fbbe63d7865aed119650f12f9ec6dde7f1c1a41943257163a4d95,73ea14413b55ed2709bbd6b47fe76bc9c9c99fb80d51fa3d47c1ef723301fc07
v6p1if_0425,train,425,8.323119319148686,0.4136645011603832,1143.7051960715162,179.69607017119108,7,3,1.1936187744140626e-09,6991931218.703853,9352944789.284563,139.5385526908159,80.154566393533,59.92071342717914,61.17982773390206,0.9353916483516271,0.06460835163757353,1.0799381915056582e-11,9.065272050221847e-11,1566,16,e8bb9e22c9faa23d8f9f9fbb266e7d927723992a8b5361942b4d811285c62a98,536ef2d5a276f1068f034d7c02b4afea11943d0c43d13d5227c6478905e9befd
v6p1if_0426,valid_iid,426,4.1388335451971585,0.03660630714148283,1259.235055863265,109.8960526514604,6,5,9.39254760742187e-10,4408661726.604216,6434205780.146157,73.39595432712322,39.62708011431437,28.452168318645064,28.802932153332186,0.9523738323120805,0.04762616771960518,-3.168564189625363e-11,1.0182692690661396e-10,1615,13,36a455c3eaa69d38cba0479e7e5516c46d2bf3bcc4649a29fb1e92f15717e051,982872f07071e38e0ebca8d3e35446e10bb1a91556c8b89e4787106627f5e5b0
v6p1if_0427,train,427,7.170003774234543,0.5323611283674836,776.5198242823367,56.565764487850196,9,3,1.5959930419921868e-09,4517653079.706227,6085858679.744767,147.0760685895045,95.24557719250038,82.23587427154244,82.55682449034187,0.9482378433940926,0.05176215659714925,8.7581995315267e-12,8.613783312979712e-11,1450,11,ec96f2672af44426cd6ecc9c92df983dd7422e4b0ba4b5a771eb9b9e18d651d4,a79df67ebece0dd1dce57d79e32204659a0391827797d66c4823e9daabe5e265
v6p1if_0428,train,428,9.765102596513316,0.6740568727254868,937.8997849526514,75.65500839860233,5,4,1.0534667968749994e-09,9350547966.866869,10659550478.995491,82.23474447840505,115.94726883025953,92.13266173072503,92.69952627560951,0.9463053881033964,0.05369461190794718,-1.1343585993269482e-11,9.908908561761523e-11,1724,20,450c38ef22db03a83153e7f6d30b3f8fdef5a745137e944ba761fa27f7c34d67,ec5f0ca0e466cd54b89e3f0cb2a23b8bc9e148b443f435211198816ff207a7dd
v6p1if_0429,train,429,3.242028680202515,0.17811843939125538,583.1219796453431,46.19359389983033,10,8,1.3385772705078115e-09,2397825388.403746,3305643951.580795,191.9004058934224,54.96281182698624,49.36960194954348,49.53279509941388,0.9431816572586805,0.056818342787177054,-4.585755840090296e-11,7.859465089942965e-11,1421,4,8f5c4fca092f31cbcb9e6a519ea528e283c58b4256b4efa0423a5909cab8e9e0,05c7bb702d1dae764824c4dfea5e0e4e1a827d2c608a2c1d7d8b29edb405825a
v6p1if_0430,test_iid,430,5.06549773431219,0.3013271586969495,761.3415530771216,24.026893660829572,3,2,5.062866210937497e-10,10121764341.507305,12319233321.837416,143.73123607166494,79.49057367037523,62.703396478172,62.80963658506559,0.9740203183288155,0.025979681630175794,4.100872104382652e-11,8.613468645368827e-11,1547,29,c3590ef98edd2211085d074a8d3033bc752496a7538c97da635986d93d74fcd2,1c82f7c875f22c2511bdb7fceef1d61e488770068ba469d057b07b13db7ebc64
v6p1if_0431,train,431,16.28200684231244,0.7976694470271468,1536.7658856925227,142.89849491953663,8,3,1.7711639404296865e-09,9085073029.770195,10787792376.871748,61.32450948243373,116.27713629192772,90.82304067681099,92.10516337926751,0.9523934925843603,0.04760650743387065,-1.8230983582045722e-11,1.0833182400329689e-10,1515,12,fc8a4e64262a99d66fbf569578db6749d7e465f1ed4cf7219d86ad4a6227ff0d,766347260ec09b891e642c942cbf5a6baaf6dccc461d4f75cba60864a85154af
v6p1if_0432,train,432,7.935826093177836,0.6991040948778391,698.1723007789798,132.1525222994108,6,6,1.1766052246093742e-09,6615287107.003325,8611545528.013247,100.85301024157478,116.37850016137628,89.96242049312887,91.43945649570267,0.9108125428905592,0.08918745715983117,-5.039041445842291e-11,8.25496114274288e-11,1466,13,1181c67bf49bf15d2842c09dec98aabadf6529e472651f5b7ce6dfd6017a181e,de6cd6967da06ac895da8cb23070f7e7cb2b3edde30f8e7ad32e640d67440ae8
v6p1if_0433,train,433,6.826646555499532,0.2028757408261299,1401.2906198091587,26.451075807542317,9,5,1.472091674804687e-09,4640602072.130146,6279289943.108287,163.56775999786873,57.114718628708374,47.29450564694885,47.366271784541084,0.9839415020371002,0.01605849797863329,-1.5733461084135126e-11,1.0604160482309082e-10,1513,11,dd8ce52c061b6e967fe774927b66ac37162b039c61e011e855f8c845e7f085f3,a99d88765e24a1103062fbda62393cd116f543556149b12113c5ab82be547421
v6p1if_0434,valid_iid,434,6.707363072150879,0.32552000787109137,1032.095088987251,43.4947932476383,4,2,6.349182128906245e-10,10811096487.22147,15591318055.076311,33.97527503552526,80.47114642568869,60.75128665373171,60.94302182480349,0.9678224348788986,0.03217756512637296,-5.27156488193454e-12,9.7215643319554e-11,1710,27,28fe69a1348ac84318abd34229e5646d199e48707c2df30edc4d03ced2734667,25e02870da34b85501301853b9e602ee2cc14aa26899b21144682c8b9b551ebc
v6p1if_0435,train,435,8.263517227615093,0.8213282348588109,633.7128836585564,78.9119893566772,7,3,1.5387725830078117e-09,5399870323.176932,6183076946.937659,116.6778653453657,130.53874721872745,110.76274070306958,111.44795508664394,0.9213370977761768,0.07866290220731839,1.6504878165735542e-11,8.226901733668146e-11,1477,13,145cfccd0db05dc83d66942ecd49b9a3c3a5cc80a1bdf8f03f81567c5220f797,cf7f078f3147fe8186054d31f30389fab9f2280f4107112352113393637e6e25
v6p1if_0436,test_iid,436,17.192494679753302,0.962962944060564,1375.497216607815,59.333952968343624,3,4,6.365966796874999e-10,27185717212.075817,29381259824.75155,127.08389904025461,174.48326505337383,116.67365559852855,117.30711229623533,0.9678483795367034,0.03215162046400466,-7.080826089568978e-13,1.0705421493767744e-10,1588,18,e26d145ff7299872b76abe2397cdab5b41ef4d9d5dfb011d9e68274b319f2ab2,1e59c8dadab9a04a8e0829efe7afdf83f3e6c23a66442a5ca3ab42197f927ad8
v6p1if_0437,train,437,7.09383434014132,0.4670931752771139,851.1171919750234,102.89659112652471,8,6,1.5519714355468744e-09,4585280733.673174,7151567058.731268,92.61115307093962,85.24842434929894,69.76811673045965,70.56196370147974,0.9347886298534367,0.06521137014488262,1.680695300661557e-12,8.994446257038605e-11,1413,10,4f82cc984f9140c4642f1cd85a2a20230ed929249a6c251d17c5ac8741723054,814868eb76b88c9b95b2568f0d8397867a3ce98a4e560ca96e2c44aa9ae8a5e3
v6p1if_0438,train,438,2.398669764820524,0.09047736320644617,519.1112974588402,198.9403124931229,5,7,5.950164794921873e-10,4132788053.769395,5694887308.964513,117.53883571375955,44.538998210498335,33.89052916567263,34.80886090549825,0.8717513830050347,0.12824861689060552,1.0435973411034375e-10,8.152290028584874e-11,1511,8,e581401642fd6c2dda2c13f5e5460177ce6c2f907ab709f95bbf1867c9255846,65e5550f2d47f2374e474d23c3ee2f63abd190f8c750fc153529e36020efff36
v6p1if_0439,train,439,9.728298955461714,0.5868883160874248,1052.9891370794585,31.23691809482805,10,6,1.9455718994140614e-09,5049198036.188368,8376214197.807264,124.68204684138135,100.95054351450051,88.43092371594312,88.54907098552466,0.9750444756490926,0.02495552437044875,-1.9541367564157087e-11,9.826993179726685e-11,1626,10,ac512a3cc011110e534d749a33b780559b76ccf530b56678560ca82a49bd1f64,c86425e5af3449b78f60bb609de48e65590f14309555281526ebc6df98d231b7
v6p1if_0440,train,440,6.551645770021155,0.6282308185473084,602.0763987659698,28.684002556452572,8,6,1.5179443359374992e-09,4381264888.798846,5810446631.756826,142.3595482149885,115.30187861293678,101.88647928813961,102.02636540138079,0.9606304431154182,0.03936955686147113,2.3110595941528577e-11,8.497119631649786e-11,1720,11,43de53adb8cfa5e2568b2f1eb955af65e10094522239bcca832af67c590a462d,0b3082738ba897ce066acfd5ea302a7c8e56578aa7b03354943531ca2b564aab
v6p1if_0441,valid_iid,441,4.141240365632138,0.1319033158943057,907.8896271266825,159.61936837423434,3,2,5.340576171875e-10,7794875952.026738,10449602423.141659,115.12232138004961,53.56288715275724,36.62138590886289,37.35114374173917,0.9259800752218089,0.07401992473492974,4.326134659042931e-11,8.562572282320943e-11,1324,45,8541a89a181591391fa0d2f350176a80804af4877cb4359500887192255da522,480b191fe049767a20416b696672808ac56a50b3095e7bc27221734948784b79
v6p1if_0442,test_iid,442,8.345472811151874,0.2558369152247906,1586.3068721989648,97.04422893665239,10,6,1.5830993652343742e-09,5356537627.636362,7297679584.383961,119.50884203059123,59.692167091582576,45.78524034572824,46.33340010509021,0.9656532035950015,0.03434679643293066,-2.793212097085721e-11,1.0325035762431647e-10,1414,9,475ae9121066e18e62e652a87fe6a9dcb9e242c3398bdbc5bdaa3feb466abe7d,18dceed9a66629403d4afc88112cf75f6f25ca9b5e4fd5ef2bdaea7c76dec570
v6p1if_0443,train,443,8.733492233789434,0.7516070287674665,738.0098517805949,48.023054711181025,5,7,9.912109374999994e-10,8803873048.512608,9436964671.688856,128.32869716046463,126.07316819231607,107.78106220197591,108.06548027492518,0.9509017245271084,0.04909827546220916,1.0682443616365131e-11,9.59907813694418e-11,1654,16,6593d49d5bc2cbee95c3a711bf6e6c718e3b2c40e939b018d37a8b20b4ecdba0,68ee744c74e988e2524deb48509d3fce9e02172fd40bb488784c2770222afc57
v6p1if_0444,train,444,14.492792232005261,0.8933027451857924,1191.5422302465813,63.886618191205244,9,2,2.0978546142578107e-09,6931412765.821018,8667541303.806116,31.24560571327092,133.49479437021904,109.32603544429894,109.87790590448867,0.9624527828598658,0.03754721711958061,2.0553623004747885e-11,1.0083881773254701e-10,1581,19,866b99ec711669c51b6054fd549bcd2e6efa8d5186eedaa721c962ecf7e0d3e2,ae620442bdbc47dfcb4da98800a1db9d00539205591591e79704a3ffca509acf
v6p1if_0445,train,445,4.551699563574479,0.39734907913953066,548.9118586882628,41.03230500975639,6,4,1.0664367675781241e-09,4306612655.998719,5051197441.871415,103.61871188799495,86.471956725175,74.62249041493992,74.81913691723798,0.9441998481248732,0.05580015192528258,-5.0155830626916484e-11,8.336027201504201e-11,1566,14,6b397707fc498216c00e3e3f9dbc35082a8d1bdc500cf9ccdea7f91639febe39,b899bc81339326310c34cf186fc898dd6602e1a104362feec8b21ab5989aad10
v6p1if_0446,train,446,2.7630541561088613,0.019565941765904427,808.7780462462005,21.216923013971467,7,7,9.741210937499994e-10,2876095994.9922976,3643515364.096835,120.09604119278048,39.25426785580237,32.88221189605571,32.919381803750184,0.9774960886275091,0.022503911421151775,-4.8660908955656325e-11,8.569906374435798e-11,1645,9,f4478503e4d12659d5ecd8fc6bfc9330c4e4e433af2a6a7304b84a709f4fdddf,94432458810a35faeba48460703f6e8ee14639921b076df1a6e100bfbc807134
v6p1if_0447,train,447,9.972468255348168,0.5159540325403214,1209.6543170937225,121.31731970837029,4,8,6.335449218749995e-10,15835651474.191486,18338556585.93044,182.95076949314142,99.4759810746815,70.20850421034484,71.11432943130733,0.9465775269046091,0.05342247309616914,-7.78143851073013e-13,1.0321236703932457e-10,1531,11,7c089bfe0f365db826a59ca9d42e1451ad2ce169ec8131da5905adc0551ead61,5676d808277a87fa48c9654da0864c0b6c2c61b938718e6fb089bca4a2bd5a84
v6p1if_0448,train,448,3.160636954829573,0.07203424721956253,784.414927645697,23.289052391803207,10,5,1.4163208007812493e-09,2207483264.3824987,2867690029.200805,121.99251059010453,43.955570684457655,38.409463058125546,38.44775652744721,0.9745981851339932,0.025401814945827085,-7.982025929388354e-11,9.082336326178245e-11,1546,7,64b8dd1ba874736951a11e9e2bea7152046a64fde4a271028eb9946508338454,c74bda3d34ab5d72417f4185de62379df557f32111bfc9e52ad1b62af2159720
v6p1if_0449,train,449,10.96077778940997,0.5757904294878244,1244.6168477991228,147.42833919704745,5,7,9.624481201171865e-10,11361584539.648745,13071253892.26785,104.93212454555903,118.96678382440041,75.00192007871418,76.42423007802165,0.9457945050528402,0.05420549495445648,-7.296706643519822e-12,9.606133193050917e-11,1640,13,d69be7c2f3a92903ce1cb3d939e93138ad37b04859a880464fc4f5c6e4aee234,8639b79f5783099eeb1e990242b32387a20a3c830bc4d6f5a04c507b7e562382
v6p1if_0450,test_iid,450,14.725772132918305,0.9526050807908177,1142.6114777017096,78.0532744694649,8,6,1.8268585205078116e-09,8056817306.730732,11065567961.434475,158.25044831011652,141.86477512426978,112.70397803221991,113.67073255173172,0.9579520113380086,0.04204798865484196,7.1494463045660195e-12,1.0128597156923472e-10,1546,10,8a3299bbaf2d28d3af37fdaff556c76c904c5551b7ea714ad3330e535029f942,3fdd040c766a66d34cf23edf27247c792fd0d530b7a261b1546f22e41609eff5
v6p1if_0451,train,451,5.0664355217139025,0.44839832093566656,573.8225403650375,44.77504770863855,3,6,5.773925781249995e-10,8844207585.88482,10801645196.535032,74.2904384252171,92.52838625139196,79.08152994850431,79.26623933918441,0.9411204963024372,0.05887950369634165,1.221140346207985e-12,8.52040425212378e-11,1530,20,da398b86436b975a5a71bd7d6575164857ab2a6a7edad7384e9847300fb81713,0b7e43ea040f9bfc841efd597492005444908fbf5b1ea430bfae64d06267e689
v6p1if_0452,valid_iid,452,9.270053393689718,0.3361219819635153,1521.0823607289951,106.46142219297799,7,8,1.1077117919921868e-09,8269686434.43163,10931820880.842289,153.93296711844988,70.6889179186656,53.14363731268393,53.72912966253901,0.9591840726538714,0.04081592735120773,-5.079115329366262e-12,1.108801257505079e-10,1583,9,036a29163c61f43c05b9a6f0134300e2e59fe11ad34a369d4275d0d3f8bdb44e,e6bc32ef98ffb0f8b5072cfffdcb2aefa33de8d81cc26457c52e4d08f955774a
v6p1if_0453,train,453,9.818082438085053,0.8402672596275806,771.487600866393,58.391716139383355,4,3,8.154296874999996e-10,12009448839.710222,13821211468.349077,145.9295312457324,134.99881034645148,112.87382257901335,113.43007854592776,0.948812297290689,0.051187702705969014,3.3419264334030754e-12,8.71663712772678e-11,1499,28,f2733ab0cf05ddeb30f254e4da3fea90d0cb8e7634d6b09480ea9ee2487f9dda,62e7637475b8215baaa9fde125e2dae2fcad1ecdb1f6730aa9d47c4583d127f4
v6p1if_0454,train,454,7.018402755425859,0.7173030404374003,583.9288057129893,35.06420792896803,9,4,1.8138122558593743e-09,3888808604.2636433,5603618685.571108,80.06892963944654,121.00069635376906,108.85768689876822,109.1354902975514,0.954734276543113,0.0452657234691504,-1.2263495556710212e-11,7.80205479764718e-11,1356,13,f1799e4e8e561b29f65d799393ef2289fb98ac9bea5d6d6669a1eea4ee059ffa,62b7759bed2fa02a0aeb34b5c7838d3912205f4798415a38f93ab823f925690e
v6p1if_0455,train,455,5.065185858710903,0.21372951660305262,934.0794791960006,174.07989854069749,6,7,1.0148620605468748e-09,5018130481.220461,6890254875.380925,133.11960321568262,59.347617820302446,43.66736637496056,44.49943857135387,0.9174874582288411,0.08251254182627044,-5.5111563871903246e-11,9.598020191563647e-11,1668,11,d66c40b32a86d4fbf6455681a21112a2525d1bcd2c580191426b5c8b91c849e7,ccf2a1a1f1394b7c82eba70a678d4dfddacb954a83d711a82f63e17bfdb702ef
v6p1if_0456,train,456,1.793321319167856,0.0013898862525820732,505.7554880963844,162.7428581143585,4,7,6.056213378906245e-10,2961287668.0440083,3364969330.451401,112.85504337046417,35.41691475654261,26.300495813888148,26.854947449128968,0.8698437566693401,0.1301562432917132,3.894667826007495e-11,8.087191226732066e-11,1561,15,33e5225f3061b131ed9364f2045a96c860ce50b7fa8646083b00676a9ac19dfa,1c0cdc8ccc9e92c11cfbfc46f880c98f6d8ff7b383ac064d3c0316f883cff0ef
v6p1if_0457,train,457,8.984268234854849,0.50507737044245,1078.4597095911622,28.642376535054108,7,5,1.2413787841796862e-09,7382982047.6689825,9556678790.116627,149.9635876925289,92.26346029173362,79.41532541819164,79.55099914975708,0.9780816726021644,0.02191832736353873,3.429686579799842e-11,9.716340993666213e-11,1514,13,7a5df170a05d3da6ed63cb25efb0b0f862a52f7708eb34dbcc543421ae758085,ae88f79957d83588687c9d39d224897e64a6121fcb13daaa1e2d9a946f49ba38
v6p1if_0458,train,458,15.506348792583047,0.8826626222580671,1312.9690755607005,54.08498500401134,6,6,1.331634521484374e-09,11402022082.524717,13983587894.103704,93.96016531838974,129.35266949375546,106.90186280980383,107.42310270239246,0.9712314725698337,0.0287685274070929,2.3073428828273217e-11,1.0159423097380949e-10,1374,12,c916495f699eef4dbff266d9b6f64d41ef3572a6337437e7e3a85d0742510c91,b9c3756c5b03d850774e20c45916173bac4e6519a060bf7501d201317011179e
v6p1if_0459,valid_iid,459,6.505040086040784,0.378448199480772,893.7745442897578,84.62447343368748,9,8,1.4556884765624994e-09,4513156055.648007,6097311961.033284,120.8632524644067,78.7349735954055,64.13146904704207,64.54045177489348,0.9386892588406649,0.06131074114604657,1.3288502624075741e-11,8.96225737684093e-11,1661,9,3716a5abd45e1dd8159611e6d9c36d4198ae80a14bbb480c8f12ca66655f71dd,7a4dd6abd09c478b2045b8565143ee1947e32b7294251ec1bb86d1c501240e3e
v6p1if_0460,train,460,5.838448083524545,0.2662329273298383,985.2289127261546,35.600795722288964,5,8,8.170318603515621e-10,7267894970.967135,9625096682.12188,97.07912430242581,68.25990525858066,55.529106370326886,55.6262314066999,0.9706690238908363,0.02933097613221041,-2.3046697853853087e-11,8.710928519407307e-11,1423,8,0b9a39d8fb8ff606a53c1466a9d1d43cee89f0282cc8108680f41a7bcb660a7b,8918bf5c04b972a313fa9fb72da755535bb84e052a705a8c4ec180353cdfba88
v6p1if_0461,train,461,8.192939339952712,0.7702637379989028,665.4851831997897,72.31643281179723,10,5,1.9731903076171865e-09,4151309671.6298966,5599855151.762804,209.43823353324652,123.36793291840655,106.21851657431985,106.92879706011401,0.9320228007819479,0.06797719919797811,2.007397825494472e-11,8.673408021773883e-11,1655,8,8e703c107ba5b1215c8d2ed3298ad9a6af249fee8319730a9f1f44d34c7f4c15,06342bb3c939ff622e8d415be515c641bfb3338d8a0210cca29f4402fec104d3
v6p1if_0462,test_iid,462,7.360123915050945,0.6466510444879532,680.2209034766083,120.39315101218395,3,7,6.402587890625001e-10,11517483362.304518,13327319709.548216,164.38186260423527,115.92339711998062,87.18508491144371,88.59618184904414,0.9172633498769999,0.08273665013784069,-1.4840580998679115e-11,9.695454747569328e-11,1617,13,59a151c03909ea84e94fa43221964273c15cc1b229ad941a70df2bb7a18a4eed,a80c16410a7a852e07e9789330bd5d6f9d6c6ab8caed51285dfd54ec1fa87762
v6p1if_0463,train,463,6.1048261688889705,0.14302408881485462,1435.2610664847339,21.766138342907887,8,7,1.1956024169921867e-09,5086768198.51221,7156739917.394731,188.2216659745755,49.85323263396589,41.76747146700806,41.8002128355417,0.9863829701651721,0.013617029875556443,-4.072855475354496e-11,1.0153316899372555e-10,1498,8,c00981566014285e987aab634c801b41cc4121d33949a605c7fc57c09772064c,b6ef801325e28a4cf241d0a5f78c34a67c6d66518235e9917a6e43f077d2d256
v6p1if_0464,train,464,5.3877822881150665,0.3528036465868354,740.0827203579271,20.3812051157283,6,7,1.0397338867187489e-09,5093776072.189156,6319856533.324791,154.0998044104837,80.22773691350238,69.4734635609907,69.53587962016013,0.9761421781992985,0.023857821785472,1.5229504217713675e-11,8.706039689326577e-11,1558,11,37e41a4065332d064d121e679c0046a2fcbc564a47d1d31834ed2ebd7292837f,305a78a5b1ef83f19f0e00a77f8948f2a983495fc38da00b806a344c9e337bc9
v6p1if_0465,train,465,17.589218914637257,0.8565445365384221,1584.7846501311408,126.29404050019387,9,5,1.9268798828124986e-09,9271829435.443398,12411491740.057228,169.75722209719245,121.81634014140445,95.95916887835968,97.34469789415105,0.9600578711286691,0.03994212886933108,1.99975257780795e-12,1.0958981714326115e-10,1444,11,b9a4a288f94cdfdd2fca9d4b43b7bb0883369b59e002d4a43490b6cd8452ecd4,490ca91923e0e49fe086edd634530f88e940e56f96a42ba3fe48f369dec42fac
v6p1if_0466,train,466,10.022113214071478,0.7343205157667398,897.3471472721434,66.50741440348283,4,3,8.367919921874993e-10,12213659000.066444,14496677921.233477,137.79844013403658,128.41956092111423,98.19797327646309,98.83183277691148,0.9516960432123717,0.04830395678698056,6.477981792439025e-13,8.643294229059386e-11,1486,20,471a3a7342a3678aea1661b1926ebaa9edddad0f8c4fe885ac6cbf337ab25ed7,c0db5839a3b7bcf230d243e4c87f065522e84338b567a8b1fe5efbd7764b8250
v6p1if_0467,train,467,3.727733454841681,0.23015949875116348,608.1985701778294,39.416086137316945,7,5,1.0015869140624992e-09,3772604850.657317,5324273742.604165,64.10922796160325,63.87797324556146,56.04424327890573,56.156417712664066,0.9492298804274613,0.050770119570413046,2.1257391867420906e-12,9.399297881135383e-11,1716,12,4408f8df7797c7c8aab8c06138694e8f978debf1101dd68f3e458ce6e44c74ce,b8e6e7871258e39d898778a6f167ef01ce2958f964bffd21a213b913df5dcf15
v6p1if_0468,valid_iid,468,5.004442041457976,0.11788319144397974,1204.7258118863763,93.16936841816758,3,2,4.330444335937494e-10,11523637244.845411,15209571876.498415,72.58559436571585,51.15968200544086,35.722240936220246,36.05818993107613,0.9535740546236333,0.04642594540701188,-3.06451392523455e-11,9.515035017883588e-11,1372,30,2ded534bb29311bdc3eba770f31377b5e1f3d02183cd23c01e0a43103d15d18c,670011143ac68696c25c05d6e7178edf6fbeb6a43be887214c033d124844531a
v6p1if_0469,train,469,8.224455274303395,0.6219826666638255,809.8998344986561,50.02119843468313,8,5,1.4354705810546866e-09,5701739988.08898,6853222519.457821,110.29664640124861,113.11418931670727,92.74742154534776,93.08851622317366,0.9551332053186333,0.04486679469755738,-1.619073587233607e-11,9.119488699274665e-11,1643,8,9134601c341ed6237c22cc6ec1f49587995a033bd7f4eac8334626b6683c017a,60e9c2da957ffec247b662599be0ccc2bdabcc95c37b889bf188210514cbf194
v6p1if_0470,train,470,8.644572305673165,0.9980571754276752,556.2288338391851,29.877478225936336,5,5,1.1878204345703123e-09,7581244228.820821,10349151655.536259,194.9121736352784,165.35316473003593,142.91523918849273,143.20981502371714,0.9579460014927306,0.042053998484029506,2.3239870635897698e-11,8.684801999433416e-11,1676,17,aa87d0e94014ea83d6d8c3402425e523c6dcaec17a2b63445c10087ae4bf0270,3608b6739cd181c6591538ae213bd7282c2e40560b568dbbd12d57d7941f223a
v6p1if_0471,test_iid,471,9.513174582220213,0.49449888430535793,1179.3806520137452,153.24591694868312,10,2,1.7077636718749994e-09,5519516787.984312,7466720959.834283,123.03395343318195,87.36042680455637,67.244850182212,68.25847250195802,0.9364834325691039,0.0635165674390605,-8.164418385992899e-12,9.75376237048798e-11,1480,7,9215434f7501be343d3d67aa0300f0b33176ec5dfe8d7de174ec4ec1a5ea550a,0cce7f777836dfa4400e047b37efa2b85ee02388cb4d3e6d8c0f2ff71c266eec
v6p1if_0472,train,472,4.302514782559179,0.2831205539405346,644.3958346960624,192.71930017792096,8,5,1.3045501708984368e-09,3294199918.06091,5157568440.836997,80.65848330302155,66.26828200799281,50.0696025105178,51.2047701346961,0.883603131382343,0.11639686864717422,-2.951730330974866e-11,7.720028549669671e-11,1398,7,5e2fa4f6f3e011e49e374020eea7fef6e101cd21c4eff418077f9f62ba505d9f,7dc72085565d77b835842d64a121d1b1282b69eb232846f22db342d61e5d25fd
v6p1if_0473,train,473,11.642431823193077,0.7868233304470778,1018.0145248825509,32.244675900421804,3,8,6.347656249999995e-10,18610843529.95829,25882808249.214306,99.64487005085525,142.17582583652091,108.45347007585043,108.68501133922979,0.9743793658806394,0.02562063409917087,2.0189646705839565e-11,1.0363978236828191e-10,1706,14,42d1518b72def889bc1ad5310b3a21259dfa318177cd5e32a31c8aae3ef1cea3,a1360117dbd270093e3a2cef95a196763ad90e244ca30048f6b9c78f69914a71
v6p1if_0474,train,474,13.184322121771585,0.6634472394362092,1390.9339822361244,61.24818593415416,10,8,2.0305633544921866e-09,6430073675.576517,8065244237.202451,98.17081232244709,106.53989459158885,87.17295083471693,87.68253586821535,0.9697135480944001,0.030286451907465813,-1.8659695051250448e-12,1.0406546361138092e-10,1598,7,550f9ce29b08b39f7ffcebd7121f889260e30351b612f79083875bb5c52cd0d4,cdc1c3e9fd09a10c09391f65a3612b2d5326be3e86d8205e49d5af3b1f64c21b
v6p1if_0475,train,475,3.598478479181212,0.15918707381933928,701.4750200464426,99.67896728674704,5,2,7.415771484374993e-10,4791252141.252275,5501978854.432934,199.57614563574074,54.776470562912436,42.628681380505355,43.024457544637954,0.9189238516860915,0.08107614833597517,-2.2066651454875595e-11,7.991380073433203e-11,1398,25,c75a586c9da8db4968bc2dabf79cd29fcd77ae72ea35ffcf1478340593ad20d6,f3ac73c1731cd395719ff94191188849516e177308b458d44d596cab93e009ec
v6p1if_0476,train,476,3.6582709667513673,0.046971770003437996,1034.7974953357023,42.15838297539844,9,6,1.2510681152343736e-09,2904413349.102658,3465837057.838276,110.0072748032821,39.39712862899779,32.537546418339836,32.631003844921395,0.968481660024524,0.03151833997519608,2.799972034921692e-13,8.359082151338123e-11,1428,10,2fac77a2e8613b647c9f9ac8707d457812cb7168d1653be1882170c55f8716d1,52b758ffa5113914d61981e08bb6ace37399c04b667be2cbf512fd329ef7f751
v6p1if_0477,valid_iid,477,5.402655099948272,0.5510483831167221,527.4134001001664,81.41207196699413,6,7,1.0885620117187492e-09,4985397264.10932,6520645843.361826,72.6695682500667,102.22936616009395,85.41118088010053,86.0327271268819,0.9083753132679887,0.09162468682091258,-8.890133327741057e-11,8.734994884883231e-11,1629,13,4c2d8b51e0d928ef1158653749702f824d77647302b29062d1699da5c6f0b61b,72ab0731333dec06333195206b8fed39e863f91fbe5b19df3c03cb75977520a6
v6p1if_0478,train,478,11.517063071429208,0.9283969765529037,858.3070741103289,136.33932637957705,7,7,1.5953826904296865e-09,7320639454.342409,9575317005.223642,103.28646061682795,136.03213687323307,108.31738874772597,110.3509057117219,0.9304975583432692,0.06950244167818621,-2.1455441315716123e-11,8.864545763226901e-11,1477,11,30bf20ff8d50c3715ab3fa2f011d56c460e5e8006871179f4e9ea72fd0c7b03c,9c4f71c0a24542128b4653ceadf64f752c1b28a3e99b5c54581de3aa2a4f6086
v6p1if_0479,test_iid,479,9.731536253476733,0.4247547881677747,1366.4963492511288,25.638340099179057,4,4,7.364654541015621e-10,13372182122.18117,17062990119.427538,139.19547900151662,99.16475199210367,70.47094416552824,70.66719044748882,0.9833106116916399,0.01668938830796991,3.901253158926294e-13,1.0841651731059763e-10,1711,21,d7c3839b60b2b1019f0e87a94bb13f1b58cb19de69eb270ee947ec042590efd6,ffe736847502cc267990667e6eaf9bbd9914ac4e54c0a0b1888e184ef4f10f64
v6p1if_0480,train,480,9.595241338817718,0.7615196527913213,821.4202342977609,54.91511647175958,7,4,1.5618133544921863e-09,6164390314.671141,8584765247.207557,244.10438769488343,124.54921632750234,104.04035184891424,104.55990842294294,0.9538491875168109,0.04615081249824501,-1.5055923292096392e-11,9.783029480884349e-11,1670,15,80e06d2024f004098e9065f26a222e8898a46545f20a33d17088cc6f2c7e822d,ec966e365ceb683a05f01839570e0ccf9960c92838f9f55caf7ba341f99ddcb7
v6p1if_0481,test_iid,481,6.964002611705666,0.2652152767404914,1234.4257115590472,111.1744068919972,4,5,6.376647949218747e-10,10985570794.157913,13297817261.533735,90.56076062623123,69.3455915570886,48.57747647150773,49.22078486573089,0.9530380768862035,0.046961923097665316,1.6131236376767123e-11,9.73169101904047e-11,1380,16,b073a0b1a12b9a34f86aad265e06f1018aef00d55735904fa0ab3329f618df7c,fa04b9d232c0f94f39392bd16d2b10512dcca61c518d9430491c7f4a2ed29b6e
v6p1if_0482,train,482,5.147461197862259,0.13818029314279556,1173.2881075260964,185.70965073344317,9,8,1.3304901123046866e-09,3914008841.2361093,5953635932.687222,152.66469133272432,46.29843202546505,35.025814640062315,35.84080520119807,0.9360548232571212,0.06394517680521572,-6.23368775874256e-11,9.145333729475031e-11,1473,6,b49dd91e16b9a9e709852af247819d53007a9740f547234451f56b227be56170,70a10d6c86d6876958114d64acd13be580097350b695456a74559f2138b751e8
v6p1if_0483,valid_iid,483,6.030391613359477,0.6339129749685526,537.8591269331172,33.46176020407192,6,4,1.3085937499999995e-09,4542090898.2737465,5959394962.505416,140.24425995281823,115.59234870778408,103.00824913620588,103.15358988390167,0.9497829571105569,0.050217042906724525,-1.7281459889840833e-11,8.774612834612713e-11,1646,17,c8d8dc8af33abb9d059d4edffce7ef3c85bd2c4091c81b9bd80744ced6dbd8c1,ee3dd0779ec2b834f11351eed4845ecd7180b2b7c5f533352fbcdae88cff9b68
v6p1if_0484,train,484,12.342058232636441,0.5256072608754039,1560.5485306570263,141.16761634473593,10,5,1.8889617919921867e-09,6480751289.557334,8550955569.14121,117.18700470309834,88.06441519860607,67.02973519868902,68.03924194325779,0.9536952590098351,0.046304741008210144,-1.8045248896158957e-11,1.0629186351562054e-10,1442,10,9db4f9c907f0bbafec74a90546e13fee67505951fae09a2deb2c3510bfb5e594,058f4422d9bf1b801a40d0114ad7d670f47f35eeb0bbbbc5eece925e7f8f49ef
v6p1if_0485,train,485,2.6127365972321375,0.029691980220377445,723.0011084704843,24.761442243282765,5,8,6.656646728515621e-10,3933757849.9018083,4780358617.8949795,158.98112507494747,40.82068293931184,34.17156584165781,34.21546730301147,0.9714136350835368,0.028586364889674587,2.6788604779749324e-11,8.674223658022106e-11,1555,9,b5d0f80521ba6f9193ed4392e683a29195164b7a5452a6cb135b27d6f2bd5007,c096d06ee4d9a51b9ad5e2e123e1299780ed84f1c3f2ec8870a5a3659b5840c0
v6p1if_0486,train,486,5.00016982999202,0.4028783794492483,611.9700488066665,46.91464850181932,8,5,1.3803863525390618e-09,3687266487.40684,5076179535.746432,79.28854022136298,87.14246898346119,73.4628761248034,73.75014304710146,0.9454584852981622,0.05454151472050287,-1.866505723758758e-11,8.192998330059263e-11,1677,7,fe068de55c992d1394d0df15f8e8159c0a3857443541abcfaddef56aaf952133,2e338f68ae51e8294363e5a1456dcfa14e012fa709c47fa2b5fc5763e1b79a4c
v6p1if_0487,train,487,11.943402750082374,0.8992442972958088,926.8011235481539,73.1584196820313,3,5,6.646728515624997e-10,17974757207.757328,21305581910.03644,105.82542241713479,141.07362287943465,112.8814825146088,113.5578796763792,0.9483333853216204,0.051666614695562975,-1.7183382413325935e-11,9.841121571183186e-11,1479,24,8000295eeb5c89b461c603ba48298477a8311c3eb2340c1f306ad50452a6080c,6c03fa45ab42c5d034747e689d47d596e2915ae3ea75ea07037490d239e40db0
v6p1if_0488,train,488,7.140542671619752,0.8158142548054457,530.08032936588,69.01764108789631,5,5,1.0371398925781246e-09,6924732874.936788,8604043086.64922,135.84090681690438,134.42947107388898,113.27505049330229,113.9981360719974,0.9182599971924473,0.08174000281579909,-8.246417739621104e-12,7.817210507881126e-11,1443,16,efcc9a8eab22fd2e6a3855c2b893948896e19462d99619c328ac068c0f60952c,429c4522c881b4a6c5fed58213eb8e0bdb8169a6cb16768d0053d0eeaafc5477
v6p1if_0489,train,489,6.833874012686075,0.31956325098872185,1069.9803408963958,37.982494235790625,10,5,1.638565063476562e-09,4222250752.3190055,6150214429.505322,139.02972925984275,73.55651141891332,60.03770030943535,60.19001700646826,0.9723211507419768,0.027678849247098306,1.0924936491828618e-11,9.96356049865062e-11,1616,9,77c4bb2778abadcdf73551fe566efb1b31505a0bd1429c56b1f31a716b9d0b09,a586fcf4b5e850b6093becd26877e49b7d016dff0e481d71c792b5faaf433df9
v6p1if_0490,valid_iid,490,6.485987044927875,0.1931768013164401,1347.1311022557718,22.73167264381682,3,7,4.843139648437498e-10,13399621983.547157,14170672403.563128,100.42399417265695,69.7548909768388,47.72274817150662,47.82330075481389,0.9849469573458913,0.015053042650014743,4.093878552878321e-12,1.0416366166254275e-10,1680,12,bc56c6a23d8690ccd1c5bd4865305dec6523868b4d218c909563bcee2595b142,440fdeca1096f0a4f0869e251cf93b71d3dd25e1901412ecd920abb579dc8dcc
v6p1if_0491,train,491,9.069203619637408,0.6890238905325532,837.5430648704893,113.2351590674959,8,8,1.6497039794921863e-09,5402265667.945339,7153659851.442265,152.05039620063235,111.02372729209787,90.15880182375386,91.07308121233795,0.9248408101438909,0.07515918984384948,1.2259713529123323e-11,8.759093134316647e-11,1415,10,80529aec03fc4e75a1118ef6fa49f3096c67ba5ba1ffa3cac41f42c90880761c,69d3b42e3cccd8e768685f6c4b9c8fd759a875b48589f2e140e49ce598439ccd
v6p1if_0492,train,492,9.35770719474633,0.5806571692228317,1011.6083086049892,26.848419646859426,4,6,6.590270996093746e-10,14246750881.278563,18719710058.141586,96.78602505316705,120.71015668693803,89.19613494739639,89.32407443593337,0.9770029028856364,0.022997097126009114,-1.1645557514356032e-11,9.514536072846042e-11,1656,20,b4793125103b87ae99e062ef5e557f030efda6c9a03d0938da5ab371df2f77dd,26be46b936d2afb2ee9e7493a73f5189d2e90c1fc1ccd8cca3c96e2e8b6fe0db
v6p1if_0493,train,493,2.73117040112552,0.08474949188530445,623.8212234787007,170.535246441519,7,4,1.1186981201171867e-09,2450881258.4132986,3417135912.6299396,191.54903970933566,42.74450182798546,33.6775082661676,34.3257403513744,0.8882047093288516,0.11179529069393637,-2.2788070467560604e-11,9.032007269903399e-11,1530,15,a7a64b7828ad9908e61069517539067dcacb13b36e8a9e2f8018839104b2daa8,94f4efd67f0d533c2e56bf4c9028a03585776d7c1b74496dd84ffc8b2f27cc01
v6p1if_0494,test_iid,494,6.081469550924705,0.4571653502061963,712.2601942743149,89.9827840762565,6,4,1.0832214355468745e-09,5609627921.744376,7241598724.436315,132.23324103224857,90.36771929897543,71.83587095667556,72.60268159503212,0.9306884362193368,0.0693115637717253,8.93788320711223e-12,8.642519230855209e-11,1579,17,44f5c634c183d79e63fea94dddcdc70e5d03bcd8f18140efa3084de75815383b,fbefc2f4442d998c41db0f53ec99d7f2652e0b94118be5ed8d4b67032e5d1393
v6p1if_0495,train,495,17.533388159951514,0.953599906526506,1423.6099162168216,51.79260892749229,9,7,1.9049835205078117e-09,9262185362.039623,12121169312.951416,181.5469917904697,140.65216956032776,114.77736870979784,115.19797781656739,0.9727962171435859,0.02720378285614635,2.677507631041037e-13,1.0389323398111859e-10,1522,11,3e63aa9da11b1f2b502e585074e65745f1c891ef7bf64517be0e1dcc1669d798,20f059fd1e9e32b941e54d2025d926813f0b53bc7d21f001ef57b792a5a1b2ee
v6p1if_0496,train,496,7.03074848951314,0.5422889832407236,746.0006660230742,48.601731383473144,3,3,5.310058593749997e-10,13470128944.239672,17357352594.032368,228.05254161335634,116.2528541015356,85.56452594873373,85.8907125598633,0.9520007206829908,0.04799927931611211,8.97116296637317e-13,9.521146724699656e-11,1630,32,00aa1bc36e988ec24968b15432be41a5f5f3c5e0cc7c35a1e6cc97edca041b2c,aba62064eb35852b481978bcecb62d4756d035d45e91687765fdb34dd5d5d013
v6p1if_0497,train,497,4.924442821421014,0.045969314873218536,1513.2417513646762,94.17182393358983,8,3,1.2368774414062492e-09,4009303168.5476923,5014359262.725464,137.7053447571327,38.56232156469815,28.822573113934308,29.123574276016427,0.9642256769706512,0.03577432303802575,-8.676918093033048e-12,1.0341146755322714e-10,1495,17,3cbf1a076cdad7ab82d565fbf0e4f4480e28dd8d72a599b0b39394b9ef45d119,36aef50b14fc0e5899a2f42416143effbcc8bf95253bc5401803e5625e44ec0d
v6p1if_0498,valid_iid,498,7.295128943375927,0.41989567782729864,957.1180136465757,157.17680338040967,5,4,8.384704589843745e-10,8797572220.966427,10858804889.027185,55.478966026701485,84.49004596140156,61.61391349553981,62.84365782789649,0.9282926292424869,0.07170737077432157,-1.6808464274465697e-11,8.971250376956144e-11,1606,14,9dfef6532684f64d4afffe17b525a44fe5fd978ad0367a190cf8b994f9de33c7,f04c619c64d21cb15931a9513985a6fd5e9095f292e4bdfcc3c52cbfd3190013
v6p1if_0499,train,499,8.5007145707865,0.9156741024926305,592.2283681973962,29.65667834170325,10,2,2.2319793701171857e-09,3803682058.2707,5328189974.100626,31.00606083876663,144.17957111276814,133.15890628200367,133.31314825914907,0.9587335200871682,0.0412664799212672,-8.435411941693266e-12,8.408724152426744e-11,1516,17,40d82896752c013e693e879834cd373abfed9e8c916fa0e9d4829fb13b623735,7b4fb7682013ffcc62b41fab95c1b80a56c67aac949f81dc000e0c317a049fe9
v6p1if_0500,train,500,14.266423421049453,0.807368416339159,1285.4610827726572,124.93728589711863,6,2,1.2139129638671868e-09,11784350913.283363,14444700847.68151,38.788783885235674,129.9280380187745,94.82909975958815,96.10440169651798,0.9471745880831312,0.052825411920871645,-4.00284766459276e-12,1.0910709589605879e-10,1709,22,1f1bb1a5fc9274de7a86375b76752e055597a03cfa18356170ca37db61225d08,cbd4596527ff2551906c21628b7576c49a28f61830b5f3e22d14da3a4b9ab904
v6p1if_0501,train,501,5.301305339333886,0.311407333239913,789.2844294782356,20.97447644614457,9,6,1.5599060058593742e-09,3460430910.002893,4524093655.569138,91.37840430335963,72.00637478874876,64.32198291761388,64.37441903820893,0.9769679802468674,0.0230320197577129,-4.5802281923015346e-12,7.639482065146847e-11,1346,7,16ed05e268b94a7763c3aeee32aa121a2a4a83704b384e4e947dc2cb24b6a489,ec8985fae74c8060b7ae1e027feb365042b876c9eaf8f7dd639e83317a67d73d
v6p1if_0502,train,502,3.179979441205206,0.183632449246943,560.5820865114979,39.70648810476693,4,6,6.77871704101562e-10,4652522540.628798,5816158380.381246,123.24865271356248,58.46915438587047,50.688770016487815,50.856284662775934,0.9487753291868656,0.05122467083769626,-2.456184446231715e-11,8.348126663521597e-11,1459,10,ac9e30ad5246dab6d77d6a1087ca05c1c9fedca9682059f580db4381d0ed7173,0dade3b31076e6c3362e8099a72fccf1cbb2b8a23d9b30b699750d9e2bdfbc6e
v6p1if_0503,test_iid,503,11.345157068245703,0.6800135998055339,1125.1302408043948,64.83883360408495,7,8,1.3087463378906244e-09,8779518894.274004,10496921522.14609,93.21721209049265,111.96934892137483,91.14911824465766,91.59679322494318,0.9600566193843069,0.03994338062855499,-1.2861900014666715e-11,9.542022617655605e-11,1558,9,061371de20d9ce0cc2a6a254b0e9b4becb55884a8b3f8100854049da9edc39a0,811c3293f2be0b25d0129b9470788b59cf549bccd5d84706282b4a2edaa5a606
v6p1if_0504,train,504,6.721631454131002,0.597544857300818,649.393033398136,80.81747978612438,9,4,1.7643737792968738e-09,3825251129.152454,4494181690.581303,92.27395874168258,104.30387441213173,87.29826388503388,88.00574990706507,0.9248096492441881,0.07519035075791701,-2.1050632541366444e-12,8.797022355500494e-11,1710,6,24338a259824d3c596d060af3a2c0065bdc5b35c60750e5cd67062ab0c48aad9,c8873d97b368d0934efba1455ad83fe4880b7bbd7280e6ffdcee749485da9ab5
v6p1if_0505,train,505,4.047961283934345,0.10130914580076933,971.2557888519545,43.243600983479354,6,5,8.546447753906245e-10,4789316364.216853,5926483746.6441,145.05846543414174,46.667467396623636,38.31955507942875,38.44301165650605,0.9668892294905651,0.03311077051430474,-4.869819913477179e-12,8.581236839310417e-11,1383,12,73bc4ecacfc9a217944057bc0ea8814b5a18f948c032d270677b127f125d033e,9737a3d10f05ee328190ab3a31020344014433326e21a35d9d3a4623b131f29f
v6p1if_0506,train,506,11.106479197162223,0.47396136447787285,1484.0427727767385,25.91651362323176,7,7,1.1398315429687496e-09,9956510057.21658,13396202714.512854,202.6308479213512,88.47895153415459,72.34175308383496,72.43707179195171,0.9851353702796388,0.014864629720820326,-4.591517773461536e-13,1.1252270809555305e-10,1519,9,cae7cc03a0c21275ad68b9802a957c4ffd3932ca487e919880c84f4b9fa9b2e9,187d959832cd8e3f91d5866b59b066eb290f86e2fd9530790788c490e69132a3
v6p1if_0507,train,507,9.950434920693926,0.9697627108544111,683.6680466696762,132.48180681723474,4,4,1.0150146484374995e-09,10011492140.717491,16773739802.221376,135.3361536644643,152.34158424264962,116.50374998691424,118.09847627685903,0.9035172285361636,0.09648277147521102,-1.137455781277759e-11,8.519820397730861e-11,1626,24,aa5ae6d42d4cd026761bc57226d3f478e288e0e99a2a828837a97f1a5f485b4b,fa9d515fbfa82881a486186638858402000ef1a4104c54bfc13bc573bc9db61b
v6p1if_0508,train,508,13.273784223190209,0.8613959616050124,1103.8021086016734,31.438582059705173,8,7,1.7931365966796873e-09,7672456025.167736,11676932862.879969,151.30716891080672,132.36945744101945,114.45198544814816,114.6235630024544,0.9760815777025881,0.023918422295988066,1.4239004850252558e-12,9.495700651892089e-11,1497,8,a6ea0c5c3473c4565e391400f11ae3d937bab4329f65fe1fb8154a086a6a83cc,7d21db9833db456344fa5eeb9c4c51ff9055bb25d98b362dd7df21f1883c6efe
v6p1if_0509,test_iid,509,4.117161130381858,0.36553408671170473,513.528031142093,194.15549111672337,3,8,4.5913696289062477e-10,9098252062.486,11890389858.20828,104.55020609962037,79.97340805022458,59.05491462511805,60.399607428446224,0.8613455839313328,0.13865441609003704,-2.1369756835999587e-11,8.758091176039177e-11,1632,10,0a104b7722557ca91a0c63c7db28c69d2fdaa8674ebec92d308f7af253de76ac,d28d79a5063c0c4c0119d7942c0e85f9350968497bed48157e876243c3ce5870
v6p1if_0510,valid_iid,510,5.008291439603434,0.23891121335327625,865.2318340161862,102.58922882976144,10,4,1.506042480468749e-09,3375717612.4401026,4769242559.220706,92.89251463782925,60.17952918848107,48.589632290277386,49.25743611674154,0.9391641406792317,0.06083585935716706,-3.639878714366934e-11,9.122758463945461e-11,1621,10,8fb37ab2f8865e4a79bc3c1b0f4af3edfc9d1c4a94b109d8908578351b3bce33,487418c454780a817e2356c586f00f8bec3849137601f0abab7fdd00cc73217a
v6p1if_0511,train,511,13.483658842350355,0.7353305369615555,1304.7151883905387,60.59569451868881,5,5,1.024551391601562e-09,13359113112.505724,18543216817.179897,70.89363811400251,122.93165972329797,94.57719583173144,95.00371719176421,0.9669777700644037,0.03302222994076927,-5.172959985965645e-12,9.621835911485637e-11,1473,18,50960b93dcfe4317d906d826b259bafd4286dbc3f136b48d78a4dabd4bd7f8fe,b9b97e7554559f1ed146aac70e71f6d4efb7bcec6500cabd926d42316cbb93dc
v6p1if_0512,train,512,6.449201614360973,0.6942126601934433,540.3395269171659,77.74969954478505,6,3,1.2591552734374994e-09,5077689792.122338,5882384640.013314,163.45538907839742,121.52573737529713,100.14942878450672,100.91877741785021,0.9133633952691536,0.0866366047544108,-2.3564328029467784e-11,8.087438332731497e-11,1664,13,8b21b335da91716da28761ec65a32ad88f307f719231ebae58c8d246f37aefff,cf17be051c39269c2b0e510b837e92b0040aad02195c7696364c10d8e53387e3
v6p1if_0513,test_iid,513,5.755256914145178,0.18994507379829884,1167.9431215088198,44.156454628830225,9,2,1.4901733398437491e-09,3881245769.2072353,5061969468.263369,30.23482989378038,53.825340145192854,45.22714695593113,45.39757086762854,0.9724976847328424,0.027502315282398233,-1.524061757265611e-11,9.326953822161307e-11,1343,16,292a666ca70b90a7ade352acdd58af970a69cad14a1d0f15a3a70058abdb49fa,5b17f5effebd417efbe6a82e13197645c374812c45235b4f93d1bdcd8968761a
v6p1if_0514,train,514,7.594376279180466,0.31290917564183474,1240.1074018279337,23.40496541974384,4,7,5.878448486328123e-10,13086381610.109015,16580485024.173779,95.93248658869877,78.30713680551634,59.12761017299933,59.20375989764778,0.98372882081657,0.01627117920764389,-2.421386597861591e-11,1.0100540287977343e-10,1530,12,fe8a98da31f87fa2c85e3e2008e5c57d4d13ef78fe3a52fbb8ad043b63fe1f95,8a999e5c8f54fa0243e6cbd199bc44f7a387de6cc76ac05895c3607e11e61ef4
v6p1if_0515,train,515,10.063663297520304,0.8166050082072616,817.685461974406,149.3066209270789,7,5,1.4422607421874985e-09,7043455282.636935,8520608312.859097,137.47802760632698,124.06654337032597,99.45074249166362,100.8216660262629,0.9094096090673122,0.09059039093004247,2.6454177004867378e-12,9.106672095151298e-11,1613,14,04f9ba0901a068896af0926628236f513b1eabd8fd6a21c367bd0e86fe65024f,0a6461a42d9294b904a391ced3181fa368df5058598c61a3455f54aaf46f4e1d
v6p1if_0516,train,516,12.511622931992486,0.9601313453167677,922.5549788492741,35.56073990711365,3,3,6.896972656249998e-10,18582036768.351315,24550822348.96796,189.0547373708407,159.85585827196172,125.68929592438111,126.00888290493893,0.9694137987681811,0.030586201226882315,4.936595022092015e-12,9.297717697150468e-11,1464,27,ef1396286e487daf9a9a70cb0f9b58d501fb07dbd19f776a35593b5411a17913,a284faedca43da1db2da48b8253f3cb5578e3ef52df9c7b5f2690e9be2cdba45
v6p1if_0517,valid_iid,517,5.4089560657312425,0.4564969949424267,614.7652800958188,174.79798219769714,8,7,1.5007781982421867e-09,3553238366.2121553,4903647504.797428,86.28080392416767,86.56315068637929,67.65088567779617,69.03181352377034,0.8875060156710559,0.11249398433007278,-1.1286845956819454e-12,9.185145367946814e-11,1613,9,605601de7c68870374902b381a29b8c6b5118dc8030285af021f7eb7af5b915f,2389eef660b5eca36aaa082809346a8c04d04b9601c6d5023e4c9449779b1260
v6p1if_0518,train,518,3.0158619141622074,0.07968246471136808,719.68228345262,105.08060948192251,5,2,6.320953369140623e-10,4950967397.990545,7863355119.896932,103.13879222531662,45.948165296351135,34.73965476492051,35.1749412790532,0.9242737450806642,0.07572625493520152,-1.5865706671999864e-11,8.545427970870756e-11,1615,21,01d4646b1581b07107f7ade0b8473ac04ed0bdaa035ac53670da18b68391f169,cfb73a8d96e5fdb5f93c272bd2aae2e1c1f486ccea7d565f6c0837693b1a48d1
v6p1if_0519,train,519,13.274604886665212,0.5837673926725984,1567.6904062319002,58.083665274245234,10,3,1.990966796874999e-09,6718051193.861089,9602752142.356909,88.16414859564024,98.47845006537756,78.65215217030759,78.96370557585627,0.972729617780848,0.027270382234862778,-1.5710729744641814e-11,1.0512006477284907e-10,1444,11,479adf61ded8d6f82b0b5cc41d1d68aa71326182e053bdf3196bd40d91946ee7,aa3d38328cafa8fedebd534978d368d3d0a6192bd8e848be9357a8e29147fac1
v6p1if_0520,train,520,8.573972872739422,0.6391017166897655,833.7570942798532,54.303589763598396,8,7,1.5637969970703116e-09,5474991821.684849,6815808449.692087,227.78112440887077,109.01138497790521,91.63875259282692,92.06433621364485,0.9544161943177841,0.045583805670756004,1.1459877705237713e-11,9.368670205223547e-11,1570,12,10c5cc6deec5658a684d01408e28a6b19f385c451769c26a80e8da2ef07967d9,3c8aa0e1190154e38c44c91eae7c71abd7e16502dc29a3f69be068220a8a1758
v6p1if_0521,train,521,5.717623047446183,0.13494859728962183,1353.199304058326,85.84576344352035,3,2,5.057525634765622e-10,11151732964.23477,13417766587.461006,109.0959572781448,57.240528707233864,37.57902094804872,37.919909310191656,0.9618292058022445,0.03817079423627153,-3.851600692591547e-11,1.0208203856287293e-10,1518,40,ea074811c9b724af19105c49caca0dfc38d662d9eb336193786ede026ddd3363,cb58cbddf2a9ac0917423e3d1b71f38a7db200d8c703785d26f9874cdf1102d8
v6p1if_0522,valid_iid,522,6.123219094037426,0.25856116972863674,1065.1531318191433,161.91351499360061,10,2,1.721801757812499e-09,3673816554.200137,5596429217.180007,282.132904960655,62.086880266224284,47.20055270435355,48.122161487822886,0.9332366283823795,0.06676337162214928,-4.528833487893354e-12,9.081552825255125e-11,1633,12,f238ab45a005b7d1dede8d717c5efcf969fa3c11d7eb125c5e80a0ff95f7954b,19007437eaf5ab26baa71d31bd50639a85a11ead076c7ad23db1b168a520d9eb
v6p1if_0523,train,523,6.817826558532618,0.7623104341328144,532.4633694593518,28.269997623382345,5,3,9.104919433593743e-10,7631328324.698509,10253935938.538889,115.40349515310483,134.69528699177414,118.37024085929403,118.50747734525295,0.9563186630402005,0.04368133699764391,-3.784445657729423e-11,8.796860942449293e-11,1534,12,7a65c5dbac93c46c44c5b53f6e257971d7bce34f71a53ba5714640552588b487,39e279fc69d263418a729890c86228df3712db46ac3c5b98907fd92e6906791d
v6p1if_0524,train,524,16.9171090817131,0.9057757081463933,1430.0614777788849,118.72939604661627,9,8,2.027587890624999e-09,8352518423.986589,10066465682.90724,164.97532916691674,133.78830000885415,103.45611425335841,104.58577056039259,0.9519695938877498,0.048030406116014224,-3.763997329058308e-12,1.0795338967029544e-10,1670,10,11a7d9c19f03877f0ebca7b494deb9e2e9db2a37b992fdb6c2e03b993216e806,03095d5fdb5b5908997540bc803797f30c3351450fe07a27186c86bf18e9350c
v6p1if_0525,test_iid,525,5.611665392211899,0.4022100558504462,709.0724011927733,21.685949221655207,6,4,1.0574340820312488e-09,5261900645.649077,6690240752.191593,121.51919800957182,83.49327535605266,74.84178763289765,74.91568554238495,0.9740165404337464,0.0259834595895227,-2.3269120856711636e-11,8.209242795346879e-11,1384,15,c371002e1b628fba0acdea16d8cc95cb30a09eb827b966c7ab89b4e83c0c9765,ec9d46b9845272953ec9fe39036fdb254f1c425c1b553670975b5c4aceb2f265
v6p1if_0526,train,526,2.2961172703968176,0.02462492138147354,626.6538417792842,36.063722141898886,7,7,1.0633087158203118e-09,2181697061.1364408,3114810444.390322,169.2774814360629,37.81437191845532,33.20020805610615,33.29697349404006,0.9571720055142084,0.04282799439810285,8.768871233842326e-11,8.029755644006389e-11,1423,8,9cfad05cf5c88c09d6194ad4fe5531e0ee4489bf140757b4be779d3632595554,2826174e8efdf49f24d39933ffaefea0d57658216597e644a88dd9f4c22cc126
v6p1if_0527,train,527,8.765526340443646,0.5287175122648478,1007.0718090551177,72.6696136503962,4,3,6.915283203124997e-10,13065333477.607918,17197158113.78661,148.62538840961733,103.75651162018596,78.11823504260921,78.57855433717397,0.9515437694540312,0.048456230555316136,-9.347313894020226e-12,1.0244478116929289e-10,1659,25,7ee1bef1cf7dd0d0e00ca979c19a136e6c114eb0c0a00319aef917dfd6376a18,fea94843745057d86ef90a0125eab32c63b6565d6ae37fd9be08b4d0bcd7a8a2
v6p1if_0528,valid_iid,528,8.888155582520369,0.974951452575624,589.5411656892157,65.5640916341676,10,5,2.2404479980468738e-09,4000327307.619498,5431849348.561395,78.77104922133404,149.68129899522035,128.69251088983415,129.48533947220443,0.9289107978738231,0.071089202142054,-1.5877160451690468e-11,8.004251605553841e-11,1478,7,d9880fda0f0cf386c9fc65a321a5c9f5b8a31b356207c737976153efc6141a4f,4abe109a503d52cdd7f8c14afd599a13f99dee7e5779c223bea37f45d512a090
v6p1if_0529,train,529,7.8490602602401855,0.4707296686246991,961.5152406339697,39.25640168808558,5,7,9.786987304687497e-10,8046883133.891451,9572693518.672972,190.52988497379198,99.33261748872371,76.99257931939592,77.22800942942993,0.9682956615442091,0.03170433846202684,-6.235971171847514e-12,9.762338848577882e-11,1686,14,ce4eb98ad557283ee54bc542de619dabed0c29a8f24c86b349f37c85f5c20185,90fd9ba648fc090e05540cb19bf940b12b7d96fbc564302643bd9026a43f0592
v6p1if_0530,test_iid,530,5.62689932037498,0.09465503878891468,1506.3353969840416,20.65020278504109,8,2,1.1404418945312493e-09,4900999213.98464,6537743790.984266,26.524499007771773,45.278529078742395,36.98969278823915,37.02095784012316,0.9876228450658862,0.012377154944040581,-9.926737018161809e-12,1.0790779510858707e-10,1592,17,adf08dc571b676daffe6d3811e4eb43389e6a02ca4e4a2d6e1ecff7d245161d0,584bda5dbd08c571dca16cc6b27876cd9ec699e4198b4b1c5d528be2cbcf039b
v6p1if_0531,train,531,7.534042677539561,0.5983356386423111,749.4479233490464,126.9354196971902,3,4,5.345916748046872e-10,14107327465.844519,15164633390.11507,218.74017931049514,104.73697220609341,81.06026932962774,82.09995005407367,0.9126742924050073,0.08732570759073408,4.2586110281665374e-12,8.447571265956308e-11,1397,26,c02a11eda5e7aa2ab2d26392d827fec8c80842d7690bc060cde1f54898af04e0,e73b6a647a234de14ff51c5026f6243338cb059761b1b1677658a3658caf2d23
v6p1if_0532,train,532,12.11544018213661,0.74186194781214,1130.2887033967643,29.987153444544134,7,4,1.2924194335937492e-09,9541555007.185568,12180552671.690353,165.31054634288276,128.40252101701537,103.7075284161099,103.85463691787878,0.9772271419815723,0.02277285803180672,-1.3379043868622932e-11,1.036231047244427e-10,1705,15,535b03df4d14cef41c07bec5dc68891dbad0c2ede67e02a7c9dc8e78c4105170,d4f2e7b3d3358245a1544b36d1a3ed29f996d32365808190ecf4c995f9b9710f
v6p1if_0533,train,533,3.537076829291653,0.23824288975447416,558.0035016091977,155.40026997891155,4,3,6.857299804687498e-10,5185838827.639618,5939740933.854267,62.00851715475057,64.41872690164638,48.78976957365337,49.67585478212553,0.8830469611644131,0.11695303884660771,-1.1020740863826266e-11,8.27303406338087e-11,1542,24,04b014b0a41d35d60e9c24b842c3af3f8416c0e706ad3950513d9b85eba3b251,3304b883f40c42ba075d6a01a979bb31ee543b91e6c5ff8a22c5eb734e07ce65
v6p1if_0534,train,534,5.757509829932141,0.3604670278728008,792.8820026398333,92.7124293978894,9,5,1.4515686035156245e-09,4003734847.034429,5425912525.503037,64.76362926698627,74.632632359333,60.95547556096563,61.665505478899256,0.9366229690780619,0.06337703094657184,-2.4633680899713487e-11,8.875057471816756e-11,1508,11,87aab67273e2eaf4959192cbb46431779318d76c7ad228f59c78a6945e2034ef,be15c3c4bb7a8a04509af087d797b548ed2f54f12b0fef7d3cbde43a1e9306c3
v6p1if_0535,train,535,14.957896262314815,0.8645062129944563,1279.5822477761262,49.38043309735901,6,5,1.3622283935546867e-09,11115418638.198868,15058499963.045559,138.92567541624766,133.76825804315916,108.84521577036382,109.16366164647292,0.9705702681427768,0.02942973186503963,-7.816471865492144e-12,9.524096815750534e-11,1467,16,82861ece030c1960dd837cb020dc6d61658e8690af8b4ba924aef2ff6050d1ab,c9ffba47d2e6ab9ae254c0e6a84583f50e3c4dd3fbbfe1ec8e48f540f4d86206
v6p1if_0536,train,536,9.596757971353878,0.9208628721535206,686.7359169736784,62.10345430096441,4,7,9.191894531249994e-10,10537211102.8692,13032773169.68417,113.77333261247738,152.34488171653425,122.72932552841013,123.35462529717228,0.9385599493814056,0.06144005061932424,-7.299174546736791e-13,1.0233538920979947e-10,1760,14,99437348acef3d21937b0a14775e437414827f9d8e5fbef02563bae0198fcf48,45f4d61b8f805eb40c33282e4b65c31bde661baf1b3360b9cad4797611cadfbe
v6p1if_0537,valid_iid,537,10.232250309103852,0.41666395030915737,1477.361607108239,100.0708486656186,7,3,1.2711334228515621e-09,8195165646.5350485,12178162011.026505,66.82191712774664,81.40390702080077,60.63150175241508,61.3465217069397,0.9618652753858916,0.038134724600423005,1.3685426315962682e-11,9.987460940657193e-11,1358,18,dea2bd3613f2af657b165b3863eaf66319d342a728f2caf38f5e519e067eb148,72261a34c38c5ffa12aecf6f3696b3dcdf4f46b92c0d77ee6ae4e79ca6fab2ed
v6p1if_0538,test_iid,538,3.4116712681882584,0.039315239526331425,975.6401469260854,190.28978311628805,6,3,8.006286621093742e-10,4277131153.8024316,5949312886.410949,139.93998622411473,39.409019252769895,27.59986485387328,28.29559929383545,0.9262230315305957,0.07377696839186632,7.753800162743827e-11,9.004280078395709e-11,1488,12,ad23f6b3b6d5611b8b12b2877222bea3de8676d8e3b5ceba04e36fb78e18ae6a,5a01c3191c99dc32822d96ac19724479dac14d2a8e5511f6ccb71d398f2fca92
v6p1if_0539,train,539,6.284575362979546,0.5430797366425395,646.4522519815883,32.08641264609887,9,6,1.5895080566406244e-09,4009269720.029649,5766264437.203794,147.80496256427602,100.75097900203843,90.14351919917576,90.2729098278912,0.9597460113142253,0.04025398868513489,6.397330618005295e-13,8.153417069299208e-11,1539,7,3dc7294cca5e7612dcb1c361051131813fbc2a2e5794137cf401406c1182310c,7c2ed077f774c4303dc36fc24ebe6f70f99e24c81752dc890d23c27c7b0efeaf
v6p1if_0540,train,540,12.793807923292643,0.6865450385957956,1298.8521562552314,135.78273029594294,5,4,9.439086914062493e-10,14039320900.174252,21180361135.554783,177.3642189075885,117.24252272688642,81.48166142235367,82.78786154969248,0.9466295012145588,0.053370498765505515,1.9935718702547572e-11,1.058772129476203e-10,1513,18,f81d31fec73d5d763ec29277c8425c632cb9dd4a137ebc2558e0a52754921c1f,1e8469fc00c6e19687476bc8e68f79a398524269e88ad4bae6bde7d726691e6b
v6p1if_0541,train,541,4.490269218758428,0.18296409398317337,869.1679597541212,25.279255317776574,10,4,1.6093444824218742e-09,2762826719.8458357,3658022121.9192123,272.3663127501369,56.198184337528005,49.714521135686745,49.76440440318634,0.9749265281683788,0.025073471809413484,2.22077404299426e-11,9.071935980982032e-11,1605,10,bafa4592e377bd63a17c43915b32eb5feb9cf361e3dcd19032747d9031aedf8c,90e3138c75d39243f637b7c08a14740ebcab4aaea5c3373bef8ca76eeefb6e6c
v6p1if_0542,train,542,3.729725451773514,0.3063403060659766,511.2339904679124,42.38381472293949,3,2,4.483032226562497e-10,8322055322.927429,9845825155.03853,64.18546302761926,81.83385871147095,64.92762133380721,65.18144488634647,0.9414223276762488,0.0585776723462233,-2.2472047200829094e-11,8.518874816691961e-11,1699,38,f90ae53efef0eb12da1c9afa0ad68faee714e949f37ac2ffa8f4640be1d48a0a,9c70a1eb9675ad8c57803669256c6cc0add8e3c4b9d8f0c0ae14459df15ce4f4
v6p1if_0543,train,543,12.72989189752805,0.8104786397889256,1108.7940154709765,82.47974411805166,8,7,1.7175292968749989e-09,7469817377.923817,10104925230.84774,116.90193778585191,120.48979658496529,100.54316031828542,101.31082591843733,0.953841054123334,0.04615894589005289,-1.3386909062639809e-11,9.425759575658565e-11,1410,11,c31b6bfe8698cde214c2d7888e6ff1a9c69a656f0327eda68562c99eb6ee43b3,f7eba267b0d6a3b1c7f9185e08031eaa2950f9c76669426ea6ad93ff0c1def87
v6p1if_0544,train,544,4.608874129580894,0.3797272639349103,576.4125402551491,183.3494642792867,3,4,4.869842529296872e-10,9598137974.264849,11850732548.443785,87.72243908037473,81.47116084460384,59.24206223401876,60.71280723091694,0.8811839643140262,0.1188160356697261,1.624768689811326e-11,8.497879064070914e-11,1453,26,95bdc1266779acb76872523e4522a43d3aa0520f0c49db715217394de7b0eb75,5f5cd87cf7b58f9b7eb7b098815e40517d259861e4497344f008c8c38879d5e2
v6p1if_0545,train,545,13.759667657056898,0.8755202358588576,1137.4365612815523,33.30097586277403,8,8,1.7662811279296861e-09,8069357343.142118,12414384576.06571,119.88323579648602,139.52345164566276,116.21761470097856,116.45766313822394,0.9762354303680615,0.02376456964042295,-8.484398567026313e-12,1.0014050825863682e-10,1693,10,0d89456b5505572df9bb9d0a789d4c6ebb12e57bf2348fba1a20af0ab39bbad8,c019b6dd4b3a458d105d67e0a242ddb19abea270dcdab5b6b62998a312a04a48
v6p1if_0546,valid_iid,546,10.061725811784509,0.5023339539766312,1250.2012518918466,55.691705213945816,5,5,9.191894531249997e-10,10927343657.02631,14276719391.208023,177.5236413844922,97.5519827604657,74.07598104752547,74.41873457656529,0.9679754078250428,0.032024592178873074,-3.915844115257401e-12,1.0480918988523392e-10,1601,19,eb10780afc415a8e2742734db642e1bc5e4101b0c799168827e53c3e852e8130,9e04507e8f9bd12009da9080b1ff9459bf59449d7962efa12a9a45ac3069d97a
v6p1if_0547,test_iid,547,2.5688613317402234,0.006090344861149788,780.8830829078154,111.59194676406457,10,8,1.4666748046874995e-09,1751910470.517772,2545494045.183092,153.3860907389729,33.13954880243864,27.144103493725687,27.425000908317504,0.9202687575577553,0.07973124242430556,1.7939129970446052e-11,7.750982456469462e-11,1329,6,f542518a9e3a4bdd687be9e495ae1244b949bf146baf9855f4df397a357c6c77,5366f213e499c6b58e9b163d02cbb15659e79c4bab903f70fe375514b0188d99
v6p1if_0548,train,548,4.359263051320452,0.14564606081694365,929.9072923263984,47.157302865499176,6,6,9.190368652343743e-10,4708703613.013209,5809440648.681238,78.16769791785464,53.39330414078768,42.97055211316803,43.10461692613101,0.9618296282949877,0.038170371719923143,-1.49109248492527e-11,8.653060626012302e-11,1539,13,2b1e2767b8e6e71292ceb182ead1fccf197ef7115c18dc0ab08c48847b721efc,d2959e7ca72df1de773b3dd93dcd715101e6258503ffdffe6ba29f672ee9b707
v6p1if_0549,train,549,6.515177541267409,0.6420722687616944,586.5699492104263,74.13074414317258,9,3,1.5960693359374989e-09,4048217283.87602,4778136104.737562,229.86329808204528,110.2470415968778,93.99818854806436,94.70743078846088,0.9242663672431057,0.0757336327690211,-1.2126823931403729e-11,8.720009438483295e-11,1632,10,920d79c7bd440b2271ee8554eece5438af6e24e33aee842a507adcfcca086af7,e6425c6ad608fb73bfdbbdd013183a7c89c918646071c2d4f4eadb5fba9bdee1
v6p1if_0550,train,550,9.164933209104094,0.7691071312874556,768.0211998229015,140.60605940813244,4,6,8.494567871093743e-10,11072943949.264265,14810753909.386364,129.2666512955157,135.81417204610136,94.97830197726884,96.80664762119387,0.9198399851772242,0.08016001486057509,-3.779934164111332e-11,9.251274579644585e-11,1514,13,6a62baa104837c1aaa47a03bd09c94b94d78f2563774e5d13eed0aca02acdf9b,b8a5bbe2004a008fc0f0a7ff82fe09792dfb0ceb9c91f71afe234495d9aaa5b7
v6p1if_0551,train,551,8.36276217704605,0.27325261756777763,1528.0029920457537,24.41208122103738,7,6,1.1656951904296867e-09,7220834974.284338,10002833943.18507,181.8465673779542,68.44739643982473,54.15501366276277,54.229602104208276,0.9856114927208683,0.014388507258774682,2.035697041798672e-11,1.0633443733747203e-10,1564,10,40a67d74b781ae570cf7f0f9d9cd8c0d077fcdc43048a38f2093c2e5cbb52713,1df7e11b982049ced6a3e6f289f3c7b9c1c93791757be393bba73c8522f3a7aa
v6p1if_0552,train,552,7.176698168064154,0.4496773537248373,889.6948807992446,23.027635677637,9,5,1.4511108398437493e-09,5000050455.4886875,6815713625.861924,91.83407597477944,87.4939834902487,77.54729690348636,77.62636388104016,0.9775062392772802,0.02249376073569428,-1.2974500226685879e-11,9.170083269555936e-11,1594,9,7d74e0b25403710c237a040a44c01a70e362a92572c292cba8ff82fa5105ea86,273fcb0a186070c3c36e7327a3ec38db199517be84dc822bb669158ffac4bf87
v6p1if_0553,train,553,16.399426164777843,0.9454627223312855,1319.035507670337,113.8302852243209,6,6,1.354980468749999e-09,12390414518.181086,17686188245.197742,194.05606558482722,141.20368553965835,106.71351069958307,108.11002023399048,0.9548771204804479,0.04512287951340486,6.147242423314167e-12,1.0090774271705963e-10,1470,15,81f50017509acec8b52fc1e6774e672b3f8fbf72224240a69c3d55c60b6177e4,b31c55a7aaf73c0bfd9bcea08b2b9e2b5b59f459891e59416bbc11124068e0d7
v6p1if_0554,train,554,9.721484170701059,0.5730469850823283,1073.5656273996626,68.04599416034469,7,5,1.3223266601562492e-09,7590453623.065287,10131952737.215193,48.53707107760067,100.72734415295213,79.98049034359914,80.5581907593297,0.9593553118046299,0.04064468823623058,-4.08604765033465e-11,9.267535124213511e-11,1457,12,6067936f0b45ff60e0c869cf68a109e708cbc9ba514408774ddc350d15e4b240,f27865c12c405901863a407ead3696009fed27333627a83c78631e95598e8cfa
v6p1if_0555,train,555,2.2721551271794933,0.07673473749309778,508.0787492605541,37.82456517307066,4,4,5.451965332031247e-10,4256719220.7436924,4764886049.544938,95.71688638584949,48.13540646274237,40.52972866631175,40.60774909371628,0.9419583673036526,0.05804163271756794,-2.122051064793835e-11,8.736847433983873e-11,1644,21,aa12a4cb911bb4369f7579029b5f9fc48fb2afb663596ce848d75fcefef47b57,967665c15b51a391916ad1d3cbb04118d6bd9cb30e2f69229ad847eb2766f155
v6p1if_0556,valid_iid,556,7.174670856232011,0.2163514569401741,1441.8037629079633,89.5319923901962,8,8,1.326675415039062e-09,5446865441.17157,7371249590.689279,119.9245950582623,58.580409387800955,43.44797823013098,43.83465365060214,0.9614617447813149,0.03853825522530442,-6.619252166984869e-12,1.0643186917262617e-10,1430,7,8f20dc3b93c46c55c61094c6fe6df57f7178f8960fd541f970c6675546208f31,f3a4c06a77c8cf50e3bbd93e60fa1e914a9eca50a17389e13492f6c9fe1e7582
v6p1if_0557,train,557,7.853221877095189,0.7127242926508188,677.1103823367833,51.13457334211,3,3,6.114959716796873e-10,12743555692.86244,14706964401.87198,220.94162055250294,138.4104766558396,104.98939298604674,105.39855566352244,0.945370044881399,0.054629955145547214,-2.6946202082368955e-11,8.748826540605739e-11,1668,26,873de5cbbbae3988b44615f7559dbaba5704fc1453520b8b34c6656ab101b155,89166218787566a829fe94c21ded7d67add11b098b3b08777adddadb61f1a6dc
v6p1if_0558,train,558,8.758694310551052,0.8391106249764562,668.5366268589602,26.951752863843442,10,3,2.101593017578123e-09,4147727417.900809,5098710872.917689,181.53482278694355,136.2800691168119,122.3359600303525,122.53989371509533,0.9675175047231285,0.032482495266667605,1.0203912856584467e-11,8.980154950733846e-11,1622,13,87873b8fdaa8a5ed65fe86b13282e504bcdf81fc1bac4108800f2410fc18d6e5,c9d3bdf8230d5f6a2fee2fb168410335544dbc9d091b8aa00da12e5e561ed2ac
v6p1if_0559,test_iid,559,6.627800810861917,0.3431417038664222,980.6975325733138,172.90197950915626,5,2,8.349609374999999e-10,7864501297.080137,9757271881.036812,272.7442953778612,73.15654829425023,54.26185960539514,55.32750795281348,0.9236839800169397,0.0763160199786462,4.4140732015142436e-12,9.037767037901495e-11,1474,24,ccc12df162b5fd6498d77deb63e72e775fe84f33c766ff006ee544259c8bd104,f14634da7a4131cdd2f263e1c4ec7a324c8e68d2667bc2e91a678c19279ba708
v6p1if_0560,valid_iid,560,3.2126298473656107,0.16046610660851002,605.4550012562584,156.3590958427339,7,3,9.772491455078119e-10,3370407597.5114794,4903693685.553032,101.31853471219729,53.392799305029484,40.868398370533,41.605240535102276,0.887753582781908,0.11224641728712642,-6.903436784916793e-11,7.61148304180437e-11,1466,14,89ebe449f07f5cf75196cac45159bc05554c1a7e0481ac4126d2b3a8cdaa4056,0f9407974987784e07c971216f293a779ea0e6c0f5af4988601a94f055bcb4ad
v6p1if_0561,train,561,9.288448777150698,0.6563048809766769,901.3817483595349,29.274248316012898,4,5,7.347106933593742e-10,12618354066.410706,13774731868.719906,201.8567924409493,115.92121598382244,96.63556035749768,96.83981313335333,0.9739353070959104,0.02606469290685107,-2.761444743299151e-12,9.645473150650693e-11,1513,21,092ce86f5dcecdabbda42652112f3a80c9d1e97f5321835c4ef6f31912c8873a,ac1a012bf39ce8bb224194448c6ea1be5972fd6bc31e47eede18019f9b87f9da
v6p1if_0562,train,562,16.414514102838943,0.7840798860415816,1577.6217217025483,48.80677087812913,9,8,1.991577148437499e-09,8323215365.115688,13179122762.55476,160.4010547521253,118.46475969519838,96.52630494269562,96.90377075942246,0.9771956310344271,0.022804368961187163,4.385710290071793e-12,1.0763076400166773e-10,1436,9,bae9ddc257b63ed669e880c21b1cf303efbf536263527b54d00d3da4073b3f0e,6dce34c35958958d4417811f82af94eb1aa168b2a9ec12ae818dd0ba4b7a8fe6
v6p1if_0563,test_iid,563,4.856677846948363,0.28782104421406984,743.4168368581803,95.5140591603775,6,8,9.94796752929687e-10,4985350041.02317,7015901281.77471,135.65333035502158,69.33081733557287,55.87687975848812,56.296023874182175,0.9216954388709154,0.07830456114136314,-1.2278527851635934e-11,9.347934327306519e-11,1752,9,1d8c3d31f65cb065c05956c780ed2d5fbb03451d8bb816420dddca9a71f5fc0a,0f9e055f77e34ab5fa8152915996aa2eaa15a5f0b39b255e506390e9f7a94a58
v6p1if_0564,train,564,8.725921954078107,0.42737672850489616,1184.735230479456,40.21567281453008,10,8,1.764678955078124e-09,5024493965.968505,7035761845.606422,93.31120224599661,80.01236741241138,68.2920086386538,68.46927824478378,0.9734871462994824,0.026512853710170228,-9.652690514388257e-12,8.74074556328089e-11,1360,8,cb3d35192067cf0f302262539c94404d5830bfe20cf21a3f03bdea30ad0d1586,b30967e10a2853935e6d8a13b9e73c75d7b70687f8963df716d2a49682bf8242
v6p1if_0565,train,565,8.115795591830816,0.9238182287663221,553.7341311608753,65.1670543167279,5,5,1.043624877929687e-09,7876261226.94565,10565112007.405846,151.96701709132904,153.55960137213754,126.18618599490331,126.87453251339844,0.924258091010502,0.07574190900510011,-1.5602159040097375e-11,8.965095822252352e-11,1665,18,5210ff25b741e412f32db36df47db2c97fd7890672323f70ba11ece80774b929,433b755c607fe0ae7ad6ec653bf2bd2780b9714820408e0c3acc6ef34431e59e
v6p1if_0566,train,566,7.5983440972119345,0.5498917484655976,813.5696853848534,123.2237823089973,8,2,1.3981628417968744e-09,5452228212.45455,8222490296.115813,338.5890617322068,97.39593861487947,76.66425076838412,77.86927181081731,0.9278778797989319,0.07212212022494421,-2.387610742520938e-11,9.650540790115168e-11,1647,13,f7cf82b1bdeb4db73e454e7cb29435a1daa301d0047caa176c21a855061e868b,7139f1dbd3f4fd4318844b6b69ab36c088b043985b422aa23ca6321433392109
v6p1if_0567,train,567,4.1973091641009415,0.05399149190634489,1199.333231984032,20.894988198317744,3,5,5.094909667968747e-10,8346997376.605166,10268367231.804665,161.4300759815912,46.561610000150324,34.32070341589523,34.36071002139499,0.984312892789212,0.015687107185901734,2.4886314358222176e-11,9.810748972542815e-11,1503,9,2f04b74f36da9c73e4067ad98fa1cd96f7b0396aac657650bac862170c6fd80e,a70f5a766e2da34e5d1fef7e51ed2d276b0b8317f42c418362ef69ab0c3eee9a
v6p1if_0568,train,568,4.198071486803952,0.23143856320530176,704.7041138599457,26.040941433753048,5,7,7.339477539062496e-10,5862927327.720915,6955054826.77586,57.13310219961664,67.19165646238122,55.92715703210472,56.005118904982105,0.969159332633384,0.03084066740898092,-4.236501101079607e-11,8.407747607865416e-11,1553,12,99fa176b08e95e9ef2b9325c72b7e19d863b23e91d4b1d6ebbb234c113bac18f,fa2d0b65be0dcb49fb15b3925f7647fa397277b64e3742f5f0d8b548c5ecc0d5
v6p1if_0569,test_iid,569,14.019021304525955,0.7271781293675303,1384.6106031820914,134.19315383911683,10,7,1.9016265869140614e-09,7264997246.562967,9619728047.901243,117.43205285558301,114.3124180750778,87.42179718387162,88.75413217935862,0.9516947007885949,0.04830529921260358,-1.1984435051987826e-12,1.0483231684523461e-10,1626,8,70ca06de62ef73988646a54fcd4bf9c266cc349273f2f9984dd1de92e34b65db,dcd5a47cc78f51bb58827cb6e139e0eb2051a88d11f822781131023e2fd18460
v6p1if_0570,train,570,12.414526174096071,0.8538011200726032,1022.7098200670873,80.51151164695892,3,3,6.646728515624994e-10,18932428401.529526,24301907353.88741,148.1438639237725,141.04780045187454,105.89430756431135,106.80001183047612,0.9523170802901673,0.04768291969783149,1.2001275881051087e-11,9.535826207225186e-11,1548,31,e1fdf935025bb54544cdce5042ca35e588cb3fde14c099047267e30ea72768a6,429a90059e9c700d30ddbf667bddb706a743c11d789e3c19f5053fa51cc07f4b
v6p1if_0571,train,571,4.847616869103133,0.3575041051954031,641.4606279146811,42.64174458678391,8,6,1.2019348144531243e-09,3980938501.0293794,5291524701.911389,87.786515025359,78.88917449011603,68.44982929645087,68.6203565516277,0.9494839997209124,0.05051600027126755,7.820098773316571e-12,9.017700982740137e-11,1585,11,f506d33290370814128abba1bb7eb2d131e198b34b638440be62ccd7a41144fe,a706d50076b7bd23ab779e0c0f0455ef863ec88b9a530f1d6ff6ed1c052d004a
v6p1if_0572,train,572,10.683850982175741,0.49712085630744696,1360.222951358154,101.24801532823115,4,5,6.92596435546875e-10,15941562312.72335,19871880383.41394,133.81065505494553,101.52468097939737,69.25948697593049,69.90876075038517,0.9542907386937807,0.04570926128708052,1.9138770279619442e-11,1.0673164883285363e-10,1640,16,e8462c9f478a33fb9073950900a9184118b892929947f8b10d8247cc28b52fff,9eb40673b5c8770ab7b64cfbe9e950765e4524a53b59a2e7fc917e52fdb8f4a7
v6p1if_0573,train,573,12.178270983120889,0.9934783997014165,862.2346819730957,60.28233254094609,7,3,1.5367889404296865e-09,7949382791.611194,10665266532.097506,117.90342426805863,147.4173577738145,125.4086776817124,126.03088673885513,0.9525300453920877,0.047469954632246056,-2.433378224864092e-11,8.898192876378022e-11,1450,19,094270fbed7780663bfd9baafebd775d6fa136ef1939ab8fe5e7b3e36e736163,be7f219b59df48671e9d16648c787fe82309895de8a09f3e791a3ca5e449be83
v6p1if_0574,train,574,5.8319851990548255,0.6208260599523783,524.9967795802405,31.889323696559327,6,5,1.0723876953124996e-09,5675756660.391542,8380657050.197686,149.59943186740034,115.4265340174216,100.54579847907598,100.81270308924334,0.9542058694904914,0.0457941305591308,-4.9622164618885814e-11,7.506138030417007e-11,1393,14,b6ebdb2f936bb7638d1fee2b01654f27ebe66204e99d59de1591f78519fa73f1,1bb55fa09beb2bb67c02ae87a688db3cfbbee55104e73be3f3d6cd41cd0789cb
v6p1if_0575,valid_iid,575,4.53149741590501,0.1249028816819191,1039.5234906036926,194.92247834795805,9,3,1.3375854492187487e-09,3350125358.9721513,4500436416.204206,114.18180185241893,46.63547707574264,35.230266363448095,35.9488683024887,0.9220150174334423,0.0779849825557091,1.0848598920546374e-11,1.0181654724069111e-10,1707,21,568c08dcc59fc8da7681f224db8d8a125bb61eb21d46f11c2cf5fa94b9574356,903ed0d981532b3592631e0383d05d2314da24d407272696b2f8c494321ed03d
v6p1if_0576,valid_iid,576,5.104674558829267,0.5375502556562424,501.0749378865837,28.057353348770906,3,7,5.407714843749996e-10,9826458471.457632,13945014075.245115,168.97326284375518,115.46063680768742,94.48179825838822,94.6248257411086,0.9544520670144904,0.04554793291963507,6.58745796847285e-11,9.50228993925796e-11,1846,14,59ec37067d9e62d2ea5f838abf88517a49bd9f50e817d1128f3c3c76d1b6a859,c0132f6bca52553c2baa67db8f6a3d03b62433976113b620ba0ba6a02ac4639c
v6p1if_0577,train,577,3.6598102478848475,0.033373983576893806,1091.5109597908988,166.0917374243109,8,3,1.2172698974609369e-09,3115692343.1941423,3687234048.2796617,156.8857133426167,35.127045771088774,27.371626262181827,27.932166083955728,0.9373371200938467,0.06266287996908362,-6.293039272879415e-11,8.643556152048823e-11,1352,14,c5dd3ba95b12f12914fd75839a2e15a176a7eced29985791188365d051d705be,f0905abd0f47e266a61bb47374c3be974f2147e5369b3944792c805265e72c47
v6p1if_0578,train,578,9.260628204888778,0.40701102185994387,1325.090062128047,86.00549173971086,5,7,7.557678222656245e-10,12294626820.795994,14962126784.52515,185.4932600542952,81.90919086823885,61.10941132201543,61.66451257303015,0.9608400841131113,0.03915991586434063,2.2548083087239945e-11,1.02658153126544e-10,1450,11,f149c157193794230fb8fdfe07bdf42969e4fbd74fc9f5c32ca641e06ac71ad1,f018e9f5ab12ec92e9f295319ae3616998d5de1b71f603ac17ebc33830358c3e
v6p1if_0579,train,579,11.606633869986883,0.9107366567477584,882.9920271124487,53.232175168801085,10,4,2.2942352294921866e-09,5041729338.729743,6605088392.903098,99.85393686552291,138.04208115008566,119.39762996313112,119.78218422007667,0.9552612200636167,0.044738779926318056,1.0065210902212608e-11,9.265596984571111e-11,1547,7,ac34bb53914e71378ef36e61720dc93844eb0335d90eb61341277d13baccc007,762e569f04a1f8b8ee80959c0fb0976ef191fcf636e8b5bc23e653d2854d1146
v6p1if_0580,train,580,11.63072739802723,0.8042014818638563,996.2425267796774,70.87715405033302,6,8,1.2847900390624996e-09,9078200223.062885,10381607097.53591,175.37281546244014,130.89388056259907,104.15859143908524,104.77921543704016,0.9519636921784537,0.04803630782744655,-5.90018473610111e-12,1.030290885864159e-10,1671,9,1d14f6bc32bebb3365631abcc7b59f219b1bf60b24c36d0b0166d69ac61a9872,8fef21eb6c0dc776c76abbd0ec516b5f769fe8036314d046fa3971aedf87cedb
v6p1if_0581,train,581,4.502975801411463,0.3006584458053112,656.8921492156991,36.31430584712579,9,7,1.4837646484374987e-09,3085147837.121718,4550234070.143118,151.41353463344893,72.7850339311891,62.9533101989253,63.10095599811369,0.9574707515299044,0.04252924847927711,-9.181406374026755e-12,8.408654676745521e-11,1588,10,1f90c3c649da5dfee7306930c23ec818976a9fac453070e5b9018733932cddfd,ac1375b88f4611b7cb7ee1d6cfaa06ff8a00ba19871f6f311860becd21a2b24a
v6p1if_0582,test_iid,582,3.5893503224016987,0.17305176984518766,672.5825889632806,22.108193781267644,4,4,7.103729248046875e-10,5033155496.840266,5791185903.836855,164.14491087394552,58.90005204675606,50.59336359904695,50.65446412851462,0.972338630523804,0.027661369487897415,-1.170141356283669e-11,8.564980468582635e-11,1613,22,d31cae7880bc1eb6ce47d0d61829f3703297e7194dbdca512db86e7710fdfc3d,4b9b02588a99d6b65a16c28b6ce62a6c01f42149f9c6d9264b7716e6e6860988
v6p1if_0583,train,583,13.850074260575902,0.6771665001288056,1453.7803629316709,118.56640715708063,7,5,1.2844085693359369e-09,10963907657.485483,17688890334.486603,121.95197146007811,105.19985560997338,81.71521095254668,82.64191045735988,0.9547806791241377,0.045219320877612094,-1.7498143294095826e-12,1.0364938867809866e-10,1430,13,aa33dce0a0222fead364968e447ae044330cd55a8dbdfb5b2df118be0f0bfa73,4e36fd83ae050a105af4a6030aedb3e4e0fdfa024592722f0b947c0d492663c4
v6p1if_0584,train,584,7.863171545252732,0.6082632867619395,780.0246896411562,145.1424543903513,9,8,1.7768096923828115e-09,4480212540.335965,5695199671.647159,70.8934461142367,101.38610113445327,80.65265721099891,81.95940248079822,0.9127166955294179,0.08728330446956228,1.0197789494366073e-12,8.870317276406603e-11,1551,10,3995682973508c2212b46f17661265d24590190d39867d112e2d6071c496e860,89d3a5022cc4ae9413b270ab8a3caa9290911bd2fa5c0e8a74cf6267438865f8
v6p1if_0585,train,585,4.986539853452424,0.1040183762088418,1253.5319048406354,23.648678120604806,6,5,8.889007568359365e-10,5669834316.332427,7246350076.8984165,171.05594981350347,45.570335179288406,38.450916228973696,38.4984023667928,0.9838539218736231,0.016146078126457637,-8.070843876801256e-14,1.00972000125174e-10,1536,13,0e8759f4dfa74106a91fbcc4c886ae9e764ce763ba6c2d253ea8680295f4d1c6,b765da7a721d1cb02b3f9e0353d82174b18ea2dc53ca34c2220799d7d4fd13b0
v6p1if_0586,train,586,9.108552187156949,0.4769611116498709,1148.8367853019927,45.68260878466753,7,3,1.1503601074218747e-09,7991286801.154741,10060329035.97106,164.88476604107134,89.92273885748148,74.05861756842891,74.31827821951875,0.9700520252485255,0.029947974757661686,-6.187241062150125e-12,1.0370103120594699e-10,1661,15,94fc4f14ba61e9a03aeb3f2b809acd28d6c801210b5f8ec2513a1b3ef0880e29,6766edd3589c0142811fac1886cebc7d45c9b38b977463517760d60e1db2cae3
v6p1if_0587,test_iid,587,8.68957003599461,0.9806791432201862,569.6395537551236,76.52241575561585,4,6,9.521484374999996e-10,9108554222.044376,12192359185.253746,67.40418825879262,156.1167892700763,128.50563832321671,129.26261744268817,0.91524995925028,0.08475004076377599,-1.4055952866191985e-11,7.634737345314253e-11,1470,15,050611ff9d191113ad0df4651c40ca5cde0e294b41df2eb1c9527d5f8c92d2bb,dd5e36bed29a8a20a1b24b253de7b20fe3a6540e4a8142e2013e5ee0c3bbf9c0
v6p1if_0588,train,588,17.370706029044122,0.8742049755528569,1529.9016689634598,57.456171180215065,8,8,1.726150512695311e-09,9925394366.274055,12814389606.922792,136.37888178872572,138.81162750656097,105.97043562929126,106.42495583331481,0.972036497687883,0.027963502322807275,-1.0690303735171296e-11,1.1233984954307923e-10,1686,10,381b34f9c2d8c0e1c81e254fb089b7f35e664b3a7db86d8f9e84dd1e82d68060,ce0d80b3d6acd8588a31b284c8ebf96036dc50e828e34a49ebc9359f2319875c
v6p1if_0589,train,589,5.683015184817534,0.37054753210395575,764.7851181008841,108.1630535831805,3,8,5.272674560546871e-10,10782677812.426699,12440998758.996338,126.07190718109689,81.07181514130235,61.67485487898115,62.39229302419304,0.9248151596257366,0.07518484037749301,-3.2295428240840772e-12,8.75389432817403e-11,1444,11,6a71f9d46530a7546359a55b3abea9f9775bfd33dbe6085072b6f445c4d54e1a,32e772cd58d46808ff98c26dbb13bb93728239b807d34ef25dd92ea4a3861244
v6p1if_0590,valid_iid,590,3.6876777767783677,0.24375716596841812,580.5019114018668,177.71571957273406,10,3,1.6286468505859365e-09,2282796503.4197493,3088197660.782667,128.19025721635995,60.215305240767975,47.945872838782854,49.09323436026729,0.8882895761630443,0.11171042387453897,-3.7583189114793166e-11,8.700692670109427e-11,1478,10,d2359a8ce377672e02e73eda309ec2cd24f8df12928b7cdfb39fec6a6eba9445,6d77ff524ecbde6c4e1010478bd3a962f2a1a035ea5297153e7472b3f1653056
v6p1if_0591,train,591,10.553362023858035,0.74781852401793,942.1670153886877,34.356051984789424,5,6,1.1530303955078117e-09,9193837436.455576,11192065505.39164,123.08051048515607,126.62892639882944,105.86520742930101,106.04535268376051,0.9702240207981391,0.029775979196850367,5.010507750734418e-12,9.245138771556628e-11,1620,17,25f67672ccdfbf7ec808c8482e2d88acc78600070390772144eab986a3d8f632,2b24dfc386b1e754a631a2b1b05401aff29d7d5267d2c56a02a2e8f0e5e2fbd1
v6p1if_0592,train,592,7.810102904920299,0.7567961281165481,636.6300265548302,32.90025249334861,7,6,1.4514160156249991e-09,5414194868.751943,6712982689.441074,112.73914223183998,125.97101857413833,112.5527323689009,112.77440520608882,0.959318723612397,0.04068127638435203,3.2509915474451115e-12,8.341254357522877e-11,1455,7,b1c2693978523071f30a0bc2c1331c597aac5bc86c3d1da50cfa933745e25c30,a05a25b34e62d512bb09eca1bfc681130c875793d27971fb0a044257ac637582
v6p1if_0593,train,593,5.8860022425642,0.2526046233251691,1027.4030057624148,188.9364500715394,4,6,5.87692260742187e-10,10316497368.63036,12738739759.40959,108.3029036960018,67.54993899231147,46.02564970338899,47.12654155172885,0.9298896056960683,0.0701103942954347,8.496994182510888e-12,8.91293988030837e-11,1520,12,5917237864ffa2ae4a492f6d837b5909de16e1521595f393e548c4d9197195b4,35255dc0920689e1856a071c14c89adeb0ae010fcd085088bbdd690654ecf107
v6p1if_0594,train,594,5.7629580868039945,0.1252498049288988,1407.7536154346676,98.13868525797852,9,3,1.316604614257812e-09,4313933896.97279,6550151674.576793,148.84895999698062,49.74309509640483,36.413631951790045,36.80633404595501,0.9589667651141217,0.04103323490715389,-2.127557162132025e-11,1.043342392108195e-10,1684,14,db27efe393eb987929b28b6a95e4e37d1cb401e5cd41662aef8c80053cc326af,9b7e141731083fc58bb373b84cd9000fd1ac4487a46fb955d1e7e52280d3d3f1
v6p1if_0595,valid_iid,595,7.344549858433327,0.6290212422609329,694.9921194587112,62.193334466107686,6,2,1.0832214355468743e-09,6771789677.151908,9092884036.222342,106.27920825695529,110.20646304987343,92.83304165349473,93.20220576838231,0.9376603924794255,0.06233960750939945,1.1175045600899021e-11,8.830364291889817e-11,1470,19,d212dcece3d78bd917383246162635fa7c8b086d7d56fb7c32ace086fad534ad,52c30acf86e6b31df01044dd0675183447b4d986806d57517ff8961272a91f47
v6p1if_0596,train,596,8.977609182516359,0.5224860394373536,1048.1549715966169,83.11050559566415,10,5,1.8527984619140618e-09,4948750759.650754,7355297071.754228,137.148876983438,93.42269487884579,75.01061708052946,75.5882188343319,0.9497650812906587,0.050234918721494895,-1.2153612969062863e-11,9.430256335575927e-11,1609,8,e3e13e4f406b299ab3bdea656b613f8ae7b10c6e55394f7216748f4527a0b3f3,41d1403ff292c8b1a9de444458bceaafe2aeb27a64773f81aaf30041ceb5fb3d
v6p1if_0597,test_iid,597,1.949279288532947,0.018897260539233685,521.4867294683431,41.308985678657066,5,5,6.68411254882812e-10,2929169748.4935627,3589411679.322678,112.82376576615584,38.52683975037564,33.399012764139904,33.4931034109942,0.9418873903448296,0.05811260957224165,8.292872596242747e-11,8.073064543617282e-11,1429,16,1c6afd6b8139cb36577be7743f04484be26418d0599a8f1aa40b28390e8bb996,bd5f7d0b27b64bb3919e695682fd87b72b0e098e1e3d8d91c009ebc97ff253af
v6p1if_0598,train,598,6.365741537293715,0.3922823779284954,847.2173237503821,25.227044660426426,8,3,1.3561248779296863e-09,4749822018.533584,6770818168.918842,51.24412329850656,81.31851229887457,71.0295898897614,71.13054931633654,0.975374012952228,0.02462598704666896,1.1030476968641467e-12,8.160247883795822e-11,1528,14,7258a3ce0b0403201a5c5e6f722f3dacc5c720ec1212990018d87de5e18710df,096a33ab59b9936243304523515d9e691dd31d89ab9ded5283bc46aa0f8ef86d
v6p1if_0599,train,599,16.334884865872358,0.8964124005287886,1381.7791643324158,138.52508116016045,3,6,6.653594970703121e-10,24295797756.95606,28042978064.670757,138.22644495855423,149.5776195312253,100.54159726205654,102.0053459359619,0.9484877253498468,0.05151227466486029,-1.4707068687131746e-11,1.1530759377107505e-10,1630,17,afe2ea44335bd0752056ad2d5d28ea1d8b81b39b465d98210e915e5c6f61bdf0,9ca03313976ef54a946fd9f52b2ca4d4d05cfd6a6496068c35ebd961326e0263
v6p1if_0600,train,600,9.330796402019267,0.8265173621475697,734.6807328000552,128.34848294775057,5,2,1.046066284179687e-09,9107361091.206095,13110227957.694054,111.53176846288899,137.8497095653426,101.86385702647173,103.45790890686393,0.9142512136044276,0.08574878641701764,-2.144525078744793e-11,8.333618908900015e-11,1600,17,c45fd9ad09784c6adbbb5d8db4e0315c5e8afd1270cdb768fbad30e13249c7c8,774b060308d0dd740b7747654a0f5471a5764182662807e510fcb851e81fe71c
v6p1if_0601,test_iid,601,9.402764473228423,0.32228768430650234,1593.4391899611214,20.060345813565394,10,6,1.7105102539062492e-09,5474674427.521735,6640028686.914546,131.8079981876483,69.27529209212912,58.71070357896823,58.76213040630456,0.9885490002545437,0.011450999753615484,-8.15923078318865e-12,1.1375208510974949e-10,1530,10,1f81f464a39bd0273dd8521cddfeb07adedafba75955aeedbffd2fbf3cf326c5,be89df42622e06f89ae8737d274992bc0f95ea087505835e9cb78f82cc81163b
v6p1if_0602,valid_iid,602,4.761976942212657,0.19622226152569056,903.7861681682002,38.6092629039133,3,8,4.664611816406248e-10,10238118865.880823,11304545321.135002,164.07562215527028,65.70583656456955,48.83522828640013,48.98053517364638,0.9673440625112977,0.03265593748190765,6.794670084833534e-12,9.329996008654356e-11,1551,10,4613ade36ca080b6c7201e641798e24081a361767ed1311ae735b40fcb62d11f,8387a66e5a56f0da0ab83f1744234e26ee51ac2d2aeac1c0ad65fe8505a7c035
v6p1if_0603,train,603,7.0905031259720825,0.6998944906517863,604.7888095762415,67.87723927575954,8,3,1.4752197265624992e-09,4790160590.749951,6504124181.715593,60.224981599368334,119.66865263348654,101.16605846489728,101.68945171340691,0.9259990876631762,0.07400091231747229,1.9351536570644192e-11,8.717054942724015e-11,1610,16,4360f06c771b4517ad1c55e5f0858e99b955a4367f56fd49e12b978a2ffd6e8b,b312bee8b0a75df4cb3373c8a72d9d73bab3cc542122edd5c6458e979e01123f
v6p1if_0604,train,604,10.975328179384585,0.5934203509241343,1215.1463850064304,50.80799065574475,4,4,6.81991577148437e-10,16018001376.795471,18017753377.436474,228.22254503151987,109.59314436760098,82.85691237106732,83.13914910927373,0.9685357306845581,0.03146426933817804,-2.2736121186674295e-11,9.81057739687556e-11,1458,22,01c4843f2e6c375d973b78df8275dbbb4e6d420fcb702c8e2d739d3eb25430e6,3f0f643cffa131ce00bf8f1f97ac776bb17e43c2c8fbd1f9a4b6783bd5781c4a
v6p1if_0605,train,605,3.386764186003628,0.08980865031480789,805.1506808330628,91.75032446396544,7,8,1.1730194091796866e-09,2918148235.61173,3983049356.577267,104.81552451621772,45.94562903610773,35.76566610595295,36.099885447213076,0.9340582708873646,0.06594172909899425,1.364112294131461e-11,8.851082345129816e-11,1589,8,c07545fba03b961f5f815679f5376ab69604a4b7fd6ff33bd24016d172bddcc7,e3815e18c4a2133f95cb23e5d3bd4b70de9755da640fbee8074eb38136268131
v6p1if_0606,train,606,5.000515804782357,0.4620265057310462,551.3991294169272,150.19780360069484,6,7,1.0984802246093745e-09,4721284971.126732,6495865067.264442,123.35105479189437,90.06941669595057,69.98384843248402,71.46036120305394,0.8915438448513218,0.10845615512575468,2.2923518601799905e-11,9.183710687814031e-11,1746,12,d1abca64edefe536f0f9160938e5d1fbab168b39bf93318e31ff9389ec5cd352,8006df93d9fe9f3196a046dbba1ca53ec7198ed8f3e5d2d7db121bb947bd9590
v6p1if_0607,train,607,15.332860776827825,0.9660725714638829,1186.2087036610546,30.474585744195046,9,2,2.040328979492187e-09,7590860093.244312,9579123491.110401,201.9257308284837,139.4069228886326,122.76492877731026,122.94761291828371,0.978724905676945,0.021275094296963865,2.6091126031759862e-11,9.609830140992317e-11,1379,10,86f670d68ea08da05b89ee05b3846ec0c3a4331c6eb7d0263b78b8cd4227d4c5,3de3bc68250da43326fd57527232209a9b5bc2e426d4c5cc22fb303c9b4427f4
v6p1if_0608,train,608,4.127892031928329,0.3481255369260907,533.2001026670549,37.20627955830677,6,5,1.0118865966796863e-09,4151603145.137068,5835821615.587973,195.61893888589552,79.45057388799529,69.45756523983184,69.6337666043802,0.9475233107572536,0.05247668922860098,1.4145453120391983e-11,8.042923160308166e-11,1400,12,5654ce82e1707090dcb1f661b44929e55a12002ba1e76eb1141ee1c3f46d43fe,255d192dd3aaf5f265ccdea2f9b444639e352b5b79063637ebbd95c1bd12c964
v6p1if_0609,valid_iid,609,12.667372022483066,0.8438887065276504,1060.8144906268874,70.43676571974069,9,2,1.8835449218749987e-09,6720993689.164773,9783134083.636581,133.80432435000904,133.90117749065405,107.00690220450028,107.82441698271423,0.958038500263751,0.041961499739195926,-2.9470047179125503e-12,9.843536646011288e-11,1612,17,bbef6c2541b8d1847ee66ba9b4a46fdf20f8c5590bccce1381ea3e18e8dab30d,01e70ea89b2a636be7ec1ff80bfdb8c1405eea70672d740038c6ff7dd2864509
v6p1if_0610,train,610,13.579448928374251,0.7214962393045425,1339.389175096319,115.08134842282335,4,2,8.123016357421869e-10,16739980410.676395,18133331973.2045,202.58733224771217,133.92217395352242,87.57502580225285,88.79269252932541,0.9534727418726766,0.04652725812890543,-1.5819930245478508e-12,9.974285174055967e-11,1565,20,466532788faf493b976acc0a1ed1eb405a49f7cf964e5aecaf6924c70d613d7f,149b00183886bc4f3174cad1b2f3aa6fe164d3052d7f8fd7477e7bff3cf2f9a3
v6p1if_0611,train,611,4.786124269775507,0.22516131587326527,844.8681905926936,22.373001051409574,7,6,1.165847778320312e-09,4120355566.863092,4858390932.649418,158.69448980943034,61.006028063146914,54.38128811036969,54.41828306644189,0.9766690448875781,0.023330955115665002,-3.2431310246803043e-12,9.301008133545569e-11,1549,8,256b7d34172cd90a2be70ceaf7f9ae6e310cbf29b16f32b9045b1fa49d430c3a,00db1e171d27515caf233cd98152b4449c44ebf60e1f278893347979c3d96dd0
v6p1if_0612,train,612,4.3071272195229255,0.11477663647383451,1006.108752367904,167.13717505952383,3,3,4.2579650878906206e-10,10161686865.85858,11245473413.769487,144.87411351575773,49.55701344529871,33.995045767682754,34.71055574070962,0.9274278559310551,0.07257214405596683,1.2978012973396385e-11,9.32308035953832e-11,1508,31,59fcb8538af8d92f42aa1d8b8ed6ff9a30bf9056520efdae67fc7f36b765d7c4,d62959351962f317a727b7c9a8270e1bb31076dbbcd28fe8cef94d2710a55038
v6p1if_0613,train,613,6.650544798971852,0.6111730420961976,628.4132336969803,27.38598117797296,8,2,1.548385620117187e-09,4285177479.011401,6285264521.607701,58.06668910324386,111.04160317634341,98.92928189840046,99.06408847747943,0.9643967010585659,0.035603298899220384,4.22136903988164e-11,7.913469040523626e-11,1456,17,ec6a0f7320bfa90f42112e635b089fc28cfea282090a16b81499d9d47e23168a,59d740e0d1877b58d9f170ec1b6299fc1973a487986cc86d4e9c66c4b78b2e0b
v6p1if_0614,test_iid,614,10.46974156204737,0.9875371139496565,716.281746948623,52.60547703812175,5,8,1.162033081054687e-09,9202599511.238504,10739261172.3682,100.52671252641649,155.34353704762492,129.3298997753308,129.9623595426874,0.9500399975024338,0.04996000249175274,5.81342819061027e-12,8.681308187375273e-11,1546,9,f6f643c6a92dec3827d05aa4292211fd528102be3544ec48366a643d3d480ea1,929b98979aea145bed4d5b4d7b572a69a28aeb025f432dfff22c160eae6c5b66
v6p1if_0615,train,615,10.935064225858751,0.49159128591418266,1413.4601799279806,88.61529655062449,10,6,1.8230438232421865e-09,6009254503.881941,7691533064.052222,135.6507666687166,87.55861419939697,70.05317039901226,70.56135519275438,0.959298869568839,0.04070113042799525,3.1656704253371763e-12,1.0878985193016242e-10,1647,8,43c7bc24f0342a82e772b39d1ef9412c323562942b91391bbbdc8b56d0805e32,4a89d87c9a61848d0fd8817e390970f45df19bf479671f6ecc6a368e76b2a749
v6p1if_0616,test_iid,616,5.357226785494227,0.2937775310128927,830.7636004619263,109.45277445087811,8,4,1.454467773437499e-09,3592889748.976369,4395157631.562722,56.2789327329506,66.16925764201937,53.43069250582632,54.079540257936394,0.9291855259195095,0.0708144741098393,-2.934878916057924e-11,8.37031421525187e-11,1512,8,5a9b64092787ec241585549d8c3bc545e6b7154c2d9b0f95de1c323ac1f938f9,f00c8485c8a24bed8f317d685b1dd37f4a9b732bc6b6dfebf4b0c8fcdacbc53d
v6p1if_0617,train,617,13.455231273977196,0.7895941324532032,1218.6790769904878,55.764438368754746,3,8,7.030487060546868e-10,19215784551.782955,19834212383.878292,110.63499225262737,146.0789740915484,102.41554976638021,102.94808394783568,0.9672750020369494,0.03272499795060426,1.2446384585701154e-11,1.0445929226452009e-10,1625,11,6fd3733a8c908544010b4a68c139cab02a0d847a9b961fb18232983d26d14b9d,a8524fbd2e797e503496cda154c1e8cf8edaf83021a6b4d8dc74ed3667816e5a
v6p1if_0618,train,618,11.460338334887815,0.6663852958008647,1160.2966289298524,34.14084234128774,10,7,1.998825073242186e-09,5733867438.954494,7869831134.125608,159.46783451954246,107.43462962137244,92.81773499399175,93.015883187696,0.9766180286204773,0.02338197137713812,2.3845888719625635e-12,1.0007812034828052e-10,1515,4,414221cd613a57f9e290c485e7d329689012e1f1686acb6e6e047ba7f61848d1,b8aeaef4ca1f33bb87114f2a0c46fddc710e5cbf5eee758afa289da8e8f486ba
v6p1if_0619,valid_iid,619,3.020288912734741,0.17016483936458826,544.9047220704485,182.07097598387824,5,5,7.0770263671875e-10,4279397018.536039,5051481108.497321,162.46486813743883,53.688383804429066,41.456112847277886,42.257845651039005,0.8631104012743143,0.13688959871527592,1.0409808063857243e-11,8.776580816671277e-11,1663,12,3d7d68e2b903673d7252bf6f07549ca44bfed00f47304b4474987c55e560c8e0,8ee7284bec4f4a5addda3623d16ba34d026c99c4e2b1b4f9f7c6fa3eca0373e9
v6p1if_0620,train,620,5.216895796006071,0.05971909314393997,1546.3011872063835,24.365098644597264,9,2,1.1983489990234372e-09,4420316776.650346,5657784602.213987,70.42363123978473,39.09328548046619,32.60354443323277,32.63542421792232,0.9862082059003956,0.013791794084424618,1.517973812356045e-11,9.831905085077988e-11,1291,13,58c09223dda6beca54c3fc8c52e6bbbe2f19b6b646c6be9cb28116a75ec1ea65,51a1e934b6b7e2b33c364f6c77f36c34f00f35e21f17a5877c2f0f332bd5f526
v6p1if_0621,train,621,7.0406330305943,0.556123161688447,731.8169301318319,143.425590012859,6,7,1.2510681152343743e-09,5566214433.408101,6724279135.609202,80.14318219380384,101.14656311343953,77.6727768004577,78.90904715628284,0.9088362987258545,0.09116370130434917,-3.020361397929048e-11,9.675589591247344e-11,1723,10,f67a4e5f3050c92ead3b461ca09113145a725b014e5cd8d23c509dbfb8386998,3c07cb597e0432e924143e3ec74ccb6cc6cc028af9e8e15ad4f0b2a15605a39b
v6p1if_0622,train,622,8.916056224289772,0.9331814767792821,617.6755068397871,74.68720103541918,7,4,1.5100097656249994e-09,5896001170.264688,7785000966.870608,103.8671007362287,145.83944743176272,122.00759323104846,123.1065313872553,0.9298146786712124,0.07018532132180369,6.983926213084343e-12,8.43765673200599e-11,1603,12,1ecb792e76153732fe0e526be10370f2e80be7cc7f53b56a41da39f8bbc48c0e,388ddf7ece0eafee2d14712de8dc3f390a3fe983f3d7ae212331a84981242a3a
v6p1if_0623,train,623,7.218606825215426,0.4373043468222022,915.7355735052018,45.96785529791112,4,4,7.574462890624996e-10,9554249607.776367,12314031593.490974,105.38195442208628,91.74592750581138,72.38960924708793,72.61576055422469,0.9620797615354116,0.03792023845821189,6.3764400871517015e-12,8.958476480575945e-11,1481,18,a641f39b9dab9083402cea5b9e050f46bafd21ddbbb4a80c1a882a4c4a4e7b2f,5ee241390e5ffe1d05ec2084b277b25a31884183dd5bc49dab78cda2b64beb0d
v6p1if_0624,train,624,2.7055322318806807,0.06737145967781544,655.0694370344137,44.12172227529513,10,6,1.5049743652343741e-09,1761177226.0183697,2205332541.2422557,114.10739707890603,43.144572492588566,37.09150207954439,37.21586776790665,0.950591847847786,0.049408152129363114,2.285087111455287e-11,9.611420076442168e-11,1691,6,5df01e39f8acec77829ccd6172834d83dfade1050104f864f62347c407ba841c,218a05aa283c402c6014a59fcbe8e35fea183934563704e3cf77d773e93db79b
v6p1if_0625,test_iid,625,8.837861086946967,0.5631193965673447,965.6821918719185,79.22954141037917,5,4,8.641815185546876e-10,10402857611.285587,13657850579.02131,98.0433281948143,101.36547808080815,80.35678141101923,80.98966421929288,0.9502628810127746,0.049737118985760755,1.4647310381406701e-12,8.831408013474336e-11,1470,20,28159f4a2068521826acf1b3258e0559e703e645ad9c8d55cce9ccd30face0c7,29dc39bc8a794dbd6638d02d174791f07bc76fd6e1e658d7f02316c7122c6e63
v6p1if_0626,train,626,17.794867729858098,0.939735091291368,1471.3423797381738,130.43209930014785,8,7,1.799926757812499e-09,9927577995.791159,15053258271.086136,149.94324045204993,129.08701721119508,101.58161417905102,103.21259666886495,0.9563644814899267,0.04363551849608984,1.398346119777597e-11,1.0366295724420241e-10,1331,8,4f885c3aaba209ee79c35b8d74f2f1cc42499aa91f19bc9ba44a91ace427862f,7d41c15991c61dd79e5f49eeeb23ae5ca8f5edd9c6a4a59b512b701e1e981532
v6p1if_0627,train,627,5.805878952267534,0.4434459703043103,687.6884308157349,26.31581465289478,3,5,5.083465576171871e-10,11371300196.98754,13539974307.892822,41.104839211936124,103.4865815883976,80.12109762465275,80.20244982436309,0.9672505693612161,0.03274943064188527,-3.101346282038524e-12,8.462861266274576e-11,1633,16,d19c29411999b0ddbaf131a2e09668bbd0352aad397bbd464dff9db75f078684,13387b7fcaa8b7ffb23074b12ef45626b2444e7bc50ec4c7908fbf8d854c48d6
v6p1if_0628,train,628,7.119730151432227,0.33306125923991203,1095.9186193637072,198.20387690324162,7,5,1.0921478271484365e-09,6586130330.928491,9233027045.964075,78.49330162381541,76.8879202386309,51.68392426733233,52.81136155843814,0.9237715988796827,0.07622840109975569,2.0561610726103788e-11,9.611363723456449e-11,1545,10,f2e90cf94da98f57701141ed6a3949b681b39ff86f664f981a934eebb5b9d3e9,ec0961e3f51df15fe161fd7ab8cf1200847cf25a01077f4fa5efbe4bf90bad27
v6p1if_0629,valid_iid,629,7.081254913042365,0.8294119220227003,516.4324372557767,30.8046997593154,4,8,7.579803466796872e-10,9343290833.958952,10756621174.643562,165.2199175806699,147.3792897353037,126.31518245918453,126.5402011531885,0.9526145774873874,0.04738542254643265,-3.382006262166885e-11,8.57567026281709e-11,1721,14,7d3dda9d140ac967e0e0b71cecdd57d65db469241e6aabc9d822c1cc8a94bc72,760a22727252981340cc9735e1ee835512cff6842b80b54faf081f573d0f2709
v6p1if_0630,train,630,9.529770228043615,0.7067677760496736,871.6092157181865,59.622673270247816,9,6,2.0050048828124987e-09,4851164130.785549,6697065575.22055,85.63718464574873,113.64994119798678,96.85587017499807,97.45236378108234,0.9552134320438594,0.044786567968240265,-1.2099753887092721e-11,8.778510735247554e-11,1540,10,fc9643647fd791bca2486afd6032c49887308e2de5decc214467e0290eae8e6b,57c94d472712a7a64f1ad2c7ec3c774d49c7c49455bac267c83e54331e5d0874
v6p1if_0631,train,631,6.52908977391906,0.21083724033087492,1297.605776094026,104.23273823061032,6,6,9.420013427734365e-10,6957135166.5356,7783180283.323705,104.93701571684211,60.48607734603604,43.81147555578086,44.249057009908135,0.9529304726340454,0.04706952734832993,1.7624620446011063e-11,9.897186165327009e-11,1476,13,63df280eb9013105110943ea169266d8efc31385de20ee90806bd6d340734800,a4622bf29a598ac2365881cc9fbed0ea2499f005b15121cf8d755be6af8d7ed4
v6p1if_0632,train,632,2.554366863560154,0.012031660415232182,755.7789460169415,95.70517472932328,4,2,6.371307373046872e-10,4010366124.98932,4484149802.205406,225.50542680039797,36.690264696278234,28.19923287402614,28.48094678805716,0.9278839130133569,0.07211608698008487,6.5582199434224895e-12,8.277622023481281e-11,1411,27,822bde49814363788286717f1de217120790d2dce33aff8fa427deb9885e791b,e5bc3630e5ab86ce01ef92f786e99a386eeee635b9954cf7652060471b4f8158
v6p1if_0633,train,633,11.678866091375495,0.5078634945675731,1496.4783613323305,47.83711121728262,7,8,1.1359405517578118e-09,10229556319.222462,12066894284.095516,60.97675920178593,96.49224717333419,74.36225618015168,74.65702383421036,0.9756606777490461,0.02433932225572774,-4.773842630963607e-12,1.102591798037834e-10,1678,6,3c69a9ca2c059817206f4529fa145bbcd349b469d54f3dd3682496caf47c8873,81cc62113605d32014500d0eb2729cc8fa592aff9ddfaa01f2d6c16d9e352177
v6p1if_0634,train,634,11.988158037265837,0.8856465108692646,944.9039194219696,29.04995115951687,6,3,1.3489532470703115e-09,8819009040.164114,11138270648.460495,253.4168754300498,139.7811523309615,119.10737120100316,119.34675292979239,0.9752063163112938,0.02479368367963438,9.071758346522455e-12,9.728041422932596e-11,1557,21,375429f83f749d33a528cee9ba9f1675e1ccdfc0a5bb63d982a621d55d6b80c6,3ce9d440aa5aa1ccbf4f3b1ef2f8e3e8015401cdb50798fc6d0df11e391ffd79
v6p1if_0635,train,635,4.819699136227692,0.3893802519887686,598.9696471975137,160.4166168618603,9,7,1.5530395507812486e-09,3118229719.060561,3831963042.0303063,121.85142113204121,76.93799760119293,62.177289676954246,63.15528287711073,0.8792849707377581,0.12071502932237234,-6.01304379703537e-11,8.019575654612127e-11,1512,9,fb7bb018897dc61d1812a719c97199a5538f22d575ccbf370028221f122a5cba,7960be9c194bb0d8bcb69a0e6746dd2742d1e6eede5e89aabfdc443fe9deaacc
v6p1if_0636,train,636,7.299997313196756,0.2789345374330878,1270.1251306030242,21.304814568257324,5,2,7.415008544921873e-10,9969527056.771452,13848010560.28973,85.5879178664414,73.21864117933433,56.52950556223734,56.57525711954273,0.9847953518469006,0.015204648138045642,1.5053740055251858e-11,1.0320432587448092e-10,1601,31,9409d640ceb73c876cb7315d50858097cf9cfa387a9ffc533a256e64be8763e7,6699258a2e5c803ebf7fea3531d175cda15dabc52535ce2d11cf2da2710aa71e
v6p1if_0637,train,637,9.489760006560736,0.7753843488171697,796.6327482137007,123.03739688041475,10,8,2.094650268554686e-09,4535848183.94116,5657552569.405913,151.46462652662376,117.77030208673074,97.68085513039345,98.97606408385963,0.9222786282655439,0.0777213717670978,-3.264162807729226e-11,9.007582791725806e-11,1498,7,f2786582fbc6db65e466bfce0fc6537bc63645d28667e038d62989a141234449,1f02213b688c1b8a5a4eb46ca4ad3d8713b905e5f0835acc7db1e55f06e5fe69
v6p1if_0638,test_iid,638,6.410625118740869,0.6514508668333292,567.4101654788554,63.55068478668694,3,4,6.061553955078122e-10,10846536626.080542,15222846211.208096,106.77280466282738,123.24798022617506,96.42519551419234,97.09995861858467,0.9310387939141624,0.06896120604624985,3.95877315768898e-11,8.669534590169467e-11,1494,22,3dcb3d481eb4a71e6fc4447830d3d8ad39a0b7787ef36ec1b76be7809b26afcd,432995bb18eae104a58bfd14ae7f02a834bf0119f97bf884f3945587328c815a
v6p1if_0639,valid_iid,639,5.146586827970573,0.15555844455957413,1114.8685132274509,40.50081970038625,8,2,1.2402343749999997e-09,4191087060.0780334,5010735135.766025,101.42522792417051,54.99389504057518,43.73389277795904,43.84858056665774,0.9710618798192666,0.02893812021784896,-3.711557595517823e-11,8.789253849192488e-11,1531,18,39b274b918f086c7d6d543f3c417a3528b3316790b5a898773cf8e2e68f37827,63f0c768cd4e330f12964dd982065b680608474c83dbc9aa55ef480e8fab82f5
v6p1if_0640,valid_iid,640,4.534218548088362,0.04807900544255972,1352.1880926338367,48.44005738837974,7,7,1.0034179687499995e-09,4495522234.197491,6534518007.41658,49.55099300095289,40.7994250998118,31.50436663856737,31.627100416949354,0.9728096560472265,0.027190343934373674,1.839990884905947e-11,1.0605366335450915e-10,1649,11,9c9b48ffcb8a40c3ec23810da486208d5a69ac99b19d35ee0ac0e1a69c4abd2f,78286a33d6e58d2e4c41fe8b3bdbd74c57440b849a2cec3968088d96f60dd18f
v6p1if_0641,train,641,7.790689547290668,0.5521422373130918,836.8721775491674,94.49401092927684,4,5,7.653808593749999e-10,10294646155.662594,11415006891.828125,96.52739629512789,102.39223118016838,79.35968387498575,80.17547021655032,0.9377268411823177,0.06227315884142888,-2.3746623157928652e-11,8.204202006117984e-11,1410,15,a47d1fad110c2f1a4b8609d9aae1a010d22b428440cdc64b62851abbbf663588,bae0ac188fcd1358f61b8185b368bac6c0e9488947f453739f34cf7262fa31f7
v6p1if_0642,train,642,7.853310428068783,0.9292581547051668,528.1539294546993,158.06950813154117,9,6,1.9500732421874986e-09,4049450001.7705207,5531672412.009217,127.69754221502018,141.59049742677024,112.40392433421367,114.60240357445588,0.8769578224115591,0.12304217761925584,-3.081491425207031e-11,8.55780860160402e-11,1558,11,541b4899c40d4f855a505043a6f8010a5948552c4e9609795ca906468ed3632e,77dd90024968ed1e3133097126ccb792b4797aaef1bafd004b7f993be334790c
v6p1if_0643,train,643,8.036821656698242,0.42559877038002014,1070.9511108502847,29.491653745803077,6,5,1.0765838623046876e-09,7576475096.300099,10004516530.481274,113.44371234562045,87.62696168518744,71.97793465250855,72.06696466378786,0.9763846170663191,0.023615382953318814,-1.963792856988572e-11,9.26189637648652e-11,1510,16,98810466fb8cd1f4d99e9a69a05f22c6458a988ae2d5057732d6f6a418d2eae0,434266d3f06c438197f21521d460fe617e22560aed147674334b55614874d07d
v6p1if_0644,train,644,4.636526224562145,0.2820152575150132,710.1067892638838,124.52249720049944,10,6,1.6598510742187485e-09,2851890623.213383,4054746685.571109,160.14405837183875,63.32130401555605,52.52241188953502,53.2173336101089,0.9108853836487465,0.08911461638724404,-3.5990585726909286e-11,8.62238358847889e-11,1470,10,0b07416c8ceb6a8f6cf6359b8e677d09bb8040789da5128da0228507e9816c16,68bc6fe58dccec8c6da8a1e1409ed43a5a6250bb6cae9e3c294659fb1eda0f92
v6p1if_0645,train,645,15.176493137940295,0.7857351703569293,1425.7497503832442,21.04628267758132,5,5,1.0993194580078122e-09,14125570982.290298,19968911963.431732,47.243392501851446,133.2729602198359,105.33210630885425,105.46074774202616,0.9867426740064086,0.013257326005904105,-1.2312654335407215e-11,1.0200902527734114e-10,1560,15,c56179f84179ab48ab3265300098d7c67ffb4f1fbbe01b861dce7e427a536895,815054d9f1b08c949db495316173d2422cbe298f50b2ebf555e4b4390320bf7f
v6p1if_0646,test_iid,646,10.268579050663558,0.6625841818749905,1014.8568178409477,39.9320949856876,8,7,1.5672302246093743e-09,6720443031.490984,9595011845.018974,163.92510087715021,114.28913812231582,95.65569281579114,95.93219733631335,0.9694092535157186,0.03059074649588143,-1.1600019506304847e-11,9.927877012626613e-11,1675,9,02b42dc39f8cf27948b7f6dd4b6f5b3a5ea2882e0123961903094fc180e6af12,76190cfded57b1cb07bea557ac0323f18245210c1b36fc61d9f1f0ae7a441f65
v6p1if_0647,train,647,3.2702588482412005,0.15833733789622784,622.9956045404435,64.47846044841536,3,7,4.191589355468747e-10,8500566471.194519,12315773754.599747,140.57872622578935,55.866314376979005,45.397868460519234,45.62519897891547,0.9310509293216381,0.06894907076265572,-8.429381790464515e-11,8.653270575682468e-11,1453,11,81ad1914347aeeac0bb516959998f21899d41eb84226e4a747ee72137d442784,18548eac4d9215709521d76b64aa997d0d6029dd9b95b51387eb95fbd06de044
v6p1if_0648,train,648,4.90611268772996,0.11873099580407143,1171.7247109713292,81.08681494661444,5,8,8.060455322265623e-10,6086918483.31673,6721338365.79514,86.94366913539596,49.16052828705136,36.680800285169184,36.973616725120706,0.9566978750929135,0.04330212491327421,-6.187676622453503e-12,9.102712106330747e-11,1434,5,307526b28692a8f5a8cddadc8f314ecfa8f73097bc7fc4c992ed9f46d56731ff,b4943cdaacd36caa7b4a28453d5981e9ef2d8ad284d2b8cd83321785539e211c
v6p1if_0649,test_iid,649,5.972979426335296,0.6228476669639349,539.59073414124,43.09599263014453,10,5,1.8917083740234357e-09,3180094911.448341,4041372780.6225224,172.51240112123384,111.15562478741236,99.00161204394568,99.33278401295857,0.9426355479745432,0.057364452031372165,-5.915345527602135e-12,8.533538033700696e-11,1684,10,ae802e2aa6a14a0eb7e1f42db7df521d80fa5f8fc19f94f1ff0206e6533eb768,ad868bf37783516a6f3815101bff4c3816f96d7d62fbb9b8be85049060be0642
v6p1if_0650,valid_iid,650,11.786553269331456,0.9991472074761987,822.6621044523948,25.77002116417298,3,8,7.19070434570312e-10,16521428444.748026,19484992596.44391,173.45834423721612,171.64975253898132,135.98552364115224,136.2010142552234,0.973863788149059,0.026136211848062484,2.878442582509611e-12,1.031580708838979e-10,1720,15,9ee35e9ec9858f20360e49cc7639967fa5d3cc60f7e6fa5495f2b8e5d5378521,6524688b757b3b2d9b1471de625f867a2a00abccaebbcf4167d1fce53a1aea1f
v6p1if_0651,train,651,9.852529629837939,0.49560229759663343,1230.6818426028763,133.22261727831588,8,8,1.399154663085936e-09,7073470466.156404,9311345503.06948,110.3973519372444,83.28991576247847,67.0873706157552,67.92652372115239,0.9426051218803903,0.05739487811727982,2.3299344712191e-12,9.309519719050014e-11,1328,7,6f5b663ed6995679c820aab781c87c8681c32fd06615b1ad4320a4212b59ab3e,444d4933f343965a1a18162ebc29dc89a00960342b6c7cb1f7f5a722988e1dd5
v6p1if_0652,train,652,4.633702417598416,0.351957717910409,612.5204322119564,31.543425727074414,4,5,6.407928466796872e-10,7164236268.102814,9036955651.235294,98.54478126837759,86.01518375039075,70.27784224406041,70.39422664218131,0.9580376179276918,0.041962382102276166,-2.9967985502351744e-11,8.921721124481751e-11,1728,18,dc126872ef8b1efe6f2d315814b3afd437b5a1b4a5ae2aafe75b60ffbbaaf3f8,44185e5824f763ac19364a9fb008c972addb238132f8fadefe23192b4b4cc613
v6p1if_0653,train,653,11.47140661553713,0.8556852862238884,923.4415572511195,193.49402591097638,7,2,1.5136718749999994e-09,7627918546.226194,9412376219.425182,48.987421926666435,132.38037987984183,98.95533213642307,101.08643552208231,0.9163604475293767,0.0836395524904932,-1.9869916569270656e-11,9.06816276336695e-11,1525,21,adf8c4d37fbaf34113eb097d599ee4c6301151762cd5cb5bfc83b61b9b88b066,f18f8d48b2f7e0a105970f0d17cd3d6898b7bf3f29f773118abc06094bfb5be2
v6p1if_0654,train,654,15.490764310709283,0.7332285484299064,1559.3138604556732,102.01001423830918,6,6,1.2505340576171868e-09,12458937915.18789,16235528637.587042,92.70001106126092,116.94842907028271,86.74315267040251,87.80872380110611,0.9642780610075633,0.0357219389787847,1.3652001955842818e-11,1.1283158604464839e-10,1514,12,46a1b021048f8c3c6c03abd252759555c3a50cfda64c56fdd9d6ddac3cf804c7,5eb1f14a9eb6124091abcd0bd57390e12c3ba3fd065de3199ce2d08b631048dd
v6p1if_0655,train,655,4.2767776555535315,0.22905039507895708,725.7090382776665,60.93466882384075,9,2,1.3279724121093742e-09,3264293464.9013247,4215963808.928999,216.70267874814388,60.91886591261772,51.84084666972465,52.094507009974436,0.943101749415925,0.05689825057851549,5.5596068685758486e-12,8.103851979045848e-11,1505,13,44f6a4bd70a769de49e88fe1682ce7525e99c085404b0e6131a042691e673303,f04067cc27f4903ad2a12c90f53f10ae2bcb371b299caddef29d0836d471b543
v6p1if_0656,train,656,8.091332461913,0.26732486486434937,1485.4101178495082,55.10324155709134,3,6,4.3624877929687483e-10,18767696088.14513,22779217920.399628,107.19787024800121,78.90110745857368,50.78743913046972,51.009813771611384,0.9725564184233721,0.027443581580210135,-3.5822602487465797e-12,1.0663606823452669e-10,1536,12,bb4ddd38491ea577ab727cdd13aceb4d3f2ea3d93e84b385d39eff3436b60bdf,b97027931191726eeed821b0cb603ff4b311b4b5f12ed90519894e7e274fab34
v6p1if_0657,train,657,8.353925937918213,0.7713728714734316,681.1748412131568,110.80507869964964,8,3,1.5569305419921862e-09,5367367251.41785,7506035412.553538,145.0769297462765,122.11065782658471,100.08533820176592,101.47587350406226,0.9200680461096086,0.07993195387688094,1.351053991599508e-11,8.946161955214795e-11,1568,16,b9c861ba21872c74e24a15d1da412e4ad0ec0942650853fd03e22c185c925a72,606f9973061e7e877f5540e189aea6a775c4f7cfed77cc99c9685a3395593013
v6p1if_0658,train,658,7.097202946471689,0.6474969433620572,648.8646253403166,184.6770677199495,5,3,1.0571289062499994e-09,6684479696.709447,8955284198.694338,103.60678222524594,113.3225004564901,83.29321720192121,85.29392126470435,0.8919025081063795,0.10809749190549399,-1.1873524652526231e-11,7.988791481950031e-11,1608,23,a93b5d0cd26608424360714aade305fdee23d3e0f46d0f4e2260e17a13d75e11,6a6886691c426962f2690aa4f8da8b9ca4c5a53cc93103dffde84c2b309b9375
v6p1if_0659,train,659,4.506624195117755,0.14388336893171072,974.9155029990864,33.65195582077899,10,2,1.502685546874999e-09,3027238287.356206,3971133209.1449056,200.91381071572013,49.26600884961255,43.55297491274908,43.614316742952276,0.9714772422118555,0.028522757805367335,-1.7222831607355015e-11,9.398702455874973e-11,1490,12,4222eb0ffa90daf0e41f3c3776394f01cb8347ed58fa26bc6477aaff8e1f1936,6adc5090886d8f3d99236182f0f4d04509518993ee5bc9a9b7f817e1b1982ca2
v6p1if_0660,train,660,2.727562013199064,0.00029982440173625946,864.0901260787148,141.65029204324475,6,6,7.60269165039062e-10,3708967612.321444,5674447433.006208,118.44640298467463,35.171811606283654,25.52504269465359,25.954143568873985,0.9209022780555906,0.07909772191141766,3.2991821797777293e-11,9.214336706319254e-11,1640,10,b517ddbd1c170f88a503b02577d8f50e68c0fea1f0687bf1323859e0edb756d3,b28cf62ecfd1663fd7a3e9a8371f0b3ef6056d94f2b9bdc791ba21687f44e8c1
v6p1if_0661,test_iid,661,10.4548301193662,0.5039739869534969,1308.8986704826573,24.67912817466445,9,8,1.7535400390624994e-09,5918111849.585466,7511999520.739148,152.25182157885223,88.5637581076586,76.9628543262093,77.04456102718854,0.9838522000329538,0.01614779999447558,-2.7429437340078142e-11,9.548327864866133e-11,1342,10,dae787411cc3916af4671c43551a36f7ae9a0ef6abc157297f0e17690d4c963d,d97445b5308569c02c43880f3573e1d1852d2f339360a68fed00612e48506bd0
v6p1if_0662,train,662,13.52604954474782,0.8818147880956531,1105.4559500838882,46.65368957083254,4,6,9.54055786132812e-10,14099865884.042377,17864425727.60714,119.88101017269024,145.137246902198,112.11103179755263,112.64070444124893,0.9695263238904109,0.030473676117142745,-7.553646284492094e-12,9.649620171793487e-11,1513,7,b96529e5f77527fb8e9482f86025b48b17dac32c7be7259df3cdae5925597c04,81df76bbf3013ca8636fe7ecfce78c3b7e8e0ac43d9ad2d09f73e070ea112a38
v6p1if_0663,valid_iid,663,4.183329584348426,0.377583228982985,511.9774843165153,73.5737677286415,7,6,1.2010192871093743e-09,3483624254.647183,4044617693.0883765,87.29425066579279,80.94904225792607,68.71586563983013,69.1362416961042,0.9102281854469441,0.08977181455575146,-2.69550891624683e-12,8.825577168715407e-11,1618,10,2847548c6000d6e97ad4fd2730c30929bd6872211338f985e0dc0863ee86e4a0,624d5cd4eb35aceb0f351609018d76b47eeaee730ee331502902fe0f9deca2d2
v6p1if_0664,train,664,6.422440578342904,0.3369850693270564,954.2028156396918,68.78235260111846,9,2,1.6110992431640619e-09,3962391293.7449775,5467980825.284149,128.86231321842965,76.62296323728015,59.97606725530764,60.325840626825965,0.951450993819265,0.04854900617632594,4.409022082315729e-12,8.767454179967762e-11,1605,15,3a25da970f4ba46801fddae4db158e0a40e1a78ab81711d94d720767b08105f7,7c3567c1c8902bc342e46141f99e7cf2d4cc1628cff9e470ed14b93150d8d845
v6p1if_0665,train,665,7.982775873706759,0.8411169657483697,593.1319160559268,38.109240778777604,6,3,1.2811279296874998e-09,6185430640.47015,7719836007.212604,59.349627835810004,140.4645615164356,121.90802824260469,122.22152640677609,0.9518471500575301,0.04815284993052745,1.1942506345218624e-11,8.260047839997046e-11,1420,22,14e40bc9cc7bcf682413957136bd84a10aff0f27a5a59dc33a85be876bb45b58,19a88b09e17f367ebaaf0660116657c7cac234f430a978cab53f5cbb62f72287
v6p1if_0666,train,666,8.547985998941908,0.7184083666652441,748.4126986209922,22.85888534757076,7,7,1.531372070312499e-09,5573799023.921548,8272900855.159049,87.98391710011343,121.23284772505991,108.36686554441918,108.48236314647001,0.9742049486159569,0.025795051394076986,-1.0033786900756206e-11,8.726491537870101e-11,1494,13,801dcc7685b73554e30565701e4b098461744ba52f8436592f4b858790cc42eb,593e38fd81338a90ef81c3e7f9e691b9138e9fef21a56aba528f014e9e7dae74
v6p1if_0667,train,667,7.423401810045991,0.21481764689087868,1511.205777190056,112.59560232830356,4,4,5.625915527343748e-10,13830898817.11,21855864706.444878,151.03490229962796,69.25663999069275,43.07228518598397,43.56127434581752,0.9565986378804379,0.043401362109312606,1.0249587112658528e-11,1.089887821089936e-10,1614,30,fa0aef0fbdde0fc1e7ba508eb12f93119ea311e87d1f37e9ba07fcd7cee00c66,9a3a378aa6c6b49526ac8c2ffc25fac4631423735b42b6bbc4bc305123f640f4
v6p1if_0668,train,668,2.425172253561143,0.07117309886962175,562.6788440446193,26.75683085184631,8,3,1.1048889160156247e-09,2231678127.72942,3214989974.2672567,123.03001676488356,45.42363578221614,40.157507757297836,40.20074500513858,0.9602488833725707,0.03975111669829803,-7.086874251591493e-11,7.439721852969867e-11,1450,7,1e8e27d0ab272c0e9563d910f79cb1c8b8154f1dff8c912a42b9b730dc24e74f,6082c5b406a4171de188d5f3298a01db52ac2a6b051cd418c33c2f0dce19ce5b
v6p1if_0669,valid_iid,669,10.10456032916031,0.5749464174732566,1124.2441945345274,171.1031965704188,3,7,5.558776855468742e-10,18186746238.387802,18483792869.4757,120.50136791214945,115.02849218607514,73.14527512963178,74.59110198546975,0.9335126613268893,0.06648733867614048,-3.0297167632797796e-12,1.0480614897820731e-10,1544,14,5e14ad93df58ffe6a3a1dc50c61b63e810daecf954a111fdfa289fb3a14aca0a,812e72dccb26c72866590495ecb1c989dcfdfe01bfd54e926ebf1098e51e4bea
v6p1if_0670,train,670,16.10132405794719,0.9514978751540184,1280.8061143372192,90.48575953569129,10,8,2.235183715820311e-09,7263202561.823975,9297260064.098518,114.62266692944806,140.98837449375412,110.95817365456729,112.23923822291925,0.959989324973971,0.04001067503062285,-4.593904365605738e-12,1.0127097736982845e-10,1686,11,379622c38e7a4607b3aa674fbd98d83d6b9319db2f4d1c1b903419b4a74bd52a,363e4db93de24dbf9ad432baf9ca42b36f1611ec5dca183dff3ce3ef03225a9d
v6p1if_0671,test_iid,671,6.512410698977502,0.4473044369369745,789.990284755461,51.49996732944669,5,4,8.892059326171871e-10,7433073704.471301,9425377290.711254,109.90189599947058,90.44329139610397,74.68657334404595,74.93908438903885,0.9526367287840005,0.047363271255306434,-3.930693461680581e-11,8.819178360777183e-11,1545,19,3582bddc1b755bbae070c3e0cd72c0ac1185ec91c9e3a12d4d654f053d14e424,07bee3ede4e1cf6334cb38dd8f2fc3f2bc8fade1d56adbc976098a80f8725714
v6p1if_0672,train,672,15.24849690016688,0.8624993730336428,1314.0323921708405,20.54141161309958,10,8,2.070922851562499e-09,7474318293.907791,11502841390.118376,47.996749375445646,132.57613577727858,114.45427575286796,114.54286654448278,0.9858789665086761,0.01412103351223169,-2.0907835137653943e-11,1.0225573619916132e-10,1585,8,f55a9b9eb44e85b5df289c1369abe639868cac37868d98e24c3731ca2b74404e,6990b05d64c048e75ece75e359f1c9fa44791b50c6d6e69e4542c2c45989cd19
v6p1if_0673,valid_iid,673,6.37029844869495,0.366624116897583,890.4234437358025,125.29858395910036,5,5,8.927917480468745e-10,6968357343.956141,8550204634.897414,60.832318885262794,79.36507205911369,59.59557760646707,60.51787293727606,0.932921377504626,0.0670786224936375,1.7364852274266479e-12,8.812100944479588e-11,1549,16,9ed188d6a5bd214d8ef70d27b3e19e4f56eb7c25ebba9d75a3684436a0f04e13,4fece03c2274125578f916d7170abaebea2ed46bb7ddc0e1eb975678ec01912d
v6p1if_0674,train,674,3.2799638659067374,0.2397762155160308,505.2922130586585,66.429786062246,8,8,1.2648010253906246e-09,2594021973.709801,3662360633.3727546,164.2666311980546,64.22627176001038,54.63340838613414,55.00281007906575,0.9184608438214736,0.08153915623285889,-5.433247630350536e-11,8.265303253805226e-11,1596,6,9b67d1299f922310d2c300937769cc792006d75a02bd11e5895da2320cf8cacf,ea03ee3da59846994f67a5f43332741d43925af195dbe56c6f0f93789062f75f
v6p1if_0675,train,675,11.64334683389258,0.7361783431842923,1082.4021708541682,39.45885681502289,3,6,6.146240234374997e-10,19460596733.61218,27910621610.37309,126.4638968027835,143.58402309844251,101.78574834944868,101.99952814643208,0.9701224335138972,0.02987756650167453,-1.5571646524491785e-11,1.0191828913711891e-10,1544,14,b2e41a413f93b756f559aba821c573b6b618ee0fb567904a728a5b94064ebdfe,e3f8ab8d6fbb4e0f716e84565e8604ebd92a18f2df7f3fc70549920a7a532f0c
v6p1if_0676,train,676,6.955515690563704,0.5964357517659664,679.2062990400453,93.90111101951166,7,2,1.1868286132812494e-09,5957332508.544103,7488041810.321565,205.38024906668824,105.79787028657955,85.01030612174002,85.83326465693747,0.9208655414939441,0.07913445849924457,6.811363705800182e-12,8.822919659855993e-11,1640,18,49585096574dc8ed14cd053ae718d416e6cfe1ab7573fd7a9f3f570d37cf5713,844fc2471d3e1da6e5dfde36643e4089ab4fcd89a0ab50102ee42a04601aa124
v6p1if_0677,train,677,5.508420454260904,0.1002171766012907,1439.6013192360726,49.6268179310332,4,7,6.125640869140624e-10,9079385088.730225,9849745728.117973,122.83093922652401,47.81281862586229,35.66281730088575,35.8094031388092,0.974516901158889,0.02548309888882551,-4.7714511266536446e-11,1.0616008094736698e-10,1452,13,77b69ce42308b7e5a92293406738c2a43a131cab8858eef82de9921af5c60cea,fe6f54c501e40d6d84b4bca6bf606b8befe007848077a5958b3a2a59b69ef846
v6p1if_0678,train,678,8.03504034584261,0.4731021160259843,986.5262250925492,29.842538279091674,9,8,1.6857910156249983e-09,4749488444.591419,7613672598.5611105,112.69846504796385,87.24382600501178,76.30792910128474,76.45132606565622,0.9757043682056199,0.024295631788963302,5.416762682896286e-12,8.075808578288337e-11,1274,8,bfede932cbff8775ad386b963a20786d2fbcfc1982eaee181306b2d15c78006b,b12ef7237f8dd2bda5d0343b482c5800555d4bd852677e470e632e6e410381c0
v6p1if_0679,test_iid,679,9.709661662862409,0.9689167840406299,663.3611531572345,153.41119981801486,6,4,1.2512207031249996e-09,7775637382.508458,9276102739.177786,77.46670281018001,145.5011940073963,115.59866294300257,117.43067956366728,0.8929102056732998,0.10708979432894324,-2.2430488136752616e-12,9.556792995701404e-11,1777,18,5d9d43efa6d1b9d7df433fc495fdfd2b4d775be24debeea3b199a5d86f43ad99,99d557e8b86a7bfefd7c3210683f3a5e067335e35b6907bcadc77035d56a1f65
v6p1if_0680,train,680,12.975605833183991,0.8082124004140496,1138.9341185239207,191.21698266115894,4,5,8.141326904296869e-10,16223068667.184914,19715630549.95324,229.64942452234533,136.8606853063617,90.38999039141618,92.62303139830748,0.9322919151331018,0.06770808489339661,-2.649848999137586e-11,9.927212353395245e-11,1571,21,38a1df881194de4646749a42227de80726307d27feba536450a148601064bc66,d82901140a8a9e4d4f12f8ed7c6450f856d6a04d720c6d952acd08b4fda065c7
v6p1if_0681,train,681,4.131320626841989,0.3122685132548213,574.5930292847057,32.50100939782122,7,2,1.2445068359374994e-09,3344622110.702285,4215083092.7223315,131.14665886034678,72.98316130609686,65.94026339325356,66.0725406599587,0.9560788142771621,0.04392118574992771,-2.7089798330552798e-11,8.92397550726273e-11,1468,19,6c6c046b79da4548bbbbdc572b91197057132433c6cf59173c657d2d9fe90038,4ffb21f1c60d2523d98cb1d98acf6a66a5866a505869a80e913ad0719aa4bf99
v6p1if_0682,train,682,4.166261981805297,0.1847263015806675,786.8078518700161,61.319995870292665,6,5,8.028411865234368e-10,5211292923.438797,6290463217.300535,92.11910788746938,57.475247117430285,46.31161930477168,46.594019904694626,0.9491506304266241,0.05084936958819057,-1.4814602887661247e-11,8.062042486337557e-11,1418,11,99b47355273579a8b7997ca003f091230c42f3f1ec1abf5060379a4411e214dc,5460d10693da92374e90b0ccd82b93ba349ff887283efd497a28a0eae679955b
v6p1if_0683,train,683,12.286116412543732,0.6811208333820105,1242.7264494177912,99.57141241929419,9,6,1.8370819091796871e-09,6740855291.2276,9235398485.849825,121.70694325189127,113.66068855921719,88.24961481690096,88.97092315466125,0.9498015188648711,0.05019848114099702,-5.8680595521218605e-12,1.0192233768271731e-10,1699,8,4dff36a26224242fd9fed064be4fc4284c8306da7676f9b2825a9a54d36cfdde,43314ac84d6ea47f88ed61626764333d67d85b5987115bd5081afbf87a7a1bc0
v6p1if_0684,train,684,5.804423823021758,0.5414392491802573,586.0484037219329,41.829649652390934,5,7,9.105682373046872e-10,6488666520.344023,8778060547.172321,94.66329907597172,101.6415580412567,88.67781651693431,88.90006779562673,0.9461402976678133,0.05385970236042607,-2.8239360413902912e-11,7.831476419297327e-11,1420,12,a098d943020b518f3c063bc3d1a83ba449fe9fbc4d958d4446698347473c0714,46242ce3f50e9b7821420f6adea72a068b74d629b2434c48efaa4a80a39f7792
v6p1if_0685,train,685,3.3527107682005948,0.04510625917464495,933.2490940830929,82.05873069075236,10,5,1.5952301025390616e-09,2154977571.564751,3238693598.7506623,115.37012335510467,37.59087943900062,31.372432754566525,31.61957636301167,0.9460151498478675,0.05398485019554308,-4.341060903557766e-11,9.476003614999955e-11,1627,8,0edd8035eb057095df85d8c13617a628a5bb13a98a31991b3a8ba22c7da71acb,ccd27d8b5b931499e561c2638132dff06cadda1d53402b56a59827f5c56c02f0
v6p1if_0686,valid_iid,686,10.471798832688922,0.41880751587450504,1515.4210657168223,136.49828177508243,3,8,4.838562011718749e-10,21584325376.422,22572887377.014896,193.08434036295557,93.2145516152791,58.64945864696163,59.75854028324094,0.9581771870256742,0.04182281296828749,6.038247113782399e-12,1.1264991859059049e-10,1591,10,e27afa516020e64488ec5eb2d4d7490e2d590fccc43b55a41cc9556c99b4714d,a495b36ad5d64ed7d65523b41c30cd8ec31b472d992b3222595af6442c8b6f05
v6p1if_0687,test_iid,687,10.472439017325385,0.914568804204464,772.0921577627234,25.610618888109208,8,8,1.8889617919921863e-09,5627514851.702666,7524161824.879188,75.29802317791766,147.0795553403501,129.0003122969956,129.12708893794004,0.9718016150125401,0.02819838500055547,-1.3095640518135454e-11,8.459415070516402e-11,1525,7,18604c288407094235ee0e23694330cf0eacb6131642892cd1f046b8bb4087e2,24cefc2afb44acf2438afdaf03641fc353f36565f3cee3f75e73d701769dc53e
v6p1if_0688,train,688,12.084191715996015,0.5817453013733029,1396.0136075963444,23.10538691625052,6,4,1.1582946777343741e-09,10366679808.609858,12791169532.239183,199.94832614738422,99.52159420022093,84.12535913459364,84.20899989792302,0.985502969300505,0.014497030688935354,1.0559721889584733e-11,1.0912474039537371e-10,1558,15,f1a76327c7dbde4bfaf7e9f5c0f9a9f3168341ed2474bb9d016081ce50d17251,991a7d48b450d6d1672189b24d4d5a55d33c2d75f48586250eee08f9a10712ad
v6p1if_0689,train,689,3.003185037252708,0.08585481997579336,700.8360116961401,148.58655753498897,9,7,1.1673736572265623e-09,2581501289.0543666,3191967773.950387,144.3723289900691,43.29090381250239,34.149653991484215,34.76481906774219,0.9089842990593722,0.09101570097438262,-3.375476322164889e-11,8.054818869383782e-11,1492,8,a93b43949b47c00e10448aab4f59b6beb89842643905fd9405d9bcbce5949de1,fd32a2f7cbbc2fa56e576772fb31626797510317dcaa0becc052d2349108c93b
v6p1if_0690,valid_iid,690,5.60872351837002,0.4580150544643402,641.9829988185896,78.13762210716556,4,7,6.375122070312496e-10,8999031557.66692,12177378088.78669,106.85872060512575,93.73087574932413,73.68678386671778,74.28692316897167,0.9277754069786547,0.07222459299480195,2.6543338386441063e-11,8.529706845295834e-11,1497,11,8d2e537e9461f3f2bf92a618fc99ea604d14e2b1c14e55e5f3fc91bf4680c6bd,2b9722a49ac0116576719665afc5ac77dc72ab76cbfb8dbff0198a85e8dcdaee
v6p1if_0691,train,691,13.470739055659612,0.9544629920274019,1018.8352269538559,44.72258619217268,7,6,1.7113494873046862e-09,7966356350.248137,10456145238.299688,125.74008777651056,153.8451094850327,123.20198417620746,123.52722080514425,0.96567074279895,0.03432925720501105,-3.961111168425913e-12,9.927407565493632e-11,1676,8,bebd740a138ab99a8a56e07fa2173725767ac9aa9fbe4cff8669527a8f6b9ec7,fad8bfa5e4f372e7347bb4f29fab1fbdc020474e2bbe87f4d1da0b7e2787d4e4
v6p1if_0692,train,692,10.412283481642692,0.8147203726693988,855.5558103887936,105.62252299709162,3,5,6.726074218749996e-10,15848285473.291292,18778785671.69197,92.91641757038502,133.35030252644123,101.10953169301732,102.26359523585982,0.9312274167538473,0.06877258327031763,-2.416503307689212e-11,9.616644973052365e-11,1468,21,895822cb15328e40fcf6a368ea1b87c4feaabf998e7fa9a984606752cc8d38c5,38662775bfcc211577b8e77ce6c0bc038f9a6d453bc38b4eab30d140b717fcf5
v6p1if_0693,test_iid,693,8.284218497915061,0.31845604721456766,1368.3134396989483,58.85058114973151,8,2,1.307067871093749e-09,6398023009.190794,8783692277.120237,54.80622992390871,74.81041417040854,56.82686365654805,57.10591029099917,0.9687742311113278,0.031225768871022908,1.764938006707198e-11,9.929711442490687e-11,1619,18,c050bf56fb3a419d27a103be108e64a60833c7f5bbefc4e8210fec21fdb74a61,4481751910c4f26a05d615ac5b23e5791bca2a7a08ab380a04dbeac6a1cbacb8
v6p1if_0694,train,694,5.269292850852229,0.1923327874392271,1037.9401960999523,35.10217806649578,5,6,7.131958007812493e-10,7335256183.523552,10495478273.682404,114.1014167427,60.89996481765337,47.32357551764636,47.46284928209799,0.9738756155016395,0.02612438449359078,4.769774724079308e-12,9.30980872081214e-11,1591,13,f0dd3a1982a5be5a06ec69db489e3f388dbe2a41bbff2204c946fa5f50b16a21,7fc54de8470887ff3af32405d8269702391f7c65b734414ccca979a628420188
v6p1if_0695,train,695,6.280470818047805,0.6881627403199673,526.6194548409466,173.87707408238725,10,8,1.9671630859374984e-09,3190859170.5765724,4592764737.549152,205.13156589056246,107.9864868854628,89.32698056951519,90.94982446334251,0.8640740587841153,0.1359259411813395,3.454525240091824e-11,8.340979145496136e-11,1509,6,8a618258d438ced24a6143d954a276138e2773951bc54b475be480de880f3200,f9a1efea62fd1ca0d553d23b740da53c56beabb80683eef44fa926f677eaa1cd
v6p1if_0696,test_iid,696,7.970346139017847,0.5264665391296148,895.9884889891366,164.03587322986155,8,3,1.5013122558593744e-09,5465309815.005943,8610508427.15142,102.11506401873528,89.3463688446252,70.70500662322833,72.01783089207846,0.9187068760587261,0.08129312393801956,3.2542608514617663e-12,8.801603129787365e-11,1405,10,523233ce982a0cdc5120717d5398c2982040ee8115fd12b2ce5391a1b40407d4,3fa9362f502bd51fcdc01afccc859334dea6678956c795a1d76aaaa5b552b3cf
v6p1if_0697,valid_iid,697,2.2907546741207394,0.03053787723183632,610.0515206831494,28.418971959586496,3,7,4.1519165039062477e-10,5632147748.441234,6663118676.464034,127.34066258602495,46.219748368832256,35.3678296552819,35.440479014218056,0.961920154228131,0.03807984586505026,-9.318126572768018e-11,8.956729001642761e-11,1768,15,24136cbf718ac0a2164f131a75537dc8f3fa5b8fb64f6ed086aeffb9617eb435,ad172cf219c2b9d8fd28e1752e2cae0b2e0a0272f0f2e790e8b57a45df5372d8
v6p1if_0698,train,698,5.8258233979094065,0.40398751478642225,741.0735233078765,54.02639305262119,10,7,1.6873931884765617e-09,3565203490.325985,5339190905.359289,132.84826702621862,81.79514707432969,69.87546148322782,70.21730465336293,0.9501414985202798,0.04985850150135843,-2.163824712627018e-11,9.25536932314857e-11,1602,8,142302b06838a79ba12c88901b14f48be81537979681cef608941597516cb868,a7e0264696e047b5e1a399103cf454d35a110a71a3941dba49f1f511f8fa575b
v6p1if_0699,train,699,18.21716869312715,0.900336236692965,1579.6917659506735,84.72332442995103,5,8,1.1686706542968743e-09,15779346047.689346,18261147693.243073,159.60555622646677,139.88987453282562,103.18053751087596,103.89274588753955,0.9650625088052915,0.03493749119597931,-1.2708239676908628e-12,1.0642535627268082e-10,1391,10,a81551b41803005a4382a6ca117cbdcd2923a8c2efee8fee83a62179d6e6d107,f48d842d5088748284e459c1d2d20e0ffe42507839fcc56161afdfdd64222a86
v6p1if_0700,train,700,7.050399859898536,0.7606546804308891,556.6717711897321,35.88372912803201,9,5,1.8787384033203112e-09,3735654950.3171277,4741455290.846071,137.99054233654365,129.16961729338556,114.9563767486157,115.19130636553707,0.949617511106044,0.050382488882348565,1.1607416281464775e-11,8.410898229659188e-11,1600,12,9eff76db0e4bb531e3767b19de90c29a6da2b9e5750a81915716b162540b1047,75dccf2da5a2bba7d503dfc7bb9fbe180b2986e4c378b238203274b75b73a793
v6p1if_0701,train,701,6.687368349361746,0.26436744071543217,1174.9745952739024,71.75284991379239,6,4,1.0687255859374996e-09,6311517282.470828,8339336894.012604,139.10164656799327,68.47526370462151,51.993325377524684,52.28889906051781,0.9583675614733266,0.04163243853463213,-7.958733360722543e-12,9.646900128765384e-11,1575,19,7ffa3f283c77872cf6f597edfb602d1c00d40040a1a9e1cc4187d450ef498261,20a25d590eb6eb4f51ccbaa79b68a62d84ea49492b6faedd5f8832f96c70e407
v6p1if_0702,train,702,5.238695890007552,0.1370769115164876,1203.6378856195086,120.26351349297896,7,6,1.1185455322265617e-09,4579993834.509413,6078308538.926145,142.70096706060914,50.429498566094196,36.51339283920891,37.09993693206036,0.951691948825351,0.04830805119696422,-2.2315294732919518e-11,1.0049279738195343e-10,1486,10,e2a361775a513ec5f540fd496a7ff914754fce1f7cd36d370f4ff2ea3fe60315,6b4c38c680954bc6761e4e0aa633c0ada4cf162aa3971c26162cad9d51daa47c
v6p1if_0703,train,703,8.346617331180873,0.6328229149803519,812.8499955061448,21.791612264796953,4,3,6.376647949218749e-10,13252243658.590014,19688476164.094154,172.55460552487435,127.9807834150119,99.05301226860414,99.1560358763936,0.9765031497787999,0.02349685020597642,1.5223685132246817e-11,8.984802532668814e-11,1627,24,35aaa718d3e25f575072ce123830ccc4a2e337c4d49561c5b285994a7a39784c,56eff05cd58607feb08362e0656b5a77f73d7c342a2ed32294a4855d162ada6e
v6p1if_0704,train,704,6.3042992564611025,0.204680017195642,1261.0770199394565,131.1194538803515,10,2,1.561431884765624e-09,4083491016.6951494,5125698010.704218,95.17712686402305,56.71595162250259,42.7059445367334,43.31387400093069,0.9462002104436579,0.05379978950453772,5.180437937116964e-11,9.711634013500118e-11,1580,9,3e1d6a8fc91a2d768621ec76543b6a86c33eb2dfdaa2a7baaf940774943f5dec,3643f7d1b212abd3afdbf20eb0893217910ea8f9073973483fbdfb5a3a224f24
v6p1if_0705,train,705,8.695133331954581,0.7087744819000363,774.1477198312383,26.660765569762297,5,2,1.0195922851562492e-09,8926820640.56374,12304273043.364107,225.1257566401104,118.14355996496624,105.09856193947843,105.26862139439707,0.9721907795522258,0.027809220461011443,-1.323719873499855e-11,9.59975898153381e-11,1560,30,28caf945c4d4a12b34e33b56d501d995e760f7173ed2ed75898eece4dc603f71,7c0c910df03f96a6c54dcbf1ae647771f3e0afb93ff7e0f247f16daa3ea93ab1
v6p1if_0706,train,706,7.709827908567606,0.8350956309586763,571.4406416801838,43.544834199097984,8,2,1.6375732421874993e-09,4730617544.841972,6311638898.114002,167.74373994557675,137.816273848194,120.31076168367696,120.71223228042481,0.9447490724999458,0.055250927528328234,-2.8274022789900447e-11,8.206137460299676e-11,1553,16,3aa3d417e3cddb5fef794613c3fe1d4c6560adfe458ef80a9ce4a5f8a360a092,54daaff98c0ab4b9e4150ca7d7af8679c494014b423732a9bf06f523d3f7086a
v6p1if_0707,train,707,7.364029638157116,0.33152803778648376,1147.3316833449117,78.82511846836819,3,3,4.8431396484375e-10,15138481692.844406,20940465053.26547,210.9946588040156,85.80405259018141,57.4415068373966,57.77602689213907,0.9535558277135229,0.04644417230521484,-1.873766694723457e-11,9.764161453137726e-11,1567,32,7bc9a8425a7faa4bcee59925838783bcc3aee00c65be0a0522b618647c58494f,53e56172f22e76fe332354a471b5d5109a0e0e682f7adad0903d5e244a9d0c6c
v6p1if_0708,test_iid,708,6.239988133527887,0.43788396660238504,760.749056519613,58.87051082520268,7,2,1.2655639648437492e-09,4941498289.007673,6363173555.319539,60.99111246012794,85.26523548617928,71.84916882074764,72.21667009740153,0.9471823454637213,0.05281765455751795,-2.1239247364576873e-11,8.124319626846081e-11,1431,19,883233544c6a8faa20d3abc9419cd4a5346dafb55df15573e04cd87b3dbac8e6,d93fa5b3cd7b1c7d0d3e0e85c21b6c269a55a5b014e9928586d18f698c52d692
v6p1if_0709,valid_iid,709,18.501049564247644,0.9416351122781634,1542.6112112864037,103.71253071543327,4,8,7.647705078124998e-10,24323277974.989975,28930112375.281578,137.9046839808855,157.96019068008565,107.40249493791787,108.50796571763772,0.9605937153031401,0.03940628469684514,1.4816135907752116e-14,1.2077432874045758e-10,1635,8,0f314af983a59fe3790a12b102f9b4f4ff451a2c6d1358a14ec0c7299b1a7b7c,dcf35cd400a2410867d20f60fa596180591e45cf34f33a698913b3e1f9ec45e2
v6p1if_0710,train,710,8.704352050969508,0.5691539607942104,938.7972564584709,199.16963839314792,9,6,1.6751098632812487e-09,5261584328.321899,7165726405.557969,149.96748640873548,98.51773860894912,73.51400319993238,75.37506893152917,0.9214210586476685,0.07857894137056964,-1.8238170457189155e-11,9.746436743631483e-11,1715,9,7922b2b645e0c6ad5411c25b9322324ebd42e6d08f2194f90cadd070e827e8c6,80a4dedc01c50dd14b2489b2d77dbed3d653de81f169c11bb36c4310954c53bd
v6p1if_0711,train,711,2.4443661962289114,0.06499890796840191,581.0160699929452,31.20273517071709,6,2,8.546447753906244e-10,2854269616.290351,3311488100.546535,47.800020823452684,44.8252754713742,38.733542972680496,38.79716595872447,0.956820985917034,0.043179014047421846,3.554415518384608e-11,7.772322699641898e-11,1363,21,c88164775b7b812bcb28e3a955fa652b0ef771d739c97001b185fb04f102b478,7e014772e298d95c15abd04be803310a3c79266859180accfdaa0023e4f565ba
v6p1if_0712,train,712,4.960969987057251,0.1496301032602787,1082.5948866550739,28.909855718277733,4,2,6.558227539062497e-10,7591492920.748611,8657243608.740307,201.21951875077593,52.607401131693734,43.24779818197008,43.318948602383145,0.9779495007253384,0.022050499281010806,-6.3491780846618516e-12,9.386438646967482e-11,1463,18,3d5c2abc3425b0af540b84c2679dcb37e51ebb22f587f15659a34c6803861272,d453b7ca0d85ba0b554a88a943935105341021618393ecb01fa2612404cc6bea
v6p1if_0713,valid_iid,713,5.850354123548926,0.6537169720977545,503.84063056933525,158.36333918122804,7,7,1.4551544189453118e-09,4094370703.0589666,5996936299.711322,162.68448848464388,109.51277323894442,88.32658568817763,90.01900721595716,0.8744252851045448,0.12557471487953945,1.5915782159336354e-11,8.466515238516587e-11,1609,11,982779eb923ce1c979982123bdc9b9698726e6e1a76755987b7ebeda79f24cbe,e88720f01c53dc0f1fdd32af9ca069a4de6b2532e2dcce10282f4c27b8931b54
v6p1if_0714,test_iid,714,10.339563490489203,0.7808086583390832,882.2732816465367,96.93222684125384,6,6,1.1811065673828118e-09,8778794299.291346,10944812058.036716,127.30228621811825,130.52837007862843,100.3973573870947,101.46122984690128,0.9380094006025548,0.061990599419796094,-2.2350849706006835e-11,9.117252786413248e-11,1734,15,623dd50dd8d75b389890d3ece724f5ed0b427c6201f02a26c492743b371039c0,46b12039dd02b4e4eeaadc34e87343c6429495ccb9c1fdb0a5f48d8699031198
v6p1if_0715,train,715,7.547494025033039,0.27717243414372206,1330.1296683485693,48.07579561009641,9,7,1.4917755126953114e-09,5103083874.357897,6900622952.560641,174.79827343951234,62.48279497770028,52.496773107102605,52.65500661150332,0.9724344669919914,0.027565533019405966,-1.1397347507699434e-11,1.0142144108699629e-10,1422,6,98069d51e9b31beaf960a551be6629874fbb2558ba8a826fa0d6708ab0a0ae88,975ae5c5f975eada4f77c6e55a6a8cf66f4e290d92f39d44137bca08c4a5a2b2
v6p1if_0716,train,716,5.1715041075796115,0.3835893664509058,662.0199449898408,64.38979461569785,5,6,8.567047119140619e-10,6073644481.205371,7680194940.326629,124.31227074563856,84.08906014578798,67.86129005517365,68.21288330074728,0.9346179955075635,0.06538200451565471,-2.3218219616036077e-11,8.88804779136676e-11,1660,13,68d69826e55090ef1728478df936da7c22d51cc13ed9ef5a9f5579d40c29c8c7,2bbe7fea0241bfdc0a6b6e29a0d0859f39feb47e0b8d172d0fbe0aaf2170bd66
v6p1if_0717,train,717,12.458848911549183,0.8872871324419975,990.3522327136491,40.70969260368129,10,8,2.0989227294921864e-09,5991736066.9219,8470657251.207126,139.83855274647271,136.57357857122105,116.45569570131013,116.76982820153664,0.968539061138267,0.0314609388666812,-4.9482114808977425e-12,9.385805172628411e-11,1442,8,dd25025f7a188940ffe5838163968bc0bfd7cb3b3b514cda4fa3c2ffa21ab99b,ce55a694467dd0ed60cc873947b68e4f427a907ad26220e056201a8818726699
v6p1if_0718,train,718,11.51921247474234,0.5141574582085013,1455.9975245428961,21.192574714295393,3,7,6.402587890624996e-10,17999244029.95503,18344940328.336967,156.8049156523255,110.40649258550178,78.00650006809651,78.13245603239235,0.9871134916493992,0.012886508361746403,-1.1145627826939098e-11,1.0370675495553788e-10,1559,10,8bd39568d0adecd5a66629a01cac0e6d6c05bc1b2d80ab0d91666a80e308bd42,9aee884871944788daf79b8f5f3fc291bf709b1fcb2ed30ae106e66dda1a7c25
v6p1if_0719,train,719,2.3071382499729647,0.009887990541756153,670.5103121768159,121.45082625406121,8,7,9.947967529296873e-10,2336233824.3220334,2892276536.7127814,83.09894531086955,34.537792267716384,27.96109424566426,28.29251118736556,0.9065837115364291,0.09341628837149374,9.207717145972758e-11,8.808517590181445e-11,1598,6,18aebeb99cc706c137ed6f0dd8c697ca7f56b2846c62ce182142603eae412dc4,153a9ef7c20f9118e9f1b365254e84a0840b897098b917b56eb6ffef1c1dd76b
v6p1if_0720,test_iid,720,11.913203619894933,0.48541879653930664,1591.3443837713914,116.56832898740971,6,5,1.1051177978515612e-09,10728075346.46674,12251529849.128397,142.37511508484306,90.98671403716588,63.75922457458045,64.7025375772516,0.9612274374302521,0.038772562578297164,-8.549223523910413e-12,1.1105692946216156e-10,1476,14,bbd4f4e7478f6b61c412f658da1f58ed528b8d2975a1f43b8bdba82e500a5459,02a63b7cfbc276b5f046ed3535294b40181e4a6c37a0d758ce518370522256e8
v6p1if_0721,train,721,10.725347330859961,0.9895590711385012,737.0069440747133,22.482011699324623,9,8,2.0288085937499988e-09,5274483830.301175,6240754993.544377,103.55383984750581,153.94775610706415,139.0170423684959,139.15924765536082,0.9741068976275661,0.025893102399080013,-2.6646104522452312e-11,8.897963312786239e-11,1629,9,f287e6d705af8551e5dd9f062bcac86cebb969ffd9140ef2c3afb27120ef85ae,40cd3c3d2de0d5421b1f73a5c234b711762ab24facd1fa782ae7ab9b2aa7fbba
v6p1if_0722,train,722,6.454361948978696,0.6168414996936917,600.2348102338099,37.02058407279578,4,2,8.403778076171865e-10,7617501734.614893,10427627317.164234,326.1488782542745,118.75207263813081,97.77800372069463,98.04527302450313,0.9530997392267223,0.046900260768393945,4.883761305398702e-12,9.311535274566555e-11,1643,34,0386cb49a511ef5e53db2b23976dfc7362edb05146b8d674e71ebd5f7b0bbc96,e0708c6156c7c140b9497465ecb4a3792764cbb3e690e4155a82a0e6a12bb8b8
v6p1if_0723,valid_iid,723,3.960939894855872,0.11325868126004934,909.2220051029991,69.54817048313777,7,6,1.1064147949218747e-09,3560257502.3788505,4904332685.817694,84.31295997542743,47.89810097134307,38.789670170563724,38.982680278395485,0.9473357999091134,0.05266420012052335,-2.963676864089048e-11,8.131773222116868e-11,1454,10,d37b6e6690aec0fe0a2cc7a88dafc135bef85bd1ab3ab0a85bb8af617f65ff60,110973a9783eaf2ee52af466854e509941c308ddee1012f3533c6f8711c1b05f
v6p1if_0724,train,724,4.560661906165575,0.21961457841098309,805.867417569498,52.33694846979256,3,4,4.111480712890622e-10,11103396783.869097,11424373188.31531,136.8818753945149,71.36270558429453,51.671274882160205,51.85715260533376,0.9517350415284201,0.04826495845251502,1.9064887014482246e-11,8.958333058118435e-11,1718,24,12326614e01fef78239de0a94aa81de26a10b895340a8db9e7e0ca8b25ba1170,d340da55a48743935c37fcd2a79d978dcc842af05695fc2de01d39a69049edf3
v6p1if_0725,train,725,12.562134555109015,0.7233810089528561,1210.794788486247,87.45664570918983,8,7,1.6020202636718743e-09,7861275519.277288,10550086838.838432,103.98348840960662,111.40400235872414,90.2636042135576,91.09800999454896,0.957312774180958,0.04268722581131626,7.725830417546216e-12,9.550315878171579e-11,1389,11,80f35124e1e2041894d1ab5db08a966f1de04dd2be0812db47cf2eb49cb4ea0f,439ba4fc083dc7737a794ffd25926abed61ddd7c50a381da484756574d6c432c
v6p1if_0726,train,726,14.001522676958558,0.849938522092998,1196.0576113033562,169.3280048990651,5,6,1.1376953124999997e-09,12549883194.46944,19898252812.573948,108.05820739085125,132.12109952242696,95.14950816688734,97.31654436784713,0.9424307760288119,0.05756922397718835,-6.000261447113143e-12,1.0358465812028327e-10,1498,13,b1776130af1eaeb783a68a744f0e8f11ac1eb5ac01b2f3f144d5f64635ade718,53a3777a07116ed2e3edcbc5f0130c4a6800ef42201cd85a2a291ed03b225ba1
v6p1if_0727,train,727,4.205234190272539,0.3457377189770341,548.4916394578146,27.53029701491217,10,4,1.556930541992187e-09,2765505322.9521356,3849628258.661072,167.99120787387756,78.96597073305998,71.44554672909142,71.52594100816916,0.9584580631764313,0.04154193679521073,2.835792591197365e-11,8.507965288127272e-11,1640,9,552cdeaed98ef1db1f6ce331ab3fb12f8c99cc8c395e1d44f72de8a017c1ff31,2bf68e77c76bd77cca946d150c8360c80453ce123f6287c98e75d9bb04fa23d7
v6p1if_0728,train,728,7.864440052256987,0.4313912568613887,1031.3151265020056,33.7005903233275,8,7,1.3584136962890618e-09,5750689282.23951,7644748321.770759,157.04085419790846,86.8461365345712,72.80566394284423,72.93213103962538,0.9728618626257607,0.027138137389253643,-1.501435446708116e-11,9.870448725368834e-11,1708,9,6f0e7d9913039364f2494e25d9895399780085148ae04fd79a6aab165525bf5a,5b1df9987cd400ee2d3505422d58aa4614efd35a503e53d0803f46b16fe40085
v6p1if_0729,valid_iid,729,9.142463557924806,0.9354323158040643,636.1089724392479,181.11175072716827,3,3,6.982421874999996e-10,13113517278.89997,15969951498.59379,139.59448663479301,145.51375513216914,110.10196731525188,112.51541464352721,0.8912439510054159,0.10875604900304785,-8.463667322033432e-12,8.129135277599187e-11,1441,34,d94a2092105e42719cca5468fd0be81f7c7ce07b4f45f26199b601897fe898a1,08d1109bb0cac36e7e1a8c003b68bc61580f2a7653a12f4462a8807f5edcceed
v6p1if_0730,train,730,6.832537601927957,0.5615627374500036,698.8250167603443,110.01723575387324,10,5,1.772155761718749e-09,3866036922.1086097,5261248317.210405,70.5922209277878,96.94606769696344,79.16100253888773,80.32153129411029,0.9224319102381343,0.07756808976581324,-3.947546245868131e-12,8.103271000927764e-11,1403,10,9b2c400719049ee7f8aa21cf15a846c1212f32417ede0dc3852d307ba6237537,b3ba197ec5f8eb85976d3d1c7d44f3abd1b908d7e76178e4a05b61c5fffa0426
v6p1if_0731,train,731,4.787987662879901,0.0579417385160923,1396.2606355761409,56.5007320043345,5,4,8.384704589843747e-10,5719276566.758159,7301414772.145695,123.17708739373185,41.98062943888135,32.02266635313952,32.13458400935178,0.9695617171104018,0.03043828288798555,1.612610054724735e-12,1.0368342027101431e-10,1552,18,f25d3769ad82290cf43834bc7f9f085ef38c32040b79cdb596f43decec945640,3eab898e6b0ca5c3cb2b2cb9ba4ed97d6b1b91c4dcd6803fffcb82bf52a6bc7a
v6p1if_0732,test_iid,732,2.873097711156582,0.16435870248824358,519.8776654600647,75.05984363818575,9,3,1.387786865234374e-09,2050583183.0001972,2804325663.447358,139.31614362526992,54.89055035544675,46.04000501715573,46.34245143833882,0.9098986179294728,0.09010138201430933,5.621786141543705e-11,9.347649925947903e-11,1674,10,796cb8d67f6d8548d84e287b71b6761ce4ae1cf191c05463fb8cc2b4f482b2e2,d6522252e9382a3754454a0f8f8e68ae71c7350f935f45c8c2c3dd7de38628bc
v6p1if_0733,train,733,10.607257856741388,0.6680411836132407,1049.7582806009718,46.55721089726929,6,6,1.0803222656249994e-09,9844823772.750763,13521633917.361412,162.92371800188448,125.57150514866794,94.05414584781431,94.35989037633028,0.9662753678831992,0.03372463211698316,-1.8234972503026855e-13,9.130504140021708e-11,1562,13,7fa3e1463d03188ed84de617a1d43f693e7939948cb5957898f2aea3cb922cf6,f2ee4b7c44d9edaf1d1c5b4422e2ee7472ce1990f7f9307253043f935a968b84
v6p1if_0734,train,734,14.875807849802518,0.7958728298544884,1373.6156186375415,24.053230643149252,7,4,1.476440429687499e-09,10132865974.669165,13567005174.174473,63.780618906203614,130.46757129404494,106.04536911772225,106.20048668244465,0.9848772957779816,0.015122704221177402,8.410816760100705e-13,1.0393329838920465e-10,1606,16,d0dbc5cbc4487a438559535fcd5c773316f5c70c19dfd1db5b59d6cff804177f,5caf993d86ca484719781a90be4af795e41946efcb6fce8aa7e7bfd5adf40142
v6p1if_0735,train,735,5.454274494649984,0.2916491124778986,853.8270074575256,142.73388916117597,4,8,6.803894042968746e-10,8264865860.623403,12141748474.461,118.45840542646818,68.77396732756819,51.36505743868055,52.21225518413456,0.9220581951410758,0.07794180486245941,-3.535161805284891e-12,8.400330467794186e-11,1413,8,0f8268b93319b89b555ac7a57270cd0b5a26d3273c031dbd1211cfd9c08c7640,940c95fbe67ebfc37d8306919c63760be3631dc9fe22f8585e1ebe7f4ad31a5b
v6p1if_0736,valid_iid,736,14.85298412742198,0.8941620159894228,1228.0178893792531,98.8772831550399,7,7,1.605987548828124e-09,9183201916.500603,11309918484.53556,65.00902323286469,133.9306312179976,103.42158447301759,104.59693422081573,0.9546536821360533,0.045346317872036954,-8.090262801751936e-12,9.348718197967477e-11,1394,13,f3e4871c7948ef7c13bc7eac3cf2fdba15880a35ab6e49ccf913765413689b71,1f279d57de58661e0ba19459aa72123da48043dc83e596655657e02b5d802cfa
v6p1if_0737,test_iid,737,6.292278417990065,0.39819496870040894,825.734451023217,62.86635037170309,4,2,6.596374511718748e-10,9433441475.385223,12569200012.674166,44.16585956293004,89.94368476497704,68.14688811732378,68.57373204913868,0.9501614852638028,0.049838514723666925,1.2530232151467246e-11,9.149429062053269e-11,1675,21,b69a92acad3afa141776e46b74254a6c48149ede428c3da7020a31a6ac383cff,574a636f2f7ffa1a11b921fbe79205744d18290e3c45e8282fbdded6de241e6e
v6p1if_0738,train,738,2.032107197824266,0.020675084553658962,545.6582752681035,32.54338915434283,9,2,1.2592315673828115e-09,1650944703.3481827,2257381082.726674,161.98546195579985,37.66044978143776,34.06284451220169,34.12577777704829,0.9531929593870968,0.04680704057314472,3.9758502215131384e-11,8.9315298664484e-11,1590,12,bfe48f4342ad6522c7d290a70056d0cbc675d2377f972c139f990bab7d9decdc,cf211e79246ade4012cc211c63566c596a873ca437c1ab7ae328a6c971d844a8
v6p1if_0739,train,739,9.638145816599001,0.5170459793880582,1156.5574422176567,187.55186510819013,6,4,1.0615539550781246e-09,9405588807.242567,13008962311.35625,74.7469841091365,90.45022263691169,66.66209732250337,67.9642626883061,0.9280758884084794,0.07192411160133033,-9.809728320873586e-12,9.527311472992538e-11,1489,13,45edc4a51f40192087a9012ba5bbe3faa2a0160a350ada63e789d785067c7ef9,77c6ad3adaa4dda39419ba4cca27b73d3485734b666bd1a59679640ec6e28dc2
v6p1if_0740,train,740,7.586292230620426,0.6273658536374569,725.7359875824683,24.96459187017313,10,3,1.9436645507812486e-09,3984101767.4239287,5376850810.806721,132.08129218665388,109.1732549759995,99.25834024177755,99.35367959715013,0.9706282185776636,0.02937178145657544,-3.4239050893133264e-11,9.051723840514373e-11,1600,10,3d81ac9178689d9a867ac0b0d7e5e8c950dc15bca1b1025bafcf38fcf8f4f362,6b0e912e912d6292ab299022ef3daefcb805aafcc530121b889cefb4e124bfc0
v6p1if_0741,train,741,6.320971901860782,0.13105548731982708,1554.6152765603244,137.5232144329278,5,3,7.034301757812493e-10,8772256854.291914,10633573739.624895,217.86432164651242,50.981019259774314,34.70365949372919,35.26594371394431,0.9567263125800943,0.043273687456501786,-3.659614160963699e-11,1.0707340726405384e-10,1461,18,19fe7e8d63bba8be8d44a766f11faffa740ead9a587669e1602dbc1245eedcf6,a5f038bb2d91c7262a40fdd0855cdbf4b5d970cb0137c362344cb214d5531ed5
v6p1if_0742,train,742,5.391747673092678,0.254733526147902,914.8602684253829,83.70438027429252,8,3,1.253280639648437e-09,4381428133.412334,7077558616.917913,72.37530150438461,62.53919637630338,50.30457757488207,50.81256229361576,0.9475619122045594,0.05243808781936307,-2.392249294419024e-11,9.179287993401103e-11,1441,14,7e20c4cbf2c97deb3dd8f11513114330f12615804b83e6c27327a38a369a4eaf,e42b9d5f44f9e0823f8e755283281be9bd2cb1ac0a598ded06462600f6a68777
v6p1if_0743,train,743,7.601802496125218,0.7505169613286853,619.9366326877715,41.74903629336754,3,4,6.066894531249998e-10,12856676085.09832,16140632319.141127,203.78767854476672,145.50430720738666,112.29395165155262,112.54577445326244,0.9478639867082419,0.05213601332514528,-3.338722490952829e-11,8.832246250447336e-11,1735,21,a46aa3b4e31edee707ffbf7d77dc513cbfa3df836aef934c3e2a278978afd054,df1a6ead2856de9922f94011480c7e05c7beea48145a90e94590132d9ab394f7
v6p1if_0744,train,744,13.954845519142786,0.9640510687604547,1055.066354116516,38.33701255519987,5,4,1.1340332031249999e-09,12451409510.163641,16195193207.203756,93.63591934077792,160.95246627241437,125.46053325392377,125.80135696588462,0.9706058329803509,0.029394167006069526,1.357966961773069e-11,1.0438504724597587e-10,1703,17,b66eb2cded8bb21d0d41d4abc0333c6298c090ad8089aef4a795f22a066408ed,ab096bdda1550ce3097fb2e9c55ef8ec53c51cdd578d071c12734d40304dff4a
v6p1if_0745,valid_iid,745,4.941509587048468,0.46819849591702223,537.5532916054764,67.16000798069285,10,4,1.943969726562498e-09,2508229423.411634,3667786911.7109227,88.79958673453129,89.0581293515209,77.84012764069276,78.37472031430939,0.9236463873962637,0.07635361263574578,-3.200951114228512e-11,7.319599105994419e-11,1402,9,58501901e4d4b888603ed0a65e1b3a94fcb84d2b5088e12e037cf5c9dfd4bc72,9f37cb3eb3e42b32add55e6ec4d01dec6d45ad9febf512f2455615685c6722f3
v6p1if_0746,train,746,3.521922391823079,0.09132707491517067,841.7269090160341,129.70120953171428,3,2,4.3258666992187476e-10,8099798015.159737,8512986578.768147,110.62288277694249,46.94859465144759,33.74550761859099,34.32843828322678,0.9284115259998125,0.0715884739851607,1.5026799421738975e-11,8.475228504871358e-11,1360,26,ab21c134390fcb5bf738eebac8408bd782aff36635cbcece8a191c2c3a91f393,f38b237243fbc82924bc8573307d4e38e549f862c57e4898da57e7b97248452e
v6p1if_0747,train,747,11.783187175977218,0.5877514090389013,1340.3851609738456,20.20559689219271,8,7,1.4683532714843745e-09,8204992558.388754,14045336685.894474,97.5035252915161,105.07288616928292,87.70078802463898,87.76652306150203,0.9860122751747996,0.013987724817444385,7.755947797823207e-12,1.0163262427559322e-10,1604,8,853629b12894484d80d94ea7c85820aadf25c54c86bb5ed99f326cc3af65d3c6,846404be6a4dd96a7472b00b30cff84e6380245bf9b753a4d2b3a54ee46ceb6b
v6p1if_0748,test_iid,748,7.328296374232942,0.6980102201923728,632.105949689533,151.84081750817418,4,4,8.833312988281243e-10,8291682178.196304,9624407472.513004,53.27602415011533,120.25923882559385,88.63356687286263,90.30827731717895,0.8930693757262919,0.10693062429284433,-1.9136150027713774e-11,8.510961678131703e-11,1569,24,93103bb2e4bc480132414c0e1e7bd339593983288044af10cbb5fb4ff6413e8a,71a55e3eb84a549f7efd403f05cbd650bafcb197a9fe510e7a6d766405711fa4
v6p1if_0749,train,749,5.210877569315149,0.20176854450255632,998.3866215999177,30.700905489107857,7,8,1.0957336425781245e-09,4728627383.456944,7286834046.008758,101.70199187409811,60.554630869579626,50.273837300543136,50.3480468955079,0.9741415611582238,0.025858438838412306,3.363899269063141e-12,8.914614354406702e-11,1647,7,7ac826b2e44c82da556910b194c0997e4b9ce6fb123e6b4bbb25dce9bf27bea0,4bee875bf45343638c97187321d30f9a2caf2370399aa40675b909ff21271577
v6p1if_0750,train,750,8.607390900140626,0.32467598654329777,1417.7279501839096,50.426240844698135,6,4,1.0360717773437491e-09,8538399389.632259,12600341464.092999,191.05333481748087,74.5118991216359,55.88301547793201,56.17384686625809,0.9747938626644871,0.025206137368698065,-3.318519642535215e-11,1.0245003871451889e-10,1475,14,26cf0d708fed399ec53ba6e5a463379cf02c9466624702a0ea91f8a63ec769d6,80dde2a912d42cd48f68e0ad0c303dfaf93a6ed99e94d75a7ca69e511ef5a01c
v6p1if_0751,train,751,9.085516855384583,0.8204670771956444,715.241777785693,90.7704712675346,9,3,1.895141601562499e-09,4817544425.926603,5825498349.451879,70.68608586663333,129.30499788694027,107.35159091883997,108.27483063462587,0.925617858997669,0.07438214100523804,-2.9071036071091897e-12,8.985987433783946e-11,1563,16,d6b6c18c6a70518cdfd36ecd87eaa7b5ed738e79ac04e092c5ef211ae87e9b89,e9a641755208d50880b1aab596f325bbb0baa999678c15f6414607ef746dd1ca
v6p1if_0752,test_iid,752,14.101055986598634,0.674900864250958,1491.6491208111643,86.92169175004894,3,5,6.140899658203121e-10,23236878410.755817,25652107493.84519,87.68643867186864,125.47742206302826,84.0504691192317,84.80006396889432,0.96371859212565,0.036281407878169365,-3.8193535984646045e-12,1.0678923707015933e-10,1499,19,3644cc9b0e599e1587444999a1196f8d0fc617c0d33333ce07868b62063c7b5c,7fe9b18e0084035ae4f172840089f140e5136b2e26c9d3838aa14f3032d2d3bd
v6p1if_0753,train,753,3.9909849832298985,0.1789796268567443,756.8275556969646,53.612558057876925,8,7,1.3919067382812491e-09,2892706168.887577,3266440943.276884,155.45352442181837,56.682295475500666,47.3177379176771,47.53907657465136,0.951287602384879,0.048712397656887445,-4.176640795749742e-11,9.039195915492194e-11,1572,9,4e85eaaef29456562241ce507ed1118d9c0e636c987df3ad180f93eb8ea07f51,2db28ea16e9b043abd0fb482454df29c83ac33b9ead6d8ea0d277a02c400ed41
v6p1if_0754,train,754,4.178792991912054,0.3024210035800934,595.3463999886122,27.854435349571155,5,6,8.20236206054687e-10,5184169085.892088,5735990618.7482195,81.10638062520327,74.60482255354788,65.02363655380935,65.13189239365948,0.9623351339849419,0.03766486602345474,-8.396573855014047e-12,8.544185748938345e-11,1516,12,9211ed778002cf349e29ae453dbeed01fea23251ec890cd6bcbdb9e5dc339f4d,33b74e065dcd8b282782a97e66c61802beba1b9b4dafaa622c4ea70519ac9859
v6p1if_0755,train,755,11.166197206373168,0.7987766731530428,952.140518287056,164.36380472861657,10,3,1.9528198242187484e-09,5755576268.203178,8463400690.314143,113.14633657447682,125.51956278723713,95.78188069946766,97.2487847879584,0.9168191904724886,0.08318080951181457,1.569684058794912e-11,9.515856500934932e-11,1633,12,d1119bc488f0b769f3fe48ff7ab3392fb7f211fcb403eca1599f71438255f387,e8f25e46d3f21d9e2ced533fa71fd138078e0ba012e0e056c8bd30f4493072e9
v6p1if_0756,valid_iid,756,10.716521504286955,0.9090965194627643,799.5526139694531,21.946181273775164,6,5,1.2756347656249994e-09,8490497414.196591,9727641561.072594,175.61348338883226,146.43863159684156,127.24557488991104,127.37047080986662,0.976326045163989,0.023673954842313064,-6.302073844657856e-12,8.295218246925752e-11,1376,11,376f95b2f02bb5839af930801701f63df5a8199782ca79bbc4af4949c7a281a1,23afc7b8705bdd03dc9b4007d97511faf9f907900b5124e50a365a002fb53a11
v6p1if_0757,train,757,9.023828310202703,0.41280143801122904,1268.9054083436802,117.2803529697387,9,6,1.6349792480468742e-09,5804205797.473134,8834276442.898067,93.1467696328533,78.43367619404466,61.84916316699235,62.58779024461025,0.9497565415521294,0.0502434584749493,-2.707869974962575e-11,1.0546936493839377e-10,1657,10,40f0cc4220f063715bcb31192ea39063afc2c657b92f44078fc81c64522b273d,1c6709348199f1dc48a2f64f04e2c14a8103c16f51cd59a351b832b1a685f2dc
v6p1if_0758,train,758,3.762442394933232,0.03551815263926983,1120.8578807329425,71.6441498343905,4,4,5.365753173828121e-10,7051829889.491333,8245455792.754544,249.30124056178533,41.176678058230095,29.979117716067318,30.220605315478547,0.9595657681809501,0.04043423186278919,-4.373928150868519e-11,9.690135738535013e-11,1597,18,0fb5a4c69725c8d698c195be2a9d87b1bc57b248e2adb28f195f02b495124277,cb1de84c1bce033c4f3184c8c6a4c78cf2d791708b9346f0c5336b3790ebe921
v6p1if_0759,train,759,5.551740850078714,0.5312558375298977,562.6978959095808,36.5876149245879,7,4,1.3385009765624989e-09,4131535212.574379,4980900681.49635,184.63949889754986,100.2990079541425,89.37205475088312,89.56664669694298,0.9500079596459968,0.04999204035485519,-8.51983963560899e-13,8.308829273390632e-11,1473,18,2ea17b6fb9f9be1513f6d7e3b56b04d89f4c0f468dd0d5ffa9071c76814c7202,83e97ff4c2331ce202ddbfd949b10f63b1d90aef2655bc7dc6be9f1e760ffb31
v6p1if_0760,valid_iid,760,10.746364184101113,0.7458122875541449,966.4046062417815,45.1947443878289,9,8,1.8847656249999985e-09,5699018661.001931,7377589987.785067,68.7554269338435,117.1685243965124,100.80969896570001,101.15741402766643,0.9653646553035712,0.03463534469388313,2.5457193824556505e-12,8.793878358665219e-11,1383,8,56db47acf08bbdf0a4798961e7516399b0648df4a4bcf722df1c809162966ecd,e64370af632611a9fef3c4fd808310da96b3212407e01da5110bd611fbc2f851
v6p1if_0761,train,761,4.092195512247044,0.24991390481591225,652.6308774277452,75.94746967553195,6,7,9.886169433593745e-10,4131779755.303448,5305550028.896646,125.1146295361539,66.61419089506455,54.064388814487224,54.44483645270297,0.9288211194835051,0.07117888051527939,1.2155303219244209e-12,8.803718798046813e-11,1654,12,9c145961071ae67bf35cb57c9f316fc6e573a69333fe1c22fec5bb7ca81c3067,d4456796238b7eaca74a0d436b9af0d464278e1745c7e2c2380cebbe8d760646
v6p1if_0762,train,762,5.271376693509209,0.3720812080428004,693.2997556603643,146.22037726403607,7,4,1.1141204833984365e-09,4700859194.724168,5960173409.933482,104.98857376282609,79.01841869799273,60.1787209480887,61.29324400734572,0.9081187544675293,0.09188124555015408,-1.768336107148948e-11,8.148222289062212e-11,1628,13,59d6a7977da8d6ec657053821a823d9ab07a9e1592e1cded8badc6f7d168eab1,5f7c67ead3e864c6e938ebf1f2e679c5698d3d34b474a559a81c4664dbb9b2aa
v6p1if_0763,train,763,16.689027997189235,0.8685207674279809,1463.376297868951,23.907374107736473,4,8,9.410858154296868e-10,17180219301.88234,24161306443.81956,228.08157644734575,147.40555765134445,112.14556920362627,112.25504805801167,0.9853456003878168,0.014654399621365983,-9.182835877352182e-12,1.1649746581398474e-10,1585,16,72c54f8141c3cdc22b893402bf81cabf63f11966b5448975552beac9f15478e6,935b855ea4839e85a85bcabba58fd48c18eac616a21245d3b3bc7853f736c6a1
v6p1if_0764,test_iid,764,8.020526640841446,0.9787796065211296,515.6802874788875,179.00252999070855,8,2,1.8237304687499989e-09,4373613313.395351,5770483879.805186,200.68538990794372,143.25067643583412,114.47381172651083,116.7082931438038,0.8575684369693356,0.1424315630509325,-2.0268129886120563e-11,8.482887757588544e-11,1575,20,1eed46b0ca6063c90e373ef794bbe59ce1957d52d9667fc6c3b17602ec6fb54b,4469b92dfa7aa0179e514415b7b801098af2bd05bc00bd6a316c3355790a482c
v6p1if_0765,train,765,8.860566170635966,0.48252264596521854,1099.232527151566,34.718152054544944,3,7,5.308532714843749e-10,16906642401.728952,18807807991.5284,161.22278561041392,104.99617006208916,75.667849570426,75.83748142699135,0.9747787889934011,0.02522121104544813,-3.884925844610699e-11,9.519736264652024e-11,1460,13,cfbf61272d09c636eeee4dbd67fb455f165adf06dcdf4464a39cd68563c6d48a,d62dd67fd3fce8470b54c996dfcb3c457d00a9a7a449ceb5aa62512051df8327
v6p1if_0766,train,766,5.124476968916011,0.10639142710715532,1287.6520923921873,56.84906338073796,10,6,1.4432525634765617e-09,3663877706.602544,5199345987.480583,140.03819199705015,45.16262191831055,36.315275331529044,36.51993691265303,0.9698976230299626,0.030102376953953937,1.6083476447339195e-11,9.489182906973601e-11,1419,5,d1a5d9b26f16cc22b8dfc845f2067cbe0aa0e618028f704fc07bb1f66d358f87,742198e5349e0df859c0a66cf92cb5c2eeb35d4477638bb49b253d6d4e8ae72d
v6p1if_0767,train,767,8.565510943134335,0.6022282680496573,876.7270318749946,107.40036366619069,5,8,1.0406494140624992e-09,8114857025.430323,12655421691.34709,63.7049232597353,108.4666225149818,83.02211921071994,83.8750887727815,0.9314494709049517,0.06855052912994637,-3.4898015508291334e-11,9.576582788496256e-11,1699,11,266fc699ed1ebe9f2a05af2a14b59e66ac99858747a63b6edd8846b0ec1eabbc,507d2930f6dd0ef4705f0c0d8abacfdbfd1a799e6157ea84455e72d3eff35dba
v6p1if_0768,train,768,6.137134202149364,0.4329207418486476,751.4294944242955,172.1191788354725,5,3,8.35800170898437e-10,7332016233.044878,8026884389.696318,126.53635151434001,86.51319105288536,63.61069051882023,64.97104445121488,0.9055050044064804,0.09449499564529894,-5.1779329468876824e-11,9.311489976438317e-11,1656,21,3f4b53660dd711b77e00c15026d1ec5f7c4955b367379d89659ca239046e4db0,c0c1933fca7255c91140745ea688fc5eb203c46ceded1d28646b80f1c6ae6c21
v6p1if_0769,train,769,18.035555484257532,0.9365874836221337,1501.4585815362407,27.08361539399265,10,7,2.321624755859373e-09,7784388268.494929,10372738206.65518,129.92486155039077,133.50498104530493,115.84772094647819,116.03924281373922,0.9848979500830676,0.015102049915649058,1.283374594522392e-12,1.0703622938311267e-10,1479,10,18ee8ccc4d1107d21b97d4a953033b5035e1100becca765f903c584b7cab26fa,bd07625fc59cbf0e088d3a3bd5fcd290b052d6fdf7c0fa82085fca4dd49efe1a
v6p1if_0770,test_iid,770,8.761820071663905,0.5605296995490789,958.8784322356848,51.31301990877113,3,8,5.841064453124997e-10,14619023804.39673,18575916918.849007,78.06696344267372,104.96423143122155,82.28850460320356,82.64045706616636,0.9619989896149114,0.038001010384641064,4.475385456163744e-13,8.440372266326503e-11,1382,12,e4c4639bd28a8dabcb0bd50de7ff4f7257d7cb4549f54ba1d615e44d367bd1a0,5db86ba13c4e0f398e093137410b2d5c51396188b6fd2ee97e3a88066f9ea071
v6p1if_0771,train,771,2.417513002845327,0.056290242820978165,591.4778975476145,89.20258169855207,8,6,1.0930633544921867e-09,2251896212.898141,2987496171.5071797,78.55439054765712,40.916283908538446,34.086016403063695,34.34006002292995,0.9091791771527038,0.09082082288226226,-3.496609665250555e-11,8.814838033225473e-11,1704,5,f1008a284161945a5adb3b19a7e940853b7893f09ff37d96260589742d5671b3,6e95f8aa31e639d5cae650b872377434e7997a329d7da21289b3108d4e5e3cff
v6p1if_0772,train,772,5.875469768424722,0.16673505026847124,1277.284026506032,37.632229869588954,4,7,5.621337890624995e-10,10424096413.972942,13270547692.803936,105.80981413829211,61.9315067852354,43.00214879610364,43.101695391779245,0.9765364038998597,0.02346359611112997,-1.0989752825644693e-11,9.542845717671747e-11,1419,15,6969cbf2f6f123286b47655e1c38085aab789009db66d2533c2f29c695deefe9,1696dfe6fbfc4809da1e20273f07e244b0e5903989933b7989cd14c254785d56
v6p1if_0773,train,773,8.531028088196681,0.6707908948883414,793.8850309742439,68.41719086960356,7,2,1.5795135498046873e-09,5509607147.714385,7598696755.89146,33.61518517115269,113.39737281799097,95.15643345291086,95.72998174244267,0.943949447389383,0.05605055261625966,-5.642675954193267e-12,9.183839314267683e-11,1701,19,0dc6b26bff5d0526d5c045bf2e8d9737ead26014b933c653071156528c723766,e844660448a11a3daf6c8f4685dab144c01890f87037670fb4cf33df64e7b2f6
v6p1if_0774,train,774,7.293037539127663,0.7930011078715324,559.0663385792067,114.29153182225937,6,7,1.2561035156249993e-09,5833982190.502137,6779404885.007467,114.1271866269739,131.405194540605,103.22946116691125,104.82953816887445,0.9034726766958072,0.09652732330291976,1.2730583159926161e-12,7.885968838879303e-11,1480,9,89ba2cb1c537db69d92aed68972d8c6e24be75cae6f84e29066bd50fe7b45557,2aff9818f07ef0e9d26a5178cc1bbbc5111307d0785acb6de5ff9daafd2e91bd
v6p1if_0775,valid_iid,775,6.773751644235897,0.2893948946148157,1128.819766369261,22.93007481665968,9,7,1.4817047119140617e-09,4672879388.279093,8017808044.550346,115.74748737730566,68.81671061375135,58.45875496287089,58.51096339936493,0.981933461885455,0.01806653813275217,-1.820718606703336e-11,1.023672114391774e-10,1560,7,df5956c749972be758c5977e268acac402988c7e1d80f18f49b1ded706d84a19,a53d810be5ffaed651fc14465b3a2e6c3cd5d510eed24c0cb12e83cf31c59e47
v6p1if_0776,test_iid,776,5.860844446665753,0.4881613552570343,645.4350050488877,24.53345598884747,7,4,1.2149810791015616e-09,4875528169.260287,6189557204.9548025,147.747753226537,98.56680471013772,85.52724102716863,85.61707413702896,0.9679506239729045,0.03204937601544307,1.1652394459447402e-11,7.805868680330489e-11,1494,12,d5d5438cb32911f90062ddcca335e569c0a0900712543a0469eb7fa15a7db140,523d798ab10fbb89c0c037a6905f1d864faddaf6929c5820721c54359e527493
v6p1if_0777,train,777,13.434029237863623,0.9919425714761019,977.7686571041385,139.94119209540992,4,3,8.96072387695312e-10,14963570731.423893,17754495367.339188,196.7315170412334,159.70944192634215,114.35201334454666,116.34750196945933,0.9340091255596611,0.06599087443567046,4.668430551758561e-12,1.0528597992107416e-10,1751,29,a8b0dacd5cfb7051bff41264af360a49e2089d1ebf49960bb31fc5b9d39ac066,95629ebbb424f38bb0d3ccb2fc1b22c25024be687570bfca306e589c56459a7a
v6p1if_0778,train,778,13.131461057498667,0.6145801292732358,1479.63859066497,73.84178676261297,9,5,1.6029357910156234e-09,8243427657.462407,10685679825.418406,98.30456083671572,97.75583379015984,79.19733053559045,79.81782495171579,0.9682638017257399,0.0317361982540508,2.0209348658818506e-11,1.0402046250141011e-10,1502,9,3f8ed4c0965c839ecd768aa69fe980769ea6710c494a66f2860cbf9a4f352572,788b5f1fbc0cda5955330028f6bf0c4c7cae50c5068c0a92e1a815d66c3cac7f
v6p1if_0779,train,779,3.1453775072754713,0.11039411183446646,685.3148174938173,47.324782729847016,6,5,9.933471679687495e-10,3257038064.561983,4883718423.432969,118.64310295249504,49.24859138154363,41.46828568362143,41.581795492757436,0.9481706522768879,0.051829347722961716,1.503298046400262e-13,8.653955929796739e-11,1483,12,2d99dd5d682185b4f0ec3f25eba4449ebafa5bd5d91a10ec0d74f584f471ac68,549f6aad95dd2fce93f5a1f5b1b242d844703272e397905aeb08dd2c2f956435
v6p1if_0780,train,780,5.895773613009809,0.220777852460742,1112.1289313060395,112.20955281365747,10,5,1.4661407470703117e-09,4008485527.947898,4918685167.572869,74.51351105131329,58.80195261459227,45.17839612641263,45.713723513313994,0.9432069128937607,0.05679308712156492,-1.5325658177030256e-11,9.097140792820958e-11,1551,9,f8d80b3b61d20b38544ce6fc92d96b2512b05159b11b158995e442422b0aa0e6,bf254a4af2575894b0f004b844b46765410d7f64d4054a312da51f3ba74d62ca
v6p1if_0781,train,781,6.3540914290978785,0.7249023877084255,509.9718031492296,55.39732019897791,5,6,9.90524291992187e-10,6463317383.398338,8523543669.703358,122.89175358856257,124.93664562052959,108.1289797202062,108.5852625251351,0.9265498387008577,0.0734501612977424,1.3998498299311064e-12,8.840939901756211e-11,1575,11,a49bed1e03544a97541ea3016cf6acf062b6031dce8f4b0278df83febcc54905,075dfb4bb01ab0d5443ed363e4f7bf2be63e98ea191befa3732f702f8dc98d07
v6p1if_0782,train,782,10.839154744919846,0.8482951326295733,866.5910667384172,33.15261152582708,8,6,1.6444396972656245e-09,6660648690.58892,10149883143.305601,119.28734731457463,132.30931336469632,115.4904886085562,115.78165154822246,0.9705278456452533,0.02947215436466784,-9.921174518258879e-12,8.662470375297569e-11,1366,8,09526bfaab62b58a88eb6209fe5e56e1fa5d3a3d7f32cae078580a5991317c6d,30dd795192240a8f01eb49112e6bfeddf2c1a19fc64026686dc46410ece4e85a
v6p1if_0783,valid_iid,783,8.310987821124634,0.34469657484441996,1301.9269543838002,184.10373845135615,3,6,5.644226074218747e-10,14691569589.964289,16861245949.752474,90.10440513711268,96.64724701430822,53.10899499098731,54.29960520504155,0.9372237762565354,0.06277622375299365,-9.529109881547964e-12,1.0018166329289894e-10,1615,19,14cb049559e518f137829ac279bedcc1812c353322580bbb8ab180081ea1c30d,e0fbe29d1c758d7328e5229acdb3af4b982945597f1667b7b833d37bcb7f0d4b
v6p1if_0784,train,784,4.007765343084012,0.15213609114289284,820.3779102511652,195.9604540883608,9,3,1.393356323242187e-09,2895049556.848941,4136953218.3050914,86.89738926341083,47.85833430367387,37.48775184820129,38.398119930443826,0.9084203827241448,0.09157961728519788,-9.342708098696967e-12,8.733403500869953e-11,1367,11,7c409226abc8f24119f91b023675ae255f07466ceb0a6f3db1e149ff9b735003,1bf412702f680e20d3f5dde2360e0b9212e5b8ee12c35dea2904b3811c055fc4
v6p1if_0785,valid_iid,785,11.919063126788515,0.6558486428111792,1236.6942077141678,31.714009190310726,6,6,1.0723114013671873e-09,11245812989.23818,13350656629.570322,117.00242521690264,118.29160742009105,93.79551244319501,93.98460353068289,0.9786500744013465,0.021349925614295245,-1.564175704125433e-11,9.880710962370723e-11,1676,10,87b40a957a987aa6315b1601a72659d6b2dc6c07d94b6849d3f381a72ba2029f,de3a1c80cf7dc378df65a566aba55a89ba1652663611d6417cf1229f2d2272a9
v6p1if_0786,test_iid,786,12.847059630061455,0.7787989983335137,1164.1502007241777,60.034698346541994,7,3,1.4363098144531239e-09,8982262511.448875,11900708839.065245,203.87549069029816,123.67384300924681,99.3136976912347,99.91378368229758,0.9649869288646865,0.03501307114954308,-1.422954588036115e-11,1.0002826543917458e-10,1553,18,2bc873bd954fa4f08e4dcd2ad5b6ac265d954f51fef2ecc96b7b49c7c4a5af25,a54ef72bc69bd3002c22956845a874ff5ffc4a966b666b6f46622f015b81a700
v6p1if_0787,train,787,3.694956635156907,0.27454431634396315,541.7723196821383,101.70046023270922,4,7,6.156921386718747e-10,6008476164.692933,8168691369.659326,62.848604667692676,69.89897712817196,55.26091384675176,55.744470592862065,0.8940145838082336,0.10598541617181662,1.994970997217353e-11,8.277619728941104e-11,1519,11,0d39b001af39bf310ffa58884f2c4e60f40170645a459f5d2baa23395aacde0c,3679f43b9d0c23cd093abdf55b7b97926ec2c523d95399c2c9a44cad0a16d929
v6p1if_0788,train,788,10.229370243816433,0.3849890921264887,1565.6685929505122,42.844615398164414,8,4,1.315917968749999e-09,7890014962.176378,11009229887.665636,167.01224334892441,76.23518490042471,61.71142141438611,61.89225605298533,0.9783379872703963,0.02166201275986046,-3.025682644573629e-11,1.1169041602214558e-10,1532,12,be5ad87463f21faaf1f019f8dc30ce2009dd894e7f1230bf32bdfff84d55d592,439aa571062522264609f411d7daf7fa457f70635a4deb860ed7ef629d237a04
v6p1if_0789,train,789,9.71072004916864,0.8890602216124535,721.0473483943226,80.11407259480377,3,7,6.671142578124994e-10,14543650184.013254,15051876193.92306,116.13268903966414,150.71160480219032,115.09169195248654,116.00025931133293,0.9334413935681571,0.06655860644589025,-1.4047338577976771e-11,8.233101590794892e-11,1545,13,ab49bf07c969c7b5ffe6870d214c2f70ebf64f8730b9a0a1508b5545a8987078,bb70020ed46d10cfb4faa2f43f8b13d4c07c81bd842d8c22e7cd05090fcf0003
v6p1if_0790,train,790,5.821126630848843,0.5122622391209006,615.538097173345,133.7173843396243,10,6,1.732940673828124e-09,3357038880.839053,4180082407.2808313,177.10758890743716,93.33023311203539,74.6205761979431,75.90400447194443,0.9035851898367264,0.0964148101665836,-3.310074819446027e-12,8.789308505350001e-11,1531,6,a904827ea98c8a985e2270ce4e8904e3117f11c6b823a7d1b748e4a785fbf321,9cf14e055b6812b8fb65796e2dcfee5cc645ecade24ce66bb2423b3a55ec8c27
v6p1if_0791,train,791,2.9516343751827727,0.008610275574028492,920.9071659185453,26.14255860125394,5,7,7.42416381835937e-10,4069050408.3726387,5563862572.866822,176.126226350025,38.01647621269916,30.76468666551252,30.79904056544435,0.9756113368458273,0.024388663218790626,-6.461799548370045e-11,9.550371576315634e-11,1644,8,dd835311d29355fd4345c7b25938150fdc7a93be83348fe735b13351fc984105,03c61c47612d966c83571f8be219ac63914c20bd4e6e05f2b4bafd66ae09e633
v6p1if_0792,train,792,3.196442276690121,0.20644595380872488,531.3563017659021,20.78139521266705,3,5,4.801940917968749e-10,6577947538.343823,8052529896.90195,97.39269973320407,66.56600641070833,56.61002212638355,56.6591014989038,0.9665414546133472,0.03345854546224526,-7.559240969454415e-11,8.090969034551998e-11,1512,24,a9da2e90f994f8f5aff1f2ac4238e230c6607a99d5609233f2f952b628755782,295c5b0c0a71c44353361d4690828fac538b83b78bbd6686a06e5ed03d8fd7a9
v6p1if_0793,train,793,11.217754809942821,0.7101813601329923,1066.8031196037002,123.8527659956464,8,6,1.6516876220703117e-09,6835088183.742809,9334849052.630014,85.59648750109221,116.57847641340567,88.738588635391,89.9488675493417,0.9414902526974605,0.05850974730543059,-2.8909976441075223e-12,9.00108821969643e-11,1482,8,d3ea7131bfdb2b700a052750456cfcc99b0481f164a7a53561dce0f489a9156b,b1e8339fe1da445eee4c1f3552cb61624bcb43518dbf82cb09b9ff44c7d83c87
v6p1if_0794,test_iid,794,15.242826680167777,0.8338107634335756,1356.1620954400855,65.44503766446573,5,4,1.0705566406249993e-09,14691621573.672287,23432609991.28108,185.5367785882847,133.7102841689271,101.09970971682655,101.79738911157197,0.9681512499486647,0.03184875004497069,6.364524365455418e-12,1.1194261633834643e-10,1541,19,825f1936bb10f6b7c761782662f2595c5a9b4f0861c5aada23aa1d57a893b1a1,9fae4001075b01866acc26ac64cb6c6220fa33ed40315b75c52de67086b59551
v6p1if_0795,valid_iid,795,5.697814452780453,0.3296399712562561,832.4369411271865,40.053634070797365,10,7,1.6034698486328115e-09,3656840198.7911997,5496150343.481542,81.89013241298153,74.47461127124274,63.96822572905679,64.10008966742323,0.9616976018021358,0.03830239818378452,1.4079715336683383e-11,8.587971504416175e-11,1632,5,51e32465db5d9a4cf8ac7184257dd2fc7c5f6fc1c0737bb89280399e5741746d,b18e716f36f3a31744af78a9e482c85aad9a61a4c3dd9fccae50129dd8e223a8
v6p1if_0796,train,796,7.825493887218291,0.4400237435474992,1009.4480665870719,95.04841161140969,6,4,1.0661315917968747e-09,7394864013.785927,8707634940.669165,87.67346205781307,82.89514185131549,66.25574488420796,66.82516101473558,0.9429538966598018,0.05704610336231348,-2.2115261263920807e-11,8.812691901693285e-11,1344,12,44017615858e6802e35b9e05bcb11ad9e68c941eedb9fe77f07bd511984a5be8,c3fa0e067c3e831c59fa919f43420ce68cfcfb8ca9f9ed5f9f4b7e25fd91aef6
v6p1if_0797,train,797,9.078066984424456,0.9441329939290881,624.8022960278,49.02820819313682,9,2,2.0305633544921866e-09,4479853460.493605,5990134773.533901,135.7005847196021,146.82838651633193,130.13748537929985,130.58468674989538,0.9435018162562974,0.0564981837572605,-1.3557914673688147e-11,8.827430792008739e-11,1637,18,49cade45f7f4b8ccd0ba48ace9bdf4ec4be07babccb975d2305ff533e8ae618e,791bd7307c88d14aa61a1841e59292d00efef103a0bd991761b702b62958cfe8
v6p1if_0798,train,798,6.938611566461422,0.566533949226141,707.3289540666092,29.382543915073175,4,7,8.153533935546868e-10,8548850522.187983,9710980462.128721,144.97508984456277,115.37262442672494,91.87343688559719,92.08482209767203,0.9669277474783018,0.033072252498999796,2.2698379576956566e-11,9.506523085723839e-11,1747,15,f352fb09fba3fb2a5d53a708efe3be02c247c892839f611339626dbca92eef41,19d10c31c61eecff49b88a2803bd8da6d85347ecf92bec533afc9c058fbdf4f1
v6p1if_0799,train,799,4.962605129778575,0.062981141731143,1434.3515807487051,155.8170456562026,7,2,9.553527832031246e-10,5405558224.744814,7844667743.948252,53.27417238539036,41.961921454026765,29.083940509577367,29.580381898726163,0.9482163789851809,0.05178362101577648,-9.573443290135762e-13,9.802200434811377e-11,1424,15,ca2e0aee3f20201413e387bfb93d344dbfb4d91e69c5e52b1d5297af5f084dcd,0054d16a37c0b3233f5a63bc9a1b349d01ab885562104e024d33dd29231b22f0
v6p1if_0800,train,800,8.735755438155152,0.7434349860996008,745.6802049370286,72.98986256392779,4,2,8.452606201171868e-10,10130435735.123558,11689874090.144218,137.35722193249936,127.16997816409162,101.05488393388006,101.75107644966153,0.9383215121807931,0.06167848780523927,1.3967672768180923e-11,9.26145040686752e-11,1540,31,f27de9be47a1b02692276afccadea3967e0ac7004b237c0baf55a4bde97580cf,9f8d9c7d3c01e5e884408456f14dca0e8b9cd24de1bc7876c3350fb14a5522d3
v6p1if_0801,train,801,8.160555188187221,0.24716323986649513,1573.784559765261,35.9133676672819,7,5,1.1261749267578117e-09,7283854382.984551,10317992109.371618,102.56483821133125,66.12197417634769,50.138003050037554,50.27363153195047,0.9816020640189319,0.01839793598177088,-7.028077123004093e-13,1.0324210959530561e-10,1463,10,5b721f59a2c0c400ae9f561259085174e31e3d1a650b85cb5136a24450345197,d58ca6f6879f087c5612db28bae28f2df77654aa8cf0dfebeb90b151ef535e3e
v6p1if_0802,train,802,6.499212502852117,0.37495388370007277,898.7423756027354,21.565023770827924,6,4,9.992980957031241e-10,6628559000.04044,9697495646.646849,163.86444541379515,82.71373998861105,70.27891949406592,70.34726689606589,0.9788761837776382,0.02112381622411294,-1.7511790541541041e-12,9.643690545652384e-11,1741,12,68f00b72f430652baa9a1347d43a8eab08d4ee359fc5e955b6055ab2049992ba,b74bb0ded51351a2299f630ca2a6f3e954b4d59062ad5b772c7a79af2f7ef5c1
v6p1if_0803,train,803,8.34288064331622,0.8707759389653802,606.9106042995213,119.35220332085528,9,5,1.931686401367186e-09,4370579185.854607,6100503967.536726,77.2930253972236,128.2565802207622,109.8094082407805,110.98944251602701,0.8955630991434934,0.10443690088422865,-2.7722038751111774e-11,7.998828042177954e-11,1372,8,19eccf47d83f992e56ceaaf998d27c18d77ee8125411ba516525a99bd1db9b35,311ee68cf53234f30045f08a7672f71b64150b4307f256100b9292351d7848a3
v6p1if_0804,valid_iid,804,15.584970564160873,0.9772491678595543,1197.402308537187,28.378567981350145,5,6,1.2078857421874997e-09,13122557846.311113,17225370393.10353,111.52002370261827,155.09251742786768,126.0822546582147,126.25409768625927,0.9796058742287597,0.02039412576845093,2.7893827379888665e-12,1.0583570299209267e-10,1635,10,1b43e31c6084a5df44ae5aa83ef11c0888bea7f3f036d773b1fae07760ce1e76,816f29bdefbac8d08900e41ee818a13fc1e4fd9c9b5953b31db3567675a50f6d
v6p1if_0805,train,805,6.9870474425042275,0.4813665244728327,815.3148845116207,161.3295464342338,10,3,1.8556213378906237e-09,3800436617.811438,5065056281.858485,243.17467051447161,85.21418058592633,68.59512743224593,69.84798715158698,0.9154109959281106,0.08458900410282402,-3.093457269856854e-11,8.482125085005372e-11,1472,12,fd89b3c24b556177f5988cb69604621683da71495c508705cf3f291f623a856e,2b80b1ecb1a40ffeec4111bd97ef887633516d1526e22d5917f4dca9e7bf31d4
v6p1if_0806,train,806,2.641048239313988,0.10742541868239641,554.5673524240094,85.41523929361638,3,8,4.1427612304687473e-10,6518108435.0696945,7790455623.085939,135.03563365188347,52.27248264680179,39.276152344407336,39.66682322311503,0.9147047289372106,0.08529527102951036,3.327907347673015e-11,8.27681595774014e-11,1513,10,5b406d4995b7f48ed49815bed49e9453346b5549a709e8a1b523e0dec5dd29de,cf4da318deaf0d45c623989ffb77cfec84b95b4a4403a73da32e6fe457ebf9bf
v6p1if_0807,test_iid,807,10.867645577561092,0.6038807174190879,1182.2404754449979,54.55762966498512,8,6,1.4336395263671865e-09,7602983754.127593,9719948172.209005,131.78244863908336,100.76582093626058,84.82741963093834,85.12989005680339,0.9657398247810313,0.03426017522555801,-6.589298641860064e-12,9.792633757435605e-11,1602,11,581e65b413c4b890e57eeba31fea269f33d21a38ee7970980eb1057250364b2e,9f239b73b6bd05fa17ae0228647112a02c22ff20fa9c9e9d6f54b956241fea6c
v6p1if_0808,train,808,7.220445302149087,0.6737366365268826,640.2864146353887,57.85318931563557,10,8,1.899719238281249e-09,3751529471.559287,4849449702.0252495,89.96260174758808,114.71173907576787,98.80351864832228,99.28274379716757,0.938379248259366,0.061620751755310094,-1.467607407354288e-11,8.713553159183692e-11,1656,6,5c6a4b7eea8adb309573d1b40a3a938827832f11164688554fe6b24542df9486,a6348e5a14f9c6df201dd5a7707ff975402117e3a865d8dd84d651db457aa5bf
v6p1if_0809,valid_iid,809,5.050957984150751,0.17745729442685843,1023.9682315303276,105.53534048895143,5,8,8.279418945312493e-10,6077892158.519274,7988304097.518909,159.01549663862892,53.361292471261606,41.687334297192685,42.200568574739414,0.9455847357780279,0.054415264230607344,-8.635237490053556e-12,9.245953944548348e-11,1427,14,86a1bfb6412bea0ebb4ad834c22223995b279d36e560049f1ad16eedcbf096e8,e8ce75891d621d33f312002ed3600c66c6f67278e9276f056bfe4aa2ac23a08f
v6p1if_0810,train,810,8.174951256661824,0.3040653467178345,1387.1999888883802,175.7041114581766,8,6,1.1801147460937496e-09,6919989701.436733,8274886041.114469,103.11675678627755,70.75055198861003,49.13260277909673,50.15926537803673,0.9455485771159028,0.05445142289311324,-9.016042529104565e-12,1.0629803209137257e-10,1604,8,8a6b7a54d18987ee7c5883774c7f484af96c593790404eb24859e10297c7e180,7d5b84731db38aeb4ba894f0b801adad0ca6fb8ad0704e5923fbfaaa867ea8b9
v6p1if_0811,train,811,8.802700784048742,0.7998187709599733,703.7639762912092,35.37021425842964,3,6,6.640624999999998e-10,13040944932.827896,15520674167.58543,187.12579308804422,140.32038594475586,115.50158041653121,115.71961404268995,0.95990146843345,0.040098531570102056,-3.5520903147470182e-12,8.669520705049386e-11,1586,20,2b63d45c16c1a4086d01c8fd9281ae3971864ca21c6bbecd2cef1383a1c399d7,194b8ddfb023d3e57fe7615a2546f281fba179fa2f57d59191e04717810a2b41
v6p1if_0812,train,812,13.183268944751713,0.9063530070707202,1042.3077348935553,148.79816887007152,7,8,1.5959930419921868e-09,8386461002.518607,10145945542.369143,139.23792019904786,131.34401071940596,102.29407700319987,104.00874491656748,0.9311136661023469,0.06888633388675988,1.089320220735157e-11,9.226941853623818e-11,1426,9,23a6a0d41db62cb566b6ce9a3237946b5a73f80f9def32d6faa395ebfff887eb,84506605d25c077e0a72b7f3c914a72f3a0d4621ff9d929a317f52773752a3b8
v6p1if_0813,train,813,4.467037419196419,0.4104169839993119,523.3150037192655,23.492992842359346,4,5,6.375885009765621e-10,7010068476.816534,8254879595.374277,163.66948212406766,96.91761255600795,80.08297144014479,80.17790741801727,0.96233690061228,0.03766309937144076,1.6279238813386174e-11,8.39849038967967e-11,1628,20,00e5d83daf209145c764002c0d4e0ea78cb98834a4d83c28f518291a69f56a2f,3e7d286aa195bd7fa33684422a2aae8eff2ff5dc24190c8508fe1ff61a6dd0ec
v6p1if_0814,test_iid,814,3.0731693781036395,0.03778047673404217,859.8995814572047,44.360300229965524,9,4,1.3468933105468739e-09,2308195354.8724155,2884005388.657729,77.54563824387606,39.67720623318138,32.89949502796445,33.03034353526721,0.9624483038773718,0.03755169612477638,-2.1481839224852967e-12,9.732739663128161e-11,1697,10,d8cf30f82537a8106b5c655fab4745fd3f300e7da92ca63d75588654bf755618,b9de98743f01aaaf80845b5e3b3fba102f70f41af9b65c41445c3c66b4ad1f7b
v6p1if_0815,train,815,11.218152045432582,0.534121360629797,1364.7382349116244,77.37677261096891,6,5,1.0913085937499995e-09,10361384497.078585,12136364266.516237,141.05164978386674,95.48839658114576,73.98448753817071,74.4469439493932,0.9625971389044835,0.03740286112171792,-2.620141794013496e-11,9.803033370648504e-11,1401,13,f8f884af9326d954da640dbf5bf5be8a31c3dee731ab6df96d7bc68b066072df,c403e97cfd624dfe21c8a15a0787dea3778984d98672721ae58e6dce5625e677
v6p1if_0816,test_iid,816,11.010582617663552,0.9626503894105554,782.7524363996635,82.16978474830034,8,2,1.943969726562499e-09,5698707712.784766,9009203263.525768,196.55682820571633,149.04802069132649,121.05716577409837,122.07596176531003,0.9360232563485023,0.06397674363602349,1.5474238048109247e-11,9.07503787848355e-11,1717,21,b978acfc8b566c1b4580d4540222f84c281085c931c6ed1af13b531e7eb0164d,497f290cba425a9aacb25055c548b47069b012404da0d670eb31a3bda9a96f60
v6p1if_0817,train,817,9.581073320977449,0.4664244530722499,1246.5500361109391,42.52836107365527,3,7,5.340576171874997e-10,17828849861.53598,19650338887.588383,183.51134116478383,100.07903542687143,71.50819886430453,71.7943784826003,0.9743582615214283,0.025641738492444274,-1.3872646763409859e-11,1.0184813702687861e-10,1433,12,b3993708bf88bb4d9e9c123df0a1935c41d4cecc3cc1b5f647335776e5b8eec6,39dec4f974a26a1a872d7eec7c0fc918dd05b400655cf08a08a61b5d7f622f93
v6p1if_0818,train,818,4.481493353450742,0.09322324767708778,1134.678729929634,25.40137332755533,10,6,1.6262054443359363e-09,2743429584.551501,3555715050.6618705,122.7734089112797,43.71495871354011,37.7354594961668,37.79072157728766,0.9811159138901591,0.018884086066536382,4.330460253116753e-11,8.601951667928e-11,1357,10,7a0dcd1885694c5327db632f54e3c95907159c8fa1d73ee091d55e65a37157eb,1f505efc138496f20bc30e7e1f1ebdcf3dfbabf8d572aab6381acc673592dc75
v6p1if_0819,train,819,6.073031760427468,0.5890300776809454,578.1615434314971,135.15967300761704,5,3,9.365844726562494e-10,6486505685.635851,7507252575.017401,46.426622932197,109.38080914672315,82.17183538871849,83.29301070066411,0.8856234718512859,0.11437652818055367,-3.183956001640353e-11,9.449698197400629e-11,1715,20,fa190a16480b49b9d6100f30cca4b7e9aeec74753a1f17afa0a57ad46afdbb0b,2852fe020dc6a0a83fff09af8ec91ac7666a9a2ab227130799db651d519da276
v6p1if_0820,train,820,14.655580920354675,0.6955032786354423,1524.773402982974,31.947947048448814,9,7,1.7069244384765617e-09,8528617816.846074,10908946514.916113,131.40456471543834,116.17364093990079,93.20757594512477,93.36650469243764,0.9820672827936862,0.017932717195995235,1.0318574217654411e-11,1.1084661408029805e-10,1556,8,45565727f41c94953e5563866add7ca96fc58b7831a9da470b85521528964c2a,a7da397ff17370dc1e8692992e463e0cdf224f2cb64d1a7e9242be438db3441c
v6p1if_0821,valid_iid,821,4.222063877621503,0.19963592011481524,769.1843580137344,191.04574366660532,6,4,9.503173828124997e-10,4518523157.318174,5554014409.3908615,155.97943987022705,56.739119883725095,42.628168669467804,43.615781685387134,0.9049605939230481,0.09503940610350115,-2.6549180368345475e-11,9.03656807332851e-11,1568,11,2ab9d3619ca6d841f8a8fdfff0e71a7d103369e764cfb79271dbe70972a72087,20cd6fc82b5d59430189596bc75f901b0146703ca3190a0b513922443e1824f6
v6p1if_0822,train,822,4.307770095963755,0.32668660022318363,587.8339341075141,100.61055782638377,7,7,1.2654113769531237e-09,3505864882.31437,4432019352.776603,65.49445242001663,74.03623176422292,59.48622547484994,60.27156117092216,0.9133857413010777,0.08661425869977277,-8.505463254180985e-13,7.969378270223286e-11,1583,9,b5869c5e9d57b01b1f29dd9cde08c4d0e2b0026b4b045996227a2217b3cb586b,148b287c36cfbf73c991249b573fd41aec65a44d2ea350ef3fc59f7450ab3a0f
v6p1if_0823,train,823,11.19114797093978,0.8230961486697197,928.4028384520998,61.783863318730205,4,4,7.65762329101562e-10,14534546381.489256,15682128656.726002,66.05274434336152,142.50480661715432,108.17814494377194,108.69339158909276,0.9535933455078688,0.04640665449402598,-1.8948045169985246e-12,9.367287127274092e-11,1514,23,b0e35b5fa0e5141df94039567c2b7f46eefa4b02ddc0d557f08af86b7147edc7,e7eec2323e4387efecc1f847c8b8b27685c262b13bdd3e5971c6f676428fb414
v6p1if_0824,valid_iid,824,7.375365765321483,0.8920212853699923,507.40499034581444,49.55972591877831,6,4,1.3264465332031241e-09,5518977455.724641,7320768802.18946,140.0666620535707,150.0674264722274,127.22560302609132,127.68789315015434,0.9309399641761855,0.06906003579615717,2.7657347331888974e-11,8.498358746869171e-11,1639,17,b58ac6bc7713f0ebd04a9bf542b7343229de553a8bfb6eab481212fbc5457dea,40848ffc6eb2cd8032e2b74528e63a9ff494b5c413f1e169c8d8393c371cd466
v6p1if_0825,train,825,7.725143016134842,0.39569613337516785,1075.562696209875,92.35834298630238,9,6,1.5696716308593745e-09,4939500045.506309,5999890381.04009,120.84667434187054,80.4957750874845,62.6436392326319,63.260975571596425,0.95038771931863,0.04961228066657797,1.479200717769138e-11,1.0007316315587343e-10,1608,10,eae4bc6202d17c4d2041018b615c4acd13d1d0ddbc3652223275179de0436b74,baa23c530222642423a933bd1613882b9639a76b703eafcb0ec9170e9e592c26
v6p1if_0826,test_iid,826,4.120023339085929,0.023296049796044827,1320.6454910768418,154.6749563604612,4,6,5.827331542968748e-10,7058771348.748127,7348378171.011129,51.158466593757744,38.248227440679045,25.8908345202436,26.420303383678778,0.9479682125524271,0.05203178748384858,-3.627575246981947e-11,9.81463795508717e-11,1553,13,cc84d82d6fa1dee61529a902f131ae50306e2c55403dd331b2b2c9714a7e3d2c,b1af4ed98e7234cf5a48ae24c49ae7951d269cec40e7bda56e870bf992041571
v6p1if_0827,train,827,7.8425401498266085,0.5190646992996335,888.0733783734605,30.13810012498344,7,2,1.380004882812499e-09,5772633593.469795,7637463108.875102,117.55999788115392,97.82088650572575,83.7556309549546,83.8576095483182,0.9714344966889735,0.028565503315520907,-4.49444433981506e-12,8.275581980994975e-11,1396,22,7ff1a86eace1cfc4bd92722e2318525a70035932a2596aa6316c70ab1967f6c6,9abc793756481be3134d2375eb52bb4466b5b95b16818f908329645fc1269019
v6p1if_0828,train,828,9.63000266037438,0.6255989633500576,983.9629005262041,127.46769009973734,3,7,5.889892578124996e-10,16216219092.687258,17686162655.766754,53.02975678677983,133.85275747991653,82.10440017041446,83.24972626812534,0.9303658462124285,0.06963415380152216,-1.3950576769807322e-11,9.12565446253912e-11,1666,19,b9d4855001424fbb7d0bad1c72f1f259096b942b0ac00f1b6bd2deab3fb37a33,da035bcf79074a0000ea026392d5c0f4863db3b869990437bc5dc0570ffd43b5
v6p1if_0829,train,829,3.22736541264514,0.12964765541255474,666.7210834012701,20.55982620681421,8,4,1.2435150146484357e-09,2646276054.8499465,3398779162.0685773,57.165891295050336,50.14462998163248,45.967757908308236,46.00385320325729,0.9734317103643854,0.026568289589359084,4.6255600213795e-11,8.674144274775885e-11,1441,11,26b1fab85dc499536aad8cafeac28c412be523f219559aac0663e9598b4c588a,6a1c0aa989c1de08b7d84e0529442672bfd358f31745efdaf42b8046f57a6f85
v6p1if_0830,train,830,4.2501954794865435,0.2560193473473191,674.9362483834786,39.0512941455845,5,4,8.673095703124999e-10,4928630434.216455,5924206963.760836,109.96831557270954,65.65174761252052,57.06972269665377,57.25172151767689,0.9575786277572887,0.04242137224913882,-6.427569139239458e-12,8.113462319247438e-11,1441,18,020ca3a4170c384454950691eb6ee2d9f72cb0845de299643b0b65a03a3dc3ab,625484a4bd232712463693ed9a74f73d3d48a45f24f77f85150299602947aa8b
v6p1if_0831,train,831,14.866551154795571,0.7524059815332294,1445.6800517844513,65.93101031572661,10,6,1.900329589843749e-09,7967153414.414998,11097264917.303894,130.25370253986074,111.77877052319883,93.99393620755465,94.48701805363939,0.9684266418764083,0.03157335813028805,-6.696354734876126e-12,1.0628351581963112e-10,1506,8,e71bb0cb77a102ee474be702a0b1b51424921725521adb3d67fd0651e1d0b07a,bcd3e7b40a32ad513b8515f42fab0803a171aa0c842785fa5e00735bf04eeac6
v6p1if_0832,test_iid,832,5.026955877467332,0.3397357342764735,695.8897184697603,45.79230768368613,4,4,7.101440429687494e-10,6995656876.257108,8660346199.68799,97.04736409298681,80.3848277444826,64.96655258377217,65.19359841479968,0.9519754856812795,0.04802451428244571,3.627475210178237e-11,8.610784442263095e-11,1575,14,348c78593a1f904d7fd79112990e3fa8eda015329b8a992cc3abd0cf96e9cba3,3264aef5e5bbf008da60e55440dab66b59acabc5107d9b166a798bd144285040
v6p1if_0833,train,833,15.811223159203823,0.8434942672029138,1405.0879754452758,74.95839976839311,7,4,1.4554595947265614e-09,10910222755.87843,14151552704.341879,101.42355139271089,126.3002627915792,100.54488453519812,101.34012801417701,0.9668855379545999,0.03311446203685111,8.549039002871425e-12,1.0526063223762836e-10,1469,13,26b3aa8bc933623d36048d408fa4e9be003ce83552f53c2431e1ef8c374df0e8,8e025f2b9c5e43311bd774478c249597d2c60f208faaf1b4d4f8b62709dc93f6
v6p1if_0834,train,834,10.943597267805007,0.7161531951278448,1026.1132730138984,144.14751287566318,6,6,1.1852264404296865e-09,9150135495.913465,11669958170.147188,197.5622613266444,112.93391405687436,86.21369896379377,87.84029088987135,0.9362406457000599,0.06375935429310522,6.834798252424507e-12,9.614061748689424e-11,1433,12,1670a30e3966d8e0bcdbf7a8eb7c88743d276dbd859b2834c16d86f72087dfff,17d4e5da25239a42d7db492149813c00ba0a6a5e110d132ba31fe455e13df0d8
v6p1if_0835,train,835,3.733547429295782,0.21194497123360634,637.7689343241295,24.251370681568297,9,5,1.429138183593749e-09,2662984547.053175,3278444986.9644156,96.61269991824834,62.816693833306715,56.04647621217841,56.085923015615606,0.9666949109781455,0.03330508897979237,4.206215025506225e-11,8.364755817242141e-11,1668,9,9d606be02f6baf74d0b77784de95330ce551abcda173da496c20a8c2a8184082,b8aa2d5fcbbc2ef5746aab32ee484d43f6b542ef0ea9e271df030f93a42cabef
v6p1if_0836,valid_iid,836,4.934691934113605,0.07232922036200762,1377.2444458275868,181.27408330734676,5,3,7.849884033203121e-10,6433738198.922487,8180500296.202267,177.9210925874285,42.88234868482431,29.06101979736688,29.68242063438056,0.9424684713586913,0.05753152866079538,-1.948667663888399e-11,1.0152109651126232e-10,1448,15,f2f62c411fca4abf7d3ece66ababcf8db5462385ff74e6fa6600e85878da294a,b1dde0f046e99655cc46f192fcd1eafbd5f808c358f04181fed9ef91c9b5d45e
v6p1if_0837,train,837,8.112794514690775,0.5764768561348319,849.5552561505237,34.28399374903513,10,8,1.813659667968749e-09,4429691461.468718,6397778982.587392,119.53658117806266,101.70519368226633,89.56357820489221,89.7387885042516,0.9678527605334638,0.032147239484179226,-1.7643010113448337e-11,9.004825525934898e-11,1627,6,bada4d0e135d59bde9ac12692d43e72bad271c5cbd526dd583de81571ab6f2dc,c2f7ff658b8bdc4e2bda551cab8b947a6d18f6c4c6ed3e52f3e1f417d0285b9a
v6p1if_0838,train,838,7.926975505879096,0.9498454257845879,523.1858728786237,56.0765300505805,3,7,6.689453124999998e-10,11891766141.40069,14362529702.964703,170.26831263742173,163.44127586584187,131.10489072623955,131.7978057678321,0.929706771287552,0.07029322868172583,3.072225033346787e-11,9.695367066749824e-11,1677,11,829bff9109f6b322cc3d216a1e9aa1f637e698ccf38e3c8d6c0cfa2e563a88f5,c2cfbc47938531272d2120b8917102f343ea6ebf0fcf2962325c96574927264a
v6p1if_0839,train,839,8.114000019373314,0.44627044536173344,1045.3825713238532,108.88093401092236,8,4,1.3300323486328116e-09,6220972851.765081,9787690195.871912,123.77245839861608,81.69135380335581,65.7987481665665,66.5110285068451,0.9417639078387016,0.05823609216783922,-6.540792595444852e-12,8.833869848015845e-11,1482,15,e489ef798e267792bf100ff3355aec15de4ce20cd4aca1c337348dbbc61955dd,5ceaf92e3185adb2e9a7e9811b21d7a8acfb4cee7fd2757c7058a1e7fec2b7a3
v6p1if_0840,valid_iid,840,3.9821143149327227,0.26884719729423523,603.3653515038841,88.9175361777068,10,6,1.5440368652343744e-09,2638627578.8543744,3512427157.3688736,77.45869117813557,64.65477459390593,54.12618011494822,54.672879046129644,0.917019080797674,0.0829809192063961,-4.0701247039832e-12,8.525022730150303e-11,1458,9,fa78c24f43f2de418d2fa261d01dd85da65992dc663000147d87e8ff6525b135,91a4c491c4f5610d0a182a7e76dfb72e5292bb96cd45ba43684f9475be11c07d
v6p1if_0841,train,841,10.480968849335639,0.7725370991975069,906.4642927189782,52.407799502645204,5,4,9.832763671874992e-10,10893659809.485498,16091668692.83837,199.53900522508184,133.00935171861153,105.2897406286674,105.7401371349955,0.9591239043146358,0.040876095695088585,-9.724326300825871e-12,8.806237705868248e-11,1570,20,b3a67c3003ea5a0161cf2d5d9ef2a2cc558caf0ea6168d04527d38805d21d341,79030917e0c4e2008a6153cf0669ca034596e8943f8fe8568cd8a47c8b56d4ee
v6p1if_0842,train,842,14.444085203291378,0.6464548455551267,1597.3673453094357,27.26030956070704,8,6,1.6690826416015618e-09,8444207403.507353,11727524494.839527,176.84991244151502,109.56314164454483,88.6126766604308,88.76646479062892,0.9852643323494801,0.014735667657775574,-7.255634381517901e-12,1.1607049004933014e-10,1598,11,7d00b45b59487d707613395bae8d8f71d2af4b11365ea43aa65e3fe475b79f84,afc8b8c307ee72361a2c77f3c92f8df75e5f45ad681f37e940183763f5e5560b
v6p1if_0843,test_iid,843,3.581723661815884,0.14223902579396963,732.4831912483552,167.94452778270522,3,4,4.1427612304687494e-10,8606801708.690393,9466293993.098282,164.0059240421748,53.08490716003416,38.30088979371648,38.963119592376756,0.8971597794979383,0.1028402204665246,3.5537038070092665e-11,8.64627406592809e-11,1565,12,7762920e43e555a18c79a0528d6e494d08a091869afdd679feeb8335a784c002,19857253d563ca56994e0fcb128bb2b3de6d6e8b0059e91ebfe591dfe8ab59c2
v6p1if_0844,train,844,3.5383444952167786,0.0026842784136533737,1188.6806036713172,22.46187577185286,7,5,9.824371337890623e-10,3597305386.598066,4873764659.416244,90.09999277711901,36.312725683430415,29.251732699159014,29.276315039161023,0.9829452102969443,0.017054789679274845,2.3780890402857477e-11,9.769791126396953e-11,1524,7,f595d017ec2f93981d2e5fd8879c8fd165ae477e1c7e499ad8ffdfbf31636c44,f36bc6e95d1e53bf773fde179c8d878033cea2916c510f40a770169e14acb783
v6p1if_0845,train,845,5.292909899777649,0.506717499345541,550.546208649997,114.58469481359238,4,6,7.859802246093741e-10,6629799620.619593,9179846468.763845,102.25125868960906,95.98834712767064,76.2646316423488,77.28393755157718,0.8978284387918418,0.10217156125864865,-5.0490459171020585e-11,7.960387993797131e-11,1452,17,022fa1e4958cfa0078c63e13ceb5ffd8096a67d04a7d0c36b74f3c7b60787e9c,f5e04cc1e491da582c51e8a03ff18ac817c3ecfe5a2197a46c58577a2e6eccea
v6p1if_0846,train,846,10.485731628026606,0.8789492649957538,803.3919909131249,70.07431016567335,9,8,1.878585815429686e-09,5585539313.382611,6755766202.284953,203.08679097599486,134.33777159620854,112.38146817134584,113.30804776189504,0.9473050557538347,0.05269494424214751,4.017774013588032e-12,8.589357994213296e-11,1427,11,5fc1f609c811b72c98f1a12213422f2eb9c2c0b9a0f4e82a582eb0ab484e0ba2,d31d6c9574e571d9f74d68139222169afdbffda883e11f5837f1c8983c4ca173
v6p1if_0847,train,847,8.262858656723356,0.3753209048882127,1217.0732727164452,37.40695319740937,6,6,9.906005859374995e-10,8521080464.853366,11424541447.135044,93.42183912150881,85.73921333410539,65.73547942980208,65.89154505995252,0.9743938187239681,0.025606181284259438,-8.22755776348655e-12,1.019623413193904e-10,1741,8,e23a8dbbb04eac92eab1ce4045dfaa5d841f1e58eed44e2bb10f35ba14c33dc6,681d52f103d6a16797817151dfced5679059ad638e3a6889b831336ab2330153
v6p1if_0848,train,848,3.9462871627494236,0.12050503864884377,884.5806518635812,40.67609628274053,8,6,1.1581420898437492e-09,3480237951.452263,4520723140.781968,205.03980858659813,47.18422177898145,40.740095098676676,40.85985853334828,0.9652517120849385,0.03474828798462568,-6.956419643658168e-11,8.779583570350208e-11,1390,8,21c456cba21b72c80c2e02004153befcbe0c6416664dc8acbf40c416c78285ad,1f89427c1df5cf2be1e704419dc94d5b1ff7c8a8ae7cb1b073803ee1e36db7cb
v6p1if_0849,train,849,12.152603664133288,0.6242483463138342,1323.4164027178088,63.29853280032503,3,3,6.353759765624994e-10,19175268677.317104,23007591300.546547,112.9170904298111,121.50887580410625,85.16631866348486,85.65619248931905,0.9671954321347138,0.032804567850935176,1.4351025569029464e-11,1.134890737157737e-10,1746,30,6ebe3e52381c71b7e6ae1e449b601438043ffa32407b38c1e0660d95d22a8dc0,38b299fb9c262b9ccc280399a0fb4b40706ba8922e1eeedf34d3f1a51c8f7f5b
v6p1if_0850,train,850,14.700046193171703,0.9978685388341546,1089.4357168220488,122.37815987383966,10,4,2.211380004882812e-09,6802729945.958452,10627441852.431929,184.7191905932999,144.56706465956842,114.30876928480859,115.86214215739852,0.9418073041376617,0.05819269586761709,-5.278814450094429e-12,9.65515211372648e-11,1616,11,f13d048bf5d150b951b820fe18d23baf82fec0d7d8769230c448e3dd8c68acb0,cd83aab4acdc23227f63e875ed7288bb46fcae206be26b896d529c5d4b848d38
v6p1if_0851,test_iid,851,4.837786905228855,0.4937061248347163,501.72718408100735,21.415249895160947,5,6,9.796142578124994e-10,4910532440.55995,5957830277.639111,129.84483538390145,101.49048322083831,90.48808805736344,90.55421265053195,0.9633395731306365,0.036660426800553245,6.881034196528348e-11,7.845403470352962e-11,1451,14,4282af32b54404fc642c845f3e978e8301e4a061cdd984236ef15cb0331cd4ce,e3f064b6cefae0a0991987bf1d84d3c9552409a6671aa2b4a1849ed85d51f7d0
v6p1if_0852,train,852,9.183768810609857,0.35409034229815006,1449.9463806067718,161.01990948707456,9,4,1.5159606933593734e-09,6066760848.516163,7988621467.990585,97.56473056537592,70.29158161259448,52.586031946133986,53.54061270063494,0.9471404387676798,0.052859561238979655,-6.659468846855517e-12,1.0103834096632334e-10,1528,10,14977c5ed9fe9327f62fc19443843aedf9f570b18dbcad392901cf03eda9816a,5f8279fd836ee8633a519d8bcfc2f0ac601e1f3b96e0aeff2c49d393eed56f0e
v6p1if_0853,train,853,8.972796303762546,0.8581922277808189,674.7674235895961,28.951015744777195,6,5,1.3677978515624994e-09,6592951184.787265,7744779271.830612,165.32419073702542,139.36725910030833,124.1939190363073,124.38157232327775,0.9652067275466006,0.034793272447143135,6.256173909053767e-12,9.266867919275081e-11,1578,12,5a724bf6093a18d372a48bcfee19e1d477aaf8b9e264bd396b790d0d6ea02451,a70a840b06fe9d30d6d21317e920d6f660881087af6588bd18aa2b1a6e24aa42
v6p1if_0854,valid_iid,854,7.821602898429884,0.730599476955831,658.6984092494239,47.60767347771531,7,7,1.4134979248046872e-09,5586495906.902263,8461115183.510916,137.90898179068589,125.05106179638233,105.69036872702968,106.16407580602028,0.9498384215636996,0.05016157840866927,2.7631109568423094e-11,8.775175130675345e-11,1555,10,26df1f7e15d9226d9ea8d009cbef8d9e698edf7f7126ed5e84c539286a0cbda7,dbd2fd724d5a9eff56c1f940b38f112d7bfa6cdc2420b96e507080e331dc3c02
v6p1if_0855,train,855,5.45755246193678,0.22703978139907122,992.9808059537169,96.1470178568611,4,6,6.376647949218748e-10,8587072827.204618,9915626787.018206,93.59020868748213,64.19306970483422,47.84422003430425,48.238388735427634,0.9414702884843538,0.05852971153064799,-1.5001710082656706e-11,9.327480613745466e-11,1564,16,3ded799807ef65202be707faa290b15926d231411a657f54bc47d47813dc9b98,2423e9f47db6f469e67fe3bb4768074eb123122a352f362ec6df5191e162563a
v6p1if_0856,train,856,2.302055741468103,0.05057784076780081,567.9311670484299,103.79820606896669,6,7,9.195709228515623e-10,2459866415.4131293,3208291105.1477647,79.02951778627532,40.84112627420063,32.77779039192495,33.12592516641157,0.9008075082992028,0.09919249172970333,-2.8906068917935795e-11,8.133768122316228e-11,1540,6,c01b6a8491c18e10819893ad135a95c8b46f35afbf2e39666d720eed90b4fcdd,149344ac71e6228c67e967f7f111f3757a6eff59fa71fe780fcd714af1684580
v6p1if_0857,valid_iid,857,10.051610389208863,0.5542829679325223,1151.6803619853952,59.88544210277255,9,3,1.679382324218749e-09,5932246320.232039,7668839009.582267,168.40960021456814,97.394451255646,79.55296504327859,79.96805408193265,0.964166355719654,0.03583364426734929,1.2996651652219999e-11,9.667108778519976e-11,1582,11,84790f495879aef34c4c3d5d6d00571e1044982033002e857c3256bb717995d6,fbb4731d8e0ed31c28b280c612aaa793d06858a8d35e2b92e3cc5f08e763369b
v6p1if_0858,train,858,15.555905395120387,0.9272394347935915,1257.2589138571989,30.966280351574326,4,4,8.696746826171868e-10,17997264726.681747,23925807658.39536,140.48958640313361,143.23158442546128,116.38191347965984,116.63552819156634,0.9802710651240975,0.019728934880276956,-4.374423793653179e-12,9.853304685806502e-11,1393,22,6a8be99857429ed42ca981b18b5e258088a61631ea824e4558dc21878408279a,f74bb4a675ba1c2ee2e572601ee6008583866cb774d6a89b014eb6e017491a0b
v6p1if_0859,train,859,6.221821097591436,0.4229778051376343,778.1826111528248,197.09859680524315,7,6,1.3212585449218743e-09,4712128756.416017,6497827149.6054535,95.96404599973904,79.6869610355804,62.29087607957497,63.54381007497512,0.8954854143741479,0.10451458562779296,-1.9408584086285582e-12,9.518111483053607e-11,1683,13,04e04768fe1748f45260d899ff656b0d5d4ebe0f5a68163659c88087ad2ebb1b,a51c1256407d2b10d65b4e9c2a53f7ce54a46576b843755ed298fc9936f25702
v6p1if_0860,train,860,5.818671745153341,0.28342308942228556,943.6515793401497,26.220894893226593,3,5,5.084228515624997e-10,11500755844.112612,14733393356.562893,90.61426343044927,74.33881670534316,58.420265834533055,58.496878886265094,0.9764005162046531,0.023599483818312016,-2.2965120668018296e-11,9.15733943307805e-11,1453,20,5548c7536b1ce1930401cc33f0fe0d479b2c810776c97b6dcf7abbcc9112ddaf,8cb7faebf28561c8e867c724b9a5b7a8084294fb5b0c4677a5c89daccb11c01d
v6p1if_0861,train,861,7.461910993038638,0.7875020606443286,579.2383188881632,130.93298577913055,8,5,1.6808319091796865e-09,4464381720.405803,6192248098.156041,100.06560091793969,126.01495752225492,102.64365224996571,104.01884377646499,0.8907964345871561,0.10920356540153091,1.1313012971415427e-11,8.924866840677563e-11,1732,12,01bde8b6bf1fb545bd87389f39705fa36e680636c14380b899702f25454bbc3c,1e734bd135975601afed507542b49acf187b269cde391a2a0b8d626e38882037
v6p1if_0862,test_iid,862,8.185632333132169,0.6606951616704464,763.6079224080873,79.60020995986844,5,8,8.570861816406244e-10,9481943164.413883,12248212864.221945,123.73199852059405,118.59225925982929,91.58063236627567,92.4693406244108,0.9401787268251488,0.05982127315339413,2.145702729615371e-11,8.38440990308935e-11,1539,11,0ddee3dbee7a03931e4993cf224f2d1a57afc94665c98b5ae9ddae75b074ae02,f460efd88093903ca020111d1091b0bc73bf075370e31ac20475bdd36d11ab5c
v6p1if_0863,train,863,6.64162817870632,0.15705151669681072,1533.0744205446094,43.90046014668683,10,3,1.5767669677734362e-09,4273644390.3027306,6034404210.921573,119.14858070800675,49.097076813835315,40.51306227526157,40.62783271889218,0.9779543089113951,0.0220456911101172,-2.1512347865568116e-11,1.0381307346804525e-10,1382,11,d6ee629d80040fac5854324d707454220428ac6ab7bc54547e3f4217bc979cb0,e0ad1d542015f3cb63d4c3ed6de789be7ca2aa504abe1d1e728c60dc525fb328
v6p1if_0864,train,864,6.468529286065603,0.5253113713115454,689.1450862193213,34.53140974530269,5,2,9.619140624999993e-10,6817840935.29791,8921604982.633678,29.443999868034734,99.80192907401926,86.01052155777883,86.21340468541638,0.9611479259242651,0.03885207411534916,-3.96142636242418e-11,7.785766433417337e-11,1466,25,5201fa4c4578f39d799e9ee06d214704077447e75bf4add7136452b476d19a14,fa00cd0cc5a531fefc830c4fdb320004e7a6dc6d39afab5c71ea6c436a627d6a
v6p1if_0865,train,865,4.564656051907811,0.029008392244577408,1469.1167710625564,176.7495410532407,10,5,1.4432525634765613e-09,3192806057.7877283,4158449014.4832077,202.00511973587396,36.27345267637895,26.26584818838039,26.80857459409017,0.9498471641366919,0.050152835859940584,3.3675613772644774e-12,1.0958267982505135e-10,1581,5,b734ac767ebbb1dac7e7fe67ad1c383d56766e83b0d5f55af8d838b3fe118547,bb3b1db348878f774cce191d74b70eec380f7eb9acf70c8329528407495db089
v6p1if_0866,valid_iid,866,7.185981865154957,0.4056390104815364,963.6058505449229,107.7272683199759,3,2,5.313873291015622e-10,13349078323.482346,17972005309.684177,168.5245950561477,97.6811016211339,63.45039969558858,64.22994837077671,0.9387214812069292,0.06127851879108709,1.9837291352911995e-12,9.781891660951784e-11,1692,31,5ef7c73273cf1b30c6b5bb73cba5d11e459e4074eba36c62856df075f4b6a061,c111b8cb6559da649006a947e00c34e77ed92beae98c63fdd9cbcf40c7338fb5
v6p1if_0867,train,867,9.107709911332288,0.9013692745938897,656.1306708887496,57.70127777578951,8,3,1.8030548095703115e-09,5047994128.909053,5678611484.8449745,193.38382977948967,138.2172831639412,122.07281813945413,122.5212903089409,0.9377648794457811,0.06223512054887924,5.3396016902509904e-12,8.721874018715418e-11,1429,18,078b4a7a4f3d7647c0b545c6a4ad358590dfe5664ea40e98de557e786fb231fa,6781124ee07e38334c49d015aa329044cba2c3af70d16f3f90b6d6c643bf6510
v6p1if_0868,test_iid,868,13.696515342442364,0.7579049691557884,1294.5069837015028,76.86962094635058,4,2,8.123016357421871e-10,16881152508.109692,19633711970.651573,73.43995958562847,129.0129543353455,95.38801123742566,96.01648308030646,0.9602464309172231,0.039753569082565665,2.112230071106794e-13,1.032341923289269e-10,1618,22,9e001d63d87d613fb185a1eb1d9098a940854ac3b81f549b56c1014bee121791,d804a1b11df2c51a09ab0fe88de8cd70b65b2d5db913549c3cc2e5ee8652d690
v6p1if_0869,train,869,5.271207114321841,0.2619910929352045,874.1618070554995,45.4599104534412,7,5,1.1946868896484376e-09,4337251438.167409,5659578451.729926,74.38303989108766,65.55896557420215,55.0248785321369,55.21239679228206,0.9619164688527964,0.03808353115527963,-8.07599174145714e-12,9.126908325999077e-11,1486,10,78f448d2e65a3bc86025b453b4c44f019326f956f64e5ff7a080ae0fe92ed048,3c87eb6a9df2b33c8ade1a117defdb3e5e6442fc07be16ed736b8b1a904fd7cc
v6p1if_0870,train,870,2.7042973817330447,0.13933112937957048,517.6876732317146,23.566688863947217,6,4,8.377838134765616e-10,3298996496.7231154,3949529125.809898,162.6649382385806,55.198046062727485,48.4619103426274,48.52684751674437,0.9628083805836527,0.03719161942523055,-8.883229687240107e-12,8.46588611358388e-11,1570,17,0553a0006d0e815e72329c41c521c689f52432d534a2c6692d75285a8f2667ed,28f69eb457ab23118e5f57d373b6ccfeb0f9c52bb857dd743ae4745225ad3965
v6p1if_0871,train,871,10.576529415319724,0.6356946369633079,1092.6028414256964,145.67934606333563,9,4,1.7444610595703115e-09,6276903167.494494,9974990055.934647,51.578781638342384,102.40443610069241,80.52360205028435,81.67711882595893,0.9332733583844783,0.0667266416159509,-4.292451534925316e-13,9.227739937938111e-11,1524,9,975a78b249f9d08a603058a6a70d87e937a54a6c0106fe0951b7935dc43aff20,3426a06770e02b508e28bfdd084125e7734620a2e24982bb91e069e602a7ae79
v6p1if_0872,train,872,6.159838369024959,0.5793618010357022,596.9821772728225,117.91454449629715,7,5,1.4427947998046868e-09,4236192229.6843376,5008431292.189068,122.20328583204412,103.73966594467629,82.47424085354936,83.5641379872111,0.9000830031779862,0.09991699683831168,-1.62978167587246e-11,9.295654900161375e-11,1770,12,e4b3671be41b86d099215d51e1016f37e7e6839673f1dc6c3600847a7f9cd1e6,ec971afae6f9f6947e4e8bdc8ca7db6f28584b287dca0613993bf4b33a8cb1a0
v6p1if_0873,test_iid,873,3.7828307619506587,0.0831122612580657,947.4768738464794,22.225915443771395,4,8,5.42449951171875e-10,6913900807.64097,8719426418.625845,137.33165798027542,49.65054725613015,38.553687754834144,38.603951692395,0.979731886226738,0.020268113761625253,1.1636754021452087e-11,9.143007372047436e-11,1530,13,32363aae6de729736b76054fdd5245835aa173ccf1b68e40383187466c5fd204,d1bc89893a6aeda6ab34e5cae875f1ae4d2c7e4a0e7ccb1d831bacc7b95f0296
v6p1if_0874,train,874,11.015372365913551,0.4608796238899231,1501.299545951039,36.476592687880846,9,2,1.714935302734374e-09,6408787925.120235,9155974201.18004,128.22741134613784,86.27792807659995,69.14551830047787,69.33540693126591,0.9809352508127326,0.019064749182455556,4.811913322714072e-12,1.003221816553529e-10,1439,15,cc89a26840bf7229495e028ece30fa647ebf9b1e7ac8da710b347602ba6fc278,cba73108e9fb496aa2919151aff44291e056918ec8d90da60b61e6d90fa735ba
v6p1if_0875,train,875,10.636314285688982,0.9567243624478579,753.7523978317197,70.58601699610732,6,4,1.2560272216796867e-09,8552291024.463062,12129291599.13774,98.34052448330911,149.84306184136256,123.57705974222706,124.21667890997108,0.9372820015294882,0.06271799847268594,-2.1741399096331275e-12,8.977720341988001e-11,1521,20,18a86ce1a3c04fff0126320099edbfeedbccfac934db8c062a2bd2a6248d3409,7cb0ebc3686fd9dd3abd2321937b4da039b156dca87e5f323d56aeab8b0d60a8
v6p1if_0876,train,876,12.830130320326777,0.8131989939138293,1116.3494067614,52.96941283208447,10,4,2.227478027343749e-09,5824190632.046356,7870956092.926575,141.3410302227828,126.90383197150692,104.54890183135038,104.97843245731336,0.9651456187968895,0.03485438118388137,1.922905784134424e-11,9.237481093065097e-11,1471,12,037c0b67434556b90f7fc4806a9225f62e14b095c02b13241f13fb22f8cfc326,fdd67fd68605f593e94d836b845a9913ce8ac93fa5b10b39a765e10145d9f4c9
v6p1if_0877,train,877,4.118783627607296,0.31729277316480875,566.3565632880293,86.41469242614023,5,2,7.226562499999993e-10,5818133001.542841,7755692204.818281,175.98381192000454,75.45704554941136,60.65388718797098,61.1624134483443,0.9118457917375347,0.08815420826294276,-4.773886335234932e-13,8.579843102565967e-11,1664,27,5ad9e6c93f3cf1cf4e3714f1009cc0c150b129c4ec5908142d95cba46f5f475d,89d3268364044a70a120befeb859f0a42f2d837f68b993f480cc77a100c27f31
v6p1if_0878,valid_iid,878,4.280520742261349,0.19337393157184124,795.6619480393533,166.73981543147326,8,4,1.1763763427734368e-09,3676947647.265072,5009686507.4982815,98.26496931352476,55.75696287276719,42.84667332071467,43.7648429298876,0.9161072445902625,0.08389275538833185,2.1405686105851147e-11,8.336792580350416e-11,1527,13,3c006ab3d527ea6b520f77233da9e2a04d7ded75e6c8dc428f669dbb4aa5323b,6b116c3c0f4f7eb251a6cdd6781bf353507dc7851f93bbf1db7629c9489c09fa
v6p1if_0879,train,879,12.630090796849917,0.689806129783392,1272.4440867928793,27.957871025682184,3,4,5.558776855468748e-10,22840087755.075542,24475882816.27245,185.88513561737756,118.88447736317505,94.38586044202728,94.53022192388055,0.9816018204400033,0.01839817955441369,5.583023566304499e-12,1.0640487456213871e-10,1429,27,5d5601d1c0ef0ba6f54b6664d35c4a65a77d9ee4fa124035be91b4758668c674,9f4f71321e4b4a71efb003e544474c804d02553bd9930983dd318ac9c0b4030c
v6p1if_0880,train,880,10.241479652507774,0.8060807297006249,846.2305390645803,30.330475704360307,9,7,1.9427490234374987e-09,5279971758.262905,6744079944.15313,162.1440646844218,133.49350498287242,114.76427887538257,114.93404637974857,0.970267700395688,0.029732299596282628,8.029368060157577e-12,9.372946861363034e-11,1684,7,6c48fb0e4ca3b6df2ccc2a3d3007122d75f6f304b4403a4fe00cbce96a0a0647,2c49f02174290794a613924b5b9e13e8ca4765f791992de7b0f4c7273d3672bd
v6p1if_0881,train,881,8.014782069573512,0.30976252537220716,1336.5227974995578,150.94453337429186,6,4,1.0582733154296865e-09,7570179972.340903,9082192566.275257,100.17372323198526,66.85011461575834,49.83662626353841,50.7928767803163,0.9502640555662952,0.049735944427417834,6.2869075141627684e-12,9.46513640241332e-11,1339,19,748d20449dfef66a13001482c36fce481103747d629a60cf09d1a01ccdb57093,60aad55d00304c5e7e3606b6d76a00ba80697f13fa099d10bad513dad2aebdd1
v6p1if_0882,valid_iid,882,5.29869599620263,0.1873544193804264,1059.2205468393656,92.07620198854693,7,4,1.1001586914062494e-09,4954681668.378992,6594501806.831556,125.68397952391675,55.1407748783123,42.77401173746728,43.2355979159293,0.9505746172656405,0.049425382753436546,-1.9077099828329036e-11,9.908152043811264e-11,1499,9,c3b4a7b0876dd2d83ebcd523d532383fe2ad17264cc6d893c34dd1615ff2c11c,498c4681ff23c38b0595224823aa51e6b7a1ac4f4215ba579caf6f9954955b7e
v6p1if_0883,train,883,6.320135620358535,0.6831304933875799,534.3255029660369,50.60995813694102,4,8,8.160400390624994e-10,7795218666.007819,8793407030.63055,128.770617571615,125.76691023113324,104.62777936460058,104.9530550856524,0.9311075072928617,0.0688924927249641,-1.782588185049e-11,8.231734451043629e-11,1616,10,117457b9dbc141c2021109aa10d005b1666a9a9943973bde1d69762811aadea4,fbc80cb59c02cbc8390f97482878225e2f0c5261d39b1a0832bb9c18bb4d4721
v6p1if_0884,train,884,11.583524444005995,0.5396661600098014,1409.1697360986711,67.5184600642016,8,7,1.4604949951171863e-09,7990086645.45549,10205892784.076967,175.50963397151205,97.00298844032676,74.69967479310985,75.12214416158933,0.9666613111735928,0.03333868882728893,-8.817453452113392e-13,1.0511967448894311e-10,1555,5,a6bf8747a183650450281c61c187acd34eac589f6c2c8d9e1bf6d274d41472f6,076e3c74b76fb132dbcf1417b6fa9c12abd87bbc4770fd2137bb9c6bdb8799c9
v6p1if_0885,train,885,2.7139915773525827,0.04370653349906206,718.028484441085,38.822956837849276,3,7,4.478454589843748e-10,6049272209.193509,8070204024.06035,137.6193019121552,43.93995483073212,34.68674607834949,34.77000888314705,0.9586015346970534,0.04139846518595904,1.169875575761934e-10,8.750835832453596e-11,1526,14,492bacd42538cc6eb160cd4946ab7a2b03643e25c102395e80ea067d18a7c46d,ed1c646d4e774617b03c3e38fb22ace39e72d3f43f64b5b25494d88794ab5dff
v6p1if_0886,test_iid,886,5.245739869496061,0.4200852308422327,630.258649022818,20.142865668255677,10,3,1.6271209716796868e-09,3252155103.3903418,4653477593.874624,149.91574732229626,87.65892835170445,79.5620801367625,79.63557709309966,0.9725516302797977,0.027448369687590433,3.261184712161539e-11,9.121197508461658e-11,1730,12,2f0db142df6c3be5555c17e817a490de272e19a1b538df5df70db7c42a6c27fd,29560e7f002c43b604c54590518b853c8c4764521af0aef4d8425f61ae804c47
v6p1if_0887,train,887,12.904471036383892,0.9164640232920647,1003.6961635589859,127.776623210777,5,6,1.1096191406249997e-09,11552740744.107687,14166507020.842157,102.1275417763314,143.87529192932487,107.37246814337455,108.79265464834461,0.9339673482444485,0.06603265174335324,1.2198224850521138e-11,9.19239041437248e-11,1488,15,a4ca455943aa3d9fba4d92a71989a6965a36d2aeca7ab6cde49d5f789d5c40d2,82a051483f177ca0d6069539ef9777240ed543e38a844872848b86dd99b5c763
v6p1if_0888,train,888,7.5817798703534525,0.8610924948006868,543.4489063071269,139.20278305418486,3,4,6.640624999999995e-10,11409156158.93814,11630044640.702408,161.38013457621884,137.6837149277141,106.71140935690602,108.52201579279196,0.8841394868822596,0.11586051312426042,-6.520033313133874e-12,8.690856603312058e-11,1522,27,0f199f2260a6727dded0de6cf03c335436ef2d984706adf3f99f0398560ff8cd,aee6f2f5ccc9b2abdb677273dc96a30dc0b973ac7538fc3e0cad71554229dad8
v6p1if_0889,train,889,7.850758250755771,0.3648581802845001,1164.0255816968445,25.112824117183884,8,6,1.3154602050781238e-09,6060804122.304175,8959098400.697195,74.6391273481927,75.19350294348891,64.92404485348355,64.99949434539576,0.9816630224691668,0.018336977550569535,-1.9736377516771433e-11,9.141995933549535e-11,1478,8,55fcc9cb1093193e3c961a74bd95bfdf0261a55360f7a1c25578a4d9eb1b8adf,47fd6cfeeffbade00cfd8d53b6e3c0264f2e2cba7c94bcc9795cbbb6e668d97d
v6p1if_0890,test_iid,890,6.613187903423732,0.24166428204625845,1221.9878999856667,41.15701101665791,5,7,8.940124511718748e-10,7403593894.932439,8739651756.039204,92.59960074458787,68.3758020817121,51.50642681475357,51.67056796550825,0.9735633682971935,0.026436631676097125,2.670935527548088e-11,9.760569078900768e-11,1630,10,c99e9e9628782431ddec55bf979ec95e847868b6230f05f4a8d9b7d2c8db0d23,78de4f3c91a11711eb8d4d0ba439fd1c91cdf84f88abadd25993a571829210d0
v6p1if_0891,train,891,9.434235668899728,0.737463210709393,828.015069349119,83.40056251252457,10,7,1.887588500976561e-09,5008039743.739343,6041829682.343146,76.21772825304335,115.14172876253014,97.70208064763881,98.41093968601803,0.9375035615698224,0.06249643846400742,-3.3829818188278824e-11,9.022333627307204e-11,1538,7,7fee279e0e54e7056b306b436a6cbe7f5cc5285810ecc92404f0274a6272c8a6,bfc4006e5ae9dabc541b8b5e6db15561bcc208fdd274268e4a3ac09fca68e2fb
v6p1if_0892,train,892,8.795151712173439,0.5939378701150417,917.4145240923956,62.532621849662384,6,6,1.1547088623046864e-09,7632284704.176417,8894635210.707167,127.19928050040089,105.11619925889829,85.81488821622396,86.21322133978265,0.9520550802402163,0.04794491977684257,-1.705890420997293e-11,9.886171147058541e-11,1703,13,c02b3883e0c2515e53ba422de22b9b21321dac1076ba7c2d5e802af870969034,0164fdadeab9675ed0c9548d4c0edf3011cbb2596c5aaa385337f46934664acf
v6p1if_0893,valid_iid,893,2.8046581019334136,0.09807739965617657,616.9164805860064,97.63968319868266,9,4,1.3385009765624993e-09,2110042622.4970016,2727061485.4163456,73.82616390744683,44.38985181095251,37.351169296894604,37.72737938939282,0.9134473670975102,0.08655263299089946,-8.840960292091695e-11,7.011072243977161e-11,1293,10,036aec1a7b66a864b11e956b4eb040a1e66a9d62df592efb6ae4e48d9154d4e3,fba1f126a5cbf12974584c8ed0a5c415c1f72e140be35d7200128cdb29a02e48
v6p1if_0894,train,894,6.35378185197702,0.4751198822632432,730.4505776540047,188.13593483001128,4,2,7.579040527343743e-10,8327304853.541483,10251369319.057167,30.007867606378746,94.07115770753234,66.6929480308684,68.48241956647453,0.9091331133405597,0.0908668866803314,-2.0891046890421186e-11,8.953483193878815e-11,1530,34,b849f9213e74d5975d763cad7045a4882b2bc1d75f2817e6058332ada6531acf,4ed2e4c41d6eac5b621a0850c7eb1aa9fa312497ca31466cb7dfd1c9d02308dd
v6p1if_0895,train,895,19.00762868241275,0.9715367956086993,1548.367019859773,33.033556923147856,7,7,1.6558837890624996e-09,11529452402.19438,14864597886.61483,153.37590662562775,163.50162772911813,121.45820103129209,121.768414233104,0.9814482589424165,0.018551741053219675,4.363866842997527e-12,1.1317014121099855e-10,1635,8,9c1fc14dcd33e78eec6ee7cea69f8c650e5f4eb7eb4d78e6eb95ad8ffd28778c,ee5ecd8865d83847ea9df7fd385e054d9943a38823b2242ddd1ff56c78fcbeb6
v6p1if_0896,test_iid,896,11.622828188079751,0.8248734958469868,971.9916332155431,25.701525999355496,8,6,1.7309570312499994e-09,6744943210.587711,9569092636.999098,138.6483817027661,129.18465251512617,114.10308298633981,114.2342360224718,0.9775643273024774,0.022435672696270677,1.2519064850294184e-12,9.406429414224704e-11,1556,9,a4897dfbfd41da3ad31882c5ca0014509b58a52f858afa5172f198ff93964397,fa6799ce0e3753f0b0986bec430d763fe71f96d396051d74bc11759ad168c7ad
v6p1if_0897,train,897,4.625049934971045,0.3212470170110464,650.4706588853669,135.9665552090931,3,2,5.273437499999997e-10,8789341000.432077,10327037073.7693,88.49886506377416,76.75073669760616,56.46756787733273,57.464538729572325,0.908694029402741,0.09130597062250989,-2.5250951906535034e-11,8.190453557086049e-11,1478,33,e21e7c44704246c512b0172e50a37924c480328518522a50eec77ca1af796e91,8c5725abe749d3463d1a487e38e28b5e2beaa85c4e0bc2651939b44df4d18b1d
v6p1if_0898,train,898,3.8267917781308696,0.19738505873829126,683.200090892116,81.67086616014134,10,8,1.5590667724609363e-09,2559310836.4218655,3622946148.227542,86.31342096982104,55.64063014897448,47.080587351492774,47.501931130626105,0.9301940834833776,0.06980591648171149,3.491088541328394e-11,9.003773235025772e-11,1541,6,e9a63d466ac2c15a3f4056d07850d48b074307097b32ae6dddfedcf14895f29f,213e057cf83628be094398fbd5f3447da4c917da798a25baa5b649e6bda1beba
v6p1if_0899,train,899,14.41542970498488,0.701416346244514,1481.9021749211772,42.037519222256165,5,5,8.463287353515623e-10,17107032320.502523,19704403106.064014,66.7252435414786,126.79824938322446,94.12008242769264,94.3220863398707,0.9763872537051727,0.023612746305202832,-1.0375466180874682e-11,1.0366264455139586e-10,1554,15,40ce201b336a6458ec131289949793825bf247c96080a5c99b341159e43d13ad,29237d668e87e3d8e33942caaf29d8bd6a7f8577bc0678a361476df84b7a6d58
v6p1if_0900,valid_iid,900,5.537203387688829,0.5911585036665201,512.7841847818404,99.98122745512552,9,4,1.7833709716796866e-09,3128561779.3059006,4146301036.138551,164.49567612658842,102.75092231360412,85.615878222576,86.60990643859384,0.8964660031541933,0.10353399684547711,3.295859805215791e-13,8.046467288034323e-11,1384,8,8bcd18c528964bc70c3cb43067852a5a8def9142105df73f949637af595bec8f,bd0de1895db261f3306745b03ed84311f3f1c3a6e28f0ed2a53193151e6ee13c
v6p1if_0901,train,901,4.309898650036681,0.08694455772638321,1103.0496392142134,61.04664884609108,6,8,8.596801757812493e-10,4960529534.311291,5819631642.778189,123.88995828034882,46.54434186663866,35.70294985880034,35.89271690451621,0.9616076824110157,0.03839231757787948,1.1104777508000209e-11,1.0031872735349556e-10,1667,9,8fd79af5b86f6bc72ee21fb4c09f1cac5c1fb2d2ffcaf0806ced2c9143080ad8,8e71f498e93b0871bb7245e94c6acbd9844e9737002637471102e206972c8a6c
v6p1if_0902,train,902,9.923698321756582,0.46476858761161566,1306.8839025596315,32.3291477252995,7,3,1.306686401367187e-09,7572565943.596467,10056400382.283894,190.5115366186676,93.02336869360727,73.66760849862304,73.84694606509822,0.9794683721323314,0.020531627857518657,1.014993298073028e-11,1.047385544251065e-10,1653,12,e752f122ce64a06d37a8c281f3c02b0bcbe9f2cfb4881c4f1dd97c78f52639d9,75a6a86ffdb0483f3b3f8b59a601fc92a8e287f88d36acee6f3d7174eeb9ca67
v6p1if_0903,train,903,11.97993985372325,0.9684565486386418,865.8820696059997,192.2757487703099,4,4,9.192657470703116e-10,12941140985.79909,20500424271.016724,40.89807663235871,155.1358148075155,108.30321388590333,110.56876749921413,0.9086489590773011,0.09135104092942294,-6.724130089626183e-12,8.616478121406907e-11,1489,23,b91a03d6af4de9a706bfdabf4774a2ef0a43a1ee0eab251baf3c2a657de3bdc6,c865a9c9ad331d5b03826146887a4a2594c299636729812e8a26d639506d680a
v6p1if_0904,train,904,15.440812248225686,0.7539239292964339,1513.9246978224483,152.84713906891994,6,5,1.2762451171874995e-09,12145803245.249578,16371045900.318075,155.43224833052358,117.6130367285333,84.44199717382995,86.0103231743312,0.9526519691020165,0.047348030893078,4.905475213879717e-12,1.1194104942531734e-10,1428,14,9de3a2e9f1fcfc30a9cab9ad20e87e09ad50ff4df568df01ee55dc726dca5375,b9e709218fcf167f801db47606ecf7a96b12bb97547731dd503ab279494b1df1
v6p1if_0905,train,905,4.558910016039167,0.2503508822992444,747.4674393834242,29.946623555449527,9,5,1.3475036621093742e-09,3378043097.2972956,4255995985.6971445,79.96553662269464,65.6633898290533,57.377016762914465,57.471749395413795,0.967635801610897,0.032364198411753774,-2.2650811025280498e-11,8.619742361801107e-11,1617,6,01b00384d4bf119f7c0663ce64d7f9a80671959c1ee5aa03f7db3735b2465ee0,c86ff62e4b56f1101c9b118204cce48a1200e7b2be65eff6f9a357c105d626b2
v6p1if_0906,valid_iid,906,2.9238125867712528,0.12762567587196827,592.0042403071697,49.86949592698569,4,6,6.851959228515623e-10,4268875078.5344357,4704253158.686869,122.87927173920478,55.64364483336078,43.82792268820164,44.00931002719863,0.940855470485169,0.059144529572079975,-5.7249069459002523e-11,8.052870368747441e-11,1545,15,11dcad63a56f4a8fe2934aa081eb6973000bf5b5f8f72e195931aac5dd9281bd,6d281354b45a146448e9d927cdaf30454f29fddef9ab89a27277db6826206a99
v6p1if_0907,train,907,9.472558882965703,0.6317714303731918,955.4449287525365,93.47616042787736,7,6,1.3347625732421866e-09,7143352683.931796,10736041138.986761,105.92265283442038,103.48228563744101,84.73725308619139,85.4491113523465,0.9409960214245778,0.0590039785953148,-1.9892681965250894e-11,8.968489801158128e-11,1438,12,494c7dbd72cbb1e80459605e251947c2c4aac158e10687aa9717f559bf48e5db,3224ec5e4937dc168f268943e43e606b44c6afbbd0e800e07fb982c6e9c45cac
v6p1if_0908,test_iid,908,7.156225303380165,0.5214525246992707,787.9069101553603,39.29158496371822,3,4,5.882263183593746e-10,12273742904.961533,13120997996.87505,105.21327429697186,102.40002176052673,83.33955112214633,83.55025356069693,0.9610886894821848,0.03891131055656265,-3.874747190581395e-11,9.551195700544925e-11,1586,18,ac57ef497d1a50fdb3ac90c9029fc1fb9d30a9ff1577e1750123b44cdfc45f2d,124bca88b47bbb21fdba378fe4d7fd20aad86d6620e82fcda2e42212bd9e1a3e
v6p1if_0909,train,909,3.9529031638540304,0.017246241681277752,1284.9667624908698,66.69909137887514,8,6,1.1778259277343741e-09,3436273867.8186803,5740379305.337704,125.74749804345383,37.103974741066736,28.107591577653885,28.265316667615966,0.9644478864127766,0.0355521135467362,4.0487199669407355e-11,9.281627010780968e-11,1465,6,8eabfa1ac8c0355941b34d845ca89ebaad3a49843d45a4b4a02e636ae91cdfae,57d2b475112d302cc054379cdc5d3842b363efdd7e17c212aa6ea18f9ca6a77b
v6p1if_0910,train,910,7.995275565392824,0.3938113860785961,1127.3355741919117,125.9824096623618,5,2,8.134460449218744e-10,9990907521.185013,12283616571.044619,42.01464302179698,82.42242837854013,58.874764748298425,59.906939724930226,0.9475911857509646,0.052408814221973805,2.7061666520125224e-11,9.556940957612035e-11,1460,25,506e648cea7a87e0d0453d4ab59c7a794523fc01676a4bba21e5a1466054c9a2,2fbf237dfef8688b60471bc574907005b332299c6322ddce61e2bc8ff2b86cc2
v6p1if_0911,train,911,8.020005196074823,0.8975680451840162,560.8366400767205,20.43692068460787,10,3,2.1405792236328117e-09,3790562961.8858438,5145586619.880423,135.46897942954402,147.48422486842065,137.0185439465137,137.10359834844573,0.9679796224997731,0.0320203774997549,4.719829114714399e-13,8.539788412597716e-11,1728,14,a48a3d51f19a9d64c70addb4e713d8f868d3c9e612eae79fd02daef639077339,10a2997417d48ebd5f4fffd54adca941f7bf5cbe781c53332153baf020f4f7d1
v6p1if_0912,train,912,10.05233175646811,0.6056427983567119,1068.4305093108474,21.703862167053828,4,4,7.421874999999997e-10,13308774591.845812,17489527889.50405,187.84642517515692,124.83089012989075,91.3415071734681,91.4870497109081,0.9821032935201653,0.017896706473688802,6.145834770017474e-12,8.986431845101093e-11,1478,22,b42d10d6c60a7c0549d765c6e8068becb23881c281b0dd07697ab9000767709a,9a3923b736828dd42212a94f81a1de910508c93d26d2aba0d2deb0a4f111accd
v6p1if_0913,valid_iid,913,2.5119704656169723,0.10200108680874109,529.7189883709002,120.77628995002087,7,3,9.951019287109367e-10,2527260610.1151147,3328634508.435081,152.53641260288782,47.17335577222565,37.831511068857004,38.35569699354384,0.8925276959674487,0.1074723040294305,3.1207047816540102e-12,9.243757285526465e-11,1732,15,39aa3859b0a5570f0252a751e856c2433009414a9a2030be2127c67652affba3,186f90bb88fa7c4be9012a971289f89b8cec6ef1678e540af0de829bb91e840c
v6p1if_0914,train,914,7.12536692416821,0.4791004117578268,838.9352686794535,72.11892712123809,6,3,1.1016082763671866e-09,6634558864.860092,8704790272.93593,143.58544479820716,90.73282933827909,73.96675274405484,74.4992197597983,0.9458100349107207,0.054189965107984066,-1.870477545143716e-11,8.94538741378147e-11,1524,21,dc39b91a7d2e89f58f4e0f984d2b5f1ec53c09c84b90c3caf474066b8955b1ba,aac6d0723bbebef8de123181132342946f88c4afc2c571e49ed6ae0d0e5c3f90
v6p1if_0915,train,915,17.195771436950704,0.9831775017082691,1348.143539601627,35.68872030327687,9,6,2.0751953124999983e-09,8382522556.453892,11321186902.827805,161.43556415650417,144.3088491977419,121.09530704895714,121.29424576025879,0.9781278731683357,0.021872126832532104,-8.678300551425613e-13,1.0466295130584738e-10,1502,14,34f9a967cffedcaaf6ad43de95fbdc78d7ea7f87a07b022778ab1761531d82b5,ae10513da48b070cfccf6cb675122f2e7d27ad1a447f74212d0ad6e808611ecd
v6p1if_0916,train,916,8.5469100169646,0.872919631190598,624.2938655522881,84.42940544695213,5,8,1.070480346679687e-09,8067919232.882797,10974568454.770874,139.3473387139741,143.5695949700895,115.08476463509767,115.95539307300345,0.9180080053135043,0.0819919946583452,2.815049671261656e-11,8.81449308534401e-11,1682,9,f8840c9accfadf1fbb4251669aa8bdbf342c53a490b5b862039a981ac1aef963,b18151b9b7902d1adac65e4e5a53e552a708b9741d24792a0d96586c89df01fe
v6p1if_0917,train,917,7.077182317873989,0.3686599424108863,1013.2870418996678,54.22635961286833,10,6,1.7326354980468745e-09,4068587164.168068,5205790870.084846,143.10040293730583,73.76602531823255,63.44867089803664,63.72253436222646,0.9622318284874852,0.03776817151852644,-6.011631427202476e-12,9.793751061639241e-11,1505,9,5295fe46d9337e0dd37681e6d51e4768a4d876b1fad7cf5ced0e4c616da66c2b,6c60c69b3da39237db1411225c78439ac13d097bb489006a4f35d63a1959991a
v6p1if_0918,test_iid,918,7.511691778340463,0.2455226257443428,1422.6355357797324,28.547979940049714,3,3,4.878234863281248e-10,15705605795.154028,18468539483.850815,110.12948768354589,66.2169043918434,49.99273100102209,50.097717454018074,0.9836969051657164,0.016303094847917757,-1.3634163188953809e-11,1.0109357981842241e-10,1341,13,f6d3aec19a4bdb6421c8db6681ecb9c12a1cfff2da383ae73fa2e1ddbd46b87b,158ff0316571ec70ea9b3584ecc1a7875116a460e152d63d8e33161d19f9dbfe
v6p1if_0919,train,919,8.462722482727354,0.7492258790880442,711.2328478366286,163.23585634658463,8,8,1.584472656249999e-09,5276710753.514473,6956056530.312109,123.73665966857085,120.88852766368433,94.16862531998636,95.72136475049724,0.896562876628126,0.10343712339573814,-2.3864083893408412e-11,8.774610600837861e-11,1646,10,ff52d3013f59f73e0a8286191957517d65189734e48ef769e82157fafce69278,1ba0dc370b17b67085662f4067e826d1aedb12cd5d484fb0bcc32c9d273f8dc2
v6p1if_0920,test_iid,920,10.368161371259983,0.5356545597314835,1232.2712550386382,174.6537393694625,10,6,1.8341064453124989e-09,5621650621.261381,6418583080.437293,135.8304672583776,89.86027459964521,68.66463315093567,70.04216408689491,0.9369350024407171,0.06306499757961731,-2.0334497586113102e-11,1.0137664212603373e-10,1599,8,166cc85823c8a7a27ce6dabcdcfb22ebfbbcf2d4838795e9b2cef5848a97a587,162d388e4fede93f2a7d40c66493fb8b101b784cc84d95ad06d65808d7d86f35
v6p1if_0921,train,921,2.9110468109613983,0.03209674544632435,821.1043310973247,34.958067956479404,5,7,7.221984863281247e-10,4114522345.987171,4888095367.046748,86.06117133920804,39.5784856942131,32.84494994514094,32.922549054799596,0.9669091128675978,0.03309088713647888,-4.076676441662549e-12,8.574784597307758e-11,1464,8,c418b921430e0dec48eb430fc80e85ae7b511fe1be1ad54d3bf7e84d72e8d536,45183052860d083e72a6b06c80b6fdf806a531f9721f7a888fc80ed1fadb5188
v6p1if_0922,valid_iid,922,4.5587198464851575,0.40841027069836855,538.9133494831752,58.5271570927068,8,5,1.3594055175781244e-09,3357460073.5347013,4253554541.8804784,131.18111198848948,83.81073227602957,72.21326144964333,72.6623030027251,0.9307790463441464,0.06922095369022223,-3.436865293124021e-11,7.488771166023003e-11,1397,14,8bd0be08d1f1332f975190131ea3b84e36474cd0403864eaec9dfcfa752ca0c9,a4d7a7bcd460ff99012c3ddfeb01c0559509fb104bc3a26f19266d6a452387c7
v6p1if_0923,train,923,14.555568232542875,0.9125102227553725,1173.8208428165935,106.18470795105445,3,5,6.61087036132812e-10,22312658161.786148,29138599000.223892,94.08298709197368,165.9063727113312,108.44161232956243,109.5759513071369,0.9459686112249525,0.05403138878516753,-1.0119941865139263e-11,1.0795920739477541e-10,1735,31,eb127dc976686e686c08bd4a2adaf8ec202c186e9960fd5c56a00ffd50c5166e,0412ca3f924223579147ed26e7ebacaf56068d49bbbd518b915b04cda890e846
v6p1if_0924,train,924,9.015116259715125,0.8021913450211287,723.3273835701177,44.89718928809389,7,5,1.3568115234374993e-09,6726323352.532989,9063695419.133913,110.04847014859588,131.93409119993424,112.34745539080173,112.67643056418832,0.953373767584328,0.04662623244325736,-2.7585324341577753e-11,8.205357256963304e-11,1445,13,f7d8e570a30a89690ae83a1f72af7f4a2e4093e95f30d276a0a35818c5a2a331,dd331106b90b70c51d5187c79dfbd381668029f3b3f3d1cda8a083f444658823
v6p1if_0925,train,925,8.893889531270126,0.2980308048427105,1563.616799469261,77.86039999895377,4,5,6.845092773437496e-10,12619529026.113619,15447322306.129766,172.09333939914353,76.26982052739294,52.16323997339664,52.53652742618536,0.9667786357838374,0.03322136419288325,2.3279371625515137e-11,1.121102366869489e-10,1645,11,3b41267196e4eaad3f4f562fb3ef0417d965edccdced4f6534c6734bf79f6f71,2859313a8557399a009fc9eb50ebf87f0ba26d4b8232be8ef477d88b0a5d182d
v6p1if_0926,train,926,4.6478458109678655,0.1755572808906436,926.450345012261,147.85278702464274,9,3,1.457824707031249e-09,3200959681.295246,4440880403.970091,180.19285805840423,52.932953996763956,40.83395446365461,41.63924165552994,0.9319621140460979,0.06803788592930243,2.4599756263859932e-11,8.680600295093226e-11,1482,7,2605c5e6654de72514610d9c2f0d9d485c366650df9fe43da57b6c98ad97c8d2,43b532c248b2f2f5fed3bb8ab49e7e054b5eca6aa88961d62aef37fa6a8fe631
v6p1if_0927,train,927,6.997698376299702,0.6792986476793885,610.9002767428452,23.21536961504583,6,5,1.250610351562499e-09,5560931382.916965,6176426551.01547,128.36598017991525,122.56075291190206,108.02728645165801,108.13619662052696,0.9678532794971294,0.032146720522798114,-1.9927466343034944e-11,9.386260902680638e-11,1601,12,445b54cf6e2d7d8dd352c392577e96b0ebb9149da8aefbf707415b6f929e4b50,7770f82f5ef177e49218441f03ded6a6ce10f3369e67da8bb052f79780d6964e
v6p1if_0928,train,928,3.2517991940978774,0.014294461347162724,1016.1132516611332,60.60831239443159,9,5,1.1802673339843743e-09,2747037894.113192,4265264014.2466426,53.848826087889414,35.479043104368884,28.692342076493247,28.847137281221325,0.959229934536801,0.04077006546302192,1.770252724439346e-13,8.538184089479484e-11,1485,7,bbee1528dad178b85a3cb629ff4529867e389ed5f2feb8af4c7a80009cfcba33,806345958e6924313d1ef98c1ef64283f32637499dd625600f7b8bafc27f8d87
v6p1if_0929,train,929,6.0214986691989925,0.5107285408303142,644.0462213811986,102.53856713773678,6,6,1.1163330078124993e-09,5425998211.071111,6715380219.018955,79.64207772289232,94.58657352808751,77.33346693577457,78.2583856497514,0.9181929728189825,0.08180702717253908,8.478388751924596e-12,8.98582933181269e-11,1609,14,a7de6fc268898ada3d755c46078f79d1af97a7517b6a61f94c64cfd6718acb92,45251f5a315da03bbd518c2ab0cb47071c8f7b6184d74519e7ca46ead12efd17
v6p1if_0930,train,930,9.465536919921806,0.8829034753143787,702.7388686847835,194.33098809947347,7,2,1.476440429687499e-09,6425993580.790558,7641648007.194811,44.887877880554036,131.89681517380245,103.20342236172438,105.61323384692243,0.8946791109739805,0.10532088903896271,-1.2943117320555329e-11,8.91344612906783e-11,1672,22,12bce7c842f2ce1c396fca3670fdb8b70fc3d1a8cbb43a93a6919042ad7e15f2,1fd93a1e5e3a045fefd69f8c20dce0dfa54f28b7fce07b247fe53f1592118827
v6p1if_0931,train,931,9.346715296900392,0.38699532113969326,1391.3950292634265,31.41833904342495,4,3,6.778717041015622e-10,13687091415.624044,16962282829.17502,104.79330428121375,86.73001353521079,63.97021269951395,64.08039678450216,0.9810016983097382,0.018998301700034793,-9.772971414796087e-12,1.0014239996625892e-10,1395,25,974c28885f75e9e431feb6c12e2c895a34d1e321068aab1aa95eaa3cf90d8391,6145ba437db898b9e689ea29d8628997486b385f14b7e859ce50cd32a711126d
v6p1if_0932,test_iid,932,3.6572802862726133,0.2805793574079871,527.5850008085414,132.58335938843092,8,5,1.369857788085937e-09,2662758803.7331824,3330506056.940187,203.46900383094948,66.81779025905945,53.79931741097314,54.59742564452919,0.8805713645845864,0.11942863543242906,-1.701549735044167e-11,8.071084329799116e-11,1692,15,e0af1f9b5ebfed06b8f55aff4fd469a95aacd24af1145fca22c4843944f1790b,c06a08a037669b8cbd5b2ce63ebd55c6a1c7be3a3979ee366fc62479ac52f485
v6p1if_0933,train,933,11.696116544475753,0.776425969786942,1036.6647664391471,25.88905086406071,3,2,5.566406249999996e-10,20896876380.94774,23623549143.103455,123.17384102220149,138.02076660053547,107.59984631963579,107.78117960233827,0.9790558819558177,0.02094411807470545,-3.0523201941675626e-11,9.727056209299797e-11,1416,42,57db0e616d9c3c72724fe21d963da23f674ceba491147473fa148f7a0ee649f4,3d243f628165ab8d9860c7dabfd95c82d8937fd0e05abe0e628835beb09dc0ff
v6p1if_0934,train,934,12.815261830524602,0.6502871159464121,1365.7587518596217,43.25816225722892,10,8,2.0252227783203115e-09,6347121635.800709,8079641034.20618,121.49899848949806,102.54826777828754,86.6034221097041,86.93523701340436,0.9765923600265634,0.02340763996192735,1.1509238588185094e-11,1.0181353368516992e-10,1424,7,09380c9c2bb91b16d63e8defe854774c720394cad940fb2520a2295563f4084b,d1faaaa0629debfdb2b94345167c16dce6732ac4a543eb62beea7ab351145f6d
v6p1if_0935,valid_iid,935,4.165293087575757,0.15403563529253006,856.6988484108882,80.81048048525003,5,4,7.626342773437499e-10,5518199715.824819,7677500542.885218,238.05920912105574,53.617615232123796,42.415048631238655,42.68711902463364,0.9395224921130932,0.06047750789768204,-1.0775282343102985e-11,9.37142885551611e-11,1578,20,2843fd8cb1f86e240a851ccf02cab374a7747dd68f98fefa249458cd0e10f7f8,311d40446c045986a849fba69482c4f25ffe2a2e1aa89eba4976b04f8a428563
v6p1if_0936,train,936,5.4460445217104985,0.06840592809021473,1582.238961298186,64.81652872964744,3,3,3.9047241210937454e-10,14017662763.693008,15674012512.183416,71.41496431127703,54.0316149267008,32.31963961427567,32.49296823414188,0.9702533255663647,0.029746674487068865,-5.3433561739194875e-11,1.065462545498839e-10,1622,27,967e99586497886546797da33cfe2000aaa0ccaacb1bca3c0b9300d788337dd7,ff6ea660ecd6b3d41178ef949c84d7339d015035ec3937dad02e85e01eb41e63
v6p1if_0937,train,937,7.171795704942072,0.564771369099617,739.4875534357807,39.70950145626198,8,6,1.5483856201171869e-09,4640038222.873237,5804140212.72748,156.45521927027826,99.73013602345537,88.26221804874152,88.52570850863755,0.9601620947179322,0.039837905273145964,8.92175218178184e-12,8.378853694724178e-11,1395,7,aca55f1e097f98cd629d4b6e78c9781f1818a7e9c50c661bb3fb912a79b136fa,5109cf6e7beba37a8beeb43d078671ca596d719a4b765504a6298a967a366559
v6p1if_0938,valid_iid,938,8.854865769010548,0.9382051294669509,609.1348568935895,20.958589690118018,5,2,1.0943603515624991e-09,8106236751.275864,10452375852.813301,79.93865449374314,152.1034309674107,136.82822344466197,136.97202713331086,0.9709653672623005,0.029034632759716433,-2.2016990395814204e-11,7.974116814826029e-11,1443,27,b632e70c5f79595e6dbf83a92d78523f39aab3b6338b27a5a95c8f1a890d4ddb,6e44b7267278aded4eabd9b4479c7c3a42da34e07b3724ae20474eb26fc93c31
v6p1if_0939,train,939,7.156182151258479,0.44228937197476625,897.8795784932302,125.071017122875,10,2,1.918029785156249e-09,3669240323.3346605,4641618705.226388,130.09066731504302,83.6029860178981,66.68766376291843,67.44184769546784,0.9245610894767695,0.0754389104989619,2.4268600035150695e-11,9.925165455530972e-11,1647,13,ca81a5c830ea86d52cb710ab6d3c127f91a01251547d2ade50942f264efaba3c,bf4fb40a54ef089aa0a2e715fba2d626974accb3b91e39def82dc18f4401bd44
v6p1if_0940,test_iid,940,5.635283316585324,0.3359344117343426,810.3826271265918,29.62969308568373,6,6,9.708404541015621e-10,5799559353.627141,7069654759.50623,121.6363644491881,77.36652338270699,65.31398190608388,65.4142457143987,0.9696572729919852,0.030342726994626118,1.3388680553150939e-11,8.961145120528054e-11,1548,8,117e2b921060155504dcd54c60c621c8269ccd5706cb62fe3aa510a62f37093d,3ee16a00fa86d056cf3a35636b37a6ac63a831232d0d49d8245afa6caad8df0c
v6p1if_0941,train,941,13.871842125491032,0.8316666167229414,1206.5730566920201,157.2764732735874,9,8,1.7933654785156239e-09,7791923211.638123,9403317606.417053,169.07945257543975,121.36088707320613,95.92739741853526,97.50723651411748,0.9391102201766244,0.06088977983731797,-1.3942309325378051e-11,1.0254947715234631e-10,1574,5,1b62188fb88bda6e43addb45402532a25b821a4e734d50ab68b3a1bd3832f022,5d2fbc9bbf7f1753bd10ada833d3541a4889231ba53945aa64407024c250331f
v6p1if_0942,train,942,12.064669569311617,0.7043909514322877,1178.42501665091,94.15296965225546,4,7,8.465576171874994e-10,14083068516.139278,16099689765.857113,118.86747158475092,121.54044005224745,89.1720749825487,90.18695783135493,0.9553826185440851,0.04461738145395193,1.962898620058982e-12,9.714661387819253e-11,1609,15,7bdfd50422ee4b3fdd55b6b7889d00daf96bb69ee526575796091007ac4175a9,5709833dfbd5d96b97c0a0dbd321b2ea24ca178b34d2f87baeb44ad02dc9d76b
v6p1if_0943,train,943,3.3209061759816585,0.2080860985442996,555.3368862179259,48.626183887246476,7,7,1.0715484619140619e-09,3187154802.7160554,4496039669.817711,157.19673174419924,60.40790632207319,52.76065194732601,52.938569406395864,0.9376021057645042,0.06239789429296809,-5.747224668519151e-11,8.874644694609968e-11,1585,10,0dbb9efe7eb9619baf8b3539e1ad79c3a79944b0b0cf0e04ee20302e9609f6bd,bcf3344c593ddb16938ff920ef582a487b7446b43e53437fd81393836bf08e73
v6p1if_0944,test_iid,944,6.599977783464462,0.29506382904946804,1078.8105628812991,51.759075443385555,5,4,6.697082519531244e-10,9818067529.243252,12232578392.797342,118.63479492464377,71.93807067123373,55.963273641776425,56.19275057608742,0.964939816044564,0.03506018396526617,-9.830166430057477e-12,9.541666738738123e-11,1587,24,ccd8044127bf5b5b525bfb0f3ae7b6515dfe543288805d31ccf0270078ec0ede,976b964050462724b10a414906b11d40c108fa045575c811bccc7130f7e8935b
v6p1if_0945,train,945,6.738019472284108,0.7914826758205891,506.6680960587913,90.06360028467827,10,7,2.192306518554687e-09,3103915239.507998,4059558533.872843,114.88097539821251,126.07975568618474,108.61971522140544,109.71552549733802,0.9046587064546914,0.09534129355330608,-7.99748772392186e-12,8.439657938456141e-11,1519,10,822d039a48277b92701a6e8fe3cdf3e3d00d0f737e09ac6e7adcf56601eabe47,565ad43b20bf3b66f5d01a3b321e53dbd965d3b4d313a8a5665bc0c90fef1ba8
v6p1if_0946,valid_iid,946,9.303926464502187,0.6646188823506236,893.2920782464223,170.45014198127825,3,2,6.402587890625e-10,14395502443.826126,17314779444.818317,175.32553290902106,124.68053815653786,82.60160017560848,84.45377319185943,0.9219851787175887,0.07801482129899212,-1.6580770174438052e-11,9.439420438666379e-11,1563,46,1f659b355a060b6c472bec4eba66b1ba3eaae0c926db06a3ff4ed1d7cdbf1e41,cbc2e1a2f5686418543c3bd1e6569213ccfb411dbbb510bc126c0327f6f789a0
v6p1if_0947,train,947,6.022670591271112,0.16875653062015772,1310.5088959059146,26.85392922599821,8,4,1.1786651611328116e-09,5237472681.212841,8089300510.62141,133.47418373858272,54.217683242022815,44.84338851545256,44.89643439214661,0.981911227673217,0.01808877231077846,1.600444620472949e-11,9.547781948773753e-11,1486,8,6b1d94de45230d2bd4293e366058bf889ae17f11095fc0d3ba244e70acc1c72e,f6f90770b144e64460804cc10ce0b8cebcaea2469b32985e0271afeee4467a84
v6p1if_0948,train,948,2.6964423048610224,0.06234053522348404,664.2422808957176,113.226004856713,4,6,5.909729003906244e-10,4722126268.626519,6607986484.1260805,56.20307230458172,43.55044545549816,32.65785593327751,33.06993268970598,0.9104849861746115,0.08951501387075848,-4.5369937177292765e-11,8.159427584171519e-11,1446,14,8f4d22e43b5f2c9609967e3f00018d67c70d6a74191cd1ea3b3d35d5c947357e,68fe50e2017988124df8e7c09bfa94f7d9e144309b9e77c9109e1597ae1bb257
v6p1if_0949,train,949,8.922403425711334,0.5581414047628641,984.6943482188153,22.739408146584314,7,6,1.270599365234374e-09,7072754761.949559,10338822944.218552,149.70572976175688,103.80626693286223,87.84042268535732,87.93572749820943,0.9798369949933702,0.020163005015966403,-9.336594528748422e-12,9.04837582514281e-11,1518,11,57cd3c14f0c764f551609c4ad7a21974a32fee5c28a1ce7525b91feac15af0de,8c79968b79866c08158913711c4689c8e31a0639cfa713d8d86c440e2e21642d
v6p1if_0950,train,950,17.35009466453917,0.9310412229970098,1437.8469287457085,37.94236017113034,6,5,1.3214874267578115e-09,13138255929.671707,15591210019.026388,88.63009552255185,155.9226417385836,116.69923216797778,117.02352516491031,0.9787767601076883,0.02122323990957779,-1.7266171059575792e-11,1.1635819423574525e-10,1764,13,2837263d4e3bc4098da61845320b44e678910b8ee98e4dc8ac66b13050f279cd,facb2a7a83f574e3057452982de565e60ad167ea6cc2adc0fecdeadd1c54503d
v6p1if_0951,train,951,5.689293432242534,0.4348050346598029,680.4463498464197,69.07090607793847,9,8,1.502227783203124e-09,3825821204.8626347,5069822365.646049,150.36458941641575,85.8357295254188,72.1264800977308,72.54418839116565,0.9342453607775644,0.06575463925636697,-3.393130231929701e-11,7.733016291723188e-11,1387,10,bef42f862ff13a5eaae1ffe74550ee2c4f5987b522de81e3214777912584ee6d,f2fc5ce66e2f6f3107c80f89e7e6450f5eb4f40305adfdb9bc4544fe7c3e5c52
v6p1if_0952,train,952,8.09363261566276,0.3501366274431348,1245.3588244935063,73.23630533537003,7,6,1.1329650878906248e-09,7484012801.609801,12264671692.914358,128.10937076443082,72.69483913232739,57.41721327779594,57.83261767068579,0.9618941094022699,0.03810589061720606,-1.9476011942682066e-11,1.0177782769481431e-10,1468,12,6f198de12f3efea10ba5b4a5b581894a10e198a04cd1ff2092e6b7fa9169d575,1504d39f396737f8f9d8407376e12f548193072737aaa9402da5a6e6e952dc56
v6p1if_0953,train,953,10.015155638932006,0.8465173011645675,785.6177234974251,46.87894652769032,4,3,9.355926513671867e-10,10762706672.160904,13092312932.840664,123.04540638546149,143.26496282362012,116.32354515792748,116.73853411283349,0.9565793877588253,0.04342061223531773,5.856886944155678e-12,8.374843664696018e-11,1592,22,684fbc07ec7a60c36c1b7f4ac5aeaaf6ba6297d789cceb0ef3bae5da66fbb9a5,54724fab2226435b025279816063f6fdd4672f3ae9519503db4e2778c124de80
v6p1if_0954,train,954,6.9294679643540675,0.7189897745847702,573.3575999997772,24.763246635533896,9,7,1.685714721679686e-09,4128126321.2142825,4789490777.893428,132.28224402197117,126.48150963289737,113.38375416865003,113.53084619375046,0.9642689690238102,0.0357310309794965,-3.3066838689782605e-12,9.046921617048782e-11,1699,11,4be894815cc4b24d65ddc677f7b97b3e5cba782a7ff5241a78b7152bc345599e,1addafadb7e9f105a15cfe3b0ac92bfc193a081e460bdda5d998b17b0a47ca09
v6p1if_0955,train,955,6.0421684777894775,0.22302821464836597,1140.7792684890912,141.11831802097484,6,6,9.132385253906247e-10,6607089622.898507,8592433333.42516,141.68381467673169,56.97946909539752,43.817523017923094,44.4602044532252,0.93768800406824,0.062311995947223406,-1.5463457760607943e-11,9.230623348511305e-11,1392,11,666921d0bddace9af82fa654244d92b15a610f06c83d10a34f08c98fe45ef813,83cc8d44685cf08f6cbb14c14fe40b921118fe59a30405d0dc331a80e451725e
v6p1if_0956,test_iid,956,3.5041961551064196,0.11667328607290983,770.2483630583885,33.478714949359436,10,3,1.5251159667968738e-09,2281777405.468421,2577953635.1618724,52.95591557306445,48.84395639750784,42.608160688393795,42.674033012345326,0.9643306745327161,0.03566932555708851,-8.980466460492806e-11,9.299451693104037e-11,1667,10,3bb4dfcc3690ae147964b1b4ed38ae87b7177d172faa1c9546633de5cac9d15f,2f4d09282dfdb475fceac5c497e2e4935753d4feeec07238d49e597bf78ba0e5
v6p1if_0957,train,957,13.380937908858442,0.6124512339010835,1519.8591746031966,185.67353979849298,5,5,9.70916748046875e-10,13842466537.892965,19071642637.4676,121.87347111888758,113.8042559227597,73.50447031086433,75.04340394993541,0.9473049405353619,0.052695059467356725,-2.7185282264676926e-12,1.0660996018561e-10,1510,17,02b37000f4d9aeaa86728823804059e94e3bec95a887d22e85c58955fa8e215a,55ccf3b60a12ef70333d30a991f93934d2c9d6556753a2eded5e07c52dda7b0e
v6p1if_0958,valid_iid,958,12.914358486433983,0.9861369114369154,935.5174732561551,111.24548564799358,8,4,1.543426513671874e-09,8497365640.440054,12795424051.403255,235.88414765219883,147.55696112496247,114.86145047363394,116.62356649024095,0.9414955057953284,0.058504494205941004,-1.269319182660915e-12,9.27177897758353e-11,1554,16,e43a2591887799e8680803a5eac26214e7f63abad239993e22ef2e7a2849ce2d,86ec0c3d86639c678bfc18775250a9b46fbf20ecbab6106981baaa89806261bd
v6p1if_0959,train,959,5.429159054166426,0.4898167662322521,584.2752938057731,54.86531367330404,3,4,6.140136718749999e-10,8848597326.830112,10495509983.821081,129.7721245422925,99.04577528886364,81.74298582363636,82.0733404378006,0.934805006049141,0.06519499395778795,-6.928885198419979e-12,8.67550638172923e-11,1602,30,a1a098cfefacaa5c8cf5034173fc3ff0bfd4bf9200b487839af2fbd9ed56daf7,1c2f2a9a4e07ae6a5ae1857c1c13317e3f8c0e3d0f0e037bf386af12dddab55e
v6p1if_0960,train,960,11.930629050437881,0.9179978258907795,907.331633636027,91.20876093085535,9,8,1.9367980957031243e-09,6228853979.773098,7379090266.737822,152.89669030116897,138.35229344235506,112.04739846500011,113.20968595174226,0.9420249919811667,0.057975008038310946,-1.9477682387616227e-11,9.002421585268595e-11,1603,8,f248b4a55057aa25c7c9b2bf40de826d839b345335d5cf2203601941648f0381,eeab1aff8d92dbd5280db4ded1325a8279cfea235e70e18ec23b86dc5c0e49b5
v6p1if_0961,train,961,5.012795486912582,0.41440114937722683,601.1646317515133,50.19496370738746,6,7,1.0105895996093743e-09,4897027803.001383,6129001694.305046,149.81049701160916,87.9533883890764,74.0533446857567,74.3678195356494,0.9426172249285575,0.05738277508746242,-1.6019944866691205e-11,8.498489735104809e-11,1603,11,a06386a8303a83719563db24d4c7a3d876789200d59c4ee9568324780c171df3,157780e73902aa1ed7d8a6bd4b2700bd0a75a675db455ba2ccd2c61103c2aa8e
v6p1if_0962,train,962,2.758394078058759,0.04170017037540674,738.6206254171046,30.585598335546464,7,4,9.955596923828123e-10,2878931307.221114,4186612082.3862405,123.3841812482651,41.32778862341439,34.7926737687055,34.85667918762149,0.9666873580308083,0.03331264201462721,-4.543552907169609e-11,7.942690075836225e-11,1419,13,9a954f78818970224fcee89bd604ebbc5ef2923a7f34f5170c89d6ef34ea9b41,a9a47cd0bd3369b43bf31cbbd55904ec165e8adb530f93cd941d2a991ad3455b
v6p1if_0963,train,963,12.830310718240067,0.5458227721974254,1588.824738181986,152.35832362921536,4,8,7.603454589843743e-10,16866918221.56308,20143522783.760746,82.5676400538565,101.80199525383813,68.84474246162075,69.88417551492033,0.9502027908838201,0.04979720910692199,9.257876270147663e-12,1.1920055524881872e-10,1648,10,4366ffe085cded4bfcaf47454e71adc79cbea75e71742da13b11827f71abefb6,ea3a980427b75f7d92c7f4a5589081bedf6f6e3dcd3923b034857ea873e7d593
v6p1if_0964,train,964,6.480000513433902,0.6855034176260233,549.7858635346236,20.314615664823567,8,2,1.5343475341796867e-09,4233262111.5165243,5394265901.948525,99.28053471260812,119.41922270923419,110.95069705714081,111.03131231968479,0.9681955363470084,0.031804463614389746,3.860184328361909e-11,8.181651085932945e-11,1404,17,081045eedeb7df8c077c3da345c932d0188ee7a4447ba772d0b4e1c7aaf4fe58,2b4a8cc14f45cfd00dabbc7ef384963330aa49f3b4d7efac8e826a9117138f57
v6p1if_0965,valid_iid,965,5.74463670820076,0.18131927400827408,1192.5237153367816,129.033470516597,3,6,4.623413085937497e-10,12109650766.102364,15290565889.546719,117.85928371209884,73.8740319728305,41.70261090569086,42.36818425675776,0.9442571154903999,0.05574288451982343,-1.0223336600015043e-11,9.925372951040873e-11,1717,13,1a01c54ef61a59afd22f4f97d78cda05264403c1d379e27a245740738df079b8,e0a12c28f88cce73a00278d50ab9a383bbc1f98bc28ba16043d6804fbd2f0900
v6p1if_0966,test_iid,966,7.375033618588563,0.3078631153330207,1207.8177624406662,66.8700387792588,10,6,1.6712188720703116e-09,4464601418.158617,5589831489.426237,152.78568196213624,68.10919812636763,54.68707967434852,55.076102659317,0.9641815029461375,0.03581849706134885,-7.486263708222479e-12,9.484137782059267e-11,1503,9,31afe59fe9a58805413253dc90f8fc64f0629cacee452cb5f0e78c34576aabcb,087e8d98a2b3121c792e555d7cada6da7650844879968a6e0691dd7192bbce7f
v6p1if_0967,train,967,9.927258074324682,0.8116423906758428,808.2850019348051,38.48939794985953,5,8,1.016769409179687e-09,9762366152.18919,11534012158.494987,129.28738804642822,131.10065547176504,113.21634548860267,113.45617208163017,0.9627095189768795,0.037290481039784745,-1.6664308509907652e-11,9.106761996439222e-11,1490,7,268fbaf7a349b4c2022fcad02c5a140bcdd8878cbf7373883f83bb364b373770,496fe28d8a7d59111ec8d2fd993dd079d66b2d77dd3303977b80f11b1013ee66
v6p1if_0968,train,968,17.586823152020372,0.9732994800433517,1400.8581489355352,41.55426869947866,3,6,7.226562499999996e-10,24526028583.635326,27080277196.8681,130.0298336851209,150.7512837064872,117.01980501473298,117.36991330153982,0.9769851171745911,0.023014882827626565,-2.217659176216197e-12,1.0713041446259744e-10,1385,20,fa50e2b0df46d49c763a25d73a9fdedb84fbf96f31772ea1d634bee85584d6d5,8c899f969848e9e0d3503eda40907b0ffc06feb3646a52d2527d2ac8e29b16b9
v6p1if_0969,valid_iid,969,6.078457924524834,0.4696952002122998,696.9015902986323,84.12553888584078,8,8,1.3865661621093742e-09,4435638080.511689,6564708606.755579,78.54542679189447,92.59242914349818,74.73118007046492,75.38469365467205,0.9298181145237805,0.07018188548910402,-1.2884484463786087e-11,9.188641098902693e-11,1697,6,a59fbf81fec033bc23afd3391f86c1528284cb2a6387db482c40e1dd658ecb9c,3481388c56a7f23495fbb75655630a253cb8605324de30056da8c1d660204a65
v6p1if_0970,train,970,2.849072221690414,0.09581163711845875,634.04317268541,138.02223775681304,5,5,6.513977050781247e-10,4290904399.557695,6149513253.461978,170.86669161764493,48.29838277563084,35.27752015102303,35.92794568153347,0.9038571897536082,0.0961428103026797,-5.6287835198197985e-11,9.230756797449454e-11,1698,12,34a90ea9ac6db8a7f1ae6b49b4eaa25d09f8a28bc66a2c44bbee737382941146,2fe0a820710d1be5da19ed6fe5d91f63a5ee128d6030725bea2033d052e44ea0
v6p1if_0971,train,971,9.7324239255707,0.5998656004667282,1034.049780195885,24.869301847096157,10,3,1.9470214843749993e-09,5025835874.797874,8001480907.473728,242.6714673100687,103.60278742926891,90.74566071130705,90.82852582633738,0.9789425907214289,0.021057409275120217,3.450906993128494e-12,9.04200292296204e-11,1420,11,673fb601660e1335044c29caf949116f5a6166232793d14def874be29acdc36a,2820609742c46c7019eb664245fa5be9d4946da3cddf7917c40bc8eb4df3b19e
v6p1if_0972,train,972,9.676204693020537,0.7396072531118989,852.7258173776445,186.57153190739493,6,4,1.1247253417968745e-09,8661606469.945301,10976110076.68652,44.93294038821201,119.17744831315838,88.26419309247417,90.19670057638011,0.9083786829224888,0.09162131710063523,-2.3124070362145502e-11,8.144321182146952e-11,1492,12,a3bf9b938969a98cb2f69bcbbc542aa8d0bd26e6a7a6215421ec2837e99b51c5,06cc9c1587985bc0a19f40d1440cc22f265edaac0b653a091060570089095072
v6p1if_0973,train,973,7.177561932900485,0.23536973726004362,1376.2209908055413,32.725584614474535,9,5,1.3983154296874991e-09,5251539809.750251,7252343465.5655,124.72426913259066,60.52829951953407,49.908863037213536,50.018317746337665,0.9804125475323224,0.01958745245563106,1.2046511935355841e-11,1.0358513029977853e-10,1511,10,aba93f1cbd43b7e6cb4390a95b353a04e8cf58d92d316ac8642319f4461d22ed,772e418633b929859f341f1f27bcb334ca99513aace7b68d57931657f1b560b3
v6p1if_0974,test_iid,974,7.224313714252217,0.36321816965937614,1051.0778878619851,63.130102828700245,4,2,6.77871704101562e-10,10767367343.946846,13291926084.748909,83.03301192560261,76.23849516889601,60.90225131810266,61.300320767659414,0.9611954287261891,0.03880457127908366,-5.272823224143345e-12,9.237194074102336e-11,1429,35,25f1d098a5b1f1fbda3e46ba0af0ab2529b68d649dbc76ea952b8fc76078b175,d668cd92c37032a86b77050f181f660eee3572802a64cde805a69d03a95e689f
v6p1if_0975,train,975,7.347366138540082,0.8668830376118422,518.9490728502237,98.44432550321375,7,8,1.4123535156249995e-09,5273475598.642013,7261005063.903578,148.1953520710708,138.38645541031968,114.9143938885048,116.01788295691365,0.8956909814210674,0.10430901856887143,1.0061198873496575e-11,9.409975607588169e-11,1707,9,66f5a0cb57b3bee4be3b3fbc3be0fcb2f42fb73ea9213dba7776bb91aeb29d9a,98d57766b0d0081fb5fb2a1cf2534d8b39be2992b6034bf5b684072fa1474753
v6p1if_0976,train,976,10.997325397061037,0.6372131733223796,1145.5262208344175,106.80171145222488,5,3,9.857177734374991e-10,11373120835.801428,15632319291.48558,168.1485030404663,116.49010460664738,81.291727432786,82.27526772993971,0.948699030203611,0.05130096982691819,-3.052921016475095e-11,9.97566906825231e-11,1455,16,46b6942128c3b044644652cfe484f79d14305865c0cd764191337a3cebf662a4,ebccd813ec5123c0758a7d0994d80a1827b5be92d8673e9e7406b1d96e1273da
v6p1if_0977,train,977,2.889778668044376,0.1336622992530465,572.6873081457023,57.14714526168629,10,7,1.5384674072265618e-09,1888037600.4719772,2325299549.5411572,101.87331914134357,50.7978066463935,44.07181598131471,44.31018010160406,0.934750929538154,0.06524907038944797,7.239804032553609e-11,7.69320820263924e-11,1560,6,34a082bc0c48ca9926bbe1262fbca0867185a387082421d8328788d74adb0792,36b0f618bbcf98fc1d846b54fb30a2d6f40835f62c2f066bd82999e47d9ff6ce
v6p1if_0978,train,978,4.776895805815652,0.2599694784730673,775.340848116953,34.87107562437134,3,7,4.5501708984374973e-10,10495292262.563063,10919236359.250237,176.06018088917497,72.3483399812859,56.948146796724096,57.08313969347716,0.9649081914026806,0.035091808614468305,-1.7148851690886974e-11,9.083631408023612e-11,1599,17,5d04c0b9035c847964bf685f03a2876dc09a5924a4a928c480678552a3547c8d,120a18bce228ff6b6493d6e5785e95d6acb6bb52c1124df62c0c76a753371ef1
v6p1if_0979,train,979,13.473597733790786,0.7640768475830555,1258.467361974651,178.25663520561994,8,3,1.671600341796874e-09,8166289569.971266,12751873607.405409,86.07870532641716,118.79565340920095,88.64269161954844,90.12717146691527,0.9328806915539355,0.06711930843873781,7.326718411950924e-12,1.0090438297736539e-10,1585,13,a2ec6514ef06ec6916c1cb564f5c9b3b7c7376ffa877f3ca3b89ff89c3901815,018eb7788246628c19f662d29d707f4b7545bc15d993c6470dc395d9f4fdbc0d
v6p1if_0980,test_iid,980,8.309954676772477,0.9037574650719762,582.7635697685303,23.787424363942254,4,2,9.528350830078117e-10,8762466409.27715,10488044938.761168,21.76907921152936,152.84573147331605,133.96494260802115,134.10292620448956,0.9654235328143047,0.034576467206197344,-2.0502043299574723e-11,8.957599608080803e-11,1632,25,59730c7cb28c992fddda434a1b9c85fd3fa81c0db34197fd8c995ba67e3be54d,86eb3df4fd35fd92a1aca3dbe37c8686a221c134be1904d75f70be28e31cee0a
v6p1if_0981,valid_iid,981,6.964207612724882,0.39958861377090216,936.479424291526,146.90473890516293,7,7,1.1206817626953117e-09,6409923606.392402,9805800282.432524,85.90093501516742,79.33881482611525,60.804382520117784,61.78715376772006,0.9274904788480044,0.07250952113992665,1.2068963336661717e-11,8.460094771855535e-11,1417,8,e3dc5135c0a54c3b3243430d3290010000090b2a0321d7acec459762da4f7959,4a9e9374f92ef8c51ceb3a9c3a696a041da1d3e9ec15f7a58f9cbd8551566dc0
v6p1if_0982,train,982,4.704675316418276,0.027124233543872833,1538.0376529174093,76.23931214908586,6,4,9.520721435546873e-10,5051514802.393368,7152011305.441859,93.0950308327723,38.300947765824105,27.410432383824645,27.649285467747916,0.9690500274989509,0.03094997251438121,-1.3332079318881337e-11,1.0145289388592899e-10,1356,14,437330be317f2a6eec72a362fe55b46dca0ce780cfdd3fd97656e1add702dc80,1a8f0d5f5bdb67bb419b3b69025d7e61251a23dd966b91c107ec93ec1204dfe0
v6p1if_0983,train,983,7.054918552019965,0.5308577660471201,762.5499662157941,45.0316427962468,9,6,1.5644073486328119e-09,4563037825.538692,6500602577.622425,72.8828228935801,99.12195814618093,85.11134172692684,85.33175034001252,0.9549130597166648,0.04508694029230166,-8.966480254916496e-12,9.07639234569553e-11,1745,6,51771a6a99269b2904032f2caea907cf5476d9d9df75c602f4d760e36013cca6,00d0bedd9ab9bac8ad50f396079d705a8ceb78107394585e3dc5e542c37092d0
v6p1if_0984,test_iid,984,13.131517211543564,0.6915840655565262,1333.6466320257375,36.77719928835861,7,2,1.3457489013671868e-09,9754202867.665712,12466649712.71787,124.02940652080702,119.51291934769665,93.78224382033322,94.0140991835154,0.9775044181141835,0.022495581881823837,3.9926548744892006e-12,1.0330665809160027e-10,1550,18,2792079f6aa33bcd49aff90c184e606504d01f7bb15b9dd259e0f736e967fd84,1888ceaa2ee19d25c93a824617d7cb2d1bca82cd30af236c161b89d9f86232e8
v6p1if_0985,train,985,4.580104542457761,0.18793398328125477,879.4169204021211,71.26045498778228,4,8,5.65719604492187e-10,8059684534.882449,8733821850.74815,89.69489444538856,58.32128119536668,45.56100578409974,45.88291447128875,0.9490357186438786,0.050964281372735405,-1.6613993191546436e-11,8.875326501958386e-11,1483,9,9c6579c5f7e61a4365c59d1088952657902fcde909a9d6948a8a9dd87f3bbe16,0818fb17e67196eb0e01fa872b5ded8ecd72f79d6ee98f2c9700856eff75b885
v6p1if_0986,train,986,3.733133427067473,0.31504227686673403,502.4589421647076,116.81524059523211,9,3,1.4830017089843747e-09,2530491519.855915,3541374738.1112766,204.80194462044815,70.09613713026926,58.109470188764575,58.95800139061708,0.8907798100701819,0.10922018991003765,1.9780460501976732e-11,8.31711016416697e-11,1417,9,29396acd1e54960d76322286800092dc306671872b83995d1fffde54dc912346,76210ecb392785547addac5e0aeb602936a03fcaf73eb8a5ec035f43d618c0fe
v6p1if_0987,train,987,12.622713212972897,0.8191114729270339,1086.1514121796083,22.041103954017263,6,6,1.3049316406249989e-09,9964047977.358355,14679485827.09578,76.50947650698514,134.65779145462665,114.50233364821939,114.60469255948715,0.9816522715427388,0.01834772847469323,-1.7432089288171387e-11,9.325399775564169e-11,1639,9,910a598f17bb37be1a5eef66b6da599f7e26fd60f0f480c24e158c391e7aad6e,75013dc535e95649ce122ec1336f5a46614fb37aa08186658ee991e37ebf663b
v6p1if_0988,train,988,9.699905851779196,0.9588531535118818,669.3060508828919,165.12294217597918,10,3,2.2791290283203115e-09,4273183555.2922487,5886648553.214167,139.7530410300559,138.47962523553946,111.059121264845,113.12653370621945,0.8911255203573664,0.10887447963969026,2.943401490915354e-12,8.639313531304355e-11,1531,13,17e93d95c15f3b52770dbd55e7242b24f1617473db8429f61e4aa1d3433aa4c2,07f8c141be6bce4b925650dd7487d1c8202c72cc191285ffd19606678948ac60
v6p1if_0989,train,989,10.67216497633634,0.45460034534335136,1457.8394718133686,27.720770617640056,5,3,8.566284179687492e-10,12682624910.858494,15995741704.36748,236.43823935073218,92.48278137911518,71.46716402328231,71.59414846128698,0.9835614969995569,0.0164385030135096,-1.3066515463826682e-11,1.0807921414133414e-10,1615,25,a56620844f564d8a54e8a4b39a6210f30416f5087fdeb21d28cb5a575e123a63,02a588bd80b0517491135ce00ecb372fb0f6789fa348b99c5a72f4f2af266193
v6p1if_0990,train,990,3.9057186671706807,0.08145698439329863,992.2386046737889,53.42986711446805,8,5,1.1655426025390616e-09,3381657121.127865,4807434488.053484,97.46154191871574,43.023887949674304,35.373619516534745,35.57636325826497,0.963691669973762,0.03630833000332063,2.2917353088075148e-11,9.814912080171732e-11,1598,9,cd9bb7cfdc3c9185eadc167231249a65b4564b77c4e2c0855e1203b6591ef475,ab3553c393a995f492f3e426756b8266bc839975e72689bb04b7ab577055e412
v6p1if_0991,valid_iid,991,6.722127856756112,0.5851675951853395,661.1595986886485,87.24880120277543,3,5,4.843139648437499e-10,14335166794.452621,18908774580.33409,201.55457888407508,110.20004269269833,85.99377762792975,86.66670699921629,0.9216954541739892,0.07830454588682163,-6.081087183111401e-11,8.599550914946675e-11,1552,23,0721857afddd3a7d25745ffcc9d4d317ef6ab57bc4d1a315cd08ed5b6f9d8ee0,f1a5be9336dbc7ac906a6b7e26baef522609d3eeafea6f0b375ec5061d6b8897
v6p1if_0992,train,992,5.329863006621753,0.2324792305007577,950.8778598696294,120.952183717212,8,5,1.1453247070312492e-09,4621986581.816813,5465682108.828433,124.64558744508675,59.03819105785544,46.26771367062133,46.93351474626995,0.9356589388939811,0.06434106115027675,-4.4257918385487987e-11,9.413879210087758e-11,1492,9,50892ebea6f7a8d9a0a3b2eedaa72cdb99a2e510554e66c520593ced521ee634,197cd861e904fe3284dc05704845d6cd156c1abc7a0b87e970e3a6c85ebcd276
v6p1if_0993,train,993,7.219029638377528,0.7288219956681132,596.4538549028559,21.287230696697513,3,8,5.487060546874996e-10,13075020187.828287,14458106989.25961,171.78254006424405,132.8509765850315,114.2138204285018,114.33994773141967,0.9700943784331875,0.02990562157462317,-7.810615291747718e-12,8.644056078270254e-11,1527,13,a17afbb70b673fd8bdeed3fb35243b2e17c33f9df21e30d15761ce4bda5153dc,90c004e4f195b2df5079e9e2819f3dbf6fe3bf6c1b54e45f689eee8aec14a027
v6p1if_0994,train,994,9.782985604059569,0.8522792644798756,757.7512951655979,40.926384849819165,10,4,2.137298583984374e-09,4632248458.215095,6431366570.570994,47.176905551906415,137.87581731506452,118.38425793426607,118.74320477117593,0.9591673822471518,0.04083261776444172,-1.159349517695913e-11,8.640167797737687e-11,1661,11,4bc0f4696397c8f51bbb2870626d4ba91156667ae34279fa9b393104d72c8b55,af2f33917648f1e613b71aec6f47888ef7c36454a76fcee8bd63a29ca9ebc92b
v6p1if_0995,train,995,9.411285699801025,0.3563413079828024,1488.9304825004472,64.03594610760176,5,4,8.171081542968744e-10,11479055782.396889,13959350717.098692,112.10340415880195,79.54134584945223,58.96527248590522,59.18712984952134,0.9678663399111069,0.03213366009960031,-1.0707245742526225e-11,1.0565058971071979e-10,1542,18,07a491246989acdc126097484308dadf52d1c687b4097e59fd604be87dd09b7c,1c0791bc849208694033cd10fc41c4cd5b559b4084d4d32eba5e736f43482a4e
v6p1if_0996,test_iid,996,5.353278105505922,0.49998494889587164,564.5714567400652,47.90524230261348,9,4,1.5775299072265617e-09,3364988210.537006,3995089863.667022,181.16880334061574,95.39754555433598,84.11925024230162,84.40379097273777,0.9386387912753598,0.06136120874410889,-1.9468656339303627e-11,9.2877675162321e-11,1698,14,c14a7fd5f2026b691dcb8dd5e0527e36256c28e94748a759774be3254f53ae0f,56d8126a4fd28647904dbd45f851326d0609df08bbf37de2494c6b9ec5aa251d
v6p1if_0997,train,997,14.976855904689856,0.9957402469590306,1117.8139306852624,97.31068981156216,6,6,1.3836669921874986e-09,10890523420.318745,12747934785.633873,212.40112647780424,144.34893317931045,114.97215093158714,116.17730977293796,0.9511962178332193,0.04880378214650734,2.0273340421654613e-11,9.258093938642282e-11,1361,13,56a8f566ed39139d60c3290c2470aa60b983e9983cab07967f2ecac1b2260976,06fda19036805a3feda8588a9c93fee498ae4cff7adc8586d6c75104ab7a844b
v6p1if_0998,valid_iid,998,11.650773575746907,0.6184420827776194,1264.8310356984123,159.1171129273199,7,8,1.3348388671874993e-09,8991408719.884022,11878034587.314524,122.26349562225448,101.39135619537444,76.12601561636734,77.63800742110116,0.9452365069850069,0.05476349301441593,5.771442322887688e-13,9.933992853992583e-11,1485,9,166b496cafd309397111cb31a9459ba21fabfcfa41c2566a89f188b68638c448,45ab52d64f8885dbd6757e3d728037a524767616ef9004b19d78bc77046d3f72
v6p1if_0999,train,999,3.666089228419663,0.12216079980134964,801.7021830819203,28.76708108544752,4,6,6.811523437499995e-10,5418219751.402937,6367641475.787317,95.69516889240616,53.51501249950343,43.71486032232931,43.77119307481142,0.9694997803398541,0.030500219693618873,-3.3472984880447514e-11,8.72215213236448e-11,1647,20,595af6c13ef4304c6c1ae8eb783271d505e5c28526bd538b4fc2d0316789a632,8ffe8dc463dfbf0f216d65cf24ce78b7fc9ff48f2ae3974c62d0880d25de9f3e
v6p1if_1000,train,1000,6.496146416520201,0.1627198476344347,1466.8795205141105,31.335767849837282,6,5,9.446716308593743e-10,6952431976.342606,9431083276.615646,147.54470042126846,58.7555352497219,43.427362244543815,43.50258616300379,0.9815834877597979,0.018416512248514424,-8.312346905036479e-12,1.0805944730404746e-10,1671,16,aa9035f9df7435f2406d5ceac832b652e66c47c39f13ad4b349b582571d52382,7202e9a5a90fd129a86a0aa339ee7fb452165ef7ab8d65a4d42aa4f851f7e7e9
v6p1if_1001,train,1001,7.554601863423756,0.6591770797967911,691.2749960093458,198.36757184415595,9,6,1.7515563964843736e-09,4366906341.221907,5638388329.777659,165.27928585542716,104.13899913906693,83.90005534668093,85.83907719791888,0.8953358964299478,0.10466410360159607,-3.1543899332190464e-11,8.475397394068619e-11,1423,12,9821d424103dc80c68b817d9e483b572eaead634b2ad4c3d0e3bbed0a481f87b,2d0eb9bfd6f36d93260431a414958d158268d14e0bbd8982d0831acaf0dfb0a8
v6p1if_1002,train,1002,8.136589550096872,0.7813296979293227,651.0485296413118,103.14893659891708,4,3,7.640838623046868e-10,10592342331.820482,11969312079.659184,132.8010928070687,126.97071789314526,101.95283298181509,103.22116262928063,0.9178571497512097,0.08214285027261481,-2.382445665807891e-11,9.102496405022134e-11,1538,28,4e8e5eaabfd8b0de3f824dda2bab0ca6942a02ef7ee76b020b6ee4be7bcaaf42,a3a92ba6767dbc60dcf4d9bafe0953cd1388e32d422da94f68c26bb5f1fde103
v6p1if_1003,train,1003,5.964554153017456,0.2854451732710004,969.3369922957557,59.17087988139111,7,5,1.2122344970703116e-09,5001249543.326367,7243639294.294812,129.2901167713237,67.4395268201273,55.64368448128742,55.86610583985254,0.9561609628941294,0.043839037065910434,3.9960127470799745e-11,8.679518012316013e-11,1522,7,b36fd777855c3d22236c43e09bfbde39984bcb5b4631a4fd47da15bb823598e5,deffca1faf609c117441a9fa3e09db65fce57d9c70a0385ca658490f8d2479ec
v6p1if_1004,train,1004,6.883222545854126,0.4290277473628521,874.8740108351503,79.1168933186969,3,7,6.060791015624995e-10,11338507736.828814,15773797383.431608,81.74185778048377,88.84261785787311,68.02905376778486,68.48825062726908,0.9421228723595528,0.05787712764938678,-8.939659678401965e-12,9.12669886537636e-11,1565,14,f8c867f0a0e334ce2a5b8f6e5fd91ddbb0596e7ea9d2781f6ed14dba76cfb5c1,2fddd477627f1efadbc34d754cb9ba9b320866ef1db4fafd315bc372d35b90d0
v6p1if_1005,train,1005,15.839960220048905,0.924851743504405,1289.602269564147,43.393782188927,8,4,1.6954803466796872e-09,9441065338.743492,13419546935.751621,148.63511172282776,137.9655669511119,115.81041412547316,116.14088554581221,0.9739112000446805,0.02608879994997053,5.349059555280656e-12,1.065313656912486e-10,1591,14,f77da51599e9dcc3d37e4ffee245196e9f1c297f2265b0b51fa5e2f7d59bf44b,7c3a679fe636c0cef2220c9c69761f5514b9a4eb29b3fba1bbb608588b473026
v6p1if_1006,test_iid,1006,9.640628592083814,0.54873610381037,1101.601273988439,26.530731355913264,5,7,9.404754638671873e-10,10215214446.224234,12584380440.280563,118.84335991426325,106.60331819451062,84.52748551584907,84.67785509121268,0.9797652067922666,0.020234793211210977,-3.477601566870782e-12,1.013370344410503e-10,1686,10,3d4d6997ca3b336db1726e4c1cf75188d71b4dbfeb60537aefedf826be121963,7e3c4662bbe1a0b67d987013992f0c6bacc65d5da65b9196baf79e30300cade8
v6p1if_1007,valid_iid,1007,2.142271003945935,0.05246248375624418,514.8460101086484,131.71463531601086,10,2,1.4466094970703114e-09,1508747600.4637094,2123988525.0468345,104.86279478761907,39.288744056028406,32.27059501978415,32.715973698343056,0.8791783731608201,0.12082162684054852,-1.368609512606435e-12,7.350783416413289e-11,1396,14,bd85a3a3fb78d2134581b7a1ca7c55115a733c80e808de64af765b290de6444a,a944d48ad12ae4f00ca8a07ad7da5f518a4e780de44b6d26ec9271c7945e996a
v6p1if_1008,train,1008,8.84071543072558,0.451694643124938,1154.440368499155,143.2316787442947,4,4,7.402038574218748e-10,12132368365.56203,15401223780.405703,154.42931436377353,92.01576516807961,64.0799759545631,65.1465340458132,0.9393105373754973,0.06068946262382241,6.802956407913458e-13,1.0282498979749466e-10,1677,18,30f70f6d7ff7f554ac4bd50f84717ad67c2261ba804deefe00a84bc7358babf8,719b48d72db9c8d8285d0dacfdf58a751a728962a321f3d1ea30952e4c876d9b
v6p1if_1009,valid_iid,1009,8.19103386733031,0.9480832107365131,546.3297091230631,23.964785492504852,7,6,1.414031982421874e-09,5847717965.505275,7699180970.382577,173.49414484245062,156.0258435426344,139.8569071751598,140.02785425007778,0.9640076729990198,0.03599232697408931,2.6890883840556048e-11,8.631290244106328e-11,1561,6,23e7583e94fe4d51a6d1c0ad517f7cf6c45b6cf142c66ff0fd59f433ed2a20ab,43cb8db62e8ce8b33520f3fce55034afb57d8c571181e439a500b014c7c6fdad
v6p1if_1010,train,1010,7.889647875040923,0.5705486265942454,827.2787008553528,46.34652821002087,6,6,1.0041809082031245e-09,7827014045.666634,11268700112.845398,182.60466198006182,104.52601042252991,86.35538289517515,86.65871048291191,0.9592291586824402,0.0407708413036172,1.3942560963788527e-11,8.695817780362418e-11,1484,10,6add5fc5ef7cc454ea691775f385e345d8255de9d66d59a3457d41c71bc15143,47f916722a7dfaf5afae18f5757472000f93b5decea610f7dec15e2a4e83b725
v6p1if_1011,train,1011,4.531011985645153,0.07459543738514185,1226.3796474961255,75.42691162103625,9,4,1.4366149902343744e-09,3178238473.806125,4495317499.111857,114.90581142696307,40.20861064697834,33.15284822579802,33.33858260237844,0.9582898099673552,0.04171019003990458,-7.25984946275256e-12,9.631005086307383e-11,1496,9,83ac4e81b0594b2220863b8fb612a748f974c58e45e35a3730f3fb91ed0e6334,9ff254d52442d2240ba314f87ee010f1d6e1a973ab834ffb4dbf403ccb36ef65
v6p1if_1012,test_iid,1012,3.704827032183749,0.21823904663324356,621.597083311812,56.72980041909662,5,5,8.095550537109367e-10,4525438225.189843,5568367953.150352,53.0241717361773,62.509588184806034,52.03423752176241,52.26086102098008,0.936739917160133,0.06326008288472225,-4.485529903914461e-11,7.913430215763232e-11,1497,12,53f6508793e57e5eb53e9d3c800817254b96ad9d7cf57401df187a3e4937c11b,e7cca42414e107a2bb233294610353764d5dec34ade8c26bcbc21de75e4ab4c4
v6p1if_1013,train,1013,9.948441840717763,0.7140096370130777,911.9296346016711,109.55088717980877,10,2,1.9810485839843737e-09,5080551317.453285,7175920837.467232,91.71873759887669,113.8637205111566,92.18380050910515,93.25565506188202,0.935551587404041,0.06444841263383956,-3.788057127161552e-11,9.039151535048891e-11,1568,15,e0bcdd48a6c17b5d1574afca655e658d742259f724f1b1506348d162fdb9115c,a5b38a0c082729eeb3aee4862a1166080f7befbce74c4b60b7b0b716233a6502
v6p1if_1014,train,1014,17.00193854172445,0.837703269906342,1550.4051274325752,180.19041351764713,3,8,5.858612060546872e-10,28979765133.615925,33373070137.99689,105.05968125111268,160.02858435808713,91.95614275255917,94.29707101512406,0.9527667101238947,0.04723328987037611,5.729227307779986e-12,1.13609393901946e-10,1619,12,e5d804d7d06ecba3034fc09161111d29fe8452bb9b1d588d65fde68865c97e33,fc6d05a11e8bcfd3404b6e9a1f965c190864b46b0428efbe05a8076b3455f7ca
v6p1if_1015,train,1015,5.223816845701255,0.3413762440904975,728.1451059544324,33.884504474344574,8,2,1.4364624023437492e-09,3727263321.67566,5492404649.052945,249.57383668155978,74.40315184406984,66.46803313925388,66.57801768556897,0.9627453453917449,0.03725465461352879,-5.2737017591101054e-12,9.20961495176031e-11,1415,12,c5207c0f5214c9dad4c393b600ca0940c7db2ae515ff419fbccc2e6b71919267,7b587869851d30f0bac9d8b0b0de6064a7ca1720bd1cbedee57e332eebed5c53
v6p1if_1016,train,1016,9.015764942806745,0.38100450206547976,1344.4659810320977,27.423045835506787,10,2,1.7726898193359363e-09,5097161115.588768,7551251034.941027,188.6710697015724,76.57813697025921,64.43331545554437,64.51499235925353,0.9825787820490959,0.017421217955968144,-5.064056140497154e-12,9.220354396296085e-11,1376,13,cb35a8c8b785958c024d4ec7d986f2fa28b403543e7cfa5673bb8ab57d38524d,53b6320396bd47b07875a79a41f43f5a1a931e3a6e6372810b51dd3ebaa1e04e
v6p1if_1017,test_iid,1017,10.843852778367431,0.8774159317836165,839.6795941670349,169.92900195444514,5,2,1.053543090820312e-09,10417427267.355936,14210212348.327477,90.91781537327319,143.32580395327847,103.61473167850706,105.75773707103289,0.9167882440817547,0.08321175592125547,-3.0101949835885203e-12,9.81951140178678e-11,1678,28,31dc0e4f090c831401bcdc9590a57c5f0e5f8e3bc467dfffe20ae17b2643d68d,a923ac5185c881feb173165fc2a45b2f8fc6aff66804ee40c639e35173a60869
v6p1if_1018,train,1018,5.141699767157217,0.500560387969017,535.9792412511183,87.8912800031541,8,5,1.5972137451171862e-09,3199178886.1028657,4246413702.274303,97.69955010952503,97.49885425160494,78.70914327331845,79.5348971134113,0.9102542125232762,0.08974578748981986,-1.309602011959989e-11,8.807244125499888e-11,1757,9,2aad8a3bc74e3962f13d19467ca7264145b2ff39e1d9c64a1527b11f5423a17d,2b49edf59962a9bf5061d0889541bb1aa3f1fcc6288c288f6b73b235bbf8dfda
v6p1if_1019,train,1019,3.2488155549553683,0.004691096022725105,1057.6028524457008,52.08958306657246,3,6,4.5547485351562454e-10,7504771864.097481,10066179396.886383,110.73708844159076,36.75738893574345,27.988247400773425,28.084564211646292,0.9635632695539,0.0364367304495408,-3.440801773608997e-12,9.152395326437278e-11,1388,14,442c78cf753d072d530b8136d9d53a507f00e4b26eee3f2eb221e670165f5bea,28d129179f845f1867dde7e58dd7713cf6ecef201214e532b16a8da05336d867
v6p1if_1020,train,1020,3.5599850539085782,0.14827370177954435,714.0902155926913,69.23816390917288,7,8,1.0455322265624996e-09,3423938034.479331,4039119699.224941,233.24999815431534,52.00721412666337,43.28731771405971,43.54675951513016,0.9359278272801349,0.06407217271615866,3.7064920102218136e-12,9.401524628125438e-11,1718,7,c68e6b83ca2c97f8d81e51343fc3c7458c3f143923e520702fa6fdff12ca0ed4,f0e208e276847c380dd2cd4bcb7ee108f85fe2a531533ade0d96f30f855949c7
v6p1if_1021,train,1021,13.13369999776042,0.6440824056044221,1420.7690879702366,37.17296307125049,4,6,7.757568359374995e-10,17046245894.599283,19825433533.24071,101.04623970275019,113.6887357327953,87.56971365951074,87.76060569754549,0.9790243895957752,0.020975610424338854,-2.0114101338616867e-11,1.083227081459714e-10,1446,18,27d9fa461549eb9b85ecb852df78d785775195705d6f3d81029938e354fa2496,f89c7eee0f2b95b569550837f49e47f9173a075789ddc48d74cfb86d01a1af5d
v6p1if_1022,train,1022,11.265944410855735,0.7669749837368727,999.8888908701257,22.606488216593505,9,2,1.8454742431640621e-09,6080520880.730283,7577019332.979048,65.81525268689471,125.76585965711524,108.7462733875523,108.88710702814387,0.9806683656694135,0.019331634302887663,2.7698777142243626e-11,9.361429376883893e-11,1579,17,f1da8bfa5e47752a480d64754dc7c4a6a5c2a98832aa9fde5a5bf0974f2d1ea1,4246645a88ac46db5f7b13946a399390d77f2c2cfd783aa4391ef63af5eca168
v6p1if_1023,valid_iid,1023,4.138484490268319,0.2707471065223217,630.7748713484625,115.95189648436836,6,6,8.422851562499996e-10,4817644911.041242,6301557895.237663,103.48726547333035,67.37412322072947,52.902237241360744,53.55458197810333,0.9060187728309207,0.09398122716139805,7.681210803044773e-12,7.9436030008107e-11,1468,15,e2d5b0feaaafc14fe7d8414c80659aa21ec21570f7f02e09b03fd5a2be672056,875d3e73b4476e660929c1bbf4a84353a486dba1fddb11b7fcf133399575b896
