layer_id,background_kx_W_mK,background_ky_W_mK,background_kz_W_mK,sampling_latent,distribution,sample_id
pcb_fr4_equivalent,0.8802905302942711,0.8802905302942711,0.3301089488603516,0.714302122592926,correlated_log_uniform_axes,v6p1i4_0000
bt_substrate_with_vias,0.20335426195301096,0.20335426195301096,0.4982179417848768,0.5372679922729731,correlated_log_uniform_axes,v6p1i4_0000
silicon_interposer_tsv_0p1,131.82933649979532,131.82933649979532,133.80089258309454,0.3943112166598439,correlated_linear_axes,v6p1i4_0000
bump_underfill_under_interposer,0.6657177963765348,0.6657177963765348,5.436695337075034,0.7328908806666732,correlated_log_uniform_axes,v6p1i4_0000
silicon_die_lower,130.8950160164386,130.8950160164386,130.8950160164386,0.6179003203287721,isotropic_linear,v6p1i4_0000
tim_between_dies,4.307535294987867,4.307535294987867,4.307535294987867,0.6794071700423956,isotropic_log_uniform,v6p1i4_0000
silicon_die_upper,129.98602683655918,129.98602683655918,129.98602683655918,0.5997205367311835,isotropic_linear,v6p1i4_0000
tim_to_spreader,2.354968986510049,2.354968986510049,2.354968986510049,0.33031199779361486,isotropic_log_uniform,v6p1i4_0000
spreader,391.59769218880683,391.59769218880683,391.59769218880683,0.43984614592045546,isotropic_linear,v6p1i4_0000
pcb_fr4_equivalent,0.7451344506379987,0.7451344506379987,0.27942541898924944,0.34080414939671755,correlated_log_uniform_axes,v6p1i4_0001
bt_substrate_with_vias,0.16187059065837506,0.16187059065837506,0.39658294711301895,0.026044619269669056,correlated_log_uniform_axes,v6p1i4_0001
silicon_interposer_tsv_0p1,136.4132837858051,136.4132837858051,139.1488310834393,0.5471094595268369,correlated_linear_axes,v6p1i4_0001
bump_underfill_under_interposer,0.5309712442011828,0.5309712442011828,4.336265160976326,0.22613640688359737,correlated_log_uniform_axes,v6p1i4_0001
silicon_die_lower,106.75897169858217,106.75897169858217,106.75897169858217,0.13517943397164345,isotropic_linear,v6p1i4_0001
tim_between_dies,2.9868966277536595,2.9868966277536595,2.9868966277536595,0.46773702185600996,isotropic_log_uniform,v6p1i4_0001
silicon_die_upper,100.11591059155762,100.11591059155762,100.11591059155762,0.002318211831152439,isotropic_linear,v6p1i4_0001
tim_to_spreader,5.544859346941108,5.544859346941108,5.544859346941108,0.8253873148933053,isotropic_log_uniform,v6p1i4_0001
spreader,399.1962269647047,399.1962269647047,399.1962269647047,0.9464151309803128,isotropic_linear,v6p1i4_0001
pcb_fr4_equivalent,0.6937778428075823,0.6937778428075823,0.2601666910528433,0.18078860267996788,correlated_log_uniform_axes,v6p1i4_0002
bt_substrate_with_vias,0.24490165857062637,0.24490165857062637,0.6000090634980347,0.953832003287971,correlated_log_uniform_axes,v6p1i4_0002
silicon_interposer_tsv_0p1,125.71414170786738,125.71414170786738,126.66649865917861,0.19047139026224613,correlated_linear_axes,v6p1i4_0002
bump_underfill_under_interposer,0.7134623966740015,0.7134623966740015,5.826609572837679,0.8880911562591791,correlated_log_uniform_axes,v6p1i4_0002
silicon_die_lower,118.08231365866959,118.08231365866959,118.08231365866959,0.3616462731733918,isotropic_linear,v6p1i4_0002
tim_between_dies,1.9962224561233066,1.9962224561233066,1.9962224561233066,0.23476442601531744,isotropic_log_uniform,v6p1i4_0002
silicon_die_upper,149.36446188949049,149.36446188949049,149.36446188949049,0.9872892377898097,isotropic_linear,v6p1i4_0002
tim_to_spreader,4.172188843521756,4.172188843521756,4.172188843521756,0.6609504213556647,isotropic_log_uniform,v6p1i4_0002
spreader,393.9745803643018,393.9745803643018,393.9745803643018,0.59830535762012,isotropic_linear,v6p1i4_0002
pcb_fr4_equivalent,0.9191902893922457,0.9191902893922457,0.3446963585220921,0.8111930275335908,correlated_log_uniform_axes,v6p1i4_0003
bt_substrate_with_vias,0.19828441740661334,0.19828441740661334,0.48579682264620283,0.4806964732706547,correlated_log_uniform_axes,v6p1i4_0003
silicon_interposer_tsv_0p1,145.34017017111182,145.34017017111182,149.56353186629713,0.8446723390370607,correlated_linear_axes,v6p1i4_0003
bump_underfill_under_interposer,0.5685719944037569,0.5685719944037569,4.6433379542973485,0.3794459654018283,correlated_log_uniform_axes,v6p1i4_0003
silicon_die_lower,143.77551097422838,143.77551097422838,143.77551097422838,0.8755102194845676,isotropic_linear,v6p1i4_0003
tim_between_dies,6.303932732838777,6.303932732838777,6.303932732838777,0.8995623979717493,isotropic_log_uniform,v6p1i4_0003
silicon_die_upper,119.85957943834364,119.85957943834364,119.85957943834364,0.3971915887668729,isotropic_linear,v6p1i4_0003
tim_to_spreader,1.8267328946114634,1.8267328946114634,1.8267328946114634,0.18346864078193903,isotropic_log_uniform,v6p1i4_0003
spreader,386.63948852568865,386.63948852568865,386.63948852568865,0.10929923504590988,isotropic_linear,v6p1i4_0003
pcb_fr4_equivalent,0.9891960597762304,0.9891960597762304,0.3709485224160864,0.9756597792729735,correlated_log_uniform_axes,v6p1i4_0004
bt_substrate_with_vias,0.2349484551512059,0.2349484551512059,0.5756237151204546,0.8608636297285557,correlated_log_uniform_axes,v6p1i4_0004
silicon_interposer_tsv_0p1,140.5576764140278,140.5576764140278,143.98395581636578,0.6852558804675937,correlated_linear_axes,v6p1i4_0004
bump_underfill_under_interposer,0.559494823119393,0.559494823119393,4.56920772214171,0.34338471852242947,correlated_log_uniform_axes,v6p1i4_0004
silicon_die_lower,143.7233158852905,143.7233158852905,143.7233158852905,0.8744663177058101,isotropic_linear,v6p1i4_0004
tim_between_dies,3.7374857469166494,3.7374857469166494,3.7374857469166494,0.5973404636606574,isotropic_log_uniform,v6p1i4_0004
silicon_die_upper,138.83193647488952,138.83193647488952,138.83193647488952,0.7766387294977903,isotropic_linear,v6p1i4_0004
tim_to_spreader,3.542719035585358,3.542719035585358,3.542719035585358,0.5663999198004603,isotropic_log_uniform,v6p1i4_0004
spreader,394.4832768384367,394.4832768384367,394.4832768384367,0.6322184558957815,isotropic_linear,v6p1i4_0004
pcb_fr4_equivalent,0.6675209715386261,0.6675209715386261,0.2503203643269848,0.09433978982269764,correlated_log_uniform_axes,v6p1i4_0005
bt_substrate_with_vias,0.18499199179148884,0.18499199179148884,0.4532303798891477,0.3252137927338481,correlated_log_uniform_axes,v6p1i4_0005
silicon_interposer_tsv_0p1,128.38721045292914,128.38721045292914,129.78507886175066,0.27957368176430464,correlated_linear_axes,v6p1i4_0005
bump_underfill_under_interposer,0.696528991118279,0.696528991118279,5.688320094132612,0.8342685913667083,correlated_log_uniform_axes,v6p1i4_0005
silicon_die_lower,119.41580763086677,119.41580763086677,119.41580763086677,0.3883161526173353,isotropic_linear,v6p1i4_0005
tim_between_dies,2.0877158591387595,2.0877158591387595,2.0877158591387595,0.2606725785881281,isotropic_log_uniform,v6p1i4_0005
silicon_die_upper,118.70226375758648,118.70226375758648,118.70226375758648,0.3740452751517296,isotropic_linear,v6p1i4_0005
tim_to_spreader,1.5560896313507833,1.5560896313507833,1.5560896313507833,0.09076423663645983,isotropic_log_uniform,v6p1i4_0005
spreader,387.05274395644665,387.05274395644665,387.05274395644665,0.13684959709644318,isotropic_linear,v6p1i4_0005
pcb_fr4_equivalent,0.7583289803222395,0.7583289803222395,0.2843733676208398,0.3801345033571124,correlated_log_uniform_axes,v6p1i4_0006
bt_substrate_with_vias,0.21212870586038152,0.21212870586038152,0.5197153293579349,0.6319236578419805,correlated_log_uniform_axes,v6p1i4_0006
silicon_interposer_tsv_0p1,149.45789728313684,149.45789728313684,154.36754683032632,0.9819299094378948,correlated_linear_axes,v6p1i4_0006
bump_underfill_under_interposer,0.49287596972427694,0.49287596972427694,4.0251537527482615,0.059314857237041,correlated_log_uniform_axes,v6p1i4_0006
silicon_die_lower,105.74295758269727,105.74295758269727,105.74295758269727,0.11485915165394545,isotropic_linear,v6p1i4_0006
tim_between_dies,1.4145599742894839,1.4145599742894839,1.4145599742894839,0.03563549183309078,isotropic_log_uniform,v6p1i4_0006
silicon_die_upper,132.0133195258677,132.0133195258677,132.0133195258677,0.640266390517354,isotropic_linear,v6p1i4_0006
tim_to_spreader,2.7828594324257394,2.7828594324257394,2.7828594324257394,0.42683109920471907,isotropic_log_uniform,v6p1i4_0006
spreader,389.24309231806546,389.24309231806546,389.24309231806546,0.2828728212043643,isotropic_linear,v6p1i4_0006
pcb_fr4_equivalent,0.8009706331675918,0.8009706331675918,0.30036398743784687,0.5027169864624739,correlated_log_uniform_axes,v6p1i4_0007
bt_substrate_with_vias,0.17362983541045526,0.17362983541045526,0.42539309675561543,0.1831821594387293,correlated_log_uniform_axes,v6p1i4_0007
silicon_interposer_tsv_0p1,122.30028357356787,122.30028357356787,122.68366416916251,0.07667611911892891,correlated_linear_axes,v6p1i4_0007
bump_underfill_under_interposer,0.6141123142830163,0.6141123142830163,5.015250566644632,0.5520924273878336,correlated_log_uniform_axes,v6p1i4_0007
silicon_die_lower,131.6061063669622,131.6061063669622,131.6061063669622,0.6321221273392439,isotropic_linear,v6p1i4_0007
tim_between_dies,5.545261979937353,5.545261979937353,5.545261979937353,0.8254292933270335,isotropic_log_uniform,v6p1i4_0007
silicon_die_upper,111.51798460632563,111.51798460632563,111.51798460632563,0.23035969212651253,isotropic_linear,v6p1i4_0007
tim_to_spreader,6.487123163017496,6.487123163017496,6.487123163017496,0.9161231191828847,isotropic_log_uniform,v6p1i4_0007
spreader,396.8789321510121,396.8789321510121,396.8789321510121,0.7919288100674748,isotropic_linear,v6p1i4_0007
pcb_fr4_equivalent,0.832475575909713,0.832475575909713,0.31217834096614233,0.5891626831144094,correlated_log_uniform_axes,v6p1i4_0008
bt_substrate_with_vias,0.2415826507801411,0.2415826507801411,0.5918774944113457,0.9232573295012116,correlated_log_uniform_axes,v6p1i4_0008
silicon_interposer_tsv_0p1,148.0754930153489,148.0754930153489,152.7547418512404,0.935849767178297,correlated_linear_axes,v6p1i4_0008
bump_underfill_under_interposer,0.6892440250966262,0.6892440250966262,5.6288262049557805,0.8107096869498491,correlated_log_uniform_axes,v6p1i4_0008
silicon_die_lower,112.27670828811824,112.27670828811824,112.27670828811824,0.24553416576236486,isotropic_linear,v6p1i4_0008
tim_between_dies,7.218799965170601,7.218799965170601,7.218799965170601,0.9779072906821966,isotropic_log_uniform,v6p1i4_0008
silicon_die_upper,142.25318138487637,142.25318138487637,142.25318138487637,0.8450636276975274,isotropic_linear,v6p1i4_0008
tim_to_spreader,3.1679643547532566,3.1679643547532566,3.1679643547532566,0.5017622699961066,isotropic_log_uniform,v6p1i4_0008
spreader,396.22390730306506,396.22390730306506,396.22390730306506,0.7482604868710041,isotropic_linear,v6p1i4_0008
pcb_fr4_equivalent,0.7878098906927279,0.7878098906927279,0.2954287090097729,0.46559407096356153,correlated_log_uniform_axes,v6p1i4_0009
bt_substrate_with_vias,0.1902984147789537,0.1902984147789537,0.4662311162084366,0.3885831069201231,correlated_log_uniform_axes,v6p1i4_0009
silicon_interposer_tsv_0p1,120.87023790925741,120.87023790925741,121.01527756080031,0.0290079303085804,correlated_linear_axes,v6p1i4_0009
bump_underfill_under_interposer,0.5498554156176305,0.5498554156176305,4.49048589421065,0.304443615488708,correlated_log_uniform_axes,v6p1i4_0009
silicon_die_lower,125.4752934910357,125.4752934910357,125.4752934910357,0.509505869820714,isotropic_linear,v6p1i4_0009
tim_between_dies,1.6513753589857236,1.6513753589857236,1.6513753589857236,0.12512374203652143,isotropic_log_uniform,v6p1i4_0009
silicon_die_upper,112.74925130419433,112.74925130419433,112.74925130419433,0.2549850260838866,isotropic_linear,v6p1i4_0009
tim_to_spreader,1.4009360513746723,1.4009360513746723,1.4009360513746723,0.030040443874895573,isotropic_log_uniform,v6p1i4_0009
spreader,388.5953876655549,388.5953876655549,388.5953876655549,0.23969251103699207,isotropic_linear,v6p1i4_0009
pcb_fr4_equivalent,0.6561336739375322,0.6561336739375322,0.24605012772657456,0.0557855311781168,correlated_log_uniform_axes,v6p1i4_0010
bt_substrate_with_vias,0.2063735242054239,0.2063735242054239,0.5056151343032886,0.5702919363975525,correlated_log_uniform_axes,v6p1i4_0010
silicon_interposer_tsv_0p1,141.98774532414973,141.98774532414973,145.65236954484135,0.7329248441383243,correlated_linear_axes,v6p1i4_0010
bump_underfill_under_interposer,0.6248778815756264,0.6248778815756264,5.103169366200949,0.5910323997959495,correlated_log_uniform_axes,v6p1i4_0010
silicon_die_lower,149.29293761961162,149.29293761961162,149.29293761961162,0.9858587523922324,isotropic_linear,v6p1i4_0010
tim_between_dies,2.752995788958497,2.752995788958497,2.752995788958497,0.4205935290083289,isotropic_log_uniform,v6p1i4_0010
silicon_die_upper,136.99923516251147,136.99923516251147,136.99923516251147,0.7399847032502294,isotropic_linear,v6p1i4_0010
tim_to_spreader,3.111339580442003,3.111339580442003,3.111339580442003,0.4913352569565177,isotropic_log_uniform,v6p1i4_0010
spreader,390.05341423209757,390.05341423209757,390.05341423209757,0.33689428213983774,isotropic_linear,v6p1i4_0010
pcb_fr4_equivalent,0.9718934321429269,0.9718934321429269,0.3644600370535976,0.9361193319782615,correlated_log_uniform_axes,v6p1i4_0011
bt_substrate_with_vias,0.1688457644413005,0.1688457644413005,0.41367212288118627,0.12057674583047628,correlated_log_uniform_axes,v6p1i4_0011
silicon_interposer_tsv_0p1,129.76970591582358,129.76970591582358,131.3979902351275,0.32565686386078596,correlated_linear_axes,v6p1i4_0011
bump_underfill_under_interposer,0.49808567454056685,0.49808567454056685,4.067699675414628,0.08287489227950573,correlated_log_uniform_axes,v6p1i4_0011
silicon_die_lower,112.66218582168221,112.66218582168221,112.66218582168221,0.2532437164336443,isotropic_linear,v6p1i4_0011
tim_between_dies,4.427247618061091,4.427247618061091,4.427247618061091,0.6952549014240503,isotropic_log_uniform,v6p1i4_0011
silicon_die_upper,107.1281639393419,107.1281639393419,107.1281639393419,0.14256327878683805,isotropic_linear,v6p1i4_0011
tim_to_spreader,7.204287766495185,7.204287766495185,7.204287766495185,0.9767438927665353,isotropic_log_uniform,v6p1i4_0011
spreader,397.47662691865116,397.47662691865116,397.47662691865116,0.8317751279100776,isotropic_linear,v6p1i4_0011
pcb_fr4_equivalent,0.9355633776924349,0.9355633776924349,0.35083626663466305,0.850754396058619,correlated_log_uniform_axes,v6p1i4_0012
bt_substrate_with_vias,0.22116182099810425,0.22116182099810425,0.5418464614453554,0.7253645425662398,correlated_log_uniform_axes,v6p1i4_0012
silicon_interposer_tsv_0p1,124.22544507309794,124.22544507309794,124.92968591861427,0.1408481691032648,correlated_linear_axes,v6p1i4_0012
bump_underfill_under_interposer,0.5110761708747134,0.5110761708747134,4.173788728810159,0.14056542795151472,correlated_log_uniform_axes,v6p1i4_0012
silicon_die_lower,124.83588107861578,124.83588107861578,124.83588107861578,0.4967176215723157,isotropic_linear,v6p1i4_0012
tim_between_dies,5.399601440324479,5.399601440324479,5.399601440324479,0.8100402941927314,isotropic_log_uniform,v6p1i4_0012
silicon_die_upper,126.3676293194294,126.3676293194294,126.3676293194294,0.527352586388588,isotropic_linear,v6p1i4_0012
tim_to_spreader,2.1058841801618926,2.1058841801618926,2.1058841801618926,0.2656819550320506,isotropic_log_uniform,v6p1i4_0012
spreader,391.49227575864643,391.49227575864643,391.49227575864643,0.4328183839097619,isotropic_linear,v6p1i4_0012
pcb_fr4_equivalent,0.705831096470691,0.705831096470691,0.264686661176509,0.21938297525048256,correlated_log_uniform_axes,v6p1i4_0013
bt_substrate_with_vias,0.1759685259310322,0.1759685259310322,0.4311228885310289,0.21316173672676086,correlated_log_uniform_axes,v6p1i4_0013
silicon_interposer_tsv_0p1,144.0163024328649,144.0163024328649,148.01901950500906,0.8005434144288301,correlated_linear_axes,v6p1i4_0013
bump_underfill_under_interposer,0.6361130128826117,0.6361130128826117,5.194922938541328,0.6309618521481752,correlated_log_uniform_axes,v6p1i4_0013
silicon_die_lower,138.20594362914562,138.20594362914562,138.20594362914562,0.7641188725829124,isotropic_linear,v6p1i4_0013
tim_between_dies,1.5333651162029984,1.5333651162029984,1.5333651162029984,0.08225924707949162,isotropic_log_uniform,v6p1i4_0013
silicon_die_upper,105.87172983214259,105.87172983214259,105.87172983214259,0.11743459664285183,isotropic_linear,v6p1i4_0013
tim_to_spreader,4.991930407597123,4.991930407597123,4.991930407597123,0.7646559150889516,isotropic_log_uniform,v6p1i4_0013
spreader,398.83468868676573,398.83468868676573,398.83468868676573,0.9223125791177154,isotropic_linear,v6p1i4_0013
pcb_fr4_equivalent,0.7172572097948985,0.7172572097948985,0.2689714536730869,0.2553655030205846,correlated_log_uniform_axes,v6p1i4_0014
bt_substrate_with_vias,0.22520417565510062,0.22520417565510062,0.5517502303549965,0.7659500371664762,correlated_log_uniform_axes,v6p1i4_0014
silicon_interposer_tsv_0p1,133.15318099223077,133.15318099223077,135.34537782426924,0.43843936640769243,correlated_linear_axes,v6p1i4_0014
bump_underfill_under_interposer,0.5950331720721681,0.5950331720721681,4.859437571922705,0.48137409798800945,correlated_log_uniform_axes,v6p1i4_0014
silicon_die_lower,137.02586987055838,137.02586987055838,137.02586987055838,0.7405173974111676,isotropic_linear,v6p1i4_0014
tim_between_dies,2.5214218132082986,2.5214218132082986,2.5214218132082986,0.3697954025119543,isotropic_log_uniform,v6p1i4_0014
silicon_die_upper,144.18420922011137,144.18420922011137,144.18420922011137,0.8836841844022274,isotropic_linear,v6p1i4_0014
tim_to_spreader,4.664845650372222,4.664845650372222,4.664845650372222,0.7254774449393153,isotropic_log_uniform,v6p1i4_0014
spreader,392.93908515945077,392.93908515945077,392.93908515945077,0.5292723439633846,isotropic_linear,v6p1i4_0014
pcb_fr4_equivalent,0.8469911990629269,0.8469911990629269,0.31762169964859754,0.6278965398669243,correlated_log_uniform_axes,v6p1i4_0015
bt_substrate_with_vias,0.18241592895135592,0.18241592895135592,0.44691902593082206,0.29379201773554087,correlated_log_uniform_axes,v6p1i4_0015
silicon_interposer_tsv_0p1,137.90188922546804,137.90188922546804,140.8855374297127,0.5967296408489347,correlated_linear_axes,v6p1i4_0015
bump_underfill_under_interposer,0.7412362178345322,0.7412362178345322,6.053429112315346,0.9736630311235785,correlated_log_uniform_axes,v6p1i4_0015
silicon_die_lower,100.22518001496792,100.22518001496792,100.22518001496792,0.004503600299358368,isotropic_linear,v6p1i4_0015
tim_between_dies,3.2663991713001326,3.2663991713001326,3.2663991713001326,0.5194523660466075,isotropic_log_uniform,v6p1i4_0015
silicon_die_upper,124.05511634424329,124.05511634424329,124.05511634424329,0.48110232688486576,isotropic_linear,v6p1i4_0015
tim_to_spreader,2.0286016796457624,2.0286016796457624,2.0286016796457624,0.24406654853373766,isotropic_log_uniform,v6p1i4_0015
spreader,385.33322929404676,385.33322929404676,385.33322929404676,0.022215286269783974,isotropic_linear,v6p1i4_0015
pcb_fr4_equivalent,0.8578838430120083,0.8578838430120083,0.32170644112950303,0.6565292412415147,correlated_log_uniform_axes,v6p1i4_0016
bt_substrate_with_vias,0.22988256900785634,0.22988256900785634,0.563212294069248,0.8120216596871614,correlated_log_uniform_axes,v6p1i4_0016
silicon_interposer_tsv_0p1,121.8197629507631,121.8197629507631,122.12305677589029,0.06065876502543688,correlated_linear_axes,v6p1i4_0016
bump_underfill_under_interposer,0.4831727512725152,0.4831727512725152,3.9459108020588736,0.014762131497263908,correlated_log_uniform_axes,v6p1i4_0016
silicon_die_lower,146.12112804315984,146.12112804315984,146.12112804315984,0.9224225608631968,isotropic_linear,v6p1i4_0016
tim_between_dies,1.649394072913756,1.649394072913756,1.649394072913756,0.12442970089614391,isotropic_log_uniform,v6p1i4_0016
silicon_die_upper,102.14884672313929,102.14884672313929,102.14884672313929,0.04297693446278572,isotropic_linear,v6p1i4_0016
tim_to_spreader,4.580479818403841,4.580479818403841,4.580479818403841,0.7149260565638542,isotropic_log_uniform,v6p1i4_0016
spreader,387.98837969545275,387.98837969545275,387.98837969545275,0.19922531303018332,isotropic_linear,v6p1i4_0016
pcb_fr4_equivalent,0.7280470773391654,0.7280470773391654,0.27301765400218697,0.2888220064342022,correlated_log_uniform_axes,v6p1i4_0017
bt_substrate_with_vias,0.1791196322669278,0.1791196322669278,0.4388430990539732,0.2529315846040845,correlated_log_uniform_axes,v6p1i4_0017
silicon_interposer_tsv_0p1,147.12598233483732,147.12598233483732,151.64697939064354,0.9041994111612439,correlated_linear_axes,v6p1i4_0017
bump_underfill_under_interposer,0.6018245082419674,0.6018245082419674,4.914900150642734,0.5068033179268241,correlated_log_uniform_axes,v6p1i4_0017
silicon_die_lower,115.73966508731246,115.73966508731246,115.73966508731246,0.3147933017462492,isotropic_linear,v6p1i4_0017
tim_between_dies,5.052659288720035,5.052659288720035,5.052659288720035,0.7716466290876269,isotropic_log_uniform,v6p1i4_0017
silicon_die_upper,128.52796474471688,128.52796474471688,128.52796474471688,0.5705592948943377,isotropic_linear,v6p1i4_0017
tim_to_spreader,1.8491846841816466,1.8491846841816466,1.8491846841816466,0.19053090177476406,isotropic_log_uniform,v6p1i4_0017
spreader,395.41914173867553,395.41914173867553,395.41914173867553,0.6946094492450356,isotropic_linear,v6p1i4_0017
pcb_fr4_equivalent,0.6964984736469613,0.6964984736469613,0.2611869276176104,0.18955830205231905,correlated_log_uniform_axes,v6p1i4_0018
bt_substrate_with_vias,0.2183173818505642,0.2183173818505642,0.5348775855338824,0.6963590634986758,correlated_log_uniform_axes,v6p1i4_0018
silicon_interposer_tsv_0p1,130.74667973443866,130.74667973443866,132.53779302351177,0.3582226578146219,correlated_linear_axes,v6p1i4_0018
bump_underfill_under_interposer,0.5625212397158255,0.5625212397158255,4.5939234576792405,0.3554724929854274,correlated_log_uniform_axes,v6p1i4_0018
silicon_die_lower,109.10152210853994,109.10152210853994,109.10152210853994,0.18203044217079878,isotropic_linear,v6p1i4_0018
tim_between_dies,3.475952635843745,3.475952635843745,3.475952635843745,0.5554005121812224,isotropic_log_uniform,v6p1i4_0018
silicon_die_upper,121.52804546058178,121.52804546058178,121.52804546058178,0.4305609092116356,isotropic_linear,v6p1i4_0018
tim_to_spreader,2.2038334538977535,2.2038334538977535,2.2038334538977535,0.2919652834534645,isotropic_log_uniform,v6p1i4_0018
spreader,397.8144412394613,397.8144412394613,397.8144412394613,0.8542960826307535,isotropic_linear,v6p1i4_0018
pcb_fr4_equivalent,0.921962644009423,0.921962644009423,0.34573599150353357,0.8179410248994827,correlated_log_uniform_axes,v6p1i4_0019
bt_substrate_with_vias,0.17807377057325463,0.17807377057325463,0.43628073790447386,0.23980995640158653,correlated_log_uniform_axes,v6p1i4_0019
silicon_interposer_tsv_0p1,141.01075714454055,141.01075714454055,144.51255000196397,0.7003585714846849,correlated_linear_axes,v6p1i4_0019
bump_underfill_under_interposer,0.701288115754613,0.701288115754613,5.727186278662672,0.8495264668017626,correlated_log_uniform_axes,v6p1i4_0019
silicon_die_lower,128.54930674657226,128.54930674657226,128.54930674657226,0.5709861349314451,isotropic_linear,v6p1i4_0019
tim_between_dies,2.3539251443610656,2.3539251443610656,2.3539251443610656,0.3300556857138872,isotropic_log_uniform,v6p1i4_0019
silicon_die_upper,148.27392315492034,148.27392315492034,148.27392315492034,0.9654784630984068,isotropic_linear,v6p1i4_0019
tim_to_spreader,5.331510260664633,5.331510260664633,5.331510260664633,0.802703520283103,isotropic_log_uniform,v6p1i4_0019
spreader,390.1788298971951,390.1788298971951,390.1788298971951,0.3452553264796734,isotropic_linear,v6p1i4_0019
pcb_fr4_equivalent,0.9574192431726074,0.9574192431726074,0.35903221618972775,0.90249796025455,correlated_log_uniform_axes,v6p1i4_0020
bt_substrate_with_vias,0.20928989636234854,0.20928989636234854,0.5127602460877541,0.6017349325120449,correlated_log_uniform_axes,v6p1i4_0020
silicon_interposer_tsv_0p1,142.98073173500597,142.98073173500597,146.8108536908403,0.7660243911668658,correlated_linear_axes,v6p1i4_0020
bump_underfill_under_interposer,0.7289808104813428,0.7289808104813428,5.953343285597632,0.9363060286268592,correlated_log_uniform_axes,v6p1i4_0020
silicon_die_lower,133.94800391979516,133.94800391979516,133.94800391979516,0.6789600783959031,isotropic_linear,v6p1i4_0020
tim_between_dies,1.7767399736984721,1.7767399736984721,1.7767399736984721,0.167426279745996,isotropic_log_uniform,v6p1i4_0020
silicon_die_upper,116.47189282812178,116.47189282812178,116.47189282812178,0.3294378565624356,isotropic_linear,v6p1i4_0020
tim_to_spreader,2.901733246196585,2.901733246196585,2.901733246196585,0.4510137178003788,isotropic_log_uniform,v6p1i4_0020
spreader,398.2570060621947,398.2570060621947,398.2570060621947,0.8838004041463137,isotropic_linear,v6p1i4_0020
pcb_fr4_equivalent,0.6477538404314029,0.6477538404314029,0.2429076901617761,0.026983912102878094,correlated_log_uniform_axes,v6p1i4_0021
bt_substrate_with_vias,0.16601575064661497,0.16601575064661497,0.40673858908420674,0.08270203601568937,correlated_log_uniform_axes,v6p1i4_0021
silicon_interposer_tsv_0p1,125.26103013195097,125.26103013195097,126.13786848727614,0.17536767106503248,correlated_linear_axes,v6p1i4_0021
bump_underfill_under_interposer,0.5812565035130636,0.5812565035130636,4.746928112023352,0.428885443136096,correlated_log_uniform_axes,v6p1i4_0021
silicon_die_lower,103.39811537414789,103.39811537414789,103.39811537414789,0.06796230748295784,isotropic_linear,v6p1i4_0021
tim_between_dies,6.7564560728931715,6.7564560728931715,6.7564560728931715,0.9396409410983324,isotropic_log_uniform,v6p1i4_0021
silicon_die_upper,140.0929921772331,140.0929921772331,140.0929921772331,0.801859843544662,isotropic_linear,v6p1i4_0021
tim_to_spreader,6.949266901933188,6.949266901933188,6.949266901933188,0.9559080842882395,isotropic_log_uniform,v6p1i4_0021
spreader,390.6582420133054,390.6582420133054,390.6582420133054,0.3772161342203617,isotropic_linear,v6p1i4_0021
pcb_fr4_equivalent,0.7994701024100611,0.7994701024100611,0.2998012884037729,0.49851532466709614,correlated_log_uniform_axes,v6p1i4_0022
bt_substrate_with_vias,0.2396245241026018,0.2396245241026018,0.5870800840513745,0.9050214486196637,correlated_log_uniform_axes,v6p1i4_0022
silicon_interposer_tsv_0p1,136.89377445727587,136.89377445727587,139.7094035334885,0.5631258152425289,correlated_linear_axes,v6p1i4_0022
bump_underfill_under_interposer,0.660910862263112,0.660910862263112,5.39743870848208,0.7166527379304171,correlated_log_uniform_axes,v6p1i4_0022
silicon_die_lower,121.76074204035103,121.76074204035103,121.76074204035103,0.43521484080702066,isotropic_linear,v6p1i4_0022
tim_between_dies,4.710306995174161,4.710306995174161,4.710306995174161,0.7310843151062727,isotropic_log_uniform,v6p1i4_0022
silicon_die_upper,109.6555654425174,109.6555654425174,109.6555654425174,0.193111308850348,isotropic_linear,v6p1i4_0022
tim_to_spreader,3.4906856754412847,3.4906856754412847,3.4906856754412847,0.5578457601368427,isotropic_log_uniform,v6p1i4_0022
spreader,385.7003692397848,385.7003692397848,385.7003692397848,0.04669128265231848,isotropic_linear,v6p1i4_0022
pcb_fr4_equivalent,0.8436692969589038,0.8436692969589038,0.31637598635958886,0.6190911894664168,correlated_log_uniform_axes,v6p1i4_0023
bt_substrate_with_vias,0.19199263271610711,0.19199263271610711,0.4703819501544625,0.4084437657147646,correlated_log_uniform_axes,v6p1i4_0023
silicon_interposer_tsv_0p1,134.16128139942884,134.16128139942884,136.52149496600032,0.4720427133142948,correlated_linear_axes,v6p1i4_0023
bump_underfill_under_interposer,0.5265067246729236,0.5265067246729236,4.299804918162209,0.2072163848206401,correlated_log_uniform_axes,v6p1i4_0023
silicon_die_lower,141.3815164938569,141.3815164938569,141.3815164938569,0.8276303298771381,isotropic_linear,v6p1i4_0023
tim_between_dies,2.5696261553672493,2.5696261553672493,2.5696261553672493,0.3807436628267169,isotropic_log_uniform,v6p1i4_0023
silicon_die_upper,132.90947671048343,132.90947671048343,132.90947671048343,0.6581895342096686,isotropic_linear,v6p1i4_0023
tim_to_spreader,1.4138816593810306,1.4138816593810306,1.4138816593810306,0.03535819984972477,isotropic_log_uniform,v6p1i4_0023
spreader,393.03523247595876,393.03523247595876,393.03523247595876,0.5356821650639176,isotropic_linear,v6p1i4_0023
pcb_fr4_equivalent,0.8113986826708156,0.8113986826708156,0.3042745060015558,0.53170111682266,correlated_log_uniform_axes,v6p1i4_0024
bt_substrate_with_vias,0.2152640590787866,0.2152640590787866,0.5273969447430272,0.6647999444976449,correlated_log_uniform_axes,v6p1i4_0024
silicon_interposer_tsv_0p1,135.57362247258425,135.57362247258425,138.16922621801496,0.5191207490861416,correlated_linear_axes,v6p1i4_0024
bump_underfill_under_interposer,0.5915104874512503,0.5915104874512503,4.830668980851877,0.46806934010237455,correlated_log_uniform_axes,v6p1i4_0024
silicon_die_lower,115.00703715719283,115.00703715719283,115.00703715719283,0.3001407431438565,isotropic_linear,v6p1i4_0024
tim_between_dies,2.1697169256878945,2.1697169256878945,2.1697169256878945,0.2829455714672804,isotropic_log_uniform,v6p1i4_0024
silicon_die_upper,114.61321907117963,114.61321907117963,114.61321907117963,0.29226438142359257,isotropic_linear,v6p1i4_0024
tim_to_spreader,2.6134608774916037,2.6134608774916037,2.6134608774916037,0.39052263647317886,isotropic_log_uniform,v6p1i4_0024
spreader,399.7702741622925,399.7702741622925,399.7702741622925,0.984684944152832,isotropic_linear,v6p1i4_0024
pcb_fr4_equivalent,0.7698980647311694,0.7698980647311694,0.2887117742741885,0.4140606913715601,correlated_log_uniform_axes,v6p1i4_0025
bt_substrate_with_vias,0.1706801809307674,0.1706801809307674,0.41816644328038016,0.1447895374149084,correlated_log_uniform_axes,v6p1i4_0025
silicon_interposer_tsv_0p1,132.66898345202208,132.66898345202208,134.78048069402575,0.42229944840073586,correlated_linear_axes,v6p1i4_0025
bump_underfill_under_interposer,0.7366059497799903,0.7366059497799903,6.015615256536586,0.95962212421,correlated_log_uniform_axes,v6p1i4_0025
silicon_die_lower,146.9510544091463,146.9510544091463,146.9510544091463,0.9390210881829262,isotropic_linear,v6p1i4_0025
tim_between_dies,3.5727250431619177,3.5727250431619177,3.5727250431619177,0.571275900118053,isotropic_log_uniform,v6p1i4_0025
silicon_die_upper,141.3585288450122,141.3585288450122,141.3585288450122,0.8271705769002438,isotropic_linear,v6p1i4_0025
tim_to_spreader,6.216827581817482,6.216827581817482,6.216827581817482,0.8915183749049902,isotropic_log_uniform,v6p1i4_0025
spreader,392.428090730682,392.428090730682,392.428090730682,0.49520604871213436,isotropic_linear,v6p1i4_0025
pcb_fr4_equivalent,0.6587180211036138,0.6587180211036138,0.24701925791385512,0.06459379475563765,correlated_log_uniform_axes,v6p1i4_0026
bt_substrate_with_vias,0.2329900579583218,0.2329900579583218,0.5708256419978884,0.8421080633997917,correlated_log_uniform_axes,v6p1i4_0026
silicon_interposer_tsv_0p1,144.47306008078158,144.47306008078158,148.5519034275785,0.815768669359386,correlated_linear_axes,v6p1i4_0026
bump_underfill_under_interposer,0.521056736857118,0.521056736857118,4.255296684333129,0.18390141986310482,correlated_log_uniform_axes,v6p1i4_0026
silicon_die_lower,127.8170841280371,127.8170841280371,127.8170841280371,0.5563416825607419,isotropic_linear,v6p1i4_0026
tim_between_dies,5.786267742131296,5.786267742131296,5.786267742131296,0.8500249003991485,isotropic_log_uniform,v6p1i4_0026
silicon_die_upper,109.35698328539729,109.35698328539729,109.35698328539729,0.18713966570794582,isotropic_linear,v6p1i4_0026
tim_to_spreader,3.8747724499185945,3.8747724499185945,3.8747724499185945,0.6181957051157951,isotropic_log_uniform,v6p1i4_0026
spreader,386.26871700864285,386.26871700864285,386.26871700864285,0.08458113390952349,isotropic_linear,v6p1i4_0026
pcb_fr4_equivalent,0.9749013213903887,0.9749013213903887,0.3655879955213957,0.9430433418601751,correlated_log_uniform_axes,v6p1i4_0027
bt_substrate_with_vias,0.18675856302831842,0.18675856302831842,0.4575584794193802,0.34650981333106756,correlated_log_uniform_axes,v6p1i4_0027
silicon_interposer_tsv_0p1,126.58126615919173,126.58126615919173,127.67814385239035,0.21937553863972425,correlated_linear_axes,v6p1i4_0027
bump_underfill_under_interposer,0.6494534775672285,0.6494534775672285,5.303870066799032,0.6774677103385329,correlated_log_uniform_axes,v6p1i4_0027
silicon_die_lower,109.93175841867924,109.93175841867924,109.93175841867924,0.19863516837358475,isotropic_linear,v6p1i4_0027
tim_between_dies,1.3645267962230532,1.3645267962230532,1.3645267962230532,0.01481667347252369,isotropic_log_uniform,v6p1i4_0027
silicon_die_upper,135.73667779564857,135.73667779564857,135.73667779564857,0.7147335559129715,isotropic_linear,v6p1i4_0027
tim_to_spreader,1.5801565696899451,1.5801565696899451,1.5801565696899451,0.09963727556169033,isotropic_log_uniform,v6p1i4_0027
spreader,393.8748012529686,393.8748012529686,393.8748012529686,0.591653416864574,isotropic_linear,v6p1i4_0027
pcb_fr4_equivalent,0.90544453814788,0.90544453814788,0.33954170180545495,0.7774319425225258,correlated_log_uniform_axes,v6p1i4_0028
bt_substrate_with_vias,0.24993828372045845,0.24993828372045845,0.6123487951151232,0.9994467785581946,correlated_log_uniform_axes,v6p1i4_0028
silicon_interposer_tsv_0p1,129.3129183165729,129.3129183165729,130.86507136933506,0.31043061055243015,correlated_linear_axes,v6p1i4_0028
bump_underfill_under_interposer,0.6296274814239451,0.6296274814239451,5.141957764962218,0.6079992894083261,correlated_log_uniform_axes,v6p1i4_0028
silicon_die_lower,102.56783808581531,102.56783808581531,102.56783808581531,0.05135676171630621,isotropic_linear,v6p1i4_0028
tim_between_dies,3.103613991271332,3.103613991271332,3.103613991271332,0.4898979580029845,isotropic_log_uniform,v6p1i4_0028
silicon_die_upper,104.20481539331377,104.20481539331377,104.20481539331377,0.08409630786627531,isotropic_linear,v6p1i4_0028
tim_to_spreader,4.125486946466329,4.125486946466329,4.125486946466329,0.6544425971806049,isotropic_log_uniform,v6p1i4_0028
spreader,387.65605955850333,387.65605955850333,387.65605955850333,0.17707063723355532,isotropic_linear,v6p1i4_0028
pcb_fr4_equivalent,0.6849130086471096,0.6849130086471096,0.25684237824266604,0.15197315532714128,correlated_log_uniform_axes,v6p1i4_0029
bt_substrate_with_vias,0.19483126549268062,0.19483126549268062,0.4773366004570676,0.4413303956389427,correlated_log_uniform_axes,v6p1i4_0029
silicon_interposer_tsv_0p1,139.63195418938994,139.63195418938994,142.90394655428827,0.6543984729796648,correlated_linear_axes,v6p1i4_0029
bump_underfill_under_interposer,0.5021458545000633,0.5021458545000633,4.100857811750517,0.10106615256518126,correlated_log_uniform_axes,v6p1i4_0029
silicon_die_lower,134.6802675165236,134.6802675165236,134.6802675165236,0.693605350330472,isotropic_linear,v6p1i4_0029
tim_between_dies,4.1168129364096995,4.1168129364096995,4.1168129364096995,0.6532257813960314,isotropic_log_uniform,v6p1i4_0029
silicon_die_upper,127.45966971851885,127.45966971851885,127.45966971851885,0.5491933943703771,isotropic_linear,v6p1i4_0029
tim_to_spreader,1.6542623774918945,1.6542623774918945,1.6542623774918945,0.12613357044756413,isotropic_log_uniform,v6p1i4_0029
spreader,395.2843498112634,395.2843498112634,395.2843498112634,0.6856233207508922,isotropic_linear,v6p1i4_0029
pcb_fr4_equivalent,0.7560238522334456,0.7560238522334456,0.2835089445875421,0.37331293895840645,correlated_log_uniform_axes,v6p1i4_0030
bt_substrate_with_vias,0.2008729520761501,0.2008729520761501,0.4921387325865678,0.5097588803619146,correlated_log_uniform_axes,v6p1i4_0030
silicon_interposer_tsv_0p1,123.19853550754488,123.19853550754488,123.73162475880235,0.10661785025149584,correlated_linear_axes,v6p1i4_0030
bump_underfill_under_interposer,0.67479088151667,0.67479088151667,5.510792199052805,0.763223341666162,correlated_log_uniform_axes,v6p1i4_0030
silicon_die_lower,140.5516445171088,140.5516445171088,140.5516445171088,0.811032890342176,isotropic_linear,v6p1i4_0030
tim_between_dies,6.579338558469214,6.579338558469214,6.579338558469214,0.9242834132164717,isotropic_log_uniform,v6p1i4_0030
silicon_die_upper,122.02063160948455,122.02063160948455,122.02063160948455,0.44041263218969107,isotropic_linear,v6p1i4_0030
tim_to_spreader,2.4464222554183364,2.4464222554183364,2.4464222554183364,0.35233810916543007,isotropic_log_uniform,v6p1i4_0030
spreader,396.53742875903845,396.53742875903845,396.53742875903845,0.7691619172692299,isotropic_linear,v6p1i4_0030
pcb_fr4_equivalent,0.8920130931239386,0.8920130931239386,0.3345049099214769,0.7439440498128533,correlated_log_uniform_axes,v6p1i4_0031
bt_substrate_with_vias,0.16377364264298178,0.16377364264298178,0.4012454244753054,0.0522341588512063,correlated_log_uniform_axes,v6p1i4_0031
silicon_interposer_tsv_0p1,148.55965971015394,148.55965971015394,153.3196029951796,0.9519886570051312,correlated_linear_axes,v6p1i4_0031
bump_underfill_under_interposer,0.5376813164818462,0.5376813164818462,4.391064084601744,0.25427562557160854,correlated_log_uniform_axes,v6p1i4_0031
silicon_die_lower,122.49331558123231,122.49331558123231,122.49331558123231,0.4498663116246462,isotropic_linear,v6p1i4_0031
tim_between_dies,1.9260621448238622,1.9260621448238622,1.9260621448238622,0.21407959889620543,isotropic_log_uniform,v6p1i4_0031
silicon_die_upper,145.64076666720212,145.64076666720212,145.64076666720212,0.9128153333440423,isotropic_linear,v6p1i4_0031
tim_to_spreader,5.958269202552163,5.958269202552163,5.958269202552163,0.8669597152620554,isotropic_log_uniform,v6p1i4_0031
spreader,389.1139878053218,389.1139878053218,389.1139878053218,0.27426585368812084,isotropic_linear,v6p1i4_0031
pcb_fr4_equivalent,0.8841356994290647,0.8841356994290647,0.33155088728589915,0.7240683827549219,correlated_log_uniform_axes,v6p1i4_0032
bt_substrate_with_vias,0.24404475607208,0.24404475607208,0.597909652376596,0.9459780873730779,correlated_log_uniform_axes,v6p1i4_0032
silicon_interposer_tsv_0p1,142.35162396915257,142.35162396915257,146.076894630678,0.7450541323050857,correlated_linear_axes,v6p1i4_0032
bump_underfill_under_interposer,0.5233762823144108,0.5233762823144108,4.274239638901021,0.19385406840592623,correlated_log_uniform_axes,v6p1i4_0032
silicon_die_lower,132.5251767411828,132.5251767411828,132.5251767411828,0.6505035348236561,isotropic_linear,v6p1i4_0032
tim_between_dies,1.3828560549703137,1.3828560549703137,1.3828560549703137,0.02253077458590269,isotropic_log_uniform,v6p1i4_0032
silicon_die_upper,121.05697714723647,121.05697714723647,121.05697714723647,0.42113954294472933,isotropic_linear,v6p1i4_0032
tim_to_spreader,6.087259923583709,6.087259923583709,6.087259923583709,0.8793420447036624,isotropic_log_uniform,v6p1i4_0032
spreader,395.55711219552904,395.55711219552904,395.55711219552904,0.7038074797019362,isotropic_linear,v6p1i4_0032
pcb_fr4_equivalent,0.7470856917717645,0.7470856917717645,0.2801571344144117,0.34666409995406866,correlated_log_uniform_axes,v6p1i4_0033
bt_substrate_with_vias,0.19897185891946811,0.19897185891946811,0.48748105435269684,0.4884514603763819,correlated_log_uniform_axes,v6p1i4_0033
silicon_interposer_tsv_0p1,130.10975358076394,130.10975358076394,131.79471251089126,0.33699178602546453,correlated_linear_axes,v6p1i4_0033
bump_underfill_under_interposer,0.656766250829264,0.656766250829264,5.363591048438988,0.7025568671524525,correlated_log_uniform_axes,v6p1i4_0033
silicon_die_lower,105.11689153499901,105.11689153499901,105.11689153499901,0.10233783069998026,isotropic_linear,v6p1i4_0033
tim_between_dies,6.024623579338537,6.024623579338537,6.024623579338537,0.8733624499291182,isotropic_log_uniform,v6p1i4_0033
silicon_die_upper,147.43607281707227,147.43607281707227,147.43607281707227,0.9487214563414454,isotropic_linear,v6p1i4_0033
tim_to_spreader,2.6651469982380545,2.6651469982380545,2.6651469982380545,0.40184459555894136,isotropic_log_uniform,v6p1i4_0033
spreader,388.2220203569159,388.2220203569159,388.2220203569159,0.21480135712772608,isotropic_linear,v6p1i4_0033
pcb_fr4_equivalent,0.6788229122222721,0.6788229122222721,0.25455859208335196,0.13196014426648617,correlated_log_uniform_axes,v6p1i4_0034
bt_substrate_with_vias,0.2054998765436743,0.2054998765436743,0.5034746975320021,0.5607861317694187,correlated_log_uniform_axes,v6p1i4_0034
silicon_interposer_tsv_0p1,147.48456314206123,147.48456314206123,152.0653236657381,0.9161521047353745,correlated_linear_axes,v6p1i4_0034
bump_underfill_under_interposer,0.5768232951162602,0.5768232951162602,4.71072357678279,0.41173017770051956,correlated_log_uniform_axes,v6p1i4_0034
silicon_die_lower,119.57781556993723,119.57781556993723,119.57781556993723,0.3915563113987446,isotropic_linear,v6p1i4_0034
tim_between_dies,3.619954041741594,3.619954041741594,3.619954041741594,0.5788682717829943,isotropic_log_uniform,v6p1i4_0034
silicon_die_upper,102.9224191326648,102.9224191326648,102.9224191326648,0.058448382653295994,isotropic_linear,v6p1i4_0034
tim_to_spreader,1.6141320971382587,1.6141320971382587,1.6141320971382587,0.11193604301661253,isotropic_log_uniform,v6p1i4_0034
spreader,390.48582724295557,390.48582724295557,390.48582724295557,0.3657218161970377,isotropic_linear,v6p1i4_0034
pcb_fr4_equivalent,0.8946849968251175,0.8946849968251175,0.335506873809419,0.7506457595154643,correlated_log_uniform_axes,v6p1i4_0035
bt_substrate_with_vias,0.16019088628861866,0.16019088628861866,0.39246767140711575,0.002671661786735058,correlated_log_uniform_axes,v6p1i4_0035
silicon_interposer_tsv_0p1,120.28849147260189,120.28849147260189,120.3365733847022,0.009616382420063019,correlated_linear_axes,v6p1i4_0035
bump_underfill_under_interposer,0.7231848569187701,0.7231848569187701,5.906009664836622,0.9184194738045335,correlated_log_uniform_axes,v6p1i4_0035
silicon_die_lower,142.29174074716866,142.29174074716866,142.29174074716866,0.8458348149433732,isotropic_linear,v6p1i4_0035
tim_between_dies,2.2586164652208853,2.2586164652208853,2.2586164652208853,0.3061606800183654,isotropic_log_uniform,v6p1i4_0035
silicon_die_upper,129.6683221589774,129.6683221589774,129.6683221589774,0.5933664431795478,isotropic_linear,v6p1i4_0035
tim_to_spreader,3.8004291909035777,3.8004291909035777,3.8004291909035777,0.6069956915453076,isotropic_log_uniform,v6p1i4_0035
spreader,398.0843620188534,398.0843620188534,398.0843620188534,0.8722908012568951,isotropic_linear,v6p1i4_0035
pcb_fr4_equivalent,0.9831789218549882,0.9831789218549882,0.3686920956956205,0.9619882376864552,correlated_log_uniform_axes,v6p1i4_0036
bt_substrate_with_vias,0.21435145893094446,0.21435145893094446,0.5251610743808139,0.6552803842350841,correlated_log_uniform_axes,v6p1i4_0036
silicon_interposer_tsv_0p1,133.72863206081092,133.72863206081092,136.0167374042794,0.45762106869369745,correlated_linear_axes,v6p1i4_0036
bump_underfill_under_interposer,0.7066393692364875,0.7066393692364875,5.770888182097981,0.8665595389902592,correlated_log_uniform_axes,v6p1i4_0036
silicon_die_lower,145.20632987841964,145.20632987841964,145.20632987841964,0.9041265975683928,isotropic_linear,v6p1i4_0036
tim_between_dies,1.8489826894320374,1.8489826894320374,1.8489826894320374,0.19046774692833424,isotropic_log_uniform,v6p1i4_0036
silicon_die_upper,110.27321312576532,110.27321312576532,110.27321312576532,0.20546426251530647,isotropic_linear,v6p1i4_0036
tim_to_spreader,1.7126402068512578,1.7126402068512578,1.7126402068512578,0.14618355687707663,isotropic_log_uniform,v6p1i4_0036
spreader,390.94278301112354,390.94278301112354,390.94278301112354,0.39618553407490253,isotropic_linear,v6p1i4_0036
pcb_fr4_equivalent,0.6669394943735857,0.6669394943735857,0.25010231039009456,0.09238705784082413,correlated_log_uniform_axes,v6p1i4_0037
bt_substrate_with_vias,0.17181821674164285,0.17181821674164285,0.420954631017025,0.15968022122979164,correlated_log_uniform_axes,v6p1i4_0037
silicon_interposer_tsv_0p1,138.4975118469447,138.4975118469447,141.58043048810214,0.6165837282314897,correlated_linear_axes,v6p1i4_0037
bump_underfill_under_interposer,0.567122266668991,0.567122266668991,4.6314985111300935,0.37372537422925234,correlated_log_uniform_axes,v6p1i4_0037
silicon_die_lower,117.92106195352972,117.92106195352972,117.92106195352972,0.3584212390705943,isotropic_linear,v6p1i4_0037
tim_between_dies,6.489044234983591,6.489044234983591,6.489044234983591,0.9162942981347442,isotropic_log_uniform,v6p1i4_0037
silicon_die_upper,133.8942871429026,133.8942871429026,133.8942871429026,0.6778857428580523,isotropic_linear,v6p1i4_0037
tim_to_spreader,3.99244432934301,3.99244432934301,3.99244432934301,0.6354913646355271,isotropic_log_uniform,v6p1i4_0037
spreader,398.5786228440702,398.5786228440702,398.5786228440702,0.9052415229380131,isotropic_linear,v6p1i4_0037
pcb_fr4_equivalent,0.7763874528052304,0.7763874528052304,0.29114529480196133,0.4328682431951165,correlated_log_uniform_axes,v6p1i4_0038
bt_substrate_with_vias,0.23413502272820802,0.23413502272820802,0.5736308056841097,0.8530924413353205,correlated_log_uniform_axes,v6p1i4_0038
silicon_interposer_tsv_0p1,123.87704433873296,123.87704433873296,124.52321839518845,0.1292348112910986,correlated_linear_axes,v6p1i4_0038
bump_underfill_under_interposer,0.6053252603995645,0.6053252603995645,4.943489626596442,0.5197995388880372,correlated_log_uniform_axes,v6p1i4_0038
silicon_die_lower,107.38428151234984,107.38428151234984,107.38428151234984,0.14768563024699688,isotropic_linear,v6p1i4_0038
tim_between_dies,3.9528936263890198,3.9528936263890198,3.9528936263890198,0.6297356588765979,isotropic_log_uniform,v6p1i4_0038
silicon_die_upper,115.94312898814678,115.94312898814678,115.94312898814678,0.31886257976293564,isotropic_linear,v6p1i4_0038
tim_to_spreader,5.756387020076663,5.756387020076663,5.756387020076663,0.8470316743478179,isotropic_log_uniform,v6p1i4_0038
spreader,393.25419581029564,393.25419581029564,393.25419581029564,0.5502797206863761,isotropic_linear,v6p1i4_0038
pcb_fr4_equivalent,0.8214754126801584,0.8214754126801584,0.3080532797550594,0.5593570359051228,correlated_log_uniform_axes,v6p1i4_0039
bt_substrate_with_vias,0.1856428899284248,0.1856428899284248,0.4548250803246407,0.33308393973857164,correlated_log_uniform_axes,v6p1i4_0039
silicon_interposer_tsv_0p1,143.6623794771731,143.6623794771731,147.60610939003527,0.7887459825724363,correlated_linear_axes,v6p1i4_0039
bump_underfill_under_interposer,0.48624834030238673,0.48624834030238673,3.971028112469491,0.02897994965314865,correlated_log_uniform_axes,v6p1i4_0039
silicon_die_lower,129.97670187614858,129.97670187614858,129.97670187614858,0.5995340375229716,isotropic_linear,v6p1i4_0039
tim_between_dies,3.06166859703209,3.06166859703209,3.06166859703209,0.4820312839001417,isotropic_log_uniform,v6p1i4_0039
silicon_die_upper,139.1970626078546,139.1970626078546,139.1970626078546,0.7839412521570921,isotropic_linear,v6p1i4_0039
tim_to_spreader,2.5284812834482935,2.5284812834482935,2.5284812834482935,0.37141177896410227,isotropic_log_uniform,v6p1i4_0039
spreader,385.82366292830557,385.82366292830557,385.82366292830557,0.054910861887037754,isotropic_linear,v6p1i4_0039
pcb_fr4_equivalent,0.8361115065684391,0.8361115065684391,0.31354181496316463,0.5989279262721539,correlated_log_uniform_axes,v6p1i4_0040
bt_substrate_with_vias,0.20853890365759756,0.20853890365759756,0.510920313961114,0.5936801563948393,correlated_log_uniform_axes,v6p1i4_0040
silicon_interposer_tsv_0p1,126.3105365820229,126.3105365820229,127.36229267902672,0.2103512194007635,correlated_linear_axes,v6p1i4_0040
bump_underfill_under_interposer,0.5420203248537668,0.5420203248537668,4.426499319639096,0.27228525280952454,correlated_log_uniform_axes,v6p1i4_0040
silicon_die_lower,101.25923985615373,101.25923985615373,101.25923985615373,0.02518479712307453,isotropic_linear,v6p1i4_0040
tim_between_dies,2.321504753437294,2.321504753437294,2.321504753437294,0.32203785609453917,isotropic_log_uniform,v6p1i4_0040
silicon_die_upper,108.2264510449022,108.2264510449022,108.2264510449022,0.1645290208980441,isotropic_linear,v6p1i4_0040
tim_to_spreader,1.9140370303058987,1.9140370303058987,1.9140370303058987,0.21045882534235716,isotropic_log_uniform,v6p1i4_0040
spreader,392.21996665000916,392.21996665000916,392.21996665000916,0.48133111000061035,isotropic_linear,v6p1i4_0040
pcb_fr4_equivalent,0.7898725670883305,0.7898725670883305,0.2962022126581239,0.4714531237259507,correlated_log_uniform_axes,v6p1i4_0041
bt_substrate_with_vias,0.16708626687907296,0.16708626687907296,0.40936135385372885,0.09710437897592783,correlated_log_uniform_axes,v6p1i4_0041
silicon_interposer_tsv_0p1,145.9164516068995,145.9164516068995,150.23586020804942,0.8638817202299833,correlated_linear_axes,v6p1i4_0041
bump_underfill_under_interposer,0.680013759567605,0.680013759567605,5.55344570313544,0.7804996529594064,correlated_log_uniform_axes,v6p1i4_0041
silicon_die_lower,136.48007954470813,136.48007954470813,136.48007954470813,0.7296015908941627,isotropic_linear,v6p1i4_0041
tim_between_dies,3.336661439831389,3.336661439831389,3.336661439831389,0.5317563693970442,isotropic_log_uniform,v6p1i4_0041
silicon_die_upper,134.97178317047656,134.97178317047656,134.97178317047656,0.6994356634095311,isotropic_linear,v6p1i4_0041
tim_to_spreader,4.431828232057871,4.431828232057871,4.431828232057871,0.6958527462556958,isotropic_log_uniform,v6p1i4_0041
spreader,399.64317933656275,399.64317933656275,399.64317933656275,0.9762119557708502,isotropic_linear,v6p1i4_0041
pcb_fr4_equivalent,0.6419904483050956,0.6419904483050956,0.24074641811441078,0.0069579631090164185,correlated_log_uniform_axes,v6p1i4_0042
bt_substrate_with_vias,0.24074963017364334,0.24074963017364334,0.5898365939254262,0.9155176049098372,correlated_log_uniform_axes,v6p1i4_0042
silicon_interposer_tsv_0p1,131.47464039735496,131.47464039735496,133.3870804635808,0.38248801324516535,correlated_linear_axes,v6p1i4_0042
bump_underfill_under_interposer,0.5052869575556503,0.5052869575556503,4.126510153371145,0.11503894347697496,correlated_log_uniform_axes,v6p1i4_0042
silicon_die_lower,138.43454206362367,138.43454206362367,138.43454206362367,0.7686908412724733,isotropic_linear,v6p1i4_0042
tim_between_dies,4.9841267548821975,4.9841267548821975,4.9841267548821975,0.7637514490634203,isotropic_log_uniform,v6p1i4_0042
silicon_die_upper,115.45955794863403,115.45955794863403,115.45955794863403,0.30919115897268057,isotropic_linear,v6p1i4_0042
tim_to_spreader,5.149776943192612,5.149776943192612,5.149776943192612,0.7826534165069461,isotropic_log_uniform,v6p1i4_0042
spreader,393.5866879997775,393.5866879997775,393.5866879997775,0.5724458666518331,isotropic_linear,v6p1i4_0042
pcb_fr4_equivalent,0.9459835183826846,0.9459835183826846,0.35474381939350663,0.8755730735138059,correlated_log_uniform_axes,v6p1i4_0043
bt_substrate_with_vias,0.19097050141567484,0.19097050141567484,0.4678777284684033,0.39648279547691345,correlated_log_uniform_axes,v6p1i4_0043
silicon_interposer_tsv_0p1,136.06405357830226,136.06405357830226,138.74139584135264,0.5354684526100755,correlated_linear_axes,v6p1i4_0043
bump_underfill_under_interposer,0.6333592204963732,0.6333592204963732,5.172433634053713,0.6212405525147915,correlated_log_uniform_axes,v6p1i4_0043
silicon_die_lower,123.53307600133121,123.53307600133121,123.53307600133121,0.4706615200266242,isotropic_linear,v6p1i4_0043
tim_between_dies,1.583630891595546,1.583630891595546,1.583630891595546,0.10090701933950186,isotropic_log_uniform,v6p1i4_0043
silicon_die_upper,141.83922712691128,141.83922712691128,141.83922712691128,0.8367845425382257,isotropic_linear,v6p1i4_0043
tim_to_spreader,2.2772745340321516,2.2772745340321516,2.2772745340321516,0.3109168754890561,isotropic_log_uniform,v6p1i4_0043
spreader,385.9581683622673,385.9581683622673,385.9581683622673,0.06387789081782103,isotropic_linear,v6p1i4_0043
pcb_fr4_equivalent,0.9298721102089651,0.9298721102089651,0.34870204132836186,0.8370819641277194,correlated_log_uniform_axes,v6p1i4_0044
bt_substrate_with_vias,0.22441303978334085,0.22441303978334085,0.5498119474691852,0.7580646276473999,correlated_log_uniform_axes,v6p1i4_0044
silicon_interposer_tsv_0p1,149.79717180132866,149.79717180132866,154.7633671015501,0.9932390600442886,correlated_linear_axes,v6p1i4_0044
bump_underfill_under_interposer,0.6453107252852286,0.6453107252852286,5.270037589829367,0.6631288239732385,correlated_log_uniform_axes,v6p1i4_0044
silicon_die_lower,113.96576054394245,113.96576054394245,113.96576054394245,0.27931521087884903,isotropic_linear,v6p1i4_0044
tim_between_dies,2.6759107385672287,2.6759107385672287,2.6759107385672287,0.40417477674782276,isotropic_log_uniform,v6p1i4_0044
silicon_die_upper,122.90654676035047,122.90654676035047,122.90654676035047,0.4581309352070093,isotropic_linear,v6p1i4_0044
tim_to_spreader,6.80299747291085,6.80299747291085,6.80299747291085,0.9436096763238311,isotropic_log_uniform,v6p1i4_0044
spreader,394.9884787155315,394.9884787155315,394.9884787155315,0.6658985810354352,isotropic_linear,v6p1i4_0044
pcb_fr4_equivalent,0.705215929640436,0.705215929640436,0.2644559736151635,0.21742923371493816,correlated_log_uniform_axes,v6p1i4_0045
bt_substrate_with_vias,0.1830459395293313,0.1830459395293313,0.4484625518468618,0.30151743348687887,correlated_log_uniform_axes,v6p1i4_0045
silicon_interposer_tsv_0p1,122.66333274543285,122.66333274543285,123.10722153633833,0.08877775818109512,correlated_linear_axes,v6p1i4_0045
bump_underfill_under_interposer,0.518014873069637,0.518014873069637,4.230454796735369,0.17078210413455963,correlated_log_uniform_axes,v6p1i4_0045
silicon_die_lower,149.0635695401579,149.0635695401579,149.0635695401579,0.9812713908031583,isotropic_linear,v6p1i4_0045
tim_between_dies,4.774318215256926,4.774318215256926,4.774318215256926,0.7388879274949431,isotropic_log_uniform,v6p1i4_0045
silicon_die_upper,146.16142641752958,146.16142641752958,146.16142641752958,0.9232285283505917,isotropic_linear,v6p1i4_0045
tim_to_spreader,2.9584957888705055,2.9584957888705055,2.9584957888705055,0.4622136140242219,isotropic_log_uniform,v6p1i4_0045
spreader,387.3826228501275,387.3826228501275,387.3826228501275,0.15884152334183455,isotropic_linear,v6p1i4_0045
pcb_fr4_equivalent,0.7343379526810468,0.7343379526810468,0.2753767322553925,0.3081002598628402,correlated_log_uniform_axes,v6p1i4_0046
bt_substrate_with_vias,0.22349218695150747,0.22349218695150747,0.5475558580311933,0.7488512182608247,correlated_log_uniform_axes,v6p1i4_0046
silicon_interposer_tsv_0p1,139.97670223005116,139.97670223005116,143.30615260172635,0.6658900743350387,correlated_linear_axes,v6p1i4_0046
bump_underfill_under_interposer,0.7306693878967593,0.7306693878967593,5.9671333344902004,0.9414903037250042,correlated_log_uniform_axes,v6p1i4_0046
silicon_die_lower,126.02185346186161,126.02185346186161,126.02185346186161,0.5204370692372322,isotropic_linear,v6p1i4_0046
tim_between_dies,7.03442332545041,7.03442332545041,7.03442332545041,0.9629494054242969,isotropic_log_uniform,v6p1i4_0046
silicon_die_upper,103.21170566603541,103.21170566603541,103.21170566603541,0.06423411332070827,isotropic_linear,v6p1i4_0046
tim_to_spreader,1.4439771052190065,1.4439771052190065,1.4439771052190065,0.04753488954156637,isotropic_log_uniform,v6p1i4_0046
spreader,388.9722725376487,388.9722725376487,388.9722725376487,0.2648181691765785,isotropic_linear,v6p1i4_0046
pcb_fr4_equivalent,0.8686744491708547,0.8686744491708547,0.32575291843907045,0.6845374871045351,correlated_log_uniform_axes,v6p1i4_0047
bt_substrate_with_vias,0.17414023373431117,0.17414023373431117,0.42664357264906244,0.18975923769176006,correlated_log_uniform_axes,v6p1i4_0047
silicon_interposer_tsv_0p1,127.79711094684899,127.79711094684899,129.0966294379905,0.2599036982282996,correlated_linear_axes,v6p1i4_0047
bump_underfill_under_interposer,0.5870633322302443,0.5870633322302443,4.794350546546995,0.45115935523062944,correlated_log_uniform_axes,v6p1i4_0047
silicon_die_lower,111.24187880195677,111.24187880195677,111.24187880195677,0.22483757603913546,isotropic_linear,v6p1i4_0047
tim_between_dies,1.800506855203929,1.800506855203929,1.800506855203929,0.17510843090713024,isotropic_log_uniform,v6p1i4_0047
silicon_die_upper,126.83181837201118,126.83181837201118,126.83181837201118,0.5366363674402237,isotropic_linear,v6p1i4_0047
tim_to_spreader,3.4229889018136705,3.4229889018136705,3.4229889018136705,0.5465236837044358,isotropic_log_uniform,v6p1i4_0047
spreader,396.314685465768,396.314685465768,396.314685465768,0.754312364384532,isotropic_linear,v6p1i4_0047
pcb_fr4_equivalent,0.8571362401687757,0.8571362401687757,0.3214260900632908,0.6545757232233882,correlated_log_uniform_axes,v6p1i4_0048
bt_substrate_with_vias,0.21907509134953038,0.21907509134953038,0.5367339738063496,0.7041223840788007,correlated_log_uniform_axes,v6p1i4_0048
silicon_interposer_tsv_0p1,145.0548351276666,145.0548351276666,149.2306409822777,0.8351611709222198,correlated_linear_axes,v6p1i4_0048
bump_underfill_under_interposer,0.6105251269711555,0.6105251269711555,4.9859552035977694,0.5389654897153378,correlated_log_uniform_axes,v6p1i4_0048
silicon_die_lower,141.5116905234754,141.5116905234754,141.5116905234754,0.8302338104695082,isotropic_linear,v6p1i4_0048
tim_between_dies,4.609377418155952,4.609377418155952,4.609377418155952,0.718561920337379,isotropic_log_uniform,v6p1i4_0048
silicon_die_upper,148.6877820454538,148.6877820454538,148.6877820454538,0.9737556409090757,isotropic_linear,v6p1i4_0048
tim_to_spreader,1.3534683222526027,1.3534683222526027,1.3534683222526027,0.010112296789884567,isotropic_log_uniform,v6p1i4_0048
spreader,399.51410335022956,399.51410335022956,399.51410335022956,0.9676068900153041,isotropic_linear,v6p1i4_0048
pcb_fr4_equivalent,0.7236182559202449,0.7236182559202449,0.2713568459700918,0.2751497980207205,correlated_log_uniform_axes,v6p1i4_0049
bt_substrate_with_vias,0.17745120488235747,0.17745120488235747,0.43475545196177584,0.23196245916187763,correlated_log_uniform_axes,v6p1i4_0049
silicon_interposer_tsv_0p1,127.17216742224991,127.17216742224991,128.36752865929157,0.23907224740833044,correlated_linear_axes,v6p1i4_0049
bump_underfill_under_interposer,0.4897303326374292,0.4897303326374292,3.9994643832056713,0.04496834892779589,correlated_log_uniform_axes,v6p1i4_0049
silicon_die_lower,120.36102502606809,120.36102502606809,120.36102502606809,0.40722050052136183,isotropic_linear,v6p1i4_0049
tim_between_dies,2.7898285630002606,2.7898285630002606,2.7898285630002606,0.4282770957797766,isotropic_log_uniform,v6p1i4_0049
silicon_die_upper,118.81764344871044,118.81764344871044,118.81764344871044,0.37635286897420883,isotropic_linear,v6p1i4_0049
tim_to_spreader,3.2742249118819418,3.2742249118819418,3.2742249118819418,0.5208358038216829,isotropic_log_uniform,v6p1i4_0049
spreader,391.87849200796336,391.87849200796336,391.87849200796336,0.45856613386422396,isotropic_linear,v6p1i4_0049
pcb_fr4_equivalent,0.7143291418065549,0.7143291418065549,0.2678734281774581,0.24619950260967016,correlated_log_uniform_axes,v6p1i4_0050
bt_substrate_with_vias,0.22749796469485647,0.22749796469485647,0.5573700135023985,0.7886570654809475,correlated_log_uniform_axes,v6p1i4_0050
silicon_interposer_tsv_0p1,135.2335461974144,135.2335461974144,137.77247056365013,0.5077848732471466,correlated_linear_axes,v6p1i4_0050
bump_underfill_under_interposer,0.691294626426417,0.691294626426417,5.645572782482405,0.8173662284389138,correlated_log_uniform_axes,v6p1i4_0050
silicon_die_lower,104.33377465233207,104.33377465233207,104.33377465233207,0.08667549304664135,isotropic_linear,v6p1i4_0050
tim_between_dies,1.7196723101578935,1.7196723101578935,1.7196723101578935,0.14855248667299747,isotropic_log_uniform,v6p1i4_0050
silicon_die_upper,130.55551210418344,130.55551210418344,130.55551210418344,0.6111102420836687,isotropic_linear,v6p1i4_0050
tim_to_spreader,7.458520965363634,7.458520965363634,7.458520965363634,0.9967937730252743,isotropic_log_uniform,v6p1i4_0050
spreader,386.7592700291425,386.7592700291425,386.7592700291425,0.11728466860949993,isotropic_linear,v6p1i4_0050
pcb_fr4_equivalent,0.9439183430231816,0.9439183430231816,0.35396937863369304,0.8706760350614786,correlated_log_uniform_axes,v6p1i4_0051
bt_substrate_with_vias,0.1810100653697749,0.1810100653697749,0.44347466015594855,0.2764561725780368,correlated_log_uniform_axes,v6p1i4_0051
silicon_interposer_tsv_0p1,132.30513341724873,132.30513341724873,134.35598898679018,0.41017111390829086,correlated_linear_axes,v6p1i4_0051
bump_underfill_under_interposer,0.5549875488353311,0.5549875488353311,4.532398315488536,0.3252605199813843,correlated_log_uniform_axes,v6p1i4_0051
silicon_die_lower,133.30532549880445,133.30532549880445,133.30532549880445,0.666106509976089,isotropic_linear,v6p1i4_0051
tim_between_dies,7.316930981868622,7.316930981868622,7.316930981868622,0.9857133021578193,isotropic_log_uniform,v6p1i4_0051
silicon_die_upper,101.05065498501062,101.05065498501062,101.05065498501062,0.02101309970021248,isotropic_linear,v6p1i4_0051
tim_to_spreader,3.011001441579567,3.011001441579567,3.011001441579567,0.472383888438344,isotropic_log_uniform,v6p1i4_0051
spreader,394.1900320723653,394.1900320723653,394.1900320723653,0.6126688048243523,isotropic_linear,v6p1i4_0051
pcb_fr4_equivalent,0.9599258892576099,0.9599258892576099,0.35997220847160366,0.9083567596971989,correlated_log_uniform_axes,v6p1i4_0052
bt_substrate_with_vias,0.23712344827523266,0.23712344827523266,0.5809524482743201,0.8815111769363284,correlated_log_uniform_axes,v6p1i4_0052
silicon_interposer_tsv_0p1,123.5524298530072,123.5524298530072,124.14450149517506,0.11841432843357325,correlated_linear_axes,v6p1i4_0052
bump_underfill_under_interposer,0.5729707897926346,0.5729707897926346,4.679261449973182,0.396714654751122,correlated_log_uniform_axes,v6p1i4_0052
silicon_die_lower,129.1942672803998,129.1942672803998,129.1942672803998,0.583885345607996,isotropic_linear,v6p1i4_0052
tim_between_dies,3.2220816509124273,3.2220816509124273,3.2220816509124273,0.511554816737771,isotropic_log_uniform,v6p1i4_0052
silicon_die_upper,132.44519229047,132.44519229047,132.44519229047,0.6489038458094001,isotropic_linear,v6p1i4_0052
tim_to_spreader,5.099262539560379,5.099262539560379,5.099262539560379,0.7769545465707779,isotropic_log_uniform,v6p1i4_0052
spreader,387.28281521238387,387.28281521238387,387.28281521238387,0.1521876808255911,isotropic_linear,v6p1i4_0052
pcb_fr4_equivalent,0.6505829045947635,0.6505829045947635,0.2439685892230363,0.036748901940882206,correlated_log_uniform_axes,v6p1i4_0053
bt_substrate_with_vias,0.19400383777212904,0.19400383777212904,0.47530940254171616,0.43179407343268394,correlated_log_uniform_axes,v6p1i4_0053
silicon_interposer_tsv_0p1,148.90808905474842,148.90808905474842,153.72610389720649,0.9636029684916139,correlated_linear_axes,v6p1i4_0053
bump_underfill_under_interposer,0.7192174857809029,0.7192174857809029,5.8736094672107075,0.9060931615531445,correlated_log_uniform_axes,v6p1i4_0053
silicon_die_lower,108.16358071751893,108.16358071751893,108.16358071751893,0.1632716143503785,isotropic_linear,v6p1i4_0053
tim_between_dies,2.4208999594085254,2.4208999594085254,2.4208999594085254,0.34627512004226446,isotropic_log_uniform,v6p1i4_0053
silicon_die_upper,112.31549424119294,112.31549424119294,112.31549424119294,0.24630988482385874,isotropic_linear,v6p1i4_0053
tim_to_spreader,2.065479288041564,2.065479288041564,2.065479288041564,0.2544818352907896,isotropic_log_uniform,v6p1i4_0053
spreader,394.61767844855785,394.61767844855785,394.61767844855785,0.6411785632371902,isotropic_linear,v6p1i4_0053
pcb_fr4_equivalent,0.77815678125368,0.77815678125368,0.29180879297013,0.4379688426852226,correlated_log_uniform_axes,v6p1i4_0054
bt_substrate_with_vias,0.21002550327206118,0.21002550327206118,0.5145624830165499,0.6095967162400484,correlated_log_uniform_axes,v6p1i4_0054
silicon_interposer_tsv_0p1,128.71732430532575,128.71732430532575,130.1702116895467,0.29057747684419155,correlated_linear_axes,v6p1i4_0054
bump_underfill_under_interposer,0.5341200744751676,0.5341200744751676,4.361980608213869,0.23938529193401337,correlated_log_uniform_axes,v6p1i4_0054
silicon_die_lower,117.14166421443224,117.14166421443224,117.14166421443224,0.3428332842886448,isotropic_linear,v6p1i4_0054
tim_between_dies,1.5122424409651445,1.5122424409651445,1.5122424409651445,0.07423997204750776,isotropic_log_uniform,v6p1i4_0054
silicon_die_upper,138.11587034724653,138.11587034724653,138.11587034724653,0.7623174069449306,isotropic_linear,v6p1i4_0054
tim_to_spreader,1.9863222260164208,1.9863222260164208,1.9863222260164208,0.23189008235931396,isotropic_log_uniform,v6p1i4_0054
spreader,397.14505531359464,397.14505531359464,397.14505531359464,0.8096703542396426,isotropic_linear,v6p1i4_0054
pcb_fr4_equivalent,0.8254835830884536,0.8254835830884536,0.3095563436581701,0.5702633978798985,correlated_log_uniform_axes,v6p1i4_0055
bt_substrate_with_vias,0.1654404991207151,0.1654404991207151,0.4053292228457521,0.07492439914494753,correlated_log_uniform_axes,v6p1i4_0055
silicon_interposer_tsv_0p1,139.0564745105803,139.0564745105803,142.23255359567702,0.6352158170193434,correlated_linear_axes,v6p1i4_0055
bump_underfill_under_interposer,0.6698843794607363,0.6698843794607363,5.470722432262679,0.7468712935224175,correlated_log_uniform_axes,v6p1i4_0055
silicon_die_lower,145.9886719007045,145.9886719007045,145.9886719007045,0.9197734380140901,isotropic_linear,v6p1i4_0055
tim_between_dies,5.183236919421791,5.183236919421791,5.183236919421791,0.7863975670188665,isotropic_log_uniform,v6p1i4_0055
silicon_die_upper,117.62055777944624,117.62055777944624,117.62055777944624,0.3524111555889249,isotropic_linear,v6p1i4_0055
tim_to_spreader,4.757100902572422,4.757100902572422,4.757100902572422,0.7367992978543043,isotropic_log_uniform,v6p1i4_0055
spreader,389.54629126470536,389.54629126470536,389.54629126470536,0.30308608431369066,isotropic_linear,v6p1i4_0055
pcb_fr4_equivalent,0.8106919545766538,0.8106919545766538,0.30400948296624514,0.5297486083582044,correlated_log_uniform_axes,v6p1i4_0056
bt_substrate_with_vias,0.23056146672472724,0.23056146672472724,0.5648755934755819,0.8186292555183172,correlated_log_uniform_axes,v6p1i4_0056
silicon_interposer_tsv_0p1,131.095881331712,131.095881331712,132.94519488699734,0.3698627110570669,correlated_linear_axes,v6p1i4_0056
bump_underfill_under_interposer,0.7472964602886806,0.7472964602886806,6.102921092357557,0.9919082755222917,correlated_log_uniform_axes,v6p1i4_0056
silicon_die_lower,122.7537851780653,122.7537851780653,122.7537851780653,0.455075703561306,isotropic_linear,v6p1i4_0056
tim_between_dies,6.052913650621637,6.052913650621637,6.052913650621637,0.87607083003968,isotropic_log_uniform,v6p1i4_0056
silicon_die_upper,136.054477840662,136.054477840662,136.054477840662,0.72108955681324,isotropic_linear,v6p1i4_0056
tim_to_spreader,5.662884460752871,5.662884460752871,5.662884460752871,0.8375638984143734,isotropic_log_uniform,v6p1i4_0056
spreader,388.3181391470134,388.3181391470134,388.3181391470134,0.22120927646756172,isotropic_linear,v6p1i4_0056
pcb_fr4_equivalent,0.7652149614300049,0.7652149614300049,0.28695561053625185,0.4003893733024597,correlated_log_uniform_axes,v6p1i4_0057
bt_substrate_with_vias,0.18871742699940441,0.18871742699940441,0.4623576961485409,0.3698896626010537,correlated_log_uniform_axes,v6p1i4_0057
silicon_interposer_tsv_0p1,141.3654818572104,141.3654818572104,144.9263955000788,0.7121827285736799,correlated_linear_axes,v6p1i4_0057
bump_underfill_under_interposer,0.59957159243761,0.59957159243761,4.896501338240482,0.4983995333313942,correlated_log_uniform_axes,v6p1i4_0057
silicon_die_lower,139.21699174679816,139.21699174679816,139.21699174679816,0.7843398349359632,isotropic_linear,v6p1i4_0057
tim_between_dies,1.9692482986567794,1.9692482986567794,1.9692482986567794,0.22689916752278805,isotropic_log_uniform,v6p1i4_0057
silicon_die_upper,106.55057011172175,106.55057011172175,106.55057011172175,0.13101140223443508,isotropic_linear,v6p1i4_0057
tim_to_spreader,2.3092972437279964,2.3092972437279964,2.3092972437279964,0.31898978538811207,isotropic_log_uniform,v6p1i4_0057
spreader,395.9242233913392,395.9242233913392,395.9242233913392,0.7282815594226122,isotropic_linear,v6p1i4_0057
pcb_fr4_equivalent,0.6755812223245693,0.6755812223245693,0.25334295837171344,0.12123409751802683,correlated_log_uniform_axes,v6p1i4_0058
bt_substrate_with_vias,0.21602370005934057,0.21602370005934057,0.5292580651453844,0.6726932218298316,correlated_log_uniform_axes,v6p1i4_0058
silicon_interposer_tsv_0p1,121.24351012520492,121.24351012520492,121.45076181273907,0.04145033750683069,correlated_linear_axes,v6p1i4_0058
bump_underfill_under_interposer,0.6401643100538283,0.6401643100538283,5.228008532106265,0.6451873071491718,correlated_log_uniform_axes,v6p1i4_0058
silicon_die_lower,135.697728022933,135.697728022933,135.697728022933,0.7139545604586601,isotropic_linear,v6p1i4_0058
tim_between_dies,2.867351679938248,2.867351679938248,2.867351679938248,0.44412280060350895,isotropic_log_uniform,v6p1i4_0058
silicon_die_upper,143.28682254999876,143.28682254999876,143.28682254999876,0.8657364509999752,isotropic_linear,v6p1i4_0058
tim_to_spreader,1.788283161213709,1.788283161213709,1.788283161213709,0.17117012664675713,isotropic_log_uniform,v6p1i4_0058
spreader,397.2502995794639,397.2502995794639,397.2502995794639,0.8166866386309266,isotropic_linear,v6p1i4_0058
pcb_fr4_equivalent,0.9981172536743976,0.9981172536743976,0.37429397012789906,0.9957773350179195,correlated_log_uniform_axes,v6p1i4_0059
bt_substrate_with_vias,0.17009101168835583,0.17009101168835583,0.41672297863647184,0.13704147189855576,correlated_log_uniform_axes,v6p1i4_0059
silicon_interposer_tsv_0p1,146.5295588504523,146.5295588504523,150.95115199219435,0.8843186283484101,correlated_linear_axes,v6p1i4_0059
bump_underfill_under_interposer,0.5140508011510403,0.5140508011510403,4.198081542733496,0.15356928575783968,correlated_log_uniform_axes,v6p1i4_0059
silicon_die_lower,102.03862288035452,102.03862288035452,102.03862288035452,0.04077245760709047,isotropic_linear,v6p1i4_0059
tim_between_dies,4.2484366502699835,4.2484366502699835,4.2484366502699835,0.6714204540476203,isotropic_log_uniform,v6p1i4_0059
silicon_die_upper,113.41572599485517,113.41572599485517,113.41572599485517,0.2683145198971033,isotropic_linear,v6p1i4_0059
tim_to_spreader,4.253802528882577,4.253802528882577,4.253802528882577,0.6721501816064119,isotropic_log_uniform,v6p1i4_0059
spreader,389.90811614785343,389.90811614785343,389.90811614785343,0.32720774319022894,isotropic_linear,v6p1i4_0059
pcb_fr4_equivalent,0.9078154715429824,0.9078154715429824,0.34043080182861835,0.7832916397601366,correlated_log_uniform_axes,v6p1i4_0060
bt_substrate_with_vias,0.20156728715797237,0.20156728715797237,0.4938398535370323,0.5174907371401787,correlated_log_uniform_axes,v6p1i4_0060
silicon_interposer_tsv_0p1,137.4839025735855,137.4839025735855,140.39788633584976,0.5827967524528503,correlated_linear_axes,v6p1i4_0060
bump_underfill_under_interposer,0.49496046263005544,0.49496046263005544,4.042177111478786,0.06877138465642929,correlated_log_uniform_axes,v6p1i4_0060
silicon_die_lower,110.45867810025811,110.45867810025811,110.45867810025811,0.20917356200516224,isotropic_linear,v6p1i4_0060
tim_between_dies,5.618543551120398,5.618543551120398,5.618543551120398,0.833019295707345,isotropic_log_uniform,v6p1i4_0060
silicon_die_upper,145.27573590166867,145.27573590166867,145.27573590166867,0.9055147180333734,isotropic_linear,v6p1i4_0060
tim_to_spreader,1.5030473971790765,1.5030473971790765,1.5030473971790765,0.07071399688720703,isotropic_log_uniform,v6p1i4_0060
spreader,398.7040670355782,398.7040670355782,398.7040670355782,0.9136044690385461,isotropic_linear,v6p1i4_0060
pcb_fr4_equivalent,0.6879046776587746,0.6879046776587746,0.25796425412204044,0.16173916216939688,correlated_log_uniform_axes,v6p1i4_0061
bt_substrate_with_vias,0.1631989201574935,0.1631989201574935,0.39983735438585905,0.0443571200594306,correlated_log_uniform_axes,v6p1i4_0061
silicon_interposer_tsv_0p1,134.742226973176,134.742226973176,137.19926480203867,0.4914075657725334,correlated_linear_axes,v6p1i4_0061
bump_underfill_under_interposer,0.621160438391775,0.621160438391775,5.072810246866163,0.5776624465361238,correlated_log_uniform_axes,v6p1i4_0061
silicon_die_lower,126.8019191455096,126.8019191455096,126.8019191455096,0.536038382910192,isotropic_linear,v6p1i4_0061
tim_between_dies,1.4725246733518504,1.4725246733518504,1.4725246733518504,0.05885299947112799,isotropic_log_uniform,v6p1i4_0061
silicon_die_upper,124.77986174635589,124.77986174635589,124.77986174635589,0.4955972349271178,isotropic_linear,v6p1i4_0061
tim_to_spreader,3.66077679104597,3.66077679104597,3.66077679104597,0.5853514056652784,isotropic_log_uniform,v6p1i4_0061
spreader,391.28062608186156,391.28062608186156,391.28062608186156,0.41870840545743704,isotropic_linear,v6p1i4_0061
pcb_fr4_equivalent,0.7358684465751001,0.7358684465751001,0.2759506674656625,0.31276544742286205,correlated_log_uniform_axes,v6p1i4_0062
bt_substrate_with_vias,0.24734216218455057,0.24734216218455057,0.6059882973521489,0.9760506907477975,correlated_log_uniform_axes,v6p1i4_0062
silicon_interposer_tsv_0p1,142.6176539529115,142.6176539529115,146.3872629450634,0.7539217984303832,correlated_linear_axes,v6p1i4_0062
bump_underfill_under_interposer,0.5454855047284481,0.5454855047284481,4.454798288615659,0.28656469751149416,correlated_log_uniform_axes,v6p1i4_0062
silicon_die_lower,148.28341165557504,148.28341165557504,148.28341165557504,0.9656682331115007,isotropic_linear,v6p1i4_0062
tim_between_dies,2.115754199085673,2.115754199085673,2.115754199085673,0.2683852342888713,isotropic_log_uniform,v6p1i4_0062
silicon_die_upper,125.5786067340523,125.5786067340523,125.5786067340523,0.511572134681046,isotropic_linear,v6p1i4_0062
tim_to_spreader,6.714630042122288,6.714630042122288,6.714630042122288,0.9360509067773819,isotropic_log_uniform,v6p1i4_0062
spreader,385.01892605796456,385.01892605796456,385.01892605796456,0.001261737197637558,isotropic_linear,v6p1i4_0062
pcb_fr4_equivalent,0.8727849577352926,0.8727849577352926,0.3272943591507347,0.6951153678819537,correlated_log_uniform_axes,v6p1i4_0063
bt_substrate_with_vias,0.19688492119836934,0.19688492119836934,0.48236805693600493,0.4648254122585058,correlated_log_uniform_axes,v6p1i4_0063
silicon_interposer_tsv_0p1,124.92178422398865,124.92178422398865,125.74208159465343,0.16405947413295507,correlated_linear_axes,v6p1i4_0063
bump_underfill_under_interposer,0.6839895335534201,0.6839895335534201,5.585914524019597,0.7935620583593845,correlated_log_uniform_axes,v6p1i4_0063
silicon_die_lower,114.74886308424175,114.74886308424175,114.74886308424175,0.29497726168483496,isotropic_linear,v6p1i4_0063
tim_between_dies,3.8914548889200904,3.8914548889200904,3.8914548889200904,0.6206794288009405,isotropic_log_uniform,v6p1i4_0063
silicon_die_upper,105.44949150644243,105.44949150644243,105.44949150644243,0.10898983012884855,isotropic_linear,v6p1i4_0063
tim_to_spreader,2.692546026288251,2.692546026288251,2.692546026288251,0.40775768272578716,isotropic_log_uniform,v6p1i4_0063
spreader,392.6472163107246,392.6472163107246,392.6472163107246,0.5098144207149744,isotropic_linear,v6p1i4_0063
pcb_fr4_equivalent,0.8755878608219355,0.8755878608219355,0.3283454478082258,0.7022997606545687,correlated_log_uniform_axes,v6p1i4_0064
bt_substrate_with_vias,0.23389497273857215,0.23389497273857215,0.5730426832095018,0.8507939456030726,correlated_log_uniform_axes,v6p1i4_0064
silicon_interposer_tsv_0p1,144.16129538789392,144.16129538789392,148.1881779525429,0.8053765129297972,correlated_linear_axes,v6p1i4_0064
bump_underfill_under_interposer,0.5958706866096518,0.5958706866096518,4.866277273978823,0.48452570009976625,correlated_log_uniform_axes,v6p1i4_0064
silicon_die_lower,104.72572431899607,104.72572431899607,104.72572431899607,0.09451448637992144,isotropic_linear,v6p1i4_0064
tim_between_dies,5.285464598909595,5.285464598909595,5.285464598909595,0.79768883343786,isotropic_log_uniform,v6p1i4_0064
silicon_die_upper,109.93564683012664,109.93564683012664,109.93564683012664,0.19871293660253286,isotropic_linear,v6p1i4_0064
tim_to_spreader,3.0424391813800513,3.0424391813800513,3.0424391813800513,0.478388792835176,isotropic_log_uniform,v6p1i4_0064
spreader,397.9152802284807,397.9152802284807,397.9152802284807,0.8610186818987131,isotropic_linear,v6p1i4_0064
pcb_fr4_equivalent,0.7385704262796673,0.7385704262796673,0.2769639098548752,0.3209778731688857,correlated_log_uniform_axes,v6p1i4_0065
bt_substrate_with_vias,0.18617981826920837,0.18617981826920837,0.4561405547595606,0.339555311948061,correlated_log_uniform_axes,v6p1i4_0065
silicon_interposer_tsv_0p1,124.55013932660222,124.55013932660222,125.30849588103592,0.15167131088674068,correlated_linear_axes,v6p1i4_0065
bump_underfill_under_interposer,0.7479767032138384,0.7479767032138384,6.10847640957968,0.9939470030367374,correlated_log_uniform_axes,v6p1i4_0065
silicon_die_lower,132.13477209210396,132.13477209210396,132.13477209210396,0.6426954418420792,isotropic_linear,v6p1i4_0065
tim_between_dies,1.5472877721364449,1.5472877721364449,1.5472877721364449,0.08748483844101429,isotropic_log_uniform,v6p1i4_0065
silicon_die_upper,133.5559726227075,133.5559726227075,133.5559726227075,0.6711194524541497,isotropic_linear,v6p1i4_0065
tim_to_spreader,7.3845937413761495,7.3845937413761495,7.3845937413761495,0.9910349184647202,isotropic_log_uniform,v6p1i4_0065
spreader,390.55043699219823,390.55043699219823,390.55043699219823,0.37002913281321526,isotropic_linear,v6p1i4_0065
pcb_fr4_equivalent,0.69025807497472,0.69025807497472,0.25884677811552004,0.1693917941302061,correlated_log_uniform_axes,v6p1i4_0066
bt_substrate_with_vias,0.2131072131843005,0.2131072131843005,0.5221126723015362,0.6422358397394419,correlated_log_uniform_axes,v6p1i4_0066
silicon_interposer_tsv_0p1,138.06062291376293,138.06062291376293,141.07072673272341,0.6020207637920976,correlated_linear_axes,v6p1i4_0066
bump_underfill_under_interposer,0.5118095953938098,0.5118095953938098,4.179778362382779,0.14377867430448532,correlated_log_uniform_axes,v6p1i4_0066
silicon_die_lower,142.68224076367915,142.68224076367915,142.68224076367915,0.8536448152735829,isotropic_linear,v6p1i4_0066
tim_between_dies,2.505932216298859,2.505932216298859,2.505932216298859,0.3662328999489546,isotropic_log_uniform,v6p1i4_0066
silicon_die_upper,117.1687541063875,117.1687541063875,117.1687541063875,0.3433750821277499,isotropic_linear,v6p1i4_0066
tim_to_spreader,3.329247669056571,3.329247669056571,3.329247669056571,0.5304703926667571,isotropic_log_uniform,v6p1i4_0066
spreader,388.1551250303164,388.1551250303164,388.1551250303164,0.21034166868776083,isotropic_linear,v6p1i4_0066
pcb_fr4_equivalent,0.9113423596453982,0.9113423596453982,0.34175338486702433,0.7919799936935306,correlated_log_uniform_axes,v6p1i4_0067
bt_substrate_with_vias,0.17254089719227877,0.17254089719227877,0.422725198121083,0.16908505279570818,correlated_log_uniform_axes,v6p1i4_0067
silicon_interposer_tsv_0p1,133.4622600954026,133.4622600954026,135.70597011130303,0.4487420031800866,correlated_linear_axes,v6p1i4_0067
bump_underfill_under_interposer,0.6418799022805525,0.6418799022805525,5.242019201957844,0.6511842096224427,correlated_log_uniform_axes,v6p1i4_0067
silicon_die_lower,119.96907815337181,119.96907815337181,119.96907815337181,0.3993815630674362,isotropic_linear,v6p1i4_0067
tim_between_dies,3.324014332627848,3.324014332627848,3.324014332627848,0.5295609040185809,isotropic_log_uniform,v6p1i4_0067
silicon_die_upper,140.4234176967293,140.4234176967293,140.4234176967293,0.808468353934586,isotropic_linear,v6p1i4_0067
tim_to_spreader,1.3305330524920242,1.3305330524920242,1.3305330524920242,0.0002316618338227272,isotropic_log_uniform,v6p1i4_0067
spreader,395.7248174538836,395.7248174538836,395.7248174538836,0.7149878302589059,isotropic_linear,v6p1i4_0067
pcb_fr4_equivalent,0.9944703869109317,0.9944703869109317,0.3729263950915993,0.9875753568485379,correlated_log_uniform_axes,v6p1i4_0068
bt_substrate_with_vias,0.20428127992972242,0.20428127992972242,0.5004891358278201,0.5474593611434102,correlated_log_uniform_axes,v6p1i4_0068
silicon_interposer_tsv_0p1,120.66667221486568,120.66667221486568,120.77778425067663,0.022222407162189484,correlated_linear_axes,v6p1i4_0068
bump_underfill_under_interposer,0.6175065402875446,0.6175065402875446,5.042970079014947,0.5644428320229053,correlated_log_uniform_axes,v6p1i4_0068
silicon_die_lower,117.53056230954826,117.53056230954826,117.53056230954826,0.3506112461909652,isotropic_linear,v6p1i4_0068
tim_between_dies,7.163301773397038,7.163301773397038,7.163301773397038,0.9734454732388258,isotropic_log_uniform,v6p1i4_0068
silicon_die_upper,121.39309225603938,121.39309225603938,121.39309225603938,0.4278618451207876,isotropic_linear,v6p1i4_0068
tim_to_spreader,4.802590670391146,4.802590670391146,4.802590670391146,0.7423013700172305,isotropic_log_uniform,v6p1i4_0068
spreader,385.77165386173874,385.77165386173874,385.77165386173874,0.05144359078258276,isotropic_linear,v6p1i4_0068
pcb_fr4_equivalent,0.673425170021454,0.673425170021454,0.2525344387580452,0.11407165229320526,correlated_log_uniform_axes,v6p1i4_0069
bt_substrate_with_vias,0.1608465914370683,0.1608465914370683,0.3940741490208174,0.011824781075119972,correlated_log_uniform_axes,v6p1i4_0069
silicon_interposer_tsv_0p1,147.8094144165516,147.8094144165516,152.4443168193102,0.9269804805517197,correlated_linear_axes,v6p1i4_0069
bump_underfill_under_interposer,0.49532119631742955,0.49532119631742955,4.045123103259008,0.07040384877473116,correlated_log_uniform_axes,v6p1i4_0069
silicon_die_lower,144.81506692245603,144.81506692245603,144.81506692245603,0.8963013384491205,isotropic_linear,v6p1i4_0069
tim_between_dies,1.6892613155977076,1.6892613155977076,1.6892613155977076,0.13823730777949095,isotropic_log_uniform,v6p1i4_0069
silicon_die_upper,147.77297750115395,147.77297750115395,147.77297750115395,0.9554595500230789,isotropic_linear,v6p1i4_0069
tim_to_spreader,1.9650233911957355,1.9650233911957355,1.9650233911957355,0.22565749753266573,isotropic_log_uniform,v6p1i4_0069
spreader,393.43633671756834,393.43633671756834,393.43633671756834,0.5624224478378892,isotropic_linear,v6p1i4_0069
pcb_fr4_equivalent,0.7622461393731738,0.7622461393731738,0.2858423022649402,0.39167913142591715,correlated_log_uniform_axes,v6p1i4_0070
bt_substrate_with_vias,0.24376382768929655,0.24376382768929655,0.5972213778387767,0.9433972425758839,correlated_log_uniform_axes,v6p1i4_0070
silicon_interposer_tsv_0p1,129.55235836096108,129.55235836096108,131.14441808778793,0.3184119453653693,correlated_linear_axes,v6p1i4_0070
bump_underfill_under_interposer,0.6810949528210511,0.6810949528210511,5.5622754480385845,0.78405945841223,correlated_log_uniform_axes,v6p1i4_0070
silicon_die_lower,130.36786946468055,130.36786946468055,130.36786946468055,0.607357389293611,isotropic_linear,v6p1i4_0070
tim_between_dies,2.6997194986055657,2.6997194986055657,2.6997194986055657,0.40929587837308645,isotropic_log_uniform,v6p1i4_0070
silicon_die_upper,101.69825153425336,101.69825153425336,101.69825153425336,0.03396503068506718,isotropic_linear,v6p1i4_0070
tim_to_spreader,2.101910941684001,2.101910941684001,2.101910941684001,0.264590154401958,isotropic_log_uniform,v6p1i4_0070
spreader,398.39419702999294,398.39419702999294,398.39419702999294,0.8929464686661959,isotropic_linear,v6p1i4_0070
pcb_fr4_equivalent,0.8079241559643157,0.8079241559643157,0.30297155848661833,0.5220854692161083,correlated_log_uniform_axes,v6p1i4_0071
bt_substrate_with_vias,0.19952491280142834,0.19952491280142834,0.4888360363634995,0.49467100482434034,correlated_log_uniform_axes,v6p1i4_0071
silicon_interposer_tsv_0p1,141.73723717220128,141.73723717220128,145.36011003423482,0.7245745724067092,correlated_linear_axes,v6p1i4_0071
bump_underfill_under_interposer,0.5468184152584474,0.5468184152584474,4.465683724610653,0.29203326255083084,correlated_log_uniform_axes,v6p1i4_0071
silicon_die_lower,107.77468578889966,107.77468578889966,107.77468578889966,0.1554937157779932,isotropic_linear,v6p1i4_0071
tim_between_dies,4.445443699350093,4.445443699350093,4.445443699350093,0.6976261455565691,isotropic_log_uniform,v6p1i4_0071
silicon_die_upper,128.44337057322264,128.44337057322264,128.44337057322264,0.5688674114644527,isotropic_linear,v6p1i4_0071
tim_to_spreader,5.017214594303223,5.017214594303223,5.017214594303223,0.7675767438486218,isotropic_log_uniform,v6p1i4_0071
spreader,390.9934148751199,390.9934148751199,390.9934148751199,0.39956099167466164,isotropic_linear,v6p1i4_0071
pcb_fr4_equivalent,0.8280589801153647,0.8280589801153647,0.3105221175432617,0.5772432275116444,correlated_log_uniform_axes,v6p1i4_0072
bt_substrate_with_vias,0.22209730684583773,0.22209730684583773,0.5441384017723025,0.73482246696949,correlated_log_uniform_axes,v6p1i4_0072
silicon_interposer_tsv_0p1,128.1222912389785,128.1222912389785,129.47600644547492,0.2707430412992835,correlated_linear_axes,v6p1i4_0072
bump_underfill_under_interposer,0.4868405404504714,0.4868405404504714,3.97586441367885,0.031707242131233215,correlated_log_uniform_axes,v6p1i4_0072
silicon_die_lower,136.09008020721376,136.09008020721376,136.09008020721376,0.7218016041442752,isotropic_linear,v6p1i4_0072
tim_between_dies,3.8033152889204884,3.8033152889204884,3.8033152889204884,0.607434562407434,isotropic_log_uniform,v6p1i4_0072
silicon_die_upper,122.47278136201203,122.47278136201203,122.47278136201203,0.4494556272402406,isotropic_linear,v6p1i4_0072
tim_to_spreader,4.32553485779223,4.32553485779223,4.32553485779223,0.6818179106339812,isotropic_log_uniform,v6p1i4_0072
spreader,386.1424694536254,386.1424694536254,386.1424694536254,0.07616463024169207,isotropic_linear,v6p1i4_0072
pcb_fr4_equivalent,0.7809041827250897,0.7809041827250897,0.2928390685219086,0.445866079069674,correlated_log_uniform_axes,v6p1i4_0073
bt_substrate_with_vias,0.17495069755090892,0.17495069755090892,0.42862920899972684,0.20016350504010916,correlated_log_uniform_axes,v6p1i4_0073
silicon_interposer_tsv_0p1,140.35475422628224,140.35475422628224,143.74721326399595,0.6784918075427413,correlated_linear_axes,v6p1i4_0073
bump_underfill_under_interposer,0.6109813953664506,0.6109813953664506,4.9896813954926795,0.5406394312158227,correlated_log_uniform_axes,v6p1i4_0073
silicon_die_lower,100.86847795173526,100.86847795173526,100.86847795173526,0.017369559034705162,isotropic_linear,v6p1i4_0073
tim_between_dies,2.074832793201367,2.074832793201367,2.074832793201367,0.2570939678698778,isotropic_log_uniform,v6p1i4_0073
silicon_die_upper,145.72688336484134,145.72688336484134,145.72688336484134,0.9145376672968268,isotropic_linear,v6p1i4_0073
tim_to_spreader,1.757890542114899,1.757890542114899,1.757890542114899,0.1612601662054658,isotropic_log_uniform,v6p1i4_0073
spreader,393.5359233664349,393.5359233664349,393.5359233664349,0.5690615577623248,isotropic_linear,v6p1i4_0073
pcb_fr4_equivalent,0.6527584712009239,0.6527584712009239,0.24478442670034645,0.04422939568758011,correlated_log_uniform_axes,v6p1i4_0074
bt_substrate_with_vias,0.22427992155896573,0.22427992155896573,0.5494858078194661,0.756735079921782,correlated_log_uniform_axes,v6p1i4_0074
silicon_interposer_tsv_0p1,122.04907469451427,122.04907469451427,122.39058714359999,0.06830248981714249,correlated_linear_axes,v6p1i4_0074
bump_underfill_under_interposer,0.5526585348508776,0.5526585348508776,4.5133780346155,0.3158375592902303,correlated_log_uniform_axes,v6p1i4_0074
silicon_die_lower,123.92393327318132,123.92393327318132,123.92393327318132,0.4784786654636264,isotropic_linear,v6p1i4_0074
tim_between_dies,1.4273689147338615,1.4273689147338615,1.4273689147338615,0.04084691219031811,isotropic_log_uniform,v6p1i4_0074
silicon_die_upper,104.33822297491133,104.33822297491133,104.33822297491133,0.08676445949822664,isotropic_linear,v6p1i4_0074
tim_to_spreader,2.333280537850309,2.333280537850309,2.333280537850309,0.32496298011392355,isotropic_log_uniform,v6p1i4_0074
spreader,399.69531312584877,399.69531312584877,399.69531312584877,0.9796875417232513,isotropic_linear,v6p1i4_0074
pcb_fr4_equivalent,0.963533627816619,0.963533627816619,0.36132511043123205,0.9167623491957784,correlated_log_uniform_axes,v6p1i4_0075
bt_substrate_with_vias,0.1834972426722973,0.1834972426722973,0.4495682445471284,0.30703514628112316,correlated_log_uniform_axes,v6p1i4_0075
silicon_interposer_tsv_0p1,149.23944756388664,149.23944756388664,154.11268882453442,0.9746482521295547,correlated_linear_axes,v6p1i4_0075
bump_underfill_under_interposer,0.692959201042709,0.692959201042709,5.659166808515456,0.8227551691234112,correlated_log_uniform_axes,v6p1i4_0075
silicon_die_lower,138.82463676854968,138.82463676854968,138.82463676854968,0.7764927353709936,isotropic_linear,v6p1i4_0075
tim_between_dies,5.4278929678839445,5.4278929678839445,5.4278929678839445,0.8130615158006549,isotropic_log_uniform,v6p1i4_0075
silicon_die_upper,127.95913158915937,127.95913158915937,127.95913158915937,0.5591826317831874,isotropic_linear,v6p1i4_0075
tim_to_spreader,5.607025727847989,5.607025727847989,5.607025727847989,0.8318329388275743,isotropic_log_uniform,v6p1i4_0075
spreader,392.0379585120827,392.0379585120827,392.0379585120827,0.4691972341388464,isotropic_linear,v6p1i4_0075
pcb_fr4_equivalent,0.9405929984406713,0.9405929984406713,0.3527223744152517,0.8627682654187083,correlated_log_uniform_axes,v6p1i4_0076
bt_substrate_with_vias,0.24057814297514765,0.24057814297514765,0.5894164502891118,0.9139209669083357,correlated_log_uniform_axes,v6p1i4_0076
silicon_interposer_tsv_0p1,136.73679093830287,136.73679093830287,139.5262560946867,0.5578930312767625,correlated_linear_axes,v6p1i4_0076
bump_underfill_under_interposer,0.7147915911391263,0.7147915911391263,5.83746466096953,0.892261759378016,correlated_log_uniform_axes,v6p1i4_0076
silicon_die_lower,148.67271189577878,148.67271189577878,148.67271189577878,0.9734542379155755,isotropic_linear,v6p1i4_0076
tim_between_dies,4.324919301395479,4.324919301395479,4.324919301395479,0.6817356329411268,isotropic_log_uniform,v6p1i4_0076
silicon_die_upper,108.66166763007641,108.66166763007641,108.66166763007641,0.17323335260152817,isotropic_linear,v6p1i4_0076
tim_to_spreader,2.740188397092124,2.740188397092124,2.740188397092124,0.41789771150797606,isotropic_log_uniform,v6p1i4_0076
spreader,396.38168405741453,396.38168405741453,396.38168405741453,0.7587789371609688,isotropic_linear,v6p1i4_0076
pcb_fr4_equivalent,0.7121004962206511,0.7121004962206511,0.26703768608274414,0.23919775150716305,correlated_log_uniform_axes,v6p1i4_0077
bt_substrate_with_vias,0.19141591775805705,0.19141591775805705,0.46896899850723983,0.40170290414243937,correlated_log_uniform_axes,v6p1i4_0077
silicon_interposer_tsv_0p1,131.973656443879,131.973656443879,133.96926585119218,0.3991218814626336,correlated_linear_axes,v6p1i4_0077
bump_underfill_under_interposer,0.5734814853581286,0.5734814853581286,4.683432130424717,0.3987109363079071,correlated_log_uniform_axes,v6p1i4_0077
silicon_die_lower,113.57566621154547,113.57566621154547,113.57566621154547,0.27151332423090935,isotropic_linear,v6p1i4_0077
tim_between_dies,2.928846920950505,2.928846920950505,2.928846920950505,0.4563906295225024,isotropic_log_uniform,v6p1i4_0077
silicon_die_upper,135.40773605927825,135.40773605927825,135.40773605927825,0.708154721185565,isotropic_linear,v6p1i4_0077
tim_to_spreader,6.606271812517783,6.606271812517783,6.606271812517783,0.926645209081471,isotropic_log_uniform,v6p1i4_0077
spreader,388.8046642858535,388.8046642858535,388.8046642858535,0.253644285723567,isotropic_linear,v6p1i4_0077
pcb_fr4_equivalent,0.7209158994647153,0.7209158994647153,0.2703434622992682,0.26676618959754705,correlated_log_uniform_axes,v6p1i4_0078
bt_substrate_with_vias,0.20721266173350783,0.20721266173350783,0.5076710212470943,0.5793844377622008,correlated_log_uniform_axes,v6p1i4_0078
silicon_interposer_tsv_0p1,145.64997950568795,145.64997950568795,149.92497608996928,0.8549993168562651,correlated_linear_axes,v6p1i4_0078
bump_underfill_under_interposer,0.6669397719891338,0.6669397719891338,5.446674804577925,0.7370001040399075,correlated_log_uniform_axes,v6p1i4_0078
silicon_die_lower,111.63187776692212,111.63187776692212,111.63187776692212,0.23263755533844233,isotropic_linear,v6p1i4_0078
tim_between_dies,2.0418678657200426,2.0418678657200426,2.0418678657200426,0.24783494230359793,isotropic_log_uniform,v6p1i4_0078
silicon_die_upper,114.33158311992884,114.33158311992884,114.33158311992884,0.28663166239857674,isotropic_linear,v6p1i4_0078
tim_to_spreader,3.695571113083764,3.695571113083764,3.695571113083764,0.5908203376457095,isotropic_log_uniform,v6p1i4_0078
spreader,387.5516013754532,387.5516013754532,387.5516013754532,0.17010675836354494,isotropic_linear,v6p1i4_0078
pcb_fr4_equivalent,0.8542834998166138,0.8542834998166138,0.32035631243123014,0.6471057031303644,correlated_log_uniform_axes,v6p1i4_0079
bt_substrate_with_vias,0.16784161589007873,0.16784161589007873,0.41121195893069296,0.1072111576795578,correlated_log_uniform_axes,v6p1i4_0079
silicon_interposer_tsv_0p1,125.8740052767098,125.8740052767098,126.85300615616143,0.1958001758903265,correlated_linear_axes,v6p1i4_0079
bump_underfill_under_interposer,0.5355707389622453,0.5355707389622453,4.373827701525003,0.24546278733760118,correlated_log_uniform_axes,v6p1i4_0079
silicon_die_lower,126.41261573880911,126.41261573880911,126.41261573880911,0.5282523147761822,isotropic_linear,v6p1i4_0079
tim_between_dies,6.254942930404634,6.254942930404634,6.254942930404634,0.8950520474463701,isotropic_log_uniform,v6p1i4_0079
silicon_die_upper,140.71051040664315,140.71051040664315,140.71051040664315,0.814210208132863,isotropic_linear,v6p1i4_0079
tim_to_spreader,1.4870060235488873,1.4870060235488873,1.4870060235488873,0.06451073754578829,isotropic_log_uniform,v6p1i4_0079
spreader,394.9237719597295,394.9237719597295,394.9237719597295,0.6615847973152995,isotropic_linear,v6p1i4_0079
pcb_fr4_equivalent,0.8653286206360193,0.8653286206360193,0.32449823273850725,0.6758903963491321,correlated_log_uniform_axes,v6p1i4_0080
bt_substrate_with_vias,0.21134667476044136,0.21134667476044136,0.5177993531630815,0.6236478192731738,correlated_log_uniform_axes,v6p1i4_0080
silicon_interposer_tsv_0p1,139.37800699844956,139.37800699844956,142.6076748315245,0.6459335666149855,correlated_linear_axes,v6p1i4_0080
bump_underfill_under_interposer,0.6758834969750571,0.6758834969750571,5.519715225296299,0.7668485455214977,correlated_log_uniform_axes,v6p1i4_0080
silicon_die_lower,120.75141775421798,120.75141775421798,120.75141775421798,0.41502835508435965,isotropic_linear,v6p1i4_0080
tim_between_dies,3.116128385124338,3.116128385124338,3.116128385124338,0.4922243943437934,isotropic_log_uniform,v6p1i4_0080
silicon_die_upper,131.31797444075346,131.31797444075346,131.31797444075346,0.6263594888150692,isotropic_linear,v6p1i4_0080
tim_to_spreader,3.764634758404106,3.764634758404106,3.764634758404106,0.6015247851610184,isotropic_log_uniform,v6p1i4_0080
spreader,394.3718168605119,394.3718168605119,394.3718168605119,0.6247877907007933,isotropic_linear,v6p1i4_0080
pcb_fr4_equivalent,0.7318103661466467,0.7318103661466467,0.2744288873049925,0.3003744464367628,correlated_log_uniform_axes,v6p1i4_0081
bt_substrate_with_vias,0.16467797706822582,0.16467797706822582,0.4034610438171533,0.0645730011165142,correlated_log_uniform_axes,v6p1i4_0081
silicon_interposer_tsv_0p1,129.09905271604657,129.09905271604657,130.61556150205433,0.3033017572015524,correlated_linear_axes,v6p1i4_0081
bump_underfill_under_interposer,0.54245610088496,0.54245610088496,4.430058157227173,0.2740860255435109,correlated_log_uniform_axes,v6p1i4_0081
silicon_die_lower,141.9028458185494,141.9028458185494,141.9028458185494,0.8380569163709879,isotropic_linear,v6p1i4_0081
tim_between_dies,4.036817694731947,4.036817694731947,4.036817694731947,0.6418814156204462,isotropic_log_uniform,v6p1i4_0081
silicon_die_upper,111.18907229974866,111.18907229974866,111.18907229974866,0.22378144599497318,isotropic_linear,v6p1i4_0081
tim_to_spreader,1.6315396750805768,1.6315396750805768,1.6315396750805768,0.11813746206462383,isotropic_log_uniform,v6p1i4_0081
spreader,386.707363165915,386.707363165915,386.707363165915,0.11382421106100082,isotropic_linear,v6p1i4_0081
pcb_fr4_equivalent,0.7026566792164675,0.7026566792164675,0.26349625470617527,0.2092828368768096,correlated_log_uniform_axes,v6p1i4_0082
bt_substrate_with_vias,0.23726656901087043,0.23726656901087043,0.5813030940766325,0.8828631956130266,correlated_log_uniform_axes,v6p1i4_0082
silicon_interposer_tsv_0p1,148.2901545893401,148.2901545893401,153.0051803542301,0.943005152978003,correlated_linear_axes,v6p1i4_0082
bump_underfill_under_interposer,0.6306639758256809,0.6306639758256809,5.150422469243059,0.6116849193349481,correlated_log_uniform_axes,v6p1i4_0082
silicon_die_lower,132.91407483629882,132.91407483629882,132.91407483629882,0.6582814967259765,isotropic_linear,v6p1i4_0082
tim_between_dies,6.7297601965440155,6.7297601965440155,6.7297601965440155,0.9373521413654089,isotropic_log_uniform,v6p1i4_0082
silicon_die_upper,138.55031803250313,138.55031803250313,138.55031803250313,0.7710063606500626,isotropic_linear,v6p1i4_0082
tim_to_spreader,2.61881767325631,2.61881767325631,2.61881767325631,0.3917064070701599,isotropic_log_uniform,v6p1i4_0082
spreader,391.92902233917266,391.92902233917266,391.92902233917266,0.46193482261151075,isotropic_linear,v6p1i4_0082
pcb_fr4_equivalent,0.9268817185171384,0.9268817185171384,0.3475806444439269,0.829864414408803,correlated_log_uniform_axes,v6p1i4_0083
bt_substrate_with_vias,0.19353127072738777,0.19353127072738777,0.47415161328210004,0.426329349167645,correlated_log_uniform_axes,v6p1i4_0083
silicon_interposer_tsv_0p1,122.99835341982543,122.99835341982543,123.49807898979634,0.09994511399418116,correlated_linear_axes,v6p1i4_0083
bump_underfill_under_interposer,0.5065914041171472,0.5065914041171472,4.137163133623368,0.12081609666347504,correlated_log_uniform_axes,v6p1i4_0083
silicon_die_lower,103.94328655675054,103.94328655675054,103.94328655675054,0.07886573113501072,isotropic_linear,v6p1i4_0083
tim_between_dies,1.9111000338046749,1.9111000338046749,1.9111000338046749,0.2095710365101695,isotropic_log_uniform,v6p1i4_0083
silicon_die_upper,118.05422781035304,118.05422781035304,118.05422781035304,0.3610845562070608,isotropic_linear,v6p1i4_0083
tim_to_spreader,6.187126280617009,6.187126280617009,6.187126280617009,0.8887497168034315,isotropic_log_uniform,v6p1i4_0083
spreader,399.33003298472613,399.33003298472613,399.33003298472613,0.9553355323150754,isotropic_linear,v6p1i4_0083
pcb_fr4_equivalent,0.9492480237400622,0.9492480237400622,0.3559680089025233,0.8832922540605068,correlated_log_uniform_axes,v6p1i4_0084
bt_substrate_with_vias,0.22765774820265428,0.22765774820265428,0.5577614830965031,0.7902302788570523,correlated_log_uniform_axes,v6p1i4_0084
silicon_interposer_tsv_0p1,132.98154719173908,132.98154719173908,135.14513839036226,0.4327182397246361,correlated_linear_axes,v6p1i4_0084
bump_underfill_under_interposer,0.5148015077590335,0.5148015077590335,4.20421231336544,0.15683917421847582,correlated_log_uniform_axes,v6p1i4_0084
silicon_die_lower,108.55483175255358,108.55483175255358,108.55483175255358,0.17109663505107164,isotropic_linear,v6p1i4_0084
tim_between_dies,2.207926020653778,2.207926020653778,2.207926020653778,0.2930378820747137,isotropic_log_uniform,v6p1i4_0084
silicon_die_upper,149.81659413315356,149.81659413315356,149.81659413315356,0.9963318826630712,isotropic_linear,v6p1i4_0084
tim_to_spreader,2.5024830804730294,2.5024830804730294,2.5024830804730294,0.3654366247355938,isotropic_log_uniform,v6p1i4_0084
spreader,389.611232210882,389.611232210882,389.611232210882,0.3074154807254672,isotropic_linear,v6p1i4_0084
pcb_fr4_equivalent,0.6444653209631088,0.6444653209631088,0.24167449536116578,0.015579291619360447,correlated_log_uniform_axes,v6p1i4_0085
bt_substrate_with_vias,0.18058451559237754,0.18058451559237754,0.44243206320132494,0.27118212170898914,correlated_log_uniform_axes,v6p1i4_0085
silicon_interposer_tsv_0p1,135.7289144396782,135.7289144396782,138.35040017962456,0.5242971479892731,correlated_linear_axes,v6p1i4_0085
bump_underfill_under_interposer,0.6459851416258529,0.6459851416258529,5.275545323277798,0.6654693745076656,correlated_log_uniform_axes,v6p1i4_0085
silicon_die_lower,129.5847550034523,129.5847550034523,129.5847550034523,0.591695100069046,isotropic_linear,v6p1i4_0085
tim_between_dies,3.550689130396571,3.550689130396571,3.550689130396571,0.567699077539146,isotropic_log_uniform,v6p1i4_0085
silicon_die_upper,119.94571364484727,119.94571364484727,119.94571364484727,0.3989142728969455,isotropic_linear,v6p1i4_0085
tim_to_spreader,5.813715075172369,5.813715075172369,5.813715075172369,0.8527607787400484,isotropic_log_uniform,v6p1i4_0085
spreader,396.97584617417306,396.97584617417306,396.97584617417306,0.7983897449448705,isotropic_linear,v6p1i4_0085
pcb_fr4_equivalent,0.7924300168795281,0.7924300168795281,0.297161256329823,0.47869637608528137,correlated_log_uniform_axes,v6p1i4_0086
bt_substrate_with_vias,0.2204749643024209,0.2204749643024209,0.5401636625409313,0.718394797295332,correlated_log_uniform_axes,v6p1i4_0086
silicon_interposer_tsv_0p1,126.90934312529862,126.90934312529862,128.0609003128484,0.23031143750995398,correlated_linear_axes,v6p1i4_0086
bump_underfill_under_interposer,0.5843934525127579,0.5843934525127579,4.772546528854189,0.44094568490982056,correlated_log_uniform_axes,v6p1i4_0086
silicon_die_lower,145.59827954508364,145.59827954508364,145.59827954508364,0.9119655909016728,isotropic_linear,v6p1i4_0086
tim_between_dies,5.83864233835346,5.83864233835346,5.83864233835346,0.8552342941984534,isotropic_log_uniform,v6p1i4_0086
silicon_die_upper,130.1194638479501,130.1194638479501,130.1194638479501,0.602389276959002,isotropic_linear,v6p1i4_0086
tim_to_spreader,3.9262483926853435,3.9262483926853435,3.9262483926853435,0.6258254908025265,isotropic_log_uniform,v6p1i4_0086
spreader,394.785510385409,394.785510385409,394.785510385409,0.6523673590272665,isotropic_linear,v6p1i4_0086
pcb_fr4_equivalent,0.8391593390444809,0.8391593390444809,0.3146847521416803,0.6070810155943036,correlated_log_uniform_axes,v6p1i4_0087
bt_substrate_with_vias,0.1766483659515823,0.1766483659515823,0.43278849658137675,0.22180185746401548,correlated_log_uniform_axes,v6p1i4_0087
silicon_interposer_tsv_0p1,144.61462740786374,144.61462740786374,148.71706530917436,0.8204875802621245,correlated_linear_axes,v6p1i4_0087
bump_underfill_under_interposer,0.732692255857909,0.732692255857909,5.98365342283959,0.9476851681247354,correlated_log_uniform_axes,v6p1i4_0087
silicon_die_lower,116.75050854682922,116.75050854682922,116.75050854682922,0.3350101709365845,isotropic_linear,v6p1i4_0087
tim_between_dies,1.3356503968993898,1.3356503968993898,1.3356503968993898,0.002450922504067421,isotropic_log_uniform,v6p1i4_0087
silicon_die_upper,100.61534303240478,100.61534303240478,100.61534303240478,0.012306860648095608,isotropic_linear,v6p1i4_0087
tim_to_spreader,1.7422563865246177,1.7422563865246177,1.7422563865246177,0.15609547682106495,isotropic_log_uniform,v6p1i4_0087
spreader,387.21558935940266,387.21558935940266,387.21558935940266,0.14770595729351044,isotropic_linear,v6p1i4_0087
pcb_fr4_equivalent,0.8183874817408685,0.8183874817408685,0.3068953056528257,0.5509183229878545,correlated_log_uniform_axes,v6p1i4_0088
bt_substrate_with_vias,0.2476001823606483,0.2476001823606483,0.6066204467835884,0.9783869162201881,correlated_log_uniform_axes,v6p1i4_0088
silicon_interposer_tsv_0p1,125.41702372021973,125.41702372021973,126.31986100692302,0.1805674573406577,correlated_linear_axes,v6p1i4_0088
bump_underfill_under_interposer,0.6526709257700526,0.6526709257700526,5.330145893788761,0.688540973700583,correlated_log_uniform_axes,v6p1i4_0088
silicon_die_lower,139.60774173028767,139.60774173028767,139.60774173028767,0.7921548346057534,isotropic_linear,v6p1i4_0088
tim_between_dies,1.763074929416139,1.763074929416139,1.763074929416139,0.16296267416328192,isotropic_log_uniform,v6p1i4_0088
silicon_die_upper,144.04928544536233,144.04928544536233,144.04928544536233,0.8809857089072466,isotropic_linear,v6p1i4_0088
tim_to_spreader,2.237795724902836,2.237795724902836,2.237795724902836,0.30080658197402954,isotropic_log_uniform,v6p1i4_0088
spreader,389.74018005188555,389.74018005188555,389.74018005188555,0.31601200345903635,isotropic_linear,v6p1i4_0088
pcb_fr4_equivalent,0.7738226570177987,0.7738226570177987,0.2901834963816745,0.4254538044333458,correlated_log_uniform_axes,v6p1i4_0089
bt_substrate_with_vias,0.19631775204631696,0.19631775204631696,0.4809784925134766,0.4583612522110343,correlated_log_uniform_axes,v6p1i4_0089
silicon_interposer_tsv_0p1,143.294396745041,143.294396745041,147.17679620254785,0.7764798915013671,correlated_linear_axes,v6p1i4_0089
bump_underfill_under_interposer,0.523940321713256,0.523940321713256,4.2788459606582565,0.19626756757497787,correlated_log_uniform_axes,v6p1i4_0089
silicon_die_lower,123.14377259463072,123.14377259463072,123.14377259463072,0.46287545189261436,isotropic_linear,v6p1i4_0089
tim_between_dies,6.911484487152222,6.911484487152222,6.911484487152222,0.9527562949806452,isotropic_log_uniform,v6p1i4_0089
silicon_die_upper,123.55414126068354,123.55414126068354,123.55414126068354,0.47108282521367073,isotropic_linear,v6p1i4_0089
tim_to_spreader,5.233976057637768,5.233976057637768,5.233976057637768,0.7920293789356947,isotropic_log_uniform,v6p1i4_0089
spreader,397.3174293199554,397.3174293199554,397.3174293199554,0.8211619546636939,isotropic_linear,v6p1i4_0089
pcb_fr4_equivalent,0.6645713340746211,0.6645713340746211,0.24921425027798288,0.08441661391407251,correlated_log_uniform_axes,v6p1i4_0090
bt_substrate_with_vias,0.20274755911079853,0.20274755911079853,0.49673151982145647,0.5305728921666741,correlated_log_uniform_axes,v6p1i4_0090
silicon_interposer_tsv_0p1,134.301690235734,134.301690235734,136.68530527502298,0.47672300785779953,correlated_linear_axes,v6p1i4_0090
bump_underfill_under_interposer,0.7199120044596478,0.7199120044596478,5.87928136975379,0.9082558788359165,correlated_log_uniform_axes,v6p1i4_0090
silicon_die_lower,101.64854009635746,101.64854009635746,101.64854009635746,0.032970801927149296,isotropic_linear,v6p1i4_0090
tim_between_dies,4.619136401916023,4.619136401916023,4.619136401916023,0.7197846379131079,isotropic_log_uniform,v6p1i4_0090
silicon_die_upper,125.91701662167907,125.91701662167907,125.91701662167907,0.5183403324335814,isotropic_linear,v6p1i4_0090
tim_to_spreader,4.389864271205695,4.389864271205695,4.389864271205695,0.6903525143861771,isotropic_log_uniform,v6p1i4_0090
spreader,395.8593866042793,395.8593866042793,395.8593866042793,0.723959106951952,isotropic_linear,v6p1i4_0090
pcb_fr4_equivalent,0.980139111432019,0.980139111432019,0.36755216678700714,0.9550496377050877,correlated_log_uniform_axes,v6p1i4_0091
bt_substrate_with_vias,0.16251588263552422,0.16251588263552422,0.39816391245703436,0.03495938144624233,correlated_log_uniform_axes,v6p1i4_0091
silicon_interposer_tsv_0p1,137.22120702266693,137.22120702266693,140.09140819311142,0.5740402340888977,correlated_linear_axes,v6p1i4_0091
bump_underfill_under_interposer,0.5784073155791969,0.5784073155791969,4.723659743896774,0.41787498164922,correlated_log_uniform_axes,v6p1i4_0091
silicon_die_lower,135.30688267201185,135.30688267201185,135.30688267201185,0.706137653440237,isotropic_linear,v6p1i4_0091
tim_between_dies,2.580196417748655,2.580196417748655,2.580196417748655,0.38311693351715803,isotropic_log_uniform,v6p1i4_0091
silicon_die_upper,105.78715316951275,105.78715316951275,105.78715316951275,0.11574306339025497,isotropic_linear,v6p1i4_0091
tim_to_spreader,1.9347898329871225,1.9347898329871225,1.9347898329871225,0.21669338457286358,isotropic_log_uniform,v6p1i4_0091
spreader,388.4874443989247,388.4874443989247,388.4874443989247,0.23249629326164722,isotropic_linear,v6p1i4_0091
pcb_fr4_equivalent,0.8976530762079246,0.8976530762079246,0.33661990357797167,0.7580669168382883,correlated_log_uniform_axes,v6p1i4_0092
bt_substrate_with_vias,0.21730860352111475,0.21730860352111475,0.5324060786267313,0.6859814282506704,correlated_log_uniform_axes,v6p1i4_0092
silicon_interposer_tsv_0p1,146.91138739697635,146.91138739697635,151.39661862980574,0.8970462465658784,correlated_linear_axes,v6p1i4_0092
bump_underfill_under_interposer,0.5636957950921558,0.5636957950921558,4.603515659919272,0.36014626175165176,correlated_log_uniform_axes,v6p1i4_0092
silicon_die_lower,127.19200155697763,127.19200155697763,127.19200155697763,0.5438400311395526,isotropic_linear,v6p1i4_0092
tim_between_dies,1.6145235012499863,1.6145235012499863,1.6145235012499863,0.11207621358335018,isotropic_log_uniform,v6p1i4_0092
silicon_die_upper,137.2793340589851,137.2793340589851,137.2793340589851,0.7455866811797023,isotropic_linear,v6p1i4_0092
tim_to_spreader,3.3664054652639974,3.3664054652639974,3.3664054652639974,0.5368871353566647,isotropic_log_uniform,v6p1i4_0092
spreader,392.5968115963042,392.5968115963042,392.5968115963042,0.5064541064202785,isotropic_linear,v6p1i4_0092
pcb_fr4_equivalent,0.6813920658461193,0.6813920658461193,0.25552202469229474,0.14042459335178137,correlated_log_uniform_axes,v6p1i4_0093
bt_substrate_with_vias,0.16939701253136347,0.16939701253136347,0.4150226807018405,0.12788030598312616,correlated_log_uniform_axes,v6p1i4_0093
silicon_interposer_tsv_0p1,121.56468498520553,121.56468498520553,121.82546581607312,0.052156166173517704,correlated_linear_axes,v6p1i4_0093
bump_underfill_under_interposer,0.7071847692421604,0.7071847692421604,5.775342282144309,0.8682883018627763,correlated_log_uniform_axes,v6p1i4_0093
silicon_die_lower,110.8495238237083,110.8495238237083,110.8495238237083,0.21699047647416592,isotropic_linear,v6p1i4_0093
tim_between_dies,5.098554321123292,5.098554321123292,5.098554321123292,0.776874247007072,isotropic_log_uniform,v6p1i4_0093
silicon_die_upper,107.77464234270155,107.77464234270155,107.77464234270155,0.15549284685403109,isotropic_linear,v6p1i4_0093
tim_to_spreader,1.4688631708729933,1.4688631708729933,1.4688631708729933,0.05741366930305958,isotropic_log_uniform,v6p1i4_0093
spreader,385.20312829874456,385.20312829874456,385.20312829874456,0.01354188658297062,isotropic_linear,v6p1i4_0093
pcb_fr4_equivalent,0.7493940813440498,0.7493940813440498,0.28102278050401863,0.35357690416276455,correlated_log_uniform_axes,v6p1i4_0094
bt_substrate_with_vias,0.23082319495213688,0.23082319495213688,0.5655168276327354,0.821171416901052,correlated_log_uniform_axes,v6p1i4_0094
silicon_interposer_tsv_0p1,140.8117630518973,140.8117630518973,144.2803902272135,0.6937254350632429,correlated_linear_axes,v6p1i4_0094
bump_underfill_under_interposer,0.4841685113656561,0.4841685113656561,3.9540428428195247,0.0193752096965909,correlated_log_uniform_axes,v6p1i4_0094
silicon_die_lower,114.3581127282232,114.3581127282232,114.3581127282232,0.2871622545644641,isotropic_linear,v6p1i4_0094
tim_between_dies,3.4545884807642278,3.4545884807642278,3.4545884807642278,0.5518362214788795,isotropic_log_uniform,v6p1i4_0094
silicon_die_upper,142.95001323334873,142.95001323334873,142.95001323334873,0.8590002646669745,isotropic_linear,v6p1i4_0094
tim_to_spreader,2.927934837751033,2.927934837751033,2.927934837751033,0.45621056482195854,isotropic_log_uniform,v6p1i4_0094
spreader,391.0987156769261,391.0987156769261,391.0987156769261,0.4065810451284051,isotropic_linear,v6p1i4_0094
pcb_fr4_equivalent,0.8872836274051562,0.8872836274051562,0.3327313602769335,0.732032167725265,correlated_log_uniform_axes,v6p1i4_0095
bt_substrate_with_vias,0.18819364405097316,0.18819364405097316,0.4610744279248844,0.363661952316761,correlated_log_uniform_axes,v6p1i4_0095
silicon_interposer_tsv_0p1,130.47784673050046,130.47784673050046,132.2241545189172,0.34926155768334866,correlated_linear_axes,v6p1i4_0095
bump_underfill_under_interposer,0.6069012699677369,0.6069012699677369,4.956360371403185,0.5256258137524128,correlated_log_uniform_axes,v6p1i4_0095
silicon_die_lower,147.89342461153865,147.89342461153865,147.89342461153865,0.957868492230773,isotropic_linear,v6p1i4_0095
tim_between_dies,2.395452823892109,2.395452823892109,2.395452823892109,0.3401660118252039,isotropic_log_uniform,v6p1i4_0095
silicon_die_upper,113.07970625348389,113.07970625348389,113.07970625348389,0.26159412506967783,isotropic_linear,v6p1i4_0095
tim_to_spreader,6.87112562118774,6.87112562118774,6.87112562118774,0.9493704903870821,isotropic_log_uniform,v6p1i4_0095
spreader,398.7558420235291,398.7558420235291,398.7558420235291,0.9170561349019408,isotropic_linear,v6p1i4_0095
pcb_fr4_equivalent,0.8886587924771621,0.8886587924771621,0.3332470471789357,0.735502265393734,correlated_log_uniform_axes,v6p1i4_0096
bt_substrate_with_vias,0.21236951086511718,0.21236951086511718,0.5203053016195373,0.6344658322632313,correlated_log_uniform_axes,v6p1i4_0096
silicon_interposer_tsv_0p1,122.39109601825476,122.39109601825476,122.78961202129722,0.0797032006084919,correlated_linear_axes,v6p1i4_0096
bump_underfill_under_interposer,0.7373156775483203,0.7373156775483203,6.021411366644616,0.9617800330743194,correlated_log_uniform_axes,v6p1i4_0096
silicon_die_lower,106.36885315179825,106.36885315179825,106.36885315179825,0.12737706303596497,isotropic_linear,v6p1i4_0096
tim_between_dies,2.6158837956778673,2.6158837956778673,2.6158837956778673,0.3910583648830652,isotropic_log_uniform,v6p1i4_0096
silicon_die_upper,137.6147157046944,137.6147157046944,137.6147157046944,0.7522943140938878,isotropic_linear,v6p1i4_0096
tim_to_spreader,5.418678437046718,5.418678437046718,5.418678437046718,0.812079238705337,isotropic_log_uniform,v6p1i4_0096
spreader,386.45723675377667,386.45723675377667,386.45723675377667,0.09714911691844463,isotropic_linear,v6p1i4_0096
pcb_fr4_equivalent,0.7535265587331519,0.7535265587331519,0.28257245952493193,0.3658991875126958,correlated_log_uniform_axes,v6p1i4_0097
bt_substrate_with_vias,0.17314792918638175,0.17314792918638175,0.4242124265066353,0.17695446591824293,correlated_log_uniform_axes,v6p1i4_0097
silicon_interposer_tsv_0p1,149.6015814319253,149.6015814319253,154.53517833724618,0.9867193810641766,correlated_linear_axes,v6p1i4_0097
bump_underfill_under_interposer,0.5878891213898715,0.5878891213898715,4.801094491350617,0.4543090220540762,correlated_log_uniform_axes,v6p1i4_0097
silicon_die_lower,130.50413490273058,130.50413490273058,130.50413490273058,0.6100826980546117,isotropic_linear,v6p1i4_0097
tim_between_dies,4.811331520573542,4.811331520573542,4.811331520573542,0.7433526208624244,isotropic_log_uniform,v6p1i4_0097
silicon_die_upper,117.4857912119478,117.4857912119478,117.4857912119478,0.349715824238956,isotropic_linear,v6p1i4_0097
tim_to_spreader,2.1656287466062687,2.1656287466062687,2.1656287466062687,0.2818552376702428,isotropic_log_uniform,v6p1i4_0097
spreader,394.02692917734385,394.02692917734385,394.02692917734385,0.6017952784895897,isotropic_linear,v6p1i4_0097
pcb_fr4_equivalent,0.6824806554864861,0.6824806554864861,0.2559302458074323,0.14400148764252663,correlated_log_uniform_axes,v6p1i4_0098
bt_substrate_with_vias,0.23634592748560637,0.23634592748560637,0.5790475223397357,0.8741518827155232,correlated_log_uniform_axes,v6p1i4_0098
silicon_interposer_tsv_0p1,127.53857024945319,127.53857024945319,128.79499862436205,0.2512856749817729,correlated_linear_axes,v6p1i4_0098
bump_underfill_under_interposer,0.6511626715941664,0.6511626715941664,5.317828484685692,0.6833569351583719,correlated_log_uniform_axes,v6p1i4_0098
silicon_die_lower,144.16629672050476,144.16629672050476,144.16629672050476,0.8833259344100952,isotropic_linear,v6p1i4_0098
tim_between_dies,7.005595188109992,7.005595188109992,7.005595188109992,0.9605752853676677,isotropic_log_uniform,v6p1i4_0098
silicon_die_upper,132.3607683647424,132.3607683647424,132.3607683647424,0.647215367294848,isotropic_linear,v6p1i4_0098
tim_to_spreader,1.8692335412367476,1.8692335412367476,1.8692335412367476,0.19676521699875593,isotropic_log_uniform,v6p1i4_0098
spreader,399.14616372901946,399.14616372901946,399.14616372901946,0.9430775819346309,isotropic_linear,v6p1i4_0098
pcb_fr4_equivalent,0.9026461375458084,0.9026461375458084,0.338492301579678,0.7704959968104959,correlated_log_uniform_axes,v6p1i4_0099
bt_substrate_with_vias,0.18423719772015257,0.18423719772015257,0.45138113441437383,0.31605266965925694,correlated_log_uniform_axes,v6p1i4_0099
silicon_interposer_tsv_0p1,139.76557002402842,139.76557002402842,143.05983169469982,0.6588523341342807,correlated_linear_axes,v6p1i4_0099
bump_underfill_under_interposer,0.5187578078507377,0.5187578078507377,4.236522097447691,0.17399341892451048,correlated_log_uniform_axes,v6p1i4_0099
silicon_die_lower,118.47233683802187,118.47233683802187,118.47233683802187,0.3694467367604375,isotropic_linear,v6p1i4_0099
tim_between_dies,1.836047113517026,1.836047113517026,1.836047113517026,0.18640892766416073,isotropic_log_uniform,v6p1i4_0099
silicon_die_upper,111.86470347456634,111.86470347456634,111.86470347456634,0.2372940694913268,isotropic_linear,v6p1i4_0099
tim_to_spreader,4.537110254102042,4.537110254102042,4.537110254102042,0.7094260724261403,isotropic_log_uniform,v6p1i4_0099
spreader,391.781320492737,391.781320492737,391.781320492737,0.452088032849133,isotropic_linear,v6p1i4_0099
pcb_fr4_equivalent,0.9781360232015475,0.9781360232015475,0.3668010087005803,0.9504656633362174,correlated_log_uniform_axes,v6p1i4_0100
bt_substrate_with_vias,0.24633567850621424,0.24633567850621424,0.603522412340225,0.9669142011553049,correlated_log_uniform_axes,v6p1i4_0100
silicon_interposer_tsv_0p1,146.2472896836698,146.2472896836698,150.62183796428144,0.8749096561223269,correlated_linear_axes,v6p1i4_0100
bump_underfill_under_interposer,0.5024812346518921,0.5024812346518921,4.103596749657118,0.1025622095912695,correlated_log_uniform_axes,v6p1i4_0100
silicon_die_lower,119.02502151206136,119.02502151206136,119.02502151206136,0.38050043024122715,isotropic_linear,v6p1i4_0100
tim_between_dies,2.3006117583914545,2.3006117583914545,2.3006117583914545,0.3168112961575389,isotropic_log_uniform,v6p1i4_0100
silicon_die_upper,131.20183777064085,131.20183777064085,131.20183777064085,0.624036755412817,isotropic_linear,v6p1i4_0100
tim_to_spreader,1.4382496646627656,1.4382496646627656,1.4382496646627656,0.04523722734302282,isotropic_log_uniform,v6p1i4_0100
spreader,396.81352489162236,396.81352489162236,396.81352489162236,0.7875683261081576,isotropic_linear,v6p1i4_0100
pcb_fr4_equivalent,0.6612103177153024,0.6612103177153024,0.24795386914323836,0.07305564917623997,correlated_log_uniform_axes,v6p1i4_0101
bt_substrate_with_vias,0.19745454042398716,0.19745454042398716,0.48376362403876866,0.47129878122359514,correlated_log_uniform_axes,v6p1i4_0101
silicon_interposer_tsv_0p1,126.4475399069488,126.4475399069488,127.52212989144027,0.2149179968982935,correlated_linear_axes,v6p1i4_0101
bump_underfill_under_interposer,0.6258883555175577,0.6258883555175577,5.111421570060055,0.5946528678759933,correlated_log_uniform_axes,v6p1i4_0101
silicon_die_lower,143.33329307846725,143.33329307846725,143.33329307846725,0.866665861569345,isotropic_linear,v6p1i4_0101
tim_between_dies,3.4087204322371885,3.4087204322371885,3.4087204322371885,0.5441087689250708,isotropic_log_uniform,v6p1i4_0101
silicon_die_upper,101.33093195036054,101.33093195036054,101.33093195036054,0.02661863900721073,isotropic_linear,v6p1i4_0101
tim_to_spreader,3.4329817340041355,3.4329817340041355,3.4329817340041355,0.548208967782557,isotropic_log_uniform,v6p1i4_0101
spreader,389.41274273674935,389.41274273674935,389.41274273674935,0.2941828491166234,isotropic_linear,v6p1i4_0101
pcb_fr4_equivalent,0.7722780204824072,0.7722780204824072,0.2896042576809027,0.42097662668675184,correlated_log_uniform_axes,v6p1i4_0102
bt_substrate_with_vias,0.2035663967492466,0.2035663967492466,0.4987376720356543,0.53960423450917,correlated_log_uniform_axes,v6p1i4_0102
silicon_interposer_tsv_0p1,136.38117953203619,136.38117953203619,139.11137612070888,0.5460393177345395,correlated_linear_axes,v6p1i4_0102
bump_underfill_under_interposer,0.5390252318389172,0.5390252318389172,4.4020393933511555,0.25986921321600676,correlated_log_uniform_axes,v6p1i4_0102
silicon_die_lower,131.9962245412171,131.9962245412171,131.9962245412171,0.6399244908243418,isotropic_linear,v6p1i4_0102
tim_between_dies,4.8977289014719165,4.8977289014719165,4.8977289014719165,0.7536419723182917,isotropic_log_uniform,v6p1i4_0102
silicon_die_upper,149.01841655373573,149.01841655373573,149.01841655373573,0.9803683310747147,isotropic_linear,v6p1i4_0102
tim_to_spreader,7.018862862939406,7.018862862939406,7.018862862939406,0.9616691460832953,isotropic_log_uniform,v6p1i4_0102
spreader,386.8853784445673,386.8853784445673,386.8853784445673,0.12569189630448818,isotropic_linear,v6p1i4_0102
pcb_fr4_equivalent,0.8142873621221736,0.8142873621221736,0.30535776079581506,0.5396641548722982,correlated_log_uniform_axes,v6p1i4_0103
bt_substrate_with_vias,0.16140428871827206,0.16140428871827206,0.39544050735976655,0.019580472260713577,correlated_log_uniform_axes,v6p1i4_0103
silicon_interposer_tsv_0p1,131.62717304192483,131.62717304192483,133.56503521557897,0.3875724347308278,correlated_linear_axes,v6p1i4_0103
bump_underfill_under_interposer,0.6719743822207691,0.6719743822207691,5.487790788136281,0.7538513038307428,correlated_log_uniform_axes,v6p1i4_0103
silicon_die_lower,106.13383906893432,106.13383906893432,106.13383906893432,0.12267678137868643,isotropic_linear,v6p1i4_0103
tim_between_dies,1.5934222553676225,1.5934222553676225,1.5934222553676225,0.10447049047797918,isotropic_log_uniform,v6p1i4_0103
silicon_die_upper,119.5143180899322,119.5143180899322,119.5143180899322,0.39028636179864407,isotropic_linear,v6p1i4_0103
tim_to_spreader,2.871757434122381,2.871757434122381,2.871757434122381,0.4450104245916009,isotropic_log_uniform,v6p1i4_0103
spreader,394.5500613003969,394.5500613003969,394.5500613003969,0.6366707533597946,isotropic_linear,v6p1i4_0103
pcb_fr4_equivalent,0.8404207736142657,0.8404207736142657,0.3151577901053496,0.6104467492550611,correlated_log_uniform_axes,v6p1i4_0104
bt_substrate_with_vias,0.2266432146800516,0.2266432146800516,0.5552758759661264,0.7802224671468139,correlated_log_uniform_axes,v6p1i4_0104
silicon_interposer_tsv_0p1,138.63515867851675,138.63515867851675,141.74101845826954,0.6211719559505582,correlated_linear_axes,v6p1i4_0104
bump_underfill_under_interposer,0.6022396615301626,0.6022396615301626,4.918290569162994,0.5083484817296267,correlated_log_uniform_axes,v6p1i4_0104
silicon_die_lower,125.08405474945903,125.08405474945903,125.08405474945903,0.5016810949891806,isotropic_linear,v6p1i4_0104
tim_between_dies,1.8856202186671405,1.8856202186671405,1.8856202186671405,0.20181129314005375,isotropic_log_uniform,v6p1i4_0104
silicon_die_upper,125.24949251674116,125.24949251674116,125.24949251674116,0.5049898503348231,isotropic_linear,v6p1i4_0104
tim_to_spreader,1.5971983824247886,1.5971983824247886,1.5971983824247886,0.10583892744034529,isotropic_log_uniform,v6p1i4_0104
spreader,397.6441171532497,397.6441171532497,397.6441171532497,0.8429411435499787,isotropic_linear,v6p1i4_0104
pcb_fr4_equivalent,0.7967178976321428,0.7967178976321428,0.29876921161205355,0.490788291208446,correlated_log_uniform_axes,v6p1i4_0105
bt_substrate_with_vias,0.18159062927561195,0.18159062927561195,0.4448970417252493,0.28363142907619476,correlated_log_uniform_axes,v6p1i4_0105
silicon_interposer_tsv_0p1,134.06062952242792,134.06062952242792,136.4040677761659,0.4686876507475972,correlated_linear_axes,v6p1i4_0105
bump_underfill_under_interposer,0.4802928368391749,0.4802928368391749,3.9223915008532613,0.0013665882870554924,correlated_log_uniform_axes,v6p1i4_0105
silicon_die_lower,111.88623211346567,111.88623211346567,111.88623211346567,0.23772464226931334,isotropic_linear,v6p1i4_0105
tim_between_dies,6.462993682208922,6.462993682208922,6.462993682208922,0.9139687111601233,isotropic_log_uniform,v6p1i4_0105
silicon_die_upper,104.75437068380415,104.75437068380415,104.75437068380415,0.09508741367608309,isotropic_linear,v6p1i4_0105
tim_to_spreader,3.8382762926031493,3.8382762926031493,3.8382762926031493,0.6127245696261525,isotropic_log_uniform,v6p1i4_0105
spreader,389.9867625394836,389.9867625394836,389.9867625394836,0.3324508359655738,isotropic_linear,v6p1i4_0105
pcb_fr4_equivalent,0.6454033186048771,0.6454033186048771,0.2420262444768289,0.018838198855519295,correlated_log_uniform_axes,v6p1i4_0106
bt_substrate_with_vias,0.22131715853811096,0.22131715853811096,0.5422270384183719,0.7269377987831831,correlated_log_uniform_axes,v6p1i4_0106
silicon_interposer_tsv_0p1,143.81380995735526,143.81380995735526,147.78277828358114,0.7937936652451754,correlated_linear_axes,v6p1i4_0106
bump_underfill_under_interposer,0.703018371856644,0.703018371856644,5.741316703495925,0.8550480594858527,correlated_log_uniform_axes,v6p1i4_0106
silicon_die_lower,113.05256662890315,113.05256662890315,113.05256662890315,0.261051332578063,isotropic_linear,v6p1i4_0106
tim_between_dies,3.9838335598844483,3.9838335598844483,3.9838335598844483,0.6342431334778666,isotropic_log_uniform,v6p1i4_0106
silicon_die_upper,144.62792868725955,144.62792868725955,144.62792868725955,0.8925585737451911,isotropic_linear,v6p1i4_0106
tim_to_spreader,6.318822144482857,6.318822144482857,6.318822144482857,0.900926279835403,isotropic_log_uniform,v6p1i4_0106
spreader,388.66067020222545,388.66067020222545,388.66067020222545,0.2440446801483631,isotropic_linear,v6p1i4_0106
pcb_fr4_equivalent,0.9543389555876448,0.9543389555876448,0.35787710834536673,0.8952773427590728,correlated_log_uniform_axes,v6p1i4_0107
bt_substrate_with_vias,0.17555483232511757,0.17555483232511757,0.4301093391965381,0.20788773242384195,correlated_log_uniform_axes,v6p1i4_0107
silicon_interposer_tsv_0p1,124.19346956536174,124.19346956536174,124.8923811595887,0.13978231884539127,correlated_linear_axes,v6p1i4_0107
bump_underfill_under_interposer,0.5601913435739387,0.5601913435739387,4.5748959725204985,0.34617246501147747,correlated_log_uniform_axes,v6p1i4_0107
silicon_die_lower,149.68408099375665,149.68408099375665,149.68408099375665,0.993681619875133,isotropic_linear,v6p1i4_0107
tim_between_dies,2.9932405507573527,2.9932405507573527,2.9932405507573527,0.46896361373364925,isotropic_log_uniform,v6p1i4_0107
silicon_die_upper,124.4980399031192,124.4980399031192,124.4980399031192,0.48996079806238413,isotropic_linear,v6p1i4_0107
tim_to_spreader,2.5680290155070753,2.5680290155070753,2.5680290155070753,0.38038421887904406,isotropic_log_uniform,v6p1i4_0107
spreader,396.05412411503494,396.05412411503494,396.05412411503494,0.7369416076689959,isotropic_linear,v6p1i4_0107
pcb_fr4_equivalent,0.9251439486058949,0.9251439486058949,0.34692898072721057,0.8256594622507691,correlated_log_uniform_axes,v6p1i4_0108
bt_substrate_with_vias,0.20649808948317427,0.20649808948317427,0.505920319233777,0.5716440016403794,correlated_log_uniform_axes,v6p1i4_0108
silicon_interposer_tsv_0p1,129.91349020041525,129.91349020041525,131.56573856715113,0.3304496733471751,correlated_linear_axes,v6p1i4_0108
bump_underfill_under_interposer,0.5818035481347004,0.5818035481347004,4.751395643100053,0.4309932766482234,correlated_log_uniform_axes,v6p1i4_0108
silicon_die_lower,137.81556319445372,137.81556319445372,137.81556319445372,0.7563112638890743,isotropic_linear,v6p1i4_0108
tim_between_dies,1.391440163046175,1.391440163046175,1.391440163046175,0.026108416728675365,isotropic_log_uniform,v6p1i4_0108
silicon_die_upper,143.37272802367806,143.37272802367806,143.37272802367806,0.8674545604735613,isotropic_linear,v6p1i4_0108
tim_to_spreader,6.0176054244922215,6.0176054244922215,6.0176054244922215,0.8726885905489326,isotropic_log_uniform,v6p1i4_0108
spreader,385.3831892646849,385.3831892646849,385.3831892646849,0.02554595097899437,isotropic_linear,v6p1i4_0108
pcb_fr4_equivalent,0.6991844505564763,0.6991844505564763,0.2621941689586786,0.19818275794386864,correlated_log_uniform_axes,v6p1i4_0109
bt_substrate_with_vias,0.16843448227247945,0.16843448227247945,0.41266448156757474,0.11511206440627575,correlated_log_uniform_axes,v6p1i4_0109
silicon_interposer_tsv_0p1,142.07820014096797,142.07820014096797,145.75790016446263,0.7359400046989322,correlated_linear_axes,v6p1i4_0109
bump_underfill_under_interposer,0.7245340057063296,0.7245340057063296,5.917027713268358,0.9225957710295916,correlated_log_uniform_axes,v6p1i4_0109
silicon_die_lower,124.44473733194172,124.44473733194172,124.44473733194172,0.4888947466388345,isotropic_linear,v6p1i4_0109
tim_between_dies,5.9203562185265675,5.9203562185265675,5.9203562185265675,0.8632692899554968,isotropic_log_uniform,v6p1i4_0109
silicon_die_upper,113.86806163936853,113.86806163936853,113.86806163936853,0.2773612327873707,isotropic_linear,v6p1i4_0109
tim_to_spreader,2.4212687701254425,2.4212687701254425,2.4212687701254425,0.34636318776756525,isotropic_log_uniform,v6p1i4_0109
spreader,392.75535984896123,392.75535984896123,392.75535984896123,0.5170239899307489,isotropic_linear,v6p1i4_0109
pcb_fr4_equivalent,0.730403503960721,0.730403503960721,0.2739013139852703,0.29606266785413027,correlated_log_uniform_axes,v6p1i4_0110
bt_substrate_with_vias,0.24310233483005994,0.24310233483005994,0.5956007203336469,0.9373084455728531,correlated_log_uniform_axes,v6p1i4_0110
silicon_interposer_tsv_0p1,120.07848914712667,120.07848914712667,120.09157067164779,0.0026163049042224884,correlated_linear_axes,v6p1i4_0110
bump_underfill_under_interposer,0.5279095444325823,0.5279095444325823,4.311261279532755,0.21317857317626476,correlated_log_uniform_axes,v6p1i4_0110
silicon_die_lower,100.61641912907362,100.61641912907362,100.61641912907362,0.012328382581472397,isotropic_linear,v6p1i4_0110
tim_between_dies,3.6982234247646177,3.6982234247646177,3.6982234247646177,0.5912351105362177,isotropic_log_uniform,v6p1i4_0110
silicon_die_upper,136.55411219224334,136.55411219224334,136.55411219224334,0.7310822438448668,isotropic_linear,v6p1i4_0110
tim_to_spreader,1.6828683797559805,1.6828683797559805,1.6828683797559805,0.1360452612861991,isotropic_log_uniform,v6p1i4_0110
spreader,399.0170437237248,399.0170437237248,399.0170437237248,0.9344695815816522,isotropic_linear,v6p1i4_0110
pcb_fr4_equivalent,0.8610114869234988,0.8610114869234988,0.322879307596312,0.6646834909915924,correlated_log_uniform_axes,v6p1i4_0111
bt_substrate_with_vias,0.1894213229898216,0.1894213229898216,0.464082241325063,0.3782317256554961,correlated_log_uniform_axes,v6p1i4_0111
silicon_interposer_tsv_0p1,147.22675267606974,147.22675267606974,151.76454478874803,0.9075584225356579,correlated_linear_axes,v6p1i4_0111
bump_underfill_under_interposer,0.6579734683376774,0.6579734683376774,5.373449991424366,0.7066717883571982,correlated_log_uniform_axes,v6p1i4_0111
silicon_die_lower,137.41634567268193,137.41634567268193,137.41634567268193,0.7483269134536386,isotropic_linear,v6p1i4_0111
tim_between_dies,2.2383518155068467,2.2383518155068467,2.2383518155068467,0.30095022823661566,isotropic_log_uniform,v6p1i4_0111
silicon_die_upper,106.68378286063671,106.68378286063671,106.68378286063671,0.13367565721273422,isotropic_linear,v6p1i4_0111
tim_to_spreader,4.05708675682742,4.05708675682742,4.05708675682742,0.6447769561782479,isotropic_log_uniform,v6p1i4_0111
spreader,391.44002395216376,391.44002395216376,391.44002395216376,0.4293349301442504,isotropic_linear,v6p1i4_0111
pcb_fr4_equivalent,0.8496332343275108,0.8496332343275108,0.3186124628728165,0.6348751494660974,correlated_log_uniform_axes,v6p1i4_0112
bt_substrate_with_vias,0.23810058561529715,0.23810058561529715,0.583346434757478,0.8907257132232189,correlated_log_uniform_axes,v6p1i4_0112
silicon_interposer_tsv_0p1,134.8909030482173,134.8909030482173,137.37272022292018,0.49636343494057655,correlated_linear_axes,v6p1i4_0112
bump_underfill_under_interposer,0.5503309913559908,0.5503309913559908,4.494369762740591,0.30638079158961773,correlated_log_uniform_axes,v6p1i4_0112
silicon_die_lower,116.13053428009152,116.13053428009152,116.13053428009152,0.3226106856018305,isotropic_linear,v6p1i4_0112
tim_between_dies,5.653440595963697,5.653440595963697,5.653440595963697,0.83659896440804,isotropic_log_uniform,v6p1i4_0112
silicon_die_upper,116.0290646366775,116.0290646366775,116.0290646366775,0.32058129273355007,isotropic_linear,v6p1i4_0112
tim_to_spreader,1.7956875641320453,1.7956875641320453,1.7956875641320453,0.17355892434716225,isotropic_log_uniform,v6p1i4_0112
spreader,390.3483787830919,390.3483787830919,390.3483787830919,0.3565585855394602,isotropic_linear,v6p1i4_0112
pcb_fr4_equivalent,0.719790447461908,0.719790447461908,0.2699214177982155,0.26326538994908333,correlated_log_uniform_axes,v6p1i4_0113
bt_substrate_with_vias,0.19286057512956994,0.19286057512956994,0.47250840906744646,0.4185505313798785,correlated_log_uniform_axes,v6p1i4_0113
silicon_interposer_tsv_0p1,137.80489940196276,137.80489940196276,140.77238263562322,0.5934966467320919,correlated_linear_axes,v6p1i4_0113
bump_underfill_under_interposer,0.6850964710372668,0.6850964710372668,5.594954513471011,0.7971853902563453,correlated_log_uniform_axes,v6p1i4_0113
silicon_die_lower,146.5112346690148,146.5112346690148,146.5112346690148,0.9302246933802962,isotropic_linear,v6p1i4_0113
tim_between_dies,1.4470348118116412,1.4470348118116412,1.4470348118116412,0.048757812939584255,isotropic_log_uniform,v6p1i4_0113
silicon_die_upper,139.64936807751656,139.64936807751656,139.64936807751656,0.7929873615503311,isotropic_linear,v6p1i4_0113
tim_to_spreader,4.242543094127096,4.242543094127096,4.242543094127096,0.6706179026514292,isotropic_log_uniform,v6p1i4_0113
spreader,397.7493894286454,397.7493894286454,397.7493894286454,0.8499592952430248,isotropic_linear,v6p1i4_0113
pcb_fr4_equivalent,0.7081904449151791,0.7081904449151791,0.26557141684319213,0.22686040122061968,correlated_log_uniform_axes,v6p1i4_0114
bt_substrate_with_vias,0.2091408140952516,0.2091408140952516,0.5123949945333666,0.6001382516697049,correlated_log_uniform_axes,v6p1i4_0114
silicon_interposer_tsv_0p1,125.05486124195158,125.05486124195158,125.89733811561018,0.1684953747317195,correlated_linear_axes,v6p1i4_0114
bump_underfill_under_interposer,0.4993436689873526,0.4993436689873526,4.077973296730046,0.08852702658623457,correlated_log_uniform_axes,v6p1i4_0114
silicon_die_lower,128.15929548814893,128.15929548814893,128.15929548814893,0.5631859097629786,isotropic_linear,v6p1i4_0114
tim_between_dies,2.1615069835405847,2.1615069835405847,2.1615069835405847,0.28075386118143797,isotropic_log_uniform,v6p1i4_0114
silicon_die_upper,110.7728292234242,110.7728292234242,110.7728292234242,0.21545658446848392,isotropic_linear,v6p1i4_0114
tim_to_spreader,5.490167131805814,5.490167131805814,5.490167131805814,0.8196565993130207,isotropic_log_uniform,v6p1i4_0114
spreader,395.48557008150965,395.48557008150965,395.48557008150965,0.6990380054339767,isotropic_linear,v6p1i4_0114
pcb_fr4_equivalent,0.9390798398706754,0.9390798398706754,0.3521549399515032,0.8591606691479683,correlated_log_uniform_axes,v6p1i4_0115
bt_substrate_with_vias,0.16640295949549727,0.16640295949549727,0.4076872507639684,0.08792209811508656,correlated_log_uniform_axes,v6p1i4_0115
silicon_interposer_tsv_0p1,142.95240403153002,142.95240403153002,146.7778047034517,0.7650801343843341,correlated_linear_axes,v6p1i4_0115
bump_underfill_under_interposer,0.6221824735001148,0.6221824735001148,5.081156866917604,0.5813462007790804,correlated_log_uniform_axes,v6p1i4_0115
silicon_die_lower,108.71074828319252,108.71074828319252,108.71074828319252,0.1742149656638503,isotropic_linear,v6p1i4_0115
tim_between_dies,3.856528236841524,3.856528236841524,3.856528236841524,0.6154671888798475,isotropic_log_uniform,v6p1i4_0115
silicon_die_upper,134.02751814574003,134.02751814574003,134.02751814574003,0.6805503629148006,isotropic_linear,v6p1i4_0115
tim_to_spreader,2.3794255866471437,2.3794255866471437,2.3794255866471437,0.3362849447876215,isotropic_log_uniform,v6p1i4_0115
spreader,387.82111638691276,387.82111638691276,387.82111638691276,0.1880744257941842,isotropic_linear,v6p1i4_0115
pcb_fr4_equivalent,0.9684708853881727,0.9684708853881727,0.36317658202056474,0.9282146897166967,correlated_log_uniform_axes,v6p1i4_0116
bt_substrate_with_vias,0.21818787493858793,0.21818787493858793,0.5345602935995404,0.6950294692069292,correlated_log_uniform_axes,v6p1i4_0116
silicon_interposer_tsv_0p1,141.15821784362197,141.15821784362197,144.68458748422563,0.7052739281207323,correlated_linear_axes,v6p1i4_0116
bump_underfill_under_interposer,0.6367439489848621,0.6367439489848621,5.200075583376373,0.6331832250580192,correlated_log_uniform_axes,v6p1i4_0116
silicon_die_lower,103.78812626004219,103.78812626004219,103.78812626004219,0.07576252520084381,isotropic_linear,v6p1i4_0116
tim_between_dies,6.172871021752318,6.172871021752318,6.172871021752318,0.8874161643907428,isotropic_log_uniform,v6p1i4_0116
silicon_die_upper,102.59332316927612,102.59332316927612,102.59332316927612,0.051866463385522366,isotropic_linear,v6p1i4_0116
tim_to_spreader,6.382433620815941,6.382433620815941,6.382433620815941,0.9067171737551689,isotropic_log_uniform,v6p1i4_0116
spreader,393.0877079674974,393.0877079674974,393.0877079674974,0.5391805311664939,isotropic_linear,v6p1i4_0116
pcb_fr4_equivalent,0.6540863762679295,0.6540863762679295,0.24528239110047353,0.04878303688019514,correlated_log_uniform_axes,v6p1i4_0117
bt_substrate_with_vias,0.1785128113288299,0.1785128113288299,0.43735638775563335,0.2453276263549924,correlated_log_uniform_axes,v6p1i4_0117
silicon_interposer_tsv_0p1,130.83348674699664,130.83348674699664,132.63906787149608,0.36111622489988804,correlated_linear_axes,v6p1i4_0117
bump_underfill_under_interposer,0.5078801170416348,0.5078801170416348,4.147687622506684,0.12650897912681103,correlated_log_uniform_axes,v6p1i4_0117
silicon_die_lower,134.3387781176716,134.3387781176716,134.3387781176716,0.6867755623534322,isotropic_linear,v6p1i4_0117
tim_between_dies,1.961336598565834,1.961336598565834,1.961336598565834,0.22457179240882397,isotropic_log_uniform,v6p1i4_0117
silicon_die_upper,128.97318308241665,128.97318308241665,128.97318308241665,0.5794636616483331,isotropic_linear,v6p1i4_0117
tim_to_spreader,2.8321010194420597,2.8321010194420597,2.8321010194420597,0.4369713719934225,isotropic_log_uniform,v6p1i4_0117
spreader,385.51778694149107,385.51778694149107,385.51778694149107,0.03451912943273783,isotropic_linear,v6p1i4_0117
pcb_fr4_equivalent,0.7848682166859138,0.7848682166859138,0.29432558125721764,0.4572116229683161,correlated_log_uniform_axes,v6p1i4_0118
bt_substrate_with_vias,0.22844780332939668,0.22844780332939668,0.5596971181570219,0.7979928953573108,correlated_log_uniform_axes,v6p1i4_0118
silicon_interposer_tsv_0p1,146.33788137696683,146.33788137696683,150.72752827312797,0.8779293792322278,correlated_linear_axes,v6p1i4_0118
bump_underfill_under_interposer,0.7433240586591324,0.7433240586591324,6.0704798123829145,0.9799655694514513,correlated_log_uniform_axes,v6p1i4_0118
silicon_die_lower,140.9906469285488,140.9906469285488,140.9906469285488,0.8198129385709763,isotropic_linear,v6p1i4_0118
tim_between_dies,2.8898050320773954,2.8898050320773954,2.8898050320773954,0.4486323017627001,isotropic_log_uniform,v6p1i4_0118
silicon_die_upper,120.40913975797594,120.40913975797594,120.40913975797594,0.4081827951595187,isotropic_linear,v6p1i4_0118
tim_to_spreader,1.539481501257633,1.539481501257633,1.539481501257633,0.08456072956323624,isotropic_log_uniform,v6p1i4_0118
spreader,390.8422015141696,390.8422015141696,390.8422015141696,0.38948010094463825,isotropic_linear,v6p1i4_0118
pcb_fr4_equivalent,0.8297039523522896,0.8297039523522896,0.31113898213210855,0.5816900720819831,correlated_log_uniform_axes,v6p1i4_0119
bt_substrate_with_vias,0.1799532692917207,0.1799532692917207,0.4408855097647157,0.26333583518862724,correlated_log_uniform_axes,v6p1i4_0119
silicon_interposer_tsv_0p1,120.96734619699419,120.96734619699419,121.12857056315988,0.032244873233139515,correlated_linear_axes,v6p1i4_0119
bump_underfill_under_interposer,0.5923580801318851,0.5923580801318851,4.837590987743726,0.47127782087773085,correlated_log_uniform_axes,v6p1i4_0119
silicon_die_lower,121.3706357870251,121.3706357870251,121.3706357870251,0.4274127157405019,isotropic_linear,v6p1i4_0119
tim_between_dies,4.153469874156234,4.153469874156234,4.153469874156234,0.6583507573232055,isotropic_log_uniform,v6p1i4_0119
silicon_die_upper,147.154281148687,147.154281148687,147.154281148687,0.9430856229737401,isotropic_linear,v6p1i4_0119
tim_to_spreader,3.5763927720266584,3.5763927720266584,3.5763927720266584,0.571869095787406,isotropic_log_uniform,v6p1i4_0119
spreader,398.2068154774606,398.2068154774606,398.2068154774606,0.8804543651640415,isotropic_linear,v6p1i4_0119
pcb_fr4_equivalent,0.8035431547988389,0.8035431547988389,0.30132868304956456,0.5099020665511489,correlated_log_uniform_axes,v6p1i4_0120
bt_substrate_with_vias,0.2006417190867317,0.2006417190867317,0.4915722117624927,0.5071780225262046,correlated_log_uniform_axes,v6p1i4_0120
silicon_interposer_tsv_0p1,148.64679574035108,148.64679574035108,153.42126169707626,0.954893191345036,correlated_linear_axes,v6p1i4_0120
bump_underfill_under_interposer,0.5315170077202966,0.5315170077202966,4.340722229715755,0.22843835782259703,correlated_log_uniform_axes,v6p1i4_0120
silicon_die_lower,147.34151866286993,147.34151866286993,147.34151866286993,0.9468303732573986,isotropic_linear,v6p1i4_0120
tim_between_dies,3.193093552454876,3.193093552454876,3.193093552454876,0.506330044940114,isotropic_log_uniform,v6p1i4_0120
silicon_die_upper,103.85800115764141,103.85800115764141,103.85800115764141,0.07716002315282822,isotropic_linear,v6p1i4_0120
tim_to_spreader,7.13287757357171,7.13287757357171,7.13287757357171,0.9709848053753376,isotropic_log_uniform,v6p1i4_0120
spreader,393.6909459112212,393.6909459112212,393.6909459112212,0.5793963940814137,isotropic_linear,v6p1i4_0120
pcb_fr4_equivalent,0.7611123878502593,0.7611123878502593,0.2854171454438472,0.388343857601285,correlated_log_uniform_axes,v6p1i4_0121
bt_substrate_with_vias,0.1642288598020661,0.1642288598020661,0.402360706515062,0.05845368653535843,correlated_log_uniform_axes,v6p1i4_0121
silicon_interposer_tsv_0p1,123.34586746059358,123.34586746059358,123.90351203735918,0.11152891535311937,correlated_linear_axes,v6p1i4_0121
bump_underfill_under_interposer,0.6615308852417043,0.6615308852417043,5.402502229473918,0.7187538389116526,correlated_log_uniform_axes,v6p1i4_0121
silicon_die_lower,115.39826397784054,115.39826397784054,115.39826397784054,0.30796527955681086,isotropic_linear,v6p1i4_0121
tim_between_dies,2.4731743933333554,2.4731743933333554,2.4731743933333554,0.3586257314309478,isotropic_log_uniform,v6p1i4_0121
silicon_die_upper,127.11212551221251,127.11212551221251,127.11212551221251,0.5422425102442503,isotropic_linear,v6p1i4_0121
tim_to_spreader,3.143826192406816,3.143826192406816,3.143826192406816,0.49734039045870304,isotropic_log_uniform,v6p1i4_0121
spreader,386.31900370586663,386.31900370586663,386.31900370586663,0.08793358039110899,isotropic_linear,v6p1i4_0121
pcb_fr4_equivalent,0.6698054273896892,0.6698054273896892,0.2511770352711334,0.10199507605284452,correlated_log_uniform_axes,v6p1i4_0122
bt_substrate_with_vias,0.24845616600615258,0.24845616600615258,0.6087176067150739,0.9861199613660574,correlated_log_uniform_axes,v6p1i4_0122
silicon_interposer_tsv_0p1,138.77966618165374,138.77966618165374,141.9096105452627,0.6259888727217913,correlated_linear_axes,v6p1i4_0122
bump_underfill_under_interposer,0.5701626947808476,0.5701626947808476,4.656328674043588,0.38570607267320156,correlated_log_uniform_axes,v6p1i4_0122
silicon_die_lower,109.54062696546316,109.54062696546316,109.54062696546316,0.19081253930926323,isotropic_linear,v6p1i4_0122
tim_between_dies,1.4860335292971945,1.4860335292971945,1.4860335292971945,0.0641325218603015,isotropic_log_uniform,v6p1i4_0122
silicon_die_upper,123.23719952255487,123.23719952255487,123.23719952255487,0.4647439904510975,isotropic_linear,v6p1i4_0122
tim_to_spreader,1.3771958600323886,1.3771958600323886,1.3771958600323886,0.02015957608819008,isotropic_log_uniform,v6p1i4_0122
spreader,392.3755110800266,392.3755110800266,392.3755110800266,0.4917007386684418,isotropic_linear,v6p1i4_0122
pcb_fr4_equivalent,0.9930385713591037,0.9930385713591037,0.37238946425966385,0.9843469094485044,correlated_log_uniform_axes,v6p1i4_0123
bt_substrate_with_vias,0.1956287594554292,0.1956287594554292,0.4792904606658016,0.4504834720864892,correlated_log_uniform_axes,v6p1i4_0123
silicon_interposer_tsv_0p1,128.52448834106326,128.52448834106326,129.94523639790714,0.28414961136877537,correlated_linear_axes,v6p1i4_0123
bump_underfill_under_interposer,0.7102683367531746,0.7102683367531746,5.800524750150925,0.8780373251065612,correlated_log_uniform_axes,v6p1i4_0123
silicon_die_lower,127.42671524174511,127.42671524174511,127.42671524174511,0.5485343048349023,isotropic_linear,v6p1i4_0123
tim_between_dies,5.215265851942247,5.215265851942247,5.215265851942247,0.7899590115994215,isotropic_log_uniform,v6p1i4_0123
silicon_die_upper,146.85808280482888,146.85808280482888,146.85808280482888,0.9371616560965776,isotropic_linear,v6p1i4_0123
tim_to_spreader,3.221202699020232,3.221202699020232,3.221202699020232,0.5113970879465342,isotropic_log_uniform,v6p1i4_0123
spreader,399.9527603480965,399.9527603480965,399.9527603480965,0.9968506898730993,isotropic_linear,v6p1i4_0123
pcb_fr4_equivalent,0.9158307411952774,0.9158307411952774,0.343436527948229,0.8029884546995163,correlated_log_uniform_axes,v6p1i4_0124
bt_substrate_with_vias,0.23163761632167368,0.23163761632167368,0.5675121599881006,0.8290634760633111,correlated_log_uniform_axes,v6p1i4_0124
silicon_interposer_tsv_0p1,127.49203347600996,127.49203347600996,128.74070572201163,0.24973444920033216,correlated_linear_axes,v6p1i4_0124
bump_underfill_under_interposer,0.6971066493905151,0.6971066493905151,5.693037636689206,0.8361261282116175,correlated_log_uniform_axes,v6p1i4_0124
silicon_die_lower,135.0713993422687,135.0713993422687,135.0713993422687,0.7014279868453741,isotropic_linear,v6p1i4_0124
tim_between_dies,4.505994086101444,4.505994086101444,4.505994086101444,0.7054475350305438,isotropic_log_uniform,v6p1i4_0124
silicon_die_upper,114.95838505215943,114.95838505215943,114.95838505215943,0.29916770104318857,isotropic_linear,v6p1i4_0124
tim_to_spreader,2.0068502881452184,2.0068502881452184,2.0068502881452184,0.23783419281244278,isotropic_log_uniform,v6p1i4_0124
spreader,389.04743384569883,389.04743384569883,389.04743384569883,0.2698289230465889,isotropic_linear,v6p1i4_0124
pcb_fr4_equivalent,0.6915640770451269,0.6915640770451269,0.25933652889192255,0.17362732160836458,correlated_log_uniform_axes,v6p1i4_0125
bt_substrate_with_vias,0.18754407981102503,0.18754407981102503,0.45948299553701144,0.35591459833085537,correlated_log_uniform_axes,v6p1i4_0125
silicon_interposer_tsv_0p1,145.20278186537325,145.20278186537325,149.40324550960213,0.8400927288457751,correlated_linear_axes,v6p1i4_0125
bump_underfill_under_interposer,0.5561478027203918,0.5561478027203918,4.541873722216532,0.32994004618376493,correlated_log_uniform_axes,v6p1i4_0125
silicon_die_lower,102.95820659957826,102.95820659957826,102.95820659957826,0.05916413199156523,isotropic_linear,v6p1i4_0125
tim_between_dies,2.8114470894057715,2.8114470894057715,2.8114470894057715,0.43273976258933544,isotropic_log_uniform,v6p1i4_0125
silicon_die_upper,141.7044788133353,141.7044788133353,141.7044788133353,0.834089576266706,isotropic_linear,v6p1i4_0125
tim_to_spreader,4.70945133087646,4.70945133087646,4.70945133087646,0.7309792842715979,isotropic_log_uniform,v6p1i4_0125
spreader,396.70456019230187,396.70456019230187,396.70456019230187,0.7803040128201246,isotropic_linear,v6p1i4_0125
pcb_fr4_equivalent,0.7422432879797602,0.7422432879797602,0.2783412329924101,0.33209316059947014,correlated_log_uniform_axes,v6p1i4_0126
bt_substrate_with_vias,0.2150433551822288,0.2150433551822288,0.5268562201964607,0.6625014320015907,correlated_log_uniform_axes,v6p1i4_0126
silicon_interposer_tsv_0p1,132.6405556127429,132.6405556127429,134.74731488153338,0.4213518537580967,correlated_linear_axes,v6p1i4_0126
bump_underfill_under_interposer,0.615674753062557,0.615674753062557,5.028010483344215,0.5577860539779067,correlated_log_uniform_axes,v6p1i4_0126
silicon_die_lower,122.10285170003772,122.10285170003772,122.10285170003772,0.44205703400075436,isotropic_linear,v6p1i4_0126
tim_between_dies,1.7126301284535796,1.7126301284535796,1.7126301284535796,0.14618015475571156,isotropic_log_uniform,v6p1i4_0126
silicon_die_upper,108.14205729402602,108.14205729402602,108.14205729402602,0.16284114588052034,isotropic_linear,v6p1i4_0126
tim_to_spreader,4.911611399830957,4.911611399830957,4.911611399830957,0.7552783414721489,isotropic_log_uniform,v6p1i4_0126
spreader,395.11492654215544,395.11492654215544,395.11492654215544,0.6743284361436963,isotropic_linear,v6p1i4_0126
pcb_fr4_equivalent,0.8772863397736675,0.8772863397736675,0.32898237741512526,0.7066421145573258,correlated_log_uniform_axes,v6p1i4_0127
bt_substrate_with_vias,0.17117383216340049,0.17117383216340049,0.4193758888003313,0.1512608965858817,correlated_log_uniform_axes,v6p1i4_0127
silicon_interposer_tsv_0p1,135.3678112104535,135.3678112104535,137.92911307886243,0.5122603736817837,correlated_linear_axes,v6p1i4_0127
bump_underfill_under_interposer,0.49074086723192867,0.49074086723192867,4.007717082394084,0.04958718083798885,correlated_log_uniform_axes,v6p1i4_0127
silicon_die_lower,140.16041732393205,140.16041732393205,140.16041732393205,0.803208346478641,isotropic_linear,v6p1i4_0127
tim_between_dies,7.461337022067592,7.461337022067592,7.461337022067592,0.9970120107755065,isotropic_log_uniform,v6p1i4_0127
silicon_die_upper,134.52096222899854,134.52096222899854,134.52096222899854,0.6904192445799708,isotropic_linear,v6p1i4_0127
tim_to_spreader,2.1430276465033846,2.1430276465033846,2.1430276465033846,0.27579004131257534,isotropic_log_uniform,v6p1i4_0127
spreader,387.7212432445958,387.7212432445958,387.7212432445958,0.18141621630638838,isotropic_linear,v6p1i4_0127
