sample_id,split_role,family,block_index,layer,k_x_W_mK,k_y_W_mK,k_z_W_mK,control_volume_count,source_power_W,power_fraction,source_volume_m3,surface_power_density_W_cm2,q_W_m3
v6p1i_0000,valid_iid,k,0,silicon_die_upper,85.49617461137397,85.49617461137397,85.49617461137397,720,,,,,
v6p1i_0000,valid_iid,k,1,silicon_die_upper,50.30452590295612,50.30452590295612,50.30452590295612,392,,,,,
v6p1i_0000,valid_iid,k,2,silicon_die_lower,26.370441000102808,26.370441000102808,26.370441000102808,648,,,,,
v6p1i_0000,valid_iid,q,0,silicon_die_upper,,,,320,1.414139895791052,0.2736821499404277,1.4343261718749992e-10,155.7108157746216,9859263001.123663
v6p1i_0000,valid_iid,q,1,silicon_die_lower,,,,512,2.352309908479375,0.45524861790189486,2.3437499999999993e-10,148.41267578262372,10036522276.178669
v6p1i_0000,valid_iid,q,2,silicon_die_lower,,,,392,1.4006387183053695,0.27106923215767753,1.7944335937499983e-10,115.12561357787212,7805464204.324896
v6p1i_0001,train,k,0,silicon_die_upper,22.037730080522994,22.037730080522994,22.037730080522994,504,,,,,
v6p1i_0001,train,k,1,silicon_die_lower,66.60326387497349,66.60326387497349,66.60326387497349,384,,,,,
v6p1i_0001,train,q,0,silicon_die_upper,,,,320,0.48033381685253507,0.11610561686275885,1.4343261718749995e-10,48.39408323711009,3348846491.6221013
v6p1i_0001,train,q,1,silicon_die_upper,,,,160,0.3886808783160682,0.09395139704165477,7.171630859374991e-11,62.37768506791077,5419700008.791888
v6p1i_0001,train,q,2,silicon_die_upper,,,,336,0.5706005278014897,0.13792475969466628,1.5060424804687488e-10,59.546502367018896,3788741255.318993
v6p1i_0001,train,q,3,silicon_die_lower,,,,288,0.49590778094581284,0.11987013363132025,1.3183593749999998e-10,62.98168288492411,3761552353.24824
v6p1i_0001,train,q,4,silicon_die_upper,,,,192,0.29981851808944665,0.07247171189768732,8.605957031249998e-11,53.13885548015296,3483848652.7499967
v6p1i_0001,train,q,5,silicon_die_lower,,,,512,0.5936387453390496,0.14349352534215767,2.3437500000000003e-10,40.825738203796426,2532858646.7799444
v6p1i_0001,train,q,6,silicon_die_lower,,,,384,0.554961581696532,0.1341445355653354,1.7578125000000002e-10,42.55427458251543,3157114775.873604
v6p1i_0001,train,q,7,silicon_die_upper,,,,384,0.5241613897360521,0.12669955634131216,1.721191406249997e-10,56.44924753132236,3045340499.79982
v6p1i_0001,train,q,8,silicon_die_upper,,,,200,0.22893879098379197,0.055338763623107357,8.96453857421874e-11,43.00779413745199,2553826826.5385203
v6p1i_0002,train,k,0,silicon_die_lower,80.33082532561244,80.33082532561244,80.33082532561244,640,,,,,
v6p1i_0002,train,k,1,silicon_die_lower,38.974778553169344,38.974778553169344,38.974778553169344,448,,,,,
v6p1i_0002,train,k,2,silicon_die_upper,36.974690777058576,36.974690777058576,36.974690777058576,640,,,,,
v6p1i_0002,train,k,3,silicon_die_lower,23.976704536687258,23.976704536687258,23.976704536687258,560,,,,,
v6p1i_0002,train,k,4,silicon_die_upper,105.29254486032605,105.29254486032605,105.29254486032605,384,,,,,
v6p1i_0002,train,k,5,silicon_die_lower,50.45722802891189,50.45722802891189,50.45722802891189,448,,,,,
v6p1i_0002,train,k,6,silicon_die_lower,241.80778422114759,241.80778422114759,241.80778422114759,864,,,,,
v6p1i_0002,train,q,0,silicon_die_lower,,,,240,0.4145210345179313,0.16486588139905903,1.0986328125e-10,56.10776421001029,3773062571.9676595
v6p1i_0002,train,q,1,silicon_die_lower,,,,240,0.345668281161888,0.1374813365303111,1.0986328124999996e-10,39.49596940573855,3146349510.309098
v6p1i_0002,train,q,2,silicon_die_lower,,,,320,0.393381293010135,0.15645805205866317,1.4648437499999994e-10,51.41551258645901,2685482960.2825227
v6p1i_0002,train,q,3,silicon_die_upper,,,,256,0.42127396026476754,0.167551696985159,1.1474609374999991e-10,50.26108130152078,3671357747.3287005
v6p1i_0002,train,q,4,silicon_die_lower,,,,224,0.3183172319329864,0.12660310729025342,1.025390625e-10,42.72854066787227,3104350909.517886
v6p1i_0002,train,q,5,silicon_die_upper,,,,512,0.6211306106184676,0.24703992573655426,2.2949218749999977e-10,40.649109186550064,2706543596.9077086
v6p1i_0003,train,k,0,silicon_die_lower,20.484812747418772,20.484812747418772,20.484812747418772,768,,,,,
v6p1i_0003,train,k,1,silicon_die_upper,28.89656424163799,28.89656424163799,28.89656424163799,640,,,,,
v6p1i_0003,train,k,2,silicon_die_lower,255.81302713514413,255.81302713514413,255.81302713514413,576,,,,,
v6p1i_0003,train,k,3,silicon_die_upper,194.95346830700964,194.95346830700964,194.95346830700964,504,,,,,
v6p1i_0003,train,k,4,silicon_die_lower,163.13489881285685,163.13489881285685,163.13489881285685,432,,,,,
v6p1i_0003,train,k,5,silicon_die_lower,216.0893209285482,216.0893209285482,216.0893209285482,640,,,,,
v6p1i_0003,train,k,6,silicon_die_lower,117.59530950492919,117.59530950492919,117.59530950492919,880,,,,,
v6p1i_0003,train,k,7,silicon_die_lower,34.37721672097637,34.37721672097637,34.37721672097637,576,,,,,
v6p1i_0003,train,q,0,silicon_die_upper,,,,336,1.209706932013726,0.17803522610109723,1.5060424804687488e-10,108.10609964347606,8032355977.35072
v6p1i_0003,train,q,1,silicon_die_upper,,,,240,0.5993084657641338,0.08820154318617114,1.0757446289062494e-10,69.96722478745045,5571103491.108977
v6p1i_0003,train,q,2,silicon_die_lower,,,,192,0.5248406364062955,0.07724194918358819,8.789062499999993e-11,78.01371200023615,5971520129.7783
v6p1i_0003,train,q,3,silicon_die_upper,,,,256,0.6790202905830072,0.09993290751830358,1.1474609374999991e-10,77.46313689284712,5917589596.229786
v6p1i_0003,train,q,4,silicon_die_lower,,,,360,1.41045309301293,0.2075794795203337,1.6479492187499997e-10,131.51974989635784,8558838324.41624
v6p1i_0003,train,q,5,silicon_die_lower,,,,240,0.7052019991983127,0.10378612707891208,1.0986328124999983e-10,103.51923833664105,6418905308.25843
v6p1i_0003,train,q,6,silicon_die_upper,,,,392,0.8539625737151755,0.12567954755799574,1.7570495605468738e-10,72.78743946807835,4860207662.266416
v6p1i_0003,train,q,7,silicon_die_lower,,,,280,0.8122676893730053,0.11954321985359838,1.2817382812499996e-10,90.78982869228089,6337235153.66063
v6p1i_0004,train,k,0,silicon_die_lower,20.28115058206338,20.28115058206338,20.28115058206338,528,,,,,
v6p1i_0004,train,k,1,silicon_die_upper,121.36372048471148,121.36372048471148,121.36372048471148,512,,,,,
v6p1i_0004,train,q,0,silicon_die_upper,,,,392,1.3343778452941735,0.18567955730671293,1.7570495605468738e-10,114.11626623524323,7594423488.423709
v6p1i_0004,train,q,1,silicon_die_upper,,,,320,1.3786126594877133,0.19183486087831148,1.434326171874999e-10,139.27314764745947,9611570133.211367
v6p1i_0004,train,q,2,silicon_die_upper,,,,384,1.2267416118341925,0.17070190442563918,1.7211914062499977e-10,110.17182660000682,7127281761.805474
v6p1i_0004,train,q,3,silicon_die_upper,,,,336,1.4319605422292436,0.19925825394919539,1.5060424804687488e-10,163.07190271583033,9508101934.70474
v6p1i_0004,train,q,4,silicon_die_lower,,,,448,1.814762676622731,0.252525423440141,2.05078125e-10,129.49036594342462,8849128480.293697
v6p1i_0005,valid_iid,k,0,silicon_die_upper,237.19426441238335,237.19426441238335,237.19426441238335,512,,,,,
v6p1i_0005,valid_iid,k,1,silicon_die_upper,354.57889032504414,354.57889032504414,354.57889032504414,576,,,,,
v6p1i_0005,valid_iid,k,2,silicon_die_upper,68.82416863099431,68.82416863099431,68.82416863099431,400,,,,,
v6p1i_0005,valid_iid,k,3,silicon_die_lower,239.02575234521942,239.02575234521942,239.02575234521942,968,,,,,
v6p1i_0005,valid_iid,q,0,silicon_die_lower,,,,200,0.3943599704031822,0.11175311749766799,9.155273437499994e-11,65.87899715912266,4307462503.390494
v6p1i_0005,valid_iid,q,1,silicon_die_upper,,,,160,0.3326525708362924,0.09426657020123748,7.171630859375001e-11,72.07282656288368,4638450826.027076
v6p1i_0005,valid_iid,q,2,silicon_die_lower,,,,384,0.5482542274193236,0.155363433648565,1.7578125e-10,50.035298359944846,3118957382.652152
v6p1i_0005,valid_iid,q,3,silicon_die_lower,,,,320,0.46596508111894036,0.1320444628466154,1.464843749999999e-10,47.05529279535457,3180988287.105302
v6p1i_0005,valid_iid,q,4,silicon_die_upper,,,,448,0.9195764074486288,0.2605881377986349,2.008056640624998e-10,66.75788569989669,4579434607.792811
v6p1i_0005,valid_iid,q,5,silicon_die_upper,,,,200,0.24361446056000066,0.06903508844282304,8.964538574218731e-11,49.45928936075527,2717534857.4059978
v6p1i_0005,valid_iid,q,6,silicon_die_lower,,,,280,0.6244271186525264,0.17694918956445627,1.2817382812499994e-10,78.01599400972954,4871720910.477618
v6p1i_0006,train,k,0,silicon_die_upper,122.76792855115688,122.76792855115688,122.76792855115688,448,,,,,
v6p1i_0006,train,k,1,silicon_die_lower,279.5532296217703,279.5532296217703,279.5532296217703,432,,,,,
v6p1i_0006,train,k,2,silicon_die_upper,239.1919753209697,239.1919753209697,239.1919753209697,704,,,,,
v6p1i_0006,train,k,3,silicon_die_lower,30.500580171361253,30.500580171361253,30.500580171361253,792,,,,,
v6p1i_0006,train,k,4,silicon_die_lower,127.81816550895536,127.81816550895536,127.81816550895536,616,,,,,
v6p1i_0006,train,k,5,silicon_die_upper,33.00871262601603,33.00871262601603,33.00871262601603,528,,,,,
v6p1i_0006,train,k,6,silicon_die_upper,116.4964704750943,116.4964704750943,116.4964704750943,384,,,,,
v6p1i_0006,train,q,0,silicon_die_lower,,,,432,1.173884790451893,0.25931289647870326,1.9775390625000005e-10,95.84680340770873,5936089014.433274
v6p1i_0006,train,q,1,silicon_die_lower,,,,336,1.6936545724298515,0.37413081452577424,1.5380859375000008e-10,166.09593951526068,11011443061.385187
v6p1i_0006,train,q,2,silicon_die_upper,,,,336,0.8896310838948381,0.1965208298451949,1.5060424804687488e-10,86.0492226431398,5907078289.172458
v6p1i_0006,train,q,3,silicon_die_upper,,,,280,0.7697343327097756,0.17003545915032764,1.255035400390624e-10,95.53899151503514,6133168295.254456
v6p1i_0007,train,k,0,silicon_die_upper,79.10836979838814,79.10836979838814,79.10836979838814,672,,,,,
v6p1i_0007,train,k,1,silicon_die_upper,42.992516836217575,42.992516836217575,42.992516836217575,880,,,,,
v6p1i_0007,train,k,2,silicon_die_upper,22.481559709242877,22.481559709242877,22.481559709242877,720,,,,,
v6p1i_0007,train,k,3,silicon_die_upper,63.140171204389425,63.140171204389425,63.140171204389425,880,,,,,
v6p1i_0007,train,k,4,silicon_die_lower,218.88602251120233,218.88602251120233,218.88602251120233,800,,,,,
v6p1i_0007,train,q,0,silicon_die_upper,,,,320,0.6713177741408258,0.10856638711921467,1.4343261718749997e-10,73.30476000885325,4680370387.882252
v6p1i_0007,train,q,1,silicon_die_upper,,,,336,0.953898490433247,0.1542657095849302,1.5060424804687503e-10,88.78500378979486,6333808659.4765215
v6p1i_0007,train,q,2,silicon_die_lower,,,,240,0.5702461475131357,0.09222095166984928,1.0986328124999983e-10,85.12208388103193,5190507156.0306835
v6p1i_0007,train,q,3,silicon_die_lower,,,,448,0.8012366215342561,0.12957703278288585,2.050781249999999e-10,76.09221718058055,3906982383.1003747
v6p1i_0007,train,q,4,silicon_die_lower,,,,240,0.44333302610945063,0.07169639593846776,1.0986328124999993e-10,52.906669772793016,4035315722.098469
v6p1i_0007,train,q,5,silicon_die_lower,,,,336,0.5607856958289633,0.09069099506892211,1.5380859374999992e-10,56.120203031161395,3645997158.9133887
v6p1i_0007,train,q,6,silicon_die_upper,,,,336,0.6083442523468853,0.09838222693651845,1.50604248046875e-10,57.691658707139,4039356527.031963
v6p1i_0007,train,q,7,silicon_die_upper,,,,280,0.3782699325909894,0.06117430748767523,1.2550354003906232e-10,48.95377985923926,3014018030.6727195
v6p1i_0007,train,q,8,silicon_die_upper,,,,240,0.30218297574254294,0.048869425462909157,1.0757446289062487e-10,47.77140472408545,2809058652.2359314
v6p1i_0007,train,q,9,silicon_die_lower,,,,448,0.8938622349673294,0.14455656794862728,2.0507812499999995e-10,68.57862712344944,4358642517.1740265
v6p1i_0008,train,k,0,silicon_die_lower,262.96698629098216,262.96698629098216,262.96698629098216,280,,,,,
v6p1i_0008,train,k,1,silicon_die_lower,40.465930748044116,40.465930748044116,40.465930748044116,576,,,,,
v6p1i_0008,train,k,2,silicon_die_lower,322.7379263855051,322.7379263855051,322.7379263855051,616,,,,,
v6p1i_0008,train,k,3,silicon_die_lower,22.29425076510178,22.29425076510178,22.29425076510178,640,,,,,
v6p1i_0008,train,k,4,silicon_die_upper,57.258345040263514,57.258345040263514,57.258345040263514,336,,,,,
v6p1i_0008,train,q,0,silicon_die_lower,,,,240,0.6487177899427771,0.11881548234080945,1.0986328125000001e-10,85.22017983645149,5904773483.568032
v6p1i_0008,train,q,1,silicon_die_lower,,,,224,0.5656620832809692,0.1036034687330896,1.0253906250000005e-10,71.21445868292858,5516552126.47345
v6p1i_0008,train,q,2,silicon_die_lower,,,,280,0.5706771880550632,0.10452200696645025,1.2817382812500001e-10,66.85208687852551,4452369070.997216
v6p1i_0008,train,q,3,silicon_die_upper,,,,392,1.0919441096315061,0.19999430890667785,1.7570495605468733e-10,90.53188861708517,6214646041.581455
v6p1i_0008,train,q,4,silicon_die_lower,,,,512,1.0871991969366734,0.19912525752679924,2.3437499999999993e-10,66.66948282788682,4638716573.596475
v6p1i_0008,train,q,5,silicon_die_lower,,,,224,0.7560707496103881,0.13847764342436136,1.025390625e-10,90.33182517831992,7373489977.152738
v6p1i_0008,train,q,6,silicon_die_upper,,,,432,0.7396047940168508,0.1354618321018122,1.9363403320312477e-10,67.2391762106118,3819601243.5530643
v6p1i_0009,train,k,0,silicon_die_upper,125.0991251171231,125.0991251171231,125.0991251171231,240,,,,,
v6p1i_0009,train,k,1,silicon_die_lower,26.223293925375263,26.223293925375263,26.223293925375263,288,,,,,
v6p1i_0009,train,q,0,silicon_die_lower,,,,288,0.7240483995313579,0.18098479124003342,1.3183593750000003e-10,83.2226694401397,5492041193.482299
v6p1i_0009,train,q,1,silicon_die_upper,,,,280,0.6907286317404776,0.17265610600061843,1.2550354003906235e-10,81.81113364032005,5503658554.37617
v6p1i_0009,train,q,2,silicon_die_upper,,,,384,1.2849316674184936,0.32118445360277664,1.7211914062499988e-10,130.58461189193048,7465361857.795962
v6p1i_0009,train,q,3,silicon_die_lower,,,,200,0.4549587117056146,0.1137225184313236,9.155273437499989e-11,84.49422644050077,4969362355.056533
v6p1i_0009,train,q,4,silicon_die_lower,,,,240,0.8459361462370515,0.2114521307252478,1.0986328125000001e-10,125.83672563104982,7699898788.859917
v6p1i_0010,train,k,0,silicon_die_upper,119.24940277641535,119.24940277641535,119.24940277641535,640,,,,,
v6p1i_0010,train,k,1,silicon_die_lower,108.31828227973342,108.31828227973342,108.31828227973342,864,,,,,
v6p1i_0010,train,k,2,silicon_die_lower,25.041110730487354,25.041110730487354,25.041110730487354,560,,,,,
v6p1i_0010,train,q,0,silicon_die_upper,,,,512,0.45199672669764973,0.1448691386276688,2.2949218749999966e-10,29.740674527597356,1969551694.205932
v6p1i_0010,train,q,1,silicon_die_upper,,,,392,0.3006483380544933,0.09636057783429318,1.7570495605468725e-10,25.011155933441945,1711097653.7333305
v6p1i_0010,train,q,2,silicon_die_upper,,,,384,0.36707342899638357,0.11765043490543343,1.7211914062499988e-10,30.777954956027447,2132670588.8924656
v6p1i_0010,train,q,3,silicon_die_upper,,,,336,0.2553756176064587,0.08185025148180786,1.5060424804687477e-10,26.622935742550553,1695673401.7686832
v6p1i_0010,train,q,4,silicon_die_lower,,,,448,0.47550637315195216,0.1524041981316595,2.0507812500000008e-10,38.353061486940675,2318659648.131423
v6p1i_0010,train,q,5,silicon_die_upper,,,,336,0.36896753942567795,0.11825751484683555,1.5060424804687488e-10,32.699405312521016,2449914555.6029634
v6p1i_0010,train,q,6,silicon_die_lower,,,,280,0.16067501033991377,0.0514978294577462,1.2817382812499996e-10,22.185593222046926,1253571128.2900705
v6p1i_0010,train,q,7,silicon_die_upper,,,,280,0.16133278575566015,0.05170865257274052,1.2550354003906255e-10,22.410565093363864,1285483944.9584122
v6p1i_0010,train,q,8,silicon_die_upper,,,,280,0.30641240558780614,0.09820801488244091,1.2550354003906235e-10,36.411078754506434,2441464244.6933117
v6p1i_0010,train,q,9,silicon_die_upper,,,,224,0.27204638616792653,0.08719338725937413,1.0040283203124988e-10,36.45508302866701,2709548930.684081
v6p1i_0011,train,k,0,silicon_die_upper,41.0195216688088,41.0195216688088,41.0195216688088,392,,,,,
v6p1i_0011,train,k,1,silicon_die_upper,205.47693273826562,205.47693273826562,205.47693273826562,448,,,,,
v6p1i_0011,train,k,2,silicon_die_lower,373.18270393678637,373.18270393678637,373.18270393678637,864,,,,,
v6p1i_0011,train,q,0,silicon_die_lower,,,,200,1.337652520753115,0.21080785713239245,9.155273437499996e-11,194.52983917535767,14610732600.012695
v6p1i_0011,train,q,1,silicon_die_upper,,,,288,1.491763551690665,0.2350950435940288,1.2908935546874988e-10,178.49228068596966,11556053915.319092
v6p1i_0011,train,q,2,silicon_die_lower,,,,512,1.7694228069101465,0.2788528593927388,2.34375e-10,118.68154243287738,7549537309.483293
v6p1i_0011,train,q,3,silicon_die_lower,,,,240,1.7465248037133356,0.27524423988083996,1.0986328124999998e-10,221.07980729615468,15897256880.021832
v6p1i_0012,train,k,0,silicon_die_lower,70.57679521638931,70.57679521638931,70.57679521638931,640,,,,,
v6p1i_0012,train,k,1,silicon_die_upper,28.060632739585266,28.060632739585266,28.060632739585266,560,,,,,
v6p1i_0012,train,k,2,silicon_die_upper,111.70473773854326,111.70473773854326,111.70473773854326,560,,,,,
v6p1i_0012,train,k,3,silicon_die_upper,67.3540072694668,67.3540072694668,67.3540072694668,720,,,,,
v6p1i_0012,train,k,4,silicon_die_lower,89.85626419043754,89.85626419043754,89.85626419043754,576,,,,,
v6p1i_0012,train,k,5,silicon_die_upper,133.90078628173725,133.90078628173725,133.90078628173725,616,,,,,
v6p1i_0012,train,k,6,silicon_die_upper,95.7172627145103,95.7172627145103,95.7172627145103,288,,,,,
v6p1i_0012,train,q,0,silicon_die_lower,,,,192,0.47707329499157686,0.06620118267214524,8.789062499999997e-11,76.35823762238084,5428033934.126388
v6p1i_0012,train,q,1,silicon_die_lower,,,,320,0.8798984430674153,0.12209930460155101,1.46484375e-10,92.88555109710234,6006773371.340221
v6p1i_0012,train,q,2,silicon_die_upper,,,,448,1.4183428104272355,0.1968166578816261,2.0080566406249976e-10,118.7825311908483,7063260974.480199
v6p1i_0012,train,q,3,silicon_die_upper,,,,200,0.3896514912654283,0.054070076490430816,8.964538574218759e-11,65.81160337876376,4346587256.437632
v6p1i_0012,train,q,4,silicon_die_upper,,,,280,0.8174400509693618,0.1134322518276901,1.2550354003906245e-10,90.23068963049616,6513282818.276975
v6p1i_0012,train,q,5,silicon_die_upper,,,,384,0.8268932638815201,0.11474402903552464,1.7211914062499964e-10,86.63282805975238,4804191218.239309
v6p1i_0012,train,q,6,silicon_die_upper,,,,256,1.0104410973494171,0.14021408527226972,1.1474609374999986e-10,123.71591781168526,8805886669.66642
v6p1i_0012,train,q,7,silicon_die_upper,,,,192,0.6405809268547935,0.08889035584302624,8.605957031249982e-11,94.50241647390956,7443459507.5099
v6p1i_0012,train,q,8,silicon_die_lower,,,,224,0.7460951191315864,0.1035320563757361,1.0253906249999996e-10,98.97180604347307,7276203828.483284
v6p1i_0013,valid_iid,k,0,silicon_die_lower,231.55478594526875,231.55478594526875,231.55478594526875,880,,,,,
v6p1i_0013,valid_iid,k,1,silicon_die_lower,274.957458486845,274.957458486845,274.957458486845,480,,,,,
v6p1i_0013,valid_iid,k,2,silicon_die_lower,76.63716439515372,76.63716439515372,76.63716439515372,720,,,,,
v6p1i_0013,valid_iid,k,3,silicon_die_upper,152.9045397845209,152.9045397845209,152.9045397845209,432,,,,,
v6p1i_0013,valid_iid,q,0,silicon_die_upper,,,,512,1.6507981045981324,0.4923742328870742,2.2949218749999972e-10,122.50407741398159,7193264932.376552
v6p1i_0013,valid_iid,q,1,silicon_die_upper,,,,256,0.7216030212003094,0.21522846011444316,1.1474609375000004e-10,76.03982184225538,6288693563.481843
v6p1i_0013,valid_iid,q,2,silicon_die_lower,,,,512,0.9803293672628026,0.2923973069984826,2.343749999999998e-10,66.85741280489059,4182738633.654628
v6p1i_0014,valid_iid,k,0,silicon_die_upper,87.91029035097316,87.91029035097316,87.91029035097316,704,,,,,
v6p1i_0014,valid_iid,k,1,silicon_die_upper,22.737408676540777,22.737408676540777,22.737408676540777,336,,,,,
v6p1i_0014,valid_iid,k,2,silicon_die_lower,34.339281278522115,34.339281278522115,34.339281278522115,336,,,,,
v6p1i_0014,valid_iid,q,0,silicon_die_upper,,,,336,0.5227788283045893,0.1075985501676681,1.5060424804687493e-10,53.56182273954118,3471209046.7851653
v6p1i_0014,valid_iid,q,1,silicon_die_lower,,,,288,0.7191169309306376,0.14800893796731526,1.3183593749999998e-10,71.3835205799862,5454635090.910911
v6p1i_0014,valid_iid,q,2,silicon_die_upper,,,,224,0.4779161083113481,0.0983648869692068,1.0040283203124997e-10,69.50222851167842,4759986333.479106
v6p1i_0014,valid_iid,q,3,silicon_die_lower,,,,512,0.719517191430219,0.14809131974544507,2.3437499999999993e-10,46.46847970457708,3069940016.768935
v6p1i_0014,valid_iid,q,4,silicon_die_lower,,,,280,0.4496627569928276,0.09254977075818961,1.2817382812499996e-10,53.84843199086517,3508226005.0335665
v6p1i_0014,valid_iid,q,5,silicon_die_lower,,,,336,0.5625452113118902,0.11578328322366091,1.5380859374999987e-10,63.96378255212923,3657436802.4341335
v6p1i_0014,valid_iid,q,6,silicon_die_lower,,,,336,0.4918192995446062,0.10122644741964416,1.5380859374999997e-10,48.48075607966241,3197606112.5947733
v6p1i_0014,valid_iid,q,7,silicon_die_lower,,,,392,0.9152484358770626,0.18837680374887011,1.79443359375e-10,83.01963296967854,5100486521.567958
v6p1i_0015,train,k,0,silicon_die_lower,25.676735419887436,25.676735419887436,25.676735419887436,616,,,,,
v6p1i_0015,train,k,1,silicon_die_lower,132.55688463894927,132.55688463894927,132.55688463894927,704,,,,,
v6p1i_0015,train,k,2,silicon_die_upper,75.8813685115349,75.8813685115349,75.8813685115349,280,,,,,
v6p1i_0015,train,q,0,silicon_die_lower,,,,224,0.7461258785212974,0.1309998549547586,1.0253906249999995e-10,101.46538850044199,7276503805.7696085
v6p1i_0015,train,q,1,silicon_die_upper,,,,200,0.7341129856005515,0.12889071053890808,8.964538574218733e-11,98.37751437714589,8189077212.649844
v6p1i_0015,train,q,2,silicon_die_lower,,,,288,1.1259913124462584,0.19769411952726923,1.3183593749999993e-10,123.20141005637777,8540852621.814587
v6p1i_0015,train,q,3,silicon_die_upper,,,,200,0.7050815897972161,0.12379356976300003,8.96453857421874e-11,111.78024445766604,7865230139.395814
v6p1i_0015,train,q,4,silicon_die_upper,,,,280,1.1587897292610951,0.2034526489780966,1.2550354003906242e-10,131.4325754641867,9233123853.720995
v6p1i_0015,train,q,5,silicon_die_upper,,,,392,1.225522203949244,0.21516909623796746,1.7570495605468736e-10,110.87229657431261,6974886943.813957
v6p1i_0016,valid_iid,k,0,silicon_die_upper,190.4960445482239,190.4960445482239,190.4960445482239,1056,,,,,
v6p1i_0016,valid_iid,k,1,silicon_die_lower,129.58585796408929,129.58585796408929,129.58585796408929,1056,,,,,
v6p1i_0016,valid_iid,q,0,silicon_die_upper,,,,200,0.3825858356256877,0.054510669645780496,8.964538574218733e-11,68.2858401827035,4267769416.7770414
v6p1i_0016,valid_iid,q,1,silicon_die_upper,,,,288,0.7256961930028467,0.10339688968172223,1.2908935546874995e-10,70.29739377688831,5621657884.708579
v6p1i_0016,valid_iid,q,2,silicon_die_lower,,,,320,0.6680124293840174,0.09517813119734467,1.46484375e-10,78.31139486416455,4560298184.5948925
v6p1i_0016,valid_iid,q,3,silicon_die_upper,,,,280,0.5299390609702104,0.07550549548625972,1.255035400390623e-10,63.43921334180429,4222502893.585868
v6p1i_0016,valid_iid,q,4,silicon_die_lower,,,,200,0.37083166753194124,0.052835940698036446,9.155273437500008e-11,56.33496065611066,4050470693.895547
v6p1i_0016,valid_iid,q,5,silicon_die_upper,,,,320,0.8616960431254403,0.12277409137499527,1.4343261718749982e-10,86.53698206825871,6007671476.83712
v6p1i_0016,valid_iid,q,6,silicon_die_lower,,,,512,1.2382680979181453,0.1764279200460629,2.3437500000000013e-10,84.0699066700725,5283277217.784083
v6p1i_0016,valid_iid,q,7,silicon_die_upper,,,,384,0.6318768484694683,0.09002954876101388,1.721191406249998e-10,64.25148652025152,3671159675.646731
v6p1i_0016,valid_iid,q,8,silicon_die_lower,,,,512,0.7207719780990006,0.10269528960431894,2.3437500000000003e-10,46.915517884446125,3075293773.222402
v6p1i_0016,valid_iid,q,9,silicon_die_upper,,,,384,0.8888713906099848,0.12664602350446544,1.7211914062499995e-10,74.5844127063731,5164279738.919856
v6p1i_0017,train,k,0,silicon_die_lower,48.894352393186765,48.894352393186765,48.894352393186765,448,,,,,
v6p1i_0017,train,k,1,silicon_die_lower,29.934892011100597,29.934892011100597,29.934892011100597,480,,,,,
v6p1i_0017,train,k,2,silicon_die_lower,141.41983872946673,141.41983872946673,141.41983872946673,448,,,,,
v6p1i_0017,train,k,3,silicon_die_upper,68.0053541508664,68.0053541508664,68.0053541508664,448,,,,,
v6p1i_0017,train,q,0,silicon_die_lower,,,,336,1.3364025535292134,0.36390676509644326,1.5380859374999992e-10,109.20385556852203,8688737871.834383
v6p1i_0017,train,q,1,silicon_die_upper,,,,448,1.4554492465442135,0.39632356708182725,2.008056640624998e-10,112.75610785182836,7248048770.632345
v6p1i_0017,train,q,2,silicon_die_lower,,,,192,0.41431342580287017,0.1128188943681571,8.789062500000005e-11,61.34046140112502,4713966089.134875
v6p1i_0017,train,q,3,silicon_die_upper,,,,280,0.4662110026201349,0.1269507734535723,1.2550354003906237e-10,56.34039492915906,3714723923.1262236
v6p1i_0018,train,k,0,silicon_die_lower,129.7961362260388,129.7961362260388,129.7961362260388,616,,,,,
v6p1i_0018,train,k,1,silicon_die_upper,28.421543219446534,28.421543219446534,28.421543219446534,432,,,,,
v6p1i_0018,train,q,0,silicon_die_upper,,,,384,0.7383020548109874,0.15788269493642948,1.721191406249998e-10,58.85148366960369,4289482576.603983
v6p1i_0018,train,q,1,silicon_die_lower,,,,384,0.5830652696405566,0.12468598115747384,1.7578124999999997e-10,55.726329133522185,3316993533.955167
v6p1i_0018,train,q,2,silicon_die_upper,,,,320,0.6067624035996405,0.12975351056139453,1.4343261718749969e-10,60.03632491299413,4230295838.5432053
v6p1i_0018,train,q,3,silicon_die_upper,,,,336,0.7418326143258842,0.1586376897887573,1.5060424804687488e-10,82.23108016600479,4925708430.847132
v6p1i_0018,train,q,4,silicon_die_lower,,,,384,0.8020745153638491,0.17152015926312783,1.7578125000000018e-10,68.93605560840413,4562912798.514337
v6p1i_0018,train,q,5,silicon_die_upper,,,,280,0.6417596517956362,0.1372375204250234,1.2550354003906235e-10,71.09977358464694,5113478485.115972
v6p1i_0018,train,q,6,silicon_die_lower,,,,224,0.5624731418540585,0.1202824438677937,1.0253906249999997e-10,75.15301661344986,5485452354.84339
v6p1i_0019,train,k,0,silicon_die_upper,58.03963810394319,58.03963810394319,58.03963810394319,432,,,,,
v6p1i_0019,train,k,1,silicon_die_lower,253.80090656455303,253.80090656455303,253.80090656455303,792,,,,,
v6p1i_0019,train,k,2,silicon_die_lower,32.49022364499825,32.49022364499825,32.49022364499825,616,,,,,
v6p1i_0019,train,k,3,silicon_die_lower,329.0978622547973,329.0978622547973,329.0978622547973,432,,,,,
v6p1i_0019,train,k,4,silicon_die_lower,222.23295370680867,222.23295370680867,222.23295370680867,880,,,,,
v6p1i_0019,train,q,0,silicon_die_upper,,,,280,1.3550689801968387,0.22511024346990308,1.2550354003906237e-10,144.3131740773937,10797057834.186031
v6p1i_0019,train,q,1,silicon_die_upper,,,,224,1.055608100852685,0.17536243546600247,1.0040283203124994e-10,146.24857720025983,10513728343.08231
v6p1i_0019,train,q,2,silicon_die_lower,,,,336,1.1174413790132844,0.18563446183860297,1.5380859375000008e-10,100.96637056145777,7265142680.060969
v6p1i_0019,train,q,3,silicon_die_lower,,,,336,1.603322018583991,0.26635117122352725,1.5380859375000013e-10,141.00287550344422,10424138076.380985
v6p1i_0019,train,q,4,silicon_die_lower,,,,280,0.88813890303518,0.14754168800196435,1.2817382812499996e-10,116.49692730304061,6929175136.823044
v6p1i_0020,train,k,0,silicon_die_lower,40.382759156377986,40.382759156377986,40.382759156377986,560,,,,,
v6p1i_0020,train,k,1,silicon_die_upper,179.36529925200716,179.36529925200716,179.36529925200716,504,,,,,
v6p1i_0020,train,q,0,silicon_die_upper,,,,336,0.6033477715564207,0.12059992188521979,1.5060424804687488e-10,62.257455621990516,4006180299.566527
v6p1i_0020,train,q,1,silicon_die_lower,,,,200,0.4297487271045534,0.08590014807775789,9.155273437499995e-11,70.46407954077097,4694002096.587338
v6p1i_0020,train,q,2,silicon_die_lower,,,,256,0.6512879841612577,0.13018243162150298,1.171875000000001e-10,84.00833157819648,5557657464.842728
v6p1i_0020,train,q,3,silicon_die_lower,,,,280,0.7181597326182768,0.14354906363779513,1.2817382812499986e-10,85.99634288878288,5603013837.722791
v6p1i_0020,train,q,4,silicon_die_lower,,,,224,0.6260830327789894,0.12514435025098436,1.0253906250000005e-10,80.33674742088073,6105800243.482712
v6p1i_0020,train,q,5,silicon_die_upper,,,,392,1.0653925625165277,0.21295555544216058,1.7570495605468736e-10,83.97774381389112,6063531652.373705
v6p1i_0020,train,q,6,silicon_die_lower,,,,160,0.3042666595706514,0.060818216468817965,7.324218750000002e-11,56.99129133407939,4154254125.3379593
v6p1i_0020,train,q,7,silicon_die_lower,,,,280,0.6046004480667292,0.12085031261576137,1.2817382812499994e-10,62.49466673259373,4717035114.821569
v6p1i_0021,train,k,0,silicon_die_lower,22.367175444096073,22.367175444096073,22.367175444096073,448,,,,,
v6p1i_0021,train,k,1,silicon_die_lower,295.0109325974347,295.0109325974347,295.0109325974347,288,,,,,
v6p1i_0021,train,k,2,silicon_die_lower,30.99694972186011,30.99694972186011,30.99694972186011,720,,,,,
v6p1i_0021,train,k,3,silicon_die_lower,36.23442698837126,36.23442698837126,36.23442698837126,480,,,,,
v6p1i_0021,train,k,4,silicon_die_lower,66.87601160337782,66.87601160337782,66.87601160337782,880,,,,,
v6p1i_0021,train,k,5,silicon_die_upper,374.4661472734715,374.4661472734715,374.4661472734715,480,,,,,
v6p1i_0021,train,q,0,silicon_die_upper,,,,280,0.8758133762434667,0.20430882373740608,1.2550354003906247e-10,87.50905465254053,6978395796.412382
v6p1i_0021,train,q,1,silicon_die_upper,,,,384,0.6915098329523394,0.16131468690205056,1.7211914062499988e-10,55.204844628126246,4017623086.2025304
v6p1i_0021,train,q,2,silicon_die_upper,,,,336,0.666173659968505,0.15540429110227727,1.5060424804687488e-10,72.65883980673857,4423339106.352176
v6p1i_0021,train,q,3,silicon_die_upper,,,,224,0.3572907904589918,0.08334842000699483,1.0040283203124987e-10,49.31939886097569,3558572833.361781
v6p1i_0021,train,q,4,silicon_die_lower,,,,448,0.9896893068991922,0.2308736811321007,2.050781249999999e-10,83.21522723672402,4825913572.689397
v6p1i_0021,train,q,5,silicon_die_upper,,,,280,0.7062364520282943,0.1647500971191706,1.2550354003906235e-10,95.62036812251887,5627223358.070073
v6p1i_0022,train,k,0,silicon_die_lower,44.04378425644617,44.04378425644617,44.04378425644617,560,,,,,
v6p1i_0022,train,k,1,silicon_die_upper,123.03651263758918,123.03651263758918,123.03651263758918,432,,,,,
v6p1i_0022,train,k,2,silicon_die_upper,333.45394515997697,333.45394515997697,333.45394515997697,616,,,,,
v6p1i_0022,train,k,3,silicon_die_upper,66.69165196645672,66.69165196645672,66.69165196645672,448,,,,,
v6p1i_0022,train,k,4,silicon_die_lower,73.90128818926486,73.90128818926486,73.90128818926486,392,,,,,
v6p1i_0022,train,k,5,silicon_die_lower,65.38395800381215,65.38395800381215,65.38395800381215,560,,,,,
v6p1i_0022,train,k,6,silicon_die_upper,359.0396280589132,359.0396280589132,359.0396280589132,704,,,,,
v6p1i_0022,train,k,7,silicon_die_lower,21.447910019775605,21.447910019775605,21.447910019775605,384,,,,,
v6p1i_0022,train,q,0,silicon_die_lower,,,,448,0.47605261315112785,0.17913451932003854,2.05078125e-10,33.2222735464964,2321323218.413119
v6p1i_0022,train,q,1,silicon_die_lower,,,,320,0.2576461352021989,0.09695003306170218,1.4648437499999997e-10,22.68244152256706,1758864282.980345
v6p1i_0022,train,q,2,silicon_die_lower,,,,392,0.31139853785333277,0.11717660160729113,1.79443359375e-10,25.556569424149448,1735358382.3772123
v6p1i_0022,train,q,3,silicon_die_upper,,,,384,0.3353852615172527,0.12620260019420532,1.7211914062499983e-10,29.154803592059768,1948564583.22648
v6p1i_0022,train,q,4,silicon_die_upper,,,,288,0.23228456092646194,0.08740668996982982,1.290893554687499e-10,29.134049077692907,1799409099.8672128
v6p1i_0022,train,q,5,silicon_die_upper,,,,360,0.19676727195132857,0.0740418384547902,1.6136169433593736e-10,21.306780229413327,1219417487.905653
v6p1i_0022,train,q,6,silicon_die_lower,,,,288,0.28311688010779634,0.1065344561261735,1.3183593749999995e-10,34.19029578078055,2147493964.669508
v6p1i_0022,train,q,7,silicon_die_upper,,,,320,0.3507200557078274,0.13197295185348348,1.4343261718749987e-10,35.97799747059979,2445190379.8795953
v6p1i_0022,train,q,8,silicon_die_upper,,,,192,0.21414335444642169,0.080580309412486,8.605957031249994e-11,35.083878728204596,2488315403.723529
v6p1i_0023,train,k,0,silicon_die_upper,24.62580930168959,24.62580930168959,24.62580930168959,792,,,,,
v6p1i_0023,train,k,1,silicon_die_lower,344.12258694500713,344.12258694500713,344.12258694500713,400,,,,,
v6p1i_0023,train,q,0,silicon_die_upper,,,,160,1.8661766551624739,0.2815951420373452,7.171630859375001e-11,359.928681639612,26021649632.495293
v6p1i_0023,train,q,1,silicon_die_upper,,,,240,1.8669144591010873,0.28170647233628276,1.0757446289062477e-10,241.30574753319308,17354624963.354485
v6p1i_0023,train,q,2,silicon_die_lower,,,,240,2.894070993934247,0.43669838562637203,1.0986328125000006e-10,458.13841149123397,26342477313.677044
v6p1i_0024,train,k,0,silicon_die_lower,191.84649683867684,191.84649683867684,191.84649683867684,336,,,,,
v6p1i_0024,train,k,1,silicon_die_upper,72.86919808556243,72.86919808556243,72.86919808556243,720,,,,,
v6p1i_0024,train,k,2,silicon_die_upper,40.76241926213528,40.76241926213528,40.76241926213528,392,,,,,
v6p1i_0024,train,q,0,silicon_die_lower,,,,384,1.484113305910143,0.20189859564764878,1.7578124999999995e-10,121.92150205386073,8442955695.844372
v6p1i_0024,train,q,1,silicon_die_lower,,,,336,0.8652334152649375,0.11770624975448236,1.5380859375000003e-10,101.94120769330283,5625390585.595529
v6p1i_0024,train,q,2,silicon_die_upper,,,,192,0.9181353044155799,0.1249030163922373,8.605957031249999e-11,133.89783261848208,10668602005.350965
v6p1i_0024,train,q,3,silicon_die_upper,,,,392,1.4847120413152177,0.20198004754014762,1.757049560546873e-10,115.19721796168568,8450029382.512741
v6p1i_0024,train,q,4,silicon_die_lower,,,,240,1.1670812729377662,0.1587695960102603,1.0986328125000001e-10,136.09798794757148,10623033097.673532
v6p1i_0024,train,q,5,silicon_die_upper,,,,280,1.4315103412029004,0.19474249465522353,1.255035400390625e-10,150.9289723876872,11406135163.656326
v6p1i_0025,test_iid,k,0,silicon_die_upper,114.61736087107569,114.61736087107569,114.61736087107569,512,,,,,
v6p1i_0025,test_iid,k,1,silicon_die_lower,25.317702555716856,25.317702555716856,25.317702555716856,720,,,,,
v6p1i_0025,test_iid,q,0,silicon_die_upper,,,,240,0.24491310844663658,0.07692389768212086,1.0757446289062487e-10,34.06652397410249,2276684464.561531
v6p1i_0025,test_iid,q,1,silicon_die_upper,,,,320,0.48246804038727864,0.15153669155985947,1.4343261718749982e-10,44.22032473479495,3363726116.4702907
v6p1i_0025,test_iid,q,2,silicon_die_lower,,,,288,0.4287128634748928,0.13465291692272668,1.3183593750000003e-10,46.98682727635072,3251866460.728075
v6p1i_0025,test_iid,q,3,silicon_die_upper,,,,200,0.412558152877662,0.12957894063396294,8.964538574218743e-11,57.14067569219887,4602112528.849443
v6p1i_0025,test_iid,q,4,silicon_die_upper,,,,280,0.3376842695094136,0.10606206569079454,1.255035400390624e-10,49.241328889530585,2690635414.7804193
v6p1i_0025,test_iid,q,5,silicon_die_lower,,,,336,0.5269213309537581,0.16549886939859498,1.5380859374999982e-10,63.79895721465554,3425825034.264438
v6p1i_0025,test_iid,q,6,silicon_die_upper,,,,336,0.4186570921451844,0.13149453503868866,1.5060424804687493e-10,44.9681497769667,2779849158.138482
v6p1i_0025,test_iid,q,7,silicon_die_upper,,,,160,0.33192158089827994,0.10425208307325183,7.171630859374991e-11,53.95114601998479,4628258026.755256
v6p1i_0026,train,k,0,silicon_die_lower,61.44104508459583,61.44104508459583,61.44104508459583,968,,,,,
v6p1i_0026,train,k,1,silicon_die_lower,294.1671117283526,294.1671117283526,294.1671117283526,792,,,,,
v6p1i_0026,train,k,2,silicon_die_lower,35.69212424279406,35.69212424279406,35.69212424279406,576,,,,,
v6p1i_0026,train,k,3,silicon_die_upper,279.0593837243518,279.0593837243518,279.0593837243518,768,,,,,
v6p1i_0026,train,k,4,silicon_die_lower,201.82238009792636,201.82238009792636,201.82238009792636,640,,,,,
v6p1i_0026,train,q,0,silicon_die_lower,,,,320,2.034583654544824,0.43330084825774673,1.4648437499999994e-10,217.8774116680297,13889424415.026005
v6p1i_0026,train,q,1,silicon_die_lower,,,,200,1.4908298313882997,0.3174987811907009,9.155273437499999e-11,238.84531389341015,16283837304.97727
v6p1i_0026,train,q,2,silicon_die_upper,,,,240,1.1701315671764028,0.2492003705515524,1.07574462890625e-10,170.24862873561017,10877410267.584784
v6p1i_0027,train,k,0,silicon_die_upper,46.7771936395256,46.7771936395256,46.7771936395256,448,,,,,
v6p1i_0027,train,k,1,silicon_die_upper,27.227152572848976,27.227152572848976,27.227152572848976,880,,,,,
v6p1i_0027,train,k,2,silicon_die_lower,111.1711425856608,111.1711425856608,111.1711425856608,616,,,,,
v6p1i_0027,train,k,3,silicon_die_lower,180.46420272069437,180.46420272069437,180.46420272069437,240,,,,,
v6p1i_0027,train,k,4,silicon_die_upper,30.933541559900153,30.933541559900153,30.933541559900153,576,,,,,
v6p1i_0027,train,q,0,silicon_die_lower,,,,240,0.6081206726155385,0.10405905764843054,1.0986328125000006e-10,79.46318582637426,5535249500.073876
v6p1i_0027,train,q,1,silicon_die_upper,,,,504,0.7156876888782749,0.12246547408911997,2.2590637207031226e-10,55.75230449589691,3168072163.345267
v6p1i_0027,train,q,2,silicon_die_upper,,,,448,1.183124936514394,0.20245137440325403,2.0080566406249978e-10,80.4454918073132,5891890261.3531475
v6p1i_0027,train,q,3,silicon_die_upper,,,,128,0.33993434897489283,0.05816813933412109,5.737304687499993e-11,70.2404417799292,5924983376.17516
v6p1i_0027,train,q,4,silicon_die_upper,,,,200,0.44253062804928284,0.07572398408578597,8.96453857421873e-11,70.91948642045936,4936457402.525594
v6p1i_0027,train,q,5,silicon_die_lower,,,,240,0.4881032564355235,0.0835221810193614,1.0986328124999997e-10,64.68050918899291,4442824307.466455
v6p1i_0027,train,q,6,silicon_die_lower,,,,224,0.7017307884113988,0.12007722784840343,1.0253906249999992e-10,93.44996331526355,6843545974.602599
v6p1i_0027,train,q,7,silicon_die_upper,,,,320,0.627253273293733,0.1073329479905787,1.4343261718749992e-10,67.3786290929968,4373156438.146607
v6p1i_0027,train,q,8,silicon_die_lower,,,,320,0.7375099835513715,0.12619961358094486,1.4648437499999979e-10,84.25931256607436,5034734821.044037
v6p1i_0028,train,k,0,silicon_die_upper,254.82582918860538,254.82582918860538,254.82582918860538,560,,,,,
v6p1i_0028,train,k,1,silicon_die_upper,158.58573602584323,158.58573602584323,158.58573602584323,504,,,,,
v6p1i_0028,train,k,2,silicon_die_upper,156.54939567103895,156.54939567103895,156.54939567103895,528,,,,,
v6p1i_0028,train,k,3,silicon_die_lower,110.7294445565458,110.7294445565458,110.7294445565458,392,,,,,
v6p1i_0028,train,k,4,silicon_die_upper,83.18512211518981,83.18512211518981,83.18512211518981,616,,,,,
v6p1i_0028,train,k,5,silicon_die_upper,56.51835453965278,56.51835453965278,56.51835453965278,720,,,,,
v6p1i_0028,train,k,6,silicon_die_lower,29.732958999603174,29.732958999603174,29.732958999603174,640,,,,,
v6p1i_0028,train,q,0,silicon_die_lower,,,,280,0.778702920331438,0.13885717435616976,1.2817382812499996e-10,109.629431427958,6075366022.242992
v6p1i_0028,train,q,1,silicon_die_lower,,,,280,1.2586981812851556,0.22444923250848425,1.2817382812500001e-10,174.32675462536517,9820243334.369518
v6p1i_0028,train,q,2,silicon_die_lower,,,,200,0.7417393900967874,0.13226589130251454,9.155273437499994e-11,119.18520848133082,8101772111.5638485
v6p1i_0028,train,q,3,silicon_die_upper,,,,512,2.828801078047061,0.5044277018328315,2.2949218749999972e-10,189.7981466523345,12326350229.447636
v6p1i_0029,train,k,0,silicon_die_lower,91.74365266586237,91.74365266586237,91.74365266586237,800,,,,,
v6p1i_0029,train,k,1,silicon_die_upper,352.1914070303165,352.1914070303165,352.1914070303165,560,,,,,
v6p1i_0029,train,k,2,silicon_die_upper,62.32388414450055,62.32388414450055,62.32388414450055,280,,,,,
v6p1i_0029,train,k,3,silicon_die_lower,258.0383579257579,258.0383579257579,258.0383579257579,704,,,,,
v6p1i_0029,train,k,4,silicon_die_upper,244.88677439628768,244.88677439628768,244.88677439628768,320,,,,,
v6p1i_0029,train,k,5,silicon_die_upper,137.53982228335119,137.53982228335119,137.53982228335119,280,,,,,
v6p1i_0029,train,k,6,silicon_die_lower,243.61954061888542,243.61954061888542,243.61954061888542,704,,,,,
v6p1i_0029,train,q,0,silicon_die_upper,,,,256,0.27212504775627167,0.0709056349268832,1.1474609374999991e-10,32.71556536752265,2371540841.722744
v6p1i_0029,train,q,1,silicon_die_lower,,,,384,0.34482173626846935,0.08984767976450486,1.7578124999999995e-10,31.661008508839103,1961652544.1050706
v6p1i_0029,train,q,2,silicon_die_lower,,,,280,0.3738852939748294,0.09742055859133486,1.281738281249999e-10,50.671246381800096,2917017455.468385
v6p1i_0029,train,q,3,silicon_die_upper,,,,336,0.42160327002291487,0.10985408287369239,1.5060424804687488e-10,40.527029792156256,2799411540.4480014
v6p1i_0029,train,q,4,silicon_die_lower,,,,384,0.563636271055591,0.14686258393535348,1.7578124999999997e-10,44.331019628307516,3206464119.782918
v6p1i_0029,train,q,5,silicon_die_upper,,,,392,0.46917934370624104,0.12225063269392727,1.7570495605468738e-10,38.02703057320414,2670268125.8473496
v6p1i_0029,train,q,6,silicon_die_lower,,,,192,0.27869923868920843,0.0726186238122281,8.789062499999993e-11,40.42309969614069,3170978004.6416626
v6p1i_0029,train,q,7,silicon_die_lower,,,,336,0.3690277730260736,0.09615486985785726,1.5380859374999987e-10,37.54641145735758,2399266283.039363
v6p1i_0029,train,q,8,silicon_die_lower,,,,384,0.3962342194505646,0.10324385477026617,1.7578125000000002e-10,39.07279744861317,2254132448.429878
v6p1i_0029,train,q,9,silicon_die_lower,,,,384,0.3486357857891451,0.09084147877395257,1.7578124999999992e-10,32.67852955487288,1983350248.0449154
v6p1i_0030,valid_iid,k,0,silicon_die_lower,356.28813090494026,356.28813090494026,356.28813090494026,336,,,,,
v6p1i_0030,valid_iid,k,1,silicon_die_lower,164.0902391454179,164.0902391454179,164.0902391454179,880,,,,,
v6p1i_0030,valid_iid,k,2,silicon_die_upper,44.86472407893754,44.86472407893754,44.86472407893754,576,,,,,
v6p1i_0030,valid_iid,k,3,silicon_die_upper,45.58978510850797,45.58978510850797,45.58978510850797,432,,,,,
v6p1i_0030,valid_iid,q,0,silicon_die_upper,,,,240,0.8110370198235369,0.2748500961707285,1.0757446289062487e-10,96.58458248315824,7539308103.709983
v6p1i_0030,valid_iid,q,1,silicon_die_upper,,,,280,0.4369567093484235,0.14807905268367372,1.2550354003906227e-10,62.83704951694993,3481628559.7396154
v6p1i_0030,valid_iid,q,2,silicon_die_lower,,,,336,0.5940569163509776,0.20131830804157108,1.5380859374999982e-10,69.08792078511422,3862312903.76763
v6p1i_0030,valid_iid,q,3,silicon_die_lower,,,,392,0.7899975476848277,0.26772008755291743,1.79443359375e-10,69.30250911320213,4402489735.125244
v6p1i_0030,valid_iid,q,4,silicon_die_lower,,,,160,0.3187858473222598,0.10803245555110913,7.32421875e-11,66.43260578349741,4352489435.43992
v6p1i_0031,test_iid,k,0,silicon_die_upper,54.73891051901559,54.73891051901559,54.73891051901559,288,,,,,
v6p1i_0031,test_iid,k,1,silicon_die_lower,69.26156317410641,69.26156317410641,69.26156317410641,560,,,,,
v6p1i_0031,test_iid,k,2,silicon_die_upper,22.314663959511023,22.314663959511023,22.314663959511023,384,,,,,
v6p1i_0031,test_iid,k,3,silicon_die_lower,270.6679436522357,270.6679436522357,270.6679436522357,880,,,,,
v6p1i_0031,test_iid,k,4,silicon_die_lower,240.94873364106908,240.94873364106908,240.94873364106908,880,,,,,
v6p1i_0031,test_iid,k,5,silicon_die_upper,20.1185406628999,20.1185406628999,20.1185406628999,528,,,,,
v6p1i_0031,test_iid,k,6,silicon_die_lower,84.05798515307815,84.05798515307815,84.05798515307815,640,,,,,
v6p1i_0031,test_iid,k,7,silicon_die_lower,129.01506992256674,129.01506992256674,129.01506992256674,576,,,,,
v6p1i_0031,test_iid,q,0,silicon_die_lower,,,,448,1.0780773143196491,0.1661126683887759,2.0507812499999985e-10,82.00376651810805,5256910332.682484
v6p1i_0031,test_iid,q,1,silicon_die_upper,,,,448,1.1039600342866545,0.17010073828113978,2.008056640624998e-10,84.07710146824269,5497653860.715065
v6p1i_0031,test_iid,q,2,silicon_die_upper,,,,336,0.9309615040708353,0.1434447210365682,1.5060424804687485e-10,93.79837494274062,6181508929.157682
v6p1i_0031,test_iid,q,3,silicon_die_upper,,,,288,0.5613533266889476,0.08649463054888973,1.2908935546874985e-10,75.55651883914702,4348564021.026821
v6p1i_0031,test_iid,q,4,silicon_die_lower,,,,448,0.9284245688199995,0.1430538241329339,2.0507812499999995e-10,63.78781139436513,4527175040.3413315
v6p1i_0031,test_iid,q,5,silicon_die_upper,,,,512,0.959810080070604,0.14788977694757413,2.2949218749999972e-10,63.63394414526847,4182321370.179999
v6p1i_0031,test_iid,q,6,silicon_die_lower,,,,448,0.9274498725955247,0.1429036406641183,2.05078125e-10,66.76650758957088,4522422235.894368
v6p1i_0032,train,k,0,silicon_die_lower,157.63388846705365,157.63388846705365,157.63388846705365,504,,,,,
v6p1i_0032,train,k,1,silicon_die_lower,44.71369215593404,44.71369215593404,44.71369215593404,704,,,,,
v6p1i_0032,train,k,2,silicon_die_lower,62.22913407716755,62.22913407716755,62.22913407716755,448,,,,,
v6p1i_0032,train,k,3,silicon_die_upper,61.64057359847983,61.64057359847983,61.64057359847983,880,,,,,
v6p1i_0032,train,q,0,silicon_die_lower,,,,320,0.39322114081701287,0.114926753137558,1.46484375e-10,49.12443072520143,2684389654.644141
v6p1i_0032,train,q,1,silicon_die_upper,,,,224,0.39297602245988134,0.11485511238889172,1.0040283203124993e-10,56.18310421229641,3913993405.460608
v6p1i_0032,train,q,2,silicon_die_upper,,,,336,1.0165065362522248,0.297094392005078,1.5060424804687488e-10,94.94906243139012,6749521009.100897
v6p1i_0032,train,q,3,silicon_die_upper,,,,336,1.038157219425579,0.30342223774387433,1.5060424804687503e-10,96.42204831982177,6893279790.504025
v6p1i_0032,train,q,4,silicon_die_lower,,,,240,0.5806325982802235,0.16970150472459802,1.0986328124999979e-10,94.7254054556898,5285046939.012889
v6p1i_0033,train,k,0,silicon_die_lower,121.76226048680475,121.76226048680475,121.76226048680475,384,,,,,
v6p1i_0033,train,k,1,silicon_die_upper,48.404620426674015,48.404620426674015,48.404620426674015,792,,,,,
v6p1i_0033,train,k,2,silicon_die_lower,145.26364677775717,145.26364677775717,145.26364677775717,792,,,,,
v6p1i_0033,train,k,3,silicon_die_upper,142.15607034961937,142.15607034961937,142.15607034961937,576,,,,,
v6p1i_0033,train,q,0,silicon_die_upper,,,,336,1.4877709978239742,0.2045254386011585,1.5060424804687495e-10,132.58767615473525,9878678836.209929
v6p1i_0033,train,q,1,silicon_die_lower,,,,384,0.7550914407783462,0.10380321187538298,1.7578124999999992e-10,74.45415728115466,4295631307.539039
v6p1i_0033,train,q,2,silicon_die_upper,,,,240,0.9377260826869598,0.12891018754217454,1.0757446289062487e-10,139.59435131078843,8716995256.024492
v6p1i_0033,train,q,3,silicon_die_lower,,,,240,1.0514019740629128,0.14453733148841996,1.0986328125000001e-10,122.29958374323394,9570094412.803757
v6p1i_0033,train,q,4,silicon_die_upper,,,,392,1.0531460408279683,0.14477709017480006,1.7570495605468736e-10,89.43424458885269,5993832299.756994
v6p1i_0033,train,q,5,silicon_die_lower,,,,320,1.1732232241186533,0.16128422643060758,1.464843750000001e-10,127.746092439338,8009203876.650002
v6p1i_0033,train,q,6,silicon_die_lower,,,,224,0.8158991680746414,0.11216251388745639,1.0253906250000004e-10,113.14297024234385,7956959505.794595
v6p1i_0034,train,k,0,silicon_die_lower,310.0388401534705,310.0388401534705,310.0388401534705,560,,,,,
v6p1i_0034,train,k,1,silicon_die_lower,284.8530150427295,284.8530150427295,284.8530150427295,576,,,,,
v6p1i_0034,train,k,2,silicon_die_lower,307.63905223460216,307.63905223460216,307.63905223460216,704,,,,,
v6p1i_0034,train,k,3,silicon_die_upper,59.64279523947363,59.64279523947363,59.64279523947363,448,,,,,
v6p1i_0034,train,k,4,silicon_die_lower,162.56323993317847,162.56323993317847,162.56323993317847,616,,,,,
v6p1i_0034,train,k,5,silicon_die_upper,66.36747803888932,66.36747803888932,66.36747803888932,392,,,,,
v6p1i_0034,train,k,6,silicon_die_upper,82.42815590398855,82.42815590398855,82.42815590398855,560,,,,,
v6p1i_0034,train,q,0,silicon_die_upper,,,,240,0.9207448875230856,0.15974576874231236,1.07574462890625e-10,140.09308840542963,8559139992.725239
v6p1i_0034,train,q,1,silicon_die_upper,,,,504,2.6700859776297494,0.46324985659378815,2.2590637207031252e-10,193.22421033876023,11819436314.079247
v6p1i_0034,train,q,2,silicon_die_lower,,,,320,1.3135146209160091,0.22788983758243667,1.46484375e-10,141.1015171321565,8966926478.786623
v6p1i_0034,train,q,3,silicon_die_lower,,,,240,0.8594684463574289,0.1491145370814627,1.0986328125000001e-10,113.8781536232781,7823072791.733397
v6p1i_0035,test_iid,k,0,silicon_die_upper,337.6484557726021,337.6484557726021,337.6484557726021,504,,,,,
v6p1i_0035,test_iid,k,1,silicon_die_upper,30.089670304685125,30.089670304685125,30.089670304685125,560,,,,,
v6p1i_0035,test_iid,k,2,silicon_die_upper,211.84295536289216,211.84295536289216,211.84295536289216,720,,,,,
v6p1i_0035,test_iid,k,3,silicon_die_lower,90.0079788920374,90.0079788920374,90.0079788920374,504,,,,,
v6p1i_0035,test_iid,q,0,silicon_die_lower,,,,392,0.5016395607637988,0.10181241252903112,1.7944335937499996e-10,41.223878874360544,2795531484.2020683
v6p1i_0035,test_iid,q,1,silicon_die_lower,,,,192,0.40788601719303863,0.0827842592479162,8.789062500000009e-11,59.86589090510082,4640836462.285234
v6p1i_0035,test_iid,q,2,silicon_die_upper,,,,392,0.4995909700618749,0.10139663200061777,1.757049560546871e-10,42.52131391762163,2843351612.1558933
v6p1i_0035,test_iid,q,3,silicon_die_upper,,,,320,0.40903317866768557,0.0830170863341937,1.4343261718749966e-10,51.52453713232295,2851744510.3367558
v6p1i_0035,test_iid,q,4,silicon_die_lower,,,,256,0.5143058965768474,0.10438316313942121,1.1718750000000007e-10,64.78961573398628,4388743650.789096
v6p1i_0035,test_iid,q,5,silicon_die_lower,,,,392,0.674632299004006,0.1369228970438914,1.79443359375e-10,62.99105689703437,3759583532.952937
v6p1i_0035,test_iid,q,6,silicon_die_upper,,,,240,0.3617127157524713,0.07341295845390275,1.075744628906249e-10,43.5614654785123,3362440360.220423
v6p1i_0035,test_iid,q,7,silicon_die_lower,,,,448,0.4743856507368961,0.09628097811332592,2.050781249999998e-10,42.03525257784728,2313194792.1646767
v6p1i_0035,test_iid,q,8,silicon_die_lower,,,,280,0.371737937422274,0.07544767039485657,1.2817382812500001e-10,40.04343661513587,2900263984.1554937
v6p1i_0035,test_iid,q,9,silicon_die_upper,,,,336,0.7121720708542383,0.14454194274284335,1.5060424804687488e-10,63.920715500099,4728764826.292137
v6p1i_0036,train,k,0,silicon_die_upper,27.13942979354583,27.13942979354583,27.13942979354583,720,,,,,
v6p1i_0036,train,k,1,silicon_die_lower,116.45318365088578,116.45318365088578,116.45318365088578,432,,,,,
v6p1i_0036,train,k,2,silicon_die_lower,135.23608302408704,135.23608302408704,135.23608302408704,336,,,,,
v6p1i_0036,train,q,0,silicon_die_lower,,,,392,1.3956819432058711,0.35672028539443235,1.7944335937499986e-10,136.5579875771273,7777841142.001704
v6p1i_0036,train,q,1,silicon_die_upper,,,,320,0.9142706133101858,0.23367707499218165,1.4343261718749984e-10,107.21002572774103,6374216905.73366
v6p1i_0036,train,q,2,silicon_die_upper,,,,280,1.6025862038256466,0.40960263961338594,1.255035400390625e-10,201.5633503511742,12769250997.436789
v6p1i_0037,valid_iid,k,0,silicon_die_upper,209.24638902887872,209.24638902887872,209.24638902887872,576,,,,,
v6p1i_0037,valid_iid,k,1,silicon_die_upper,204.05787295987957,204.05787295987957,204.05787295987957,880,,,,,
v6p1i_0037,valid_iid,k,2,silicon_die_upper,40.03922290271392,40.03922290271392,40.03922290271392,880,,,,,
v6p1i_0037,valid_iid,k,3,silicon_die_upper,21.91727365597585,21.91727365597585,21.91727365597585,448,,,,,
v6p1i_0037,valid_iid,k,4,silicon_die_upper,85.66767611265868,85.66767611265868,85.66767611265868,392,,,,,
v6p1i_0037,valid_iid,k,5,silicon_die_lower,45.65713683573478,45.65713683573478,45.65713683573478,560,,,,,
v6p1i_0037,valid_iid,q,0,silicon_die_upper,,,,288,0.3442594401966532,0.06408260232570599,1.2908935546874988e-10,48.27941362693655,2666830575.9725637
v6p1i_0037,valid_iid,q,1,silicon_die_lower,,,,384,0.544669947011288,0.101388265760118,1.757812499999997e-10,48.70565405972935,3098566809.6642213
v6p1i_0037,valid_iid,q,2,silicon_die_lower,,,,320,0.9159065980693344,0.1704925746060572,1.4648437499999984e-10,86.90560943637232,6252589042.819996
v6p1i_0037,valid_iid,q,3,silicon_die_lower,,,,432,0.7329387248242103,0.13643379192503705,1.9775390625e-10,59.40203618132203,3706317304.790081
v6p1i_0037,valid_iid,q,4,silicon_die_lower,,,,192,0.45664321256939794,0.08500241962602843,8.789062499999997e-11,73.04915792840029,5195584996.345152
v6p1i_0037,valid_iid,q,5,silicon_die_upper,,,,384,0.7377904058675,0.13733691413638643,1.7211914062499975e-10,69.43939508638586,4286509932.5294814
v6p1i_0037,valid_iid,q,6,silicon_die_upper,,,,448,0.6959981105806463,0.1295574352712141,2.0080566406249976e-10,55.683392235713555,3466028280.776086
v6p1i_0037,valid_iid,q,7,silicon_die_lower,,,,240,0.42127940942179365,0.0784195804378338,1.0986328124999998e-10,57.8502208007643,3834578802.2037044
v6p1i_0037,valid_iid,q,8,silicon_die_lower,,,,224,0.5226343167252733,0.09728641591161907,1.025390625e-10,72.46538431946317,5096928955.492188
v6p1i_0038,train,k,0,silicon_die_lower,96.30521911422717,96.30521911422717,96.30521911422717,792,,,,,
v6p1i_0038,train,k,1,silicon_die_upper,20.531554201666175,20.531554201666175,20.531554201666175,616,,,,,
v6p1i_0038,train,k,2,silicon_die_upper,35.312995911734305,35.312995911734305,35.312995911734305,384,,,,,
v6p1i_0038,train,k,3,silicon_die_upper,92.65353655766357,92.65353655766357,92.65353655766357,704,,,,,
v6p1i_0038,train,k,4,silicon_die_lower,23.617255326610085,23.617255326610085,23.617255326610085,864,,,,,
v6p1i_0038,train,k,5,silicon_die_upper,186.49724425063792,186.49724425063792,186.49724425063792,360,,,,,
v6p1i_0038,train,k,6,silicon_die_upper,30.15228346205339,30.15228346205339,30.15228346205339,448,,,,,
v6p1i_0038,train,k,7,silicon_die_upper,91.85652800993608,91.85652800993608,91.85652800993608,392,,,,,
v6p1i_0038,train,q,0,silicon_die_lower,,,,384,1.0148603366375657,0.16217343246508503,1.7578125e-10,92.43539934795834,5773427692.871485
v6p1i_0038,train,q,1,silicon_die_lower,,,,392,0.9691539177314813,0.15486960299013933,1.79443359375e-10,82.35190745431578,5400890404.119928
v6p1i_0038,train,q,2,silicon_die_lower,,,,392,1.0656650365896845,0.17029196097501956,1.7944335937500004e-10,93.49567007747821,5938726516.831764
v6p1i_0038,train,q,3,silicon_die_lower,,,,336,0.8456654511648386,0.13513629805153637,1.5380859374999997e-10,87.38284025102399,5498167758.684412
v6p1i_0038,train,q,4,silicon_die_lower,,,,320,0.7391442145316243,0.11811433556902459,1.4648437499999994e-10,78.19417330231687,5045891171.202557
v6p1i_0038,train,q,5,silicon_die_upper,,,,448,1.6233815293509466,0.25941436994919514,2.0080566406249984e-10,125.75728700140967,8084341330.360465
v6p1i_0039,valid_iid,k,0,silicon_die_upper,70.59896629373308,70.59896629373308,70.59896629373308,384,,,,,
v6p1i_0039,valid_iid,k,1,silicon_die_lower,309.794752814797,309.794752814797,309.794752814797,384,,,,,
v6p1i_0039,valid_iid,q,0,silicon_die_lower,,,,320,0.34793754141473043,0.11476909515705015,1.4648437499999994e-10,34.18214474207117,2375253616.057894
v6p1i_0039,valid_iid,q,1,silicon_die_lower,,,,200,0.20307781733161018,0.06698632532393609,9.155273437500004e-11,33.66499762514737,2218151306.1074
v6p1i_0039,valid_iid,q,2,silicon_die_lower,,,,240,0.32786579894136086,0.10814832146149736,1.0986328124999994e-10,49.308606821372805,2984307361.0306997
v6p1i_0039,valid_iid,q,3,silicon_die_upper,,,,320,0.276481443479698,0.09119891164045757,1.4343261718750002e-10,31.425988818223313,1927605093.6048388
v6p1i_0039,valid_iid,q,4,silicon_die_upper,,,,384,0.6274791770938325,0.20697742788010837,1.7211914062499983e-10,50.65213999178452,3645609516.845873
v6p1i_0039,valid_iid,q,5,silicon_die_upper,,,,192,0.22631556749269466,0.07465142391786538,8.605957031249996e-11,34.174522572841234,2629754792.7661777
v6p1i_0039,valid_iid,q,6,silicon_die_lower,,,,392,0.6519327958535753,0.21504358736080056,1.7944335937500001e-10,56.48312597378957,3633083988.8656387
v6p1i_0039,valid_iid,q,7,silicon_die_upper,,,,240,0.370540812166354,0.12222490725828444,1.075744628906249e-10,55.864435500630805,3444505342.7140703
v6p1i_0040,train,k,0,silicon_die_upper,68.28443589662157,68.28443589662157,68.28443589662157,800,,,,,
v6p1i_0040,train,k,1,silicon_die_lower,25.735695177485223,25.735695177485223,25.735695177485223,864,,,,,
v6p1i_0040,train,k,2,silicon_die_lower,25.230372192758693,25.230372192758693,25.230372192758693,616,,,,,
v6p1i_0040,train,k,3,silicon_die_upper,48.28952567643991,48.28952567643991,48.28952567643991,1056,,,,,
v6p1i_0040,train,k,4,silicon_die_upper,33.353927457702966,33.353927457702966,33.353927457702966,640,,,,,
v6p1i_0040,train,q,0,silicon_die_upper,,,,240,0.4093407461079456,0.11896595645520505,1.0757446289062477e-10,59.13380876007787,3805185125.8057275
v6p1i_0040,train,q,1,silicon_die_lower,,,,448,0.487699419910229,0.141739195288829,2.05078125e-10,35.6489010921375,2378115266.6098785
v6p1i_0040,train,q,2,silicon_die_lower,,,,224,0.3964698238665844,0.11522530373625897,1.0253906249999992e-10,57.4352911748984,3866524758.4703116
v6p1i_0040,train,q,3,silicon_die_lower,,,,200,0.18776729519623664,0.05457046745631445,9.155273437499983e-11,38.41236371255892,2050919576.3300977
v6p1i_0040,train,q,4,silicon_die_upper,,,,200,0.3491798154479187,0.10148149460952796,8.964538574218728e-11,62.72601457946543,3895123129.3948693
v6p1i_0040,train,q,5,silicon_die_lower,,,,448,0.5588226549095283,0.1624096117043223,2.0507812500000003e-10,36.38752747424499,2724925707.7493186
v6p1i_0040,train,q,6,silicon_die_lower,,,,192,0.28457531543352504,0.08270560628519322,8.7890625e-11,42.885048479596115,3237834700.0436625
v6p1i_0040,train,q,7,silicon_die_lower,,,,392,0.47403919669961336,0.13776914946491794,1.7944335937500004e-10,39.16697902685038,2641720475.7573004
v6p1i_0040,train,q,8,silicon_die_lower,,,,288,0.29292828624932676,0.08513321499943105,1.3183593749999995e-10,36.29485304907497,2221915297.1800795
v6p1i_0041,train,k,0,silicon_die_lower,21.16972834999415,21.16972834999415,21.16972834999415,704,,,,,
v6p1i_0041,train,k,1,silicon_die_upper,302.5778458402819,302.5778458402819,302.5778458402819,288,,,,,
v6p1i_0041,train,k,2,silicon_die_lower,37.529933262048296,37.529933262048296,37.529933262048296,672,,,,,
v6p1i_0041,train,k,3,silicon_die_upper,23.106255113322515,23.106255113322515,23.106255113322515,800,,,,,
v6p1i_0041,train,q,0,silicon_die_lower,,,,280,1.80467543907248,0.2542248163081266,1.2817382812499996e-10,197.25128481147016,14079905901.792152
v6p1i_0041,train,q,1,silicon_die_lower,,,,288,2.6679491082629907,0.3758342676377215,1.3183593749999982e-10,349.0210412767109,20236888050.82449
v6p1i_0041,train,q,2,silicon_die_upper,,,,288,2.6261137476906535,0.369940916054152,1.2908935546874988e-10,279.06541097883286,20343379499.840996
v6p1i_0042,test_iid,k,0,silicon_die_lower,91.593775363595,91.593775363595,91.593775363595,768,,,,,
v6p1i_0042,test_iid,k,1,silicon_die_upper,241.9702325257436,241.9702325257436,241.9702325257436,448,,,,,
v6p1i_0042,test_iid,q,0,silicon_die_lower,,,,576,1.4833021659620136,0.24331989641068424,2.6367187499999985e-10,98.51951592447298,5625560807.204084
v6p1i_0042,test_iid,q,1,silicon_die_upper,,,,280,0.9170255136069337,0.15042825264943885,1.2550354003906237e-10,88.98140682647856,7306770098.449127
v6p1i_0042,test_iid,q,2,silicon_die_lower,,,,240,0.6306102897248304,0.10344489065843299,1.0986328124999998e-10,84.83306785401076,5739954992.695346
v6p1i_0042,test_iid,q,3,silicon_die_lower,,,,288,0.5056579668399555,0.08294779508458296,1.3183593749999995e-10,66.41740687441282,3835509318.845293
v6p1i_0042,test_iid,q,4,silicon_die_lower,,,,280,0.8097035489629133,0.13282322926377021,1.281738281250001e-10,79.69164807550798,6317229974.384934
v6p1i_0042,test_iid,q,5,silicon_die_lower,,,,280,0.500622165046417,0.08212172552244905,1.2817382812499994e-10,53.45314797967427,3905806453.390714
v6p1i_0042,test_iid,q,6,silicon_die_lower,,,,256,0.8641722718330126,0.1417582421765163,1.1718749999999996e-10,98.32305671168506,7374270052.975043
v6p1i_0042,test_iid,q,7,silicon_die_lower,,,,240,0.38500503188194185,0.06315596823412536,1.0986328124999994e-10,63.86212260214953,3504401356.8631883
v6p1i_0043,train,k,0,silicon_die_upper,65.77900077132867,65.77900077132867,65.77900077132867,640,,,,,
v6p1i_0043,train,k,1,silicon_die_lower,49.031931497951014,49.031931497951014,49.031931497951014,480,,,,,
v6p1i_0043,train,k,2,silicon_die_upper,44.00568684690336,44.00568684690336,44.00568684690336,288,,,,,
v6p1i_0043,train,k,3,silicon_die_upper,325.9978692114139,325.9978692114139,325.9978692114139,616,,,,,
v6p1i_0043,train,k,4,silicon_die_upper,34.27528667243014,34.27528667243014,34.27528667243014,576,,,,,
v6p1i_0043,train,k,5,silicon_die_upper,142.9451835432267,142.9451835432267,142.9451835432267,448,,,,,
v6p1i_0043,train,k,6,silicon_die_upper,200.16628327826433,200.16628327826433,200.16628327826433,960,,,,,
v6p1i_0043,train,k,7,silicon_die_lower,22.586849814351794,22.586849814351794,22.586849814351794,392,,,,,
v6p1i_0043,train,q,0,silicon_die_upper,,,,240,0.38858571160927813,0.08754661483746139,1.075744628906249e-10,56.61923118938209,3612248680.2873297
v6p1i_0043,train,q,1,silicon_die_lower,,,,192,0.5442337839249215,0.12261342617434436,8.789062500000006e-11,80.2813183407197,6192171052.65688
v6p1i_0043,train,q,2,silicon_die_upper,,,,448,0.8257744035962099,0.1860432627717484,2.0080566406249984e-10,58.801951161913074,4112306330.8572383
v6p1i_0043,train,q,3,silicon_die_lower,,,,448,1.0667109393547403,0.24032518170533348,2.0507812499999995e-10,81.63588093649689,5201485723.3297825
v6p1i_0043,train,q,4,silicon_die_upper,,,,384,0.998102272673627,0.22486795737361984,1.721191406249999e-10,84.77888320006504,5798903416.838551
v6p1i_0043,train,q,5,silicon_die_upper,,,,288,0.6152078179361337,0.1386035571374925,1.2908935546874975e-10,66.35425019975519,4765751720.598409
v6p1i_0044,train,k,0,silicon_die_upper,39.50106928867906,39.50106928867906,39.50106928867906,480,,,,,
v6p1i_0044,train,k,1,silicon_die_upper,45.95443122436074,45.95443122436074,45.95443122436074,432,,,,,
v6p1i_0044,train,k,2,silicon_die_lower,62.552050224453716,62.552050224453716,62.552050224453716,648,,,,,
v6p1i_0044,train,q,0,silicon_die_upper,,,,200,0.3413200404051052,0.08115231073020544,8.96453857421874e-11,59.83182184583036,3807446837.104511
v6p1i_0044,train,q,1,silicon_die_upper,,,,384,0.7809163981278301,0.1856708153437644,1.721191406249999e-10,63.978162450026964,4537068888.980984
v6p1i_0044,train,q,2,silicon_die_upper,,,,240,0.7031538740078908,0.1671819844123708,1.0757446289062487e-10,117.17074155089574,6536438622.266834
v6p1i_0044,train,q,3,silicon_die_lower,,,,240,0.5815009755759908,0.13825777063617908,1.0986328125000002e-10,80.80521881851499,5292951102.131684
v6p1i_0044,train,q,4,silicon_die_lower,,,,392,0.9418287694390803,0.22392936805425287,1.79443359375e-10,73.52372900424214,5248613115.132617
v6p1i_0044,train,q,5,silicon_die_upper,,,,192,0.3924983710524412,0.09332047931010018,8.605957031249993e-11,65.03155174401994,4560775398.101562
v6p1i_0044,train,q,6,silicon_die_upper,,,,200,0.46470050745054087,0.1104872715131273,8.964538574218738e-11,61.07763848818344,5183763822.345308
v6p1i_0045,train,k,0,silicon_die_upper,34.793869331134744,34.793869331134744,34.793869331134744,440,,,,,
v6p1i_0045,train,k,1,silicon_die_upper,51.596242271968116,51.596242271968116,51.596242271968116,384,,,,,
v6p1i_0045,train,k,2,silicon_die_lower,21.634464047484997,21.634464047484997,21.634464047484997,720,,,,,
v6p1i_0045,train,q,0,silicon_die_lower,,,,448,1.3639081732620093,0.26053413211041976,2.0507812500000018e-10,94.61756177028543,6650676044.858554
v6p1i_0045,train,q,1,silicon_die_lower,,,,240,0.6180040513876544,0.11805131190314762,1.0986328124999998e-10,107.70925816087043,5625210209.964072
v6p1i_0045,train,q,2,silicon_die_lower,,,,448,1.676594669482364,0.32026359668322896,2.0507812499999995e-10,112.06075126210766,8175394959.761624
v6p1i_0045,train,q,3,silicon_die_upper,,,,392,1.0670892687501672,0.20383569947619956,1.757049560546873e-10,97.02123738219575,6073188216.83118
v6p1i_0045,train,q,4,silicon_die_upper,,,,200,0.5094498643460418,0.09731525982700417,8.964538574218743e-11,92.43320319511746,5682945754.856548
v6p1i_0046,test_iid,k,0,silicon_die_lower,79.26104004114595,79.26104004114595,79.26104004114595,880,,,,,
v6p1i_0046,test_iid,k,1,silicon_die_lower,27.35303957476519,27.35303957476519,27.35303957476519,528,,,,,
v6p1i_0046,test_iid,k,2,silicon_die_lower,26.79843657647516,26.79843657647516,26.79843657647516,616,,,,,
v6p1i_0046,test_iid,k,3,silicon_die_upper,278.8702528652731,278.8702528652731,278.8702528652731,648,,,,,
v6p1i_0046,test_iid,k,4,silicon_die_lower,65.88400236086882,65.88400236086882,65.88400236086882,800,,,,,
v6p1i_0046,test_iid,k,5,silicon_die_upper,323.66208828529375,323.66208828529375,323.66208828529375,528,,,,,
v6p1i_0046,test_iid,k,6,silicon_die_lower,362.6020411687324,362.6020411687324,362.6020411687324,576,,,,,
v6p1i_0046,test_iid,k,7,silicon_die_lower,231.6059699473936,231.6059699473936,231.6059699473936,560,,,,,
v6p1i_0046,test_iid,q,0,silicon_die_lower,,,,392,0.7864296538061024,0.11458993447077687,1.79443359375e-10,82.40555632003594,4382606614.952103
v6p1i_0046,test_iid,q,1,silicon_die_upper,,,,384,1.108077736412501,0.16145697786129182,1.7211914062499988e-10,93.04217345769602,6437853061.48313
v6p1i_0046,test_iid,q,2,silicon_die_upper,,,,320,0.7714785121933823,0.11241141751204668,1.4343261718749976e-10,86.37775455502093,5378682529.266551
v6p1i_0046,test_iid,q,3,silicon_die_upper,,,,240,0.6266715688738657,0.0913117322883406,1.075744628906249e-10,85.4736492688521,5825467792.58407
v6p1i_0046,test_iid,q,4,silicon_die_upper,,,,320,0.7942696265211173,0.115732289613819,1.434326171874999e-10,75.87662766019255,5537580238.690211
v6p1i_0046,test_iid,q,5,silicon_die_upper,,,,224,0.4665364553948689,0.0679785936265158,1.0040283203124988e-10,63.400535231147465,4646646373.975405
v6p1i_0046,test_iid,q,6,silicon_die_lower,,,,336,0.8711161187742501,0.1269295206299407,1.5380859374999997e-10,93.23034901644807,5663637496.030681
v6p1i_0046,test_iid,q,7,silicon_die_lower,,,,432,0.5925588296928845,0.0863411967439992,1.9775390624999986e-10,52.534198589934526,2996445637.5580945
v6p1i_0046,test_iid,q,8,silicon_die_lower,,,,240,0.3568995365383609,0.052003500003656736,1.0986328124999996e-10,49.47549124427007,3248578892.5802817
v6p1i_0046,test_iid,q,9,silicon_die_upper,,,,384,0.48895265498187124,0.07124483724961267,1.721191406249997e-10,44.92910655999863,2840780247.951416
v6p1i_0047,train,k,0,silicon_die_lower,49.555145740537945,49.555145740537945,49.555145740537945,704,,,,,
v6p1i_0047,train,k,1,silicon_die_upper,274.71209735580794,274.71209735580794,274.71209735580794,880,,,,,
v6p1i_0047,train,k,2,silicon_die_upper,123.62628165708531,123.62628165708531,123.62628165708531,392,,,,,
v6p1i_0047,train,q,0,silicon_die_upper,,,,224,0.5313556420293525,0.20572681272457502,1.0040283203124992e-10,67.29445610035162,5292237592.102686
v6p1i_0047,train,q,1,silicon_die_lower,,,,280,0.5111947130316927,0.19792103569656733,1.281738281249999e-10,58.122193448959294,3988292465.8625045
v6p1i_0047,train,q,2,silicon_die_lower,,,,336,0.4460781053285674,0.17270961212527028,1.5380859374999995e-10,48.90633228354784,2900215745.1203375
v6p1i_0047,train,q,3,silicon_die_lower,,,,512,1.0941930736256256,0.4236425394535873,2.3437500000000003e-10,73.81206688655436,4668557114.136002
v6p1i_0048,train,k,0,silicon_die_lower,91.82530391832093,91.82530391832093,91.82530391832093,560,,,,,
v6p1i_0048,train,k,1,silicon_die_upper,84.96462107190705,84.96462107190705,84.96462107190705,392,,,,,
v6p1i_0048,train,q,0,silicon_die_lower,,,,128,0.2552331089237105,0.06771818472348265,5.859374999999993e-11,52.94350784383238,4355978392.297997
v6p1i_0048,train,q,1,silicon_die_upper,,,,392,0.49907349439217896,0.13241366383209058,1.7570495605468736e-10,49.60377308425873,2840406472.2957764
v6p1i_0048,train,q,2,silicon_die_upper,,,,336,0.5235441935853976,0.138906204456099,1.5060424804687488e-10,44.272156448200754,3476291010.2140474
v6p1i_0048,train,q,3,silicon_die_upper,,,,280,0.3686919230814041,0.0978209600571268,1.2550354003906222e-10,50.871572457504755,2937701382.500055
v6p1i_0048,train,q,4,silicon_die_lower,,,,384,0.6177392062833845,0.16389792789202548,1.7578124999999982e-10,57.659538859156285,3514249706.856591
v6p1i_0048,train,q,5,silicon_die_lower,,,,288,0.482792118171004,0.12809390591687592,1.3183593750000003e-10,55.951542487321944,3662067622.2748737
v6p1i_0048,train,q,6,silicon_die_upper,,,,392,0.5992470799932559,0.15899161605291687,1.757049560546873e-10,49.647772339421735,3410530319.968568
v6p1i_0048,train,q,7,silicon_die_lower,,,,320,0.42272717427875883,0.11215753706938264,1.4648437499999994e-10,42.10984456603968,2885817509.742995
v6p1i_0049,train,k,0,silicon_die_lower,196.25882065457796,196.25882065457796,196.25882065457796,640,,,,,
v6p1i_0049,train,k,1,silicon_die_lower,53.457481146478926,53.457481146478926,53.457481146478926,448,,,,,
v6p1i_0049,train,k,2,silicon_die_upper,195.14811811030071,195.14811811030071,195.14811811030071,512,,,,,
v6p1i_0049,train,k,3,silicon_die_lower,25.866316260464053,25.866316260464053,25.866316260464053,720,,,,,
v6p1i_0049,train,k,4,silicon_die_lower,162.30795841208896,162.30795841208896,162.30795841208896,704,,,,,
v6p1i_0049,train,k,5,silicon_die_lower,116.78380481656879,116.78380481656879,116.78380481656879,448,,,,,
v6p1i_0049,train,k,6,silicon_die_lower,23.574990144409817,23.574990144409817,23.574990144409817,288,,,,,
v6p1i_0049,train,q,0,silicon_die_upper,,,,512,1.7940409070081402,0.3238304812812654,2.2949218749999982e-10,132.76754164691408,7817437824.580157
v6p1i_0049,train,q,1,silicon_die_lower,,,,280,0.8051739943259717,0.14533664259226126,1.2817382812499996e-10,83.81766620408183,6281890820.493678
v6p1i_0049,train,q,2,silicon_die_lower,,,,200,0.5681852193787323,0.1025593632394701,9.155273437499989e-11,89.2658311342673,6206097756.200775
v6p1i_0049,train,q,3,silicon_die_lower,,,,256,0.7777263403971388,0.14038224776932579,1.171875e-10,88.41205242291458,6636598104.722252
v6p1i_0049,train,q,4,silicon_die_upper,,,,280,0.7157532845969379,0.12919590056405622,1.2550354003906242e-10,76.04005288996603,5703052554.327654
v6p1i_0049,train,q,5,silicon_die_upper,,,,288,0.8791821407154152,0.15869536455362124,1.2908935546875e-10,95.84892259963992,6810647845.617665
v6p1i_0050,train,k,0,silicon_die_upper,185.91188278854406,185.91188278854406,185.91188278854406,280,,,,,
v6p1i_0050,train,k,1,silicon_die_upper,47.1374333687278,47.1374333687278,47.1374333687278,392,,,,,
v6p1i_0050,train,k,2,silicon_die_lower,42.79155182304218,42.79155182304218,42.79155182304218,480,,,,,
v6p1i_0050,train,q,0,silicon_die_upper,,,,384,0.6107186820119717,0.09509959930548056,1.7211914062499985e-10,56.5246536417347,3548232229.1078553
v6p1i_0050,train,q,1,silicon_die_upper,,,,160,0.2997388127735411,0.04667458492862257,7.171630859374991e-11,59.630998971982955,4179506985.9418755
v6p1i_0050,train,q,2,silicon_die_lower,,,,320,0.9053783505081971,0.14098327247748854,1.4648437499999984e-10,87.0939251557473,6180716206.135966
v6p1i_0050,train,q,3,silicon_die_upper,,,,192,0.6309154603249592,0.09824459156034182,8.605957031249995e-11,90.60334684448782,7331148157.421373
v6p1i_0050,train,q,4,silicon_die_lower,,,,200,0.40572942030846604,0.06317917960306259,9.155273437499999e-11,75.51475593725596,4431647214.889273
v6p1i_0050,train,q,5,silicon_die_lower,,,,448,1.5763665175661437,0.24546788659754376,2.0507812499999992e-10,103.95910383871008,7686663399.94158
v6p1i_0050,train,q,6,silicon_die_upper,,,,192,0.4278216757918293,0.06661933086436127,8.605957031249976e-11,53.661847991344324,4971227188.775426
v6p1i_0050,train,q,7,silicon_die_lower,,,,128,0.3132099088602328,0.048772270618913774,5.859375e-11,60.510458288579635,5345449111.214641
v6p1i_0050,train,q,8,silicon_die_upper,,,,384,1.2520060848521437,0.19495928404418514,1.7211914062499985e-10,107.63008271029946,7274066558.2331705
v6p1i_0051,train,k,0,silicon_die_lower,33.206942504035055,33.206942504035055,33.206942504035055,800,,,,,
v6p1i_0051,train,k,1,silicon_die_upper,43.539122614497046,43.539122614497046,43.539122614497046,1056,,,,,
v6p1i_0051,train,q,0,silicon_die_lower,,,,384,0.7774261878039012,0.26971650128018115,1.7578125e-10,70.44066105978975,4422691201.72886
v6p1i_0051,train,q,1,silicon_die_lower,,,,448,1.3876080263282475,0.48141005265950265,2.05078125e-10,93.4204865892474,6766241042.667264
v6p1i_0051,train,q,2,silicon_die_upper,,,,320,0.7173485252031496,0.2488734460603161,1.434326171875e-10,71.74368164419104,5001292866.778044
v6p1i_0052,test_iid,k,0,silicon_die_lower,118.1800053739204,118.1800053739204,118.1800053739204,448,,,,,
v6p1i_0052,test_iid,k,1,silicon_die_upper,164.22040785508037,164.22040785508037,164.22040785508037,704,,,,,
v6p1i_0052,test_iid,q,0,silicon_die_lower,,,,288,0.28707399394056804,0.08773818417041583,1.3183593750000003e-10,32.69071787763807,2177509405.889938
v6p1i_0052,test_iid,q,1,silicon_die_upper,,,,336,0.21659129889371656,0.06619661715502059,1.5060424804687462e-10,24.494637238277523,1438148669.1285355
v6p1i_0052,test_iid,q,2,silicon_die_lower,,,,360,0.3340321655994184,0.10208997081871518,1.6479492187499987e-10,34.08951718393815,2026956667.104028
v6p1i_0052,test_iid,q,3,silicon_die_upper,,,,280,0.45985164179342863,0.14054407187818183,1.255035400390624e-10,46.60000412048252,3664053154.5986824
v6p1i_0052,test_iid,q,4,silicon_die_upper,,,,256,0.2885596721698938,0.08819225076249294,1.1474609374999986e-10,35.284374577769015,2514766845.1231627
v6p1i_0052,test_iid,q,5,silicon_die_upper,,,,336,0.2934257617429848,0.08967946964043139,1.5060424804687485e-10,27.06465088831159,1948323274.7303212
v6p1i_0052,test_iid,q,6,silicon_die_lower,,,,288,0.22780351544649727,0.06962339750305212,1.3183593749999998e-10,28.660557618550737,1727931850.497876
v6p1i_0052,test_iid,q,7,silicon_die_upper,,,,280,0.2938816310483329,0.0898187965941594,1.2550354003906224e-10,39.66388085479047,2341620251.96153
v6p1i_0052,test_iid,q,8,silicon_die_lower,,,,288,0.32587214325422226,0.09959603002829392,1.3183593749999982e-10,37.01148807232724,2471800553.2764745
v6p1i_0052,test_iid,q,9,silicon_die_upper,,,,448,0.5448472600447675,0.1665212114492368,2.0080566406249994e-10,37.63001968787842,2713306233.6089582
v6p1i_0053,train,k,0,silicon_die_upper,57.33624770581504,57.33624770581504,57.33624770581504,800,,,,,
v6p1i_0053,train,k,1,silicon_die_lower,140.74284260928982,140.74284260928982,140.74284260928982,720,,,,,
v6p1i_0053,train,k,2,silicon_die_upper,356.41657525761116,356.41657525761116,356.41657525761116,336,,,,,
v6p1i_0053,train,q,0,silicon_die_lower,,,,320,2.0548857370006908,0.276247137345516,1.46484375e-10,190.35061407631218,14028019964.591383
v6p1i_0053,train,q,1,silicon_die_lower,,,,336,2.2666867200720544,0.30472045545118864,1.5380859374999995e-10,236.48520819798355,14737061595.897045
v6p1i_0053,train,q,2,silicon_die_upper,,,,384,2.0373203681036447,0.27388574917348585,1.7211914062499983e-10,179.93529046126736,11836686847.875938
v6p1i_0053,train,q,3,silicon_die_lower,,,,240,1.0796846628883758,0.1451466580298095,1.0986328124999998e-10,146.59266842477356,9827529731.535086
v6p1i_0054,train,k,0,silicon_die_upper,36.26755104699582,36.26755104699582,36.26755104699582,720,,,,,
v6p1i_0054,train,k,1,silicon_die_lower,36.262242397128546,36.262242397128546,36.262242397128546,704,,,,,
v6p1i_0054,train,k,2,silicon_die_lower,29.76176952914091,29.76176952914091,29.76176952914091,720,,,,,
v6p1i_0054,train,k,3,silicon_die_lower,391.6786908752709,391.6786908752709,391.6786908752709,720,,,,,
v6p1i_0054,train,q,0,silicon_die_upper,,,,336,1.0365339214256744,0.1747522228611613,1.50604248046875e-10,81.89469841747358,6882501223.358966
v6p1i_0054,train,q,1,silicon_die_upper,,,,200,0.6294589225758344,0.1061222827793449,8.964538574218743e-11,107.59058725324856,7021654459.562538
v6p1i_0054,train,q,2,silicon_die_upper,,,,336,1.1976833080887943,0.20192085955503755,1.5060424804687482e-10,108.56603701464167,7952520089.04836
v6p1i_0054,train,q,3,silicon_die_lower,,,,336,0.9784018158299818,0.16495156466516664,1.538085937500001e-10,93.36798954624413,6361164821.650163
v6p1i_0054,train,q,4,silicon_die_upper,,,,360,0.5870853112315851,0.09897839426783568,1.613616943359373e-10,57.473274194828505,3638318955.7326913
v6p1i_0054,train,q,5,silicon_die_upper,,,,160,0.35800969804235705,0.06035788047602375,7.171630859375002e-11,69.37261304474148,4992026291.681682
v6p1i_0054,train,q,6,silicon_die_upper,,,,336,1.1442761595025297,0.19291679539543027,1.5060424804687488e-10,109.84050149320248,7597900951.282456
v6p1i_0055,test_iid,k,0,silicon_die_lower,81.28973815886938,81.28973815886938,81.28973815886938,432,,,,,
v6p1i_0055,test_iid,k,1,silicon_die_lower,20.554686140650592,20.554686140650592,20.554686140650592,528,,,,,
v6p1i_0055,test_iid,k,2,silicon_die_upper,159.20133584809577,159.20133584809577,159.20133584809577,528,,,,,
v6p1i_0055,test_iid,k,3,silicon_die_upper,133.1085629223886,133.1085629223886,133.1085629223886,432,,,,,
v6p1i_0055,test_iid,k,4,silicon_die_lower,85.75508896875161,85.75508896875161,85.75508896875161,720,,,,,
v6p1i_0055,test_iid,k,5,silicon_die_upper,28.38399565903664,28.38399565903664,28.38399565903664,640,,,,,
v6p1i_0055,test_iid,k,6,silicon_die_lower,77.04733977675518,77.04733977675518,77.04733977675518,336,,,,,
v6p1i_0055,test_iid,k,7,silicon_die_lower,24.040447988707406,24.040447988707406,24.040447988707406,704,,,,,
v6p1i_0055,test_iid,q,0,silicon_die_lower,,,,200,0.7266650453840736,0.1518977354295106,9.155273437500004e-11,116.18309554471027,7937120069.048438
v6p1i_0055,test_iid,q,1,silicon_die_lower,,,,512,1.4871793206937174,0.3108711123865552,2.3437499999999993e-10,99.157835734228,6345298434.959863
v6p1i_0055,test_iid,q,2,silicon_die_lower,,,,240,0.4945877652017181,0.10338568227893193,1.0986328125000006e-10,78.12773993409917,4501847747.258303
v6p1i_0055,test_iid,q,3,silicon_die_lower,,,,336,1.5213006903317468,0.31800364037960116,1.5380859374999982e-10,143.1397727612361,9890869250.156893
v6p1i_0055,test_iid,q,4,silicon_die_upper,,,,240,0.5541768484660085,0.11584182952540113,1.0757446289062489e-10,91.63922113293302,5151565098.023882
v6p1i_0056,train,k,0,silicon_die_lower,85.26614094784854,85.26614094784854,85.26614094784854,792,,,,,
v6p1i_0056,train,k,1,silicon_die_lower,69.07173218504494,69.07173218504494,69.07173218504494,792,,,,,
v6p1i_0056,train,k,2,silicon_die_lower,394.3997649851449,394.3997649851449,394.3997649851449,640,,,,,
v6p1i_0056,train,k,3,silicon_die_lower,44.07825983545428,44.07825983545428,44.07825983545428,432,,,,,
v6p1i_0056,train,k,4,silicon_die_upper,94.33568785076596,94.33568785076596,94.33568785076596,792,,,,,
v6p1i_0056,train,k,5,silicon_die_lower,85.26447286585126,85.26447286585126,85.26447286585126,384,,,,,
v6p1i_0056,train,q,0,silicon_die_upper,,,,448,1.2652661097272853,0.2892234443437042,2.0080566406249973e-10,105.73569415733668,6300948310.568957
v6p1i_0056,train,q,1,silicon_die_upper,,,,240,0.984780099166173,0.22510797532019994,1.0757446289062485e-10,118.04017067264391,9154404053.752398
v6p1i_0056,train,q,2,silicon_die_upper,,,,280,0.9113836368553324,0.20833049470249837,1.2550354003906235e-10,105.91130114754561,7261816173.246339
v6p1i_0056,train,q,3,silicon_die_lower,,,,240,1.2132712183312087,0.2773380856335974,1.0986328124999984e-10,155.70211137648823,11043464245.076973
v6p1i_0057,train,k,0,silicon_die_lower,106.54782224849886,106.54782224849886,106.54782224849886,560,,,,,
v6p1i_0057,train,k,1,silicon_die_upper,376.8544188942456,376.8544188942456,376.8544188942456,768,,,,,
v6p1i_0057,train,k,2,silicon_die_lower,144.43809999045607,144.43809999045607,144.43809999045607,560,,,,,
v6p1i_0057,train,q,0,silicon_die_lower,,,,288,0.39873486522837004,0.07832821536883697,1.3183593749999995e-10,53.54603867208809,3024477792.5470448
v6p1i_0057,train,q,1,silicon_die_lower,,,,392,0.7443967062859981,0.14623066758014208,1.7944335937499996e-10,66.86006165732647,4148365862.513536
v6p1i_0057,train,q,2,silicon_die_lower,,,,384,0.5616472385491804,0.11033102369213803,1.757812500000001e-10,58.59580481272488,3195148734.857558
v6p1i_0057,train,q,3,silicon_die_lower,,,,320,0.6241035484429578,0.12260005687462819,1.4648437499999997e-10,58.9708860499175,4260546890.703926
v6p1i_0057,train,q,4,silicon_die_lower,,,,240,0.34051734706512604,0.06689185828399054,1.0986328125000006e-10,49.93593568106248,3099464563.5083456
v6p1i_0057,train,q,5,silicon_die_lower,,,,288,0.5111186445731962,0.10040509311426235,1.3183593749999998e-10,56.26500898308099,3876929570.688541
v6p1i_0057,train,q,6,silicon_die_lower,,,,320,0.6398824507700415,0.12569969366974965,1.46484375e-10,64.73249111532276,4368264197.256817
v6p1i_0057,train,q,7,silicon_die_upper,,,,448,0.6472732712640639,0.12715156013514298,2.0080566406249973e-10,51.31962276421465,3223381542.9758167
v6p1i_0057,train,q,8,silicon_die_lower,,,,160,0.2157462967403713,0.04238160208646446,7.324218749999989e-11,41.549694535459885,2945656104.8285403
v6p1i_0057,train,q,9,silicon_die_lower,,,,200,0.40714454885370344,0.07998022919464481,9.155273437499983e-11,72.44303827100305,4447104192.279393
v6p1i_0058,train,k,0,silicon_die_upper,362.5103935761919,362.5103935761919,362.5103935761919,616,,,,,
v6p1i_0058,train,k,1,silicon_die_lower,21.192191792106385,21.192191792106385,21.192191792106385,968,,,,,
v6p1i_0058,train,k,2,silicon_die_upper,171.55899091158219,171.55899091158219,171.55899091158219,576,,,,,
v6p1i_0058,train,k,3,silicon_die_upper,336.9135052965716,336.9135052965716,336.9135052965716,560,,,,,
v6p1i_0058,train,k,4,silicon_die_upper,167.96818111854066,167.96818111854066,167.96818111854066,720,,,,,
v6p1i_0058,train,k,5,silicon_die_upper,373.16921156579554,373.16921156579554,373.16921156579554,280,,,,,
v6p1i_0058,train,q,0,silicon_die_lower,,,,288,1.3515003312488376,0.2012785167067746,1.3183593749999972e-10,159.14134210687075,10251380290.361576
v6p1i_0058,train,q,1,silicon_die_upper,,,,280,2.4476807970431858,0.36453232663677304,1.2550354003906224e-10,293.897304024167,19502882518.543774
v6p1i_0058,train,q,2,silicon_die_upper,,,,192,0.9509698139050279,0.14162763348999816,8.605957031249987e-11,167.02563671770397,11050134348.241135
v6p1i_0058,train,q,3,silicon_die_upper,,,,200,1.0837613445910377,0.1614042341387042,8.96453857421874e-11,214.83589943918145,12089426975.169075
v6p1i_0058,train,q,4,silicon_die_lower,,,,160,0.880665867708759,0.13115728902774995,7.324218749999987e-11,172.95293660869697,12024024647.116945
v6p1i_0059,train,k,0,silicon_die_lower,139.49961203972813,139.49961203972813,139.49961203972813,880,,,,,
v6p1i_0059,train,k,1,silicon_die_upper,49.29851194897158,49.29851194897158,49.29851194897158,432,,,,,
v6p1i_0059,train,k,2,silicon_die_lower,40.47128570775242,40.47128570775242,40.47128570775242,880,,,,,
v6p1i_0059,train,k,3,silicon_die_lower,298.0834585156531,298.0834585156531,298.0834585156531,480,,,,,
v6p1i_0059,train,k,4,silicon_die_lower,210.78700825953945,210.78700825953945,210.78700825953945,240,,,,,
v6p1i_0059,train,k,5,silicon_die_upper,284.2426634223809,284.2426634223809,284.2426634223809,768,,,,,
v6p1i_0059,train,q,0,silicon_die_upper,,,,240,0.34950127574845297,0.12728389187313108,1.075744628906248e-10,43.32603828349182,3248924199.638391
v6p1i_0059,train,q,1,silicon_die_lower,,,,320,0.29082979060974823,0.10591648783594004,1.46484375e-10,34.03907473963494,1985398037.2292147
v6p1i_0059,train,q,2,silicon_die_lower,,,,512,0.4579068502474895,0.16676381478165597,2.3437500000000003e-10,29.758016726769746,1953735894.3892882
v6p1i_0059,train,q,3,silicon_die_lower,,,,448,0.36640754255270946,0.13344093788471725,2.050781249999998e-10,31.052683494136687,1786672969.3998804
v6p1i_0059,train,q,4,silicon_die_upper,,,,392,0.40891716818439333,0.14892239952139766,1.757049560546874e-10,35.04783697797858,2327294444.9963017
v6p1i_0059,train,q,5,silicon_die_lower,,,,256,0.488380944871663,0.17786209005051823,1.1718749999999994e-10,57.92710603672509,4167517396.238193
v6p1i_0059,train,q,6,silicon_die_upper,,,,240,0.38389700985082736,0.1398103780526396,1.0757446289062502e-10,58.271375069342355,3568663040.792031
v6p1i_0060,train,k,0,silicon_die_upper,105.3973990420659,105.3973990420659,105.3973990420659,448,,,,,
v6p1i_0060,train,k,1,silicon_die_upper,62.268426353610316,62.268426353610316,62.268426353610316,384,,,,,
v6p1i_0060,train,k,2,silicon_die_lower,113.20295554519606,113.20295554519606,113.20295554519606,880,,,,,
v6p1i_0060,train,k,3,silicon_die_upper,197.80164494162602,197.80164494162602,197.80164494162602,288,,,,,
v6p1i_0060,train,k,4,silicon_die_lower,76.50351363441035,76.50351363441035,76.50351363441035,616,,,,,
v6p1i_0060,train,k,5,silicon_die_lower,49.67230658109523,49.67230658109523,49.67230658109523,648,,,,,
v6p1i_0060,train,k,6,silicon_die_lower,62.755964268513615,62.755964268513615,62.755964268513615,792,,,,,
v6p1i_0060,train,q,0,silicon_die_upper,,,,192,0.5539341828995431,0.15371954414976136,8.605957031249987e-11,76.17156908223392,6436636633.068175
v6p1i_0060,train,q,1,silicon_die_lower,,,,240,0.6321490315355779,0.1754245611883186,1.0986328125000006e-10,85.67241799342578,5753960962.59939
v6p1i_0060,train,q,2,silicon_die_lower,,,,200,0.3754784857886238,0.10419718344758158,9.155273437500009e-11,52.39452313598368,4101226340.773871
v6p1i_0060,train,q,3,silicon_die_lower,,,,192,0.39572955272964444,0.10981695719475353,8.7890625e-11,62.59357264634648,4502522911.057288
v6p1i_0060,train,q,4,silicon_die_lower,,,,384,0.9564776903493762,0.2654274083254883,1.7578125000000007e-10,83.3444467292583,5441295305.098671
v6p1i_0060,train,q,5,silicon_die_lower,,,,320,0.6897688238914462,0.1914143456940967,1.4648437499999994e-10,74.66204135253477,4708821837.765608
v6p1i_0061,test_iid,k,0,silicon_die_upper,44.05214691465521,44.05214691465521,44.05214691465521,880,,,,,
v6p1i_0061,test_iid,k,1,silicon_die_lower,40.66570541516378,40.66570541516378,40.66570541516378,448,,,,,
v6p1i_0061,test_iid,q,0,silicon_die_upper,,,,320,0.6274243797878828,0.09026867702458102,1.434326171874999e-10,71.94567627958163,4374349378.061565
v6p1i_0061,test_iid,q,1,silicon_die_lower,,,,336,0.6682545429852126,0.0961429862373769,1.5380859374999997e-10,60.79210375828836,4344715250.900684
v6p1i_0061,test_iid,q,2,silicon_die_upper,,,,576,0.958588218897535,0.1379138157820451,2.581787109374998e-10,59.761781869632216,3712886377.8764124
v6p1i_0061,test_iid,q,3,silicon_die_upper,,,,336,0.837213468053639,0.12045141148948205,1.5060424804687495e-10,90.0193422977949,5559029568.628501
v6p1i_0061,test_iid,q,4,silicon_die_upper,,,,448,1.0710669253368315,0.15409633012288743,2.0080566406249978e-10,81.19522249292953,5333848177.726038
v6p1i_0061,test_iid,q,5,silicon_die_upper,,,,384,1.0956494370795589,0.15763306041970412,1.7211914062499988e-10,98.16621354250248,6365645523.798406
v6p1i_0061,test_iid,q,6,silicon_die_upper,,,,288,0.4340951254415971,0.062454048549532126,1.2908935546875e-10,56.64465729131058,3362749189.2364664
v6p1i_0061,test_iid,q,7,silicon_die_lower,,,,512,1.2583401756372683,0.1810396703743912,2.3437500000000003e-10,85.30882092441406,5368918082.71901
v6p1i_0062,valid_iid,k,0,silicon_die_upper,250.851558724398,250.851558724398,250.851558724398,880,,,,,
v6p1i_0062,valid_iid,k,1,silicon_die_lower,23.077246165426594,23.077246165426594,23.077246165426594,704,,,,,
v6p1i_0062,valid_iid,k,2,silicon_die_upper,220.62547177679897,220.62547177679897,220.62547177679897,576,,,,,
v6p1i_0062,valid_iid,k,3,silicon_die_upper,309.85344000513544,309.85344000513544,309.85344000513544,560,,,,,
v6p1i_0062,valid_iid,q,0,silicon_die_lower,,,,288,1.8069953032620407,0.30362965066162056,1.3183593749999998e-10,225.58435220298884,13706394004.002445
v6p1i_0062,valid_iid,q,1,silicon_die_upper,,,,320,2.4197157512983316,0.4065851454847923,1.4343261718749987e-10,267.9287614284696,16870052284.796555
v6p1i_0062,valid_iid,q,2,silicon_die_lower,,,,192,1.7246026571424506,0.2897852038535871,8.789062499999993e-11,264.32685238334847,19622145787.931896
v6p1i_0063,train,k,0,silicon_die_upper,117.07139221035918,117.07139221035918,117.07139221035918,704,,,,,
v6p1i_0063,train,k,1,silicon_die_upper,150.32360586948226,150.32360586948226,150.32360586948226,320,,,,,
v6p1i_0063,train,k,2,silicon_die_upper,231.56627792331054,231.56627792331054,231.56627792331054,528,,,,,
v6p1i_0063,train,k,3,silicon_die_lower,322.77867281252327,322.77867281252327,322.77867281252327,336,,,,,
v6p1i_0063,train,q,0,silicon_die_upper,,,,448,0.6350396466224312,0.1378212980712314,2.0080566406249976e-10,46.914756515515215,3162458835.9458737
v6p1i_0063,train,q,1,silicon_die_lower,,,,280,0.5356499998913844,0.11625097533599865,1.2817382812499996e-10,58.218011279992524,4179090284.8668785
v6p1i_0063,train,q,2,silicon_die_upper,,,,336,0.7117254463130293,0.15446425337835495,1.5060424804687488e-10,72.39288047890281,4725799275.539081
v6p1i_0063,train,q,3,silicon_die_lower,,,,392,0.5951442642204043,0.1291628884444626,1.794433593750001e-10,49.57390034841191,3316613477.886769
v6p1i_0063,train,q,4,silicon_die_upper,,,,280,0.46168096489470867,0.10019763366742811,1.255035400390624e-10,65.19060697728642,3678629023.141599
v6p1i_0063,train,q,5,silicon_die_lower,,,,240,0.39984064981439166,0.08677656217553964,1.0986328124999996e-10,61.83945055182622,3639438448.0883307
v6p1i_0063,train,q,6,silicon_die_upper,,,,192,0.28321367900798156,0.06146525981489852,8.605957031249993e-11,42.381712998826956,3290902777.9196978
v6p1i_0063,train,q,7,silicon_die_upper,,,,384,0.5020164417427295,0.10895155605177578,1.7211914062499988e-10,44.4819765200579,2916679922.5223002
v6p1i_0063,train,q,8,silicon_die_lower,,,,384,0.48339218347150487,0.1049095730603104,1.7578124999999997e-10,42.19091032409588,2749964421.5267835
v6p1i_0064,train,k,0,silicon_die_upper,36.62379767117596,36.62379767117596,36.62379767117596,512,,,,,
v6p1i_0064,train,k,1,silicon_die_upper,36.46286767346543,36.46286767346543,36.46286767346543,512,,,,,
v6p1i_0064,train,k,2,silicon_die_upper,310.2458576508228,310.2458576508228,310.2458576508228,528,,,,,
v6p1i_0064,train,k,3,silicon_die_lower,213.63918797508447,213.63918797508447,213.63918797508447,504,,,,,
v6p1i_0064,train,k,4,silicon_die_upper,42.2941712036017,42.2941712036017,42.2941712036017,384,,,,,
v6p1i_0064,train,k,5,silicon_die_upper,160.50691011253159,160.50691011253159,160.50691011253159,392,,,,,
v6p1i_0064,train,k,6,silicon_die_lower,276.8173577774262,276.8173577774262,276.8173577774262,504,,,,,
v6p1i_0064,train,k,7,silicon_die_upper,246.78298477720497,246.78298477720497,246.78298477720497,448,,,,,
v6p1i_0064,train,q,0,silicon_die_lower,,,,280,1.2762881953059004,0.21950994121153294,1.2817382812499996e-10,153.4949391296523,9957478948.519943
v6p1i_0064,train,q,1,silicon_die_upper,,,,240,0.8258075218581017,0.14203136975004785,1.075744628906249e-10,130.86190917993946,7676613014.537958
v6p1i_0064,train,q,2,silicon_die_upper,,,,160,0.8700402208728205,0.14963899097232294,7.171630859374993e-11,181.51211482119885,12131692747.898132
v6p1i_0064,train,q,3,silicon_die_upper,,,,336,1.9347420750755442,0.33275800929704685,1.5060424804687488e-10,162.48055836847118,12846530560.501617
v6p1i_0064,train,q,4,silicon_die_upper,,,,240,0.9073834652595514,0.1560616887690494,1.0757446289062495e-10,129.75251539892932,8434933727.553189
v6p1i_0065,train,k,0,silicon_die_upper,115.34059104418952,115.34059104418952,115.34059104418952,320,,,,,
v6p1i_0065,train,k,1,silicon_die_lower,27.2765981954393,27.2765981954393,27.2765981954393,880,,,,,
v6p1i_0065,train,q,0,silicon_die_lower,,,,224,0.485097051881014,0.10223659903272013,1.0253906250000008e-10,59.87781557930651,4730851248.820552
v6p1i_0065,train,q,1,silicon_die_lower,,,,448,0.9538899356204338,0.2010370141216486,2.0507812499999987e-10,77.74053183440698,4651349019.406308
v6p1i_0065,train,q,2,silicon_die_lower,,,,448,0.5189997517437583,0.10938176043610096,2.050781249999999e-10,41.75329613682622,2530741646.5981374
v6p1i_0065,train,q,3,silicon_die_upper,,,,160,0.35803146045829953,0.07545689820632569,7.171630859375002e-11,68.90915647584535,4992329743.105343
v6p1i_0065,train,q,4,silicon_die_lower,,,,448,0.9429265947865357,0.19872643590529362,2.0507812499999987e-10,77.89910787030891,4597889681.244824
v6p1i_0065,train,q,5,silicon_die_upper,,,,512,0.6643472724478908,0.14001446813244303,2.2949218749999982e-10,44.300076262303165,2894857902.0708117
v6p1i_0065,train,q,6,silicon_die_upper,,,,320,0.8215552428377183,0.17314682416546798,1.4343261718749982e-10,78.1104883506203,5727813233.469444
v6p1i_0066,train,k,0,silicon_die_upper,22.426530810641957,22.426530810641957,22.426530810641957,616,,,,,
v6p1i_0066,train,k,1,silicon_die_lower,70.60406250175765,70.60406250175765,70.60406250175765,616,,,,,
v6p1i_0066,train,q,0,silicon_die_upper,,,,512,0.9565448209601626,0.3032076656016816,2.294921874999997e-10,72.22293416621761,4168093177.290246
v6p1i_0066,train,q,1,silicon_die_upper,,,,336,0.776136635011257,0.24602148496657686,1.5060424804687485e-10,70.62595395349105,5153484347.730272
v6p1i_0066,train,q,2,silicon_die_upper,,,,336,0.46149933452868136,0.14628706656810042,1.5060424804687488e-10,46.2527360838617,3064318175.042724
v6p1i_0066,train,q,3,silicon_die_lower,,,,384,0.9605706537353431,0.3044837828636411,1.7578125e-10,79.0590966845015,5464579719.02773
v6p1i_0067,train,k,0,silicon_die_lower,61.44673786670753,61.44673786670753,61.44673786670753,720,,,,,
v6p1i_0067,train,k,1,silicon_die_lower,157.8442126997277,157.8442126997277,157.8442126997277,528,,,,,
v6p1i_0067,train,k,2,silicon_die_upper,29.88687864484613,29.88687864484613,29.88687864484613,968,,,,,
v6p1i_0067,train,q,0,silicon_die_lower,,,,336,0.6741236629262799,0.09110376147485834,1.5380859374999982e-10,74.87573494169918,4382873846.581025
v6p1i_0067,train,q,1,silicon_die_lower,,,,280,0.49471730831501454,0.06685807090433468,1.2817382812499996e-10,62.64705662364314,3859737323.5396194
v6p1i_0067,train,q,2,silicon_die_lower,,,,384,0.9937734309604727,0.1343025064885985,1.7578125000000018e-10,91.54577370942269,5653466629.464017
v6p1i_0067,train,q,3,silicon_die_lower,,,,240,0.3828103572686773,0.05173451904554306,1.0986328125e-10,48.32111343892469,3484424940.8277826
v6p1i_0067,train,q,4,silicon_die_upper,,,,224,0.7201217370059638,0.09732012473240602,1.0040283203124993e-10,90.40928859187458,7172324947.784632
v6p1i_0067,train,q,5,silicon_die_upper,,,,448,0.8836210946757492,0.11941608026937936,2.0080566406249984e-10,72.0806453070339,4400379335.91717
v6p1i_0067,train,q,6,silicon_die_lower,,,,320,0.47676383903132447,0.06443176743329578,1.46484375e-10,50.53611702789866,3254707807.787175
v6p1i_0067,train,q,7,silicon_die_lower,,,,392,0.7294322192542358,0.09857838045106819,1.7944335937499988e-10,63.077310839281886,4064971932.061703
v6p1i_0067,train,q,8,silicon_die_lower,,,,448,0.8426754177570022,0.1138825181225777,2.0507812499999992e-10,61.145026930698045,4109045846.5865264
v6p1i_0067,train,q,9,silicon_die_upper,,,,432,1.2014760791948835,0.16237227107793836,1.9363403320312483e-10,91.7254808696799,6204880719.158073
v6p1i_0068,valid_iid,k,0,silicon_die_upper,24.97078956597475,24.97078956597475,24.97078956597475,880,,,,,
v6p1i_0068,valid_iid,k,1,silicon_die_upper,21.881531375759455,21.881531375759455,21.881531375759455,528,,,,,
v6p1i_0068,valid_iid,k,2,silicon_die_upper,112.80920920948667,112.80920920948667,112.80920920948667,648,,,,,
v6p1i_0068,valid_iid,k,3,silicon_die_upper,182.74591033957094,182.74591033957094,182.74591033957094,576,,,,,
v6p1i_0068,valid_iid,k,4,silicon_die_lower,57.60835002010568,57.60835002010568,57.60835002010568,480,,,,,
v6p1i_0068,valid_iid,k,5,silicon_die_upper,53.27544529018407,53.27544529018407,53.27544529018407,336,,,,,
v6p1i_0068,valid_iid,q,0,silicon_die_lower,,,,240,2.0124900834894692,0.30776383983187794,1.0986328125000001e-10,288.1873075854679,18318131959.9397
v6p1i_0068,valid_iid,q,1,silicon_die_lower,,,,160,1.865058884109168,0.28521764573902236,7.324218749999984e-11,287.03858242209,25464270631.037228
v6p1i_0068,valid_iid,q,2,silicon_die_upper,,,,336,2.6615236037236847,0.4070185144290997,1.5060424804687488e-10,295.9284857078651,17672301002.394684
v6p1i_0069,train,k,0,silicon_die_lower,191.31424702783917,191.31424702783917,191.31424702783917,432,,,,,
v6p1i_0069,train,k,1,silicon_die_upper,174.41917038636538,174.41917038636538,174.41917038636538,432,,,,,
v6p1i_0069,train,k,2,silicon_die_upper,89.45324426139669,89.45324426139669,89.45324426139669,240,,,,,
v6p1i_0069,train,k,3,silicon_die_lower,59.23226076590211,59.23226076590211,59.23226076590211,792,,,,,
v6p1i_0069,train,k,4,silicon_die_upper,25.693258574485846,25.693258574485846,25.693258574485846,336,,,,,
v6p1i_0069,train,k,5,silicon_die_lower,28.33616692997253,28.33616692997253,28.33616692997253,792,,,,,
v6p1i_0069,train,k,6,silicon_die_lower,308.0838901413284,308.0838901413284,308.0838901413284,704,,,,,
v6p1i_0069,train,k,7,silicon_die_upper,126.06175873843247,126.06175873843247,126.06175873843247,792,,,,,
v6p1i_0069,train,q,0,silicon_die_upper,,,,504,0.3210508188760346,0.10989452408875866,2.2590637207031226e-10,23.82287963266054,1421167609.9871547
v6p1i_0069,train,q,1,silicon_die_lower,,,,432,0.5450128922665244,0.18655592478334113,1.9775390624999992e-10,40.82381126565343,2756015810.7699814
v6p1i_0069,train,q,2,silicon_die_upper,,,,336,0.3971987948772131,0.1359596984816105,1.5060424804687488e-10,36.59405155444622,2637367803.5535016
v6p1i_0069,train,q,3,silicon_die_upper,,,,240,0.1774044892364833,0.060724909483505875,1.0757446289062493e-10,26.651608870583924,1649132000.936479
v6p1i_0069,train,q,4,silicon_die_upper,,,,240,0.33375681593314444,0.11424374052917335,1.0757446289062504e-10,37.42067546328126,3102565487.800645
v6p1i_0069,train,q,5,silicon_die_lower,,,,280,0.32321855725276266,0.11063653302707396,1.281738281249999e-10,40.47216033903039,2521720400.9663177
v6p1i_0069,train,q,6,silicon_die_upper,,,,160,0.22426149082158403,0.07676389018895342,7.171630859374997e-11,38.06286908802379,3127064055.8475184
v6p1i_0069,train,q,7,silicon_die_upper,,,,384,0.34202839521479,0.11707507194206679,1.7211914062499972e-10,29.228468237112544,1987160718.8649392
v6p1i_0069,train,q,8,silicon_die_upper,,,,320,0.2575128451583759,0.08814570747551632,1.4343261718749997e-10,30.505328889539406,1795357640.4573753
v6p1i_0070,train,k,0,silicon_die_upper,36.072710506673545,36.072710506673545,36.072710506673545,448,,,,,
v6p1i_0070,train,k,1,silicon_die_upper,29.125702258289994,29.125702258289994,29.125702258289994,640,,,,,
v6p1i_0070,train,k,2,silicon_die_lower,64.38938469564009,64.38938469564009,64.38938469564009,560,,,,,
v6p1i_0070,train,q,0,silicon_die_upper,,,,280,0.5383874812934893,0.13853700336941258,1.2550354003906245e-10,69.79146317035669,4289819084.9908977
v6p1i_0070,train,q,1,silicon_die_upper,,,,384,0.8087627113144024,0.20810952400533375,1.7211914062499983e-10,75.772479765961,4698853993.679142
v6p1i_0070,train,q,2,silicon_die_lower,,,,200,0.45182612815061735,0.1162631747818607,9.155273437500005e-11,76.28565125505658,4935146189.079807
v6p1i_0070,train,q,3,silicon_die_upper,,,,512,1.0775391289245109,0.27727064079544017,2.2949218749999987e-10,66.34686808355343,4695319438.377446
v6p1i_0070,train,q,4,silicon_die_upper,,,,240,0.5295977266091718,0.136275237788623,1.075744628906249e-10,70.65966931151742,4923080370.362939
v6p1i_0070,train,q,5,silicon_die_upper,,,,392,0.48012276211528865,0.12354441925932977,1.7570495605468761e-10,39.329824710559,2732551049.7600985
v6p1i_0071,train,k,0,silicon_die_lower,57.49739424075456,57.49739424075456,57.49739424075456,384,,,,,
v6p1i_0071,train,k,1,silicon_die_lower,367.26767833153906,367.26767833153906,367.26767833153906,616,,,,,
v6p1i_0071,train,k,2,silicon_die_lower,72.15860627317747,72.15860627317747,72.15860627317747,648,,,,,
v6p1i_0071,train,k,3,silicon_die_lower,384.488262507093,384.488262507093,384.488262507093,704,,,,,
v6p1i_0071,train,k,4,silicon_die_upper,106.5475957307613,106.5475957307613,106.5475957307613,504,,,,,
v6p1i_0071,train,q,0,silicon_die_lower,,,,320,0.9445699836360105,0.16930434688637724,1.4648437499999997e-10,94.03951390061847,6448264421.621833
v6p1i_0071,train,q,1,silicon_die_lower,,,,224,0.5936177144681101,0.10639980222676201,1.0253906249999999e-10,81.95665600100455,5789186091.574712
v6p1i_0071,train,q,2,silicon_die_upper,,,,448,0.7645284167138736,0.13703376828634994,2.008056640625e-10,56.9746341037396,3807305039.3434973
v6p1i_0071,train,q,3,silicon_die_lower,,,,320,0.8719448571409315,0.15628704819829184,1.4648437500000015e-10,96.07458225893643,5952476891.41542
v6p1i_0071,train,q,4,silicon_die_lower,,,,288,0.6643377724820114,0.11907563720059931,1.3183593749999998e-10,82.80328470920225,5039125029.78948
v6p1i_0071,train,q,5,silicon_die_upper,,,,240,0.44703332129917395,0.08012607409740613,1.0757446289062491e-10,71.5320931998467,4155571027.6117287
v6p1i_0071,train,q,6,silicon_die_lower,,,,240,0.6209051104098448,0.11129078418488195,1.0986328124999983e-10,78.63801914053172,5651616293.86384
v6p1i_0071,train,q,7,silicon_die_lower,,,,336,0.6721870519475431,0.12048253891933167,1.5380859374999997e-10,61.27294243557638,4370282801.233551
v6p1i_0072,train,k,0,silicon_die_lower,75.51753882150439,75.51753882150439,75.51753882150439,704,,,,,
v6p1i_0072,train,k,1,silicon_die_upper,31.710881160491347,31.710881160491347,31.710881160491347,576,,,,,
v6p1i_0072,train,k,2,silicon_die_lower,222.2172303426843,222.2172303426843,222.2172303426843,704,,,,,
v6p1i_0072,train,k,3,silicon_die_upper,104.17834832279829,104.17834832279829,104.17834832279829,384,,,,,
v6p1i_0072,train,k,4,silicon_die_lower,257.76134486673806,257.76134486673806,257.76134486673806,720,,,,,
v6p1i_0072,train,k,5,silicon_die_lower,104.00314136584898,104.00314136584898,104.00314136584898,616,,,,,
v6p1i_0072,train,q,0,silicon_die_upper,,,,320,0.5454268021515954,0.08987833550560924,1.4343261718749992e-10,54.65251975863412,3802669245.298615
v6p1i_0072,train,q,1,silicon_die_upper,,,,240,0.750816390600101,0.12372352658736874,1.0757446289062481e-10,95.69177916258947,6979503967.995504
v6p1i_0072,train,q,2,silicon_die_upper,,,,280,0.6473171667872661,0.10666837285138744,1.255035400390624e-10,91.46700927007537,5157760224.020706
v6p1i_0072,train,q,3,silicon_die_upper,,,,336,0.6373211607506961,0.10502117769939485,1.5060424804687503e-10,65.16065206768943,4231760850.147681
v6p1i_0072,train,q,4,silicon_die_lower,,,,288,0.7869719339474123,0.1296814297240284,1.3183593749999998e-10,102.1926537829873,5969327854.534447
v6p1i_0072,train,q,5,silicon_die_lower,,,,448,0.6893192044656083,0.11358969248489538,2.0507812499999995e-10,54.61858653806006,3361251739.8703957
v6p1i_0072,train,q,6,silicon_die_lower,,,,320,0.6233898781792545,0.10272550670552341,1.464843749999999e-10,69.66684060249918,4255674901.703714
v6p1i_0072,train,q,7,silicon_die_lower,,,,320,0.7069620575813417,0.11649697585519689,1.464843749999999e-10,67.81434532461496,4826194313.08863
v6p1i_0072,train,q,8,silicon_die_lower,,,,280,0.6809767755643857,0.11221498258659564,1.2817382812499976e-10,66.40743484418375,5312915948.022342
v6p1i_0073,train,k,0,silicon_die_lower,163.30685859530087,163.30685859530087,163.30685859530087,968,,,,,
v6p1i_0073,train,k,1,silicon_die_lower,256.7626330401007,256.7626330401007,256.7626330401007,616,,,,,
v6p1i_0073,train,k,2,silicon_die_lower,270.1082392357467,270.1082392357467,270.1082392357467,576,,,,,
v6p1i_0073,train,k,3,silicon_die_lower,252.06871790570344,252.06871790570344,252.06871790570344,560,,,,,
v6p1i_0073,train,k,4,silicon_die_lower,222.73905191028084,222.73905191028084,222.73905191028084,336,,,,,
v6p1i_0073,train,k,5,silicon_die_lower,367.898588990657,367.898588990657,367.898588990657,880,,,,,
v6p1i_0073,train,k,6,silicon_die_upper,66.91706382317741,66.91706382317741,66.91706382317741,336,,,,,
v6p1i_0073,train,q,0,silicon_die_upper,,,,240,1.7676098205660022,0.38039573305896407,1.0757446289062493e-10,194.8388215669566,16431500312.143774
v6p1i_0073,train,q,1,silicon_die_lower,,,,320,1.2837773715996752,0.2762733204309745,1.4648437499999994e-10,124.11123800325785,8763920190.120453
v6p1i_0073,train,q,2,silicon_die_upper,,,,320,1.5953784441145011,0.3433309465100613,1.434326171874999e-10,174.15521791916032,11122842735.47745
v6p1i_0074,train,k,0,silicon_die_lower,353.2942003198369,353.2942003198369,353.2942003198369,720,,,,,
v6p1i_0074,train,k,1,silicon_die_lower,59.35881104886094,59.35881104886094,59.35881104886094,792,,,,,
v6p1i_0074,train,k,2,silicon_die_lower,99.80812349985064,99.80812349985064,99.80812349985064,576,,,,,
v6p1i_0074,train,k,3,silicon_die_lower,57.40879446018528,57.40879446018528,57.40879446018528,792,,,,,
v6p1i_0074,train,k,4,silicon_die_lower,86.65878078289272,86.65878078289272,86.65878078289272,480,,,,,
v6p1i_0074,train,k,5,silicon_die_upper,122.81315624877409,122.81315624877409,122.81315624877409,432,,,,,
v6p1i_0074,train,q,0,silicon_die_lower,,,,200,0.2260826616656708,0.06076306014059932,9.155273437499996e-11,42.81179643493174,2469425552.4869013
v6p1i_0074,train,q,1,silicon_die_lower,,,,200,0.2923218858029261,0.07856583161482529,9.155273437499994e-11,44.19424255128031,3192934517.996763
v6p1i_0074,train,q,2,silicon_die_upper,,,,448,0.615441755286379,0.1654090769897399,2.0080566406249989e-10,43.074870255716085,3064862528.4535074
v6p1i_0074,train,q,3,silicon_die_lower,,,,320,0.5149148306034851,0.1383909787187229,1.464843749999999e-10,58.24427383164993,3515151910.2531276
v6p1i_0074,train,q,4,silicon_die_upper,,,,280,0.31769192633104504,0.08538440534808742,1.255035400390624e-10,42.25305957004604,2531338368.8791957
v6p1i_0074,train,q,5,silicon_die_upper,,,,280,0.6549226625161831,0.17602015491466988,1.255035400390624e-10,65.54482575755539,5218360074.2444515
v6p1i_0074,train,q,6,silicon_die_upper,,,,320,0.6345108343729046,0.17053417411494035,1.4343261718749987e-10,61.98662339148854,4423755536.32582
v6p1i_0074,train,q,7,silicon_die_lower,,,,256,0.46483885031400385,0.12493231815841493,1.1718750000000002e-10,53.300420095304226,3966624856.012832
v6p1i_0075,train,k,0,silicon_die_upper,24.531822267849694,24.531822267849694,24.531822267849694,640,,,,,
v6p1i_0075,train,k,1,silicon_die_lower,139.76364740398282,139.76364740398282,139.76364740398282,448,,,,,
v6p1i_0075,train,q,0,silicon_die_upper,,,,448,1.763297003357785,0.25227096468567994,2.008056640624998e-10,134.61965019955966,8781111885.414583
v6p1i_0075,train,q,1,silicon_die_lower,,,,432,1.3063665262332378,0.18689894168615553,1.9775390624999994e-10,95.44666001284793,6606021347.470795
v6p1i_0075,train,q,2,silicon_die_lower,,,,336,1.0271872028821616,0.14695737932430944,1.5380859374999997e-10,127.84823169096762,6678347274.611642
v6p1i_0075,train,q,3,silicon_die_upper,,,,240,0.7186108645783326,0.10281005167908322,1.0757446289062495e-10,96.22884516635469,6680125052.624911
v6p1i_0075,train,q,4,silicon_die_lower,,,,336,0.9894188776742011,0.14155394937652915,1.5380859375000005e-10,105.92507821557244,6432793211.037343
v6p1i_0075,train,q,5,silicon_die_lower,,,,240,1.184814140168969,0.16950871324824257,1.0986328124999993e-10,152.59354967419512,10784441595.84911
v6p1i_0076,train,k,0,silicon_die_lower,22.196397553392003,22.196397553392003,22.196397553392003,640,,,,,
v6p1i_0076,train,k,1,silicon_die_lower,30.951846606635957,30.951846606635957,30.951846606635957,288,,,,,
v6p1i_0076,train,k,2,silicon_die_upper,113.9665117265306,113.9665117265306,113.9665117265306,640,,,,,
v6p1i_0076,train,k,3,silicon_die_lower,26.343934816963333,26.343934816963333,26.343934816963333,432,,,,,
v6p1i_0076,train,k,4,silicon_die_upper,92.34180738692378,92.34180738692378,92.34180738692378,440,,,,,
v6p1i_0076,train,k,5,silicon_die_upper,32.45678070098123,32.45678070098123,32.45678070098123,336,,,,,
v6p1i_0076,train,k,6,silicon_die_upper,111.74240453192635,111.74240453192635,111.74240453192635,504,,,,,
v6p1i_0076,train,q,0,silicon_die_upper,,,,448,1.0966922188425912,0.16623121209498246,2.0080566406249978e-10,91.20017116424403,5461460581.616119
v6p1i_0076,train,q,1,silicon_die_lower,,,,384,0.8407458522549321,0.12743612080302905,1.7578125000000002e-10,74.17113915221763,4782909737.272502
v6p1i_0076,train,q,2,silicon_die_upper,,,,384,0.9105386577012672,0.13801497095398355,1.721191406249998e-10,84.72680751361206,5290165024.034602
v6p1i_0076,train,q,3,silicon_die_upper,,,,392,1.2020160663010806,0.1821956828231592,1.7570495605468738e-10,85.33644369959697,6841105073.478738
v6p1i_0076,train,q,4,silicon_die_lower,,,,160,0.25585572602696216,0.03878135244160805,7.324218749999998e-11,50.30478054472822,3493283512.688124
v6p1i_0076,train,q,5,silicon_die_upper,,,,512,1.1547813772477504,0.17503608099562798,2.294921875e-10,76.56665948674423,5031898426.815729
v6p1i_0076,train,q,6,silicon_die_lower,,,,448,1.1367605977974267,0.1723045798876096,2.050781250000001e-10,85.6072051186991,5543061200.688401
v6p1i_0077,train,k,0,silicon_die_upper,25.405452788276445,25.405452788276445,25.405452788276445,576,,,,,
v6p1i_0077,train,k,1,silicon_die_upper,66.75442459865575,66.75442459865575,66.75442459865575,504,,,,,
v6p1i_0077,train,k,2,silicon_die_lower,87.39496727793615,87.39496727793615,87.39496727793615,384,,,,,
v6p1i_0077,train,q,0,silicon_die_lower,,,,160,0.33838003528968313,0.12501210205142074,7.324218750000007e-11,65.65992692034689,4620015415.155136
v6p1i_0077,train,q,1,silicon_die_upper,,,,288,0.4652249948809533,0.17187407196509216,1.2908935546874985e-10,58.868661533075894,3603898967.4371386
v6p1i_0077,train,q,2,silicon_die_lower,,,,320,0.43658208546953203,0.1612921524043687,1.4648437499999997e-10,45.20024440083462,2980400370.138673
v6p1i_0077,train,q,3,silicon_die_lower,,,,160,0.32155127973692016,0.11879483777115851,7.324218749999994e-11,56.237375200748616,4390246806.008086
v6p1i_0077,train,q,4,silicon_die_upper,,,,512,1.145039826386582,0.42302683580795997,2.2949218749999984e-10,78.82711232664823,4989450137.10579
v6p1i_0078,train,k,0,silicon_die_lower,267.75469684966225,267.75469684966225,267.75469684966225,576,,,,,
v6p1i_0078,train,k,1,silicon_die_lower,26.028752278608852,26.028752278608852,26.028752278608852,528,,,,,
v6p1i_0078,train,k,2,silicon_die_upper,204.33972429677567,204.33972429677567,204.33972429677567,480,,,,,
v6p1i_0078,train,k,3,silicon_die_upper,102.58406187115072,102.58406187115072,102.58406187115072,640,,,,,
v6p1i_0078,train,k,4,silicon_die_lower,48.06779932050127,48.06779932050127,48.06779932050127,672,,,,,
v6p1i_0078,train,k,5,silicon_die_lower,48.30753818708693,48.30753818708693,48.30753818708693,384,,,,,
v6p1i_0078,train,q,0,silicon_die_upper,,,,336,0.5291681730297861,0.12429042971406383,1.5060424804687475e-10,55.740196422961596,3513633777.8804584
v6p1i_0078,train,q,1,silicon_die_upper,,,,240,0.23814348563768936,0.055934876041472195,1.0757446289062491e-10,37.483497224997095,2213754819.113705
v6p1i_0078,train,q,2,silicon_die_upper,,,,280,0.2785377650980444,0.06542263930465489,1.2550354003906214e-10,32.300374924698865,2219361820.4821267
v6p1i_0078,train,q,3,silicon_die_lower,,,,280,0.5838080088739196,0.1371241733568263,1.281738281249999e-10,59.94838509653324,4554814484.471574
v6p1i_0078,train,q,4,silicon_die_upper,,,,320,0.5186061930087045,0.12180964363818297,1.4343261718749992e-10,52.54923846576576,3615678240.959412
v6p1i_0078,train,q,5,silicon_die_lower,,,,336,0.38525255228518857,0.09048768938201174,1.5380859374999997e-10,35.00594677186137,2504753101.8414803
v6p1i_0078,train,q,6,silicon_die_upper,,,,392,0.6441243742918509,0.1512912139285638,1.7570495605468754e-10,57.88473674531062,3665943117.115999
v6p1i_0078,train,q,7,silicon_die_upper,,,,280,0.5292968407434064,0.1243206510429934,1.2550354003906242e-10,62.46925606897874,4217385745.2838793
v6p1i_0078,train,q,8,silicon_die_lower,,,,192,0.1934914546353826,0.04544705684950046,8.789062499999997e-11,31.710636662731808,2201502772.7403536
v6p1i_0078,train,q,9,silicon_die_lower,,,,288,0.35708457677764177,0.08387162674173056,1.3183593749999982e-10,34.361489619720984,2708552641.6318936
v6p1i_0079,train,k,0,silicon_die_lower,341.9672064849419,341.9672064849419,341.9672064849419,576,,,,,
v6p1i_0079,train,k,1,silicon_die_upper,314.6101295607788,314.6101295607788,314.6101295607788,384,,,,,
v6p1i_0079,train,k,2,silicon_die_upper,236.34811955766298,236.34811955766298,236.34811955766298,432,,,,,
v6p1i_0079,train,k,3,silicon_die_lower,22.71694473571937,22.71694473571937,22.71694473571937,576,,,,,
v6p1i_0079,train,k,4,silicon_die_lower,59.515460183337325,59.515460183337325,59.515460183337325,864,,,,,
v6p1i_0079,train,q,0,silicon_die_upper,,,,384,1.245940644002536,0.2466475321418113,1.721191406249998e-10,110.06062286775739,7238826777.070062
v6p1i_0079,train,q,1,silicon_die_lower,,,,392,1.7851103630781335,0.35338205537590456,1.7944335937500004e-10,141.91321273479457,9948043601.58916
v6p1i_0079,train,q,2,silicon_die_lower,,,,280,0.9381081115405826,0.18570872674190472,1.2817382812499996e-10,108.39173708743954,7319030142.609957
v6p1i_0079,train,q,3,silicon_die_lower,,,,336,1.0823434574765938,0.21426168574037943,1.5380859374999997e-10,107.4723404651528,7036950479.085918
v6p1i_0080,valid_iid,k,0,silicon_die_lower,36.193633346704765,36.193633346704765,36.193633346704765,576,,,,,
v6p1i_0080,valid_iid,k,1,silicon_die_upper,93.32254854028464,93.32254854028464,93.32254854028464,528,,,,,
v6p1i_0080,valid_iid,q,0,silicon_die_lower,,,,448,0.8624810302410191,0.13528991478257937,2.0507812499999987e-10,62.60002256581838,4205621785.55621
v6p1i_0080,valid_iid,q,1,silicon_die_lower,,,,512,1.2271824094839452,0.19249745534156018,2.343749999999997e-10,78.04639528227837,5235978280.464839
v6p1i_0080,valid_iid,q,2,silicon_die_lower,,,,200,0.6283962188327039,0.09857106175635434,9.155273437499995e-11,106.96714181361939,6863762432.903351
v6p1i_0080,valid_iid,q,3,silicon_die_lower,,,,448,1.4198111933669921,0.22271346107669696,2.050781249999999e-10,110.64610639659527,6923269819.084765
v6p1i_0080,valid_iid,q,4,silicon_die_upper,,,,320,0.5964251641905267,0.093556039852811,1.4343261718749992e-10,60.95983036394924,4158225485.147913
v6p1i_0080,valid_iid,q,5,silicon_die_upper,,,,280,0.445228714261955,0.06983916480392004,1.255035400390623e-10,65.24684720573616,3547539090.318727
v6p1i_0080,valid_iid,q,6,silicon_die_lower,,,,160,0.5359111194303021,0.08406372677959227,7.324218749999997e-11,98.593683646179,7316973150.621728
v6p1i_0080,valid_iid,q,7,silicon_die_upper,,,,384,0.6596219778738589,0.10346917560648584,1.7211914062499975e-10,56.10190189863687,3832356909.7465672
v6p1i_0081,valid_iid,k,0,silicon_die_lower,295.2168349425489,295.2168349425489,295.2168349425489,504,,,,,
v6p1i_0081,valid_iid,k,1,silicon_die_lower,331.66501716383965,331.66501716383965,331.66501716383965,792,,,,,
v6p1i_0081,valid_iid,k,2,silicon_die_upper,34.563734632208615,34.563734632208615,34.563734632208615,480,,,,,
v6p1i_0081,valid_iid,q,0,silicon_die_upper,,,,240,0.3191945001024337,0.10394866514229405,1.0757446289062487e-10,47.536982239549594,2967195852.2997336
v6p1i_0081,valid_iid,q,1,silicon_die_lower,,,,200,0.3265931893573303,0.1063581172838639,9.155273437499996e-11,54.09811823928002,3567268542.9536676
v6p1i_0081,valid_iid,q,2,silicon_die_upper,,,,448,0.8185412732635795,0.2665655977540889,2.0080566406249976e-10,61.13056461940449,4076285781.504712
v6p1i_0081,valid_iid,q,3,silicon_die_upper,,,,240,0.5001373191207085,0.16287438127461268,1.0757446289062487e-10,67.89668112222279,4649219765.375147
v6p1i_0081,valid_iid,q,4,silicon_die_lower,,,,280,0.5090430743447968,0.165774623501001,1.2817382812499994e-10,62.24810068087174,3971505585.7453117
v6p1i_0081,valid_iid,q,5,silicon_die_lower,,,,384,0.5971842372833935,0.1944786150441395,1.7578125e-10,51.965491465738474,3397314772.1010833
v6p1i_0082,train,k,0,silicon_die_lower,142.3821285737939,142.3821285737939,142.3821285737939,528,,,,,
v6p1i_0082,train,k,1,silicon_die_upper,104.7277566115599,104.7277566115599,104.7277566115599,480,,,,,
v6p1i_0082,train,q,0,silicon_die_upper,,,,280,0.364538501160465,0.09046235159581241,1.255035400390625e-10,49.29816461023332,2904607320.6142535
v6p1i_0082,train,q,1,silicon_die_upper,,,,280,0.4203361865902172,0.10430887211836458,1.255035400390625e-10,46.04321040509984,3349197850.9880214
v6p1i_0082,train,q,2,silicon_die_lower,,,,288,0.5202418776339076,0.12910105105377598,1.3183593749999998e-10,57.66115251423795,3946130982.9416404
v6p1i_0082,train,q,3,silicon_die_upper,,,,392,0.709478101443844,0.17606112182397665,1.7570495605468738e-10,55.77635436958437,4037894646.654259
v6p1i_0082,train,q,4,silicon_die_lower,,,,288,0.32837622824534235,0.08148847301635462,1.3183593749999985e-10,43.877912079681465,2490794501.6535625
v6p1i_0082,train,q,5,silicon_die_upper,,,,200,0.2653878446228117,0.06585753886927788,8.964538574218738e-11,42.47977928486508,2960418346.417125
v6p1i_0082,train,q,6,silicon_die_upper,,,,288,0.289948358006806,0.07195237326960517,1.290893554687499e-10,31.281548567750473,2246105861.741614
v6p1i_0082,train,q,7,silicon_die_lower,,,,392,0.5668607112425784,0.14066978605287525,1.7944335937499994e-10,45.091333932694056,3158995201.700139
v6p1i_0082,train,q,8,silicon_die_upper,,,,448,0.5645583116973454,0.14009843219995743,2.0080566406249994e-10,44.95721494599566,2811466072.598574
v6p1i_0083,test_iid,k,0,silicon_die_upper,145.0383197610954,145.0383197610954,145.0383197610954,880,,,,,
v6p1i_0083,test_iid,k,1,silicon_die_lower,314.13207614069677,314.13207614069677,314.13207614069677,792,,,,,
v6p1i_0083,test_iid,k,2,silicon_die_lower,29.017332690638018,29.017332690638018,29.017332690638018,704,,,,,
v6p1i_0083,test_iid,k,3,silicon_die_upper,53.438126842038855,53.438126842038855,53.438126842038855,448,,,,,
v6p1i_0083,test_iid,k,4,silicon_die_lower,122.82506041224543,122.82506041224543,122.82506041224543,448,,,,,
v6p1i_0083,test_iid,k,5,silicon_die_upper,105.9620904219568,105.9620904219568,105.9620904219568,448,,,,,
v6p1i_0083,test_iid,q,0,silicon_die_lower,,,,392,2.412602144191727,0.4458548570330306,1.79443359375e-10,224.81879098265628,13444922969.536484
v6p1i_0083,test_iid,q,1,silicon_die_upper,,,,240,1.2793543804941676,0.23642786100602875,1.0757446289062493e-10,150.33198571336055,11892733146.108627
v6p1i_0083,test_iid,q,2,silicon_die_upper,,,,336,1.7192262989050393,0.31771728196094057,1.5060424804687488e-10,159.29711239934252,11415523275.080116
v6p1i_0084,test_iid,k,0,silicon_die_lower,30.650559620780292,30.650559620780292,30.650559620780292,504,,,,,
v6p1i_0084,test_iid,k,1,silicon_die_lower,319.5511516150855,319.5511516150855,319.5511516150855,448,,,,,
v6p1i_0084,test_iid,k,2,silicon_die_upper,112.74078381832612,112.74078381832612,112.74078381832612,640,,,,,
v6p1i_0084,test_iid,q,0,silicon_die_lower,,,,336,0.4673910632498507,0.0827735030354962,1.5380859374999997e-10,52.42969842065981,3038783801.700617
v6p1i_0084,test_iid,q,1,silicon_die_upper,,,,512,0.9329475950599607,0.16522211626107552,2.294921874999998e-10,63.93612467379494,4065269520.601705
v6p1i_0084,test_iid,q,2,silicon_die_lower,,,,512,0.7620683615949099,0.1349599356973842,2.3437500000000003e-10,52.3657887188982,3251491676.138282
v6p1i_0084,test_iid,q,3,silicon_die_lower,,,,224,0.5493683655187175,0.09729142819866203,1.0253906249999999e-10,81.73131961295789,5357649583.725398
v6p1i_0084,test_iid,q,4,silicon_die_upper,,,,288,0.5614419018790199,0.09942961392181189,1.290893554687499e-10,60.952388957467846,4349250175.1233425
v6p1i_0084,test_iid,q,5,silicon_die_upper,,,,320,0.504606968012868,0.0893643239734302,1.4343261718749992e-10,53.52316427376942,3518076835.711844
v6p1i_0084,test_iid,q,6,silicon_die_upper,,,,336,0.5060017263829591,0.08961133134104605,1.5060424804687488e-10,53.55114442719216,3359810449.871696
v6p1i_0084,test_iid,q,7,silicon_die_upper,,,,192,0.2563216424084145,0.045393765337388585,8.605957031249993e-11,39.677547952255196,2978421127.1060047
v6p1i_0084,test_iid,q,8,silicon_die_upper,,,,432,0.6611207122892256,0.11708242109937071,1.9363403320312477e-10,56.97321473308201,3414279511.4725566
v6p1i_0084,test_iid,q,9,silicon_die_lower,,,,240,0.44535825435518606,0.07887156113433468,1.098632812500001e-10,59.2022043731016,4053749799.6418676
v6p1i_0085,train,k,0,silicon_die_upper,254.39829557475764,254.39829557475764,254.39829557475764,864,,,,,
v6p1i_0085,train,k,1,silicon_die_lower,105.2039710126234,105.2039710126234,105.2039710126234,400,,,,,
v6p1i_0085,train,k,2,silicon_die_upper,96.3865542009649,96.3865542009649,96.3865542009649,720,,,,,
v6p1i_0085,train,k,3,silicon_die_lower,289.87969916483826,289.87969916483826,289.87969916483826,432,,,,,
v6p1i_0085,train,k,4,silicon_die_upper,117.0195442543481,117.0195442543481,117.0195442543481,704,,,,,
v6p1i_0085,train,k,5,silicon_die_lower,64.93207374729373,64.93207374729373,64.93207374729373,336,,,,,
v6p1i_0085,train,q,0,silicon_die_upper,,,,240,0.9951887506890977,0.2035969513417253,1.0757446289062487e-10,121.98021746028692,9251161697.185926
v6p1i_0085,train,q,1,silicon_die_lower,,,,128,1.0080830988539464,0.2062348931131573,5.85937500000001e-11,217.26721748676067,17204618220.44066
v6p1i_0085,train,q,2,silicon_die_lower,,,,384,1.3477491413857217,0.2757241941988994,1.7578124999999997e-10,126.25482655712972,7667195115.438773
v6p1i_0085,train,q,3,silicon_die_upper,,,,240,1.53701266640598,0.31444396134621816,1.0757446289062493e-10,213.07919873468316,14287895334.12516
v6p1i_0086,train,k,0,silicon_die_upper,49.678237142625626,49.678237142625626,49.678237142625626,480,,,,,
v6p1i_0086,train,k,1,silicon_die_lower,47.996358242111214,47.996358242111214,47.996358242111214,616,,,,,
v6p1i_0086,train,q,0,silicon_die_upper,,,,240,0.2837694322470013,0.08587867430249405,1.0757446289062491e-10,42.575476176092934,2637888441.3814883
v6p1i_0086,train,q,1,silicon_die_upper,,,,336,0.5454995625035545,0.1650874757349443,1.5060424804687488e-10,54.49188332055991,3622072880.2667656
v6p1i_0086,train,q,2,silicon_die_upper,,,,160,0.14255788379766257,0.04314306151642107,7.171630859374995e-11,29.901665242350543,1987802866.5028982
v6p1i_0086,train,q,3,silicon_die_upper,,,,392,0.5710029328099856,0.17280569828914627,1.7570495605468725e-10,52.74222637426405,3249782735.964852
v6p1i_0086,train,q,4,silicon_die_upper,,,,384,0.6154741745192581,0.1862642701033712,1.7211914062499983e-10,48.78826119043203,3575861303.306218
v6p1i_0086,train,q,5,silicon_die_lower,,,,448,0.6624542593659147,0.2004821066522273,2.0507812499999992e-10,47.776852436477505,3230253150.43189
v6p1i_0086,train,q,6,silicon_die_lower,,,,280,0.4835479116899307,0.14633871340139576,1.2817382812499996e-10,50.08413658781417,3772594754.822775
v6p1i_0087,train,k,0,silicon_die_upper,31.302922634485604,31.302922634485604,31.302922634485604,576,,,,,
v6p1i_0087,train,k,1,silicon_die_lower,180.17299653618943,180.17299653618943,180.17299653618943,384,,,,,
v6p1i_0087,train,k,2,silicon_die_lower,20.305376260133574,20.305376260133574,20.305376260133574,720,,,,,
v6p1i_0087,train,q,0,silicon_die_lower,,,,576,1.827778839082586,0.25262325593695384,2.6367187499999996e-10,111.23405968002791,6932020486.002105
v6p1i_0087,train,q,1,silicon_die_lower,,,,336,1.264149508891719,0.17472221370481553,1.5380859374999997e-10,120.70600133627278,8218978394.318225
v6p1i_0087,train,q,2,silicon_die_lower,,,,448,1.4112243616000608,0.19504990727647226,2.0507812499999985e-10,112.70106940641298,6881398791.802206
v6p1i_0087,train,q,3,silicon_die_lower,,,,224,1.1942613786972447,0.16506274800603574,1.0253906249999995e-10,170.8431400704451,11646891921.77123
v6p1i_0087,train,q,4,silicon_die_upper,,,,288,1.5377821817770079,0.21254187507572264,1.2908935546875e-10,195.9498610260201,11912540551.41111
v6p1i_0088,train,k,0,silicon_die_lower,37.42099081797461,37.42099081797461,37.42099081797461,576,,,,,
v6p1i_0088,train,k,1,silicon_die_upper,100.89133280493527,100.89133280493527,100.89133280493527,448,,,,,
v6p1i_0088,train,q,0,silicon_die_upper,,,,240,1.9717214688883216,0.29228860761940006,1.0757446289062489e-10,327.11908910519196,18328899033.34258
v6p1i_0088,train,q,1,silicon_die_upper,,,,256,2.0036562964535793,0.2970226364520209,1.1474609375000001e-10,263.86622965956025,17461651468.667786
v6p1i_0088,train,q,2,silicon_die_upper,,,,280,1.4269446406956556,0.21153072011436405,1.2550354003906235e-10,167.3976928202004,11369756106.094906
v6p1i_0088,train,q,3,silicon_die_lower,,,,224,1.3434809454764847,0.19915803581421493,1.0253906249999995e-10,173.26328799740338,13102137982.551628
v6p1i_0089,train,k,0,silicon_die_upper,302.68143134120675,302.68143134120675,302.68143134120675,384,,,,,
v6p1i_0089,train,k,1,silicon_die_lower,53.52886559733623,53.52886559733623,53.52886559733623,504,,,,,
v6p1i_0089,train,k,2,silicon_die_lower,119.74177185320424,119.74177185320424,119.74177185320424,432,,,,,
v6p1i_0089,train,k,3,silicon_die_lower,51.576234359854006,51.576234359854006,51.576234359854006,448,,,,,
v6p1i_0089,train,k,4,silicon_die_upper,128.43153665745604,128.43153665745604,128.43153665745604,704,,,,,
v6p1i_0089,train,k,5,silicon_die_upper,29.791174662881918,29.791174662881918,29.791174662881918,704,,,,,
v6p1i_0089,train,k,6,silicon_die_lower,209.65112230115332,209.65112230115332,209.65112230115332,320,,,,,
v6p1i_0089,train,k,7,silicon_die_upper,104.52035327864265,104.52035327864265,104.52035327864265,528,,,,,
v6p1i_0089,train,q,0,silicon_die_lower,,,,392,0.27142802035717134,0.10670351697387014,1.7944335937499983e-10,25.312445877886965,1512611117.5278568
v6p1i_0089,train,q,1,silicon_die_lower,,,,320,0.21607244266437917,0.08494218659917738,1.464843749999999e-10,25.963689295846283,1475054541.9221628
v6p1i_0089,train,q,2,silicon_die_upper,,,,280,0.2612824395447488,0.102715096202118,1.2550354003906242e-10,30.46478987266547,2081873064.802999
v6p1i_0089,train,q,3,silicon_die_lower,,,,240,0.19107882518058497,0.0751167202235575,1.0986328125000007e-10,25.863534087129228,1739241928.7548344
v6p1i_0089,train,q,4,silicon_die_upper,,,,240,0.29550236966495397,0.11616760154633822,1.07574462890625e-10,33.94625273111472,2746956496.22162
v6p1i_0089,train,q,5,silicon_die_upper,,,,240,0.17865139103750408,0.07023125950994755,1.0757446289062498e-10,29.4140607396532,1660723058.5863645
v6p1i_0089,train,q,6,silicon_die_upper,,,,384,0.396447901682755,0.15585121002170468,1.7211914062499975e-10,29.61700705502467,2303334191.9043503
v6p1i_0089,train,q,7,silicon_die_lower,,,,280,0.2072502360954763,0.08147400941123199,1.2817382812499996e-10,23.292923935899474,1616946603.8991833
v6p1i_0089,train,q,8,silicon_die_lower,,,,448,0.3280131915727002,0.1289482239474551,2.0507812499999987e-10,25.759985486980888,1599454800.8116438
v6p1i_0089,train,q,9,silicon_die_lower,,,,256,0.19803207651657836,0.07785017556459947,1.1718750000000002e-10,21.806197426086236,1689873719.6081352
v6p1i_0090,valid_iid,k,0,silicon_die_lower,344.61218151116657,344.61218151116657,344.61218151116657,672,,,,,
v6p1i_0090,valid_iid,k,1,silicon_die_lower,143.7488873143354,143.7488873143354,143.7488873143354,616,,,,,
v6p1i_0090,valid_iid,k,2,silicon_die_upper,26.023396593454432,26.023396593454432,26.023396593454432,800,,,,,
v6p1i_0090,valid_iid,q,0,silicon_die_upper,,,,280,0.7353186045531992,0.17984027342685424,1.255035400390624e-10,81.2352529384461,5858947120.729301
v6p1i_0090,valid_iid,q,1,silicon_die_upper,,,,392,1.0955383773413927,0.26794088999067894,1.7570495605468736e-10,88.49584223123634,6235102309.80856
v6p1i_0090,valid_iid,q,2,silicon_die_lower,,,,336,0.7501024263021497,0.18345602111657938,1.5380859374999987e-10,65.66314802064343,4876856409.735886
v6p1i_0090,valid_iid,q,3,silicon_die_lower,,,,280,0.8771043233997422,0.21451746272615013,1.2817382812500007e-10,103.79095174339213,6843084397.4197
v6p1i_0090,valid_iid,q,4,silicon_die_upper,,,,240,0.6306678441607813,0.1542453527397373,1.0757446289062494e-10,95.2086999934206,5862616714.173189
v6p1i_0091,train,k,0,silicon_die_lower,28.602425844144353,28.602425844144353,28.602425844144353,576,,,,,
v6p1i_0091,train,k,1,silicon_die_lower,56.45746024801105,56.45746024801105,56.45746024801105,512,,,,,
v6p1i_0091,train,k,2,silicon_die_lower,61.24423865632605,61.24423865632605,61.24423865632605,288,,,,,
v6p1i_0091,train,k,3,silicon_die_upper,191.45611253467342,191.45611253467342,191.45611253467342,448,,,,,
v6p1i_0091,train,q,0,silicon_die_upper,,,,320,0.7669385328008766,0.1476021916064634,1.4343261718749997e-10,66.20649204007916,5347030179.323219
v6p1i_0091,train,q,1,silicon_die_lower,,,,288,0.6412803165519714,0.1234184698107131,1.3183593749999993e-10,75.92997236586517,4864229956.660882
v6p1i_0091,train,q,2,silicon_die_upper,,,,240,0.5172872927819331,0.09955522488346714,1.0757446289062498e-10,65.04991209574197,4808643974.433585
v6p1i_0091,train,q,3,silicon_die_lower,,,,448,0.8567241419669446,0.16488200233553757,2.0507812499999987e-10,60.90085309823846,4177550101.7816753
v6p1i_0091,train,q,4,silicon_die_upper,,,,320,0.7808138679841419,0.15027258798731125,1.4343261718749987e-10,72.99710645924401,5443767835.341358
v6p1i_0091,train,q,5,silicon_die_lower,,,,448,0.7881020073014213,0.15167523668724686,2.050781249999998e-10,67.3623271060194,3842935502.2697916
v6p1i_0091,train,q,6,silicon_die_lower,,,,384,0.8448372095161095,0.16259428668926065,1.7578124999999997e-10,88.37741479705821,4806185014.13609
v6p1i_0092,test_iid,k,0,silicon_die_lower,107.9910690934777,107.9910690934777,107.9910690934777,512,,,,,
v6p1i_0092,test_iid,k,1,silicon_die_upper,230.41938623706108,230.41938623706108,230.41938623706108,880,,,,,
v6p1i_0092,test_iid,q,0,silicon_die_upper,,,,320,0.800824756210748,0.1288890802901634,1.4343261718749982e-10,80.7989927591509,5583282045.002941
v6p1i_0092,test_iid,q,1,silicon_die_upper,,,,320,0.9679424276370395,0.15578590484924332,1.4343261718749976e-10,97.56303535344476,6748412227.406503
v6p1i_0092,test_iid,q,2,silicon_die_upper,,,,448,1.7744033596208129,0.2855821018414131,2.0080566406249973e-10,124.6494755704367,8836420864.44603
v6p1i_0092,test_iid,q,3,silicon_die_upper,,,,280,0.7037420670528072,0.1132640656778905,1.255035400390622e-10,80.95898454684107,5607348341.200351
v6p1i_0092,test_iid,q,4,silicon_die_upper,,,,336,1.1069644554121385,0.1781608641159753,1.5060424804687488e-10,103.52170715564532,7350154260.373857
v6p1i_0092,test_iid,q,5,silicon_die_lower,,,,288,0.8594092295996342,0.13831798322531438,1.3183593749999998e-10,96.56524555331268,6518778156.37056
v6p1i_0093,valid_iid,k,0,silicon_die_lower,260.9470618566619,260.9470618566619,260.9470618566619,880,,,,,
v6p1i_0093,valid_iid,k,1,silicon_die_upper,181.57754043377508,181.57754043377508,181.57754043377508,800,,,,,
v6p1i_0093,valid_iid,q,0,silicon_die_lower,,,,224,0.5205895132241732,0.11626328721218498,1.0253906249999994e-10,64.35217414129228,5076987252.776702
v6p1i_0093,valid_iid,q,1,silicon_die_lower,,,,320,0.6541983807809578,0.1461021636172119,1.4648437499999994e-10,69.65276203833893,4465994279.464674
v6p1i_0093,valid_iid,q,2,silicon_die_lower,,,,288,0.5471782519961366,0.12220135183686245,1.3183593749999995e-10,68.50459079220268,4150448370.6966224
v6p1i_0093,valid_iid,q,3,silicon_die_upper,,,,336,0.49640794868421284,0.11086281695311781,1.5060424804687488e-10,52.79682411684528,3296108543.5631814
v6p1i_0093,valid_iid,q,4,silicon_die_lower,,,,280,0.3684738454554729,0.08229128600583317,1.281738281249999e-10,47.10935467385232,2874797849.496415
v6p1i_0093,valid_iid,q,5,silicon_die_lower,,,,288,0.36508330901712205,0.08153407729969925,1.3183593749999998e-10,34.806793868944744,2769224506.9150596
v6p1i_0093,valid_iid,q,6,silicon_die_upper,,,,320,0.6940020417243395,0.15499151760303462,1.4343261718749987e-10,67.62383673803356,4838523170.898549
v6p1i_0093,valid_iid,q,7,silicon_die_lower,,,,448,0.8317442779108813,0.18575349947205572,2.0507812499999987e-10,65.3861300784321,4055743526.574967
v6p1i_0094,train,k,0,silicon_die_lower,24.46383237348904,24.46383237348904,24.46383237348904,880,,,,,
v6p1i_0094,train,k,1,silicon_die_upper,161.33061753938307,161.33061753938307,161.33061753938307,560,,,,,
v6p1i_0094,train,k,2,silicon_die_lower,56.980305794616356,56.980305794616356,56.980305794616356,616,,,,,
v6p1i_0094,train,k,3,silicon_die_upper,247.7678842212926,247.7678842212926,247.7678842212926,640,,,,,
v6p1i_0094,train,k,4,silicon_die_upper,275.9925749905604,275.9925749905604,275.9925749905604,576,,,,,
v6p1i_0094,train,k,5,silicon_die_lower,73.84668443493936,73.84668443493936,73.84668443493936,648,,,,,
v6p1i_0094,train,k,6,silicon_die_lower,272.56979861398725,272.56979861398725,272.56979861398725,504,,,,,
v6p1i_0094,train,k,7,silicon_die_lower,325.3422857195421,325.3422857195421,325.3422857195421,1056,,,,,
v6p1i_0094,train,q,0,silicon_die_lower,,,,336,1.4427296551345619,0.4054878119951413,1.5380859375000008e-10,133.2015525479755,9380032805.44629
v6p1i_0094,train,q,1,silicon_die_lower,,,,336,1.4227382331652365,0.39986910309554685,1.5380859374999985e-10,143.30804946040277,9250056830.229864
v6p1i_0094,train,q,2,silicon_die_upper,,,,192,0.6925420258227235,0.1946430849093119,8.605957031249995e-11,98.60841680088537,8047240107.148587
v6p1i_0095,train,k,0,silicon_die_upper,42.18179047429294,42.18179047429294,42.18179047429294,384,,,,,
v6p1i_0095,train,k,1,silicon_die_upper,158.38648441117604,158.38648441117604,158.38648441117604,440,,,,,
v6p1i_0095,train,k,2,silicon_die_lower,21.996229922951105,21.996229922951105,21.996229922951105,336,,,,,
v6p1i_0095,train,q,0,silicon_die_upper,,,,240,0.5853576933511757,0.08200812787814847,1.0757446289062495e-10,85.00425073414723,5441418693.824492
v6p1i_0095,train,q,1,silicon_die_lower,,,,200,0.7185256275656919,0.1006648451339019,9.155273437499995e-11,99.0551406158177,7848215921.357535
v6p1i_0095,train,q,2,silicon_die_upper,,,,256,0.6880861956168111,0.09640030593649118,1.1474609374999988e-10,75.24185328583287,5996597994.141406
v6p1i_0095,train,q,3,silicon_die_upper,,,,360,0.9949664401351382,0.13939397394768124,1.6136169433593744e-10,112.2282893989825,6166063415.6686945
v6p1i_0095,train,q,4,silicon_die_upper,,,,240,0.6500860869032029,0.09107652218825309,1.0757446289062495e-10,96.61664658000541,6043126495.218202
v6p1i_0095,train,q,5,silicon_die_lower,,,,320,0.7746772161126926,0.10853163616856075,1.4648437499999976e-10,100.21852841607883,5288463128.662657
v6p1i_0095,train,q,6,silicon_die_upper,,,,224,1.104887639200845,0.1547938428686691,1.0040283203124992e-10,140.94127059805692,11004546553.596754
v6p1i_0095,train,q,7,silicon_die_lower,,,,280,0.6652243265442793,0.09319737702015612,1.2817382812499996e-10,79.15758403518022,5190016841.000703
v6p1i_0095,train,q,8,silicon_die_upper,,,,280,0.9559897279211251,0.13393336885813825,1.2550354003906237e-10,112.53681919772058,7617233168.272209
v6p1i_0096,train,k,0,silicon_die_lower,91.4028522829712,91.4028522829712,91.4028522829712,648,,,,,
v6p1i_0096,train,k,1,silicon_die_lower,74.40279051816763,74.40279051816763,74.40279051816763,336,,,,,
v6p1i_0096,train,k,2,silicon_die_upper,32.568620928633806,32.568620928633806,32.568620928633806,336,,,,,
v6p1i_0096,train,k,3,silicon_die_lower,92.16858433994263,92.16858433994263,92.16858433994263,560,,,,,
v6p1i_0096,train,k,4,silicon_die_lower,216.42594294838895,216.42594294838895,216.42594294838895,720,,,,,
v6p1i_0096,train,k,5,silicon_die_upper,49.202200406271416,49.202200406271416,49.202200406271416,528,,,,,
v6p1i_0096,train,q,0,silicon_die_upper,,,,320,1.2421940472838455,0.4476855682773705,1.4343261718749992e-10,126.97145301394892,8660471179.020655
v6p1i_0096,train,q,1,silicon_die_lower,,,,288,0.9472396265006242,0.341384271975887,1.3183593749999998e-10,99.45046544466501,7184987981.752884
v6p1i_0096,train,q,2,silicon_die_upper,,,,200,0.5852683387544404,0.21093015974674256,8.964538574218748e-11,95.25146211051305,6528705676.359322
v6p1i_0097,test_iid,k,0,silicon_die_lower,236.0007527860041,236.0007527860041,236.0007527860041,448,,,,,
v6p1i_0097,test_iid,k,1,silicon_die_lower,390.32767511766866,390.32767511766866,390.32767511766866,800,,,,,
v6p1i_0097,test_iid,k,2,silicon_die_upper,64.77111758610712,64.77111758610712,64.77111758610712,384,,,,,
v6p1i_0097,test_iid,k,3,silicon_die_lower,320.6366924852176,320.6366924852176,320.6366924852176,720,,,,,
v6p1i_0097,test_iid,k,4,silicon_die_lower,31.30063000165463,31.30063000165463,31.30063000165463,528,,,,,
v6p1i_0097,test_iid,k,5,silicon_die_lower,67.5950492005763,67.5950492005763,67.5950492005763,792,,,,,
v6p1i_0097,test_iid,q,0,silicon_die_lower,,,,224,0.5904049536786878,0.08856661393917371,1.0253906250000008e-10,85.59188588008375,5757854024.44739
v6p1i_0097,test_iid,q,1,silicon_die_upper,,,,280,0.716257458420281,0.10744574110651249,1.2550354003906235e-10,79.658092206229,5707069762.313871
v6p1i_0097,test_iid,q,2,silicon_die_lower,,,,448,1.2233492891009998,0.18351455814433482,2.0507812499999998e-10,91.81733475408329,5965284152.568686
v6p1i_0097,test_iid,q,3,silicon_die_upper,,,,240,0.4734926553893101,0.0710286066395737,1.075744628906249e-10,71.1716962644413,4401533994.836008
v6p1i_0097,test_iid,q,4,silicon_die_upper,,,,392,0.9565445842492244,0.14349119935554258,1.757049560546873e-10,74.7262492413048,5444038721.090511
v6p1i_0097,test_iid,q,5,silicon_die_upper,,,,256,0.6654774514937206,0.09982823511969648,1.1474609374999992e-10,79.75568136512359,5799565194.294216
v6p1i_0097,test_iid,q,6,silicon_die_upper,,,,240,0.46189606968091323,0.06928900346882001,1.0757446289062487e-10,68.68017592594178,4293733450.015371
v6p1i_0097,test_iid,q,7,silicon_die_lower,,,,224,0.49382096593818503,0.07407805536319952,1.0253906249999995e-10,62.30167125589076,4815930182.101921
v6p1i_0097,test_iid,q,8,silicon_die_upper,,,,336,1.0849813199448717,0.16275798686314663,1.5060424804687495e-10,100.63663623899679,7204188022.685626
v6p1i_0098,train,k,0,silicon_die_lower,360.49712512796646,360.49712512796646,360.49712512796646,528,,,,,
v6p1i_0098,train,k,1,silicon_die_upper,300.4033910629033,300.4033910629033,300.4033910629033,560,,,,,
v6p1i_0098,train,k,2,silicon_die_upper,313.6393093390324,313.6393093390324,313.6393093390324,880,,,,,
v6p1i_0098,train,k,3,silicon_die_upper,154.93457997648954,154.93457997648954,154.93457997648954,616,,,,,
v6p1i_0098,train,k,4,silicon_die_upper,165.01247798072424,165.01247798072424,165.01247798072424,448,,,,,
v6p1i_0098,train,q,0,silicon_die_lower,,,,448,1.2859487291688205,0.2511582174744543,2.050781249999998e-10,90.17249612835894,6270530946.042255
v6p1i_0098,train,q,1,silicon_die_lower,,,,160,0.694731168724284,0.13568771289467846,7.324218749999996e-11,125.35052519756334,9485396223.648895
v6p1i_0098,train,q,2,silicon_die_upper,,,,288,0.7224834085192235,0.14110799359461418,1.290893554687499e-10,84.75828820131207,5596769818.051521
v6p1i_0098,train,q,3,silicon_die_lower,,,,240,0.6094361837313199,0.1190287778186356,1.0986328124999972e-10,85.92239206608438,5547223574.585539
v6p1i_0098,train,q,4,silicon_die_lower,,,,256,0.8505044443738449,0.16611173941678434,1.1718750000000002e-10,106.9931307955988,7257637925.323475
v6p1i_0098,train,q,5,silicon_die_lower,,,,288,0.9569703441575266,0.186905558800833,1.3183593749999995e-10,122.59080468961162,7258797277.165241
v6p1i_0099,test_iid,k,0,silicon_die_upper,136.20050881126443,136.20050881126443,136.20050881126443,648,,,,,
v6p1i_0099,test_iid,k,1,silicon_die_upper,149.3537029885457,149.3537029885457,149.3537029885457,384,,,,,
v6p1i_0099,test_iid,k,2,silicon_die_upper,33.513188011759425,33.513188011759425,33.513188011759425,648,,,,,
v6p1i_0099,test_iid,k,3,silicon_die_upper,38.70502702797129,38.70502702797129,38.70502702797129,512,,,,,
v6p1i_0099,test_iid,k,4,silicon_die_upper,73.08290969618004,73.08290969618004,73.08290969618004,504,,,,,
v6p1i_0099,test_iid,k,5,silicon_die_lower,301.65804453793254,301.65804453793254,301.65804453793254,528,,,,,
v6p1i_0099,test_iid,q,0,silicon_die_upper,,,,240,0.34587278540781635,0.07995623889473943,1.0757446289062482e-10,42.54105050555798,3215194165.175417
v6p1i_0099,test_iid,q,1,silicon_die_upper,,,,336,0.8797894049020787,0.20338302058795496,1.5060424804687498e-10,75.95294771079047,5841730338.365008
v6p1i_0099,test_iid,q,2,silicon_die_upper,,,,448,0.594697182160091,0.13747756971036335,2.0080566406249984e-10,47.25026916214131,2961555815.352869
v6p1i_0099,test_iid,q,3,silicon_die_upper,,,,384,0.6895056203827169,0.15939466309146666,1.7211914062499988e-10,68.33367911894229,4005978753.3157597
v6p1i_0099,test_iid,q,4,silicon_die_upper,,,,280,0.6049265255430508,0.13984231148182094,1.2550354003906242e-10,68.25119392933621,4819995717.688682
v6p1i_0099,test_iid,q,5,silicon_die_lower,,,,280,0.36844650116652006,0.08517465874762464,1.2817382812499996e-10,41.73114476136846,2874584511.958222
v6p1i_0099,test_iid,q,6,silicon_die_upper,,,,200,0.517275137616849,0.11957973053252924,8.964538574218746e-11,72.24136922368062,5770237177.677929
v6p1i_0099,test_iid,q,7,silicon_die_lower,,,,160,0.325262919696504,0.07519180695350076,7.324218749999996e-11,50.27677529183324,4440923063.589603
v6p1i_0100,train,k,0,silicon_die_lower,45.074658977215755,45.074658977215755,45.074658977215755,576,,,,,
v6p1i_0100,train,k,1,silicon_die_lower,36.884904110424166,36.884904110424166,36.884904110424166,792,,,,,
v6p1i_0100,train,k,2,silicon_die_lower,67.95682335829675,67.95682335829675,67.95682335829675,280,,,,,
v6p1i_0100,train,k,3,silicon_die_lower,372.0335066850602,372.0335066850602,372.0335066850602,512,,,,,
v6p1i_0100,train,k,4,silicon_die_lower,36.05808245289382,36.05808245289382,36.05808245289382,640,,,,,
v6p1i_0100,train,k,5,silicon_die_lower,105.58484431355072,105.58484431355072,105.58484431355072,640,,,,,
v6p1i_0100,train,k,6,silicon_die_upper,183.04368393033207,183.04368393033207,183.04368393033207,672,,,,,
v6p1i_0100,train,q,0,silicon_die_upper,,,,288,0.8806969477052865,0.19317417143983395,1.2908935546875e-10,104.61967151447233,6822382407.188375
v6p1i_0100,train,q,1,silicon_die_lower,,,,336,1.082517314661979,0.23744193263524196,1.5380859374999995e-10,113.48076178822797,7038080826.754711
v6p1i_0100,train,q,2,silicon_die_lower,,,,336,1.4100230161219156,0.3092778152123164,1.5380859375000003e-10,141.27989010061475,9167387736.564072
v6p1i_0100,train,q,3,silicon_die_upper,,,,240,0.6847182572071274,0.15018773750760894,1.0757446289062494e-10,93.40308709104593,6365063220.47182
v6p1i_0100,train,q,4,silicon_die_upper,,,,192,0.5011267740191415,0.10991834320499881,8.60595703124999e-11,77.2217982742548,5823022032.290514
v6p1i_0101,train,k,0,silicon_die_upper,61.01988108329271,61.01988108329271,61.01988108329271,280,,,,,
v6p1i_0101,train,k,1,silicon_die_upper,102.40505180242482,102.40505180242482,102.40505180242482,384,,,,,
v6p1i_0101,train,k,2,silicon_die_lower,204.32163448064554,204.32163448064554,204.32163448064554,704,,,,,
v6p1i_0101,train,k,3,silicon_die_lower,22.566483979844495,22.566483979844495,22.566483979844495,504,,,,,
v6p1i_0101,train,k,4,silicon_die_upper,116.77869565068653,116.77869565068653,116.77869565068653,704,,,,,
v6p1i_0101,train,k,5,silicon_die_upper,111.78439502871825,111.78439502871825,111.78439502871825,504,,,,,
v6p1i_0101,train,k,6,silicon_die_lower,98.80790186736489,98.80790186736489,98.80790186736489,616,,,,,
v6p1i_0101,train,q,0,silicon_die_lower,,,,336,1.0410252258122028,0.17406944428466226,1.5380859374999992e-10,89.37437357752023,6768316388.772675
v6p1i_0101,train,q,1,silicon_die_upper,,,,336,0.7201241947410805,0.1204117011638417,1.5060424804687477e-10,71.2820764107658,4781566284.351725
v6p1i_0101,train,q,2,silicon_die_upper,,,,320,1.1464610404420383,0.19169932798512407,1.4343261718749997e-10,109.92062305343133,7993028802.809515
v6p1i_0101,train,q,3,silicon_die_lower,,,,384,1.2293799727245107,0.2055641720880385,1.7578124999999997e-10,110.45202680199901,6993806067.054996
v6p1i_0101,train,q,4,silicon_die_lower,,,,384,0.953771255236038,0.15947974002656085,1.7578124999999995e-10,84.53283733974882,5425898696.453907
v6p1i_0101,train,q,5,silicon_die_lower,,,,192,0.4084337259236505,0.06829405276243453,8.789062499999993e-11,62.2735580379715,4647068170.509094
v6p1i_0101,train,q,6,silicon_die_upper,,,,240,0.48132132710407055,0.08048156168933789,1.075744628906249e-10,66.68112357348473,4474308438.73651
v6p1i_0102,test_iid,k,0,silicon_die_lower,26.922113557155548,26.922113557155548,26.922113557155548,432,,,,,
v6p1i_0102,test_iid,k,1,silicon_die_lower,27.31283995387734,27.31283995387734,27.31283995387734,504,,,,,
v6p1i_0102,test_iid,k,2,silicon_die_lower,194.1010616199741,194.1010616199741,194.1010616199741,560,,,,,
v6p1i_0102,test_iid,k,3,silicon_die_upper,346.83629650698094,346.83629650698094,346.83629650698094,640,,,,,
v6p1i_0102,test_iid,k,4,silicon_die_lower,222.2426827854854,222.2426827854854,222.2426827854854,792,,,,,
v6p1i_0102,test_iid,q,0,silicon_die_upper,,,,280,2.247434720798834,0.325650887569348,1.255035400390624e-10,259.56503821965816,17907341259.85076
v6p1i_0102,test_iid,q,1,silicon_die_lower,,,,200,1.6384998291097554,0.23741687297692018,9.155273437499995e-11,303.0043580320445,17896787466.756165
v6p1i_0102,test_iid,q,2,silicon_die_lower,,,,160,0.9278080356155949,0.1344383921348326,7.324218749999997e-11,215.8543717696134,12667672379.604927
v6p1i_0102,test_iid,q,3,silicon_die_lower,,,,280,2.087619598910945,0.3024938473188992,1.2817382812499996e-10,292.076935960422,16287409289.789015
v6p1i_0103,train,k,0,silicon_die_lower,68.07441250350897,68.07441250350897,68.07441250350897,480,,,,,
v6p1i_0103,train,k,1,silicon_die_upper,44.76804681967565,44.76804681967565,44.76804681967565,720,,,,,
v6p1i_0103,train,k,2,silicon_die_lower,295.8908843659609,295.8908843659609,295.8908843659609,336,,,,,
v6p1i_0103,train,k,3,silicon_die_lower,200.32222540826453,200.32222540826453,200.32222540826453,640,,,,,
v6p1i_0103,train,k,4,silicon_die_lower,30.38973806143899,30.38973806143899,30.38973806143899,528,,,,,
v6p1i_0103,train,k,5,silicon_die_upper,118.44500600817614,118.44500600817614,118.44500600817614,288,,,,,
v6p1i_0103,train,k,6,silicon_die_lower,21.081600881245055,21.081600881245055,21.081600881245055,560,,,,,
v6p1i_0103,train,k,7,silicon_die_lower,85.61950503558457,85.61950503558457,85.61950503558457,616,,,,,
v6p1i_0103,train,q,0,silicon_die_upper,,,,320,0.2550687424479883,0.07020278803955307,1.434326171874997e-10,29.14567277752451,1778317564.369297
v6p1i_0103,train,q,1,silicon_die_upper,,,,512,0.6327117519422181,0.17414179638569877,2.2949218749999964e-10,44.56376769067134,2757007804.207797
v6p1i_0103,train,q,2,silicon_die_upper,,,,512,0.6772865020121851,0.1864101429539422,2.2949218749999987e-10,46.02628811122521,2951239906.6403317
v6p1i_0103,train,q,3,silicon_die_lower,,,,320,0.24053298158293002,0.06620209815019354,1.4648437499999997e-10,24.210808977556212,1642038487.6061358
v6p1i_0103,train,q,4,silicon_die_lower,,,,280,0.30538686778913793,0.0840518886936354,1.281738281249999e-10,35.92105590813008,2382599258.027257
v6p1i_0103,train,q,5,silicon_die_lower,,,,384,0.2983930123894791,0.08212696389301365,1.7578125e-10,27.428056342980312,1697524692.704592
v6p1i_0103,train,q,6,silicon_die_lower,,,,192,0.2629823531973635,0.07238085789136646,8.789062499999999e-11,38.51482332956657,2992154774.1566696
v6p1i_0103,train,q,7,silicon_die_lower,,,,392,0.5177241834334619,0.14249366960336726,1.79443359375e-10,45.756542910710316,2885167694.344844
v6p1i_0103,train,q,8,silicon_die_lower,,,,240,0.29937935908927304,0.08239843693841539,1.0986328125000001e-10,42.545500279985575,2725017455.177027
v6p1i_0103,train,q,9,silicon_die_upper,,,,200,0.1438478162875579,0.03959135745081431,8.96453857421874e-11,24.645119893318203,1604631572.463218
v6p1i_0104,train,k,0,silicon_die_lower,180.79109275115772,180.79109275115772,180.79109275115772,288,,,,,
v6p1i_0104,train,k,1,silicon_die_lower,112.73816242236967,112.73816242236967,112.73816242236967,336,,,,,
v6p1i_0104,train,k,2,silicon_die_upper,39.40072664443924,39.40072664443924,39.40072664443924,504,,,,,
v6p1i_0104,train,k,3,silicon_die_lower,22.847600288179688,22.847600288179688,22.847600288179688,392,,,,,
v6p1i_0104,train,k,4,silicon_die_lower,27.280852373851403,27.280852373851403,27.280852373851403,528,,,,,
v6p1i_0104,train,k,5,silicon_die_lower,57.9457389292681,57.9457389292681,57.9457389292681,704,,,,,
v6p1i_0104,train,k,6,silicon_die_lower,121.66552984611396,121.66552984611396,121.66552984611396,384,,,,,
v6p1i_0104,train,k,7,silicon_die_upper,269.2814829422447,269.2814829422447,269.2814829422447,704,,,,,
v6p1i_0104,train,q,0,silicon_die_lower,,,,384,0.45904295248922533,0.16199724287249156,1.7578124999999992e-10,44.936537365825444,2611444351.9387054
v6p1i_0104,train,q,1,silicon_die_upper,,,,288,0.24750455513819836,0.08734488856293206,1.290893554687499e-10,31.392430189842884,1917311882.4511797
v6p1i_0104,train,q,2,silicon_die_upper,,,,280,0.33750786568283825,0.11910724996847076,1.2550354003906232e-10,40.02706672856511,2689229846.2480874
v6p1i_0104,train,q,3,silicon_die_lower,,,,384,0.5692631533640419,0.20089418825363553,1.7578124999999997e-10,50.99496033006297,3238474828.02655
v6p1i_0104,train,q,4,silicon_die_upper,,,,448,0.42256733732662255,0.14912492001821925,2.0080566406249989e-10,32.15300036616993,2104359651.9025495
v6p1i_0104,train,q,5,silicon_die_upper,,,,320,0.38022123779698236,0.13418089063489735,1.434326171874997e-10,40.37757389647756,2650870110.6662855
v6p1i_0104,train,q,6,silicon_die_upper,,,,288,0.417539597056955,0.14735061968935348,1.290893554687499e-10,50.62116379104912,3234500594.884707
v6p1i_0105,train,k,0,silicon_die_upper,267.2790121240318,267.2790121240318,267.2790121240318,800,,,,,
v6p1i_0105,train,k,1,silicon_die_upper,207.1189794458636,207.1189794458636,207.1189794458636,448,,,,,
v6p1i_0105,train,k,2,silicon_die_upper,21.55837218087332,21.55837218087332,21.55837218087332,336,,,,,
v6p1i_0105,train,k,3,silicon_die_upper,385.6065577948269,385.6065577948269,385.6065577948269,288,,,,,
v6p1i_0105,train,k,4,silicon_die_upper,57.09996685582629,57.09996685582629,57.09996685582629,704,,,,,
v6p1i_0105,train,k,5,silicon_die_lower,202.20838406975193,202.20838406975193,202.20838406975193,640,,,,,
v6p1i_0105,train,q,0,silicon_die_lower,,,,240,1.7871296739924125,0.27703253137445794,1.0986328124999998e-10,208.07447585089972,16266851432.606495
v6p1i_0105,train,q,1,silicon_die_upper,,,,392,1.0811522456057072,0.1675951934322816,1.7570495605468738e-10,103.9439204164741,6153225668.086468
v6p1i_0105,train,q,2,silicon_die_lower,,,,320,1.832000830992405,0.28398824946828743,1.4648437500000005e-10,206.21607055154723,12506459006.24148
v6p1i_0105,train,q,3,silicon_die_upper,,,,280,1.0415247877880358,0.16145232920092495,1.2550354003906242e-10,118.41397432482822,8298768205.77225
v6p1i_0105,train,q,4,silicon_die_lower,,,,200,0.7091665227752694,0.10993169652404818,9.155273437500005e-11,139.5820809442973,7745989539.433337
v6p1i_0106,train,k,0,silicon_die_lower,46.379739980848754,46.379739980848754,46.379739980848754,720,,,,,
v6p1i_0106,train,k,1,silicon_die_lower,151.43064293409708,151.43064293409708,151.43064293409708,792,,,,,
v6p1i_0106,train,k,2,silicon_die_upper,90.58261793711392,90.58261793711392,90.58261793711392,704,,,,,
v6p1i_0106,train,k,3,silicon_die_lower,272.98810053236565,272.98810053236565,272.98810053236565,880,,,,,
v6p1i_0106,train,q,0,silicon_die_upper,,,,200,0.40233371855964467,0.07327476394163689,8.964538574218738e-11,74.17207103277072,4488058311.408495
v6p1i_0106,train,q,1,silicon_die_lower,,,,280,0.7248200550961383,0.13200737593525919,1.28173828125e-10,79.91912415620448,5654977039.378634
v6p1i_0106,train,q,2,silicon_die_upper,,,,448,0.676728552311283,0.12324874261271691,2.0080566406249965e-10,55.64995338052581,3370067051.996377
v6p1i_0106,train,q,3,silicon_die_upper,,,,280,0.4896209892399022,0.0891719007192929,1.2550354003906224e-10,61.087597752302756,3901252419.553349
v6p1i_0106,train,q,4,silicon_die_upper,,,,384,0.949893473574881,0.17299872428063084,1.7211914062499988e-10,85.88521384360756,5518813713.138603
v6p1i_0106,train,q,5,silicon_die_lower,,,,200,0.3897740764321366,0.07098734737764795,9.155273437499996e-11,66.56678294308607,4257372312.1760855
v6p1i_0106,train,q,6,silicon_die_upper,,,,200,0.26790321391750926,0.04879169667729744,8.964538574218748e-11,46.586715485774356,2988477451.4549603
v6p1i_0106,train,q,7,silicon_die_upper,,,,224,0.4320968274965071,0.07869535058628946,1.0040283203124987e-10,62.32425092426324,4303631867.296524
v6p1i_0106,train,q,8,silicon_die_lower,,,,224,0.546953907313942,0.09961362072476562,1.0253906249999997e-10,76.86721347618375,5334102867.5188265
v6p1i_0106,train,q,9,silicon_die_upper,,,,256,0.6106293955168844,0.1112104771444629,1.1474609374999999e-10,77.76090581210262,5321570221.355658
v6p1i_0107,train,k,0,silicon_die_upper,39.501149850597606,39.501149850597606,39.501149850597606,448,,,,,
v6p1i_0107,train,k,1,silicon_die_lower,44.83301388344247,44.83301388344247,44.83301388344247,800,,,,,
v6p1i_0107,train,k,2,silicon_die_lower,25.428600386326256,25.428600386326256,25.428600386326256,720,,,,,
v6p1i_0107,train,k,3,silicon_die_lower,38.76080941128007,38.76080941128007,38.76080941128007,640,,,,,
v6p1i_0107,train,k,4,silicon_die_lower,385.1895276697496,385.1895276697496,385.1895276697496,640,,,,,
v6p1i_0107,train,k,5,silicon_die_upper,227.72490586114546,227.72490586114546,227.72490586114546,792,,,,,
v6p1i_0107,train,k,6,silicon_die_upper,84.79658812067369,84.79658812067369,84.79658812067369,720,,,,,
v6p1i_0107,train,k,7,silicon_die_lower,24.17878853717145,24.17878853717145,24.17878853717145,288,,,,,
v6p1i_0107,train,q,0,silicon_die_lower,,,,504,1.227110362150464,0.32302703583511577,2.3071289062500001e-10,95.80261702130701,5318776765.469101
v6p1i_0107,train,q,1,silicon_die_upper,,,,360,1.121203194620107,0.29514781693497466,1.613616943359371e-10,123.11638960325396,6948385112.304825
v6p1i_0107,train,q,2,silicon_die_lower,,,,240,0.7889684883341263,0.20768967487753567,1.0986328125000003e-10,105.31349343732384,7181366507.147956
v6p1i_0107,train,q,3,silicon_die_lower,,,,280,0.6615032763097737,0.17413547235237398,1.2817382812499996e-10,78.52061103060086,5160985561.456826
v6p1i_0108,train,k,0,silicon_die_lower,82.16132308075707,82.16132308075707,82.16132308075707,336,,,,,
v6p1i_0108,train,k,1,silicon_die_upper,75.93777336466195,75.93777336466195,75.93777336466195,880,,,,,
v6p1i_0108,train,k,2,silicon_die_lower,78.55198483824613,78.55198483824613,78.55198483824613,504,,,,,
v6p1i_0108,train,k,3,silicon_die_upper,50.476170931988506,50.476170931988506,50.476170931988506,576,,,,,
v6p1i_0108,train,k,4,silicon_die_lower,391.69434964496344,391.69434964496344,391.69434964496344,640,,,,,
v6p1i_0108,train,k,5,silicon_die_upper,80.03213640088255,80.03213640088255,80.03213640088255,336,,,,,
v6p1i_0108,train,k,6,silicon_die_upper,22.079307057771196,22.079307057771196,22.079307057771196,576,,,,,
v6p1i_0108,train,q,0,silicon_die_lower,,,,448,0.803535950706105,0.16696044674681176,2.0507812499999995e-10,62.865580973459444,3918194350.10977
v6p1i_0108,train,q,1,silicon_die_lower,,,,240,0.5400139981658377,0.1122052825440748,1.0986328125000001e-10,67.09921483254732,4915327414.416158
v6p1i_0108,train,q,2,silicon_die_lower,,,,448,0.5538813864643691,0.11508667863282444,2.0507812499999995e-10,39.90856332384596,2700831141.616734
v6p1i_0108,train,q,3,silicon_die_lower,,,,256,0.6282394297171381,0.13053695451630115,1.171874999999999e-10,77.11871838603558,5360976466.919582
v6p1i_0108,train,q,4,silicon_die_lower,,,,160,0.21549208525275182,0.044775413959494095,7.324218750000004e-11,40.48859710114323,2942185270.650903
v6p1i_0108,train,q,5,silicon_die_lower,,,,336,0.5643954099981163,0.11727130530044069,1.5380859375000008e-10,52.70485790080841,3669466030.71791
v6p1i_0108,train,q,6,silicon_die_lower,,,,336,0.5385674502843196,0.11190471568041836,1.5380859374999997e-10,49.60748699348819,3501543295.8167834
v6p1i_0108,train,q,7,silicon_die_lower,,,,280,0.4100542016723086,0.0852019534925032,1.281738281249999e-10,57.558079267881936,3199203828.666242
v6p1i_0108,train,q,8,silicon_die_upper,,,,320,0.5585524825237425,0.11605724912713142,1.4343261718749982e-10,55.12412612872849,3894180371.774046
v6p1i_0109,train,k,0,silicon_die_upper,53.23067721387436,53.23067721387436,53.23067721387436,800,,,,,
v6p1i_0109,train,k,1,silicon_die_upper,70.50875922840147,70.50875922840147,70.50875922840147,432,,,,,
v6p1i_0109,train,k,2,silicon_die_upper,147.31108525681634,147.31108525681634,147.31108525681634,616,,,,,
v6p1i_0109,train,k,3,silicon_die_upper,53.20148232554439,53.20148232554439,53.20148232554439,504,,,,,
v6p1i_0109,train,k,4,silicon_die_upper,95.98462396887979,95.98462396887979,95.98462396887979,504,,,,,
v6p1i_0109,train,k,5,silicon_die_upper,100.76177706189084,100.76177706189084,100.76177706189084,968,,,,,
v6p1i_0109,train,k,6,silicon_die_lower,154.4892730749445,154.4892730749445,154.4892730749445,480,,,,,
v6p1i_0109,train,q,0,silicon_die_upper,,,,160,0.8023717769061335,0.13638684972830628,7.171630859374993e-11,169.66926545705738,11188135483.259663
v6p1i_0109,train,q,1,silicon_die_upper,,,,336,3.38022223251829,0.5745688905614196,1.5060424804687488e-10,294.560225876897,22444401644.409203
v6p1i_0109,train,q,2,silicon_die_lower,,,,288,1.7004642069983733,0.2890442597102742,1.3183593749999988e-10,207.63412486536183,12898335910.861748
v6p1i_0110,train,k,0,silicon_die_lower,25.106321386992434,25.106321386992434,25.106321386992434,704,,,,,
v6p1i_0110,train,k,1,silicon_die_upper,86.24062872925046,86.24062872925046,86.24062872925046,704,,,,,
v6p1i_0110,train,k,2,silicon_die_lower,32.61479431739099,32.61479431739099,32.61479431739099,1056,,,,,
v6p1i_0110,train,k,3,silicon_die_upper,35.547222133869006,35.547222133869006,35.547222133869006,512,,,,,
v6p1i_0110,train,k,4,silicon_die_lower,28.989130300825053,28.989130300825053,28.989130300825053,504,,,,,
v6p1i_0110,train,k,5,silicon_die_lower,53.8181821985434,53.8181821985434,53.8181821985434,384,,,,,
v6p1i_0110,train,q,0,silicon_die_lower,,,,336,1.191384107182717,0.15953245955580495,1.5380859374999997e-10,119.9263945825541,7745887782.572079
v6p1i_0110,train,q,1,silicon_die_lower,,,,256,0.9068618691668522,0.12143346851224579,1.1718749999999994e-10,105.13754982596154,7738554616.890476
v6p1i_0110,train,q,2,silicon_die_lower,,,,240,0.6340783649753999,0.0849063543031929,1.0986328124999993e-10,83.42983600604092,5771522184.309422
v6p1i_0110,train,q,3,silicon_die_lower,,,,280,0.7582011419851379,0.10152703254111684,1.2817382812499986e-10,84.17955286687763,5915413100.135482
v6p1i_0110,train,q,4,silicon_die_lower,,,,336,1.4183452368475231,0.18992372213913022,1.5380859374999992e-10,158.01923919576447,9221495381.154696
v6p1i_0110,train,q,5,silicon_die_lower,,,,240,0.5559551858596186,0.0744452588113862,1.0986328124999996e-10,81.09938460068344,5060427647.291108
v6p1i_0110,train,q,6,silicon_die_upper,,,,288,0.918798276819084,0.12303181488898593,1.290893554687499e-10,105.45320109802883,7117537100.427368
v6p1i_0110,train,q,7,silicon_die_upper,,,,336,1.0843488585118262,0.14519988924813707,1.5060424804687495e-10,121.68596273572079,7199988530.033543
v6p1i_0111,train,k,0,silicon_die_lower,211.55190791847966,211.55190791847966,211.55190791847966,480,,,,,
v6p1i_0111,train,k,1,silicon_die_lower,162.1948195879159,162.1948195879159,162.1948195879159,640,,,,,
v6p1i_0111,train,k,2,silicon_die_upper,24.564824549986856,24.564824549986856,24.564824549986856,704,,,,,
v6p1i_0111,train,k,3,silicon_die_upper,153.46684071310887,153.46684071310887,153.46684071310887,880,,,,,
v6p1i_0111,train,k,4,silicon_die_lower,40.55956748546848,40.55956748546848,40.55956748546848,336,,,,,
v6p1i_0111,train,k,5,silicon_die_lower,193.51040266987619,193.51040266987619,193.51040266987619,384,,,,,
v6p1i_0111,train,k,6,silicon_die_upper,350.2210235001612,350.2210235001612,350.2210235001612,880,,,,,
v6p1i_0111,train,q,0,silicon_die_lower,,,,384,0.6199578143359766,0.19236029291441542,1.7578124999999995e-10,55.63231664149551,3526871121.5557795
v6p1i_0111,train,q,1,silicon_die_upper,,,,224,0.479307020918173,0.14871921412670414,1.0040283203124992e-10,56.15012681011099,4773839653.935169
v6p1i_0111,train,q,2,silicon_die_upper,,,,320,0.3094227501926535,0.09600758226621288,1.4343261718749987e-10,36.37262137919555,2157269080.4921017
v6p1i_0111,train,q,3,silicon_die_lower,,,,240,0.5917620933871844,0.1836117345202414,1.0986328125e-10,72.50409398774777,5386350076.697573
v6p1i_0111,train,q,4,silicon_die_lower,,,,280,0.4400969701451791,0.13655313334270633,1.281738281249999e-10,44.566829305343255,3433594647.0755334
v6p1i_0111,train,q,5,silicon_die_upper,,,,392,0.7823524480387771,0.24274804282971982,1.757049560546875e-10,58.274258148403725,4452648722.072887
v6p1i_0112,train,k,0,silicon_die_lower,130.07400395232986,130.07400395232986,130.07400395232986,448,,,,,
v6p1i_0112,train,k,1,silicon_die_upper,283.9999247234489,283.9999247234489,283.9999247234489,1152,,,,,
v6p1i_0112,train,k,2,silicon_die_upper,258.9419934437363,258.9419934437363,258.9419934437363,336,,,,,
v6p1i_0112,train,k,3,silicon_die_lower,44.508994700881246,44.508994700881246,44.508994700881246,880,,,,,
v6p1i_0112,train,k,4,silicon_die_upper,64.69042424315116,64.69042424315116,64.69042424315116,704,,,,,
v6p1i_0112,train,q,0,silicon_die_upper,,,,448,0.5733169286926952,0.1300121783189765,2.0080566406249989e-10,37.927057110604544,2855083452.7966943
v6p1i_0112,train,q,1,silicon_die_lower,,,,192,0.28439256521788053,0.06449224687296301,8.7890625e-11,42.834405491932536,3235755408.7012186
v6p1i_0112,train,q,2,silicon_die_lower,,,,160,0.19222112167020153,0.04359035203137258,7.324218749999994e-11,41.8146921858436,2624459047.8704867
v6p1i_0112,train,q,3,silicon_die_upper,,,,288,0.38116049176984557,0.0864364949716883,1.2908935546875e-10,46.98717164968816,2952687232.6984158
v6p1i_0112,train,q,4,silicon_die_lower,,,,280,0.5895339071632174,0.13368973359632058,1.2817382812499996e-10,65.02527533812211,4599487397.6010275
v6p1i_0112,train,q,5,silicon_die_upper,,,,288,0.5415210070292964,0.12280175624659108,1.290893554687498e-10,65.68542957677771,4194931526.7933836
v6p1i_0112,train,q,6,silicon_die_upper,,,,336,0.5367491093704849,0.12171962387217825,1.5060424804687488e-10,58.27113425790576,3563970580.71977
v6p1i_0112,train,q,7,silicon_die_upper,,,,240,0.38460384929896413,0.08721735175558368,1.0757446289062502e-10,50.039196894970225,3575233740.0931787
v6p1i_0112,train,q,8,silicon_die_lower,,,,512,0.6516761717491412,0.14778185399282245,2.3437500000000003e-10,44.41770610838778,2780484999.4630017
v6p1i_0112,train,q,9,silicon_die_upper,,,,200,0.2745419691997933,0.06225840834150352,8.96453857421874e-11,47.469156842455305,3062533190.379178
v6p1i_0113,train,k,0,silicon_die_upper,254.9975474463787,254.9975474463787,254.9975474463787,360,,,,,
v6p1i_0113,train,k,1,silicon_die_lower,251.82298090944505,251.82298090944505,251.82298090944505,392,,,,,
v6p1i_0113,train,k,2,silicon_die_lower,26.602877377026793,26.602877377026793,26.602877377026793,512,,,,,
v6p1i_0113,train,k,3,silicon_die_lower,74.28423877268995,74.28423877268995,74.28423877268995,320,,,,,
v6p1i_0113,train,k,4,silicon_die_upper,122.28881934469372,122.28881934469372,122.28881934469372,336,,,,,
v6p1i_0113,train,k,5,silicon_die_upper,266.2766629588281,266.2766629588281,266.2766629588281,864,,,,,
v6p1i_0113,train,k,6,silicon_die_lower,328.6988041093941,328.6988041093941,328.6988041093941,720,,,,,
v6p1i_0113,train,k,7,silicon_die_upper,233.36423836745013,233.36423836745013,233.36423836745013,560,,,,,
v6p1i_0113,train,q,0,silicon_die_lower,,,,192,0.7348813795738912,0.11960152505679565,8.789062500000001e-11,125.59195026847557,8361317029.818495
v6p1i_0113,train,q,1,silicon_die_lower,,,,384,1.833363213979777,0.2983788165950695,1.7578125000000002e-10,180.48618109412084,10429799617.307175
v6p1i_0113,train,q,2,silicon_die_upper,,,,504,1.383111197673489,0.22510055794419195,2.259063720703122e-10,110.00784524187196,6122497497.516372
v6p1i_0113,train,q,3,silicon_die_lower,,,,392,2.193058999678855,0.3569191004039429,1.7944335937499996e-10,181.3052189389498,12221455323.380398
v6p1i_0114,valid_iid,k,0,silicon_die_lower,76.18820704315588,76.18820704315588,76.18820704315588,448,,,,,
v6p1i_0114,valid_iid,k,1,silicon_die_lower,78.2403453368492,78.2403453368492,78.2403453368492,336,,,,,
v6p1i_0114,valid_iid,k,2,silicon_die_upper,54.04911069884633,54.04911069884633,54.04911069884633,576,,,,,
v6p1i_0114,valid_iid,k,3,silicon_die_lower,309.4568909476423,309.4568909476423,309.4568909476423,704,,,,,
v6p1i_0114,valid_iid,q,0,silicon_die_lower,,,,320,1.116034284068801,0.1578712721172872,1.464843749999999e-10,127.77870712741539,7618794045.909686
v6p1i_0114,valid_iid,q,1,silicon_die_upper,,,,448,1.250641021269687,0.17691238684002378,2.0080566406249984e-10,89.51697427128362,6228116259.113243
v6p1i_0114,valid_iid,q,2,silicon_die_upper,,,,392,1.3360713141596956,0.18899713119637784,1.7570495605468736e-10,115.74998634715476,7604061627.856698
v6p1i_0114,valid_iid,q,3,silicon_die_lower,,,,320,1.202988632692364,0.17017160538597886,1.4648437499999997e-10,129.21454649336096,8212402399.179873
v6p1i_0114,valid_iid,q,4,silicon_die_lower,,,,240,0.5823097466842794,0.0823720039676444,1.0986328124999996e-10,77.36392303020304,5300312716.486243
v6p1i_0114,valid_iid,q,5,silicon_die_upper,,,,280,0.8415573316103825,0.11904448492083278,1.255035400390625e-10,106.82854653588363,6705446964.670885
v6p1i_0114,valid_iid,q,6,silicon_die_upper,,,,200,0.7396653652844584,0.10463111557185517,8.964538574218753e-11,115.44310431758174,8251014362.431021
v6p1i_0115,valid_iid,k,0,silicon_die_lower,36.53800507361514,36.53800507361514,36.53800507361514,576,,,,,
v6p1i_0115,valid_iid,k,1,silicon_die_lower,388.80757197370565,388.80757197370565,388.80757197370565,504,,,,,
v6p1i_0115,valid_iid,k,2,silicon_die_upper,154.66509981744778,154.66509981744778,154.66509981744778,576,,,,,
v6p1i_0115,valid_iid,k,3,silicon_die_lower,242.70473685459595,242.70473685459595,242.70473685459595,616,,,,,
v6p1i_0115,valid_iid,q,0,silicon_die_upper,,,,336,0.8562019913103834,0.2453450224677221,1.506042480468749e-10,91.97200326591278,5685111823.963255
v6p1i_0115,valid_iid,q,1,silicon_die_lower,,,,392,0.6474462587431148,0.1855259839501914,1.7944335937499994e-10,52.489794049167855,3608081463.6895227
v6p1i_0115,valid_iid,q,2,silicon_die_lower,,,,288,0.6408653442693474,0.18364022028015656,1.3183593749999995e-10,82.38697271915342,4861082315.050459
v6p1i_0115,valid_iid,q,3,silicon_die_lower,,,,336,0.8262645068598469,0.2367664243452128,1.5380859374999997e-10,71.89784461095013,5372030825.552275
v6p1i_0115,valid_iid,q,4,silicon_die_lower,,,,240,0.5190093935810395,0.14872234895671715,1.0986328125000009e-10,59.8436454616153,4724138835.795413
v6p1i_0116,test_iid,k,0,silicon_die_upper,47.3646527585795,47.3646527585795,47.3646527585795,576,,,,,
v6p1i_0116,test_iid,k,1,silicon_die_upper,142.589518291366,142.589518291366,142.589518291366,384,,,,,
v6p1i_0116,test_iid,k,2,silicon_die_lower,84.63581417306617,84.63581417306617,84.63581417306617,432,,,,,
v6p1i_0116,test_iid,q,0,silicon_die_upper,,,,280,0.39795006303157554,0.1512267060632273,1.255035400390624e-10,40.86368090429906,3170827395.846487
v6p1i_0116,test_iid,q,1,silicon_die_lower,,,,280,0.26384858768649305,0.1002662306704974,1.2817382812500001e-10,30.358895444190757,2058521552.6930962
v6p1i_0116,test_iid,q,2,silicon_die_lower,,,,288,0.41714610825267984,0.15852147733707433,1.3183593749999995e-10,46.22600273599048,3164130480.3758836
v6p1i_0116,test_iid,q,3,silicon_die_upper,,,,240,0.19422733212805932,0.07380915947447478,1.075744628906249e-10,30.022274985315704,1805515239.4814904
v6p1i_0116,test_iid,q,4,silicon_die_upper,,,,384,0.3299585202109314,0.12538894897734126,1.7211914062499983e-10,30.74327680086569,1917035601.1120234
v6p1i_0116,test_iid,q,5,silicon_die_lower,,,,392,0.5662565446400638,0.21518557223062199,1.79443359375e-10,46.320037315117816,3155628308.6336074
v6p1i_0116,test_iid,q,6,silicon_die_upper,,,,288,0.23689386020512426,0.0900230493557707,1.2908935546874988e-10,29.267994459882054,1835115369.0783734
v6p1i_0116,test_iid,q,7,silicon_die_lower,,,,256,0.22519905367608667,0.0855788558909923,1.1718750000000002e-10,25.818652083623547,1921698591.3692727
v6p1i_0117,train,k,0,silicon_die_upper,119.6770128442576,119.6770128442576,119.6770128442576,512,,,,,
v6p1i_0117,train,k,1,silicon_die_lower,33.32842315535245,33.32842315535245,33.32842315535245,432,,,,,
v6p1i_0117,train,k,2,silicon_die_lower,54.04721099609121,54.04721099609121,54.04721099609121,576,,,,,
v6p1i_0117,train,k,3,silicon_die_upper,45.88681735599769,45.88681735599769,45.88681735599769,432,,,,,
v6p1i_0117,train,k,4,silicon_die_lower,73.31928123299882,73.31928123299882,73.31928123299882,648,,,,,
v6p1i_0117,train,q,0,silicon_die_lower,,,,240,1.0595551515509356,0.15504571749170293,1.0986328124999981e-10,146.0321768778738,9644306446.116978
v6p1i_0117,train,q,1,silicon_die_upper,,,,320,1.669270407774536,0.24426593337989977,1.4343261718749984e-10,145.88822385138016,11638011217.437458
v6p1i_0117,train,q,2,silicon_die_lower,,,,384,1.279041624030185,0.18716338267926363,1.7578125e-10,114.17246186476913,7276325683.371719
v6p1i_0117,train,q,3,silicon_die_lower,,,,512,1.1840164164351537,0.17325825327679348,2.3437499999999993e-10,74.81781533439566,5051803376.78999
v6p1i_0117,train,q,4,silicon_die_upper,,,,256,1.147053902856487,0.16784949335550714,1.1474609374999994e-10,122.40424791649323,9996452736.383348
v6p1i_0117,train,q,5,silicon_die_upper,,,,240,0.4948865377209025,0.07241721981683312,1.0757446289062487e-10,73.08329168364534,4600409097.315902
v6p1i_0118,train,k,0,silicon_die_upper,45.607369417387694,45.607369417387694,45.607369417387694,792,,,,,
v6p1i_0118,train,k,1,silicon_die_upper,74.37659542304985,74.37659542304985,74.37659542304985,880,,,,,
v6p1i_0118,train,k,2,silicon_die_upper,159.03820055213683,159.03820055213683,159.03820055213683,528,,,,,
v6p1i_0118,train,k,3,silicon_die_lower,53.4557196120587,53.4557196120587,53.4557196120587,336,,,,,
v6p1i_0118,train,k,4,silicon_die_upper,172.15373010756906,172.15373010756906,172.15373010756906,480,,,,,
v6p1i_0118,train,k,5,silicon_die_upper,174.58288809987042,174.58288809987042,174.58288809987042,432,,,,,
v6p1i_0118,train,k,6,silicon_die_upper,131.48886693072984,131.48886693072984,131.48886693072984,384,,,,,
v6p1i_0118,train,k,7,silicon_die_upper,241.92236895450074,241.92236895450074,241.92236895450074,360,,,,,
v6p1i_0118,train,q,0,silicon_die_lower,,,,280,0.4380482133545246,0.0828965405861761,1.2817382812499996e-10,56.975505729649086,3417610441.7145395
v6p1i_0118,train,q,1,silicon_die_lower,,,,336,0.7149415466958343,0.13529602252811604,1.5380859374999997e-10,62.74644056534781,4648254881.374822
v6p1i_0118,train,q,2,silicon_die_upper,,,,200,0.572765459306542,0.10839052345440671,8.964538574218743e-11,89.00677841425458,6389235258.061883
v6p1i_0118,train,q,3,silicon_die_lower,,,,240,0.42093912068147327,0.07965880430070382,1.0986328124999996e-10,63.92476813129483,3831481418.469589
v6p1i_0118,train,q,4,silicon_die_lower,,,,240,0.40375587839995636,0.07640703589310383,1.0986328125000019e-10,67.66512996606406,3675075728.72493
v6p1i_0118,train,q,5,silicon_die_upper,,,,448,1.193775440002742,0.22591087281270697,2.0080566406249965e-10,82.73985155268853,5944929121.278103
v6p1i_0118,train,q,6,silicon_die_lower,,,,128,0.3710831553096609,0.07022402764619302,5.859374999999998e-11,75.70860967039184,6333152517.284882
v6p1i_0118,train,q,7,silicon_die_lower,,,,448,0.8184533884273465,0.15488467356617308,2.0507812499999995e-10,63.99429338642105,3990934617.8552523
v6p1i_0118,train,q,8,silicon_die_upper,,,,240,0.3505139600961025,0.06633149921242053,1.07574462890625e-10,49.29161185653018,3258337998.4195986
v6p1i_0119,test_iid,k,0,silicon_die_lower,20.420430698112977,20.420430698112977,20.420430698112977,648,,,,,
v6p1i_0119,test_iid,k,1,silicon_die_lower,63.849734932365514,63.849734932365514,63.849734932365514,560,,,,,
v6p1i_0119,test_iid,k,2,silicon_die_upper,38.118928056168386,38.118928056168386,38.118928056168386,800,,,,,
v6p1i_0119,test_iid,k,3,silicon_die_lower,92.60325384810633,92.60325384810633,92.60325384810633,448,,,,,
v6p1i_0119,test_iid,k,4,silicon_die_lower,65.63504510176547,65.63504510176547,65.63504510176547,512,,,,,
v6p1i_0119,test_iid,q,0,silicon_die_upper,,,,512,1.5614137275095714,0.373892409919028,2.2949218749999984e-10,104.84374036055137,6803777263.701286
v6p1i_0119,test_iid,q,1,silicon_die_upper,,,,160,0.8739892799694859,0.20928339002910684,7.171630859374996e-11,145.2636099770239,12186757755.761759
v6p1i_0119,test_iid,q,2,silicon_die_lower,,,,448,1.7407013639568831,0.4168242000518652,2.05078125e-10,135.4058975700597,8487991412.818325
v6p1i_0120,train,k,0,silicon_die_upper,48.79926665416623,48.79926665416623,48.79926665416623,512,,,,,
v6p1i_0120,train,k,1,silicon_die_lower,121.58160227297739,121.58160227297739,121.58160227297739,480,,,,,
v6p1i_0120,train,k,2,silicon_die_lower,44.88337674601557,44.88337674601557,44.88337674601557,704,,,,,
v6p1i_0120,train,k,3,silicon_die_upper,46.428259486798865,46.428259486798865,46.428259486798865,448,,,,,
v6p1i_0120,train,k,4,silicon_die_upper,285.24777876356774,285.24777876356774,285.24777876356774,336,,,,,
v6p1i_0120,train,k,5,silicon_die_lower,142.71524621828658,142.71524621828658,142.71524621828658,720,,,,,
v6p1i_0120,train,k,6,silicon_die_upper,181.83542020741632,181.83542020741632,181.83542020741632,968,,,,,
v6p1i_0120,train,k,7,silicon_die_lower,35.47130079986748,35.47130079986748,35.47130079986748,560,,,,,
v6p1i_0120,train,q,0,silicon_die_lower,,,,200,0.8069424412121861,0.16217365455238758,9.155273437499998e-11,126.65193813214144,8813963304.546972
v6p1i_0120,train,q,1,silicon_die_lower,,,,384,0.9453253202084921,0.18998487883326617,1.7578124999999992e-10,70.37826120482745,5377850710.519424
v6p1i_0120,train,q,2,silicon_die_lower,,,,192,0.4971699105902387,0.09991773541218615,8.789062499999993e-11,72.19908170458001,5656688760.493386
v6p1i_0120,train,q,3,silicon_die_lower,,,,320,0.9155557048085139,0.18400198950006771,1.4648437500000002e-10,83.9610533823099,6250193611.492787
v6p1i_0120,train,q,4,silicon_die_upper,,,,432,0.6828042470056228,0.13722522750749172,1.9363403320312483e-10,66.57154236754502,3526261554.9062676
v6p1i_0120,train,q,5,silicon_die_upper,,,,392,1.1279947972029643,0.22669651419460063,1.7570495605468738e-10,82.9667804942044,6419823450.2382555
v6p1i_0121,train,k,0,silicon_die_upper,386.1917525062968,386.1917525062968,386.1917525062968,800,,,,,
v6p1i_0121,train,k,1,silicon_die_lower,28.271374031882523,28.271374031882523,28.271374031882523,392,,,,,
v6p1i_0121,train,k,2,silicon_die_lower,47.46729764434224,47.46729764434224,47.46729764434224,448,,,,,
v6p1i_0121,train,q,0,silicon_die_upper,,,,336,0.9524678217749211,0.16608892131669786,1.5060424804687462e-10,91.39257792648336,6324309135.54624
v6p1i_0121,train,q,1,silicon_die_upper,,,,280,0.4360217923407614,0.07603237348795557,1.2550354003906235e-10,58.352582972319134,3474179231.9567385
v6p1i_0121,train,q,2,silicon_die_upper,,,,320,0.5559692218661619,0.09694850181180796,1.4343261718749982e-10,62.23118768254607,3876170098.3213654
v6p1i_0121,train,q,3,silicon_die_upper,,,,256,0.5535988329033575,0.09653515940072309,1.1474609374999995e-10,64.5006871942539,4824554935.259901
v6p1i_0121,train,q,4,silicon_die_upper,,,,336,0.6325462609087313,0.11030181152100729,1.5060424804687488e-10,65.3499903827332,4200055902.2203293
v6p1i_0121,train,q,5,silicon_die_upper,,,,280,0.8220550603221914,0.14334787497326115,1.2550354003906235e-10,87.53662098343233,6550054763.924037
v6p1i_0121,train,q,6,silicon_die_upper,,,,336,0.6637427953636035,0.11574178401978778,1.5060424804687488e-10,73.53290801753356,4407198362.406196
v6p1i_0121,train,q,7,silicon_die_lower,,,,448,1.1182842743975479,0.1950035734687592,2.0507812499999977e-10,91.18024282673812,5452967128.490906
v6p1i_0122,train,k,0,silicon_die_lower,387.32813743507023,387.32813743507023,387.32813743507023,968,,,,,
v6p1i_0122,train,k,1,silicon_die_lower,49.281311821038024,49.281311821038024,49.281311821038024,576,,,,,
v6p1i_0122,train,k,2,silicon_die_lower,32.94874135455481,32.94874135455481,32.94874135455481,720,,,,,
v6p1i_0122,train,k,3,silicon_die_lower,167.02166004748136,167.02166004748136,167.02166004748136,640,,,,,
v6p1i_0122,train,k,4,silicon_die_lower,222.91277741951856,222.91277741951856,222.91277741951856,440,,,,,
v6p1i_0122,train,k,5,silicon_die_upper,327.3885744271128,327.3885744271128,327.3885744271128,616,,,,,
v6p1i_0122,train,k,6,silicon_die_upper,35.89373715825235,35.89373715825235,35.89373715825235,560,,,,,
v6p1i_0122,train,k,7,silicon_die_lower,156.13293013509607,156.13293013509607,156.13293013509607,448,,,,,
v6p1i_0122,train,q,0,silicon_die_upper,,,,320,2.4499674911855154,0.33453030026498726,1.4343261718749997e-10,253.58897549233697,17080964840.673826
v6p1i_0122,train,q,1,silicon_die_lower,,,,384,2.7053648745986765,0.3694034827327081,1.757812499999997e-10,257.30916068648605,15390520175.494719
v6p1i_0122,train,q,2,silicon_die_upper,,,,320,2.1682717718525293,0.29606621700230457,1.434326171874996e-10,220.3453048834936,15117006259.588058
v6p1i_0123,train,k,0,silicon_die_lower,198.0287850165214,198.0287850165214,198.0287850165214,616,,,,,
v6p1i_0123,train,k,1,silicon_die_lower,112.29448700324897,112.29448700324897,112.29448700324897,640,,,,,
v6p1i_0123,train,k,2,silicon_die_upper,378.76310980296955,378.76310980296955,378.76310980296955,480,,,,,
v6p1i_0123,train,k,3,silicon_die_lower,99.40654031529928,99.40654031529928,99.40654031529928,640,,,,,
v6p1i_0123,train,k,4,silicon_die_lower,220.4233392925998,220.4233392925998,220.4233392925998,400,,,,,
v6p1i_0123,train,k,5,silicon_die_lower,99.50594359807955,99.50594359807955,99.50594359807955,880,,,,,
v6p1i_0123,train,q,0,silicon_die_lower,,,,320,0.36245557989709637,0.10686253481789214,1.4648437499999994e-10,34.45086176437776,2474363425.4308457
v6p1i_0123,train,q,1,silicon_die_upper,,,,192,0.4406609401243183,0.12991976856940446,8.605957031249998e-11,63.747127353582215,5120417619.146689
v6p1i_0123,train,q,2,silicon_die_upper,,,,240,0.347291083186151,0.10239159645289501,1.075744628906249e-10,41.044828230947964,3228378500.381222
v6p1i_0123,train,q,3,silicon_die_lower,,,,336,0.4421327180652175,0.1303536918697388,1.5380859374999992e-10,48.91334245464156,2874564465.3890977
v6p1i_0123,train,q,4,silicon_die_upper,,,,200,0.27972752113104454,0.08247187689833763,8.96453857421873e-11,63.153615620056094,3120378353.164966
v6p1i_0123,train,q,5,silicon_die_upper,,,,200,0.39282575789922936,0.11581655396997671,8.964538574218738e-11,63.77598919564864,4381996403.350456
v6p1i_0123,train,q,6,silicon_die_upper,,,,240,0.34974821622451147,0.10311603133382176,1.075744628906249e-10,47.9833254302214,3251219730.282213
v6p1i_0123,train,q,7,silicon_die_upper,,,,160,0.22352156456435057,0.0659007125303163,7.171630859374992e-11,40.87787377713391,3116746650.061552
v6p1i_0123,train,q,8,silicon_die_upper,,,,384,0.5534294536444878,0.1631672335576172,1.7211914062499975e-10,52.615111204453804,3215385875.358618
v6p1i_0124,train,k,0,silicon_die_upper,68.76065657751572,68.76065657751572,68.76065657751572,640,,,,,
v6p1i_0124,train,k,1,silicon_die_lower,265.91405126971097,265.91405126971097,265.91405126971097,968,,,,,
v6p1i_0124,train,k,2,silicon_die_lower,20.56858600651421,20.56858600651421,20.56858600651421,616,,,,,
v6p1i_0124,train,k,3,silicon_die_lower,57.66101905262848,57.66101905262848,57.66101905262848,432,,,,,
v6p1i_0124,train,k,4,silicon_die_lower,129.5388061792128,129.5388061792128,129.5388061792128,616,,,,,
v6p1i_0124,train,q,0,silicon_die_lower,,,,384,0.7339497594724651,0.24441797096152462,1.7578125e-10,71.36316346940103,4175358631.6655793
v6p1i_0124,train,q,1,silicon_die_lower,,,,448,0.9685640355794016,0.3225485849232772,2.0507812500000005e-10,78.82169198907704,4722902725.87289
v6p1i_0124,train,q,2,silicon_die_upper,,,,384,0.7279452009879778,0.24241834907684268,1.7211914062499988e-10,61.84683314918993,4229309990.4209347
v6p1i_0124,train,q,3,silicon_die_upper,,,,336,0.5723879574192394,0.19061509503835544,1.5060424804687488e-10,52.972681812520186,3800609643.1030703
v6p1i_0125,train,k,0,silicon_die_upper,113.52535971486166,113.52535971486166,113.52535971486166,800,,,,,
v6p1i_0125,train,k,1,silicon_die_upper,86.24109912456636,86.24109912456636,86.24109912456636,560,,,,,
v6p1i_0125,train,k,2,silicon_die_upper,320.91143365707563,320.91143365707563,320.91143365707563,704,,,,,
v6p1i_0125,train,k,3,silicon_die_lower,35.328434787889535,35.328434787889535,35.328434787889535,448,,,,,
v6p1i_0125,train,q,0,silicon_die_lower,,,,320,0.6694809096950428,0.10616062814477756,1.46484375e-10,79.74612387821088,4570323010.184826
v6p1i_0125,train,q,1,silicon_die_upper,,,,192,0.33989371142344904,0.05389747397518702,8.605957031249989e-11,56.594462633823625,3949516714.8665223
v6p1i_0125,train,q,2,silicon_die_lower,,,,240,0.445588435529929,0.07065765061389657,1.0986328124999994e-10,56.69543976987969,4055844959.8457556
v6p1i_0125,train,q,3,silicon_die_lower,,,,280,0.5982387989041936,0.09486365593482839,1.2817382812499996e-10,73.24800067302425,4667402133.926815
v6p1i_0125,train,q,4,silicon_die_lower,,,,384,0.9708224758991633,0.1539448285470454,1.7578125000000013e-10,93.64531475285384,5522901196.226347
v6p1i_0125,train,q,5,silicon_die_lower,,,,384,0.7984285278734164,0.1266080523287243,1.7578125e-10,65.15112868572861,4542171180.790992
v6p1i_0125,train,q,6,silicon_die_lower,,,,384,0.699532512857369,0.1109259575548773,1.7578125000000007e-10,64.6774220087704,3979562739.810808
v6p1i_0125,train,q,7,silicon_die_upper,,,,240,0.5884533537432862,0.09331196269023474,1.075744628906249e-10,83.36642198337024,5470195601.548942
v6p1i_0125,train,q,8,silicon_die_lower,,,,288,0.5126391673455666,0.08128998934683747,1.3183593749999995e-10,57.164689129536946,3888463017.495262
v6p1i_0125,train,q,9,silicon_die_lower,,,,192,0.6832234294942335,0.10833980086359142,8.789062499999997e-11,100.7305307308161,7773564353.356615
v6p1i_0126,train,k,0,silicon_die_lower,223.35488408297837,223.35488408297837,223.35488408297837,792,,,,,
v6p1i_0126,train,k,1,silicon_die_upper,225.52822238357467,225.52822238357467,225.52822238357467,576,,,,,
v6p1i_0126,train,q,0,silicon_die_upper,,,,392,1.3213080118151828,0.24731145532022528,1.7570495605468746e-10,114.54538301551025,7520038372.758996
v6p1i_0126,train,q,1,silicon_die_lower,,,,384,1.2654390512246265,0.23685436747444946,1.7578124999999987e-10,109.89311700612814,7198942158.077881
v6p1i_0126,train,q,2,silicon_die_upper,,,,280,0.726174258856519,0.13591926421998562,1.255035400390623e-10,90.92211788391481,5786085863.6378
v6p1i_0126,train,q,3,silicon_die_upper,,,,320,1.0404225291191118,0.194737644458019,1.434326171874999e-10,102.60503602633548,7253737326.42023
v6p1i_0126,train,q,4,silicon_die_upper,,,,200,0.9893444207604021,0.18517726852732072,8.964538574218742e-11,164.6362599948192,11036200163.226173
v6p1i_0127,train,k,0,silicon_die_lower,104.39496201867574,104.39496201867574,104.39496201867574,448,,,,,
v6p1i_0127,train,k,1,silicon_die_lower,100.7021563595512,100.7021563595512,100.7021563595512,528,,,,,
v6p1i_0127,train,k,2,silicon_die_lower,105.33957634398301,105.33957634398301,105.33957634398301,640,,,,,
v6p1i_0127,train,k,3,silicon_die_lower,81.79291023055042,81.79291023055042,81.79291023055042,968,,,,,
v6p1i_0127,train,k,4,silicon_die_lower,98.31255052895497,98.31255052895497,98.31255052895497,864,,,,,
v6p1i_0127,train,k,5,silicon_die_upper,28.40981167055598,28.40981167055598,28.40981167055598,720,,,,,
v6p1i_0127,train,q,0,silicon_die_lower,,,,192,0.4547727034365279,0.11479691331227726,8.789062500000006e-11,72.7751105378784,5174302759.100047
v6p1i_0127,train,q,1,silicon_die_upper,,,,280,0.4313769169172216,0.10889118489754578,1.2550354003906237e-10,49.24032200819902,3437169316.3631687
v6p1i_0127,train,q,2,silicon_die_lower,,,,280,0.417142294922669,0.10529798184293511,1.2817382812499986e-10,45.20664972299224,3254504457.1490555
v6p1i_0127,train,q,3,silicon_die_lower,,,,384,0.6776643934823728,0.17106079596589174,1.7578124999999992e-10,59.437333287903726,3855157438.4775004
v6p1i_0127,train,q,4,silicon_die_lower,,,,504,1.0556621538186175,0.2664776400237083,2.3071289062500001e-10,73.92215871770446,4575653102.68895
v6p1i_0127,train,q,5,silicon_die_lower,,,,240,0.49609825486753417,0.12522859865609517,1.0986328124999997e-10,76.60896215274477,4515596559.860934
v6p1i_0127,train,q,6,silicon_die_upper,,,,280,0.42882449751289053,0.1082468853015467,1.2550354003906235e-10,61.744093773274415,3416831886.809098
