sample_id,split_role,family,block_index,layer,k_x_W_mK,k_y_W_mK,k_z_W_mK,control_volume_count,source_power_W,power_fraction,source_volume_m3,surface_power_density_W_cm2,q_W_m3
v6p1i12_0000,valid_iid,k,0,silicon_die_lower,363.74078050028714,363.74078050028714,363.74078050028714,336,,,,,
v6p1i12_0000,valid_iid,k,1,silicon_die_lower,390.6661689710652,390.6661689710652,390.6661689710652,392,,,,,
v6p1i12_0000,valid_iid,k,2,silicon_die_upper,39.589647172230436,39.589647172230436,39.589647172230436,360,,,,,
v6p1i12_0000,valid_iid,k,3,silicon_die_lower,30.9740844673762,30.9740844673762,30.9740844673762,720,,,,,
v6p1i12_0000,valid_iid,q,0,silicon_die_lower,,,,576,0.7681013826863484,0.14017210216151801,2.6367187500000006e-10,41.03898303205769,2913095614.3363724
v6p1i12_0000,valid_iid,q,1,silicon_die_lower,,,,336,0.6677765420408587,0.12186365469705084,1.5380859374999997e-10,64.87993052123004,4341607486.030726
v6p1i12_0000,valid_iid,q,2,silicon_die_upper,,,,504,0.9105954249903638,0.1661760775552224,2.2590637207031226e-10,65.12381604883838,4030853209.8729177
v6p1i12_0000,valid_iid,q,3,silicon_die_lower,,,,336,0.409329915546591,0.0746992988596036,1.5380859374999992e-10,43.56097218865821,2661294181.07752
v6p1i12_0000,valid_iid,q,4,silicon_die_lower,,,,288,0.42556848255545626,0.07766270203141222,1.3183593749999993e-10,52.17029430646871,3228015749.1613884
v6p1i12_0000,valid_iid,q,5,silicon_die_lower,,,,336,0.7173567731720625,0.13091163375289988,1.5380859374999997e-10,69.08882148272485,4663957687.163124
v6p1i12_0000,valid_iid,q,6,silicon_die_upper,,,,336,0.8601186548653321,0.15696448760338053,1.5060424804687488e-10,71.93236229089753,5711118152.50805
v6p1i12_0000,valid_iid,q,7,silicon_die_lower,,,,280,0.7208550676127888,0.13155004333891257,1.2817382812499994e-10,72.6688991395344,5624042584.651399
v6p1i12_0001,train,k,0,silicon_die_lower,174.59840683223726,174.59840683223726,174.59840683223726,960,,,,,
v6p1i12_0001,train,k,1,silicon_die_lower,137.03947631598461,137.03947631598461,137.03947631598461,560,,,,,
v6p1i12_0001,train,k,2,silicon_die_lower,98.53790752804147,98.53790752804147,98.53790752804147,480,,,,,
v6p1i12_0001,train,k,3,silicon_die_lower,381.6808548583024,381.6808548583024,381.6808548583024,968,,,,,
v6p1i12_0001,train,k,4,silicon_die_upper,234.12325767130946,234.12325767130946,234.12325767130946,384,,,,,
v6p1i12_0001,train,k,5,silicon_die_lower,98.67794703891452,98.67794703891452,98.67794703891452,800,,,,,
v6p1i12_0001,train,k,6,silicon_die_lower,22.546113548764197,22.546113548764197,22.546113548764197,880,,,,,
v6p1i12_0001,train,q,0,silicon_die_lower,,,,240,1.333167342042112,0.11137860843485256,1.0986328124999981e-10,153.44171842298095,12134785406.676666
v6p1i12_0001,train,q,1,silicon_die_upper,,,,576,2.6820054168605467,0.2240664181640511,2.5817871093749965e-10,176.9443242092587,10388174172.539778
v6p1i12_0001,train,q,2,silicon_die_upper,,,,504,1.5087613058230605,0.12604849324130485,2.259063720703124e-10,104.96530305682386,6678701853.321184
v6p1i12_0001,train,q,3,silicon_die_upper,,,,512,2.8320400478967214,0.2366009649496397,2.2949218749999977e-10,171.0297741497026,12340463868.281897
v6p1i12_0001,train,q,4,silicon_die_lower,,,,576,1.8268863974569307,0.15262604948425637,2.6367187499999996e-10,113.11186124078365,6928635818.503324
v6p1i12_0001,train,q,5,silicon_die_lower,,,,576,1.786828829520399,0.14927946572589534,2.636718749999999e-10,106.40340452988303,6776713783.06996
v6p1i12_0002,train,k,0,silicon_die_lower,67.59320236667398,67.59320236667398,67.59320236667398,792,,,,,
v6p1i12_0002,train,k,1,silicon_die_upper,365.71763122027966,365.71763122027966,365.71763122027966,384,,,,,
v6p1i12_0002,train,k,2,silicon_die_upper,79.95382527098619,79.95382527098619,79.95382527098619,1056,,,,,
v6p1i12_0002,train,k,3,silicon_die_upper,165.1056081021063,165.1056081021063,165.1056081021063,432,,,,,
v6p1i12_0002,train,k,4,silicon_die_lower,309.2284750424186,309.2284750424186,309.2284750424186,432,,,,,
v6p1i12_0002,train,k,5,silicon_die_upper,34.3778513778438,34.3778513778438,34.3778513778438,968,,,,,
v6p1i12_0002,train,k,6,silicon_die_upper,61.53466182008457,61.53466182008457,61.53466182008457,704,,,,,
v6p1i12_0002,train,k,7,silicon_die_upper,73.04237587590306,73.04237587590306,73.04237587590306,504,,,,,
v6p1i12_0002,train,q,0,silicon_die_upper,,,,384,0.870870721001581,0.1381013593670233,1.721191406249998e-10,74.92064201245186,5059697125.138269
v6p1i12_0002,train,q,1,silicon_die_lower,,,,432,0.7695520496306201,0.12203439798210265,1.9775390624999986e-10,64.87279339800337,3891463204.0580516
v6p1i12_0002,train,q,2,silicon_die_lower,,,,288,0.4542007983171938,0.07202647437848331,1.3183593749999995e-10,62.49312922388047,3445197166.4948635
v6p1i12_0002,train,q,3,silicon_die_lower,,,,392,1.0307475418628447,0.16345438336905369,1.794433593749999e-10,92.3455641176907,5744138682.2724
v6p1i12_0002,train,q,4,silicon_die_lower,,,,288,0.903774039120133,0.1433191176981699,1.3183593749999985e-10,95.67232569830608,6855293452.289017
v6p1i12_0002,train,q,5,silicon_die_upper,,,,392,0.7061087896018423,0.11197366193786741,1.7570495605468736e-10,60.92720060371591,4018718683.0522256
v6p1i12_0002,train,q,6,silicon_die_upper,,,,280,0.5108256372189564,0.08100595553187245,1.2550354003906235e-10,59.568596800253296,4070208992.1922874
v6p1i12_0002,train,q,7,silicon_die_upper,,,,280,0.48108875665495193,0.07629032607024497,1.255035400390623e-10,60.436034700922086,3833268420.1992683
v6p1i12_0002,train,q,8,silicon_die_upper,,,,336,0.578857363899624,0.09179432366518225,1.5060424804687488e-10,57.971299365043265,3843565977.763504
v6p1i12_0003,test_iid,k,0,silicon_die_upper,33.32134822434558,33.32134822434558,33.32134822434558,648,,,,,
v6p1i12_0003,test_iid,k,1,silicon_die_lower,355.80676576822367,355.80676576822367,355.80676576822367,512,,,,,
v6p1i12_0003,test_iid,k,2,silicon_die_lower,30.55465738022935,30.55465738022935,30.55465738022935,800,,,,,
v6p1i12_0003,test_iid,k,3,silicon_die_lower,69.1868106645616,69.1868106645616,69.1868106645616,880,,,,,
v6p1i12_0003,test_iid,k,4,silicon_die_lower,168.02264476013264,168.02264476013264,168.02264476013264,720,,,,,
v6p1i12_0003,test_iid,k,5,silicon_die_upper,22.81196959945385,22.81196959945385,22.81196959945385,800,,,,,
v6p1i12_0003,test_iid,k,6,silicon_die_lower,155.40609204211503,155.40609204211503,155.40609204211503,880,,,,,
v6p1i12_0003,test_iid,q,0,silicon_die_lower,,,,336,2.5629200584613154,0.24852154195461298,1.5380859374999992e-10,280.50590417199635,16663048507.075481
v6p1i12_0003,test_iid,q,1,silicon_die_upper,,,,336,3.529677878504804,0.34226623108008325,1.5060424804687488e-10,332.2442847050034,23436775019.82685
v6p1i12_0003,test_iid,q,2,silicon_die_upper,,,,448,4.220069682524897,0.40921222696530374,2.0080566406250004e-10,286.32732541607595,21015690479.783554
v6p1i12_0004,train,k,0,silicon_die_upper,25.97617603777309,25.97617603777309,25.97617603777309,448,,,,,
v6p1i12_0004,train,k,1,silicon_die_lower,20.301640810195853,20.301640810195853,20.301640810195853,528,,,,,
v6p1i12_0004,train,q,0,silicon_die_lower,,,,384,0.8192215786039145,0.16774660142037442,1.7578124999999987e-10,77.91265413289548,4660460536.057828
v6p1i12_0004,train,q,1,silicon_die_lower,,,,336,1.0692426453239638,0.21894176683246938,1.5380859375000003e-10,107.31817019598289,6951774405.153897
v6p1i12_0004,train,q,2,silicon_die_lower,,,,336,0.6286361728394032,0.12872168443539714,1.5380859374999985e-10,69.77026702893897,4087132958.6511083
v6p1i12_0004,train,q,3,silicon_die_lower,,,,576,1.274402702053252,0.260951039003007,2.6367187499999996e-10,79.60710398335084,4833290247.787149
v6p1i12_0004,train,q,4,silicon_die_upper,,,,432,1.0921820051830835,0.2236389083087521,1.9363403320312488e-10,89.29107902235567,5640444435.90848
v6p1i12_0005,train,k,0,silicon_die_upper,27.157465116432707,27.157465116432707,27.157465116432707,704,,,,,
v6p1i12_0005,train,k,1,silicon_die_lower,215.08211477754048,215.08211477754048,215.08211477754048,880,,,,,
v6p1i12_0005,train,k,2,silicon_die_upper,131.43345738778237,131.43345738778237,131.43345738778237,648,,,,,
v6p1i12_0005,train,k,3,silicon_die_lower,42.97225805609087,42.97225805609087,42.97225805609087,480,,,,,
v6p1i12_0005,train,k,4,silicon_die_upper,356.58810076037014,356.58810076037014,356.58810076037014,616,,,,,
v6p1i12_0005,train,q,0,silicon_die_upper,,,,392,1.4377521043453108,0.1550735572423019,1.7570495605468723e-10,121.81016541932509,8182763518.052491
v6p1i12_0005,train,q,1,silicon_die_upper,,,,512,1.2776499855690182,0.13780520826501097,2.2949218749999974e-10,85.72837369364014,5567291852.011388
v6p1i12_0005,train,q,2,silicon_die_upper,,,,504,1.2561850395314673,0.13549003478830599,2.2590637207031231e-10,79.6440282287824,5560644562.697353
v6p1i12_0005,train,q,3,silicon_die_upper,,,,576,2.0319888523672534,0.2191669472511597,2.581787109374997e-10,131.3152100087052,7870474079.712793
v6p1i12_0005,train,q,4,silicon_die_upper,,,,336,1.1704971621005504,0.12624788245509455,1.5060424804687488e-10,120.63149995780189,7772006283.224087
v6p1i12_0005,train,q,5,silicon_die_upper,,,,432,1.0440874559656275,0.11261354122126775,1.9363403320312483e-10,93.15046436345243,5392065840.359608
v6p1i12_0005,train,q,6,silicon_die_lower,,,,360,1.0532595565490417,0.11360282877685919,1.6479492187499992e-10,93.01970207431765,6391335027.59241
v6p1i12_0006,valid_iid,k,0,silicon_die_upper,200.1154930866678,200.1154930866678,200.1154930866678,576,,,,,
v6p1i12_0006,valid_iid,k,1,silicon_die_upper,40.6525088727915,40.6525088727915,40.6525088727915,448,,,,,
v6p1i12_0006,valid_iid,k,2,silicon_die_upper,29.328169165647225,29.328169165647225,29.328169165647225,480,,,,,
v6p1i12_0006,valid_iid,k,3,silicon_die_upper,147.75987743936662,147.75987743936662,147.75987743936662,792,,,,,
v6p1i12_0006,valid_iid,k,4,silicon_die_lower,146.5521822118611,146.5521822118611,146.5521822118611,648,,,,,
v6p1i12_0006,valid_iid,q,0,silicon_die_lower,,,,288,1.7884273182325756,0.1487633796988164,1.3183593749999998e-10,198.17212000205475,13565552399.038206
v6p1i12_0006,valid_iid,q,1,silicon_die_lower,,,,432,3.954136101855356,0.32890945262591303,1.977539062500002e-10,298.6140115828977,19995236386.666077
v6p1i12_0006,valid_iid,q,2,silicon_die_upper,,,,448,4.235704285149728,0.3523306082610896,2.008056640624998e-10,357.4676029043694,21093549850.42347
v6p1i12_0006,valid_iid,q,3,silicon_die_lower,,,,336,2.0436917437436204,0.16999655941418096,1.5380859375000003e-10,247.0793660360943,13287240289.48233
v6p1i12_0007,train,k,0,silicon_die_upper,156.23852540653448,156.23852540653448,156.23852540653448,720,,,,,
v6p1i12_0007,train,k,1,silicon_die_upper,79.6378696044608,79.6378696044608,79.6378696044608,720,,,,,
v6p1i12_0007,train,k,2,silicon_die_lower,26.017843476964295,26.017843476964295,26.017843476964295,704,,,,,
v6p1i12_0007,train,q,0,silicon_die_lower,,,,512,0.39496134809141475,0.16402250947374414,2.3437500000000003e-10,23.85931467004258,1685168418.5233693
v6p1i12_0007,train,q,1,silicon_die_upper,,,,360,0.16799269415848092,0.06976526539187237,1.6136169433593736e-10,15.010795397412046,1041094014.5976562
v6p1i12_0007,train,q,2,silicon_die_lower,,,,432,0.291210207568602,0.12093595806422223,1.977539062499997e-10,25.10255435815194,1472588901.4827106
v6p1i12_0007,train,q,3,silicon_die_upper,,,,448,0.32132629636693905,0.13344279318646324,2.008056640624998e-10,21.383769481807285,1600185422.393901
v6p1i12_0007,train,q,4,silicon_die_lower,,,,512,0.2636116560292911,0.10947462468769521,2.3437499999999993e-10,17.853317999173477,1124743065.7249756
v6p1i12_0007,train,q,5,silicon_die_lower,,,,392,0.14706870729063917,0.061075795268166186,1.79443359375e-10,12.98912745600857,819582891.2414396
v6p1i12_0007,train,q,6,silicon_die_lower,,,,504,0.25121718309258345,0.1043273550510404,2.3071289062500007e-10,17.942806568462764,1088873631.6901815
v6p1i12_0007,train,q,7,silicon_die_lower,,,,384,0.14329520504706592,0.059508706968294287,1.7578124999999997e-10,13.266814454994577,815190499.8233085
v6p1i12_0007,train,q,8,silicon_die_lower,,,,392,0.2387968038237247,0.09916932683856235,1.79443359375e-10,19.80495755321586,1330764229.1999679
v6p1i12_0007,train,q,9,silicon_die_upper,,,,280,0.18849030063413696,0.07827766506993965,1.255035400390624e-10,22.48079817911565,1501872382.0497034
v6p1i12_0008,train,k,0,silicon_die_upper,43.41756089149025,43.41756089149025,43.41756089149025,576,,,,,
v6p1i12_0008,train,k,1,silicon_die_upper,36.52599373495027,36.52599373495027,36.52599373495027,288,,,,,
v6p1i12_0008,train,k,2,silicon_die_lower,90.6001921079486,90.6001921079486,90.6001921079486,720,,,,,
v6p1i12_0008,train,q,0,silicon_die_upper,,,,280,1.012293942181646,0.14296245368838698,1.255035400390624e-10,117.3174627794186,8065859671.102298
v6p1i12_0008,train,q,1,silicon_die_lower,,,,384,1.5614393331937437,0.22051618512884524,1.7578124999999992e-10,133.06470122624654,8882854873.279968
v6p1i12_0008,train,q,2,silicon_die_upper,,,,576,2.6395729383499895,0.3727769259813139,2.581787109374997e-10,147.76723370833795,10223821045.372643
v6p1i12_0008,train,q,3,silicon_die_upper,,,,576,1.8675315591637696,0.26374443520145396,2.581787109374999e-10,120.05504216723884,7233483939.796504
v6p1i12_0009,valid_iid,k,0,silicon_die_lower,28.0641399915195,28.0641399915195,28.0641399915195,480,,,,,
v6p1i12_0009,valid_iid,k,1,silicon_die_lower,58.750761930223206,58.750761930223206,58.750761930223206,528,,,,,
v6p1i12_0009,valid_iid,k,2,silicon_die_lower,52.2706855552104,52.2706855552104,52.2706855552104,616,,,,,
v6p1i12_0009,valid_iid,k,3,silicon_die_lower,361.8673440854256,361.8673440854256,361.8673440854256,576,,,,,
v6p1i12_0009,valid_iid,k,4,silicon_die_upper,133.44836825455715,133.44836825455715,133.44836825455715,800,,,,,
v6p1i12_0009,valid_iid,k,5,silicon_die_upper,22.58944639641184,22.58944639641184,22.58944639641184,448,,,,,
v6p1i12_0009,valid_iid,k,6,silicon_die_lower,24.064477242235153,24.064477242235153,24.064477242235153,528,,,,,
v6p1i12_0009,valid_iid,k,7,silicon_die_lower,35.44673894961404,35.44673894961404,35.44673894961404,528,,,,,
v6p1i12_0009,valid_iid,q,0,silicon_die_upper,,,,512,0.6267310062439595,0.09799322694551052,2.2949218749999982e-10,44.39968909617421,2730947022.9524045
v6p1i12_0009,valid_iid,q,1,silicon_die_upper,,,,448,0.5792066408689025,0.09056250168181337,2.0080566406249973e-10,42.30179284726176,2884413861.396994
v6p1i12_0009,valid_iid,q,2,silicon_die_lower,,,,392,0.6737813043086764,0.10534982888505938,1.7944335937500014e-10,61.94519735432484,3754841118.977329
v6p1i12_0009,valid_iid,q,3,silicon_die_lower,,,,336,0.3705204046732409,0.05793313198382585,1.5380859374999987e-10,40.42907933433852,2408970758.002533
v6p1i12_0009,valid_iid,q,4,silicon_die_lower,,,,384,0.7001486501427765,0.10947252471234378,1.7578124999999997e-10,46.94068192975319,3983067876.367796
v6p1i12_0009,valid_iid,q,5,silicon_die_upper,,,,384,0.7187597628020547,0.1123824860328456,1.7211914062499975e-10,58.24522868002131,4175943246.0102415
v6p1i12_0009,valid_iid,q,6,silicon_die_lower,,,,448,0.707167797306316,0.11057001131203008,2.050781249999999e-10,48.21852437589038,3448284878.293657
v6p1i12_0009,valid_iid,q,7,silicon_die_upper,,,,432,0.6592353635422157,0.10307548205928753,1.936340332031247e-10,50.869728330126904,3404542851.4659348
v6p1i12_0009,valid_iid,q,8,silicon_die_upper,,,,448,0.7395774911842876,0.1156374652209282,2.0080566406249989e-10,57.124642177805015,3683050946.979749
v6p1i12_0009,valid_iid,q,9,silicon_die_lower,,,,504,0.6205279500812159,0.09702334116635557,2.3071289062500007e-10,41.958875647785426,2689611093.6853538
v6p1i12_0010,train,k,0,silicon_die_lower,21.68454769862039,21.68454769862039,21.68454769862039,504,,,,,
v6p1i12_0010,train,k,1,silicon_die_lower,371.00898846669986,371.00898846669986,371.00898846669986,384,,,,,
v6p1i12_0010,train,k,2,silicon_die_upper,177.91557792315447,177.91557792315447,177.91557792315447,528,,,,,
v6p1i12_0010,train,q,0,silicon_die_lower,,,,384,3.069380452333306,0.3074781848085305,1.7578124999999995e-10,220.75097740802855,17461364351.051704
v6p1i12_0010,train,q,1,silicon_die_lower,,,,240,1.0805603698737694,0.1082461904819422,1.0986328124999993e-10,144.49499503046988,9835500611.117693
v6p1i12_0010,train,q,2,silicon_die_lower,,,,384,1.9723014800881822,0.1975772271996077,1.7578125e-10,168.74829707110223,11220203975.61277
v6p1i12_0010,train,q,3,silicon_die_lower,,,,576,2.756264375974522,0.27611147602533614,2.6367187499999996e-10,183.83454968513922,10453387855.54782
v6p1i12_0010,train,q,4,silicon_die_upper,,,,336,1.1039265608383455,0.11058692148458336,1.5060424804687493e-10,120.18220515326414,7329982886.636458
v6p1i12_0011,train,k,0,silicon_die_upper,330.13480554885996,330.13480554885996,330.13480554885996,560,,,,,
v6p1i12_0011,train,k,1,silicon_die_upper,184.94623112036072,184.94623112036072,184.94623112036072,448,,,,,
v6p1i12_0011,train,k,2,silicon_die_upper,97.42194990404404,97.42194990404404,97.42194990404404,448,,,,,
v6p1i12_0011,train,k,3,silicon_die_upper,174.0932455227909,174.0932455227909,174.0932455227909,440,,,,,
v6p1i12_0011,train,k,4,silicon_die_lower,398.9527210050968,398.9527210050968,398.9527210050968,336,,,,,
v6p1i12_0011,train,q,0,silicon_die_upper,,,,432,1.1051372485138262,0.15367364341246983,1.9363403320312488e-10,90.80879784034174,5707350253.632952
v6p1i12_0011,train,q,1,silicon_die_upper,,,,336,0.8789110338998672,0.12221600619873016,1.5060424804687482e-10,84.8110705904969,5835898026.105549
v6p1i12_0011,train,q,2,silicon_die_upper,,,,240,0.6109663303019136,0.08495725042849,1.075744628906249e-10,71.78725820111303,5679473676.973936
v6p1i12_0011,train,q,3,silicon_die_upper,,,,384,1.2859867828057034,0.17882147630060677,1.721191406249996e-10,112.74869273775613,7471492003.364785
v6p1i12_0011,train,q,4,silicon_die_upper,,,,280,0.49855877215089545,0.06932654118274159,1.2550354003906237e-10,56.29552883457013,3972467804.45971
v6p1i12_0011,train,q,5,silicon_die_lower,,,,648,1.3072384347662946,0.18177660136738888,2.9663085937499995e-10,72.69094319916528,4406953603.952875
v6p1i12_0011,train,q,6,silicon_die_upper,,,,576,1.5046574206842656,0.20922848110957287,2.581787109374997e-10,96.05044035426877,5827968600.588898
v6p1i12_0012,valid_iid,k,0,silicon_die_upper,191.57491639073544,191.57491639073544,191.57491639073544,432,,,,,
v6p1i12_0012,valid_iid,k,1,silicon_die_lower,45.326242268200545,45.326242268200545,45.326242268200545,968,,,,,
v6p1i12_0012,valid_iid,k,2,silicon_die_lower,35.82789993005624,35.82789993005624,35.82789993005624,448,,,,,
v6p1i12_0012,valid_iid,k,3,silicon_die_lower,111.4670339738416,111.4670339738416,111.4670339738416,704,,,,,
v6p1i12_0012,valid_iid,k,4,silicon_die_lower,41.122071694337315,41.122071694337315,41.122071694337315,432,,,,,
v6p1i12_0012,valid_iid,q,0,silicon_die_upper,,,,320,0.7895128038237114,0.13991001584539323,1.4343261718749992e-10,74.12976015765663,5504416075.67987
v6p1i12_0012,valid_iid,q,1,silicon_die_upper,,,,320,0.38085264563810134,0.06749111531557202,1.4343261718749995e-10,39.86344725123856,2655272232.3977256
v6p1i12_0012,valid_iid,q,2,silicon_die_lower,,,,392,0.7940894217102477,0.14072104092050597,1.7944335937499988e-10,63.94882913192286,4425292886.156703
v6p1i12_0012,valid_iid,q,3,silicon_die_lower,,,,320,0.7692318612493051,0.13631601840393023,1.4648437500000015e-10,72.32600778025626,5251289506.128584
v6p1i12_0012,valid_iid,q,4,silicon_die_upper,,,,504,0.7031094383474108,0.12459842599613756,2.2590637207031226e-10,43.51691997734041,3112393120.671122
v6p1i12_0012,valid_iid,q,5,silicon_die_upper,,,,320,0.4350861244021445,0.07710186112802668,1.434326171875e-10,42.064645459881255,3033383430.7254195
v6p1i12_0012,valid_iid,q,6,silicon_die_lower,,,,392,0.6870038187667136,0.12174433993214719,1.7944335937499994e-10,51.451449017614785,3828527403.6305575
v6p1i12_0012,valid_iid,q,7,silicon_die_upper,,,,504,0.7697693104554328,0.13641126008535864,2.2590637207031231e-10,61.00597363162993,3407470552.5165343
v6p1i12_0012,valid_iid,q,8,silicon_die_upper,,,,240,0.3143487526356745,0.05570592237292853,1.0757446289062489e-10,39.53831508789531,2922150333.7207923
v6p1i12_0013,train,k,0,silicon_die_upper,26.59060376773097,26.59060376773097,26.59060376773097,768,,,,,
v6p1i12_0013,train,k,1,silicon_die_upper,75.14243800557799,75.14243800557799,75.14243800557799,432,,,,,
v6p1i12_0013,train,k,2,silicon_die_lower,28.126746232019478,28.126746232019478,28.126746232019478,576,,,,,
v6p1i12_0013,train,q,0,silicon_die_lower,,,,384,3.186359239814507,0.28430600599554257,1.7578124999999987e-10,233.49520586710585,18126843675.38921
v6p1i12_0013,train,q,1,silicon_die_lower,,,,336,3.7879730928647204,0.33798558787541017,1.5380859374999995e-10,331.4835956227003,24627837759.32365
v6p1i12_0013,train,q,2,silicon_die_upper,,,,384,4.233166533399823,0.37770840612904727,1.7211914062499988e-10,387.9601779592205,24594397334.47615
v6p1i12_0014,test_iid,k,0,silicon_die_lower,157.9156728502004,157.9156728502004,157.9156728502004,560,,,,,
v6p1i12_0014,test_iid,k,1,silicon_die_upper,273.65964983254565,273.65964983254565,273.65964983254565,648,,,,,
v6p1i12_0014,test_iid,k,2,silicon_die_upper,55.076097249985615,55.076097249985615,55.076097249985615,704,,,,,
v6p1i12_0014,test_iid,k,3,silicon_die_lower,285.8905484425213,285.8905484425213,285.8905484425213,792,,,,,
v6p1i12_0014,test_iid,q,0,silicon_die_upper,,,,448,1.6952141210573781,0.12940369375527555,2.008056640624998e-10,119.85068435300694,8442063270.335595
v6p1i12_0014,test_iid,q,1,silicon_die_lower,,,,240,1.4349829839812251,0.10953902300395761,1.0986328125000001e-10,157.98204322270104,13061534005.30466
v6p1i12_0014,test_iid,q,2,silicon_die_upper,,,,512,2.2065441972992414,0.16843593149559824,2.2949218749999982e-10,147.34486490227184,9614898970.359255
v6p1i12_0014,test_iid,q,3,silicon_die_lower,,,,320,1.4529628466542746,0.11091151077066756,1.4648437499999992e-10,137.46164343369264,9918893033.159853
v6p1i12_0014,test_iid,q,4,silicon_die_upper,,,,384,1.2013961318941173,0.09170823626305608,1.7211914062499993e-10,107.04082000709418,6980026320.905399
v6p1i12_0014,test_iid,q,5,silicon_die_lower,,,,432,1.8726676336725139,0.1429495577951078,1.9775390624999986e-10,143.32361055597318,9469687194.472372
v6p1i12_0014,test_iid,q,6,silicon_die_lower,,,,448,1.2106701480283346,0.09241616567964517,2.0507812499999995e-10,94.02589119363431,5903458245.62388
v6p1i12_0014,test_iid,q,7,silicon_die_lower,,,,448,2.0257607946674616,0.15463588123669195,2.0507812499999987e-10,157.4283797624887,9877995493.997534
v6p1i12_0015,train,k,0,silicon_die_lower,55.77796190675044,55.77796190675044,55.77796190675044,616,,,,,
v6p1i12_0015,train,k,1,silicon_die_lower,387.84712313833205,387.84712313833205,387.84712313833205,864,,,,,
v6p1i12_0015,train,k,2,silicon_die_lower,21.426044143731513,21.426044143731513,21.426044143731513,448,,,,,
v6p1i12_0015,train,k,3,silicon_die_lower,307.8373369863626,307.8373369863626,307.8373369863626,336,,,,,
v6p1i12_0015,train,k,4,silicon_die_upper,134.08409621408893,134.08409621408893,134.08409621408893,672,,,,,
v6p1i12_0015,train,q,0,silicon_die_lower,,,,336,0.43711706982673104,0.1353483914400799,1.5380859374999982e-10,42.57018493676436,2841954790.4925275
v6p1i12_0015,train,q,1,silicon_die_upper,,,,648,0.634388318002552,0.19643121789789342,2.9045104980468724e-10,35.61598761354006,2184148821.0462456
v6p1i12_0015,train,q,2,silicon_die_upper,,,,240,0.4955338642381563,0.1534364957545748,1.0757446289062491e-10,60.16203472148157,4606426571.1648
v6p1i12_0015,train,q,3,silicon_die_upper,,,,320,0.4623857288167843,0.14317254790577755,1.4343261718749987e-10,43.95017682161653,3223713949.3337026
v6p1i12_0015,train,q,4,silicon_die_lower,,,,384,0.4442214477807034,0.13754818228474694,1.7578125e-10,38.992208982982014,2527126458.4857793
v6p1i12_0015,train,q,5,silicon_die_lower,,,,320,0.7559233148384318,0.23406316471692745,1.4648437500000005e-10,66.72651293109209,5160436495.963693
v6p1i12_0016,train,k,0,silicon_die_lower,159.80760896384362,159.80760896384362,159.80760896384362,384,,,,,
v6p1i12_0016,train,k,1,silicon_die_lower,213.2384845074022,213.2384845074022,213.2384845074022,504,,,,,
v6p1i12_0016,train,k,2,silicon_die_lower,200.35537022028146,200.35537022028146,200.35537022028146,336,,,,,
v6p1i12_0016,train,k,3,silicon_die_lower,115.23116713048887,115.23116713048887,115.23116713048887,448,,,,,
v6p1i12_0016,train,k,4,silicon_die_lower,47.93165824952703,47.93165824952703,47.93165824952703,392,,,,,
v6p1i12_0016,train,k,5,silicon_die_lower,218.03616584980932,218.03616584980932,218.03616584980932,336,,,,,
v6p1i12_0016,train,k,6,silicon_die_upper,375.88083769813534,375.88083769813534,375.88083769813534,672,,,,,
v6p1i12_0016,train,q,0,silicon_die_lower,,,,336,1.0415338872323645,0.11690741645648303,1.5380859374999997e-10,107.49568413536011,6771623495.402802
v6p1i12_0016,train,q,1,silicon_die_upper,,,,576,2.5263534870283273,0.2835716272363751,2.5817871093749965e-10,143.90194990659094,9785289723.752287
v6p1i12_0016,train,q,2,silicon_die_upper,,,,288,1.383063709761254,0.15524257739953345,1.2908935546874988e-10,162.0447622350906,10714002752.117449
v6p1i12_0016,train,q,3,silicon_die_lower,,,,448,2.3406932564895664,0.2627321152847498,2.0507812499999995e-10,174.51799078666608,11413666164.977697
v6p1i12_0016,train,q,4,silicon_die_lower,,,,288,1.6174045359561262,0.1815462636228586,1.3183593749999998e-10,203.39062320856243,12268312924.58573
v6p1i12_0017,valid_iid,k,0,silicon_die_lower,39.50461273570298,39.50461273570298,39.50461273570298,480,,,,,
v6p1i12_0017,valid_iid,k,1,silicon_die_upper,63.581272683760865,63.581272683760865,63.581272683760865,576,,,,,
v6p1i12_0017,valid_iid,k,2,silicon_die_upper,51.584148169328934,51.584148169328934,51.584148169328934,384,,,,,
v6p1i12_0017,valid_iid,k,3,silicon_die_upper,184.12343123315802,184.12343123315802,184.12343123315802,384,,,,,
v6p1i12_0017,valid_iid,k,4,silicon_die_lower,293.6128766369399,293.6128766369399,293.6128766369399,648,,,,,
v6p1i12_0017,valid_iid,k,5,silicon_die_upper,210.02530021642454,210.02530021642454,210.02530021642454,576,,,,,
v6p1i12_0017,valid_iid,k,6,silicon_die_upper,46.663285618164984,46.663285618164984,46.663285618164984,968,,,,,
v6p1i12_0017,valid_iid,q,0,silicon_die_lower,,,,504,1.0207251814420688,0.1694891518320814,2.3071289062500001e-10,64.72996353169535,4424222585.382766
v6p1i12_0017,valid_iid,q,1,silicon_die_lower,,,,336,0.5857982213537314,0.09727049502366059,1.5380859374999982e-10,66.01538935370085,3808618277.2458515
v6p1i12_0017,valid_iid,q,2,silicon_die_lower,,,,512,0.8238598804513498,0.13680010536127274,2.3437499999999993e-10,52.079008734941524,3515135489.9257603
v6p1i12_0017,valid_iid,q,3,silicon_die_upper,,,,384,0.5794105665885393,0.09620983912133532,1.7211914062499975e-10,56.81366196461957,3366334298.931433
v6p1i12_0017,valid_iid,q,4,silicon_die_upper,,,,576,1.2584062759640124,0.20895557026621045,2.5817871093749975e-10,86.52154837824962,4874167476.452577
v6p1i12_0017,valid_iid,q,5,silicon_die_lower,,,,392,1.2396991589256667,0.20584929498497048,1.7944335937499994e-10,103.87290787993281,6908581979.536779
v6p1i12_0017,valid_iid,q,6,silicon_die_upper,,,,280,0.5144636241015966,0.08542554341046905,1.2550354003906237e-10,51.85025915847654,4099196117.826416
v6p1i12_0018,test_iid,k,0,silicon_die_lower,276.5081529286815,276.5081529286815,276.5081529286815,968,,,,,
v6p1i12_0018,test_iid,k,1,silicon_die_upper,205.99547032375943,205.99547032375943,205.99547032375943,880,,,,,
v6p1i12_0018,test_iid,k,2,silicon_die_lower,90.62560045918154,90.62560045918154,90.62560045918154,800,,,,,
v6p1i12_0018,test_iid,k,3,silicon_die_lower,47.36049414121427,47.36049414121427,47.36049414121427,528,,,,,
v6p1i12_0018,test_iid,k,4,silicon_die_lower,48.003680035052575,48.003680035052575,48.003680035052575,432,,,,,
v6p1i12_0018,test_iid,q,0,silicon_die_upper,,,,432,2.0729177779662136,0.2815296693279235,1.9363403320312488e-10,173.95124876116495,10705338021.811966
v6p1i12_0018,test_iid,q,1,silicon_die_upper,,,,392,1.9569127413722334,0.2657746500310562,1.7570495605468736e-10,170.44708654962687,11137493132.311836
v6p1i12_0018,test_iid,q,2,silicon_die_lower,,,,384,1.8540828918319625,0.251808995509768,1.7578124999999997e-10,172.7093408999539,10547671562.421833
v6p1i12_0018,test_iid,q,3,silicon_die_lower,,,,280,1.4791392394249907,0.20088668513125227,1.2817382812499986e-10,147.55693965392484,11540103475.590036
v6p1i12_0019,train,k,0,silicon_die_lower,88.1533993718377,88.1533993718377,88.1533993718377,880,,,,,
v6p1i12_0019,train,k,1,silicon_die_lower,50.28760276738093,50.28760276738093,50.28760276738093,360,,,,,
v6p1i12_0019,train,k,2,silicon_die_lower,72.68347512856538,72.68347512856538,72.68347512856538,720,,,,,
v6p1i12_0019,train,k,3,silicon_die_lower,21.582953154969648,21.582953154969648,21.582953154969648,504,,,,,
v6p1i12_0019,train,k,4,silicon_die_upper,32.53684271269663,32.53684271269663,32.53684271269663,280,,,,,
v6p1i12_0019,train,q,0,silicon_die_lower,,,,384,0.29214963439589753,0.07894084114840291,1.7578125000000002e-10,25.583454172149537,1662006809.0077724
v6p1i12_0019,train,q,1,silicon_die_lower,,,,336,0.2891863282818509,0.07814013544939784,1.5380859374999997e-10,30.468481503766384,1880170159.749939
v6p1i12_0019,train,q,2,silicon_die_upper,,,,392,0.40007861919029747,0.10810399537100071,1.7570495605468725e-10,33.538127245795145,2276991088.7759767
v6p1i12_0019,train,q,3,silicon_die_upper,,,,448,0.38867488936711503,0.10502262911725677,2.0080566406249986e-10,29.380210106593005,1935577321.395385
v6p1i12_0019,train,q,4,silicon_die_lower,,,,512,0.5399378731180852,0.14589492798769638,2.3437499999999993e-10,36.305257460595705,2303734925.3038306
v6p1i12_0019,train,q,5,silicon_die_lower,,,,288,0.3492497792172611,0.09436969311741075,1.3183593749999998e-10,41.57943208169406,2649124251.247966
v6p1i12_0019,train,q,6,silicon_die_upper,,,,320,0.27825884710141663,0.07518745485542569,1.4343261718749997e-10,25.9960638153175,1939997000.3870685
v6p1i12_0019,train,q,7,silicon_die_lower,,,,432,0.3907715846928075,0.10558917061912904,1.9775390624999994e-10,30.374050803326202,1976049890.0021482
v6p1i12_0019,train,q,8,silicon_die_lower,,,,384,0.31080172903599396,0.08398076544306603,1.7578125000000002e-10,26.679742201177326,1768116502.960321
v6p1i12_0019,train,q,9,silicon_die_lower,,,,384,0.4617587345589144,0.12477038689121385,1.7578124999999995e-10,38.39279467278943,2626894134.379603
v6p1i12_0020,train,k,0,silicon_die_upper,188.1164307171504,188.1164307171504,188.1164307171504,448,,,,,
v6p1i12_0020,train,k,1,silicon_die_lower,357.7208978468596,357.7208978468596,357.7208978468596,440,,,,,
v6p1i12_0020,train,k,2,silicon_die_upper,99.21632341216254,99.21632341216254,99.21632341216254,384,,,,,
v6p1i12_0020,train,k,3,silicon_die_lower,194.39637206506464,194.39637206506464,194.39637206506464,960,,,,,
v6p1i12_0020,train,q,0,silicon_die_lower,,,,384,0.6773598282543714,0.13534180271439936,1.7578124999999995e-10,66.48273306918013,3853424800.7359805
v6p1i12_0020,train,q,1,silicon_die_lower,,,,576,0.782186662738728,0.15628702585897136,2.6367187500000006e-10,47.32482931094845,2966515343.1276193
v6p1i12_0020,train,q,2,silicon_die_lower,,,,280,0.4153273929887523,0.08298566838342286,1.2817382812499986e-10,41.6869989725655,3240344765.108441
v6p1i12_0020,train,q,3,silicon_die_lower,,,,392,0.4428232616931705,0.08847955845842875,1.79443359375e-10,38.92562553568784,2467760652.9186754
v6p1i12_0020,train,q,4,silicon_die_upper,,,,448,0.5928843485717269,0.11846293976960834,2.0080566406249984e-10,41.217889603178165,2952528014.2854652
v6p1i12_0020,train,q,5,silicon_die_lower,,,,512,0.8873223198349834,0.177293954181899,2.3437499999999993e-10,61.166702467797336,3785908564.629264
v6p1i12_0020,train,q,6,silicon_die_lower,,,,384,0.8352646513074772,0.16689242399110135,1.7578124999999982e-10,73.06705250621353,4751727794.104764
v6p1i12_0020,train,q,7,silicon_die_upper,,,,336,0.37164020916160906,0.07425662664216905,1.5060424804687488e-10,42.262602100412295,2467660866.01978
v6p1i12_0021,train,k,0,silicon_die_lower,38.28814957247094,38.28814957247094,38.28814957247094,432,,,,,
v6p1i12_0021,train,k,1,silicon_die_lower,23.654242807439136,23.654242807439136,23.654242807439136,288,,,,,
v6p1i12_0021,train,k,2,silicon_die_lower,44.89460977034902,44.89460977034902,44.89460977034902,616,,,,,
v6p1i12_0021,train,k,3,silicon_die_lower,94.62329925292659,94.62329925292659,94.62329925292659,720,,,,,
v6p1i12_0021,train,k,4,silicon_die_lower,25.62459490936214,25.62459490936214,25.62459490936214,480,,,,,
v6p1i12_0021,train,k,5,silicon_die_lower,186.1503666932025,186.1503666932025,186.1503666932025,480,,,,,
v6p1i12_0021,train,k,6,silicon_die_lower,39.71382287194134,39.71382287194134,39.71382287194134,528,,,,,
v6p1i12_0021,train,k,7,silicon_die_upper,235.36106013848473,235.36106013848473,235.36106013848473,448,,,,,
v6p1i12_0021,train,q,0,silicon_die_upper,,,,432,1.6886998074123774,0.17383723104459292,1.9363403320312496e-10,141.4518443757069,8721089880.108557
v6p1i12_0021,train,q,1,silicon_die_upper,,,,240,1.197761031925456,0.12329927458337757,1.0757446289062489e-10,144.34964632883262,11134250636.633583
v6p1i12_0021,train,q,2,silicon_die_upper,,,,384,1.4956765147563316,0.15396713064240633,1.721191406249999e-10,136.3565782794787,8689774474.385727
v6p1i12_0021,train,q,3,silicon_die_upper,,,,448,2.474534233337587,0.2547321775962132,2.0080566406249984e-10,164.50053541622617,12323030054.408224
v6p1i12_0021,train,q,4,silicon_die_lower,,,,280,1.4308236226823816,0.14729107896413654,1.2817382812499996e-10,172.7136328962785,11163149635.2515
v6p1i12_0021,train,q,5,silicon_die_upper,,,,336,1.426763336601847,0.1468731071692735,1.5060424804687498e-10,153.54914464681494,9473592910.591557
v6p1i12_0022,valid_iid,k,0,silicon_die_lower,323.9205629908525,323.9205629908525,323.9205629908525,432,,,,,
v6p1i12_0022,valid_iid,k,1,silicon_die_lower,59.828199148248565,59.828199148248565,59.828199148248565,880,,,,,
v6p1i12_0022,valid_iid,k,2,silicon_die_lower,64.55806067819748,64.55806067819748,64.55806067819748,616,,,,,
v6p1i12_0022,valid_iid,k,3,silicon_die_upper,59.12540717212846,59.12540717212846,59.12540717212846,640,,,,,
v6p1i12_0022,valid_iid,k,4,silicon_die_lower,317.7957341889489,317.7957341889489,317.7957341889489,792,,,,,
v6p1i12_0022,valid_iid,k,5,silicon_die_lower,205.9887214276083,205.9887214276083,205.9887214276083,616,,,,,
v6p1i12_0022,valid_iid,k,6,silicon_die_lower,256.1747715477842,256.1747715477842,256.1747715477842,704,,,,,
v6p1i12_0022,valid_iid,k,7,silicon_die_upper,195.9202878444257,195.9202878444257,195.9202878444257,800,,,,,
v6p1i12_0022,valid_iid,q,0,silicon_die_lower,,,,448,2.0798360386118175,0.14766624910905565,2.05078125e-10,133.0505888211616,10141676683.516672
v6p1i12_0022,valid_iid,q,1,silicon_die_upper,,,,448,1.6353917376268994,0.11611115455066766,2.008056640625e-10,129.31369577841468,8144151437.470858
v6p1i12_0022,valid_iid,q,2,silicon_die_upper,,,,336,1.5415156028731967,0.10944604420418672,1.5060424804687482e-10,141.69802103916538,10235538657.537785
v6p1i12_0022,valid_iid,q,3,silicon_die_lower,,,,240,1.2049453022370846,0.08554989425112884,1.0986328124999997e-10,171.25945183045556,10967679906.584667
v6p1i12_0022,valid_iid,q,4,silicon_die_lower,,,,648,2.1873294825300817,0.15529817459382572,2.9663085937499985e-10,122.03915180923964,7373910749.335983
v6p1i12_0022,valid_iid,q,5,silicon_die_upper,,,,384,1.1816940077028046,0.0838990759235944,1.7211914062499988e-10,104.58748570536372,6865558376.667647
v6p1i12_0022,valid_iid,q,6,silicon_die_upper,,,,576,1.5079014408936944,0.10705947279937043,2.581787109374999e-10,85.14907648656018,5840533618.81851
v6p1i12_0022,valid_iid,q,7,silicon_die_lower,,,,392,1.600341181327116,0.11362260060608394,1.7944335937500014e-10,151.20049094071808,8918363916.62022
v6p1i12_0022,valid_iid,q,8,silicon_die_lower,,,,432,1.1457534666190925,0.08134733396208671,1.9775390625000002e-10,89.07720330606755,5793834813.915806
v6p1i12_0023,train,k,0,silicon_die_upper,30.356107034698958,30.356107034698958,30.356107034698958,384,,,,,
v6p1i12_0023,train,k,1,silicon_die_upper,24.870082166967887,24.870082166967887,24.870082166967887,440,,,,,
v6p1i12_0023,train,k,2,silicon_die_upper,372.0309989557831,372.0309989557831,372.0309989557831,384,,,,,
v6p1i12_0023,train,k,3,silicon_die_upper,33.10588154448815,33.10588154448815,33.10588154448815,864,,,,,
v6p1i12_0023,train,k,4,silicon_die_upper,81.05553957254843,81.05553957254843,81.05553957254843,504,,,,,
v6p1i12_0023,train,k,5,silicon_die_lower,370.9458157532169,370.9458157532169,370.9458157532169,560,,,,,
v6p1i12_0023,train,k,6,silicon_die_lower,144.07659171714627,144.07659171714627,144.07659171714627,320,,,,,
v6p1i12_0023,train,k,7,silicon_die_lower,62.18841624740651,62.18841624740651,62.18841624740651,648,,,,,
v6p1i12_0023,train,q,0,silicon_die_upper,,,,392,1.2491848698508334,0.20380517811620782,1.7570495605468738e-10,111.48046458120726,7109559672.648222
v6p1i12_0023,train,q,1,silicon_die_lower,,,,392,1.7987479780691353,0.29346669248429513,1.7944335937500004e-10,163.07394540245895,10024043153.97439
v6p1i12_0023,train,q,2,silicon_die_lower,,,,576,3.08137594294186,0.502728129399497,2.6367187499999996e-10,166.88591139669214,11686403576.194315
v6p1i12_0024,train,k,0,silicon_die_upper,24.038765596376525,24.038765596376525,24.038765596376525,792,,,,,
v6p1i12_0024,train,k,1,silicon_die_upper,44.442350908602165,44.442350908602165,44.442350908602165,384,,,,,
v6p1i12_0024,train,k,2,silicon_die_upper,53.332329124939086,53.332329124939086,53.332329124939086,640,,,,,
v6p1i12_0024,train,k,3,silicon_die_lower,36.653230322224104,36.653230322224104,36.653230322224104,432,,,,,
v6p1i12_0024,train,q,0,silicon_die_upper,,,,512,1.2504659947846104,0.161729981653304,2.2949218749999987e-10,77.13638938279954,5448839058.125284
v6p1i12_0024,train,q,1,silicon_die_upper,,,,432,0.6835692286788573,0.08840995218909359,1.9363403320312488e-10,58.3902222619756,3530212212.0329094
v6p1i12_0024,train,q,2,silicon_die_lower,,,,576,1.063840641029587,0.13759264791953843,2.6367187500000006e-10,56.0851930815657,4034714134.8677664
v6p1i12_0024,train,q,3,silicon_die_upper,,,,280,0.5052157466723582,0.06534246735302456,1.2550354003906247e-10,52.8195533810462,4025509929.9598393
v6p1i12_0024,train,q,4,silicon_die_upper,,,,336,0.7867019004066058,0.10174869564629413,1.5060424804687503e-10,83.18706046001451,5223636853.601551
v6p1i12_0024,train,q,5,silicon_die_upper,,,,576,1.2688193243963317,0.164103723661292,2.581787109374998e-10,69.92625870012549,4914500191.704377
v6p1i12_0024,train,q,6,silicon_die_upper,,,,576,1.11561095024782,0.1442884006988796,2.581787109374998e-10,68.66761551971629,4321080333.0639
v6p1i12_0024,train,q,7,silicon_die_lower,,,,240,0.42692754294253865,0.05521700228184142,1.0986328124999996e-10,55.48526365623533,3885989368.650309
v6p1i12_0024,train,q,8,silicon_die_upper,,,,448,0.6306617954182726,0.08156712859673221,2.0080566406249976e-10,48.16369534213177,3140657403.0799365
v6p1i12_0025,train,k,0,silicon_die_lower,176.2797295753046,176.2797295753046,176.2797295753046,640,,,,,
v6p1i12_0025,train,k,1,silicon_die_upper,54.1529720255445,54.1529720255445,54.1529720255445,792,,,,,
v6p1i12_0025,train,k,2,silicon_die_upper,62.02208306810728,62.02208306810728,62.02208306810728,704,,,,,
v6p1i12_0025,train,k,3,silicon_die_lower,194.42390823549977,194.42390823549977,194.42390823549977,392,,,,,
v6p1i12_0025,train,q,0,silicon_die_upper,,,,200,1.4369755691359025,0.20863614122669485,8.964538574218738e-11,196.10583251074618,16029554195.555853
v6p1i12_0025,train,q,1,silicon_die_lower,,,,432,3.0117241513786173,0.4372757052235242,1.9775390624999992e-10,220.25664720508965,15229656943.267681
v6p1i12_0025,train,q,2,silicon_die_lower,,,,336,2.4387722231625255,0.3540881535497809,1.5380859374999992e-10,217.62615292872326,15855890517.577316
v6p1i12_0026,train,k,0,silicon_die_lower,156.41799304048953,156.41799304048953,156.41799304048953,384,,,,,
v6p1i12_0026,train,k,1,silicon_die_lower,39.657759797931696,39.657759797931696,39.657759797931696,720,,,,,
v6p1i12_0026,train,k,2,silicon_die_lower,50.677734645931174,50.677734645931174,50.677734645931174,384,,,,,
v6p1i12_0026,train,k,3,silicon_die_lower,51.07817950264195,51.07817950264195,51.07817950264195,704,,,,,
v6p1i12_0026,train,k,4,silicon_die_upper,40.449894270741254,40.449894270741254,40.449894270741254,800,,,,,
v6p1i12_0026,train,q,0,silicon_die_lower,,,,504,1.2355437719040683,0.14685417506291215,2.3071289062500001e-10,92.78433156390712,5355330465.311178
v6p1i12_0026,train,q,1,silicon_die_upper,,,,392,1.0393900456777985,0.12353974921615893,1.7570495605468738e-10,72.9776488982058,5915541991.623121
v6p1i12_0026,train,q,2,silicon_die_lower,,,,576,0.8431222616416898,0.10021176669423625,2.6367187500000006e-10,52.6988562010166,3197619244.152186
v6p1i12_0026,train,q,3,silicon_die_lower,,,,448,1.106180990288381,0.13147838263045236,2.0507812499999998e-10,85.53664286013101,5393949209.787154
v6p1i12_0026,train,q,4,silicon_die_upper,,,,448,1.305010290069754,0.155110821611333,2.0080566406249989e-10,103.90995419792684,6498871912.614852
v6p1i12_0026,train,q,5,silicon_die_lower,,,,384,0.8911340054435438,0.10591834317471775,1.7578125e-10,68.22358576440237,5069562342.078827
v6p1i12_0026,train,q,6,silicon_die_lower,,,,448,1.180344556273939,0.14029331055951208,2.0507812499999992e-10,90.82913946489774,5755584883.926257
v6p1i12_0026,train,q,7,silicon_die_upper,,,,392,0.81267990372938,0.09659345105067743,1.7570495605468736e-10,64.92638883173342,4625253162.9013195
v6p1i12_0027,train,k,0,silicon_die_upper,46.727309412236515,46.727309412236515,46.727309412236515,392,,,,,
v6p1i12_0027,train,k,1,silicon_die_upper,32.22373807924009,32.22373807924009,32.22373807924009,504,,,,,
v6p1i12_0027,train,k,2,silicon_die_lower,47.04106845081967,47.04106845081967,47.04106845081967,528,,,,,
v6p1i12_0027,train,k,3,silicon_die_upper,207.92481159251122,207.92481159251122,207.92481159251122,528,,,,,
v6p1i12_0027,train,q,0,silicon_die_upper,,,,384,0.9572338723080283,0.17628729017556538,1.72119140625e-10,84.7320661040039,5561460909.182529
v6p1i12_0027,train,q,1,silicon_die_lower,,,,336,0.9706686853180583,0.17876148885163512,1.5380859374999997e-10,103.02891237666746,6310887198.512329
v6p1i12_0027,train,q,2,silicon_die_upper,,,,280,0.5678499358743253,0.10457708332059595,1.255035400390624e-10,69.04722026396587,4524573057.441922
v6p1i12_0027,train,q,3,silicon_die_upper,,,,288,0.7103381996845975,0.13081818346926577,1.2908935546875e-10,71.560949845212,5502686082.095719
v6p1i12_0027,train,q,4,silicon_die_lower,,,,432,0.98687523112941,0.18174613881737514,1.977539062499998e-10,75.12391510823382,4990420921.859343
v6p1i12_0027,train,q,5,silicon_die_upper,,,,384,1.236999397375615,0.22780981536556272,1.721191406249999e-10,109.9061207059409,7186878768.298613
v6p1i12_0028,test_iid,k,0,silicon_die_lower,83.11152010096527,83.11152010096527,83.11152010096527,616,,,,,
v6p1i12_0028,test_iid,k,1,silicon_die_upper,87.13822351449151,87.13822351449151,87.13822351449151,504,,,,,
v6p1i12_0028,test_iid,k,2,silicon_die_upper,157.26416500006894,157.26416500006894,157.26416500006894,720,,,,,
v6p1i12_0028,test_iid,q,0,silicon_die_upper,,,,336,1.1628660759984202,0.26778512009515476,1.5060424804687482e-10,90.51272201637012,7721336490.033693
v6p1i12_0028,test_iid,q,1,silicon_die_upper,,,,320,1.1419639767974323,0.2629717789372131,1.4343261718749992e-10,122.93307189149999,7961675657.8081455
v6p1i12_0028,test_iid,q,2,silicon_die_lower,,,,512,1.1984888940138008,0.2759883524340002,2.3437499999999993e-10,79.59265220419014,5113552614.458885
v6p1i12_0028,test_iid,q,3,silicon_die_upper,,,,280,0.8392153791648721,0.19325474853363203,1.255035400390624e-10,89.26656192444173,6686786515.373751
v6p1i12_0029,train,k,0,silicon_die_upper,24.692661618138608,24.692661618138608,24.692661618138608,648,,,,,
v6p1i12_0029,train,k,1,silicon_die_lower,170.85621278296512,170.85621278296512,170.85621278296512,512,,,,,
v6p1i12_0029,train,k,2,silicon_die_lower,20.461821954553905,20.461821954553905,20.461821954553905,448,,,,,
v6p1i12_0029,train,k,3,silicon_die_lower,78.00240611333015,78.00240611333015,78.00240611333015,528,,,,,
v6p1i12_0029,train,k,4,silicon_die_lower,261.4672462215869,261.4672462215869,261.4672462215869,704,,,,,
v6p1i12_0029,train,k,5,silicon_die_upper,285.13654530179747,285.13654530179747,285.13654530179747,704,,,,,
v6p1i12_0029,train,q,0,silicon_die_lower,,,,448,1.3988955886291556,0.10163399484883487,2.0507812499999995e-10,102.67439255726225,6821281346.458361
v6p1i12_0029,train,q,1,silicon_die_lower,,,,360,1.3296035338842063,0.09659971752874226,1.6479492187499987e-10,122.69686769932476,8068231221.9106865
v6p1i12_0029,train,q,2,silicon_die_upper,,,,288,0.9209205189948582,0.06690766061778045,1.2908935546874988e-10,118.5176185277666,7133977202.464194
v6p1i12_0029,train,q,3,silicon_die_upper,,,,336,1.0259347424107377,0.07453726151756088,1.5060424804687488e-10,101.98318137509175,6812123533.802447
v6p1i12_0029,train,q,4,silicon_die_lower,,,,432,1.283745736766718,0.09326800989173056,1.9775390624999997e-10,100.17185127071296,6491632762.711701
v6p1i12_0029,train,q,5,silicon_die_lower,,,,448,1.9520529715744064,0.1418225514972584,2.0507812499999985e-10,154.64670557885262,9518582109.010447
v6p1i12_0029,train,q,6,silicon_die_upper,,,,288,1.3058778737786874,0.09487597657441378,1.2908935546874975e-10,152.63316752926357,10116077108.26953
v6p1i12_0029,train,q,7,silicon_die_lower,,,,336,1.0430341970342834,0.07577958860562495,1.5380859374999982e-10,103.48922036567211,6781377890.559412
v6p1i12_0029,train,q,8,silicon_die_lower,,,,336,1.2871978127242951,0.0935188136493105,1.5380859374999992e-10,112.80566514657913,8368828953.839231
v6p1i12_0029,train,q,9,silicon_die_lower,,,,576,2.2167890100544354,0.16105642526874328,2.636718749999999e-10,148.72697617811184,8407377578.873121
v6p1i12_0030,train,k,0,silicon_die_upper,126.17453196301072,126.17453196301072,126.17453196301072,880,,,,,
v6p1i12_0030,train,k,1,silicon_die_upper,95.48010823937962,95.48010823937962,95.48010823937962,384,,,,,
v6p1i12_0030,train,k,2,silicon_die_upper,160.4112807924055,160.4112807924055,160.4112807924055,280,,,,,
v6p1i12_0030,train,k,3,silicon_die_lower,182.68954077488368,182.68954077488368,182.68954077488368,392,,,,,
v6p1i12_0030,train,k,4,silicon_die_lower,42.63228920016796,42.63228920016796,42.63228920016796,480,,,,,
v6p1i12_0030,train,k,5,silicon_die_upper,58.57156690756576,58.57156690756576,58.57156690756576,384,,,,,
v6p1i12_0030,train,k,6,silicon_die_lower,261.20405994567875,261.20405994567875,261.20405994567875,528,,,,,
v6p1i12_0030,train,k,7,silicon_die_upper,163.85277994034254,163.85277994034254,163.85277994034254,432,,,,,
v6p1i12_0030,train,q,0,silicon_die_upper,,,,240,0.8080836427226347,0.1049409836188452,1.0757446289062489e-10,108.9635532469037,7511853845.314984
v6p1i12_0030,train,q,1,silicon_die_upper,,,,576,1.6392701877369502,0.21288220281079334,2.5817871093749975e-10,96.95038614031266,6349362353.636458
v6p1i12_0030,train,q,2,silicon_die_upper,,,,504,1.7660727161233065,0.2293492878385102,2.2590637207031244e-10,123.2075578528143,7817719792.222698
v6p1i12_0030,train,q,3,silicon_die_lower,,,,280,1.226544606197597,0.15928400306816362,1.2817382812500004e-10,125.3758375348516,9569384203.781631
v6p1i12_0030,train,q,4,silicon_die_lower,,,,432,2.2603916116630467,0.29354352266368755,1.9775390624999992e-10,182.2563620052166,11430325977.002275
v6p1i12_0031,train,k,0,silicon_die_upper,74.60245184142154,74.60245184142154,74.60245184142154,480,,,,,
v6p1i12_0031,train,k,1,silicon_die_upper,35.08389472284854,35.08389472284854,35.08389472284854,576,,,,,
v6p1i12_0031,train,k,2,silicon_die_upper,69.81037547568815,69.81037547568815,69.81037547568815,560,,,,,
v6p1i12_0031,train,k,3,silicon_die_upper,156.32480118783644,156.32480118783644,156.32480118783644,504,,,,,
v6p1i12_0031,train,k,4,silicon_die_upper,65.69025228357734,65.69025228357734,65.69025228357734,480,,,,,
v6p1i12_0031,train,k,5,silicon_die_lower,361.0560076698825,361.0560076698825,361.0560076698825,432,,,,,
v6p1i12_0031,train,k,6,silicon_die_upper,108.59726424082676,108.59726424082676,108.59726424082676,504,,,,,
v6p1i12_0031,train,k,7,silicon_die_upper,97.71024678805047,97.71024678805047,97.71024678805047,384,,,,,
v6p1i12_0031,train,q,0,silicon_die_lower,,,,448,1.008302330507868,0.14618868682831188,2.050781249999997e-10,73.02096955731281,4916674221.143135
v6p1i12_0031,train,q,1,silicon_die_lower,,,,392,1.0309915301925623,0.14947827984692577,1.794433593749999e-10,88.06761518097939,5745498377.780595
v6p1i12_0031,train,q,2,silicon_die_lower,,,,448,1.133184933533946,0.16429478773843095,2.0507812499999998e-10,85.09603099424879,5525625580.660766
v6p1i12_0031,train,q,3,silicon_die_upper,,,,448,1.2042617226202939,0.17459985413183352,2.0080566406249984e-10,90.94822079443637,5997150171.2495165
v6p1i12_0031,train,q,4,silicon_die_upper,,,,448,1.017492235852393,0.14752108501261035,2.0080566406249976e-10,75.44160457919037,5067049480.913565
v6p1i12_0031,train,q,5,silicon_die_upper,,,,504,0.775963010464494,0.11250297663202995,2.2590637207031242e-10,50.350062324550166,3434887663.20845
v6p1i12_0031,train,q,6,silicon_die_upper,,,,288,0.7270707242964273,0.10541432980985746,1.2908935546874988e-10,85.78821609651676,5632305790.483535
v6p1i12_0032,train,k,0,silicon_die_lower,55.4504322138477,55.4504322138477,55.4504322138477,792,,,,,
v6p1i12_0032,train,k,1,silicon_die_lower,108.68676275413178,108.68676275413178,108.68676275413178,648,,,,,
v6p1i12_0032,train,k,2,silicon_die_lower,26.259085797354718,26.259085797354718,26.259085797354718,648,,,,,
v6p1i12_0032,train,k,3,silicon_die_lower,73.58160332830363,73.58160332830363,73.58160332830363,448,,,,,
v6p1i12_0032,train,k,4,silicon_die_lower,345.89915441807983,345.89915441807983,345.89915441807983,704,,,,,
v6p1i12_0032,train,k,5,silicon_die_lower,27.333171522232487,27.333171522232487,27.333171522232487,576,,,,,
v6p1i12_0032,train,k,6,silicon_die_upper,129.18397840878822,129.18397840878822,129.18397840878822,880,,,,,
v6p1i12_0032,train,q,0,silicon_die_upper,,,,576,2.40114816245646,0.32334078110531095,2.5817871093749985e-10,140.61296248113058,9300333686.450747
v6p1i12_0032,train,q,1,silicon_die_lower,,,,384,1.5289016845300702,0.20588328227252523,1.7578125000000002e-10,132.8701894225975,8697751805.32662
v6p1i12_0032,train,q,2,silicon_die_upper,,,,384,1.737341704823982,0.23395200374054603,1.7211914062499988e-10,140.3599056240839,10093832089.303596
v6p1i12_0032,train,q,3,silicon_die_upper,,,,504,1.7586688240206902,0.23682393288161782,2.259063720703122e-10,118.5657431078867,7784945629.923681
v6p1i12_0033,train,k,0,silicon_die_lower,20.74854202601192,20.74854202601192,20.74854202601192,880,,,,,
v6p1i12_0033,train,k,1,silicon_die_upper,21.665561940554873,21.665561940554873,21.665561940554873,672,,,,,
v6p1i12_0033,train,q,0,silicon_die_lower,,,,240,0.3316258589488155,0.05368064081957788,1.0986328124999997e-10,39.47889303996725,3018532262.7874417
v6p1i12_0033,train,q,1,silicon_die_upper,,,,448,0.9288905870560831,0.15036053618526943,2.0080566406249989e-10,70.02230341514891,4625818656.026405
v6p1i12_0033,train,q,2,silicon_die_lower,,,,360,0.6934537096419185,0.11225011110498817,1.6479492187500005e-10,64.29801921228504,4207979843.9900703
v6p1i12_0033,train,q,3,silicon_die_lower,,,,384,0.41303706685371305,0.06685876216416609,1.7578124999999997e-10,35.16227620734988,2349721980.3233457
v6p1i12_0033,train,q,4,silicon_die_upper,,,,288,0.3687869329764371,0.05969594455273576,1.2908935546874977e-10,39.39536352263486,2856834567.321965
v6p1i12_0033,train,q,5,silicon_die_lower,,,,288,0.5328775139029396,0.08625746651761665,1.3183593750000003e-10,62.34349082384919,4041974623.974889
v6p1i12_0033,train,q,6,silicon_die_upper,,,,384,0.7104032142734376,0.11499374597435093,1.7211914062499988e-10,65.72975044013816,4127392291.721989
v6p1i12_0033,train,q,7,silicon_die_lower,,,,504,0.7043151671003405,0.11400826711384351,2.3071289062499996e-10,46.23809444204524,3052777697.823275
v6p1i12_0033,train,q,8,silicon_die_upper,,,,288,0.6161319497653166,0.09973395318946762,1.2908935546874985e-10,67.72487775022016,4772910574.446789
v6p1i12_0033,train,q,9,silicon_die_upper,,,,512,0.8782332178551461,0.14216057237798396,2.2949218749999956e-10,56.41234903393382,3826854532.2709417
v6p1i12_0034,train,k,0,silicon_die_lower,70.41134467177451,70.41134467177451,70.41134467177451,968,,,,,
v6p1i12_0034,train,k,1,silicon_die_lower,29.549025394350153,29.549025394350153,29.549025394350153,528,,,,,
v6p1i12_0034,train,k,2,silicon_die_lower,102.72975508191813,102.72975508191813,102.72975508191813,576,,,,,
v6p1i12_0034,train,k,3,silicon_die_lower,41.78181247256764,41.78181247256764,41.78181247256764,576,,,,,
v6p1i12_0034,train,k,4,silicon_die_upper,44.487609747240164,44.487609747240164,44.487609747240164,792,,,,,
v6p1i12_0034,train,q,0,silicon_die_upper,,,,448,0.7409315939407791,0.22508560270772723,2.008056640625e-10,59.77627697917659,3689794296.390798
v6p1i12_0034,train,q,1,silicon_die_lower,,,,240,0.36273709413855,0.11019491964753625,1.0986328124999998e-10,42.640706650620224,3301713639.0922246
v6p1i12_0034,train,q,2,silicon_die_lower,,,,240,0.6708305107966203,0.20378978447159912,1.0986328124999985e-10,78.57079856307563,6106048382.7176895
v6p1i12_0034,train,q,3,silicon_die_upper,,,,512,0.9414879472700295,0.28601207424051805,2.2949218749999977e-10,57.38991529073038,4102483651.0830264
v6p1i12_0034,train,q,4,silicon_die_lower,,,,448,0.5757897823982959,0.17491761893261945,2.0507812499999987e-10,45.61374673998768,2807660653.218359
v6p1i12_0035,train,k,0,silicon_die_upper,61.76458284652698,61.76458284652698,61.76458284652698,392,,,,,
v6p1i12_0035,train,k,1,silicon_die_upper,157.53444645678448,157.53444645678448,157.53444645678448,400,,,,,
v6p1i12_0035,train,k,2,silicon_die_upper,259.09715131413424,259.09715131413424,259.09715131413424,504,,,,,
v6p1i12_0035,train,k,3,silicon_die_upper,58.033200764348365,58.033200764348365,58.033200764348365,528,,,,,
v6p1i12_0035,train,k,4,silicon_die_upper,48.27050052112982,48.27050052112982,48.27050052112982,792,,,,,
v6p1i12_0035,train,k,5,silicon_die_upper,123.6714263572054,123.6714263572054,123.6714263572054,528,,,,,
v6p1i12_0035,train,k,6,silicon_die_upper,47.92332123925053,47.92332123925053,47.92332123925053,384,,,,,
v6p1i12_0035,train,k,7,silicon_die_lower,180.0393715618653,180.0393715618653,180.0393715618653,336,,,,,
v6p1i12_0035,train,q,0,silicon_die_lower,,,,384,1.2762084438586516,0.08544271422167476,1.7578124999999995e-10,130.39720621782865,7260208036.173665
v6p1i12_0035,train,q,1,silicon_die_upper,,,,512,3.7657856699060033,0.252120999796091,2.294921874999999e-10,223.78468805820285,16409210748.867018
v6p1i12_0035,train,q,2,silicon_die_upper,,,,448,1.9625406936353322,0.13139295891797378,2.0080566406249973e-10,133.65370451852277,9773333350.918337
v6p1i12_0035,train,q,3,silicon_die_upper,,,,432,1.877037753886031,0.12566849965642563,1.9363403320312496e-10,151.13459865629778,9693738868.295898
v6p1i12_0035,train,q,4,silicon_die_lower,,,,336,1.4244621932292778,0.09536836766858864,1.5380859374999997e-10,148.4710349499608,9261265307.090672
v6p1i12_0035,train,q,5,silicon_die_lower,,,,448,2.8986643839104467,0.19406684994981768,2.0507812499999992e-10,228.77624027582695,14134439662.49666
v6p1i12_0035,train,q,6,silicon_die_upper,,,,432,1.7317229483963574,0.11593960978942863,1.9363403320312483e-10,130.1084076233262,8943277789.291079
v6p1i12_0036,train,k,0,silicon_die_lower,35.48993638905214,35.48993638905214,35.48993638905214,792,,,,,
v6p1i12_0036,train,k,1,silicon_die_upper,380.85268371411365,380.85268371411365,380.85268371411365,704,,,,,
v6p1i12_0036,train,k,2,silicon_die_lower,23.128579544161195,23.128579544161195,23.128579544161195,560,,,,,
v6p1i12_0036,train,k,3,silicon_die_lower,188.06741829083992,188.06741829083992,188.06741829083992,560,,,,,
v6p1i12_0036,train,k,4,silicon_die_upper,52.07709203121418,52.07709203121418,52.07709203121418,616,,,,,
v6p1i12_0036,train,k,5,silicon_die_lower,135.7084554945688,135.7084554945688,135.7084554945688,640,,,,,
v6p1i12_0036,train,k,6,silicon_die_lower,93.85658001976024,93.85658001976024,93.85658001976024,448,,,,,
v6p1i12_0036,train,q,0,silicon_die_upper,,,,336,1.1210800256348128,0.13924890009282156,1.5060424804687488e-10,110.695414609085,7443880502.533247
v6p1i12_0036,train,q,1,silicon_die_lower,,,,392,0.8071656680410425,0.10025772371045308,1.79443359375e-10,64.34440386862398,4498164049.382463
v6p1i12_0036,train,q,2,silicon_die_lower,,,,240,0.503973310948612,0.06259832270759935,1.0986328124999996e-10,65.0038311014386,4587277070.323368
v6p1i12_0036,train,q,3,silicon_die_upper,,,,512,1.5539525516955717,0.1930158228423639,2.2949218749999987e-10,86.55379871693812,6771265586.962835
v6p1i12_0036,train,q,4,silicon_die_upper,,,,240,0.41247070828819987,0.051232821151296175,1.075744628906249e-10,59.37701410005438,3834280899.0603533
v6p1i12_0036,train,q,5,silicon_die_lower,,,,384,0.8779059732047187,0.1090443486266312,1.7578124999999997e-10,82.77642757880051,4994309536.453512
v6p1i12_0036,train,q,6,silicon_die_lower,,,,512,0.8532631193721242,0.10598346964130285,2.34375e-10,59.55312741522973,3640589309.3210635
v6p1i12_0036,train,q,7,silicon_die_lower,,,,432,1.104463879575722,0.13718501525890894,1.9775390624999986e-10,83.0880075661427,5585042037.953284
v6p1i12_0036,train,q,8,silicon_die_upper,,,,576,0.8166323459024344,0.101433575968623,2.581787109374998e-10,55.87462166771573,3163050675.003663
v6p1i12_0037,train,k,0,silicon_die_upper,22.525292674125513,22.525292674125513,22.525292674125513,440,,,,,
v6p1i12_0037,train,k,1,silicon_die_upper,356.4509781783766,356.4509781783766,356.4509781783766,336,,,,,
v6p1i12_0037,train,k,2,silicon_die_upper,227.73331996874907,227.73331996874907,227.73331996874907,400,,,,,
v6p1i12_0037,train,k,3,silicon_die_upper,66.61923278573482,66.61923278573482,66.61923278573482,704,,,,,
v6p1i12_0037,train,k,4,silicon_die_upper,38.15635940720331,38.15635940720331,38.15635940720331,392,,,,,
v6p1i12_0037,train,k,5,silicon_die_upper,45.1703942941642,45.1703942941642,45.1703942941642,640,,,,,
v6p1i12_0037,train,k,6,silicon_die_lower,70.17046610406985,70.17046610406985,70.17046610406985,504,,,,,
v6p1i12_0037,train,q,0,silicon_die_upper,,,,336,2.5987553439072317,0.3202249814356964,1.5060424804687495e-10,243.87758566147605,17255524844.813007
v6p1i12_0037,train,q,1,silicon_die_lower,,,,512,3.3217459858080955,0.4093136543743333,2.3437499999999993e-10,236.9612453204219,14172782872.781212
v6p1i12_0037,train,q,2,silicon_die_lower,,,,288,2.194903446813893,0.27046136418997013,1.3183593749999998e-10,283.84574396905424,16648749107.684643
v6p1i12_0038,train,k,0,silicon_die_upper,175.54911932146055,175.54911932146055,175.54911932146055,704,,,,,
v6p1i12_0038,train,k,1,silicon_die_upper,84.02757044324176,84.02757044324176,84.02757044324176,528,,,,,
v6p1i12_0038,train,k,2,silicon_die_upper,52.49400243610694,52.49400243610694,52.49400243610694,880,,,,,
v6p1i12_0038,train,k,3,silicon_die_lower,245.45839939265443,245.45839939265443,245.45839939265443,336,,,,,
v6p1i12_0038,train,q,0,silicon_die_lower,,,,288,1.2427121871558078,0.1437007375199155,1.3183593749999998e-10,127.5904988366849,9426202071.463314
v6p1i12_0038,train,q,1,silicon_die_lower,,,,288,0.6689130886841088,0.0773496109349569,1.3183593749999982e-10,89.48958201447266,5073829650.463173
v6p1i12_0038,train,q,2,silicon_die_upper,,,,504,1.097867192736836,0.12695161995335166,2.2590637207031231e-10,73.17786250484248,4859832782.38442
v6p1i12_0038,train,q,3,silicon_die_upper,,,,448,1.5045187645471712,0.17397468079298234,2.0080566406249989e-10,114.21910819918983,7492411987.337649
v6p1i12_0038,train,q,4,silicon_die_lower,,,,288,0.7421533925081046,0.08581873659773703,1.3183593749999998e-10,78.50082959895562,5629370917.987402
v6p1i12_0038,train,q,5,silicon_die_lower,,,,512,1.6423207179163104,0.18990937793001747,2.3437499999999993e-10,103.19899175756656,7007235063.109593
v6p1i12_0038,train,q,6,silicon_die_upper,,,,280,0.8544349638927804,0.09880239024227154,1.255035400390624e-10,96.23058141876602,6808054686.161374
v6p1i12_0038,train,q,7,silicon_die_lower,,,,320,0.8949976406736582,0.10349284602876756,1.4648437499999994e-10,93.1569878159086,6109850560.332175
v6p1i12_0039,train,k,0,silicon_die_lower,102.63463111654366,102.63463111654366,102.63463111654366,800,,,,,
v6p1i12_0039,train,k,1,silicon_die_lower,215.55421333639134,215.55421333639134,215.55421333639134,576,,,,,
v6p1i12_0039,train,k,2,silicon_die_lower,250.06522959104782,250.06522959104782,250.06522959104782,432,,,,,
v6p1i12_0039,train,k,3,silicon_die_upper,169.71970263704773,169.71970263704773,169.71970263704773,616,,,,,
v6p1i12_0039,train,q,0,silicon_die_upper,,,,576,1.3234680026189771,0.1785221585290116,2.5817871093749985e-10,74.9780603877925,5126170154.824902
v6p1i12_0039,train,q,1,silicon_die_upper,,,,512,1.1780988092942726,0.15891335640867893,2.2949218749999982e-10,77.5071061495629,5133502896.669516
v6p1i12_0039,train,q,2,silicon_die_lower,,,,432,1.3175363722905158,0.17772204288757745,1.9775390625000002e-10,100.81222276361467,6662504914.6937685
v6p1i12_0039,train,q,3,silicon_die_lower,,,,336,0.7488397759915537,0.10101074822953698,1.5380859374999992e-10,72.76557842819072,4868647178.510167
v6p1i12_0039,train,q,4,silicon_die_upper,,,,576,2.138814594278005,0.28850398899578705,2.581787109374998e-10,131.82715354261782,8284240735.851268
v6p1i12_0039,train,q,5,silicon_die_upper,,,,336,0.7067087262623557,0.09532770494940797,1.5060424804687488e-10,72.00012100897393,4692488661.02632
v6p1i12_0040,valid_iid,k,0,silicon_die_upper,38.51152170815699,38.51152170815699,38.51152170815699,576,,,,,
v6p1i12_0040,valid_iid,k,1,silicon_die_upper,37.89976357097692,37.89976357097692,37.89976357097692,384,,,,,
v6p1i12_0040,valid_iid,k,2,silicon_die_upper,75.5168483823503,75.5168483823503,75.5168483823503,336,,,,,
v6p1i12_0040,valid_iid,k,3,silicon_die_upper,52.546113548377065,52.546113548377065,52.546113548377065,288,,,,,
v6p1i12_0040,valid_iid,k,4,silicon_die_upper,29.848007390687922,29.848007390687922,29.848007390687922,576,,,,,
v6p1i12_0040,valid_iid,k,5,silicon_die_upper,333.68751382922625,333.68751382922625,333.68751382922625,968,,,,,
v6p1i12_0040,valid_iid,k,6,silicon_die_lower,75.65257588413255,75.65257588413255,75.65257588413255,432,,,,,
v6p1i12_0040,valid_iid,q,0,silicon_die_lower,,,,280,1.6782668720836242,0.14486418497354356,1.2817382812499986e-10,182.37895706290044,13093678301.056252
v6p1i12_0040,valid_iid,q,1,silicon_die_lower,,,,288,1.2928779490150668,0.11159828837102966,1.3183593750000008e-10,165.32394035168392,9806718665.121685
v6p1i12_0040,valid_iid,q,2,silicon_die_upper,,,,448,1.4891188443867447,0.12853735678700923,2.0080566406249989e-10,107.15361902018499,7415721321.104085
v6p1i12_0040,valid_iid,q,3,silicon_die_upper,,,,392,1.7398719955272846,0.15018179932100456,1.7570495605468736e-10,166.61206534777477,9902236309.06437
v6p1i12_0040,valid_iid,q,4,silicon_die_lower,,,,384,1.3619118162255979,0.11755713500941288,1.7578124999999997e-10,118.11833395561692,7747764998.972291
v6p1i12_0040,valid_iid,q,5,silicon_die_lower,,,,448,1.5207627920212594,0.13126879048189483,2.050781249999999e-10,110.78481073900471,7415529042.998907
v6p1i12_0040,valid_iid,q,6,silicon_die_lower,,,,384,1.4122209334081408,0.12189970375018727,1.7578124999999997e-10,115.32391595959065,8033967976.721869
v6p1i12_0040,valid_iid,q,7,silicon_die_lower,,,,240,1.0900743387062586,0.09409274130591798,1.0986328124999993e-10,134.4653206531152,9922098869.646307
v6p1i12_0041,train,k,0,silicon_die_upper,204.25754402325873,204.25754402325873,204.25754402325873,968,,,,,
v6p1i12_0041,train,k,1,silicon_die_lower,218.36971465850803,218.36971465850803,218.36971465850803,448,,,,,
v6p1i12_0041,train,q,0,silicon_die_upper,,,,512,1.1373751533945893,0.20744634496902647,2.2949218749999987e-10,74.9928332866875,4956051732.238553
v6p1i12_0041,train,q,1,silicon_die_upper,,,,392,0.8969861251281153,0.16360168638324551,1.7570495605468738e-10,71.9897405447733,5105070142.978394
v6p1i12_0041,train,q,2,silicon_die_upper,,,,288,0.6980742411090529,0.1273220620328252,1.2908935546874995e-10,75.98853379885058,5407682442.709563
v6p1i12_0041,train,q,3,silicon_die_lower,,,,448,1.1348885007420946,0.20699280331882605,2.0507812500000018e-10,80.43522083112754,5533932498.856685
v6p1i12_0041,train,q,4,silicon_die_upper,,,,320,0.8659845587617986,0.15794729731749815,1.4343261718749987e-10,79.8836729107933,6037570642.873754
v6p1i12_0041,train,q,5,silicon_die_upper,,,,448,0.7494351807720459,0.13668980597857866,2.0080566406249984e-10,54.20310127527197,3732141641.8751397
v6p1i12_0042,train,k,0,silicon_die_upper,27.466381815425436,27.466381815425436,27.466381815425436,704,,,,,
v6p1i12_0042,train,k,1,silicon_die_upper,68.12147124520267,68.12147124520267,68.12147124520267,288,,,,,
v6p1i12_0042,train,k,2,silicon_die_upper,68.91736470698937,68.91736470698937,68.91736470698937,504,,,,,
v6p1i12_0042,train,k,3,silicon_die_upper,276.6454081474137,276.6454081474137,276.6454081474137,280,,,,,
v6p1i12_0042,train,k,4,silicon_die_lower,189.8040258330822,189.8040258330822,189.8040258330822,432,,,,,
v6p1i12_0042,train,q,0,silicon_die_lower,,,,384,0.2416773694529769,0.08017845118695884,1.7578124999999995e-10,19.18914540670916,1374875701.7769358
v6p1i12_0042,train,q,1,silicon_die_lower,,,,384,0.3298089823101976,0.10941683720338519,1.7578124999999987e-10,22.997225036669096,1876246654.9202368
v6p1i12_0042,train,q,2,silicon_die_upper,,,,288,0.2179905826874902,0.07232016523841867,1.2908935546874988e-10,29.76503815643143,1688679766.7857413
v6p1i12_0042,train,q,3,silicon_die_upper,,,,448,0.30618748156705594,0.10158021042867511,2.0080566406249984e-10,20.88382629967966,1524795044.983176
v6p1i12_0042,train,q,4,silicon_die_lower,,,,288,0.23847278211372752,0.0791153030314823,1.3183593749999998e-10,25.085285912644935,1808860213.958941
v6p1i12_0042,train,q,5,silicon_die_lower,,,,392,0.28492683079515047,0.09452681501156769,1.7944335937499983e-10,23.64819362376924,1587837141.4107993
v6p1i12_0042,train,q,6,silicon_die_upper,,,,392,0.4377163846059841,0.1452160037007168,1.7570495605468736e-10,35.27484668222738,2491201127.358906
v6p1i12_0042,train,q,7,silicon_die_upper,,,,648,0.506891717178851,0.16816548812529966,2.9045104980468734e-10,28.842710821417853,1745188104.913748
v6p1i12_0042,train,q,8,silicon_die_upper,,,,576,0.4505712959848175,0.14948072607349575,2.581787109374997e-10,25.48134150766921,1745191516.17382
v6p1i12_0043,valid_iid,k,0,silicon_die_lower,157.75317542413956,157.75317542413956,157.75317542413956,576,,,,,
v6p1i12_0043,valid_iid,k,1,silicon_die_lower,73.57224075364539,73.57224075364539,73.57224075364539,792,,,,,
v6p1i12_0043,valid_iid,k,2,silicon_die_lower,49.126693569112355,49.126693569112355,49.126693569112355,432,,,,,
v6p1i12_0043,valid_iid,k,3,silicon_die_upper,207.47939627920272,207.47939627920272,207.47939627920272,432,,,,,
v6p1i12_0043,valid_iid,q,0,silicon_die_upper,,,,360,3.032720583074155,0.3394812136283694,1.6136169433593734e-10,260.8678131037061,18794550934.500996
v6p1i12_0043,valid_iid,q,1,silicon_die_upper,,,,432,3.2006041925226767,0.35827402025947797,1.936340332031248e-10,255.1642736815652,16529140769.201447
v6p1i12_0043,valid_iid,q,2,silicon_die_lower,,,,360,2.7000726005362665,0.3022447661121527,1.6479492187500002e-10,237.70154565561285,16384440550.809698
v6p1i12_0044,train,k,0,silicon_die_lower,142.5821615261526,142.5821615261526,142.5821615261526,480,,,,,
v6p1i12_0044,train,k,1,silicon_die_upper,195.57495561274538,195.57495561274538,195.57495561274538,560,,,,,
v6p1i12_0044,train,k,2,silicon_die_upper,35.25018410752005,35.25018410752005,35.25018410752005,480,,,,,
v6p1i12_0044,train,k,3,silicon_die_lower,164.89055451999613,164.89055451999613,164.89055451999613,880,,,,,
v6p1i12_0044,train,k,4,silicon_die_lower,65.87805471407849,65.87805471407849,65.87805471407849,448,,,,,
v6p1i12_0044,train,k,5,silicon_die_upper,94.71313774503078,94.71313774503078,94.71313774503078,648,,,,,
v6p1i12_0044,train,q,0,silicon_die_upper,,,,320,1.5594975817944865,0.19668302174278626,1.4343261718749987e-10,133.96880613850038,10872684417.07272
v6p1i12_0044,train,q,1,silicon_die_lower,,,,392,1.103599934553594,0.1391854482219688,1.7944335937499996e-10,108.54886928957656,6150129703.308193
v6p1i12_0044,train,q,2,silicon_die_lower,,,,384,1.3496344931528281,0.17021519844624777,1.757812499999997e-10,128.4799335857512,7677920672.158323
v6p1i12_0044,train,q,3,silicon_die_upper,,,,504,1.6941798590525012,0.21366908031417875,2.2590637207031224e-10,110.79461060953932,7499477963.043894
v6p1i12_0044,train,q,4,silicon_die_upper,,,,384,2.2220774665501124,0.2802472512748184,1.721191406249998e-10,193.44224424816105,12910112486.509604
v6p1i12_0045,test_iid,k,0,silicon_die_lower,134.66366261818857,134.66366261818857,134.66366261818857,704,,,,,
v6p1i12_0045,test_iid,k,1,silicon_die_lower,353.13699139760894,353.13699139760894,353.13699139760894,504,,,,,
v6p1i12_0045,test_iid,k,2,silicon_die_lower,157.5919734263619,157.5919734263619,157.5919734263619,560,,,,,
v6p1i12_0045,test_iid,k,3,silicon_die_lower,34.14346894047751,34.14346894047751,34.14346894047751,640,,,,,
v6p1i12_0045,test_iid,k,4,silicon_die_upper,236.07436605699428,236.07436605699428,236.07436605699428,336,,,,,
v6p1i12_0045,test_iid,q,0,silicon_die_lower,,,,504,0.776205812188403,0.12944072656672334,2.307128906249999e-10,53.120883083486945,3364379901.2949204
v6p1i12_0045,test_iid,q,1,silicon_die_upper,,,,512,1.1378272483964516,0.1897450179155625,2.2949218749999974e-10,74.39220750567465,4958021712.161565
v6p1i12_0045,test_iid,q,2,silicon_die_upper,,,,384,0.717537451068004,0.11965714189026631,1.7211914062499988e-10,64.15448894185404,4168841701.5241795
v6p1i12_0045,test_iid,q,3,silicon_die_lower,,,,384,0.6373178452198789,0.10627965372562329,1.7578125e-10,56.97930006592162,3625630408.3619776
v6p1i12_0045,test_iid,q,4,silicon_die_upper,,,,280,0.6897904668849997,0.11503003173947075,1.2550354003906235e-10,80.4906620109552,5496183348.057798
v6p1i12_0045,test_iid,q,5,silicon_die_upper,,,,576,1.301564704378249,0.21705001220401857,2.581787109374997e-10,73.96943079242725,5041332415.256089
v6p1i12_0045,test_iid,q,6,silicon_die_lower,,,,448,0.7363684561786193,0.12279741595833538,2.050781249999997e-10,52.476385130149566,3590672852.985273
v6p1i12_0046,test_iid,k,0,silicon_die_lower,137.10673251432772,137.10673251432772,137.10673251432772,336,,,,,
v6p1i12_0046,test_iid,k,1,silicon_die_lower,340.4012605702733,340.4012605702733,340.4012605702733,880,,,,,
v6p1i12_0046,test_iid,k,2,silicon_die_lower,95.20045998059308,95.20045998059308,95.20045998059308,576,,,,,
v6p1i12_0046,test_iid,k,3,silicon_die_upper,307.0450856123368,307.0450856123368,307.0450856123368,648,,,,,
v6p1i12_0046,test_iid,k,4,silicon_die_lower,22.167678121981098,22.167678121981098,22.167678121981098,384,,,,,
v6p1i12_0046,test_iid,k,5,silicon_die_lower,218.93086522123124,218.93086522123124,218.93086522123124,288,,,,,
v6p1i12_0046,test_iid,k,6,silicon_die_lower,34.07241753651716,34.07241753651716,34.07241753651716,392,,,,,
v6p1i12_0046,test_iid,k,7,silicon_die_lower,300.27069432190365,300.27069432190365,300.27069432190365,792,,,,,
v6p1i12_0046,test_iid,q,0,silicon_die_upper,,,,448,2.5694838388497323,0.2503246084004348,2.0080566406249976e-10,188.9530339633631,12795873317.84622
v6p1i12_0046,test_iid,q,1,silicon_die_upper,,,,384,2.0781964714606826,0.20246234283787,1.721191406249998e-10,178.47569744764658,12074174109.36591
v6p1i12_0046,test_iid,q,2,silicon_die_upper,,,,576,4.389215652940666,0.4276067717940165,2.581787109374998e-10,258.0699582640854,17000687767.796673
v6p1i12_0046,test_iid,q,3,silicon_die_lower,,,,320,1.2277114809336565,0.11960627696767873,1.4648437499999997e-10,131.7080335323342,8381177043.173763
v6p1i12_0047,train,k,0,silicon_die_lower,54.25049294368473,54.25049294368473,54.25049294368473,336,,,,,
v6p1i12_0047,train,k,1,silicon_die_lower,33.6139710546002,33.6139710546002,33.6139710546002,704,,,,,
v6p1i12_0047,train,k,2,silicon_die_upper,118.04122903811727,118.04122903811727,118.04122903811727,720,,,,,
v6p1i12_0047,train,k,3,silicon_die_lower,64.26255040136542,64.26255040136542,64.26255040136542,576,,,,,
v6p1i12_0047,train,k,4,silicon_die_upper,25.924454953726443,25.924454953726443,25.924454953726443,792,,,,,
v6p1i12_0047,train,q,0,silicon_die_lower,,,,336,0.6394550943705278,0.0889991859879968,1.5380859374999997e-10,68.74395048155684,4157473121.494734
v6p1i12_0047,train,q,1,silicon_die_lower,,,,336,0.730348089113606,0.10164964825713917,1.5380859374999982e-10,70.72121235744862,4748421861.919578
v6p1i12_0047,train,q,2,silicon_die_lower,,,,392,0.6759720133891276,0.09408160083785302,1.79443359375e-10,59.405861598303154,3767049478.6964173
v6p1i12_0047,train,q,3,silicon_die_lower,,,,448,0.8177746436313438,0.1138176523192122,2.0507812500000005e-10,63.01893729438297,3987624928.945218
v6p1i12_0047,train,q,4,silicon_die_lower,,,,384,0.6671681023141839,0.09285627489068544,1.7578124999999992e-10,60.700282730976596,3795445204.276248
v6p1i12_0047,train,q,5,silicon_die_lower,,,,448,1.25850452367741,0.17515831706643673,2.05078125e-10,100.58385107172438,6136707772.598418
v6p1i12_0047,train,q,6,silicon_die_lower,,,,280,0.46633196498191726,0.06490395596023658,1.2817382812499996e-10,54.68435206680676,3638277578.220826
v6p1i12_0047,train,q,7,silicon_die_lower,,,,384,0.6327925378001813,0.08807189317794652,1.7578125000000002e-10,61.80539677544553,3599886437.263253
v6p1i12_0047,train,q,8,silicon_die_upper,,,,280,0.5945527305073969,0.08274968720702394,1.2550354003906216e-10,61.90139063170299,4737338327.845942
v6p1i12_0047,train,q,9,silicon_die_upper,,,,360,0.7020547160532356,0.09771178429546963,1.613616943359375e-10,58.99112038063697,4350813983.0983305
v6p1i12_0048,train,k,0,silicon_die_lower,320.6285931130921,320.6285931130921,320.6285931130921,960,,,,,
v6p1i12_0048,train,k,1,silicon_die_lower,173.04763185364936,173.04763185364936,173.04763185364936,504,,,,,
v6p1i12_0048,train,k,2,silicon_die_lower,45.285505088039386,45.285505088039386,45.285505088039386,616,,,,,
v6p1i12_0048,train,k,3,silicon_die_upper,152.30289144637388,152.30289144637388,152.30289144637388,288,,,,,
v6p1i12_0048,train,k,4,silicon_die_lower,33.23688945661509,33.23688945661509,33.23688945661509,616,,,,,
v6p1i12_0048,train,k,5,silicon_die_lower,25.98349049826705,25.98349049826705,25.98349049826705,576,,,,,
v6p1i12_0048,train,k,6,silicon_die_lower,173.16636067220682,173.16636067220682,173.16636067220682,576,,,,,
v6p1i12_0048,train,q,0,silicon_die_upper,,,,336,1.2191722511710334,0.10017505426880112,1.5060424804687495e-10,113.53813364062228,8095204929.356117
v6p1i12_0048,train,q,1,silicon_die_upper,,,,320,1.2017857632871534,0.0987464683034967,1.4343261718750002e-10,109.58720191817847,8378748061.998603
v6p1i12_0048,train,q,2,silicon_die_upper,,,,392,1.210529285854692,0.09946489250226138,1.7570495605468736e-10,105.1759999017209,6889556863.028499
v6p1i12_0048,train,q,3,silicon_die_upper,,,,392,1.9382253738137216,0.15925709580451944,1.7570495605468746e-10,160.31598418185558,11031136612.961884
v6p1i12_0048,train,q,4,silicon_die_upper,,,,448,1.5704007927465358,0.1290342562226536,2.008056640624998e-10,106.65631679422646,7820500482.783972
v6p1i12_0048,train,q,5,silicon_die_upper,,,,392,1.7747665101650958,0.1458262614650816,1.7570495605468736e-10,149.56283851269944,10100833522.377752
v6p1i12_0048,train,q,6,silicon_die_upper,,,,336,1.044801523092369,0.08584763078012454,1.506042480468749e-10,99.34323448624184,6937397428.306134
v6p1i12_0048,train,q,7,silicon_die_upper,,,,384,1.5040359276226607,0.12358129093498385,1.7211914062500003e-10,131.36743642915255,8738342070.272932
v6p1i12_0048,train,q,8,silicon_die_lower,,,,288,0.7067002482842417,0.058067049718077725,1.3183593749999998e-10,89.56733127284721,5360452253.652323
v6p1i12_0049,train,k,0,silicon_die_lower,131.1402710136443,131.1402710136443,131.1402710136443,576,,,,,
v6p1i12_0049,train,k,1,silicon_die_lower,325.12440929599825,325.12440929599825,325.12440929599825,648,,,,,
v6p1i12_0049,train,k,2,silicon_die_lower,87.92942047892303,87.92942047892303,87.92942047892303,968,,,,,
v6p1i12_0049,train,k,3,silicon_die_lower,42.74714721068005,42.74714721068005,42.74714721068005,616,,,,,
v6p1i12_0049,train,k,4,silicon_die_lower,351.8337422575176,351.8337422575176,351.8337422575176,480,,,,,
v6p1i12_0049,train,k,5,silicon_die_lower,28.704559613604303,28.704559613604303,28.704559613604303,720,,,,,
v6p1i12_0049,train,k,6,silicon_die_upper,78.17734601859128,78.17734601859128,78.17734601859128,432,,,,,
v6p1i12_0049,train,q,0,silicon_die_lower,,,,504,1.6968117426771296,0.3807308509966666,2.307128906249999e-10,103.24534585458699,7354646452.9159
v6p1i12_0049,train,q,1,silicon_die_lower,,,,360,0.9667430292145417,0.2169179331746198,1.6479492187499992e-10,79.35008560861198,5866339922.463355
v6p1i12_0049,train,q,2,silicon_die_upper,,,,648,1.7931677086618827,0.4023512158287135,2.9045104980468724e-10,101.29575818943833,6173734644.332295
v6p1i12_0050,train,k,0,silicon_die_upper,152.47168782295773,152.47168782295773,152.47168782295773,560,,,,,
v6p1i12_0050,train,k,1,silicon_die_upper,343.7583279644582,343.7583279644582,343.7583279644582,640,,,,,
v6p1i12_0050,train,k,2,silicon_die_upper,110.99144307771213,110.99144307771213,110.99144307771213,280,,,,,
v6p1i12_0050,train,k,3,silicon_die_upper,25.40914319399561,25.40914319399561,25.40914319399561,968,,,,,
v6p1i12_0050,train,k,4,silicon_die_lower,200.7435389871198,200.7435389871198,200.7435389871198,792,,,,,
v6p1i12_0050,train,k,5,silicon_die_lower,192.61046045885456,192.61046045885456,192.61046045885456,528,,,,,
v6p1i12_0050,train,q,0,silicon_die_upper,,,,432,0.7670883899621038,0.11969908857787127,1.9363403320312483e-10,69.4168586111935,3961537015.33148
v6p1i12_0050,train,q,1,silicon_die_upper,,,,576,0.7684810935446307,0.11991641079480098,2.5817871093749965e-10,51.94832265952214,2976547100.8593965
v6p1i12_0050,train,q,2,silicon_die_lower,,,,384,0.8692340163680586,0.13563824049700351,1.7578125e-10,80.15798618369757,4944975737.560512
v6p1i12_0050,train,q,3,silicon_die_upper,,,,432,0.7743083170082237,0.12082571061821003,1.936340332031247e-10,70.6809522772104,3998823472.297165
v6p1i12_0050,train,q,4,silicon_die_lower,,,,504,1.1196560270697848,0.17471494512854593,2.3071289062499994e-10,75.77680787476294,4853027605.161736
v6p1i12_0050,train,q,5,silicon_die_upper,,,,288,0.42252027368351475,0.06593150454028902,1.290893554687498e-10,57.16540282317059,3273083765.4991565
v6p1i12_0050,train,q,6,silicon_die_upper,,,,336,0.5591770370416415,0.08725589197206558,1.5060424804687488e-10,56.05567647381319,3712890202.5897713
v6p1i12_0050,train,q,7,silicon_die_upper,,,,512,1.1280079513062014,0.17601820787121356,2.2949218749999984e-10,71.03343887787267,4915234647.393834
v6p1i12_0051,train,k,0,silicon_die_lower,24.832419570212263,24.832419570212263,24.832419570212263,480,,,,,
v6p1i12_0051,train,k,1,silicon_die_lower,112.92508525699904,112.92508525699904,112.92508525699904,400,,,,,
v6p1i12_0051,train,k,2,silicon_die_upper,168.45408998503663,168.45408998503663,168.45408998503663,336,,,,,
v6p1i12_0051,train,q,0,silicon_die_lower,,,,320,2.0103034047015433,0.16924072066428167,1.4648437500000005e-10,191.08420358907185,13723671242.762531
v6p1i12_0051,train,q,1,silicon_die_lower,,,,336,1.7727402719590235,0.14924107499160397,1.5380859374999997e-10,181.7727552102477,11525625641.18121
v6p1i12_0051,train,q,2,silicon_die_upper,,,,280,1.6256941717876696,0.1368617555785889,1.255035400390625e-10,163.65488920074654,12953373038.574677
v6p1i12_0051,train,q,3,silicon_die_lower,,,,384,1.8207567002156637,0.15328341750710353,1.7578124999999992e-10,157.4931386394765,10358082561.226892
v6p1i12_0051,train,q,4,silicon_die_upper,,,,240,1.0130084136856117,0.08528179058453449,1.0757446289062477e-10,129.39607876036166,9416811262.31211
v6p1i12_0051,train,q,5,silicon_die_lower,,,,576,3.635864116276495,0.3060912406738875,2.63671875e-10,219.68003028383032,13789351315.063446
v6p1i12_0052,train,k,0,silicon_die_upper,339.16288128195873,339.16288128195873,339.16288128195873,704,,,,,
v6p1i12_0052,train,k,1,silicon_die_lower,399.2441759969004,399.2441759969004,399.2441759969004,384,,,,,
v6p1i12_0052,train,k,2,silicon_die_upper,141.93879784083853,141.93879784083853,141.93879784083853,512,,,,,
v6p1i12_0052,train,k,3,silicon_die_lower,125.63847825383438,125.63847825383438,125.63847825383438,560,,,,,
v6p1i12_0052,train,k,4,silicon_die_lower,381.05981064696044,381.05981064696044,381.05981064696044,560,,,,,
v6p1i12_0052,train,k,5,silicon_die_upper,87.94666220612541,87.94666220612541,87.94666220612541,640,,,,,
v6p1i12_0052,train,k,6,silicon_die_upper,28.114058764057273,28.114058764057273,28.114058764057273,576,,,,,
v6p1i12_0052,train,q,0,silicon_die_lower,,,,336,2.8955336085967263,0.30768038656129176,1.5380859374999997e-10,273.61941797278,18825564540.971733
v6p1i12_0052,train,q,1,silicon_die_upper,,,,360,2.0065912743774037,0.21322107163182338,1.6136169433593734e-10,185.1486651033099,12435363192.207817
v6p1i12_0052,train,q,2,silicon_die_lower,,,,432,1.7567681701224958,0.18667478356219752,1.9775390624999992e-10,158.63990291103326,8883607931.878698
v6p1i12_0052,train,q,3,silicon_die_upper,,,,576,2.7519557857191663,0.2924237582446874,2.5817871093749965e-10,163.29757398695878,10659111960.572786
v6p1i12_0053,train,k,0,silicon_die_lower,69.91684703117292,69.91684703117292,69.91684703117292,288,,,,,
v6p1i12_0053,train,k,1,silicon_die_lower,95.76825089009041,95.76825089009041,95.76825089009041,560,,,,,
v6p1i12_0053,train,k,2,silicon_die_lower,163.72726088062674,163.72726088062674,163.72726088062674,640,,,,,
v6p1i12_0053,train,k,3,silicon_die_upper,94.39424737083205,94.39424737083205,94.39424737083205,288,,,,,
v6p1i12_0053,train,k,4,silicon_die_upper,32.96997132247782,32.96997132247782,32.96997132247782,320,,,,,
v6p1i12_0053,train,k,5,silicon_die_lower,52.654769346735094,52.654769346735094,52.654769346735094,384,,,,,
v6p1i12_0053,train,k,6,silicon_die_upper,261.0635197129083,261.0635197129083,261.0635197129083,560,,,,,
v6p1i12_0053,train,q,0,silicon_die_upper,,,,432,0.49836266579713395,0.07688369275859522,1.9363403320312483e-10,37.75325637542061,2573734883.0323877
v6p1i12_0053,train,q,1,silicon_die_lower,,,,384,0.7539779921558153,0.11631812788971478,1.7578125e-10,58.17136158021582,4289297022.0419717
v6p1i12_0053,train,q,2,silicon_die_upper,,,,392,0.5999835001100305,0.09256100075013174,1.757049560546873e-10,53.35716485996138,3414721551.2992625
v6p1i12_0053,train,q,3,silicon_die_lower,,,,336,0.5739629099143885,0.08854673724425866,1.5380859374999982e-10,56.21745413067613,3731669966.681489
v6p1i12_0053,train,q,4,silicon_die_upper,,,,512,1.1823127025706195,0.1823984275058564,2.2949218749999977e-10,66.05346670358733,5151864712.477939
v6p1i12_0053,train,q,5,silicon_die_upper,,,,512,0.7911324444838068,0.12205004099927742,2.2949218749999984e-10,52.24175576903774,3447317545.3251863
v6p1i12_0053,train,q,6,silicon_die_lower,,,,512,0.7220054652784198,0.11138564377350244,2.34375e-10,44.43474115704841,3080556651.8545914
v6p1i12_0053,train,q,7,silicon_die_lower,,,,336,0.3923593749015334,0.060530291896230264,1.5380859375e-10,40.78197381782885,2550958729.518541
v6p1i12_0053,train,q,8,silicon_die_upper,,,,320,0.5779954925749966,0.08916885416348237,1.434326171874999e-10,55.54901035164655,4029735383.127128
v6p1i12_0053,train,q,9,silicon_die_lower,,,,288,0.3899408706902771,0.06015718301895074,1.3183593749999998e-10,51.070132603429435,2957773715.458102
v6p1i12_0054,train,k,0,silicon_die_upper,36.5708859754864,36.5708859754864,36.5708859754864,968,,,,,
v6p1i12_0054,train,k,1,silicon_die_upper,168.5969763992779,168.5969763992779,168.5969763992779,616,,,,,
v6p1i12_0054,train,k,2,silicon_die_lower,245.78786744131884,245.78786744131884,245.78786744131884,384,,,,,
v6p1i12_0054,train,q,0,silicon_die_lower,,,,504,1.3973285174751844,0.2774200278321851,2.3071289062499978e-10,96.23613869256967,6056568896.9083185
v6p1i12_0054,train,q,1,silicon_die_lower,,,,448,1.3641086251834722,0.27082468298028084,2.0507812499999995e-10,99.16475057870552,6651653486.6089325
v6p1i12_0054,train,q,2,silicon_die_upper,,,,336,0.5546450490778371,0.11011701473765267,1.5060424804687485e-10,58.90408258604585,3682798169.8444953
v6p1i12_0054,train,q,3,silicon_die_lower,,,,448,1.265485797895298,0.25124450040402424,2.0507812499999995e-10,84.20508045296113,6170749795.45136
v6p1i12_0054,train,q,4,silicon_die_lower,,,,288,0.4553016567098417,0.09039377404585708,1.3183593750000003e-10,54.18022809956418,3453547381.2657614
v6p1i12_0055,test_iid,k,0,silicon_die_lower,28.969878323219206,28.969878323219206,28.969878323219206,336,,,,,
v6p1i12_0055,test_iid,k,1,silicon_die_upper,21.80960749053514,21.80960749053514,21.80960749053514,384,,,,,
v6p1i12_0055,test_iid,k,2,silicon_die_lower,37.726408518987284,37.726408518987284,37.726408518987284,560,,,,,
v6p1i12_0055,test_iid,k,3,silicon_die_upper,242.07838332318337,242.07838332318337,242.07838332318337,432,,,,,
v6p1i12_0055,test_iid,k,4,silicon_die_lower,249.33572612911837,249.33572612911837,249.33572612911837,440,,,,,
v6p1i12_0055,test_iid,k,5,silicon_die_lower,155.23039088006118,155.23039088006118,155.23039088006118,528,,,,,
v6p1i12_0055,test_iid,k,6,silicon_die_lower,268.1795900844379,268.1795900844379,268.1795900844379,616,,,,,
v6p1i12_0055,test_iid,k,7,silicon_die_upper,81.0717729380373,81.0717729380373,81.0717729380373,576,,,,,
v6p1i12_0055,test_iid,q,0,silicon_die_upper,,,,288,0.9644821244754159,0.14452071942317005,1.290893554687499e-10,91.88370295219246,7471430320.2861595
v6p1i12_0055,test_iid,q,1,silicon_die_upper,,,,336,0.8244143535025992,0.12353256991236253,1.5060424804687475e-10,93.70619909009397,5474044485.42517
v6p1i12_0055,test_iid,q,2,silicon_die_upper,,,,448,1.5683630220907816,0.23500793484642166,2.0080566406249976e-10,107.53277144368447,7810352508.794953
v6p1i12_0055,test_iid,q,3,silicon_die_upper,,,,432,0.8048378437539001,0.12059917052539566,1.9363403320312472e-10,67.58270038829839,4156489592.455136
v6p1i12_0055,test_iid,q,4,silicon_die_upper,,,,384,0.7465690166700788,0.11186800527474015,1.721191406249998e-10,61.67907830865956,4337513038.695952
v6p1i12_0055,test_iid,q,5,silicon_die_lower,,,,320,1.064071074338881,0.15944340831042567,1.4648437499999984e-10,102.72836441086974,7264058534.153436
v6p1i12_0055,test_iid,q,6,silicon_die_upper,,,,336,0.7009224274011283,0.10502819170748433,1.5060424804687477e-10,67.54323673541943,4654068105.588695
v6p1i12_0056,train,k,0,silicon_die_upper,218.99095389924557,218.99095389924557,218.99095389924557,448,,,,,
v6p1i12_0056,train,k,1,silicon_die_lower,35.978052223580505,35.978052223580505,35.978052223580505,968,,,,,
v6p1i12_0056,train,q,0,silicon_die_lower,,,,512,3.8149358246194804,0.2925707081642805,2.343749999999998e-10,251.35788309494876,16277059518.376463
v6p1i12_0056,train,q,1,silicon_die_upper,,,,512,2.8504913350120424,0.2186066311046799,2.294921874999996e-10,187.58603959045072,12420864370.435474
v6p1i12_0056,train,q,2,silicon_die_upper,,,,384,2.9584050824342354,0.2268826291700265,1.7211914062499988e-10,224.31707903451542,17188123712.979626
v6p1i12_0056,train,q,3,silicon_die_upper,,,,336,1.7360992310308787,0.13314294258589016,1.5060424804687488e-10,172.87722651831248,11527558176.782145
v6p1i12_0056,train,q,4,silicon_die_upper,,,,432,1.6794320659127702,0.12879708897512307,1.9363403320312485e-10,132.1017175456006,8673227728.263151
v6p1i12_0057,valid_iid,k,0,silicon_die_upper,256.0775894153614,256.0775894153614,256.0775894153614,336,,,,,
v6p1i12_0057,valid_iid,k,1,silicon_die_upper,54.42280326185647,54.42280326185647,54.42280326185647,720,,,,,
v6p1i12_0057,valid_iid,k,2,silicon_die_upper,38.260944095748265,38.260944095748265,38.260944095748265,336,,,,,
v6p1i12_0057,valid_iid,k,3,silicon_die_upper,264.1910942412164,264.1910942412164,264.1910942412164,792,,,,,
v6p1i12_0057,valid_iid,k,4,silicon_die_lower,75.27655377426892,75.27655377426892,75.27655377426892,1056,,,,,
v6p1i12_0057,valid_iid,q,0,silicon_die_upper,,,,240,0.2525719540469454,0.06029491646117695,1.07574462890625e-10,37.15438435609443,2347880224.173136
v6p1i12_0057,valid_iid,q,1,silicon_die_lower,,,,240,0.28482604197928807,0.06799473232058384,1.0986328124999996e-10,38.192060881772726,2592549928.7714763
v6p1i12_0057,valid_iid,q,2,silicon_die_lower,,,,504,0.949898877552194,0.22676339376116875,2.3071289062499994e-10,65.91792238585026,4117233653.3902516
v6p1i12_0057,valid_iid,q,3,silicon_die_lower,,,,576,0.821228853724227,0.19604680700853622,2.636718749999999e-10,48.90767403074067,3114586467.4578104
v6p1i12_0057,valid_iid,q,4,silicon_die_upper,,,,384,0.5456193223979333,0.13025227439730946,1.7211914062499995e-10,43.260171529190565,3170009566.7261496
v6p1i12_0057,valid_iid,q,5,silicon_die_upper,,,,240,0.4864685108151336,0.11613157260975934,1.0757446289062493e-10,57.12321489677654,4522156074.436967
v6p1i12_0057,valid_iid,q,6,silicon_die_lower,,,,448,0.8483292039969864,0.20251630344146537,2.0507812499999972e-10,58.404820332943,4136614785.2043586
v6p1i12_0058,train,k,0,silicon_die_upper,135.16810209308065,135.16810209308065,135.16810209308065,480,,,,,
v6p1i12_0058,train,k,1,silicon_die_upper,119.74371186402658,119.74371186402658,119.74371186402658,640,,,,,
v6p1i12_0058,train,k,2,silicon_die_lower,81.09173075309926,81.09173075309926,81.09173075309926,576,,,,,
v6p1i12_0058,train,k,3,silicon_die_upper,124.64248526159052,124.64248526159052,124.64248526159052,432,,,,,
v6p1i12_0058,train,k,4,silicon_die_upper,163.28006457565982,163.28006457565982,163.28006457565982,560,,,,,
v6p1i12_0058,train,k,5,silicon_die_lower,81.33384709981974,81.33384709981974,81.33384709981974,576,,,,,
v6p1i12_0058,train,k,6,silicon_die_lower,32.26564051828768,32.26564051828768,32.26564051828768,336,,,,,
v6p1i12_0058,train,k,7,silicon_die_lower,119.77538254979869,119.77538254979869,119.77538254979869,512,,,,,
v6p1i12_0058,train,q,0,silicon_die_lower,,,,448,1.7530348616578466,0.3164299304639052,2.05078125e-10,119.52295415050031,8548131896.8458805
v6p1i12_0058,train,q,1,silicon_die_upper,,,,384,1.6591224315800421,0.2994783544461226,1.7211914062499975e-10,117.85449643445914,9639383659.2225
v6p1i12_0058,train,q,2,silicon_die_lower,,,,448,1.4250351854304937,0.25722465336938616,2.0507812499999982e-10,98.82265369843016,6948742999.432508
v6p1i12_0058,train,q,3,silicon_die_upper,,,,288,0.7028487528541616,0.12686706172058593,1.2908935546874988e-10,84.95467133961051,5444668542.204536
v6p1i12_0059,train,k,0,silicon_die_lower,21.05227711554489,21.05227711554489,21.05227711554489,720,,,,,
v6p1i12_0059,train,k,1,silicon_die_lower,385.32851480957515,385.32851480957515,385.32851480957515,504,,,,,
v6p1i12_0059,train,k,2,silicon_die_lower,37.801785108898805,37.801785108898805,37.801785108898805,704,,,,,
v6p1i12_0059,train,k,3,silicon_die_upper,48.53566603051025,48.53566603051025,48.53566603051025,384,,,,,
v6p1i12_0059,train,k,4,silicon_die_upper,254.93517945026693,254.93517945026693,254.93517945026693,480,,,,,
v6p1i12_0059,train,k,5,silicon_die_lower,37.781699564191484,37.781699564191484,37.781699564191484,864,,,,,
v6p1i12_0059,train,q,0,silicon_die_lower,,,,384,1.0285544294209823,0.09119597815328598,1.7578124999999992e-10,87.62748680216815,5851331865.150479
v6p1i12_0059,train,q,1,silicon_die_lower,,,,392,0.9603159161713859,0.08514566347326837,1.7944335937499994e-10,75.48737963950514,5351638085.221766
v6p1i12_0059,train,q,2,silicon_die_lower,,,,288,0.7301655667680786,0.06473956182634762,1.3183593749999998e-10,87.29736206223919,5538441039.781575
v6p1i12_0059,train,q,3,silicon_die_lower,,,,576,1.8263970206416347,0.1619360706923648,2.636718749999999e-10,122.85018438203959,6926779811.618647
v6p1i12_0059,train,q,4,silicon_die_upper,,,,336,0.8378947081720791,0.07429128232351381,1.5060424804687503e-10,88.95567357859561,5563552947.79791
v6p1i12_0059,train,q,5,silicon_die_upper,,,,448,1.5519697574386937,0.1376041909358311,2.0080566406249976e-10,123.99175117698898,7728715047.378598
v6p1i12_0059,train,q,6,silicon_die_lower,,,,648,1.3485182893846106,0.11956532482899905,2.966308593749999e-10,75.52854490501899,4546115978.040631
v6p1i12_0059,train,q,7,silicon_die_upper,,,,280,1.0343795252698862,0.09171245574414763,1.2550354003906235e-10,115.06861912354803,8241835449.00758
v6p1i12_0059,train,q,8,silicon_die_upper,,,,512,1.1816474599715117,0.1047698525834082,2.2949218749999972e-10,76.50684255312717,5148965953.237572
v6p1i12_0059,train,q,9,silicon_die_lower,,,,320,0.7786637943615549,0.06903961943883348,1.4648437499999994e-10,69.3829317899485,5315678169.508217
v6p1i12_0060,train,k,0,silicon_die_lower,169.25025507972114,169.25025507972114,169.25025507972114,800,,,,,
v6p1i12_0060,train,k,1,silicon_die_upper,215.77016141585662,215.77016141585662,215.77016141585662,448,,,,,
v6p1i12_0060,train,k,2,silicon_die_lower,118.05441335226946,118.05441335226946,118.05441335226946,480,,,,,
v6p1i12_0060,train,k,3,silicon_die_lower,298.3673229020412,298.3673229020412,298.3673229020412,616,,,,,
v6p1i12_0060,train,k,4,silicon_die_upper,132.1998338503939,132.1998338503939,132.1998338503939,480,,,,,
v6p1i12_0060,train,k,5,silicon_die_lower,145.11624099435682,145.11624099435682,145.11624099435682,616,,,,,
v6p1i12_0060,train,k,6,silicon_die_lower,244.40211998067014,244.40211998067014,244.40211998067014,528,,,,,
v6p1i12_0060,train,k,7,silicon_die_upper,33.26573685506659,33.26573685506659,33.26573685506659,432,,,,,
v6p1i12_0060,train,q,0,silicon_die_lower,,,,392,0.4889562017985923,0.09102303844838475,1.79443359375e-10,40.81928408600364,2724849799.4109306
v6p1i12_0060,train,q,1,silicon_die_upper,,,,576,0.9975623503018809,0.18570406885562193,2.581787109374999e-10,55.869254714873016,3863844337.4340477
v6p1i12_0060,train,q,2,silicon_die_lower,,,,576,0.653811551334075,0.12171215695019112,2.6367187499999996e-10,44.24791414034299,2479640846.541085
v6p1i12_0060,train,q,3,silicon_die_upper,,,,432,0.527142116705109,0.09813164651580905,1.9363403320312477e-10,46.259075451577566,2722362944.0808563
v6p1i12_0060,train,q,4,silicon_die_lower,,,,448,0.7744101437152187,0.14416253240457916,2.0507812499999987e-10,57.372567719306566,3776171367.4494495
v6p1i12_0060,train,q,5,silicon_die_upper,,,,504,0.7874179243582184,0.1465840329668803,2.2590637207031244e-10,58.08900529291637,3485594129.7359147
v6p1i12_0060,train,q,6,silicon_die_upper,,,,336,0.5469587417916345,0.10182066696494743,1.5060424804687482e-10,56.38235537229358,3631761712.4677405
v6p1i12_0060,train,q,7,silicon_die_lower,,,,336,0.5955260711469792,0.11086185689358621,1.5380859374999997e-10,58.28828726943025,3871864741.9333763
v6p1i12_0061,train,k,0,silicon_die_upper,107.45122419584857,107.45122419584857,107.45122419584857,1056,,,,,
v6p1i12_0061,train,k,1,silicon_die_upper,54.32669320581786,54.32669320581786,54.32669320581786,336,,,,,
v6p1i12_0061,train,k,2,silicon_die_upper,170.13315801062967,170.13315801062967,170.13315801062967,384,,,,,
v6p1i12_0061,train,k,3,silicon_die_upper,76.9923400090571,76.9923400090571,76.9923400090571,528,,,,,
v6p1i12_0061,train,k,4,silicon_die_upper,201.92020062302632,201.92020062302632,201.92020062302632,616,,,,,
v6p1i12_0061,train,k,5,silicon_die_lower,81.32785343276846,81.32785343276846,81.32785343276846,384,,,,,
v6p1i12_0061,train,q,0,silicon_die_lower,,,,384,1.751890195284164,0.1914181934900163,1.7578125000000002e-10,136.6326837966457,9966308666.505465
v6p1i12_0061,train,q,1,silicon_die_lower,,,,288,1.097987086925541,0.1199702499736642,1.3183593749999998e-10,117.85779028550536,8328435385.272253
v6p1i12_0061,train,q,2,silicon_die_upper,,,,288,1.2948503373248899,0.14148027831759458,1.2908935546874985e-10,144.10958493713383,10030651502.000483
v6p1i12_0061,train,q,3,silicon_die_lower,,,,384,2.0115689505110237,0.21979168307690158,1.7578125e-10,169.95828146282895,11443592251.796045
v6p1i12_0061,train,q,4,silicon_die_upper,,,,384,1.7827920454866406,0.19479464730954218,1.7211914062499988e-10,139.5192724867769,10357895345.125227
v6p1i12_0061,train,q,5,silicon_die_lower,,,,384,1.2130727508612469,0.13254494783228124,1.7578124999999995e-10,108.5772240077746,6901036093.788429
v6p1i12_0062,train,k,0,silicon_die_upper,83.48774848549603,83.48774848549603,83.48774848549603,280,,,,,
v6p1i12_0062,train,k,1,silicon_die_upper,79.57395612820899,79.57395612820899,79.57395612820899,504,,,,,
v6p1i12_0062,train,k,2,silicon_die_upper,30.445287136223765,30.445287136223765,30.445287136223765,560,,,,,
v6p1i12_0062,train,k,3,silicon_die_lower,138.05013708767305,138.05013708767305,138.05013708767305,640,,,,,
v6p1i12_0062,train,k,4,silicon_die_lower,20.39601386351058,20.39601386351058,20.39601386351058,704,,,,,
v6p1i12_0062,train,k,5,silicon_die_lower,26.690407186244737,26.690407186244737,26.690407186244737,392,,,,,
v6p1i12_0062,train,k,6,silicon_die_upper,70.75139027438978,70.75139027438978,70.75139027438978,704,,,,,
v6p1i12_0062,train,k,7,silicon_die_lower,29.80267290036458,29.80267290036458,29.80267290036458,792,,,,,
v6p1i12_0062,train,q,0,silicon_die_upper,,,,240,0.365487069800594,0.10454954965589994,1.0757446289062477e-10,47.56200555014081,3397526327.1562805
v6p1i12_0062,train,q,1,silicon_die_upper,,,,384,0.5309499514681529,0.15188110032484411,1.721191406249997e-10,43.90096133569339,3084781562.0050473
v6p1i12_0062,train,q,2,silicon_die_upper,,,,392,0.4245012559167821,0.12143087622409611,1.7570495605468736e-10,35.42187788169665,2415989084.4778337
v6p1i12_0062,train,q,3,silicon_die_upper,,,,432,0.4066673550163133,0.11632939258263861,1.9363403320312488e-10,30.97749363261414,2100185325.32302
v6p1i12_0062,train,q,4,silicon_die_upper,,,,448,0.5500789436895629,0.15735305183111975,2.008056640624998e-10,39.61867128767804,2739359700.1245613
v6p1i12_0062,train,q,5,silicon_die_lower,,,,384,0.2669540544457895,0.07636364861375604,1.7578124999999982e-10,23.774934470398176,1518671954.180493
v6p1i12_0062,train,q,6,silicon_die_lower,,,,384,0.3624683118008111,0.10368601763117022,1.7578124999999995e-10,32.320560321254966,2062041951.5779483
v6p1i12_0062,train,q,7,silicon_die_upper,,,,288,0.3135250386555503,0.08968553009322666,1.290893554687499e-10,33.92075972269019,2428744318.360539
v6p1i12_0062,train,q,8,silicon_die_upper,,,,392,0.2751943618689236,0.07872083304324866,1.7570495605468738e-10,27.523205683653995,1566229934.8190873
v6p1i12_0063,test_iid,k,0,silicon_die_lower,26.016727145399816,26.016727145399816,26.016727145399816,432,,,,,
v6p1i12_0063,test_iid,k,1,silicon_die_lower,40.659855083532534,40.659855083532534,40.659855083532534,384,,,,,
v6p1i12_0063,test_iid,k,2,silicon_die_lower,370.00827292041066,370.00827292041066,370.00827292041066,480,,,,,
v6p1i12_0063,test_iid,k,3,silicon_die_upper,266.8068470624031,266.8068470624031,266.8068470624031,528,,,,,
v6p1i12_0063,test_iid,q,0,silicon_die_lower,,,,504,5.380868912708669,0.4804129012323185,2.3071289062499996e-10,353.692241406414,23322792662.91504
v6p1i12_0063,test_iid,q,1,silicon_die_lower,,,,336,3.2162228933436947,0.2871497143429299,1.5380859375000003e-10,300.7224187035474,20910553922.437733
v6p1i12_0063,test_iid,q,2,silicon_die_upper,,,,384,2.603416962355135,0.23243738442475162,1.7211914062499977e-10,224.0048154489688,15125667911.782476
v6p1i12_0064,train,k,0,silicon_die_upper,39.1466174665377,39.1466174665377,39.1466174665377,448,,,,,
v6p1i12_0064,train,k,1,silicon_die_lower,80.74564424525713,80.74564424525713,80.74564424525713,880,,,,,
v6p1i12_0064,train,k,2,silicon_die_lower,81.39902104593703,81.39902104593703,81.39902104593703,448,,,,,
v6p1i12_0064,train,k,3,silicon_die_lower,47.336863780878126,47.336863780878126,47.336863780878126,560,,,,,
v6p1i12_0064,train,q,0,silicon_die_lower,,,,392,0.47632042178066436,0.15713966993935657,1.794433593749999e-10,36.96043362948693,2654433262.059323
v6p1i12_0064,train,q,1,silicon_die_upper,,,,504,0.6315264902166627,0.20834266114314043,2.2590637207031231e-10,44.8350122805643,2795523138.3207865
v6p1i12_0064,train,q,2,silicon_die_lower,,,,512,0.4427291938782182,0.146057813642465,2.34375e-10,28.9067150854288,1888977893.8803978
v6p1i12_0064,train,q,3,silicon_die_lower,,,,392,0.6090672596419935,0.2009332872884528,1.7944335937499994e-10,48.54259697686662,3394203395.2293963
v6p1i12_0064,train,q,4,silicon_die_lower,,,,504,0.4207763588795427,0.1388155013497674,2.3071289062499983e-10,29.595103984181826,1823809487.7995853
v6p1i12_0064,train,q,5,silicon_die_upper,,,,512,0.4507717116323199,0.14871106663681785,2.2949218749999977e-10,29.632576517090964,1964213756.219132
v6p1i12_0065,train,k,0,silicon_die_upper,325.68646882948315,325.68646882948315,325.68646882948315,800,,,,,
v6p1i12_0065,train,k,1,silicon_die_upper,147.3230198575295,147.3230198575295,147.3230198575295,792,,,,,
v6p1i12_0065,train,k,2,silicon_die_lower,27.612712932876498,27.612712932876498,27.612712932876498,960,,,,,
v6p1i12_0065,train,k,3,silicon_die_upper,295.46907350935885,295.46907350935885,295.46907350935885,640,,,,,
v6p1i12_0065,train,q,0,silicon_die_lower,,,,320,1.2437923314861432,0.12882793069606396,1.4648437499999994e-10,124.72320859609921,8490955649.612074
v6p1i12_0065,train,q,1,silicon_die_lower,,,,432,1.5198054485520802,0.1574164641806598,1.9775390624999994e-10,131.85917272004795,7685337181.813978
v6p1i12_0065,train,q,2,silicon_die_lower,,,,288,0.6456861070881167,0.06687804945377727,1.318359375e-10,79.3058655877033,4897648693.764678
v6p1i12_0065,train,q,3,silicon_die_lower,,,,288,1.164337436382874,0.12059825323246638,1.3183593749999995e-10,121.92309987308744,8831715073.007877
v6p1i12_0065,train,q,4,silicon_die_upper,,,,392,1.184154796958545,0.1226508704501421,1.757049560546874e-10,97.013817827458,6739450175.7251625
v6p1i12_0065,train,q,5,silicon_die_lower,,,,336,0.9591783601079642,0.09934854892818556,1.5380859374999997e-10,97.06175270828226,6236181846.035273
v6p1i12_0065,train,q,6,silicon_die_lower,,,,320,1.5613580200164985,0.1617203432618768,1.4648437499999994e-10,157.72753116813652,10658870749.979301
v6p1i12_0065,train,q,7,silicon_die_lower,,,,576,1.3763666110403947,0.14255953979682806,2.6367187499999985e-10,86.6484632382604,5219997813.723574
v6p1i12_0066,valid_iid,k,0,silicon_die_upper,113.87375912682381,113.87375912682381,113.87375912682381,432,,,,,
v6p1i12_0066,valid_iid,k,1,silicon_die_upper,32.77329082954807,32.77329082954807,32.77329082954807,704,,,,,
v6p1i12_0066,valid_iid,k,2,silicon_die_upper,120.25584741652258,120.25584741652258,120.25584741652258,576,,,,,
v6p1i12_0066,valid_iid,k,3,silicon_die_upper,202.25494504066128,202.25494504066128,202.25494504066128,360,,,,,
v6p1i12_0066,valid_iid,k,4,silicon_die_lower,381.6876638061877,381.6876638061877,381.6876638061877,512,,,,,
v6p1i12_0066,valid_iid,k,5,silicon_die_lower,129.82506750656657,129.82506750656657,129.82506750656657,576,,,,,
v6p1i12_0066,valid_iid,k,6,silicon_die_upper,42.20130441546707,42.20130441546707,42.20130441546707,720,,,,,
v6p1i12_0066,valid_iid,q,0,silicon_die_lower,,,,648,2.5134822708410023,0.4281931775970583,2.9663085937499974e-10,139.65160499851333,8473434881.781691
v6p1i12_0066,valid_iid,q,1,silicon_die_upper,,,,336,1.4524582718673171,0.24743867500999006,1.5060424804687462e-10,157.90628808538185,9644205198.084776
v6p1i12_0066,valid_iid,q,2,silicon_die_upper,,,,448,1.9040321760215873,0.3243681473929516,2.0080566406249984e-10,156.69084657019891,9481964489.950672
v6p1i12_0067,valid_iid,k,0,silicon_die_lower,37.643838722206404,37.643838722206404,37.643838722206404,880,,,,,
v6p1i12_0067,valid_iid,k,1,silicon_die_upper,63.76076974199979,63.76076974199979,63.76076974199979,616,,,,,
v6p1i12_0067,valid_iid,k,2,silicon_die_lower,179.1243330554137,179.1243330554137,179.1243330554137,504,,,,,
v6p1i12_0067,valid_iid,q,0,silicon_die_upper,,,,240,1.2464408055498635,0.13546272596933076,1.0757446289062487e-10,144.1919247415336,11586772288.300135
v6p1i12_0067,valid_iid,q,1,silicon_die_lower,,,,448,1.181066251166204,0.12835784356624377,2.0507812500000003e-10,83.61359759221455,5759104005.686632
v6p1i12_0067,valid_iid,q,2,silicon_die_upper,,,,360,0.8806607947890742,0.0957098896195219,1.613616943359371e-10,80.17520887879827,5457681876.812946
v6p1i12_0067,valid_iid,q,3,silicon_die_upper,,,,288,0.5882264856233382,0.06392823700500157,1.290893554687499e-10,72.49604431599445,4556738884.374837
v6p1i12_0067,valid_iid,q,4,silicon_die_lower,,,,384,0.877706992987409,0.09538887153166317,1.7578125e-10,72.53390810955321,4993177560.106149
v6p1i12_0067,valid_iid,q,5,silicon_die_upper,,,,384,0.8348903291428688,0.0907355723332827,1.7211914062499995e-10,78.13980716580997,4850653600.239987
v6p1i12_0067,valid_iid,q,6,silicon_die_lower,,,,384,1.69661627835682,0.1843876299354366,1.7578124999999992e-10,131.43170205285017,9651861494.652136
v6p1i12_0067,valid_iid,q,7,silicon_die_lower,,,,360,0.9841555538060321,0.10695766177007449,1.6479492187499987e-10,92.45190720127117,5972001701.317794
v6p1i12_0067,valid_iid,q,8,silicon_die_upper,,,,280,0.9115927977768076,0.09907156826944492,1.2550354003906235e-10,94.60488861561397,7263482747.124734
v6p1i12_0068,train,k,0,silicon_die_upper,115.20918963531687,115.20918963531687,115.20918963531687,560,,,,,
v6p1i12_0068,train,k,1,silicon_die_upper,145.39263273255705,145.39263273255705,145.39263273255705,640,,,,,
v6p1i12_0068,train,k,2,silicon_die_upper,92.0308592099224,92.0308592099224,92.0308592099224,616,,,,,
v6p1i12_0068,train,k,3,silicon_die_lower,38.57713829915824,38.57713829915824,38.57713829915824,560,,,,,
v6p1i12_0068,train,k,4,silicon_die_upper,236.54208201708363,236.54208201708363,236.54208201708363,648,,,,,
v6p1i12_0068,train,q,0,silicon_die_upper,,,,336,0.6911018778097712,0.1074548838629324,1.5060424804687488e-10,70.49747973418148,4588860452.2939415
v6p1i12_0068,train,q,1,silicon_die_upper,,,,432,1.2813410906134401,0.19922729557185362,1.9363403320312483e-10,104.44419019854658,6617334098.852836
v6p1i12_0068,train,q,2,silicon_die_upper,,,,384,1.1046100980194296,0.17174855633827651,1.7211914062499988e-10,99.89103306507184,6417706328.351187
v6p1i12_0068,train,q,3,silicon_die_lower,,,,320,1.1129691725828563,0.17304825384345657,1.4648437499999997e-10,105.21254159655757,7597869551.498967
v6p1i12_0068,train,q,4,silicon_die_upper,,,,504,0.748948398361332,0.11644905874123254,2.2590637207031226e-10,54.49239829042846,3315304440.054597
v6p1i12_0068,train,q,5,silicon_die_upper,,,,280,0.7199346996443178,0.11193790962389644,1.255035400390625e-10,74.43110142427062,5736369662.72219
v6p1i12_0068,train,q,6,silicon_die_upper,,,,448,0.7726485669433694,0.12013404201835183,2.0080566406249989e-10,55.90926577532412,3847742893.8602343
v6p1i12_0069,train,k,0,silicon_die_upper,102.04399543256318,102.04399543256318,102.04399543256318,640,,,,,
v6p1i12_0069,train,k,1,silicon_die_upper,132.89282339455738,132.89282339455738,132.89282339455738,640,,,,,
v6p1i12_0069,train,k,2,silicon_die_upper,55.5719820118141,55.5719820118141,55.5719820118141,432,,,,,
v6p1i12_0069,train,k,3,silicon_die_upper,325.15721331500146,325.15721331500146,325.15721331500146,704,,,,,
v6p1i12_0069,train,k,4,silicon_die_upper,377.3311464691411,377.3311464691411,377.3311464691411,336,,,,,
v6p1i12_0069,train,k,5,silicon_die_upper,135.3410560444322,135.3410560444322,135.3410560444322,392,,,,,
v6p1i12_0069,train,k,6,silicon_die_upper,118.8746845331052,118.8746845331052,118.8746845331052,432,,,,,
v6p1i12_0069,train,k,7,silicon_die_lower,372.916073589723,372.916073589723,372.916073589723,576,,,,,
v6p1i12_0069,train,q,0,silicon_die_lower,,,,648,2.781273923511256,0.22066706851752937,2.966308593750001e-10,151.63918263044894,9376212338.02642
v6p1i12_0069,train,q,1,silicon_die_lower,,,,336,2.8683927082889746,0.22757909781719604,1.538085937500001e-10,269.08867210019446,18649105608.177193
v6p1i12_0069,train,q,2,silicon_die_lower,,,,336,1.8284326548638559,0.14506836975667553,1.5380859374999997e-10,167.68699523998805,11887714530.670404
v6p1i12_0069,train,q,3,silicon_die_upper,,,,504,2.1046207263045926,0.16698121033276514,2.2590637207031231e-10,153.5190982188925,9316340690.246397
v6p1i12_0069,train,q,4,silicon_die_lower,,,,432,3.021217412747913,0.23970425357583386,1.9775390624999994e-10,269.1868014842841,15277662373.599327
v6p1i12_0070,train,k,0,silicon_die_lower,207.71536909227663,207.71536909227663,207.71536909227663,720,,,,,
v6p1i12_0070,train,k,1,silicon_die_lower,40.57127612426576,40.57127612426576,40.57127612426576,504,,,,,
v6p1i12_0070,train,k,2,silicon_die_lower,74.26889289490435,74.26889289490435,74.26889289490435,336,,,,,
v6p1i12_0070,train,k,3,silicon_die_lower,383.29454232244603,383.29454232244603,383.29454232244603,704,,,,,
v6p1i12_0070,train,k,4,silicon_die_lower,110.86629368663218,110.86629368663218,110.86629368663218,640,,,,,
v6p1i12_0070,train,k,5,silicon_die_lower,79.75846063238096,79.75846063238096,79.75846063238096,528,,,,,
v6p1i12_0070,train,k,6,silicon_die_upper,375.13065583559813,375.13065583559813,375.13065583559813,576,,,,,
v6p1i12_0070,train,q,0,silicon_die_upper,,,,336,0.7675852989936283,0.06160876374795088,1.5060424804687503e-10,73.72345606907044,5096704169.690619
v6p1i12_0070,train,q,1,silicon_die_upper,,,,392,1.3794556564976546,0.11071936598233881,1.7570495605468733e-10,135.05156955064245,7850977499.281839
v6p1i12_0070,train,q,2,silicon_die_lower,,,,648,2.444209915773528,0.19617982711331242,2.9663085937499995e-10,131.9000941829568,8239904374.492487
v6p1i12_0070,train,q,3,silicon_die_lower,,,,448,1.3893573246640594,0.11151410441150679,2.05078125e-10,98.98053550567504,6774770954.552365
v6p1i12_0070,train,q,4,silicon_die_lower,,,,320,0.727016196049299,0.058352562408450985,1.4648437500000012e-10,70.63626780223895,4963097231.696544
v6p1i12_0070,train,q,5,silicon_die_lower,,,,448,1.2586545688460253,0.10102349807113417,2.0507812499999995e-10,81.19429793050077,6137439421.42062
v6p1i12_0070,train,q,6,silicon_die_upper,,,,336,0.9345567558260212,0.07501040790414448,1.5060424804687488e-10,82.60897706997568,6205381109.403665
v6p1i12_0070,train,q,7,silicon_die_lower,,,,384,1.3102852592902754,0.10516753654333241,1.7578124999999992e-10,124.12879924386759,7454067252.851348
v6p1i12_0070,train,q,8,silicon_die_lower,,,,336,1.0810100186817873,0.08676519852249938,1.5380859375000013e-10,126.89135078889497,7028281010.350154
v6p1i12_0070,train,q,9,silicon_die_lower,,,,576,1.1668967848331784,0.09365873529532974,2.636718749999999e-10,77.0897953384866,4425564102.478426
v6p1i12_0071,train,k,0,silicon_die_upper,34.52333863695061,34.52333863695061,34.52333863695061,320,,,,,
v6p1i12_0071,train,k,1,silicon_die_lower,95.55414960960752,95.55414960960752,95.55414960960752,792,,,,,
v6p1i12_0071,train,k,2,silicon_die_upper,98.03455150590531,98.03455150590531,98.03455150590531,432,,,,,
v6p1i12_0071,train,q,0,silicon_die_lower,,,,336,0.9350246349278482,0.19838404167420579,1.5380859374999997e-10,82.57994676645626,6079144293.118201
v6p1i12_0071,train,q,1,silicon_die_lower,,,,448,1.8170322276027646,0.38551946515498786,2.05078125e-10,120.45860842873971,8860195243.167767
v6p1i12_0071,train,q,2,silicon_die_upper,,,,288,0.9064741658643547,0.19232649277877237,1.2908935546874993e-10,89.05348369225894,7022067486.298627
v6p1i12_0071,train,q,3,silicon_die_upper,,,,384,1.0546738596442782,0.22377000039203393,1.721191406249998e-10,99.42455646110322,6127580324.96875
v6p1i12_0072,train,k,0,silicon_die_upper,44.6777204916983,44.6777204916983,44.6777204916983,792,,,,,
v6p1i12_0072,train,k,1,silicon_die_upper,126.42970404255519,126.42970404255519,126.42970404255519,800,,,,,
v6p1i12_0072,train,k,2,silicon_die_lower,160.28034325802534,160.28034325802534,160.28034325802534,440,,,,,
v6p1i12_0072,train,k,3,silicon_die_upper,281.96684170457104,281.96684170457104,281.96684170457104,968,,,,,
v6p1i12_0072,train,k,4,silicon_die_upper,136.96729401736837,136.96729401736837,136.96729401736837,504,,,,,
v6p1i12_0072,train,k,5,silicon_die_upper,58.118880546941746,58.118880546941746,58.118880546941746,968,,,,,
v6p1i12_0072,train,q,0,silicon_die_upper,,,,384,0.5617119674288394,0.11117344741437263,1.721191406249998e-10,46.234367100585196,3263506693.0333743
v6p1i12_0072,train,q,1,silicon_die_lower,,,,288,0.4671915451765324,0.09246606391148797,1.3183593749999995e-10,52.027157142494396,3543734387.11681
v6p1i12_0072,train,q,2,silicon_die_lower,,,,384,0.4798136716718187,0.09496422203798194,1.7578124999999992e-10,42.60183624883923,2729606665.5107923
v6p1i12_0072,train,q,3,silicon_die_lower,,,,336,0.33503398572866494,0.06630957742439772,1.5380859374999982e-10,32.29352717416771,2178252707.2136717
v6p1i12_0072,train,q,4,silicon_die_lower,,,,576,0.5484107119358961,0.10854087678416399,2.6367187499999996e-10,31.378960533846676,2079898403.78651
v6p1i12_0072,train,q,5,silicon_die_lower,,,,384,0.6080093429410944,0.12033657574417307,1.7578124999999992e-10,50.916027380922614,3458897595.3982277
v6p1i12_0072,train,q,6,silicon_die_upper,,,,336,0.5235073431754673,0.10361202798288045,1.5060424804687482e-10,48.68164613727976,3476046326.4789734
v6p1i12_0072,train,q,7,silicon_die_lower,,,,280,0.2985857086360823,0.05909577239324524,1.2817382812500012e-10,30.68561613955442,2329537262.044556
v6p1i12_0072,train,q,8,silicon_die_upper,,,,448,0.5961040967676265,0.11798030182414329,2.0080566406249989e-10,47.912184840466175,2968562164.5716715
v6p1i12_0072,train,q,9,silicon_die_lower,,,,448,0.6342047048485875,0.1255211344831536,2.050781249999999e-10,48.41515703728306,3092502941.737876
v6p1i12_0073,train,k,0,silicon_die_upper,300.4021590240519,300.4021590240519,300.4021590240519,440,,,,,
v6p1i12_0073,train,k,1,silicon_die_lower,65.37793894202815,65.37793894202815,65.37793894202815,704,,,,,
v6p1i12_0073,train,k,2,silicon_die_lower,203.44409562697453,203.44409562697453,203.44409562697453,800,,,,,
v6p1i12_0073,train,q,0,silicon_die_upper,,,,360,1.6373439311371212,0.20979838344934473,1.613616943359373e-10,149.9537198547198,10147042257.3052
v6p1i12_0073,train,q,1,silicon_die_upper,,,,576,2.039251801728251,0.26129619031941886,2.581787109374998e-10,116.06634193098758,7898605560.169194
v6p1i12_0073,train,q,2,silicon_die_upper,,,,384,2.641040121021351,0.3384053511777048,1.721191406249998e-10,215.77268951725173,15344255795.324066
v6p1i12_0073,train,q,3,silicon_die_lower,,,,288,1.4867328176786305,0.1905000750535316,1.3183593749999998e-10,174.32279503279113,11277143742.984577
v6p1i12_0074,train,k,0,silicon_die_upper,111.61807724091712,111.61807724091712,111.61807724091712,280,,,,,
v6p1i12_0074,train,k,1,silicon_die_lower,35.07185746949193,35.07185746949193,35.07185746949193,704,,,,,
v6p1i12_0074,train,q,0,silicon_die_upper,,,,280,0.9902768916873121,0.12039103806412944,1.2550354003906235e-10,109.6992119870689,7890429954.239486
v6p1i12_0074,train,q,1,silicon_die_upper,,,,280,0.8516471239205987,0.1035373865368415,1.2550354003906235e-10,86.9756522714096,6785841448.42072
v6p1i12_0074,train,q,2,silicon_die_upper,,,,280,1.0836133791663116,0.1317382448011362,1.2550354003906245e-10,130.17796079347355,8634126008.151176
v6p1i12_0074,train,q,3,silicon_die_lower,,,,504,1.8407104498627929,0.22378088764333792,2.3071289062500001e-10,132.39335785837557,7978359791.151321
v6p1i12_0074,train,q,4,silicon_die_lower,,,,392,1.0713152166973885,0.1302431189849695,1.79443359375e-10,93.46402710777258,5970213779.03742
v6p1i12_0074,train,q,5,silicon_die_upper,,,,432,1.0710062244584855,0.13020555383858717,1.9363403320312462e-10,88.46800839552803,5531084627.747159
v6p1i12_0074,train,q,6,silicon_die_lower,,,,384,1.3169341039180227,0.16010377013099825,1.7578124999999987e-10,112.04755996105258,7491891791.17809
v6p1i12_0075,train,k,0,silicon_die_upper,20.604325649274294,20.604325649274294,20.604325649274294,440,,,,,
v6p1i12_0075,train,k,1,silicon_die_lower,211.50755277599256,211.50755277599256,211.50755277599256,528,,,,,
v6p1i12_0075,train,q,0,silicon_die_lower,,,,448,1.461261099131057,0.23405570541277015,2.0507812499999995e-10,99.98847863403927,7125387454.81049
v6p1i12_0075,train,q,1,silicon_die_lower,,,,504,1.7450067405350684,0.27950431572348533,2.3071289062499994e-10,114.8776673935009,7563542443.631368
v6p1i12_0075,train,q,2,silicon_die_upper,,,,336,0.9107627312853301,0.1458803041163628,1.5060424804687488e-10,86.46732021591411,6047390715.047157
v6p1i12_0075,train,q,3,silicon_die_upper,,,,392,1.1482013647602207,0.18391174619283826,1.7570495605468725e-10,84.99453019676096,6534826282.320967
v6p1i12_0075,train,q,4,silicon_die_lower,,,,336,0.9779873720767933,0.15664792855454324,1.5380859374999982e-10,103.74790540169525,6358470279.407223
v6p1i12_0076,train,k,0,silicon_die_lower,47.45671156662575,47.45671156662575,47.45671156662575,288,,,,,
v6p1i12_0076,train,k,1,silicon_die_lower,21.8428436808164,21.8428436808164,21.8428436808164,512,,,,,
v6p1i12_0076,train,k,2,silicon_die_lower,54.143231604849404,54.143231604849404,54.143231604849404,576,,,,,
v6p1i12_0076,train,k,3,silicon_die_lower,211.66376509668783,211.66376509668783,211.66376509668783,336,,,,,
v6p1i12_0076,train,k,4,silicon_die_lower,297.6407248401756,297.6407248401756,297.6407248401756,640,,,,,
v6p1i12_0076,train,k,5,silicon_die_lower,47.34242093222749,47.34242093222749,47.34242093222749,648,,,,,
v6p1i12_0076,train,k,6,silicon_die_upper,281.5048838747738,281.5048838747738,281.5048838747738,432,,,,,
v6p1i12_0076,train,q,0,silicon_die_lower,,,,392,2.3254334980805442,0.42175463267804075,1.79443359375e-10,180.31208042401136,12959150487.262463
v6p1i12_0076,train,q,1,silicon_die_upper,,,,200,1.607536349054335,0.29155247955773916,8.964538574218739e-11,230.34489575162428,17932170582.40426
v6p1i12_0076,train,q,2,silicon_die_lower,,,,200,1.5807419604025972,0.2866928877642202,9.155273437499995e-11,226.8790589012465,17265917519.490776
v6p1i12_0077,train,k,0,silicon_die_upper,85.1202483038291,85.1202483038291,85.1202483038291,968,,,,,
v6p1i12_0077,train,k,1,silicon_die_lower,181.12619629525287,181.12619629525287,181.12619629525287,560,,,,,
v6p1i12_0077,train,k,2,silicon_die_upper,29.850529669423718,29.850529669423718,29.850529669423718,432,,,,,
v6p1i12_0077,train,k,3,silicon_die_upper,52.49919828738623,52.49919828738623,52.49919828738623,528,,,,,
v6p1i12_0077,train,k,4,silicon_die_lower,88.9267864541644,88.9267864541644,88.9267864541644,640,,,,,
v6p1i12_0077,train,k,5,silicon_die_lower,20.70335946788257,20.70335946788257,20.70335946788257,576,,,,,
v6p1i12_0077,train,k,6,silicon_die_lower,153.0437877990093,153.0437877990093,153.0437877990093,720,,,,,
v6p1i12_0077,train,k,7,silicon_die_lower,44.584764086214754,44.584764086214754,44.584764086214754,432,,,,,
v6p1i12_0077,train,q,0,silicon_die_upper,,,,240,0.6683510492152398,0.06710839087419952,1.0757446289062491e-10,73.92965160336001,6212915512.251062
v6p1i12_0077,train,q,1,silicon_die_lower,,,,504,1.6923644217715015,0.1699284429211021,2.3071289062499988e-10,115.41833200666719,7335370022.831824
v6p1i12_0077,train,q,2,silicon_die_upper,,,,448,1.1507351352306567,0.11554404431384992,2.0080566406249984e-10,79.70267020655498,5730591019.945014
v6p1i12_0077,train,q,3,silicon_die_upper,,,,512,1.0017140121255685,0.10058099788848578,2.2949218749999972e-10,61.91564655191569,4364915525.17695
v6p1i12_0077,train,q,4,silicon_die_lower,,,,512,1.7773776046676084,0.17846452274614394,2.343749999999998e-10,116.9335293897439,7583477779.915135
v6p1i12_0077,train,q,5,silicon_die_upper,,,,576,1.1684029396410864,0.11731804904632724,2.5817871093749985e-10,69.84209482154249,4525558809.238669
v6p1i12_0077,train,q,6,silicon_die_lower,,,,448,0.9722122234114058,0.09761875585887764,2.0507812499999995e-10,64.5203116321489,4740691984.6346655
v6p1i12_0077,train,q,7,silicon_die_lower,,,,384,0.7470097557775662,0.07500642474702972,1.7578125e-10,60.14360523256273,4249655499.5345993
v6p1i12_0077,train,q,8,silicon_die_upper,,,,360,0.7811097907283752,0.0784303716039842,1.6136169433593742e-10,68.0566630799194,4840738652.025988
v6p1i12_0078,train,k,0,silicon_die_lower,22.36996633693181,22.36996633693181,22.36996633693181,336,,,,,
v6p1i12_0078,train,k,1,silicon_die_upper,94.84163769464247,94.84163769464247,94.84163769464247,528,,,,,
v6p1i12_0078,train,k,2,silicon_die_lower,26.426109797793753,26.426109797793753,26.426109797793753,640,,,,,
v6p1i12_0078,train,k,3,silicon_die_upper,270.34620808275974,270.34620808275974,270.34620808275974,336,,,,,
v6p1i12_0078,train,k,4,silicon_die_lower,70.93779789150861,70.93779789150861,70.93779789150861,792,,,,,
v6p1i12_0078,train,q,0,silicon_die_lower,,,,432,1.4539520716999224,0.11044743711909673,1.9775390624999994e-10,129.80692672036338,7352330476.151709
v6p1i12_0078,train,q,1,silicon_die_upper,,,,448,2.580083550644685,0.19599244106353023,2.0080566406249976e-10,205.31394655601233,12848659238.225706
v6p1i12_0078,train,q,2,silicon_die_upper,,,,288,1.4858562056547087,0.11287099006654062,1.2908935546874988e-10,197.82133962088884,11510292233.308167
v6p1i12_0078,train,q,3,silicon_die_upper,,,,384,2.3207079262424313,0.17628933425279425,1.7211914062499988e-10,183.6793128268133,13483148462.253908
v6p1i12_0078,train,q,4,silicon_die_lower,,,,504,2.445208753124848,0.18574686556762926,2.3071289062499986e-10,169.18028721896104,10598492119.364426
v6p1i12_0078,train,q,5,silicon_die_lower,,,,448,2.878390768096078,0.21865293193040888,2.0507812499999998e-10,192.35985597405502,14035581650.144686
v6p1i12_0079,train,k,0,silicon_die_lower,155.53525554585482,155.53525554585482,155.53525554585482,704,,,,,
v6p1i12_0079,train,k,1,silicon_die_lower,132.31011660796423,132.31011660796423,132.31011660796423,792,,,,,
v6p1i12_0079,train,k,2,silicon_die_upper,199.28891693206265,199.28891693206265,199.28891693206265,504,,,,,
v6p1i12_0079,train,q,0,silicon_die_upper,,,,504,0.6078919799821096,0.1685886295468745,2.259063720703122e-10,42.21670344458621,2690902316.792137
v6p1i12_0079,train,q,1,silicon_die_lower,,,,384,0.5272772021629649,0.14623147505019013,1.7578124999999992e-10,36.88848548436654,2999621416.749313
v6p1i12_0079,train,q,2,silicon_die_upper,,,,504,0.44602868184134287,0.12369856271577051,2.2590637207031231e-10,30.339488744740542,1974396196.7682722
v6p1i12_0079,train,q,3,silicon_die_lower,,,,576,0.5009900144830706,0.13894116510774723,2.636718749999999e-10,32.78247364064711,1900051017.8913498
v6p1i12_0079,train,q,4,silicon_die_lower,,,,336,0.28958290651126134,0.08031095483505313,1.5380859374999997e-10,26.523470220610722,1882748547.7303598
v6p1i12_0079,train,q,5,silicon_die_lower,,,,576,0.6334710080218158,0.17568254330846425,2.6367187499999996e-10,38.333873537068115,2402497452.645702
v6p1i12_0079,train,q,6,silicon_die_lower,,,,336,0.30599326875626387,0.08486209314968292,1.5380859374999997e-10,32.5135386271458,1989441950.5169158
v6p1i12_0079,train,q,7,silicon_die_upper,,,,384,0.29453587081222526,0.08168457628621732,1.7211914062499988e-10,26.714480311814523,1711232520.350178
v6p1i12_0080,train,k,0,silicon_die_upper,27.53207963136091,27.53207963136091,27.53207963136091,704,,,,,
v6p1i12_0080,train,k,1,silicon_die_upper,291.4863484116815,291.4863484116815,291.4863484116815,504,,,,,
v6p1i12_0080,train,k,2,silicon_die_upper,226.0879558304828,226.0879558304828,226.0879558304828,960,,,,,
v6p1i12_0080,train,k,3,silicon_die_lower,147.1925098437116,147.1925098437116,147.1925098437116,720,,,,,
v6p1i12_0080,train,q,0,silicon_die_lower,,,,360,1.318206574007524,0.13879002963551734,1.6479492187499997e-10,125.07528919784343,7999072780.940473
v6p1i12_0080,train,q,1,silicon_die_upper,,,,432,1.4768004632421659,0.15548790614509259,1.936340332031248e-10,107.7682607287426,7626760847.835987
v6p1i12_0080,train,q,2,silicon_die_lower,,,,504,1.1480402099794103,0.12087372184877182,2.3071289062499978e-10,78.03503495987094,4976055767.27584
v6p1i12_0080,train,q,3,silicon_die_lower,,,,448,1.4422654767248884,0.15185182065082636,2.0507812499999987e-10,92.24489170461402,7032761181.744222
v6p1i12_0080,train,q,4,silicon_die_upper,,,,448,1.3692398664539205,0.14416317244233887,2.008056640624996e-10,110.14713250953642,6818731298.474492
v6p1i12_0080,train,q,5,silicon_die_upper,,,,336,1.1381773813925375,0.11983529411001417,1.5060424804687488e-10,117.17280020495411,7557405558.9606285
v6p1i12_0080,train,q,6,silicon_die_lower,,,,504,1.6051178020585606,0.16899805516743882,2.3071289062500004e-10,102.56094919838966,6957209012.94377
v6p1i12_0081,valid_iid,k,0,silicon_die_lower,89.48782766629557,89.48782766629557,89.48782766629557,336,,,,,
v6p1i12_0081,valid_iid,k,1,silicon_die_lower,28.208977974911935,28.208977974911935,28.208977974911935,448,,,,,
v6p1i12_0081,valid_iid,k,2,silicon_die_lower,137.17009168099642,137.17009168099642,137.17009168099642,288,,,,,
v6p1i12_0081,valid_iid,k,3,silicon_die_upper,85.01257573458501,85.01257573458501,85.01257573458501,648,,,,,
v6p1i12_0081,valid_iid,q,0,silicon_die_lower,,,,280,1.4723569018233926,0.20314359270330903,1.2817382812500001e-10,139.50127426288637,11487188323.559267
v6p1i12_0081,valid_iid,q,1,silicon_die_lower,,,,392,1.5543416827728622,0.2144551727478238,1.79443359375e-10,128.57214004918086,8662018411.751896
v6p1i12_0081,valid_iid,q,2,silicon_die_upper,,,,448,2.221690628498452,0.3065304448870535,2.0080566406249989e-10,167.14209563341143,11063884272.741234
v6p1i12_0081,valid_iid,q,3,silicon_die_upper,,,,280,0.9924265276084265,0.13692678049919432,1.2550354003906235e-10,113.21763553485957,7907558044.175796
v6p1i12_0081,valid_iid,q,4,silicon_die_lower,,,,336,1.0070471243283414,0.1389440091626193,1.5380859374999995e-10,96.51689204636588,6547404795.633155
v6p1i12_0082,train,k,0,silicon_die_lower,50.16959042284155,50.16959042284155,50.16959042284155,448,,,,,
v6p1i12_0082,train,k,1,silicon_die_lower,240.29527323269596,240.29527323269596,240.29527323269596,720,,,,,
v6p1i12_0082,train,k,2,silicon_die_lower,55.20188080602216,55.20188080602216,55.20188080602216,640,,,,,
v6p1i12_0082,train,k,3,silicon_die_lower,222.82108347538883,222.82108347538883,222.82108347538883,576,,,,,
v6p1i12_0082,train,k,4,silicon_die_upper,107.75995824807234,107.75995824807234,107.75995824807234,528,,,,,
v6p1i12_0082,train,k,5,silicon_die_lower,378.0558733653068,378.0558733653068,378.0558733653068,504,,,,,
v6p1i12_0082,train,q,0,silicon_die_lower,,,,392,0.739569341902611,0.08359443300557161,1.7944335937499983e-10,73.53398226202056,4121463978.820541
v6p1i12_0082,train,q,1,silicon_die_lower,,,,576,0.8376044489777883,0.09467546182364978,2.63671875e-10,55.00738505638946,3176692428.7157598
v6p1i12_0082,train,q,2,silicon_die_upper,,,,512,1.4649393857103257,0.16558390187043623,2.2949218749999982e-10,99.01628368034424,6383395450.924998
v6p1i12_0082,train,q,3,silicon_die_lower,,,,504,1.1170815666290752,0.12626510442293323,2.3071289062499976e-10,70.01296002305035,4841868885.6219015
v6p1i12_0082,train,q,4,silicon_die_lower,,,,384,0.7158018830040438,0.0809079678723663,1.7578124999999987e-10,57.45773814454886,4072117378.867452
v6p1i12_0082,train,q,5,silicon_die_upper,,,,288,0.7241381665095049,0.08185022825760613,1.2908935546874995e-10,80.03726805539664,5609588520.137935
v6p1i12_0082,train,q,6,silicon_die_lower,,,,448,0.8599460422717249,0.09720075961255359,2.05078125e-10,56.05048441000331,4193260701.3630776
v6p1i12_0082,train,q,7,silicon_die_upper,,,,280,0.7454050213397594,0.08425404703513062,1.255035400390625e-10,82.5518730569638,5939314708.634951
v6p1i12_0082,train,q,8,silicon_die_lower,,,,504,0.9588703807545393,0.10838229935113713,2.3071289062499978e-10,66.90833343984906,4156119660.9212666
v6p1i12_0082,train,q,9,silicon_die_upper,,,,360,0.6837561280663605,0.07728579674861535,1.6136169433593718e-10,65.69900871537638,4237412918.1046896
v6p1i12_0083,valid_iid,k,0,silicon_die_upper,136.12469400347055,136.12469400347055,136.12469400347055,480,,,,,
v6p1i12_0083,valid_iid,k,1,silicon_die_upper,54.1800628530365,54.1800628530365,54.1800628530365,384,,,,,
v6p1i12_0083,valid_iid,k,2,silicon_die_lower,318.57214955075995,318.57214955075995,318.57214955075995,504,,,,,
v6p1i12_0083,valid_iid,k,3,silicon_die_lower,180.7789193246186,180.7789193246186,180.7789193246186,648,,,,,
v6p1i12_0083,valid_iid,k,4,silicon_die_lower,28.144957175406258,28.144957175406258,28.144957175406258,704,,,,,
v6p1i12_0083,valid_iid,k,5,silicon_die_lower,260.01564374254673,260.01564374254673,260.01564374254673,616,,,,,
v6p1i12_0083,valid_iid,k,6,silicon_die_lower,88.27465752151714,88.27465752151714,88.27465752151714,640,,,,,
v6p1i12_0083,valid_iid,q,0,silicon_die_upper,,,,504,3.4721967105868616,0.45299456608682165,2.2590637207031234e-10,216.12233783252364,15370069815.941961
v6p1i12_0083,valid_iid,q,1,silicon_die_upper,,,,288,1.4229564970427522,0.18564373353990019,1.2908935546874977e-10,192.2533082311632,11023035105.223873
v6p1i12_0083,valid_iid,q,2,silicon_die_upper,,,,288,1.2212284360542398,0.159325606120333,1.2908935546874995e-10,152.9662692140095,9460334135.372421
v6p1i12_0083,valid_iid,q,3,silicon_die_lower,,,,448,1.5486037016842296,0.20203609425294516,2.050781249999999e-10,113.05834387142134,7551286621.545961
v6p1i12_0084,valid_iid,k,0,silicon_die_lower,153.38010442895845,153.38010442895845,153.38010442895845,448,,,,,
v6p1i12_0084,valid_iid,k,1,silicon_die_lower,212.28224409039456,212.28224409039456,212.28224409039456,576,,,,,
v6p1i12_0084,valid_iid,k,2,silicon_die_lower,259.0039571349125,259.0039571349125,259.0039571349125,448,,,,,
v6p1i12_0084,valid_iid,k,3,silicon_die_upper,97.17046366948806,97.17046366948806,97.17046366948806,504,,,,,
v6p1i12_0084,valid_iid,q,0,silicon_die_upper,,,,448,1.0068745407175317,0.22618304250725382,2.008056640624998e-10,69.8456867034624,5014174004.594545
v6p1i12_0084,valid_iid,q,1,silicon_die_lower,,,,392,0.561885099296718,0.1262211687345421,1.7944335937500014e-10,43.6132551028152,3131267165.604565
v6p1i12_0084,valid_iid,q,2,silicon_die_upper,,,,448,0.7707726577677042,0.1731454096466322,2.0080566406249984e-10,50.214943931204616,3838400980.2024546
v6p1i12_0084,valid_iid,q,3,silicon_die_lower,,,,320,0.908129908474092,0.20400117133175977,1.464843749999999e-10,76.49325419440859,6199500175.18314
v6p1i12_0084,valid_iid,q,4,silicon_die_lower,,,,288,0.4423488913581731,0.09936870389612006,1.3183593749999998e-10,50.7120788553305,3355298257.4131064
v6p1i12_0084,valid_iid,q,5,silicon_die_lower,,,,448,0.7615805405398245,0.1710805038836922,2.0507812499999995e-10,54.74031015537954,3713611778.632288
v6p1i12_0085,train,k,0,silicon_die_upper,388.8101580750369,388.8101580750369,388.8101580750369,616,,,,,
v6p1i12_0085,train,k,1,silicon_die_lower,359.90078337957635,359.90078337957635,359.90078337957635,640,,,,,
v6p1i12_0085,train,k,2,silicon_die_upper,35.18354682998691,35.18354682998691,35.18354682998691,576,,,,,
v6p1i12_0085,train,k,3,silicon_die_upper,74.75656992473505,74.75656992473505,74.75656992473505,504,,,,,
v6p1i12_0085,train,q,0,silicon_die_lower,,,,336,0.6288213423500324,0.06724478175676593,1.5380859374999997e-10,62.80619791501706,4088336854.390053
v6p1i12_0085,train,q,1,silicon_die_upper,,,,336,1.3022353937188615,0.13925821047882964,1.5060424804687488e-10,119.59834451522609,8646737463.298822
v6p1i12_0085,train,q,2,silicon_die_lower,,,,336,0.8995389085131461,0.09619472735868859,1.5380859374999997e-10,103.17274095946122,5848430744.872773
v6p1i12_0085,train,q,3,silicon_die_upper,,,,320,1.1043238349281401,0.11809398038401958,1.4343261718749992e-10,105.15694576149329,7699251792.11177
v6p1i12_0085,train,q,4,silicon_die_upper,,,,320,1.1864715226295661,0.12687867479445583,1.4343261718749987e-10,116.57821594525201,8271978479.473544
v6p1i12_0085,train,q,5,silicon_die_upper,,,,504,1.5116030180724354,0.161647527218578,2.259063720703121e-10,91.11886630371811,6691281012.657568
v6p1i12_0085,train,q,6,silicon_die_upper,,,,384,0.8770037043544484,0.09378486181590576,1.7211914062499985e-10,69.58540057101155,5095329323.45507
v6p1i12_0085,train,q,7,silicon_die_upper,,,,576,1.8412311131529988,0.19689723619275662,2.5817871093749965e-10,98.85068775174679,7131614789.101365
v6p1i12_0086,train,k,0,silicon_die_lower,156.2304273843356,156.2304273843356,156.2304273843356,640,,,,,
v6p1i12_0086,train,k,1,silicon_die_lower,129.04138611537695,129.04138611537695,129.04138611537695,768,,,,,
v6p1i12_0086,train,k,2,silicon_die_lower,139.5174705926886,139.5174705926886,139.5174705926886,480,,,,,
v6p1i12_0086,train,k,3,silicon_die_lower,139.83918117277528,139.83918117277528,139.83918117277528,560,,,,,
v6p1i12_0086,train,k,4,silicon_die_upper,34.742257331130894,34.742257331130894,34.742257331130894,560,,,,,
v6p1i12_0086,train,k,5,silicon_die_upper,57.90974983267903,57.90974983267903,57.90974983267903,576,,,,,
v6p1i12_0086,train,k,6,silicon_die_lower,347.1770297235699,347.1770297235699,347.1770297235699,448,,,,,
v6p1i12_0086,train,q,0,silicon_die_lower,,,,336,3.068275406764028,0.29433224614748776,1.538085937500001e-10,296.48551728602604,19948660422.389603
v6p1i12_0086,train,q,1,silicon_die_lower,,,,512,4.6149317533961005,0.442699252420434,2.343749999999999e-10,288.64697903516503,19690375481.156708
v6p1i12_0086,train,q,2,silicon_die_upper,,,,432,2.7413231008787426,0.26296850143207817,1.9363403320312483e-10,228.7763828439776,14157238040.913273
v6p1i12_0087,train,k,0,silicon_die_lower,384.1806374022908,384.1806374022908,384.1806374022908,640,,,,,
v6p1i12_0087,train,k,1,silicon_die_upper,284.16028377703833,284.16028377703833,284.16028377703833,384,,,,,
v6p1i12_0087,train,q,0,silicon_die_lower,,,,432,0.6409134588318901,0.16695954243361327,1.9775390624999992e-10,51.470544572362144,3240964848.6116333
v6p1i12_0087,train,q,1,silicon_die_upper,,,,336,0.36315028528191773,0.09460154819624184,1.5060424804687482e-10,46.76688698154865,2411288459.5983577
v6p1i12_0087,train,q,2,silicon_die_upper,,,,336,0.295006392871849,0.07684989555164559,1.5060424804687467e-10,28.08269524310074,1958818537.3099835
v6p1i12_0087,train,q,3,silicon_die_upper,,,,448,0.546617407933607,0.1423951877702428,2.0080566406249986e-10,42.14633342277775,2722121462.487606
v6p1i12_0087,train,q,4,silicon_die_upper,,,,432,0.4582313698659701,0.11937040607789377,1.9363403320312506e-10,35.02503350980298,2366481564.6600633
v6p1i12_0087,train,q,5,silicon_die_upper,,,,320,0.3971713159498979,0.1034641108951097,1.4343261718749984e-10,37.92880603975429,2769044612.988568
v6p1i12_0087,train,q,6,silicon_die_upper,,,,432,0.3268802541262504,0.0851531153035391,1.9363403320312477e-10,27.630989250067184,1688134305.3126848
v6p1i12_0087,train,q,7,silicon_die_upper,,,,280,0.44889565715042984,0.11693842980746394,1.2550354003906245e-10,44.314538679828715,3576756934.5909524
v6p1i12_0087,train,q,8,silicon_die_lower,,,,384,0.3618689760287221,0.0942677639642499,1.7578124999999995e-10,29.648145338022697,2058632396.9633975
v6p1i12_0088,train,k,0,silicon_die_lower,21.263945110322815,21.263945110322815,21.263945110322815,648,,,,,
v6p1i12_0088,train,k,1,silicon_die_lower,53.77273196409805,53.77273196409805,53.77273196409805,792,,,,,
v6p1i12_0088,train,k,2,silicon_die_lower,81.74462332715714,81.74462332715714,81.74462332715714,704,,,,,
v6p1i12_0088,train,k,3,silicon_die_lower,25.00480605259199,25.00480605259199,25.00480605259199,880,,,,,
v6p1i12_0088,train,k,4,silicon_die_upper,111.28891288232215,111.28891288232215,111.28891288232215,528,,,,,
v6p1i12_0088,train,q,0,silicon_die_upper,,,,504,2.7568108260433095,0.2894684911115037,2.2590637207031226e-10,184.6251358658944,12203333623.476833
v6p1i12_0088,train,q,1,silicon_die_lower,,,,504,3.7474670230920233,0.39348859719238666,2.3071289062500017e-10,244.72150487411474,16242989340.301498
v6p1i12_0088,train,q,2,silicon_die_lower,,,,336,3.019421312240342,0.3170429116961097,1.5380859375e-10,277.704565364822,19631031261.803875
v6p1i12_0089,test_iid,k,0,silicon_die_lower,21.066133374221856,21.066133374221856,21.066133374221856,800,,,,,
v6p1i12_0089,test_iid,k,1,silicon_die_lower,332.382815247924,332.382815247924,332.382815247924,616,,,,,
v6p1i12_0089,test_iid,k,2,silicon_die_upper,25.33662246826173,25.33662246826173,25.33662246826173,576,,,,,
v6p1i12_0089,test_iid,k,3,silicon_die_lower,57.52962084415432,57.52962084415432,57.52962084415432,704,,,,,
v6p1i12_0089,test_iid,k,4,silicon_die_upper,123.0341241810114,123.0341241810114,123.0341241810114,560,,,,,
v6p1i12_0089,test_iid,q,0,silicon_die_upper,,,,448,0.9782811932934865,0.1404923259581104,2.0080566406249976e-10,78.33596704453858,4871780872.6202135
v6p1i12_0089,test_iid,q,1,silicon_die_upper,,,,336,1.0515154374598443,0.151009597856262,1.5060424804687485e-10,101.7427378236959,6981977275.518584
v6p1i12_0089,test_iid,q,2,silicon_die_upper,,,,336,0.8455642306951263,0.12143265794306207,1.5060424804687488e-10,79.70935255381879,5614477955.707786
v6p1i12_0089,test_iid,q,3,silicon_die_lower,,,,240,0.6647464629604177,0.09546516624665219,1.098632812500001e-10,91.13057831412124,6050670027.30193
v6p1i12_0089,test_iid,q,4,silicon_die_upper,,,,336,0.6505814649735253,0.0934309111388026,1.5060424804687488e-10,64.86828513064756,4319808195.390576
v6p1i12_0089,test_iid,q,5,silicon_die_upper,,,,240,0.3968366915824489,0.05699027049497174,1.0757446289062491e-10,51.8442823792166,3688948853.836509
v6p1i12_0089,test_iid,q,6,silicon_die_lower,,,,432,0.5961545812321536,0.0856145904899981,1.9775390624999986e-10,50.70496725529847,3014628598.428275
v6p1i12_0089,test_iid,q,7,silicon_die_upper,,,,288,0.9728475962110028,0.13971199950629817,1.2908935546874985e-10,101.4877678358292,7536234050.270019
v6p1i12_0089,test_iid,q,8,silicon_die_upper,,,,336,0.8067081384366813,0.11585248036584256,1.50604248046875e-10,76.69676394021424,5356476652.5416765
v6p1i12_0090,train,k,0,silicon_die_lower,38.65469939598805,38.65469939598805,38.65469939598805,480,,,,,
v6p1i12_0090,train,k,1,silicon_die_lower,33.310350449261975,33.310350449261975,33.310350449261975,560,,,,,
v6p1i12_0090,train,k,2,silicon_die_lower,48.809761378074015,48.809761378074015,48.809761378074015,528,,,,,
v6p1i12_0090,train,k,3,silicon_die_lower,89.89555495430407,89.89555495430407,89.89555495430407,576,,,,,
v6p1i12_0090,train,k,4,silicon_die_upper,136.352040296663,136.352040296663,136.352040296663,616,,,,,
v6p1i12_0090,train,q,0,silicon_die_upper,,,,448,1.1809781915866715,0.16030778024853745,2.0080566406249989e-10,77.39015113482257,5881199602.114297
v6p1i12_0090,train,q,1,silicon_die_lower,,,,384,1.1938647599822474,0.16205702268945016,1.7578124999999997e-10,113.91718807635917,6791763967.899009
v6p1i12_0090,train,q,2,silicon_die_upper,,,,336,1.2752437488318582,0.17310353070652404,1.5060424804687516e-10,120.03976786445182,8467515129.02174
v6p1i12_0090,train,q,3,silicon_die_lower,,,,432,0.968871433033583,0.1315160854640003,1.9775390625000002e-10,77.46806538219222,4899379493.463649
v6p1i12_0090,train,q,4,silicon_die_lower,,,,432,1.124765462658224,0.15267737872171058,1.9775390624999979e-10,91.6348204092666,5687702882.77542
v6p1i12_0090,train,q,5,silicon_die_lower,,,,504,1.6232188552077234,0.2203382021697775,2.3071289062500001e-10,107.01839837215066,7035666064.477074
v6p1i12_0091,test_iid,k,0,silicon_die_lower,179.02291937332328,179.02291937332328,179.02291937332328,880,,,,,
v6p1i12_0091,test_iid,k,1,silicon_die_lower,32.245385781215916,32.245385781215916,32.245385781215916,336,,,,,
v6p1i12_0091,test_iid,k,2,silicon_die_lower,21.06824065820493,21.06824065820493,21.06824065820493,800,,,,,
v6p1i12_0091,test_iid,k,3,silicon_die_upper,143.250040529099,143.250040529099,143.250040529099,384,,,,,
v6p1i12_0091,test_iid,q,0,silicon_die_lower,,,,200,0.44544755558377586,0.07828733396707704,9.155273437499995e-11,62.19351578626038,4865475167.123058
v6p1i12_0091,test_iid,q,1,silicon_die_upper,,,,384,0.6034596785718713,0.10605793835843816,1.7211914062499985e-10,49.164130050151904,3506057933.9438114
v6p1i12_0091,test_iid,q,2,silicon_die_lower,,,,384,0.6341832308188284,0.11145759756693978,1.7578124999999995e-10,60.877846396222544,3607797935.3248916
v6p1i12_0091,test_iid,q,3,silicon_die_upper,,,,432,0.9826327051221828,0.1726975348468486,1.93634033203125e-10,77.96803538450881,5074690067.997429
v6p1i12_0091,test_iid,q,4,silicon_die_upper,,,,336,0.8475679557260649,0.14895992755591622,1.5060424804687488e-10,85.17500365304292,5627782527.503894
v6p1i12_0091,test_iid,q,5,silicon_die_lower,,,,288,0.5342506227340383,0.09389445828091979,1.3183593750000008e-10,59.96189422132664,4052389908.7381845
v6p1i12_0091,test_iid,q,6,silicon_die_lower,,,,336,0.7898822758969501,0.13882167889950295,1.5380859374999992e-10,78.25987532413433,5135488574.720491
v6p1i12_0091,test_iid,q,7,silicon_die_upper,,,,504,0.852481775264854,0.14982353052435765,2.259063720703122e-10,60.312806394003935,3773606593.972141
v6p1i12_0092,test_iid,k,0,silicon_die_lower,66.13880865377146,66.13880865377146,66.13880865377146,400,,,,,
v6p1i12_0092,test_iid,k,1,silicon_die_upper,114.3218944531464,114.3218944531464,114.3218944531464,616,,,,,
v6p1i12_0092,test_iid,k,2,silicon_die_lower,344.8124928007235,344.8124928007235,344.8124928007235,288,,,,,
v6p1i12_0092,test_iid,k,3,silicon_die_lower,29.994362639623557,29.994362639623557,29.994362639623557,768,,,,,
v6p1i12_0092,test_iid,q,0,silicon_die_lower,,,,240,0.10625177445881794,0.055707215433122514,1.0986328124999985e-10,12.830470206294985,967127262.6295974
v6p1i12_0092,test_iid,q,1,silicon_die_lower,,,,448,0.2994901875422668,0.15702104254258617,2.0507812499999998e-10,22.85830496443712,1460371200.2061012
v6p1i12_0092,test_iid,q,2,silicon_die_upper,,,,360,0.21320000378329101,0.1117795782855527,1.6136169433593736e-10,19.977767401447892,1321255361.507496
v6p1i12_0092,test_iid,q,3,silicon_die_lower,,,,280,0.13314554548941332,0.06980747026878292,1.2817382812499986e-10,15.05476928410051,1038788865.380262
v6p1i12_0092,test_iid,q,4,silicon_die_lower,,,,288,0.12020710727891795,0.06302391894993346,1.3183593749999995e-10,13.353623286581302,911793169.286015
v6p1i12_0092,test_iid,q,5,silicon_die_lower,,,,392,0.28409103293127735,0.14894735127698908,1.79443359375e-10,23.011092544754135,1583179416.1721253
v6p1i12_0092,test_iid,q,6,silicon_die_lower,,,,384,0.14879394675173904,0.07801184016984465,1.7578124999999997e-10,12.750369582257985,846472230.4098934
v6p1i12_0092,test_iid,q,7,silicon_die_lower,,,,280,0.11195841772916712,0.05869917681617251,1.2817382812499996e-10,11.20563125654807,873488912.4165118
v6p1i12_0092,test_iid,q,8,silicon_die_lower,,,,280,0.16139513531506103,0.0846185733711095,1.2817382812500004e-10,15.704073959346701,1259189474.7628376
v6p1i12_0092,test_iid,q,9,silicon_die_upper,,,,512,0.3287920243317258,0.17238383288590658,2.2949218749999982e-10,20.76470957953395,1432693757.0880318
v6p1i12_0093,test_iid,k,0,silicon_die_upper,42.0812478199344,42.0812478199344,42.0812478199344,720,,,,,
v6p1i12_0093,test_iid,k,1,silicon_die_lower,22.734255875340235,22.734255875340235,22.734255875340235,320,,,,,
v6p1i12_0093,test_iid,k,2,silicon_die_upper,107.52175481405101,107.52175481405101,107.52175481405101,720,,,,,
v6p1i12_0093,test_iid,k,3,silicon_die_upper,70.47183825947793,70.47183825947793,70.47183825947793,480,,,,,
v6p1i12_0093,test_iid,k,4,silicon_die_upper,187.4660420522222,187.4660420522222,187.4660420522222,1056,,,,,
v6p1i12_0093,test_iid,q,0,silicon_die_upper,,,,576,4.126714346022075,0.29017851689142615,2.5817871093749985e-10,264.78516030107306,15983945117.074636
v6p1i12_0093,test_iid,q,1,silicon_die_upper,,,,288,2.4092504714050484,0.16941146636093007,1.290893554687499e-10,283.1606984706699,18663432493.380775
v6p1i12_0093,test_iid,q,2,silicon_die_lower,,,,392,3.6514814084728053,0.2567615227811037,1.79443359375e-10,314.07167872617464,20348935849.12192
v6p1i12_0093,test_iid,q,3,silicon_die_upper,,,,448,4.033848962420769,0.28364849396654007,2.0080566406249989e-10,256.4503608585664,20088322614.07353
v6p1i12_0094,train,k,0,silicon_die_lower,330.5332757844537,330.5332757844537,330.5332757844537,616,,,,,
v6p1i12_0094,train,k,1,silicon_die_upper,26.372599951233134,26.372599951233134,26.372599951233134,512,,,,,
v6p1i12_0094,train,k,2,silicon_die_upper,22.034012696625343,22.034012696625343,22.034012696625343,576,,,,,
v6p1i12_0094,train,k,3,silicon_die_upper,40.95159778073004,40.95159778073004,40.95159778073004,576,,,,,
v6p1i12_0094,train,k,4,silicon_die_upper,64.07408152900086,64.07408152900086,64.07408152900086,720,,,,,
v6p1i12_0094,train,q,0,silicon_die_lower,,,,448,1.0963953904042845,0.13618057387034035,2.0507812499999992e-10,87.2255727368759,5346232760.828513
v6p1i12_0094,train,q,1,silicon_die_lower,,,,432,1.0022872591221825,0.1244916344274845,1.977539062499999e-10,78.3844622409336,5068356312.795632
v6p1i12_0094,train,q,2,silicon_die_lower,,,,336,0.8882253981374695,0.11032429131243404,1.5380859374999982e-10,107.2563189048968,5774874969.477903
v6p1i12_0094,train,q,3,silicon_die_lower,,,,336,0.969124205425682,0.12037253312223635,1.5380859375000018e-10,101.2098177954664,6300845627.65649
v6p1i12_0094,train,q,4,silicon_die_upper,,,,280,1.3171166631186728,0.16359582009146295,1.2550354003906237e-10,142.34117279027964,10494657463.117985
v6p1i12_0094,train,q,5,silicon_die_upper,,,,648,1.4871729559296674,0.18471809381492732,2.904510498046873e-10,80.35961716120863,5120218904.11383
v6p1i12_0094,train,q,6,silicon_die_lower,,,,504,1.2907191775801885,0.16031705336111465,2.3071289062499996e-10,98.38484861560603,5594482276.580374
v6p1i12_0095,train,k,0,silicon_die_upper,52.00473689455852,52.00473689455852,52.00473689455852,648,,,,,
v6p1i12_0095,train,k,1,silicon_die_lower,298.72257356255875,298.72257356255875,298.72257356255875,392,,,,,
v6p1i12_0095,train,k,2,silicon_die_upper,36.15525233504919,36.15525233504919,36.15525233504919,480,,,,,
v6p1i12_0095,train,k,3,silicon_die_lower,174.8045281634577,174.8045281634577,174.8045281634577,1056,,,,,
v6p1i12_0095,train,k,4,silicon_die_lower,53.73815259616067,53.73815259616067,53.73815259616067,640,,,,,
v6p1i12_0095,train,q,0,silicon_die_upper,,,,504,1.8543878740446595,0.21469429672190113,2.2590637207031231e-10,144.22124291907667,8208656785.774462
v6p1i12_0095,train,q,1,silicon_die_upper,,,,504,1.318182546561057,0.15261439030429894,2.259063720703122e-10,88.21574591502275,5835083510.396862
v6p1i12_0095,train,q,2,silicon_die_upper,,,,512,1.6423563471262093,0.19014605619909278,2.294921874999998e-10,101.97247354045925,7156480423.222297
v6p1i12_0095,train,q,3,silicon_die_upper,,,,512,2.2167372986007967,0.25664579778677055,2.2949218749999984e-10,137.1959147450158,9659314867.094542
v6p1i12_0095,train,q,4,silicon_die_lower,,,,512,1.6056770384787125,0.1858994589879366,2.34375e-10,95.00604405358726,6850888697.509173
v6p1i12_0096,test_iid,k,0,silicon_die_lower,370.80099952365697,370.80099952365697,370.80099952365697,320,,,,,
v6p1i12_0096,test_iid,k,1,silicon_die_upper,48.87159877200126,48.87159877200126,48.87159877200126,336,,,,,
v6p1i12_0096,test_iid,q,0,silicon_die_lower,,,,384,0.9997300144606773,0.11134839026047003,1.7578125000000002e-10,85.90990427777868,5687352971.154075
v6p1i12_0096,test_iid,q,1,silicon_die_upper,,,,288,0.7945816397893467,0.08849928004692154,1.2908935546874988e-10,92.04132500182844,6155283965.1577635
v6p1i12_0096,test_iid,q,2,silicon_die_lower,,,,240,0.5007896909467132,0.05577718497932334,1.0986328124999996e-10,63.05260925760652,4558299053.594974
v6p1i12_0096,test_iid,q,3,silicon_die_lower,,,,384,0.8213346014285495,0.09147898373705468,1.757812499999998e-10,70.05585588237012,4672481288.126865
v6p1i12_0096,test_iid,q,4,silicon_die_upper,,,,336,0.5866554982401658,0.06534078643396161,1.5060424804687488e-10,62.86150844711143,3895344957.717076
v6p1i12_0096,test_iid,q,5,silicon_die_lower,,,,336,0.6739507465664714,0.07506359683069241,1.5380859374999997e-10,56.155903466024334,4381749615.7718525
v6p1i12_0096,test_iid,q,6,silicon_die_upper,,,,512,1.1526581772449247,0.12838129364959483,2.2949218749999987e-10,72.73081716243499,5022646695.73959
v6p1i12_0096,test_iid,q,7,silicon_die_lower,,,,432,0.8797126530351835,0.09798104127150617,1.9775390624999986e-10,62.82044988334206,4448522255.3482895
v6p1i12_0096,test_iid,q,8,silicon_die_lower,,,,648,1.4108375149085408,0.15713691089778414,2.9663085937500006e-10,76.46031012117491,4756206140.794553
v6p1i12_0096,test_iid,q,9,silicon_die_upper,,,,504,1.1581461166410865,0.1289925318926912,2.2590637207031224e-10,75.89928903361995,5126664228.314105
v6p1i12_0097,test_iid,k,0,silicon_die_lower,20.112916490534136,20.112916490534136,20.112916490534136,576,,,,,
v6p1i12_0097,test_iid,k,1,silicon_die_upper,159.49034875021593,159.49034875021593,159.49034875021593,448,,,,,
v6p1i12_0097,test_iid,k,2,silicon_die_upper,239.64104902778163,239.64104902778163,239.64104902778163,392,,,,,
v6p1i12_0097,test_iid,k,3,silicon_die_upper,154.408879575377,154.408879575377,154.408879575377,432,,,,,
v6p1i12_0097,test_iid,k,4,silicon_die_upper,233.68507295821334,233.68507295821334,233.68507295821334,640,,,,,
v6p1i12_0097,test_iid,k,5,silicon_die_upper,141.10262521946814,141.10262521946814,141.10262521946814,704,,,,,
v6p1i12_0097,test_iid,k,6,silicon_die_upper,67.80787758576662,67.80787758576662,67.80787758576662,704,,,,,
v6p1i12_0097,test_iid,k,7,silicon_die_lower,262.9803197243218,262.9803197243218,262.9803197243218,480,,,,,
v6p1i12_0097,test_iid,q,0,silicon_die_upper,,,,280,1.8155635623262338,0.20359429958406935,1.2550354003906237e-10,188.9918674339199,14466233874.846466
v6p1i12_0097,test_iid,q,1,silicon_die_lower,,,,576,3.2230827050200554,0.3614311718116398,2.6367187499999985e-10,191.08115462246587,12223839592.372366
v6p1i12_0097,test_iid,q,2,silicon_die_upper,,,,392,1.6592841782481498,0.18606938753965696,1.7570495605468738e-10,148.72020273551115,9443582102.099072
v6p1i12_0097,test_iid,q,3,silicon_die_lower,,,,512,2.2196255274132457,0.24890514106463382,2.3437499999999993e-10,154.55116969191778,9470402250.296518
v6p1i12_0098,train,k,0,silicon_die_lower,241.5678286127823,241.5678286127823,241.5678286127823,288,,,,,
v6p1i12_0098,train,k,1,silicon_die_upper,98.80209304899633,98.80209304899633,98.80209304899633,512,,,,,
v6p1i12_0098,train,k,2,silicon_die_lower,20.786241074760163,20.786241074760163,20.786241074760163,560,,,,,
v6p1i12_0098,train,k,3,silicon_die_lower,27.64876000785789,27.64876000785789,27.64876000785789,640,,,,,
v6p1i12_0098,train,k,4,silicon_die_lower,94.34344192116022,94.34344192116022,94.34344192116022,672,,,,,
v6p1i12_0098,train,k,5,silicon_die_lower,67.37061048606886,67.37061048606886,67.37061048606886,528,,,,,
v6p1i12_0098,train,k,6,silicon_die_lower,196.00515089947356,196.00515089947356,196.00515089947356,720,,,,,
v6p1i12_0098,train,q,0,silicon_die_lower,,,,648,0.9241305041707278,0.2827788884053963,2.96630859375e-10,48.23196190999769,3115422670.850454
v6p1i12_0098,train,q,1,silicon_die_upper,,,,392,0.4340191566084915,0.13280749212204654,1.757049560546875e-10,38.78480592878364,2470158875.162318
v6p1i12_0098,train,q,2,silicon_die_upper,,,,336,0.34286520777295715,0.10491488149060187,1.5060424804687475e-10,35.378159238496444,2276597189.119408
v6p1i12_0098,train,q,3,silicon_die_lower,,,,392,0.6027997303722095,0.18445342613020665,1.79443359375e-10,48.726818372868344,3359275776.3327484
v6p1i12_0098,train,q,4,silicon_die_upper,,,,320,0.27009445284863637,0.08264742782139664,1.4343261718749976e-10,27.434418323172093,1883075538.4987514
v6p1i12_0098,train,q,5,silicon_die_lower,,,,512,0.4337713270089567,0.13273165761777023,2.343749999999998e-10,27.621054678327926,1850757661.9048834
v6p1i12_0098,train,q,6,silicon_die_upper,,,,336,0.260351790740803,0.07966622641258185,1.5060424804687488e-10,25.617134974699244,1728714788.0434933
v6p1i12_0099,train,k,0,silicon_die_lower,227.4737339667092,227.4737339667092,227.4737339667092,648,,,,,
v6p1i12_0099,train,k,1,silicon_die_upper,34.41289681796827,34.41289681796827,34.41289681796827,648,,,,,
v6p1i12_0099,train,q,0,silicon_die_upper,,,,336,2.802770191876759,0.20114212521225913,1.5060424804687477e-10,300.40985251553553,18610166899.172802
v6p1i12_0099,train,q,1,silicon_die_lower,,,,384,2.7021088318668114,0.19391811521749056,1.7578125e-10,217.85478600604696,15371996910.175638
v6p1i12_0099,train,q,2,silicon_die_lower,,,,384,3.130229773046789,0.22464241655564315,1.7578124999999997e-10,274.6149889785129,17807529375.55507
v6p1i12_0099,train,q,3,silicon_die_lower,,,,576,3.042858323573025,0.2183721632608981,2.636718749999998e-10,187.3435079914354,11540321938.291779
v6p1i12_0099,train,q,4,silicon_die_upper,,,,384,2.2563103907202904,0.1619251797537091,1.7211914062499983e-10,162.36446903140487,13109003348.071375
v6p1i12_0100,train,k,0,silicon_die_lower,110.97940765709373,110.97940765709373,110.97940765709373,560,,,,,
v6p1i12_0100,train,k,1,silicon_die_lower,25.709577530965976,25.709577530965976,25.709577530965976,704,,,,,
v6p1i12_0100,train,k,2,silicon_die_lower,103.4554146603981,103.4554146603981,103.4554146603981,704,,,,,
v6p1i12_0100,train,k,3,silicon_die_lower,30.758610962794716,30.758610962794716,30.758610962794716,704,,,,,
v6p1i12_0100,train,k,4,silicon_die_upper,311.10641526429106,311.10641526429106,311.10641526429106,440,,,,,
v6p1i12_0100,train,k,5,silicon_die_upper,34.53844277763558,34.53844277763558,34.53844277763558,336,,,,,
v6p1i12_0100,train,k,6,silicon_die_lower,30.200282863444148,30.200282863444148,30.200282863444148,528,,,,,
v6p1i12_0100,train,q,0,silicon_die_upper,,,,336,1.991490289129891,0.2663473113712189,1.5060424804687488e-10,210.7222078907189,13223334102.169872
v6p1i12_0100,train,q,1,silicon_die_upper,,,,336,2.324580234117013,0.31089566381679834,1.5060424804687488e-10,247.94464106107276,15435024338.712532
v6p1i12_0100,train,q,2,silicon_die_lower,,,,336,3.160972435727331,0.42275702481198263,1.5380859374999997e-10,285.45138911315115,20551338248.7923
v6p1i12_0101,train,k,0,silicon_die_upper,123.92307581212754,123.92307581212754,123.92307581212754,336,,,,,
v6p1i12_0101,train,k,1,silicon_die_lower,25.88138157762638,25.88138157762638,25.88138157762638,288,,,,,
v6p1i12_0101,train,k,2,silicon_die_upper,322.78369702157016,322.78369702157016,322.78369702157016,720,,,,,
v6p1i12_0101,train,q,0,silicon_die_upper,,,,512,0.45432130508110896,0.10719503643131464,2.2949218749999987e-10,27.15544314897551,1979680920.8640673
v6p1i12_0101,train,q,1,silicon_die_lower,,,,576,0.8582044553772123,0.20248942066067785,2.6367187499999985e-10,47.37420652445031,3254819860.3935776
v6p1i12_0101,train,q,2,silicon_die_lower,,,,432,0.36452085189562555,0.08600702974285895,1.9775390624999986e-10,30.727255323097676,1843305443.6598558
v6p1i12_0101,train,q,3,silicon_die_lower,,,,384,0.5635786090428345,0.13297379817455604,1.7578124999999995e-10,47.35898233801692,3206136086.9992375
v6p1i12_0101,train,q,4,silicon_die_upper,,,,320,0.3326427928161521,0.07848554733345775,1.4343261718749987e-10,33.008925978048,2319157241.489294
v6p1i12_0101,train,q,5,silicon_die_upper,,,,448,0.6019889759323976,0.1420365487698243,2.008056640624998e-10,47.665983166969376,2997868505.0688186
v6p1i12_0101,train,q,6,silicon_die_upper,,,,240,0.25633175972099925,0.06048030769080929,1.0757446289062493e-10,36.267608239216244,2382830951.0745273
v6p1i12_0101,train,q,7,silicon_die_lower,,,,512,0.35586913916327173,0.08396569764778503,2.3437499999999993e-10,23.99770354408578,1518374993.7632933
v6p1i12_0101,train,q,8,silicon_die_upper,,,,320,0.45081022679137533,0.10636661354871617,1.434326171874999e-10,43.1360427724974,3143010534.361659
v6p1i12_0102,train,k,0,silicon_die_lower,181.5208364233529,181.5208364233529,181.5208364233529,616,,,,,
v6p1i12_0102,train,k,1,silicon_die_lower,273.22716048385854,273.22716048385854,273.22716048385854,880,,,,,
v6p1i12_0102,train,k,2,silicon_die_upper,25.04699625078271,25.04699625078271,25.04699625078271,704,,,,,
v6p1i12_0102,train,k,3,silicon_die_lower,36.013182471613185,36.013182471613185,36.013182471613185,640,,,,,
v6p1i12_0102,train,k,4,silicon_die_lower,37.01234600008333,37.01234600008333,37.01234600008333,528,,,,,
v6p1i12_0102,train,q,0,silicon_die_upper,,,,336,1.588942878478578,0.17197817581746994,1.5060424804687482e-10,142.31375421141368,10550451923.40144
v6p1i12_0102,train,q,1,silicon_die_upper,,,,336,1.484034513462946,0.16062348869325002,1.506042480468749e-10,142.8247716085106,9853868882.90858
v6p1i12_0102,train,q,2,silicon_die_lower,,,,576,1.6056447366601203,0.17378589033114336,2.636718749999998e-10,110.41769796395138,6089556334.592461
v6p1i12_0102,train,q,3,silicon_die_upper,,,,432,1.6357472721609654,0.1770440182431253,1.9363403320312498e-10,141.58554943747885,8447622791.831445
v6p1i12_0102,train,q,4,silicon_die_upper,,,,360,1.6090106305748024,0.1741501956207057,1.613616943359373e-10,140.28595628438393,9971453492.704527
v6p1i12_0102,train,q,5,silicon_die_upper,,,,384,1.3158322752578844,0.14241823129430567,1.7211914062499988e-10,122.29621920166097,7644892197.810352
v6p1i12_0103,train,k,0,silicon_die_upper,281.0590565692606,281.0590565692606,281.0590565692606,720,,,,,
v6p1i12_0103,train,k,1,silicon_die_lower,121.18571230107057,121.18571230107057,121.18571230107057,384,,,,,
v6p1i12_0103,train,k,2,silicon_die_upper,30.660886936255917,30.660886936255917,30.660886936255917,504,,,,,
v6p1i12_0103,train,k,3,silicon_die_upper,104.44920923915397,104.44920923915397,104.44920923915397,704,,,,,
v6p1i12_0103,train,k,4,silicon_die_lower,62.64695725048802,62.64695725048802,62.64695725048802,512,,,,,
v6p1i12_0103,train,k,5,silicon_die_upper,102.32227812159223,102.32227812159223,102.32227812159223,720,,,,,
v6p1i12_0103,train,k,6,silicon_die_upper,55.11926011970572,55.11926011970572,55.11926011970572,704,,,,,
v6p1i12_0103,train,k,7,silicon_die_lower,22.100778086930557,22.100778086930557,22.100778086930557,720,,,,,
v6p1i12_0103,train,q,0,silicon_die_lower,,,,392,0.9428005720351801,0.14430308626038482,1.7944335937499986e-10,78.0949530213332,5254028766.062722
v6p1i12_0103,train,q,1,silicon_die_lower,,,,448,1.0063282507728015,0.15402650007313645,2.0507812499999985e-10,82.76978310142532,4907048232.33976
v6p1i12_0103,train,q,2,silicon_die_lower,,,,288,0.5656943697061191,0.08658399862072856,1.3183593749999995e-10,65.28074043076899,4290896552.437527
v6p1i12_0103,train,q,3,silicon_die_lower,,,,384,1.0147262747265615,0.1553118840779427,1.7578125e-10,84.20141968023762,5772665029.55555
v6p1i12_0103,train,q,4,silicon_die_upper,,,,504,0.8793265604660345,0.13458788663234164,2.2590637207031226e-10,52.085647506300965,3892438059.216623
v6p1i12_0103,train,q,5,silicon_die_upper,,,,384,0.623198016488732,0.0953853866852751,1.7211914062499975e-10,51.40434476941106,3620736277.358652
v6p1i12_0103,train,q,6,silicon_die_upper,,,,448,0.781340182634271,0.11959029631260219,2.0080566406249984e-10,58.32132392471775,3891026611.6352296
v6p1i12_0103,train,q,7,silicon_die_upper,,,,504,0.7200605342988495,0.11021096133758862,2.259063720703123e-10,48.18797429303206,3187429056.116815
v6p1i12_0104,train,k,0,silicon_die_lower,191.0360571839943,191.0360571839943,191.0360571839943,720,,,,,
v6p1i12_0104,train,k,1,silicon_die_lower,98.50486849911594,98.50486849911594,98.50486849911594,720,,,,,
v6p1i12_0104,train,k,2,silicon_die_lower,232.9606204099681,232.9606204099681,232.9606204099681,336,,,,,
v6p1i12_0104,train,k,3,silicon_die_lower,58.27873515684128,58.27873515684128,58.27873515684128,336,,,,,
v6p1i12_0104,train,k,4,silicon_die_lower,143.37818456869218,143.37818456869218,143.37818456869218,560,,,,,
v6p1i12_0104,train,k,5,silicon_die_lower,256.26190715559227,256.26190715559227,256.26190715559227,448,,,,,
v6p1i12_0104,train,k,6,silicon_die_upper,117.66718187945158,117.66718187945158,117.66718187945158,616,,,,,
v6p1i12_0104,train,q,0,silicon_die_upper,,,,448,2.0692416316851756,0.16776539162142654,2.0080566406249989e-10,158.54810493620883,10304697536.027336
v6p1i12_0104,train,q,1,silicon_die_upper,,,,384,1.3482211545945613,0.1093080897510481,1.7211914062499988e-10,127.89304443111908,7833069289.672804
v6p1i12_0104,train,q,2,silicon_die_lower,,,,504,2.5786751888874897,0.20906811766388503,2.307128906249999e-10,178.52540809706912,11176987908.659431
v6p1i12_0104,train,q,3,silicon_die_upper,,,,432,1.6311937633464257,0.13225031640958076,1.9363403320312488e-10,142.14289529985612,8424106735.592705
v6p1i12_0104,train,q,4,silicon_die_upper,,,,320,2.102811595004736,0.17048710278206872,1.4343261718749995e-10,182.88641652514946,14660623477.68409
v6p1i12_0104,train,q,5,silicon_die_lower,,,,512,2.6039954998028083,0.2111209817719908,2.3437499999999993e-10,166.33948737713044,11110380799.158651
v6p1i12_0105,train,k,0,silicon_die_lower,220.0190883054131,220.0190883054131,220.0190883054131,504,,,,,
v6p1i12_0105,train,k,1,silicon_die_lower,29.80695481234903,29.80695481234903,29.80695481234903,704,,,,,
v6p1i12_0105,train,k,2,silicon_die_lower,236.17010844385578,236.17010844385578,236.17010844385578,880,,,,,
v6p1i12_0105,train,k,3,silicon_die_lower,51.40096642900853,51.40096642900853,51.40096642900853,576,,,,,
v6p1i12_0105,train,k,4,silicon_die_upper,33.77799024349243,33.77799024349243,33.77799024349243,792,,,,,
v6p1i12_0105,train,q,0,silicon_die_lower,,,,432,0.8835514794628638,0.17798642781511417,1.9775390624999986e-10,73.97749233231417,4467934394.913447
v6p1i12_0105,train,q,1,silicon_die_lower,,,,336,0.3725006164293576,0.07503813373443174,1.5380859374999995e-10,39.573063302489075,2421845277.610554
v6p1i12_0105,train,q,2,silicon_die_upper,,,,448,0.8802568537044515,0.17732274416638785,2.0080566406249984e-10,63.204467079979146,4383625620.393235
v6p1i12_0105,train,q,3,silicon_die_lower,,,,432,0.6546084018439592,0.131867145005289,1.9775390625000002e-10,55.32784768226295,3310217301.1763663
v6p1i12_0105,train,q,4,silicon_die_lower,,,,448,0.5183044546501014,0.10440948891842106,2.050781249999999e-10,37.12196672011662,2527351245.5319247
v6p1i12_0105,train,q,5,silicon_die_upper,,,,320,0.5495854821664593,0.11071087426543844,1.4343261718749966e-10,51.518407456851435,3831663208.4320383
v6p1i12_0105,train,q,6,silicon_die_upper,,,,240,0.356054437725309,0.07172514443297967,1.0757446289062489e-10,50.998854597278324,3309841649.7540245
v6p1i12_0105,train,q,7,silicon_die_lower,,,,384,0.7492891382657819,0.15094004166193808,1.7578124999999987e-10,72.797014535988,4262622653.2453403
v6p1i12_0106,train,k,0,silicon_die_upper,33.16077178065614,33.16077178065614,33.16077178065614,392,,,,,
v6p1i12_0106,train,k,1,silicon_die_lower,88.69578728055285,88.69578728055285,88.69578728055285,648,,,,,
v6p1i12_0106,train,k,2,silicon_die_upper,42.4099376921056,42.4099376921056,42.4099376921056,720,,,,,
v6p1i12_0106,train,q,0,silicon_die_lower,,,,336,1.9142030464070339,0.2743986608562503,1.5380859374999997e-10,234.45677104831236,12445358219.1797
v6p1i12_0106,train,q,1,silicon_die_lower,,,,392,3.0103065509061593,0.4315237549568725,1.7944335937499994e-10,268.45321424034563,16775803581.64848
v6p1i12_0106,train,q,2,silicon_die_upper,,,,288,2.051483071287441,0.2940775841868772,1.2908935546874975e-10,249.2661049224703,15891961531.902365
v6p1i12_0107,train,k,0,silicon_die_lower,273.3907437713625,273.3907437713625,273.3907437713625,384,,,,,
v6p1i12_0107,train,k,1,silicon_die_lower,383.8035884579033,383.8035884579033,383.8035884579033,968,,,,,
v6p1i12_0107,train,k,2,silicon_die_lower,38.85530763489671,38.85530763489671,38.85530763489671,704,,,,,
v6p1i12_0107,train,k,3,silicon_die_upper,342.65842588217805,342.65842588217805,342.65842588217805,720,,,,,
v6p1i12_0107,train,k,4,silicon_die_lower,27.025529108559976,27.025529108559976,27.025529108559976,480,,,,,
v6p1i12_0107,train,q,0,silicon_die_lower,,,,448,1.4927519950880705,0.1533602527740278,2.0507812499999987e-10,106.279959118143,7278943061.762787
v6p1i12_0107,train,q,1,silicon_die_upper,,,,512,1.3027177287246952,0.13383677987222486,2.2949218749999977e-10,78.59807776177372,5676523209.421657
v6p1i12_0107,train,q,2,silicon_die_upper,,,,448,1.2035173179823,0.1236452677410731,2.0080566406249989e-10,89.9493109009975,5993443081.404867
v6p1i12_0107,train,q,3,silicon_die_upper,,,,384,0.8948777079762341,0.0919366860326862,1.721191406249998e-10,73.23622924619059,5199176016.837814
v6p1i12_0107,train,q,4,silicon_die_upper,,,,576,1.3229856499056318,0.13591903702260244,2.5817871093749975e-10,76.49252289713235,5124301864.788155
v6p1i12_0107,train,q,5,silicon_die_upper,,,,336,0.9793630208095542,0.10061641915275238,1.5060424804687488e-10,92.27392466518084,6502891077.180851
v6p1i12_0107,train,q,6,silicon_die_upper,,,,336,1.043605707422584,0.10721649384049421,1.5060424804687488e-10,98.42065034795773,6929457309.184045
v6p1i12_0107,train,q,7,silicon_die_upper,,,,392,0.7469425047861711,0.07673832741045124,1.7570495605468746e-10,66.90044280035058,4251118019.423927
v6p1i12_0107,train,q,8,silicon_die_upper,,,,336,0.7468686142997257,0.07673073615368779,1.5060424804687488e-10,64.30534418238473,4959147062.487018
v6p1i12_0108,train,k,0,silicon_die_upper,397.4026615977211,397.4026615977211,397.4026615977211,800,,,,,
v6p1i12_0108,train,k,1,silicon_die_upper,61.522180140167954,61.522180140167954,61.522180140167954,528,,,,,
v6p1i12_0108,train,k,2,silicon_die_upper,20.607936139225274,20.607936139225274,20.607936139225274,432,,,,,
v6p1i12_0108,train,k,3,silicon_die_upper,315.4717579492809,315.4717579492809,315.4717579492809,432,,,,,
v6p1i12_0108,train,k,4,silicon_die_lower,123.99046625325957,123.99046625325957,123.99046625325957,800,,,,,
v6p1i12_0108,train,q,0,silicon_die_lower,,,,448,1.4094408113377535,0.16358970297657158,2.0507812499999995e-10,101.80479674848118,6872701860.999332
v6p1i12_0108,train,q,1,silicon_die_upper,,,,384,1.3237309523352863,0.1536416084815148,1.7211914062499985e-10,104.00184342450686,7690782951.440195
v6p1i12_0108,train,q,2,silicon_die_upper,,,,336,0.9235029741902044,0.10718830903041927,1.5060424804687508e-10,106.51638643339588,6131984895.291713
v6p1i12_0108,train,q,3,silicon_die_lower,,,,576,1.094299685914395,0.12701218749028592,2.6367187500000016e-10,73.57958156374175,4150232882.8753324
v6p1i12_0108,train,q,4,silicon_die_upper,,,,512,1.7770056199893633,0.20625188317474943,2.2949218749999982e-10,98.87484879790505,7743207467.528126
v6p1i12_0108,train,q,5,silicon_die_upper,,,,336,0.7393656081345421,0.0858160195538976,1.5060424804687482e-10,72.06708688286389,4909327709.696596
v6p1i12_0108,train,q,6,silicon_die_upper,,,,392,1.3483605062030761,0.15650028929256143,1.757049560546874e-10,130.38004591741168,7674003832.785483
v6p1i12_0109,test_iid,k,0,silicon_die_upper,109.03109919177692,109.03109919177692,109.03109919177692,720,,,,,
v6p1i12_0109,test_iid,k,1,silicon_die_lower,176.1662124587711,176.1662124587711,176.1662124587711,528,,,,,
v6p1i12_0109,test_iid,k,2,silicon_die_upper,28.276541022330804,28.276541022330804,28.276541022330804,504,,,,,
v6p1i12_0109,test_iid,k,3,silicon_die_lower,66.48822446890009,66.48822446890009,66.48822446890009,360,,,,,
v6p1i12_0109,test_iid,k,4,silicon_die_lower,67.35847101498389,67.35847101498389,67.35847101498389,528,,,,,
v6p1i12_0109,test_iid,k,5,silicon_die_lower,82.38642918024581,82.38642918024581,82.38642918024581,384,,,,,
v6p1i12_0109,test_iid,k,6,silicon_die_lower,29.067518283376963,29.067518283376963,29.067518283376963,504,,,,,
v6p1i12_0109,test_iid,k,7,silicon_die_upper,399.8821223081792,399.8821223081792,399.8821223081792,288,,,,,
v6p1i12_0109,test_iid,q,0,silicon_die_lower,,,,280,0.7833619241672889,0.1509057757567473,1.2817382812500001e-10,81.28982108980908,6111715126.455647
v6p1i12_0109,test_iid,q,1,silicon_die_lower,,,,504,2.0936433118835374,0.40331660039969014,2.3071289062500001e-10,144.55391495659103,9074669847.06346
v6p1i12_0109,test_iid,q,2,silicon_die_lower,,,,240,0.6484772592505621,0.12492177734045366,1.0986328124999993e-10,82.21210134598468,5902584119.756231
v6p1i12_0109,test_iid,q,3,silicon_die_upper,,,,240,0.556931339387026,0.10728649583368775,1.07574462890625e-10,73.49538259257817,5177170533.05931
v6p1i12_0109,test_iid,q,4,silicon_die_lower,,,,240,1.1086527115651226,0.21356935066942118,1.0986328125000009e-10,134.36257808009904,10091203347.934975
v6p1i12_0110,train,k,0,silicon_die_upper,298.6431187075118,298.6431187075118,298.6431187075118,528,,,,,
v6p1i12_0110,train,k,1,silicon_die_lower,85.97586943917888,85.97586943917888,85.97586943917888,432,,,,,
v6p1i12_0110,train,k,2,silicon_die_lower,387.9903859495359,387.9903859495359,387.9903859495359,880,,,,,
v6p1i12_0110,train,k,3,silicon_die_lower,44.99596138044857,44.99596138044857,44.99596138044857,392,,,,,
v6p1i12_0110,train,k,4,silicon_die_lower,100.78558438585645,100.78558438585645,100.78558438585645,560,,,,,
v6p1i12_0110,train,k,5,silicon_die_upper,104.34588759418598,104.34588759418598,104.34588759418598,880,,,,,
v6p1i12_0110,train,k,6,silicon_die_lower,115.23448339047312,115.23448339047312,115.23448339047312,504,,,,,
v6p1i12_0110,train,q,0,silicon_die_lower,,,,360,0.8251907038864641,0.1022995209066392,1.6479492187499987e-10,76.96585184156584,5007379441.657718
v6p1i12_0110,train,q,1,silicon_die_upper,,,,288,0.5911265910899822,0.07328241433025182,1.2908935546874988e-10,65.63374169208856,4579204760.481456
v6p1i12_0110,train,q,2,silicon_die_lower,,,,448,1.0582082341596073,0.13118688184941418,2.0507812500000016e-10,86.99939057791023,5160024913.2354145
v6p1i12_0110,train,q,3,silicon_die_upper,,,,576,1.2085264669479578,0.14982194781096272,2.5817871093749965e-10,74.39587609797553,4680968707.913798
v6p1i12_0110,train,q,4,silicon_die_upper,,,,448,0.9683373022040022,0.12004551387327117,2.008056640624997e-10,62.899434095620144,4822260899.486443
v6p1i12_0110,train,q,5,silicon_die_upper,,,,384,0.7511049282424574,0.09311505079726506,1.7211914062499983e-10,67.07639404460926,4363866363.235616
v6p1i12_0110,train,q,6,silicon_die_lower,,,,504,0.7953499304361382,0.09860013746342496,2.30712890625e-10,53.43396837240831,3447358005.3612933
v6p1i12_0110,train,q,7,silicon_die_lower,,,,288,0.7862715366779268,0.09747468206542688,1.3183593750000003e-10,84.05511682852911,5964015211.542199
v6p1i12_0110,train,q,8,silicon_die_lower,,,,280,0.5410220294494718,0.067070913610575,1.2817382812499996e-10,57.88393774211218,4221002347.857213
v6p1i12_0110,train,q,9,silicon_die_lower,,,,200,0.5412803458581565,0.06710293729276909,9.155273437500004e-11,74.17155806463508,5912224791.026689
v6p1i12_0111,train,k,0,silicon_die_lower,332.9925788360593,332.9925788360593,332.9925788360593,720,,,,,
v6p1i12_0111,train,k,1,silicon_die_upper,52.29250320937084,52.29250320937084,52.29250320937084,672,,,,,
v6p1i12_0111,train,k,2,silicon_die_upper,146.97272626682644,146.97272626682644,146.97272626682644,960,,,,,
v6p1i12_0111,train,k,3,silicon_die_upper,71.49438752767666,71.49438752767666,71.49438752767666,504,,,,,
v6p1i12_0111,train,k,4,silicon_die_lower,60.73551367096718,60.73551367096718,60.73551367096718,336,,,,,
v6p1i12_0111,train,k,5,silicon_die_lower,379.77857852826105,379.77857852826105,379.77857852826105,1056,,,,,
v6p1i12_0111,train,k,6,silicon_die_upper,303.9633662889006,303.9633662889006,303.9633662889006,384,,,,,
v6p1i12_0111,train,q,0,silicon_die_upper,,,,384,2.06286706835394,0.32393853686938895,1.721191406249999e-10,158.0181319209323,11985111364.507437
v6p1i12_0111,train,q,1,silicon_die_lower,,,,392,1.8644636579604787,0.29278262214336676,1.79443359375e-10,134.46652360055072,10390262779.600164
v6p1i12_0111,train,q,2,silicon_die_upper,,,,320,1.4288800792085552,0.22438155580717156,1.4343261718749982e-10,129.9039593261766,9962030305.426807
v6p1i12_0111,train,q,3,silicon_die_lower,,,,336,1.011870893832487,0.15889728518007276,1.5380859375000013e-10,106.14872023932745,6578766954.187084
v6p1i12_0112,train,k,0,silicon_die_lower,67.21306031607426,67.21306031607426,67.21306031607426,704,,,,,
v6p1i12_0112,train,k,1,silicon_die_upper,51.71890393229171,51.71890393229171,51.71890393229171,704,,,,,
v6p1i12_0112,train,k,2,silicon_die_upper,55.46116383745311,55.46116383745311,55.46116383745311,528,,,,,
v6p1i12_0112,train,k,3,silicon_die_upper,383.5158264248231,383.5158264248231,383.5158264248231,640,,,,,
v6p1i12_0112,train,k,4,silicon_die_upper,27.940978994819876,27.940978994819876,27.940978994819876,392,,,,,
v6p1i12_0112,train,k,5,silicon_die_upper,84.82720947474544,84.82720947474544,84.82720947474544,512,,,,,
v6p1i12_0112,train,k,6,silicon_die_upper,252.57446217873016,252.57446217873016,252.57446217873016,400,,,,,
v6p1i12_0112,train,k,7,silicon_die_upper,93.2286275241283,93.2286275241283,93.2286275241283,528,,,,,
v6p1i12_0112,train,q,0,silicon_die_lower,,,,360,4.296676549588623,0.319859409034891,1.6479492187499992e-10,367.27297419667445,26072869847.577793
v6p1i12_0112,train,q,1,silicon_die_lower,,,,448,5.20467523110362,0.38745395992135556,2.05078125e-10,372.0535571136661,25378987793.571938
v6p1i12_0112,train,q,2,silicon_die_upper,,,,320,3.931664188895608,0.29268663104375353,1.434326171874999e-10,361.2023517976768,27411228115.261997
v6p1i12_0113,train,k,0,silicon_die_upper,22.301449182195913,22.301449182195913,22.301449182195913,576,,,,,
v6p1i12_0113,train,k,1,silicon_die_lower,104.06378878440093,104.06378878440093,104.06378878440093,960,,,,,
v6p1i12_0113,train,k,2,silicon_die_lower,41.967374969698675,41.967374969698675,41.967374969698675,280,,,,,
v6p1i12_0113,train,k,3,silicon_die_lower,88.60082638311022,88.60082638311022,88.60082638311022,480,,,,,
v6p1i12_0113,train,q,0,silicon_die_upper,,,,384,0.3160856082990621,0.12066578061794273,1.7211914062499985e-10,28.813456925215664,1836434966.7985241
v6p1i12_0113,train,q,1,silicon_die_upper,,,,288,0.2505432522989523,0.09564496555188766,1.2908935546874988e-10,27.715112988490368,1940851369.1092381
v6p1i12_0113,train,q,2,silicon_die_upper,,,,336,0.27764439746933045,0.10599083626464029,1.5060424804687493e-10,24.226507506002598,1843536295.0911903
v6p1i12_0113,train,q,3,silicon_die_lower,,,,648,0.3280824576804981,0.12524558165145644,2.966308593749999e-10,19.01357623404892,1106029421.1187825
v6p1i12_0113,train,q,4,silicon_die_lower,,,,384,0.26377268205441845,0.10069530453177311,1.7578125e-10,24.94436292778271,1500573480.1318028
v6p1i12_0113,train,q,5,silicon_die_lower,,,,336,0.2498169469967686,0.09536769827380258,1.5380859374999992e-10,27.145175786739152,1624206690.3154995
v6p1i12_0113,train,q,6,silicon_die_upper,,,,648,0.41000596572295167,0.1565199066740307,2.9045104980468724e-10,21.97215030481885,1411618122.9114466
v6p1i12_0113,train,q,7,silicon_die_upper,,,,504,0.29837183831157893,0.11390354334074275,2.2590637207031247e-10,19.496918975494996,1320776548.1653252
v6p1i12_0113,train,q,8,silicon_die_lower,,,,432,0.22519007753727135,0.0859663830937238,1.977539062499998e-10,19.770944376956443,1138738959.9909437
v6p1i12_0114,train,k,0,silicon_die_upper,75.01681935537279,75.01681935537279,75.01681935537279,800,,,,,
v6p1i12_0114,train,k,1,silicon_die_upper,326.82697405793846,326.82697405793846,326.82697405793846,512,,,,,
v6p1i12_0114,train,k,2,silicon_die_upper,208.73302888243947,208.73302888243947,208.73302888243947,576,,,,,
v6p1i12_0114,train,k,3,silicon_die_upper,149.2722232740129,149.2722232740129,149.2722232740129,1056,,,,,
v6p1i12_0114,train,k,4,silicon_die_upper,277.0619439664488,277.0619439664488,277.0619439664488,336,,,,,
v6p1i12_0114,train,k,5,silicon_die_lower,294.25291125725784,294.25291125725784,294.25291125725784,616,,,,,
v6p1i12_0114,train,q,0,silicon_die_lower,,,,336,0.570818885763444,0.10350234496017174,1.5380859374999997e-10,60.63433409036361,3711228819.1858206
v6p1i12_0114,train,q,1,silicon_die_upper,,,,320,0.6611170772925561,0.11987544473318623,1.4343261718749982e-10,60.42596836161653,4609251997.6005335
v6p1i12_0114,train,q,2,silicon_die_upper,,,,512,1.2481392908111755,0.22631581865604003,2.2949218749999977e-10,84.7972363419541,5438700569.321894
v6p1i12_0114,train,q,3,silicon_die_upper,,,,392,0.8105421160298446,0.14696957614824796,1.7570495605468728e-10,74.16736320602814,4613086245.430479
v6p1i12_0114,train,q,4,silicon_die_upper,,,,384,0.6984685862263479,0.12664811616867613,1.7211914062499995e-10,68.69456613927156,4058052949.195917
v6p1i12_0114,train,q,5,silicon_die_upper,,,,504,1.5259474084163256,0.27668869933367796,2.2590637207031231e-10,105.01509007412058,6754778072.135927
v6p1i12_0115,train,k,0,silicon_die_lower,53.56294431309379,53.56294431309379,53.56294431309379,640,,,,,
v6p1i12_0115,train,k,1,silicon_die_upper,26.566620761737173,26.566620761737173,26.566620761737173,880,,,,,
v6p1i12_0115,train,k,2,silicon_die_upper,32.3375178095375,32.3375178095375,32.3375178095375,504,,,,,
v6p1i12_0115,train,k,3,silicon_die_upper,46.53642913868963,46.53642913868963,46.53642913868963,504,,,,,
v6p1i12_0115,train,k,4,silicon_die_lower,67.41147524593084,67.41147524593084,67.41147524593084,704,,,,,
v6p1i12_0115,train,k,5,silicon_die_upper,26.985720242148442,26.985720242148442,26.985720242148442,512,,,,,
v6p1i12_0115,train,k,6,silicon_die_upper,24.141458983678348,24.141458983678348,24.141458983678348,512,,,,,
v6p1i12_0115,train,q,0,silicon_die_upper,,,,504,1.1393456377445388,0.1235008350202328,2.2590637207031226e-10,76.35117071671667,5043441790.96428
v6p1i12_0115,train,q,1,silicon_die_lower,,,,432,0.958321287467858,0.10387846786708105,1.9775390625000002e-10,75.53269750492697,4846029621.56586
v6p1i12_0115,train,q,2,silicon_die_lower,,,,336,0.6807019308729994,0.07378556083219898,1.5380859374999982e-10,74.2184600833677,4425643029.929855
v6p1i12_0115,train,q,3,silicon_die_lower,,,,448,1.9596381296852727,0.2124174941615767,2.0507812499999995e-10,136.0092077435361,9555568784.751047
v6p1i12_0115,train,q,4,silicon_die_lower,,,,392,1.2326080312824972,0.1336101320556123,1.79443359375e-10,97.6688353249074,6869064620.589264
v6p1i12_0115,train,q,5,silicon_die_lower,,,,336,0.8677784723354737,0.09406396302896337,1.5380859374999982e-10,87.9945481549531,5641937496.327149
v6p1i12_0115,train,q,6,silicon_die_lower,,,,448,1.1527095025567713,0.12494942832566333,2.050781249999999e-10,89.10539815759554,5620831098.181592
v6p1i12_0115,train,q,7,silicon_die_lower,,,,280,1.234305383292561,0.13379411870867144,1.2817382812499976e-10,126.1336962787995,9629933047.554932
v6p1i12_0116,train,k,0,silicon_die_upper,74.75813630420174,74.75813630420174,74.75813630420174,648,,,,,
v6p1i12_0116,train,k,1,silicon_die_upper,24.438249650650224,24.438249650650224,24.438249650650224,576,,,,,
v6p1i12_0116,train,k,2,silicon_die_lower,35.2354146789753,35.2354146789753,35.2354146789753,288,,,,,
v6p1i12_0116,train,k,3,silicon_die_upper,33.34991581579067,33.34991581579067,33.34991581579067,640,,,,,
v6p1i12_0116,train,q,0,silicon_die_upper,,,,512,1.1782657263600134,0.12797235315650152,2.2949218749999977e-10,78.46800310314237,5134230228.904915
v6p1i12_0116,train,q,1,silicon_die_lower,,,,504,0.8611731676447446,0.09353268475286476,2.3071289062499986e-10,55.94130078163774,3732661687.4845247
v6p1i12_0116,train,q,2,silicon_die_upper,,,,448,0.874978359627517,0.09503207734681758,2.0080566406249989e-10,64.32621367073787,4357339040.771199
v6p1i12_0116,train,q,3,silicon_die_lower,,,,280,0.7045460375194087,0.0765212908356284,1.2817382812499996e-10,79.00711826900965,5496801085.103807
v6p1i12_0116,train,q,4,silicon_die_upper,,,,448,0.8239688827290244,0.08949189855187929,2.0080566406249989e-10,61.22116307898691,4103314946.6967607
v6p1i12_0116,train,q,5,silicon_die_lower,,,,576,1.2487026389571647,0.13562256079004012,2.6367187499999996e-10,77.27123004871936,4735820378.859766
v6p1i12_0116,train,q,6,silicon_die_lower,,,,288,0.6313279210265448,0.06856901449281665,1.3183593749999995e-10,77.8126323005347,4788739193.564312
v6p1i12_0116,train,q,7,silicon_die_lower,,,,384,0.6903733869993259,0.07498198828532615,1.7578124999999997e-10,66.61785467923835,3927457490.485055
v6p1i12_0116,train,q,8,silicon_die_upper,,,,648,1.4368207210785635,0.15605421139464043,2.9045104980468734e-10,77.93915837306486,4946860140.614909
v6p1i12_0116,train,q,9,silicon_die_upper,,,,280,0.757032815022695,0.08222192039348501,1.2550354003906237e-10,81.63577451632163,6031963837.729774
v6p1i12_0117,train,k,0,silicon_die_lower,78.85088821092833,78.85088821092833,78.85088821092833,504,,,,,
v6p1i12_0117,train,k,1,silicon_die_upper,96.25547605368999,96.25547605368999,96.25547605368999,528,,,,,
v6p1i12_0117,train,k,2,silicon_die_upper,325.10047829316903,325.10047829316903,325.10047829316903,288,,,,,
v6p1i12_0117,train,q,0,silicon_die_upper,,,,392,1.8127065336886674,0.27047906239794905,1.7570495605468717e-10,163.4111320647052,10316763820.392595
v6p1i12_0117,train,q,1,silicon_die_upper,,,,288,1.8132455536874592,0.2705594910945844,1.290893554687499e-10,175.20413159581727,14046437423.93161
v6p1i12_0117,train,q,2,silicon_die_upper,,,,288,1.268837648524102,0.18932684972986427,1.2908935546874977e-10,143.87474246243866,9829142332.58578
v6p1i12_0117,train,q,3,silicon_die_lower,,,,448,1.8070470629188895,0.2696345967776022,2.0507812499999985e-10,145.83417294448464,8811505678.233068
v6p1i12_0118,valid_iid,k,0,silicon_die_upper,23.145426409420576,23.145426409420576,23.145426409420576,880,,,,,
v6p1i12_0118,valid_iid,k,1,silicon_die_lower,29.426105809383852,29.426105809383852,29.426105809383852,504,,,,,
v6p1i12_0118,valid_iid,k,2,silicon_die_upper,74.05656564565793,74.05656564565793,74.05656564565793,640,,,,,
v6p1i12_0118,valid_iid,k,3,silicon_die_lower,58.70082031159733,58.70082031159733,58.70082031159733,720,,,,,
v6p1i12_0118,valid_iid,k,4,silicon_die_upper,362.8989201336661,362.8989201336661,362.8989201336661,560,,,,,
v6p1i12_0118,valid_iid,k,5,silicon_die_lower,59.5396320083098,59.5396320083098,59.5396320083098,432,,,,,
v6p1i12_0118,valid_iid,k,6,silicon_die_upper,183.60058054973507,183.60058054973507,183.60058054973507,640,,,,,
v6p1i12_0118,valid_iid,q,0,silicon_die_upper,,,,336,1.0125505126349257,0.12401711360809585,1.5060424804687482e-10,105.99801114959233,6723253332.932378
v6p1i12_0118,valid_iid,q,1,silicon_die_lower,,,,336,1.1217288148045161,0.13738926416725217,1.5380859374999997e-10,107.30603058351802,7293017818.157618
v6p1i12_0118,valid_iid,q,2,silicon_die_lower,,,,432,1.3624636184527774,0.16687444551961533,1.9775390624999997e-10,98.42507009110022,6889692569.361206
v6p1i12_0118,valid_iid,q,3,silicon_die_upper,,,,448,1.3345733445770214,0.16345844679100904,2.0080566406249973e-10,90.9782945976863,6646094126.914878
v6p1i12_0118,valid_iid,q,4,silicon_die_lower,,,,320,0.8241629423161977,0.10094341761067509,1.4648437500000005e-10,82.47237108288905,5626285686.211907
v6p1i12_0118,valid_iid,q,5,silicon_die_lower,,,,280,1.0649561369160165,0.13043575068256497,1.2817382812500001e-10,110.55869715126073,8308686355.824768
v6p1i12_0118,valid_iid,q,6,silicon_die_upper,,,,336,1.444167749789515,0.17688156162078736,1.5060424804687485e-10,135.98829219121396,9589156803.465628
v6p1i12_0119,train,k,0,silicon_die_lower,88.20413938535016,88.20413938535016,88.20413938535016,720,,,,,
v6p1i12_0119,train,k,1,silicon_die_lower,22.09139940177628,22.09139940177628,22.09139940177628,648,,,,,
v6p1i12_0119,train,k,2,silicon_die_upper,181.88010634620602,181.88010634620602,181.88010634620602,336,,,,,
v6p1i12_0119,train,k,3,silicon_die_upper,20.63767962249587,20.63767962249587,20.63767962249587,528,,,,,
v6p1i12_0119,train,k,4,silicon_die_upper,312.93107868980286,312.93107868980286,312.93107868980286,648,,,,,
v6p1i12_0119,train,k,5,silicon_die_lower,217.3136213596335,217.3136213596335,217.3136213596335,480,,,,,
v6p1i12_0119,train,q,0,silicon_die_lower,,,,432,1.214086355222126,0.15633459872738406,1.9775390625000012e-10,104.98480936845948,6139379890.110895
v6p1i12_0119,train,q,1,silicon_die_upper,,,,360,1.8685318430797335,0.24060576468941927,1.613616943359374e-10,168.0400889470155,11579773320.858015
v6p1i12_0119,train,q,2,silicon_die_upper,,,,432,1.4401172898158332,0.18543998757200028,1.9363403320312483e-10,104.24630539933617,7437314949.201776
v6p1i12_0119,train,q,3,silicon_die_lower,,,,320,1.1730990020911685,0.15105676871383986,1.46484375e-10,108.3611649922715,8008355854.27571
v6p1i12_0119,train,q,4,silicon_die_upper,,,,432,2.070113451610767,0.2665628802973564,1.9363403320312475e-10,171.6276610499759,10690855410.934862
v6p1i12_0120,valid_iid,k,0,silicon_die_upper,28.631743948446115,28.631743948446115,28.631743948446115,576,,,,,
v6p1i12_0120,valid_iid,k,1,silicon_die_upper,159.4965358300324,159.4965358300324,159.4965358300324,880,,,,,
v6p1i12_0120,valid_iid,k,2,silicon_die_lower,45.57890613054979,45.57890613054979,45.57890613054979,512,,,,,
v6p1i12_0120,valid_iid,k,3,silicon_die_upper,114.36969828203557,114.36969828203557,114.36969828203557,880,,,,,
v6p1i12_0120,valid_iid,k,4,silicon_die_upper,206.69692408832591,206.69692408832591,206.69692408832591,576,,,,,
v6p1i12_0120,valid_iid,k,5,silicon_die_upper,395.7669643186413,395.7669643186413,395.7669643186413,640,,,,,
v6p1i12_0120,valid_iid,q,0,silicon_die_upper,,,,504,2.0681697981222142,0.16893955118559636,2.2590637207031231e-10,147.03997370813877,9154986551.147419
v6p1i12_0120,valid_iid,q,1,silicon_die_lower,,,,392,1.6988663229371808,0.13877280017429774,1.7944335937499994e-10,146.7068703522989,9467423753.402306
v6p1i12_0120,valid_iid,q,2,silicon_die_lower,,,,240,1.0577792470337324,0.08640526102332961,1.0986328124999994e-10,118.42811770552406,9628141768.555933
v6p1i12_0120,valid_iid,q,3,silicon_die_upper,,,,392,1.0756422266415888,0.08786440802399112,1.757049560546872e-10,106.3081140897074,6121866171.531332
v6p1i12_0120,valid_iid,q,4,silicon_die_upper,,,,392,2.2890077313371977,0.1869788153485137,1.7570495605468736e-10,185.6172455620148,13027564974.460678
v6p1i12_0120,valid_iid,q,5,silicon_die_lower,,,,448,1.895526601042642,0.15483709970586257,2.0507812499999995e-10,129.22595133661446,9242948759.369837
v6p1i12_0120,valid_iid,q,6,silicon_die_upper,,,,360,2.15707799439323,0.176202064538409,1.6136169433593726e-10,190.25981374058145,13367968174.047749
v6p1i12_0121,train,k,0,silicon_die_lower,48.86649649540916,48.86649649540916,48.86649649540916,448,,,,,
v6p1i12_0121,train,k,1,silicon_die_upper,292.23180131525413,292.23180131525413,292.23180131525413,640,,,,,
v6p1i12_0121,train,k,2,silicon_die_lower,168.67935988835777,168.67935988835777,168.67935988835777,280,,,,,
v6p1i12_0121,train,k,3,silicon_die_lower,75.30230865188788,75.30230865188788,75.30230865188788,384,,,,,
v6p1i12_0121,train,k,4,silicon_die_upper,43.53859700031469,43.53859700031469,43.53859700031469,640,,,,,
v6p1i12_0121,train,q,0,silicon_die_lower,,,,384,0.4888415566085678,0.14808218436813664,1.7578125000000015e-10,41.94608283375849,2780965299.817628
v6p1i12_0121,train,q,1,silicon_die_upper,,,,384,0.48281575649056746,0.14625682064450016,1.721191406249996e-10,48.55423367734964,2805125302.95797
v6p1i12_0121,train,q,2,silicon_die_lower,,,,576,0.8266297502923075,0.2504065733204213,2.636718749999998e-10,53.557307102600134,3135069867.775272
v6p1i12_0121,train,q,3,silicon_die_lower,,,,384,0.5653652012761597,0.17126308686097008,1.7578124999999997e-10,46.82615789972674,3216299811.7043757
v6p1i12_0121,train,q,4,silicon_die_lower,,,,504,0.9374980978452396,0.2839913348059718,2.30712890625e-10,60.11523398124118,4063483818.8085732
v6p1i12_0122,train,k,0,silicon_die_upper,37.574007580888725,37.574007580888725,37.574007580888725,512,,,,,
v6p1i12_0122,train,k,1,silicon_die_lower,43.19167011279246,43.19167011279246,43.19167011279246,720,,,,,
v6p1i12_0122,train,k,2,silicon_die_upper,193.6597962444143,193.6597962444143,193.6597962444143,648,,,,,
v6p1i12_0122,train,q,0,silicon_die_upper,,,,512,0.7899466431937758,0.14765399664954143,2.2949218749999987e-10,47.10632228942042,3442150479.2784123
v6p1i12_0122,train,q,1,silicon_die_lower,,,,648,0.6176046928784609,0.11544045669252595,2.9663085937499995e-10,32.992339447957285,2082064874.0989103
v6p1i12_0122,train,q,2,silicon_die_upper,,,,360,0.4803405655475793,0.08978353774535026,1.6136169433593734e-10,41.38966464535537,2976794260.3996396
v6p1i12_0122,train,q,3,silicon_die_upper,,,,504,0.8661730841985879,0.16190196992939,2.2590637207031226e-10,60.026477528396015,3834212715.0313215
v6p1i12_0122,train,q,4,silicon_die_upper,,,,288,0.3106235559897688,0.05806064231116837,1.2908935546874977e-10,43.106247142290805,2406267773.6815042
v6p1i12_0122,train,q,5,silicon_die_lower,,,,320,0.3349763925270697,0.06261258727538464,1.4648437499999992e-10,30.066175073263437,2286772172.984797
v6p1i12_0122,train,q,6,silicon_die_upper,,,,384,0.31474096990578815,0.058830254570172,1.721191406249998e-10,30.73665595289208,1828622713.098028
v6p1i12_0122,train,q,7,silicon_die_lower,,,,384,0.3987224419603891,0.07452777047230845,1.7578124999999992e-10,34.09272968215693,2268287669.8191032
v6p1i12_0122,train,q,8,silicon_die_upper,,,,336,0.43907812443958594,0.08207091007156314,1.506042480468749e-10,42.618170541065055,2915443157.3731227
v6p1i12_0122,train,q,9,silicon_die_upper,,,,392,0.7977783663338033,0.1491178742825958,1.7570495605468725e-10,57.70039196785494,4540443162.488251
v6p1i12_0123,train,k,0,silicon_die_lower,347.9569531758884,347.9569531758884,347.9569531758884,880,,,,,
v6p1i12_0123,train,k,1,silicon_die_lower,174.5632148689881,174.5632148689881,174.5632148689881,720,,,,,
v6p1i12_0123,train,k,2,silicon_die_lower,166.082641292186,166.082641292186,166.082641292186,616,,,,,
v6p1i12_0123,train,k,3,silicon_die_lower,59.82738541750308,59.82738541750308,59.82738541750308,448,,,,,
v6p1i12_0123,train,k,4,silicon_die_lower,111.61066771012426,111.61066771012426,111.61066771012426,440,,,,,
v6p1i12_0123,train,k,5,silicon_die_lower,216.7542913756509,216.7542913756509,216.7542913756509,960,,,,,
v6p1i12_0123,train,k,6,silicon_die_upper,274.6792395307539,274.6792395307539,274.6792395307539,448,,,,,
v6p1i12_0123,train,k,7,silicon_die_lower,157.65018292547146,157.65018292547146,157.65018292547146,504,,,,,
v6p1i12_0123,train,q,0,silicon_die_lower,,,,240,2.3378686246354135,0.21169467982207668,1.0986328124999998e-10,315.69359440304567,21279799747.79257
v6p1i12_0123,train,q,1,silicon_die_upper,,,,336,2.780722408459674,0.25179521797327076,1.5060424804687503e-10,282.14269686768887,18463771404.337708
v6p1i12_0123,train,q,2,silicon_die_lower,,,,336,3.4711918344719885,0.31431742410852986,1.5380859375000008e-10,324.9633999031195,22568256752.3766
v6p1i12_0123,train,q,3,silicon_die_lower,,,,384,2.453804182425513,0.22219267809612273,1.7578124999999997e-10,217.75369014379243,13959419348.909586
v6p1i12_0124,train,k,0,silicon_die_upper,30.9833836927282,30.9833836927282,30.9833836927282,280,,,,,
v6p1i12_0124,train,k,1,silicon_die_upper,34.081778703077134,34.081778703077134,34.081778703077134,792,,,,,
v6p1i12_0124,train,k,2,silicon_die_lower,114.74262506449944,114.74262506449944,114.74262506449944,576,,,,,
v6p1i12_0124,train,k,3,silicon_die_lower,25.19683119168758,25.19683119168758,25.19683119168758,480,,,,,
v6p1i12_0124,train,k,4,silicon_die_upper,61.536030650166566,61.536030650166566,61.536030650166566,512,,,,,
v6p1i12_0124,train,k,5,silicon_die_upper,69.16571369330659,69.16571369330659,69.16571369330659,384,,,,,
v6p1i12_0124,train,k,6,silicon_die_lower,52.81661406840717,52.81661406840717,52.81661406840717,336,,,,,
v6p1i12_0124,train,k,7,silicon_die_upper,45.526155643637885,45.526155643637885,45.526155643637885,704,,,,,
v6p1i12_0124,train,q,0,silicon_die_lower,,,,240,0.7247014817472172,0.10501772979150194,1.0986328124999996e-10,94.76959508185283,6596393931.636895
v6p1i12_0124,train,q,1,silicon_die_lower,,,,448,1.0819856787974345,0.15679239316618124,2.0507812499999977e-10,77.12189892338824,5275968262.326544
v6p1i12_0124,train,q,2,silicon_die_upper,,,,320,1.2194902270006516,0.17671841215746703,1.4343261718749992e-10,110.89414127003504,8502182076.246249
v6p1i12_0124,train,q,3,silicon_die_upper,,,,448,1.4761448615355603,0.21391067371368847,2.0080566406249973e-10,109.1457474141571,7351111675.197159
v6p1i12_0124,train,q,4,silicon_die_upper,,,,384,1.161378620925948,0.1682973600439954,1.7211914062499975e-10,98.01727882312633,6747527420.301688
v6p1i12_0124,train,q,5,silicon_die_upper,,,,392,1.2370527759347918,0.17926343112716595,1.7570495605468725e-10,116.78305190828726,7040511569.575564
v6p1i12_0125,test_iid,k,0,silicon_die_upper,131.34987819610137,131.34987819610137,131.34987819610137,528,,,,,
v6p1i12_0125,test_iid,k,1,silicon_die_upper,105.42385758595098,105.42385758595098,105.42385758595098,576,,,,,
v6p1i12_0125,test_iid,k,2,silicon_die_lower,73.1546051695286,73.1546051695286,73.1546051695286,880,,,,,
v6p1i12_0125,test_iid,q,0,silicon_die_lower,,,,504,1.6775781820072089,0.14733075718122968,2.30712890625e-10,115.0903881219419,7271280670.371987
v6p1i12_0125,test_iid,q,1,silicon_die_upper,,,,384,1.721816653153139,0.1512159337532518,1.7211914062499985e-10,138.25747602341283,10003632640.163494
v6p1i12_0125,test_iid,q,2,silicon_die_lower,,,,320,1.2921056248209506,0.11347721501433933,1.46484375e-10,134.52913491718326,8820774398.777689
v6p1i12_0125,test_iid,q,3,silicon_die_lower,,,,336,0.9838724227040467,0.08640710195293609,1.5380859374999997e-10,95.02615204091921,6396732449.834565
v6p1i12_0125,test_iid,q,4,silicon_die_lower,,,,336,1.5714258246595518,0.13800808754213706,1.5380859374999997e-10,176.32013766691458,10216762186.992897
v6p1i12_0125,test_iid,q,5,silicon_die_upper,,,,384,1.2583264228715565,0.11051060788177201,1.7211914062499985e-10,121.87098683154026,7310787273.875035
v6p1i12_0125,test_iid,q,6,silicon_die_upper,,,,288,0.9351742967973388,0.0821302629715435,1.2908935546874988e-10,117.18133346491284,7244395119.965775
v6p1i12_0125,test_iid,q,7,silicon_die_lower,,,,448,1.9461769211912292,0.1709200337027905,2.05078125e-10,156.95137105593133,9489929368.094376
v6p1i12_0126,train,k,0,silicon_die_lower,42.27954120726746,42.27954120726746,42.27954120726746,576,,,,,
v6p1i12_0126,train,k,1,silicon_die_lower,130.04811285395127,130.04811285395127,130.04811285395127,288,,,,,
v6p1i12_0126,train,k,2,silicon_die_lower,66.11905726946728,66.11905726946728,66.11905726946728,336,,,,,
v6p1i12_0126,train,k,3,silicon_die_upper,324.31171455252587,324.31171455252587,324.31171455252587,384,,,,,
v6p1i12_0126,train,q,0,silicon_die_lower,,,,392,1.287972957542455,0.2554515750224227,1.7944335937499996e-10,98.51297691568836,7177601679.039315
v6p1i12_0126,train,q,1,silicon_die_lower,,,,512,2.081997854798508,0.41293540216588975,2.3437499999999993e-10,135.24437652279641,8883190847.140303
v6p1i12_0126,train,q,2,silicon_die_upper,,,,336,1.671974837942857,0.33161302281168753,1.5060424804687477e-10,148.97141806588226,11101777404.196884
v6p1i12_0127,train,k,0,silicon_die_upper,227.47530790451847,227.47530790451847,227.47530790451847,792,,,,,
v6p1i12_0127,train,k,1,silicon_die_upper,40.300243563351145,40.300243563351145,40.300243563351145,384,,,,,
v6p1i12_0127,train,k,2,silicon_die_upper,85.44180764389782,85.44180764389782,85.44180764389782,704,,,,,
v6p1i12_0127,train,k,3,silicon_die_lower,21.7763332297018,21.7763332297018,21.7763332297018,480,,,,,
v6p1i12_0127,train,k,4,silicon_die_lower,20.15836657047678,20.15836657047678,20.15836657047678,288,,,,,
v6p1i12_0127,train,q,0,silicon_die_upper,,,,504,1.3732887285449504,0.13572164319207206,2.2590637207031257e-10,96.89133217718363,6079017231.605663
v6p1i12_0127,train,q,1,silicon_die_upper,,,,240,0.6918287073377726,0.06837318840213302,1.0757446289062493e-10,92.12606423087583,6431161158.026709
v6p1i12_0127,train,q,2,silicon_die_upper,,,,648,1.2919684438294257,0.1276847879867343,2.9045104980468734e-10,72.51391357974195,4448145202.774116
v6p1i12_0127,train,q,3,silicon_die_upper,,,,288,0.8316961692504768,0.08219624058724052,1.2908935546874988e-10,105.50788253770939,6442794343.735142
v6p1i12_0127,train,q,4,silicon_die_lower,,,,512,1.2193081372736465,0.12050379538437112,2.3437500000000013e-10,68.57052218766894,5202381385.700889
v6p1i12_0127,train,q,5,silicon_die_lower,,,,448,1.0206782793008133,0.10087327621478309,2.0507812499999985e-10,65.7811415588707,4977021704.781113
v6p1i12_0127,train,q,6,silicon_die_upper,,,,648,1.368230517434067,0.13522174196277348,2.904510498046873e-10,71.49797830397492,4710709492.543161
v6p1i12_0127,train,q,7,silicon_die_lower,,,,384,1.4165094550025363,0.1399931324228865,1.7578124999999995e-10,113.67156852514853,8058364899.569987
v6p1i12_0127,train,q,8,silicon_die_upper,,,,504,0.904912590877874,0.08943219384700592,2.2590637207031237e-10,65.87526564915436,4005697504.611441
