layer_id,background_kx_W_mK,background_ky_W_mK,background_kz_W_mK,sampling_latent,distribution,sample_id
pcb_fr4_equivalent,0.679242524100931,0.679242524100931,0.2547159465378491,0.13334480300545692,correlated_log_uniform_axes,v6p1i15_0000
bt_substrate_with_vias,0.23234634227634338,0.23234634227634338,0.5692485385770413,0.8359087584540248,correlated_log_uniform_axes,v6p1i15_0000
silicon_interposer_tsv_0p1,147.33990202657878,147.33990202657878,151.89655236434191,0.9113300675526261,correlated_linear_axes,v6p1i15_0000
bump_underfill_under_interposer,0.744866340098618,0.744866340098618,6.083075110805379,0.9846098767593503,correlated_log_uniform_axes,v6p1i15_0000
silicon_die_lower,105.27303046546876,105.27303046546876,105.27303046546876,0.10546060930937529,isotropic_linear,v6p1i15_0000
tim_between_dies,5.182843147695619,5.182843147695619,5.182843147695619,0.7863536449149251,isotropic_log_uniform,v6p1i15_0000
silicon_die_upper,113.70544997043908,113.70544997043908,113.70544997043908,0.27410899940878153,isotropic_linear,v6p1i15_0000
tim_to_spreader,2.5392902809912328,2.5392902809912328,2.5392902809912328,0.3738779444247484,isotropic_log_uniform,v6p1i15_0000
spreader,387.1473705722019,387.1473705722019,387.1473705722019,0.14315803814679384,isotropic_linear,v6p1i15_0000
pcb_fr4_equivalent,0.9466722860386129,0.9466722860386129,0.35500210726447984,0.8772039338946342,correlated_log_uniform_axes,v6p1i15_0001
bt_substrate_with_vias,0.18708826450345087,0.18708826450345087,0.45836624803345466,0.3504620501771569,correlated_log_uniform_axes,v6p1i15_0001
silicon_interposer_tsv_0p1,124.67705366201699,124.67705366201699,125.45656260568649,0.1559017887338996,correlated_linear_axes,v6p1i15_0001
bump_underfill_under_interposer,0.5161349252944045,0.5161349252944045,4.215101889904304,0.16263546515256166,correlated_log_uniform_axes,v6p1i15_0001
silicon_die_lower,147.28804798796773,147.28804798796773,147.28804798796773,0.9457609597593546,isotropic_linear,v6p1i15_0001
tim_between_dies,3.0528234577814866,3.0528234577814866,3.0528234577814866,0.480358662083745,isotropic_log_uniform,v6p1i15_0001
silicon_die_upper,128.90276508405805,128.90276508405805,128.90276508405805,0.5780553016811609,isotropic_linear,v6p1i15_0001
tim_to_spreader,4.305362469060778,4.305362469060778,4.305362469060778,0.6791154751554132,isotropic_log_uniform,v6p1i15_0001
spreader,397.4393836641684,397.4393836641684,397.4393836641684,0.8292922442778945,isotropic_linear,v6p1i15_0001
pcb_fr4_equivalent,0.8741562248702252,0.8741562248702252,0.3278085843263344,0.6986330738291144,correlated_log_uniform_axes,v6p1i15_0002
bt_substrate_with_vias,0.20071677595239432,0.20071677595239432,0.49175610108336615,0.5080160796642303,correlated_log_uniform_axes,v6p1i15_0002
silicon_interposer_tsv_0p1,135.00114700756967,135.00114700756967,137.50133817549795,0.5000382335856557,correlated_linear_axes,v6p1i15_0002
bump_underfill_under_interposer,0.6181743192644756,0.6181743192644756,5.04842360732655,0.5668646534904838,correlated_log_uniform_axes,v6p1i15_0002
silicon_die_lower,127.60850824415684,127.60850824415684,127.60850824415684,0.5521701648831367,isotropic_linear,v6p1i15_0002
tim_between_dies,1.5426521739480261,1.5426521739480261,1.5426521739480261,0.08575019892305136,isotropic_log_uniform,v6p1i15_0002
silicon_die_upper,105.68912434391677,105.68912434391677,105.68912434391677,0.11378248687833548,isotropic_linear,v6p1i15_0002
tim_to_spreader,5.030626361245793,5.030626361245793,5.030626361245793,0.7691201018169522,isotropic_log_uniform,v6p1i15_0002
spreader,394.20828415546566,394.20828415546566,394.20828415546566,0.6138856103643775,isotropic_linear,v6p1i15_0002
pcb_fr4_equivalent,0.7785614115303253,0.7785614115303253,0.29196052932387195,0.439133676700294,correlated_log_uniform_axes,v6p1i15_0003
bt_substrate_with_vias,0.16402974398251868,0.16402974398251868,0.40187287275717076,0.05573533661663532,correlated_log_uniform_axes,v6p1i15_0003
silicon_interposer_tsv_0p1,129.2171894107014,129.2171894107014,130.7533876458183,0.3072396470233798,correlated_linear_axes,v6p1i15_0003
bump_underfill_under_interposer,0.54107105740296,0.54107105740296,4.41874696879084,0.2683575442060828,correlated_log_uniform_axes,v6p1i15_0003
silicon_die_lower,119.8677618522197,119.8677618522197,119.8677618522197,0.397355237044394,isotropic_linear,v6p1i15_0003
tim_between_dies,4.090302441367483,4.090302441367483,4.090302441367483,0.6494908556342125,isotropic_log_uniform,v6p1i15_0003
silicon_die_upper,139.25148863345385,139.25148863345385,139.25148863345385,0.7850297726690769,isotropic_linear,v6p1i15_0003
tim_to_spreader,1.9226112889813938,1.9226112889813938,1.9226112889813938,0.2130428608506918,isotropic_log_uniform,v6p1i15_0003
spreader,391.4338444499299,391.4338444499299,391.4338444499299,0.42892296332865953,isotropic_linear,v6p1i15_0003
pcb_fr4_equivalent,0.7480092213059104,0.7480092213059104,0.2805034579897164,0.3494323017075658,correlated_log_uniform_axes,v6p1i15_0004
bt_substrate_with_vias,0.21848595217709357,0.21848595217709357,0.5352905828338793,0.6980885248631239,correlated_log_uniform_axes,v6p1i15_0004
silicon_interposer_tsv_0p1,121.83333308435977,121.83333308435977,122.13888859841973,0.06111110281199217,correlated_linear_axes,v6p1i15_0004
bump_underfill_under_interposer,0.5731697674626243,0.5731697674626243,4.680886434278098,0.397492659278214,correlated_log_uniform_axes,v6p1i15_0004
silicon_die_lower,117.97375935129821,117.97375935129821,117.97375935129821,0.35947518702596426,isotropic_linear,v6p1i15_0004
tim_between_dies,7.450598928526172,7.450598928526172,7.450598928526172,0.9961793916299939,isotropic_log_uniform,v6p1i15_0004
silicon_die_upper,110.99802148528397,110.99802148528397,110.99802148528397,0.21996042970567942,isotropic_linear,v6p1i15_0004
tim_to_spreader,7.2951309188041975,7.2951309188041975,7.2951309188041975,0.9839882599189878,isotropic_log_uniform,v6p1i15_0004
spreader,394.9211913952604,394.9211913952604,394.9211913952604,0.6614127596840262,isotropic_linear,v6p1i15_0004
pcb_fr4_equivalent,0.8396923624023712,0.8396923624023712,0.31488463590088916,0.6085038343444467,correlated_log_uniform_axes,v6p1i15_0005
bt_substrate_with_vias,0.17856907715005071,0.17856907715005071,0.43749423901762424,0.24603376910090446,correlated_log_uniform_axes,v6p1i15_0005
silicon_interposer_tsv_0p1,142.61775023303926,142.61775023303926,146.38737527187914,0.7539250077679753,correlated_linear_axes,v6p1i15_0005
bump_underfill_under_interposer,0.6528612763517593,0.6528612763517593,5.331700423539366,0.6891943784430623,correlated_log_uniform_axes,v6p1i15_0005
silicon_die_lower,135.33059461042285,135.33059461042285,135.33059461042285,0.706611892208457,isotropic_linear,v6p1i15_0005
tim_between_dies,2.233165016516994,2.233165016516994,2.233165016516994,0.29960901476442814,isotropic_log_uniform,v6p1i15_0005
silicon_die_upper,146.4052108116448,146.4052108116448,146.4052108116448,0.9281042162328959,isotropic_linear,v6p1i15_0005
tim_to_spreader,1.4185574502220533,1.4185574502220533,1.4185574502220533,0.03726694546639919,isotropic_log_uniform,v6p1i15_0005
spreader,390.2569928346202,390.2569928346202,390.2569928346202,0.3504661889746785,isotropic_linear,v6p1i15_0005
pcb_fr4_equivalent,0.9094570622377998,0.9094570622377998,0.3410463983391749,0.7873398270457983,correlated_log_uniform_axes,v6p1i15_0006
bt_substrate_with_vias,0.23862009393209296,0.23862009393209296,0.5846192301336279,0.8956093611195683,correlated_log_uniform_axes,v6p1i15_0006
silicon_interposer_tsv_0p1,132.0605103392154,132.0605103392154,134.0705953957513,0.40201701130717993,correlated_linear_axes,v6p1i15_0006
bump_underfill_under_interposer,0.48744267414431486,0.48744267414431486,3.9807818388452376,0.03447688277810812,correlated_log_uniform_axes,v6p1i15_0006
silicon_die_lower,139.7727059200406,139.7727059200406,139.7727059200406,0.7954541184008121,isotropic_linear,v6p1i15_0006
tim_between_dies,1.6930484542541169,1.6930484542541169,1.6930484542541169,0.13953195419162512,isotropic_log_uniform,v6p1i15_0006
silicon_die_upper,119.38746902160347,119.38746902160347,119.38746902160347,0.3877493804320693,isotropic_linear,v6p1i15_0006
tim_to_spreader,2.556465491341411,2.556465491341411,2.556465491341411,0.3777751047164202,isotropic_log_uniform,v6p1i15_0006
spreader,385.98596803378314,385.98596803378314,385.98596803378314,0.06573120225220919,isotropic_linear,v6p1i15_0006
pcb_fr4_equivalent,0.6526650086301995,0.6526650086301995,0.24474937823632475,0.04390854574739933,correlated_log_uniform_axes,v6p1i15_0007
bt_substrate_with_vias,0.19215951867967734,0.19215951867967734,0.47079082076520956,0.41039061453193426,correlated_log_uniform_axes,v6p1i15_0007
silicon_interposer_tsv_0p1,139.7238182555884,139.7238182555884,143.01112129818648,0.6574606085196137,correlated_linear_axes,v6p1i15_0007
bump_underfill_under_interposer,0.7062138600580711,0.7062138600580711,5.7674131904742465,0.8652098691090941,correlated_log_uniform_axes,v6p1i15_0007
silicon_die_lower,106.88549601472914,106.88549601472914,106.88549601472914,0.13770992029458284,isotropic_linear,v6p1i15_0007
tim_between_dies,3.5202872890538774,3.5202872890538774,3.5202872890538774,0.5627277046442032,isotropic_log_uniform,v6p1i15_0007
silicon_die_upper,135.6604704633355,135.6604704633355,135.6604704633355,0.7132094092667103,isotropic_linear,v6p1i15_0007
tim_to_spreader,3.5872790034746687,3.5872790034746687,3.5872790034746687,0.573626191355288,isotropic_log_uniform,v6p1i15_0007
spreader,398.1382151180878,398.1382151180878,398.1382151180878,0.8758810078725219,isotropic_linear,v6p1i15_0007
pcb_fr4_equivalent,0.658133160339925,0.658133160339925,0.24679993512747184,0.06260343547910452,correlated_log_uniform_axes,v6p1i15_0008
bt_substrate_with_vias,0.2083747403649536,0.2083747403649536,0.5105181138941364,0.5919155590236187,correlated_log_uniform_axes,v6p1i15_0008
silicon_interposer_tsv_0p1,133.93452999182045,133.93452999182045,136.25695165712386,0.4644843330606818,correlated_linear_axes,v6p1i15_0008
bump_underfill_under_interposer,0.6363677098322591,0.6363677098322591,5.1970029636301165,0.6318588433787227,correlated_log_uniform_axes,v6p1i15_0008
silicon_die_lower,144.1114790737629,144.1114790737629,144.1114790737629,0.8822295814752579,isotropic_linear,v6p1i15_0008
tim_between_dies,4.644121390818224,4.644121390818224,4.644121390818224,0.7229033093899488,isotropic_log_uniform,v6p1i15_0008
silicon_die_upper,106.56014527194202,106.56014527194202,106.56014527194202,0.1312029054388404,isotropic_linear,v6p1i15_0008
tim_to_spreader,6.297384234241927,6.297384234241927,6.297384234241927,0.8989615300670266,isotropic_log_uniform,v6p1i15_0008
spreader,396.1536009609699,396.1536009609699,396.1536009609699,0.743573397397995,isotropic_linear,v6p1i15_0008
pcb_fr4_equivalent,0.924072750080316,0.924072750080316,0.34652728128011845,0.8230635030195117,correlated_log_uniform_axes,v6p1i15_0009
bt_substrate_with_vias,0.16794684977508315,0.16794684977508315,0.4114697819489538,0.10861560516059399,correlated_log_uniform_axes,v6p1i15_0009
silicon_interposer_tsv_0p1,141.59806500189006,141.59806500189006,145.19774250220507,0.7199355000630021,correlated_linear_axes,v6p1i15_0009
bump_underfill_under_interposer,0.5880133332482284,0.5880133332482284,4.802108888193864,0.4547823993489146,correlated_log_uniform_axes,v6p1i15_0009
silicon_die_lower,101.80347193963826,101.80347193963826,101.80347193963826,0.03606943879276514,isotropic_linear,v6p1i15_0009
tim_between_dies,1.4292372504082789,1.4292372504082789,1.4292372504082789,0.0416031489148736,isotropic_log_uniform,v6p1i15_0009
silicon_die_upper,147.70654495805502,147.70654495805502,147.70654495805502,0.9541308991611004,isotropic_linear,v6p1i15_0009
tim_to_spreader,1.5256021952257663,1.5256021952257663,1.5256021952257663,0.07932494767010212,isotropic_log_uniform,v6p1i15_0009
spreader,389.6107510756701,389.6107510756701,389.6107510756701,0.3073834050446749,isotropic_linear,v6p1i15_0009
pcb_fr4_equivalent,0.801383418075729,0.801383418075729,0.3005187817783983,0.5038714520633221,correlated_log_uniform_axes,v6p1i15_0010
bt_substrate_with_vias,0.223784345023831,0.223784345023831,0.5482716453083859,0.7517784526571631,correlated_log_uniform_axes,v6p1i15_0010
silicon_interposer_tsv_0p1,123.70885477401316,123.70885477401316,124.32699723634869,0.12362849246710539,correlated_linear_axes,v6p1i15_0010
bump_underfill_under_interposer,0.6859768760286389,0.6859768760286389,5.602144487567217,0.8000630373135209,correlated_log_uniform_axes,v6p1i15_0010
silicon_die_lower,123.14280583523214,123.14280583523214,123.14280583523214,0.4628561167046428,isotropic_linear,v6p1i15_0010
tim_between_dies,2.6437546551045625,2.6437546551045625,2.6437546551045625,0.39718541875481606,isotropic_log_uniform,v6p1i15_0010
silicon_die_upper,123.94589115865529,123.94589115865529,123.94589115865529,0.4789178231731057,isotropic_linear,v6p1i15_0010
tim_to_spreader,3.104206328226892,3.104206328226892,3.104206328226892,0.4900082852691412,isotropic_log_uniform,v6p1i15_0010
spreader,385.46034722588956,385.46034722588956,385.46034722588956,0.030689815059304237,isotropic_linear,v6p1i15_0010
pcb_fr4_equivalent,0.7184283369588705,0.7184283369588705,0.26941062635957647,0.2590211182832718,correlated_log_uniform_axes,v6p1i15_0011
bt_substrate_with_vias,0.1827435324704228,0.1827435324704228,0.44772165455253593,0.2978125335648656,correlated_log_uniform_axes,v6p1i15_0011
silicon_interposer_tsv_0p1,144.49395678006113,144.49395678006113,148.5762829100713,0.8164652260020375,correlated_linear_axes,v6p1i15_0011
bump_underfill_under_interposer,0.5018124554126921,0.5018124554126921,4.0981350525369855,0.09957794193178415,correlated_log_uniform_axes,v6p1i15_0011
silicon_die_lower,130.9811876155436,130.9811876155436,130.9811876155436,0.6196237523108721,isotropic_linear,v6p1i15_0011
tim_between_dies,5.651039045870728,5.651039045870728,5.651039045870728,0.8363533271476626,isotropic_log_uniform,v6p1i15_0011
silicon_die_upper,134.23859039321542,134.23859039321542,134.23859039321542,0.6847718078643084,isotropic_linear,v6p1i15_0011
tim_to_spreader,3.4979601140911343,3.4979601140911343,3.4979601140911343,0.55904929805547,isotropic_log_uniform,v6p1i15_0011
spreader,399.48392141610384,399.48392141610384,399.48392141610384,0.9655947610735893,isotropic_linear,v6p1i15_0011
pcb_fr4_equivalent,0.7716636364986942,0.7716636364986942,0.2893738636870103,0.41919332556426525,correlated_log_uniform_axes,v6p1i15_0012
bt_substrate_with_vias,0.24346145559822627,0.24346145559822627,0.5964805662156544,0.9406160721555352,correlated_log_uniform_axes,v6p1i15_0012
silicon_interposer_tsv_0p1,136.8751836474985,136.8751836474985,139.6877142554149,0.562506121583283,correlated_linear_axes,v6p1i15_0012
bump_underfill_under_interposer,0.5292704420974818,0.5292704420974818,4.322375277129434,0.218947465531528,correlated_log_uniform_axes,v6p1i15_0012
silicon_die_lower,132.641732506454,132.641732506454,132.641732506454,0.6528346501290798,isotropic_linear,v6p1i15_0012
tim_between_dies,3.5036866886461895,3.5036866886461895,3.5036866886461895,0.5599949862807989,isotropic_log_uniform,v6p1i15_0012
silicon_die_upper,118.74223123304546,118.74223123304546,118.74223123304546,0.3748446246609092,isotropic_linear,v6p1i15_0012
tim_to_spreader,2.0837022584740597,2.0837022584740597,2.0837022584740597,0.2595600690692663,isotropic_log_uniform,v6p1i15_0012
spreader,388.0282304342836,388.0282304342836,388.0282304342836,0.20188202895224094,isotropic_linear,v6p1i15_0012
pcb_fr4_equivalent,0.8606017713817096,0.8606017713817096,0.32272566426814103,0.6636169869452715,correlated_log_uniform_axes,v6p1i15_0013
bt_substrate_with_vias,0.1987912425965322,0.1987912425965322,0.48703854436150396,0.4864165363833308,correlated_log_uniform_axes,v6p1i15_0013
silicon_interposer_tsv_0p1,131.0914531443268,131.0914531443268,132.94002866838127,0.36971510481089354,correlated_linear_axes,v6p1i15_0013
bump_underfill_under_interposer,0.7263652947635878,0.7263652947635878,5.9319832405693,0.9282521111890674,correlated_log_uniform_axes,v6p1i15_0013
silicon_die_lower,115.57788685895503,115.57788685895503,115.57788685895503,0.3115577371791005,isotropic_linear,v6p1i15_0013
tim_between_dies,2.0074167749591125,2.0074167749591125,2.0074167749591125,0.23799736145883799,isotropic_log_uniform,v6p1i15_0013
silicon_die_upper,126.97963248938322,126.97963248938322,126.97963248938322,0.5395926497876644,isotropic_linear,v6p1i15_0013
tim_to_spreader,4.371769911560747,4.371769911560747,4.371769911560747,0.6879646377637982,isotropic_log_uniform,v6p1i15_0013
spreader,396.44156347960234,396.44156347960234,396.44156347960234,0.7627708986401558,isotropic_linear,v6p1i15_0013
pcb_fr4_equivalent,0.9924780546836593,0.9924780546836593,0.37217927050637223,0.9830817924812436,correlated_log_uniform_axes,v6p1i15_0014
bt_substrate_with_vias,0.21416329126923364,0.21416329126923364,0.5247000636096224,0.6533125210553408,correlated_log_uniform_axes,v6p1i15_0014
silicon_interposer_tsv_0p1,149.21541209332645,149.21541209332645,154.0846474422142,0.9738470697775483,correlated_linear_axes,v6p1i15_0014
bump_underfill_under_interposer,0.5567793803731635,0.5567793803731635,4.547031606380835,0.33248321805149317,correlated_log_uniform_axes,v6p1i15_0014
silicon_die_lower,109.47597841732204,109.47597841732204,109.47597841732204,0.1895195683464408,isotropic_linear,v6p1i15_0014
tim_between_dies,2.344473040720155,2.344473040720155,2.344473040720155,0.32772956416010857,isotropic_log_uniform,v6p1i15_0014
silicon_die_upper,100.97125028260052,100.97125028260052,100.97125028260052,0.01942500565201044,isotropic_linear,v6p1i15_0014
tim_to_spreader,5.767781789245409,5.767781789245409,5.767781789245409,0.8481749454513192,isotropic_log_uniform,v6p1i15_0014
spreader,393.0967094749212,393.0967094749212,393.0967094749212,0.5397806316614151,isotropic_linear,v6p1i15_0014
pcb_fr4_equivalent,0.7069866567747004,0.7069866567747004,0.26511999629051264,0.22304838243871927,correlated_log_uniform_axes,v6p1i15_0015
bt_substrate_with_vias,0.1725941854360898,0.1725941854360898,0.42285575431842004,0.16977697610855103,correlated_log_uniform_axes,v6p1i15_0015
silicon_interposer_tsv_0p1,126.55324858613312,126.55324858613312,127.64545668382198,0.21844161953777075,correlated_linear_axes,v6p1i15_0015
bump_underfill_under_interposer,0.6007215917144855,0.6007215917144855,4.9058929990016305,0.5026931772008538,correlated_log_uniform_axes,v6p1i15_0015
silicon_die_lower,142.26555293425918,142.26555293425918,142.26555293425918,0.8453110586851835,isotropic_linear,v6p1i15_0015
tim_between_dies,6.054585563219449,6.054585563219449,6.054585563219449,0.8762304959818721,isotropic_log_uniform,v6p1i15_0015
silicon_die_upper,140.85571402683854,140.85571402683854,140.85571402683854,0.8171142805367708,isotropic_linear,v6p1i15_0015
tim_to_spreader,1.7820277344785531,1.7820277344785531,1.7820277344785531,0.1691442895680666,isotropic_log_uniform,v6p1i15_0015
spreader,392.19362559728324,392.19362559728324,392.19362559728324,0.47957503981888294,isotropic_linear,v6p1i15_0015
pcb_fr4_equivalent,0.6991266590382764,0.6991266590382764,0.2621724971393536,0.19799754302948713,correlated_log_uniform_axes,v6p1i15_0016
bt_substrate_with_vias,0.214944584874037,0.214944584874037,0.5266142329413908,0.6614720281213522,correlated_log_uniform_axes,v6p1i15_0016
silicon_interposer_tsv_0p1,140.98192906938493,140.98192906938493,144.47891724761575,0.6993976356461644,correlated_linear_axes,v6p1i15_0016
bump_underfill_under_interposer,0.48154122561176627,0.48154122561176627,3.9325866758294232,0.007183140143752098,correlated_log_uniform_axes,v6p1i15_0016
silicon_die_lower,121.20296563953161,121.20296563953161,121.20296563953161,0.42405931279063225,isotropic_linear,v6p1i15_0016
tim_between_dies,1.853491749439665,1.853491749439665,1.853491749439665,0.19187589175999165,isotropic_log_uniform,v6p1i15_0016
silicon_die_upper,131.1920360662043,131.1920360662043,131.1920360662043,0.6238407213240862,isotropic_linear,v6p1i15_0016
tim_to_spreader,5.719714549637197,5.719714549637197,5.719714549637197,0.8433367935940623,isotropic_log_uniform,v6p1i15_0016
spreader,389.18807606212795,389.18807606212795,389.18807606212795,0.27920507080852985,isotropic_linear,v6p1i15_0016
pcb_fr4_equivalent,0.9726877254743416,0.9726877254743416,0.36475789705287803,0.9379498353227973,correlated_log_uniform_axes,v6p1i15_0017
bt_substrate_with_vias,0.17069744360357872,0.17069744360357872,0.4182087368287679,0.1450161524116993,correlated_log_uniform_axes,v6p1i15_0017
silicon_interposer_tsv_0p1,134.7283059451729,134.7283059451729,137.18302360270172,0.49094353150576353,correlated_linear_axes,v6p1i15_0017
bump_underfill_under_interposer,0.6952080620918624,0.6952080620918624,5.677532507083542,0.8300151731818914,correlated_log_uniform_axes,v6p1i15_0017
silicon_die_lower,125.86456001736224,125.86456001736224,125.86456001736224,0.5172912003472447,isotropic_linear,v6p1i15_0017
tim_between_dies,3.2155576529357828,3.2155576529357828,3.2155576529357828,0.5103830518200994,isotropic_log_uniform,v6p1i15_0017
silicon_die_upper,114.52897121198475,114.52897121198475,114.52897121198475,0.29057942423969507,isotropic_linear,v6p1i15_0017
tim_to_spreader,1.7138989938494709,1.7138989938494709,1.7138989938494709,0.14660832285881042,isotropic_log_uniform,v6p1i15_0017
spreader,395.756421238184,395.756421238184,395.756421238184,0.717094749212265,isotropic_linear,v6p1i15_0017
pcb_fr4_equivalent,0.8493402721670285,0.8493402721670285,0.31850260206263564,0.6341023966670036,correlated_log_uniform_axes,v6p1i15_0018
bt_substrate_with_vias,0.24941069908283278,0.24941069908283278,0.6110562127529403,0.9947119550779462,correlated_log_uniform_axes,v6p1i15_0018
silicon_interposer_tsv_0p1,145.57884181849658,145.57884181849658,149.84198212157935,0.8526280606165528,correlated_linear_axes,v6p1i15_0018
bump_underfill_under_interposer,0.5802292510052164,0.5802292510052164,4.738538883209267,0.4249219410121441,correlated_log_uniform_axes,v6p1i15_0018
silicon_die_lower,149.05650611035526,149.05650611035526,149.05650611035526,0.9811301222071052,isotropic_linear,v6p1i15_0018
tim_between_dies,6.624850680000165,6.624850680000165,6.624850680000165,0.9282687976956367,isotropic_log_uniform,v6p1i15_0018
silicon_die_upper,138.42229302972555,138.42229302972555,138.42229302972555,0.768445860594511,isotropic_linear,v6p1i15_0018
tim_to_spreader,2.2334241432795654,2.2334241432795654,2.2334241432795654,0.2996760942041874,isotropic_log_uniform,v6p1i15_0018
spreader,399.9396627023816,399.9396627023816,399.9396627023816,0.9959775134921074,isotropic_linear,v6p1i15_0018
pcb_fr4_equivalent,0.7577793452274423,0.7577793452274423,0.2841672544602908,0.37850985303521156,correlated_log_uniform_axes,v6p1i15_0019
bt_substrate_with_vias,0.19549247882901122,0.19549247882901122,0.4789565731310775,0.44892198499292135,correlated_log_uniform_axes,v6p1i15_0019
silicon_interposer_tsv_0p1,122.44632792659104,122.44632792659104,122.85404924768955,0.08154426421970129,correlated_linear_axes,v6p1i15_0019
bump_underfill_under_interposer,0.6631656711677159,0.6631656711677159,5.415852981203012,0.7242842875421047,correlated_log_uniform_axes,v6p1i15_0019
silicon_die_lower,103.86448940262198,103.86448940262198,103.86448940262198,0.07728978805243969,isotropic_linear,v6p1i15_0019
tim_between_dies,2.5115126510788937,2.5115126510788937,2.5115126510788937,0.367518893443048,isotropic_log_uniform,v6p1i15_0019
silicon_die_upper,103.40552772395313,103.40552772395313,103.40552772395313,0.06811055447906256,isotropic_linear,v6p1i15_0019
tim_to_spreader,4.829530635171127,4.829530635171127,4.829530635171127,0.745535290800035,isotropic_log_uniform,v6p1i15_0019
spreader,385.8244606759399,385.8244606759399,385.8244606759399,0.05496404506266117,isotropic_linear,v6p1i15_0019
pcb_fr4_equivalent,0.7280926865601667,0.7280926865601667,0.2730347574600625,0.2889623735100031,correlated_log_uniform_axes,v6p1i15_0020
bt_substrate_with_vias,0.22917785394219217,0.22917785394219217,0.5614857421583709,0.8051421148702502,correlated_log_uniform_axes,v6p1i15_0020
silicon_interposer_tsv_0p1,130.06516185589135,130.06516185589135,131.74268883187324,0.33550539519637823,correlated_linear_axes,v6p1i15_0020
bump_underfill_under_interposer,0.6257542130977778,0.6257542130977778,5.110326073631851,0.5941725801676512,correlated_log_uniform_axes,v6p1i15_0020
silicon_die_lower,108.29372704029083,108.29372704029083,108.29372704029083,0.16587454080581665,isotropic_linear,v6p1i15_0020
tim_between_dies,1.397553464320208,1.397553464320208,1.397553464320208,0.02864285744726658,isotropic_log_uniform,v6p1i15_0020
silicon_die_upper,144.10959715023637,144.10959715023637,144.10959715023637,0.8821919430047274,isotropic_linear,v6p1i15_0020
tim_to_spreader,2.906531218212983,2.906531218212983,2.906531218212983,0.45196885243058205,isotropic_log_uniform,v6p1i15_0020
spreader,396.8683547899127,396.8683547899127,396.8683547899127,0.7912236526608467,isotropic_linear,v6p1i15_0020
pcb_fr4_equivalent,0.81591126143441,0.81591126143441,0.30596672303790373,0.5441282596439123,correlated_log_uniform_axes,v6p1i15_0021
bt_substrate_with_vias,0.1796132100137149,0.1796132100137149,0.4400523645336016,0.259097539819777,correlated_log_uniform_axes,v6p1i15_0021
silicon_interposer_tsv_0p1,138.1963042449206,138.1963042449206,141.22902161907405,0.606543474830687,correlated_linear_axes,v6p1i15_0021
bump_underfill_under_interposer,0.5496407856397917,0.5496407856397917,4.488733082724964,0.30356880836188793,correlated_log_uniform_axes,v6p1i15_0021
silicon_die_lower,138.0041763652116,138.0041763652116,138.0041763652116,0.7600835273042321,isotropic_linear,v6p1i15_0021
tim_between_dies,4.51496583693139,4.51496583693139,4.51496583693139,0.70659748185426,isotropic_log_uniform,v6p1i15_0021
silicon_die_upper,110.15642737038434,110.15642737038434,110.15642737038434,0.2031285474076867,isotropic_linear,v6p1i15_0021
tim_to_spreader,3.1979822493442773,3.1979822493442773,3.1979822493442773,0.5072144931182265,isotropic_log_uniform,v6p1i15_0021
spreader,388.4222093876451,388.4222093876451,388.4222093876451,0.22814729250967503,isotropic_linear,v6p1i15_0021
pcb_fr4_equivalent,0.934283806919341,0.934283806919341,0.3503564275947529,0.8476876774802804,correlated_log_uniform_axes,v6p1i15_0022
bt_substrate_with_vias,0.20924886086742814,0.20924886086742814,0.512659709125199,0.6012955531477928,correlated_log_uniform_axes,v6p1i15_0022
silicon_interposer_tsv_0p1,127.11079076863825,127.11079076863825,128.2959225634113,0.23702635895460844,correlated_linear_axes,v6p1i15_0022
bump_underfill_under_interposer,0.735809204815538,0.735809204815538,6.009108505993559,0.9571971632540226,correlated_log_uniform_axes,v6p1i15_0022
silicon_die_lower,137.07480519078672,137.07480519078672,137.07480519078672,0.7414961038157344,isotropic_linear,v6p1i15_0022
tim_between_dies,5.877023514102937,5.877023514102937,5.877023514102937,0.8590222597122192,isotropic_log_uniform,v6p1i15_0022
silicon_die_upper,136.4956272765994,136.4956272765994,136.4956272765994,0.7299125455319881,isotropic_linear,v6p1i15_0022
tim_to_spreader,6.4163222475348,6.4163222475348,6.4163222475348,0.9097787169739604,isotropic_log_uniform,v6p1i15_0022
spreader,391.74107792787254,391.74107792787254,391.74107792787254,0.44940519519150257,isotropic_linear,v6p1i15_0022
pcb_fr4_equivalent,0.6716514347393495,0.6716514347393495,0.251869288027256,0.10816205758601427,correlated_log_uniform_axes,v6p1i15_0023
bt_substrate_with_vias,0.16615546232122863,0.16615546232122863,0.4070808826870102,0.08458692766726017,correlated_log_uniform_axes,v6p1i15_0023
silicon_interposer_tsv_0p1,148.363042389974,148.363042389974,153.09021612163633,0.9454347463324666,correlated_linear_axes,v6p1i15_0023
bump_underfill_under_interposer,0.5081183387380652,0.5081183387380652,4.149633099694198,0.12755974009633064,correlated_log_uniform_axes,v6p1i15_0023
silicon_die_lower,116.6386746801436,116.6386746801436,116.6386746801436,0.3327734936028719,isotropic_linear,v6p1i15_0023
tim_between_dies,2.6922277111965065,2.6922277111965065,2.6922277111965065,0.40768933203071356,isotropic_log_uniform,v6p1i15_0023
silicon_die_upper,121.68951998464763,121.68951998464763,121.68951998464763,0.43379039969295263,isotropic_linear,v6p1i15_0023
tim_to_spreader,1.59128442381423,1.59128442381423,1.59128442381423,0.10369431972503662,isotropic_log_uniform,v6p1i15_0023
spreader,392.72848688066006,392.72848688066006,392.72848688066006,0.5152324587106705,isotropic_linear,v6p1i15_0023
pcb_fr4_equivalent,0.6406096694810615,0.6406096694810615,0.24022862605539802,0.002133503556251526,correlated_log_uniform_axes,v6p1i15_0024
bt_substrate_with_vias,0.2410917336162086,0.2410917336162086,0.590674747359711,0.9186993772163987,correlated_log_uniform_axes,v6p1i15_0024
silicon_interposer_tsv_0p1,125.23642600513995,125.23642600513995,126.10916367266327,0.1745475335046649,correlated_linear_axes,v6p1i15_0024
bump_underfill_under_interposer,0.5635944715520483,0.5635944715520483,4.602688184341727,0.35974346101284027,correlated_log_uniform_axes,v6p1i15_0024
silicon_die_lower,129.62159398011863,129.62159398011863,129.62159398011863,0.5924318796023726,isotropic_linear,v6p1i15_0024
tim_between_dies,2.0669428897637454,2.0669428897637454,2.0669428897637454,0.25489135179668665,isotropic_log_uniform,v6p1i15_0024
silicon_die_upper,148.44857472926378,148.44857472926378,148.44857472926378,0.9689714945852757,isotropic_linear,v6p1i15_0024
tim_to_spreader,2.8049810510874416,2.8049810510874416,2.8049810510874416,0.4314085990190506,isotropic_log_uniform,v6p1i15_0024
spreader,397.9796967888251,397.9796967888251,397.9796967888251,0.8653131192550063,isotropic_linear,v6p1i15_0024
pcb_fr4_equivalent,0.8979018932178966,0.8979018932178966,0.3367132099567112,0.7586879245936871,correlated_log_uniform_axes,v6p1i15_0025
bt_substrate_with_vias,0.1916038636755485,0.1916038636755485,0.46942946600509383,0.4039019150659442,correlated_log_uniform_axes,v6p1i15_0025
silicon_interposer_tsv_0p1,146.48936248384416,146.48936248384416,150.90425623115152,0.882978749461472,correlated_linear_axes,v6p1i15_0025
bump_underfill_under_interposer,0.6102407671574491,0.6102407671574491,4.983632931785834,0.5379216074943542,correlated_log_uniform_axes,v6p1i15_0025
silicon_die_lower,124.86231653019786,124.86231653019786,124.86231653019786,0.4972463306039572,isotropic_linear,v6p1i15_0025
tim_between_dies,6.867553992718758,6.867553992718758,6.867553992718758,0.9490699004381895,isotropic_log_uniform,v6p1i15_0025
silicon_die_upper,108.9553217869252,108.9553217869252,108.9553217869252,0.17910643573850393,isotropic_linear,v6p1i15_0025
tim_to_spreader,3.8189483978186907,3.8189483978186907,3.8189483978186907,0.6098060188814998,isotropic_log_uniform,v6p1i15_0025
spreader,387.6622027112171,387.6622027112171,387.6622027112171,0.17748018074780703,isotropic_linear,v6p1i15_0025
pcb_fr4_equivalent,0.8232599239422232,0.8232599239422232,0.3087224714783337,0.5642193062230945,correlated_log_uniform_axes,v6p1i15_0026
bt_substrate_with_vias,0.22238689351093327,0.22238689351093327,0.5448478891017866,0.7377421651035547,correlated_log_uniform_axes,v6p1i15_0026
silicon_interposer_tsv_0p1,128.18906617350876,128.18906617350876,129.55391053576022,0.2729688724502921,correlated_linear_axes,v6p1i15_0026
bump_underfill_under_interposer,0.5228379411096346,0.5228379411096346,4.269843185728682,0.19154810346662998,correlated_log_uniform_axes,v6p1i15_0026
silicon_die_lower,100.01062396913767,100.01062396913767,100.01062396913767,0.0002124793827533722,isotropic_linear,v6p1i15_0026
tim_between_dies,3.8677459705854615,3.8677459705854615,3.8677459705854615,0.6171463830396533,isotropic_log_uniform,v6p1i15_0026
silicon_die_upper,131.83773951604962,131.83773951604962,131.83773951604962,0.6367547903209925,isotropic_linear,v6p1i15_0026
tim_to_spreader,6.969343982258603,6.969343982258603,6.969343982258603,0.9575759386643767,isotropic_log_uniform,v6p1i15_0026
spreader,390.8604507474229,390.8604507474229,390.8604507474229,0.39069671649485826,isotropic_linear,v6p1i15_0026
pcb_fr4_equivalent,0.7393278599243391,0.7393278599243391,0.2772479474716272,0.32327463384717703,correlated_log_uniform_axes,v6p1i15_0027
bt_substrate_with_vias,0.17414175384824193,0.17414175384824193,0.4266472969281927,0.18977879732847214,correlated_log_uniform_axes,v6p1i15_0027
silicon_interposer_tsv_0p1,136.32043565623462,136.32043565623462,139.04050826560706,0.5440145218744874,correlated_linear_axes,v6p1i15_0027
bump_underfill_under_interposer,0.7150694188115656,0.7150694188115656,5.8397335869611195,0.8931325171142817,correlated_log_uniform_axes,v6p1i15_0027
silicon_die_lower,145.4955826047808,145.4955826047808,145.4955826047808,0.9099116520956159,isotropic_linear,v6p1i15_0027
tim_between_dies,1.8184684281809198,1.8184684281809198,1.8184684281809198,0.1808471567928791,isotropic_log_uniform,v6p1i15_0027
silicon_die_upper,123.20953574962914,123.20953574962914,123.20953574962914,0.4641907149925828,isotropic_linear,v6p1i15_0027
tim_to_spreader,1.3973371926784266,1.3973371926784266,1.3973371926784266,0.02855338528752327,isotropic_log_uniform,v6p1i15_0027
spreader,393.7265325943008,393.7265325943008,393.7265325943008,0.5817688396200538,isotropic_linear,v6p1i15_0027
pcb_fr4_equivalent,0.7942533043021974,0.7942533043021974,0.29784498911332397,0.48384606186300516,correlated_log_uniform_axes,v6p1i15_0028
bt_substrate_with_vias,0.20436723118656971,0.20436723118656971,0.5006997164070959,0.5484019406139851,correlated_log_uniform_axes,v6p1i15_0028
silicon_interposer_tsv_0p1,143.7044672202319,143.7044672202319,147.6552117569372,0.790148907341063,correlated_linear_axes,v6p1i15_0028
bump_underfill_under_interposer,0.6776769737095248,0.6776769737095248,5.534361951961119,0.7727864608168602,correlated_log_uniform_axes,v6p1i15_0028
silicon_die_lower,140.88171175681055,140.88171175681055,140.88171175681055,0.8176342351362109,isotropic_linear,v6p1i15_0028
tim_between_dies,2.972881753109802,2.972881753109802,2.972881753109802,0.46501799765974283,isotropic_log_uniform,v6p1i15_0028
silicon_die_upper,126.2556741014123,126.2556741014123,126.2556741014123,0.5251134820282459,isotropic_linear,v6p1i15_0028
tim_to_spreader,5.21159948693174,5.21159948693174,5.21159948693174,0.7895524417981505,isotropic_log_uniform,v6p1i15_0028
spreader,389.7134646354243,389.7134646354243,389.7134646354243,0.3142309756949544,isotropic_linear,v6p1i15_0028
pcb_fr4_equivalent,0.8842519111398244,0.8842519111398244,0.3315944666774341,0.7243628846481442,correlated_log_uniform_axes,v6p1i15_0029
bt_substrate_with_vias,0.1600500496206685,0.1600500496206685,0.3921226215706379,0.000700807198882103,correlated_log_uniform_axes,v6p1i15_0029
silicon_interposer_tsv_0p1,120.57263818569481,120.57263818569481,120.66807788331062,0.019087939523160458,correlated_linear_axes,v6p1i15_0029
bump_underfill_under_interposer,0.4939815832348001,0.4939815832348001,4.034182929750867,0.06433556228876114,correlated_log_uniform_axes,v6p1i15_0029
silicon_die_lower,111.26894550397992,111.26894550397992,111.26894550397992,0.22537891007959843,isotropic_linear,v6p1i15_0029
tim_between_dies,5.0254240937025045,5.0254240937025045,5.0254240937025045,0.7685219403356314,isotropic_log_uniform,v6p1i15_0029
silicon_die_upper,116.35339590720832,116.35339590720832,116.35339590720832,0.32706791814416647,isotropic_linear,v6p1i15_0029
tim_to_spreader,1.9456317169483686,1.9456317169483686,1.9456317169483686,0.2199239619076252,isotropic_log_uniform,v6p1i15_0029
spreader,394.41048985812813,394.41048985812813,394.41048985812813,0.6273659905418754,isotropic_linear,v6p1i15_0029
pcb_fr4_equivalent,0.9643031285528084,0.9643031285528084,0.3616136732073031,0.9185511190444231,correlated_log_uniform_axes,v6p1i15_0030
bt_substrate_with_vias,0.23462516586816373,0.23462516586816373,0.5748316563770012,0.8577782874926925,correlated_log_uniform_axes,v6p1i15_0030
silicon_interposer_tsv_0p1,139.10585216246545,139.10585216246545,142.2901608562097,0.6368617387488484,correlated_linear_axes,v6p1i15_0030
bump_underfill_under_interposer,0.6441929627857204,0.6441929627857204,5.260909196083382,0.6592442560940981,correlated_log_uniform_axes,v6p1i15_0030
silicon_die_lower,113.85806612670422,113.85806612670422,113.85806612670422,0.2771613225340843,isotropic_linear,v6p1i15_0030
tim_between_dies,4.243556524067737,4.243556524067737,4.243556524067737,0.6707559851929545,isotropic_log_uniform,v6p1i15_0030
silicon_die_upper,143.23811205103993,143.23811205103993,143.23811205103993,0.8647622410207987,isotropic_linear,v6p1i15_0030
tim_to_spreader,2.3060125966308838,2.3060125966308838,2.3060125966308838,0.31816689670085907,isotropic_log_uniform,v6p1i15_0030
spreader,398.7074853712693,398.7074853712693,398.7074853712693,0.913832358084619,isotropic_linear,v6p1i15_0030
pcb_fr4_equivalent,0.688115129791656,0.688115129791656,0.25804317367187096,0.16242456249892712,correlated_log_uniform_axes,v6p1i15_0031
bt_substrate_with_vias,0.1864863298295319,0.1864863298295319,0.4568915080823532,0.34324120450764894,correlated_log_uniform_axes,v6p1i15_0031
silicon_interposer_tsv_0p1,132.85245613195002,132.85245613195002,134.9945321539417,0.428415204398334,correlated_linear_axes,v6p1i15_0031
bump_underfill_under_interposer,0.5972977636738489,0.5972977636738489,4.877931736669765,0.4898856598883867,correlated_log_uniform_axes,v6p1i15_0031
silicon_die_lower,134.0012547094375,134.0012547094375,134.0012547094375,0.6800250941887498,isotropic_linear,v6p1i15_0031
tim_between_dies,1.5641514225438173,1.5641514225438173,1.5641514225438173,0.09375166520476341,isotropic_log_uniform,v6p1i15_0031
silicon_die_upper,101.70164597220719,101.70164597220719,101.70164597220719,0.03403291944414377,isotropic_linear,v6p1i15_0031
tim_to_spreader,4.004266592000974,4.004266592000974,4.004266592000974,0.6372007606551051,isotropic_log_uniform,v6p1i15_0031
spreader,386.4709275169298,386.4709275169298,386.4709275169298,0.09806183446198702,isotropic_linear,v6p1i15_0031
pcb_fr4_equivalent,0.6944417615127679,0.6944417615127679,0.26041566056728793,0.1829318506643176,correlated_log_uniform_axes,v6p1i15_0032
bt_substrate_with_vias,0.20163524336102548,0.20163524336102548,0.4940063462345125,0.5182460406795144,correlated_log_uniform_axes,v6p1i15_0032
silicon_interposer_tsv_0p1,123.205327084288,123.205327084288,123.73954826500267,0.10684423614293337,correlated_linear_axes,v6p1i15_0032
bump_underfill_under_interposer,0.5125272746640798,0.5125272746640798,4.185639409756651,0.14691848400980234,correlated_log_uniform_axes,v6p1i15_0032
silicon_die_lower,107.73002887144685,107.73002887144685,107.73002887144685,0.15460057742893696,isotropic_linear,v6p1i15_0032
tim_between_dies,1.748640835379604,1.748640835379604,1.748640835379604,0.15821013413369656,isotropic_log_uniform,v6p1i15_0032
silicon_die_upper,138.22794882580638,138.22794882580638,138.22794882580638,0.7645589765161276,isotropic_linear,v6p1i15_0032
tim_to_spreader,3.7529130134015842,3.7529130134015842,3.7529130134015842,0.5997218936681747,isotropic_log_uniform,v6p1i15_0032
spreader,395.4796337382868,395.4796337382868,395.4796337382868,0.6986422492191195,isotropic_linear,v6p1i15_0032
pcb_fr4_equivalent,0.9664061462849537,0.9664061462849537,0.36240230485685754,0.9234324907884002,correlated_log_uniform_axes,v6p1i15_0033
bt_substrate_with_vias,0.16249721009151388,0.16249721009151388,0.398118164724209,0.03470191638916731,correlated_log_uniform_axes,v6p1i15_0033
silicon_interposer_tsv_0p1,145.07807546295226,145.07807546295226,149.25775470677763,0.8359358487650752,correlated_linear_axes,v6p1i15_0033
bump_underfill_under_interposer,0.7296149038884271,0.7296149038884271,5.958521715088821,0.9382542306557298,correlated_log_uniform_axes,v6p1i15_0033
silicon_die_lower,140.5166262295097,140.5166262295097,140.5166262295097,0.8103325245901942,isotropic_linear,v6p1i15_0033
tim_between_dies,3.795887767372882,3.795887767372882,3.795887767372882,0.6063044304028153,isotropic_log_uniform,v6p1i15_0033
silicon_die_upper,104.38026287592947,104.38026287592947,104.38026287592947,0.0876052575185895,isotropic_linear,v6p1i15_0033
tim_to_spreader,2.757624819463174,2.757624819463174,2.757624819463174,0.4215648053213954,isotropic_log_uniform,v6p1i15_0033
spreader,388.8782396679744,388.8782396679744,388.8782396679744,0.25854931119829416,isotropic_linear,v6p1i15_0033
pcb_fr4_equivalent,0.8916047341282763,0.8916047341282763,0.33435177529810356,0.7429180294275284,correlated_log_uniform_axes,v6p1i15_0034
bt_substrate_with_vias,0.23127676115581183,0.23127676115581183,0.5666280648317391,0.8255700785666704,correlated_log_uniform_axes,v6p1i15_0034
silicon_interposer_tsv_0p1,133.3686603885144,133.3686603885144,135.5967704532668,0.44562201295048,correlated_linear_axes,v6p1i15_0034
bump_underfill_under_interposer,0.5447164075389579,0.5447164075389579,4.448517328234822,0.2834032205864787,correlated_log_uniform_axes,v6p1i15_0034
silicon_die_lower,134.41740875132382,134.41740875132382,134.41740875132382,0.6883481750264764,isotropic_linear,v6p1i15_0034
tim_between_dies,6.927166548546802,6.927166548546802,6.927166548546802,0.9540665708482265,isotropic_log_uniform,v6p1i15_0034
silicon_die_upper,129.82710488140583,129.82710488140583,129.82710488140583,0.5965420976281166,isotropic_linear,v6p1i15_0034
tim_to_spreader,1.3556646340245462,1.3556646340245462,1.3556646340245462,0.011049679480493069,isotropic_log_uniform,v6p1i15_0034
spreader,385.6655148556456,385.6655148556456,385.6655148556456,0.0443676570430398,isotropic_linear,v6p1i15_0034
pcb_fr4_equivalent,0.7952929480415599,0.7952929480415599,0.298234855515585,0.4867771379649639,correlated_log_uniform_axes,v6p1i15_0035
bt_substrate_with_vias,0.18884130672075494,0.18884130672075494,0.46266120146584966,0.37136004865169525,correlated_log_uniform_axes,v6p1i15_0035
silicon_interposer_tsv_0p1,142.11251799948514,142.11251799948514,145.797937666066,0.7370839333161712,correlated_linear_axes,v6p1i15_0035
bump_underfill_under_interposer,0.6312510416235714,0.6312510416235714,5.155216839925832,0.6137697575613856,correlated_log_uniform_axes,v6p1i15_0035
silicon_die_lower,117.35039502382278,117.35039502382278,117.35039502382278,0.3470079004764557,isotropic_linear,v6p1i15_0035
tim_between_dies,2.1566936269949295,2.1566936269949295,2.1566936269949295,0.2794650224968791,isotropic_log_uniform,v6p1i15_0035
silicon_die_upper,115.11351144872606,115.11351144872606,115.11351144872606,0.30227022897452116,isotropic_linear,v6p1i15_0035
tim_to_spreader,6.76439890070821,6.76439890070821,6.76439890070821,0.9403201825916767,isotropic_log_uniform,v6p1i15_0035
spreader,399.747732472606,399.747732472606,399.747732472606,0.9831821648404002,isotropic_linear,v6p1i15_0035
pcb_fr4_equivalent,0.7428806264531599,0.7428806264531599,0.27858023491993494,0.33401635475456715,correlated_log_uniform_axes,v6p1i15_0036
bt_substrate_with_vias,0.2380383481012245,0.2380383481012245,0.5831939528480001,0.8901399336755276,correlated_log_uniform_axes,v6p1i15_0036
silicon_interposer_tsv_0p1,149.73001171834767,149.73001171834767,154.6850136714056,0.991000390611589,correlated_linear_axes,v6p1i15_0036
bump_underfill_under_interposer,0.6665264890065169,0.6665264890065169,5.443299660219886,0.7356111714616418,correlated_log_uniform_axes,v6p1i15_0036
silicon_die_lower,119.02618696913123,119.02618696913123,119.02618696913123,0.3805237393826246,isotropic_linear,v6p1i15_0036
tim_between_dies,1.6376362409684488,1.6376362409684488,1.6376362409684488,0.12029371969401836,isotropic_log_uniform,v6p1i15_0036
silicon_die_upper,137.07995815202594,137.07995815202594,137.07995815202594,0.7415991630405188,isotropic_linear,v6p1i15_0036
tim_to_spreader,2.01986189336187,2.01986189336187,2.01986189336187,0.2415704345330596,isotropic_log_uniform,v6p1i15_0036
spreader,388.70203317608684,388.70203317608684,388.70203317608684,0.24680221173912287,isotropic_linear,v6p1i15_0036
pcb_fr4_equivalent,0.8330042084105226,0.8330042084105226,0.3123765781539459,0.5905851107090712,correlated_log_uniform_axes,v6p1i15_0037
bt_substrate_with_vias,0.19438434050900397,0.19438434050900397,0.4762416342470598,0.4361845087260008,correlated_log_uniform_axes,v6p1i15_0037
silicon_interposer_tsv_0p1,125.98752561025321,125.98752561025321,126.98544654529542,0.1995841870084405,correlated_linear_axes,v6p1i15_0037
bump_underfill_under_interposer,0.5774087357762828,0.5774087357762828,4.71550467550631,0.41400320921093225,correlated_log_uniform_axes,v6p1i15_0037
silicon_die_lower,126.86163331381977,126.86163331381977,126.86163331381977,0.5372326662763953,isotropic_linear,v6p1i15_0037
tim_between_dies,4.294763781584188,4.294763781584188,4.294763781584188,0.6776905218139291,isotropic_log_uniform,v6p1i15_0037
silicon_die_upper,120.32327079214156,120.32327079214156,120.32327079214156,0.40646541584283113,isotropic_linear,v6p1i15_0037
tim_to_spreader,5.412825976840474,5.412825976840474,5.412825976840474,0.8114544935524464,isotropic_log_uniform,v6p1i15_0037
spreader,397.17378166038543,397.17378166038543,397.17378166038543,0.8115854440256953,isotropic_linear,v6p1i15_0037
pcb_fr4_equivalent,0.9030038326519892,0.9030038326519892,0.3386264372444959,0.7713837558403611,correlated_log_uniform_axes,v6p1i15_0038
bt_substrate_with_vias,0.21900667708370855,0.21900667708370855,0.536566358855086,0.703422530554235,correlated_log_uniform_axes,v6p1i15_0038
silicon_interposer_tsv_0p1,137.4592772964388,137.4592772964388,140.36915684584528,0.5819759098812938,correlated_linear_axes,v6p1i15_0038
bump_underfill_under_interposer,0.6913017596631784,0.6913017596631784,5.64563103724929,0.8173893494531512,correlated_log_uniform_axes,v6p1i15_0038
silicon_die_lower,148.20437938906252,148.20437938906252,148.20437938906252,0.9640875877812505,isotropic_linear,v6p1i15_0038
tim_between_dies,4.948617449586742,4.948617449586742,4.948617449586742,0.7596178539097309,isotropic_log_uniform,v6p1i15_0038
silicon_die_upper,145.0848873704672,145.0848873704672,145.0848873704672,0.9016977474093437,isotropic_linear,v6p1i15_0038
tim_to_spreader,4.0972098958780805,4.0972098958780805,4.0972098958780805,0.6504663378000259,isotropic_log_uniform,v6p1i15_0038
spreader,392.89183512795717,392.89183512795717,392.89183512795717,0.526122341863811,isotropic_linear,v6p1i15_0038
pcb_fr4_equivalent,0.6487581317121771,0.6487581317121771,0.24328429939206633,0.030455266125500202,correlated_log_uniform_axes,v6p1i15_0039
bt_substrate_with_vias,0.17651670381235413,0.17651670381235413,0.43246592434026765,0.22013115603476763,correlated_log_uniform_axes,v6p1i15_0039
silicon_interposer_tsv_0p1,130.58790042065084,130.58790042065084,132.3525504907593,0.35293001402169466,correlated_linear_axes,v6p1i15_0039
bump_underfill_under_interposer,0.48414107086300556,0.48414107086300556,3.953818745381212,0.019248212687671185,correlated_log_uniform_axes,v6p1i15_0039
silicon_die_lower,105.89324589818716,105.89324589818716,105.89324589818716,0.11786491796374321,isotropic_linear,v6p1i15_0039
tim_between_dies,2.868475566947569,2.868475566947569,2.868475566947569,0.4443493587896228,isotropic_log_uniform,v6p1i15_0039
silicon_die_upper,109.96305546723306,109.96305546723306,109.96305546723306,0.19926110934466124,isotropic_linear,v6p1i15_0039
tim_to_spreader,2.3604875413986117,2.3604875413986117,2.3604875413986117,0.33166517596691847,isotropic_log_uniform,v6p1i15_0039
spreader,391.92997907754034,391.92997907754034,391.92997907754034,0.46199860516935587,isotropic_linear,v6p1i15_0039
pcb_fr4_equivalent,0.6731176653314306,0.6731176653314306,0.25241912449928644,0.1130482479929924,correlated_log_uniform_axes,v6p1i15_0040
bt_substrate_with_vias,0.22628151931711726,0.22628151931711726,0.5543897223269374,0.7766437064856291,correlated_log_uniform_axes,v6p1i15_0040
silicon_interposer_tsv_0p1,135.58535152114928,135.58535152114928,138.1829101080075,0.5195117173716426,correlated_linear_axes,v6p1i15_0040
bump_underfill_under_interposer,0.5920230854551256,0.5920230854551256,4.834855197883526,0.4700102796778083,correlated_log_uniform_axes,v6p1i15_0040
silicon_die_lower,143.1071173865348,143.1071173865348,143.1071173865348,0.8621423477306962,isotropic_linear,v6p1i15_0040
tim_between_dies,2.4245290484102586,2.4245290484102586,2.4245290484102586,0.34714112151414156,isotropic_log_uniform,v6p1i15_0040
silicon_die_upper,132.03173130750656,132.03173130750656,132.03173130750656,0.6406346261501312,isotropic_linear,v6p1i15_0040
tim_to_spreader,1.6518717301638286,1.6518717301638286,1.6518717301638286,0.1252974895760417,isotropic_log_uniform,v6p1i15_0040
spreader,387.35265244729817,387.35265244729817,387.35265244729817,0.1568434964865446,isotropic_linear,v6p1i15_0040
pcb_fr4_equivalent,0.9428749809980137,0.9428749809980137,0.3535781178742551,0.8681978918612003,correlated_log_uniform_axes,v6p1i15_0041
bt_substrate_with_vias,0.18222464697635762,0.18222464697635762,0.44645038509207613,0.2914411686360836,correlated_log_uniform_axes,v6p1i15_0041
silicon_interposer_tsv_0p1,128.7137475516647,128.7137475516647,130.1660388102755,0.290458251722157,correlated_linear_axes,v6p1i15_0041
bump_underfill_under_interposer,0.6500951323948008,0.6500951323948008,5.309110247890873,0.6796804210171103,correlated_log_uniform_axes,v6p1i15_0041
silicon_die_lower,110.22284291684628,110.22284291684628,110.22284291684628,0.2044568583369255,isotropic_linear,v6p1i15_0041
tim_between_dies,6.525848555245504,6.525848555245504,6.525848555245504,0.9195640329271555,isotropic_log_uniform,v6p1i15_0041
silicon_die_upper,122.23496078513563,122.23496078513563,122.23496078513563,0.44469921570271254,isotropic_linear,v6p1i15_0041
tim_to_spreader,5.514933143186555,5.514933143186555,5.514933143186555,0.8222586512565613,isotropic_log_uniform,v6p1i15_0041
spreader,397.70308086648583,397.70308086648583,397.70308086648583,0.8468720577657223,isotropic_linear,v6p1i15_0041
pcb_fr4_equivalent,0.8169775356305944,0.8169775356305944,0.3063665758614729,0.5470546213909984,correlated_log_uniform_axes,v6p1i15_0042
bt_substrate_with_vias,0.20606272567364012,0.20606272567364012,0.5048536779004184,0.5669148834422231,correlated_log_uniform_axes,v6p1i15_0042
silicon_interposer_tsv_0p1,147.85438363440335,147.85438363440335,152.4967809068039,0.9284794544801116,correlated_linear_axes,v6p1i15_0042
bump_underfill_under_interposer,0.49812870881342286,0.49812870881342286,4.068051121976286,0.08306847978383303,correlated_log_uniform_axes,v6p1i15_0042
silicon_die_lower,114.66154204681516,114.66154204681516,114.66154204681516,0.29323084093630314,isotropic_linear,v6p1i15_0042
tim_between_dies,3.253420676516966,3.253420676516966,3.253420676516966,0.5171506991609931,isotropic_log_uniform,v6p1i15_0042
silicon_die_upper,149.8142040334642,149.8142040334642,149.8142040334642,0.9962840806692839,isotropic_linear,v6p1i15_0042
tim_to_spreader,4.713252097243899,4.713252097243899,4.713252097243899,0.731445673853159,isotropic_log_uniform,v6p1i15_0042
spreader,393.5344306193292,393.5344306193292,393.5344306193292,0.5689620412886143,isotropic_linear,v6p1i15_0042
pcb_fr4_equivalent,0.7341460834003208,0.7341460834003208,0.2753047812751203,0.30751472618430853,correlated_log_uniform_axes,v6p1i15_0043
bt_substrate_with_vias,0.16841690741997903,0.16841690741997903,0.4126214231789486,0.11487825121730566,correlated_log_uniform_axes,v6p1i15_0043
silicon_interposer_tsv_0p1,124.11121266894042,124.11121266894042,124.7964147804305,0.13704042229801416,correlated_linear_axes,v6p1i15_0043
bump_underfill_under_interposer,0.6719126253799416,0.6719126253799416,5.487286440602855,0.753645365126431,correlated_log_uniform_axes,v6p1i15_0043
silicon_die_lower,132.02150366269052,132.02150366269052,132.02150366269052,0.6404300732538104,isotropic_linear,v6p1i15_0043
tim_between_dies,1.9394978565738634,1.9394978565738634,1.9394978565738634,0.2180984616279602,isotropic_log_uniform,v6p1i15_0043
silicon_die_upper,108.37027565576136,108.37027565576136,108.37027565576136,0.16740551311522722,isotropic_linear,v6p1i15_0043
tim_to_spreader,2.180614786260647,2.180614786260647,2.180614786260647,0.28584206756204367,isotropic_log_uniform,v6p1i15_0043
spreader,390.7012188527733,390.7012188527733,390.7012188527733,0.3800812568515539,isotropic_linear,v6p1i15_0043
pcb_fr4_equivalent,0.7667501966310645,0.7667501966310645,0.28753132373664914,0.40488036070019007,correlated_log_uniform_axes,v6p1i15_0044
bt_substrate_with_vias,0.2120654220669502,0.2120654220669502,0.519560284064028,0.6312550930306315,correlated_log_uniform_axes,v6p1i15_0044
silicon_interposer_tsv_0p1,131.494758753106,131.494758753106,133.41055187862366,0.38315862510353327,correlated_linear_axes,v6p1i15_0044
bump_underfill_under_interposer,0.7113179666823723,0.7113179666823723,5.80909672790604,0.8813461875542998,correlated_log_uniform_axes,v6p1i15_0044
silicon_die_lower,130.13666816987097,130.13666816987097,130.13666816987097,0.6027333633974195,isotropic_linear,v6p1i15_0044
tim_between_dies,2.8077258032120627,2.8077258032120627,2.8077258032120627,0.4319740356877446,isotropic_log_uniform,v6p1i15_0044
silicon_die_upper,142.65438243746758,142.65438243746758,142.65438243746758,0.8530876487493515,isotropic_linear,v6p1i15_0044
tim_to_spreader,3.250648076732775,3.250648076732775,3.250648076732775,0.5166578032076359,isotropic_log_uniform,v6p1i15_0044
spreader,394.71620274707675,394.71620274707675,394.71620274707675,0.6477468498051167,isotropic_linear,v6p1i15_0044
pcb_fr4_equivalent,0.8534227629328001,0.8534227629328001,0.3200335360998,0.6448469283059239,correlated_log_uniform_axes,v6p1i15_0045
bt_substrate_with_vias,0.17330268171868027,0.17330268171868027,0.42459157021076666,0.1789562264457345,correlated_log_uniform_axes,v6p1i15_0045
silicon_interposer_tsv_0p1,140.23838927038014,140.23838927038014,143.61145414877683,0.674612975679338,correlated_linear_axes,v6p1i15_0045
bump_underfill_under_interposer,0.525728700660541,0.525728700660541,4.293451055394418,0.20390281733125448,correlated_log_uniform_axes,v6p1i15_0045
silicon_die_lower,122.39889893680811,122.39889893680811,122.39889893680811,0.4479779787361622,isotropic_linear,v6p1i15_0045
tim_between_dies,5.926014111205524,5.926014111205524,5.926014111205524,0.8638215232640505,isotropic_log_uniform,v6p1i15_0045
silicon_die_upper,103.06748314760625,103.06748314760625,103.06748314760625,0.06134966295212507,isotropic_linear,v6p1i15_0045
tim_to_spreader,2.9556647218268983,2.9556647218268983,2.9556647218268983,0.46166012343019247,isotropic_log_uniform,v6p1i15_0045
spreader,389.99346011318266,389.99346011318266,389.99346011318266,0.33289734087884426,isotropic_linear,v6p1i15_0045
pcb_fr4_equivalent,0.9850580459253045,0.9850580459253045,0.36939676722198916,0.9662667606025934,correlated_log_uniform_axes,v6p1i15_0046
bt_substrate_with_vias,0.24585798256392657,0.24585798256392657,0.6023520572816202,0.9625647813081741,correlated_log_uniform_axes,v6p1i15_0046
silicon_interposer_tsv_0p1,121.32969452999532,121.32969452999532,121.55131028499454,0.044323150999844074,correlated_linear_axes,v6p1i15_0046
bump_underfill_under_interposer,0.6132790246332064,0.6132790246332064,5.008445367837852,0.5490499408915639,correlated_log_uniform_axes,v6p1i15_0046
silicon_die_lower,102.71666822955012,102.71666822955012,102.71666822955012,0.054333364591002464,isotropic_linear,v6p1i15_0046
tim_between_dies,4.432377040838336,4.432377040838336,4.432377040838336,0.6959243332967162,isotropic_log_uniform,v6p1i15_0046
silicon_die_upper,125.280128326267,125.280128326267,125.280128326267,0.5056025665253401,isotropic_linear,v6p1i15_0046
tim_to_spreader,1.6406329835561786,1.6406329835561786,1.6406329835561786,0.12135067861527205,isotropic_log_uniform,v6p1i15_0046
spreader,386.65965703316033,386.65965703316033,386.65965703316033,0.11064380221068859,isotropic_linear,v6p1i15_0046
pcb_fr4_equivalent,0.7030982294225611,0.7030982294225611,0.26366183603346033,0.21069045923650265,correlated_log_uniform_axes,v6p1i15_0047
bt_substrate_with_vias,0.19796657907715784,0.19796657907715784,0.4850181187390367,0.47710186429321766,correlated_log_uniform_axes,v6p1i15_0047
silicon_interposer_tsv_0p1,143.2017580512911,143.2017580512911,147.0687177265063,0.7733919350430369,correlated_linear_axes,v6p1i15_0047
bump_underfill_under_interposer,0.5606983065451169,0.5606983065451169,4.579036170118454,0.34819934982806444,correlated_log_uniform_axes,v6p1i15_0047
silicon_die_lower,144.73485383205116,144.73485383205116,144.73485383205116,0.8946970766410232,isotropic_linear,v6p1i15_0047
tim_between_dies,1.3446359211537051,1.3446359211537051,1.3446359211537051,0.006327219307422638,isotropic_log_uniform,v6p1i15_0047
silicon_die_upper,116.54683412052691,116.54683412052691,116.54683412052691,0.3309366824105382,isotropic_linear,v6p1i15_0047
tim_to_spreader,6.618054283724121,6.618054283724121,6.618054283724121,0.9276753962039948,isotropic_log_uniform,v6p1i15_0047
spreader,398.87054743245244,398.87054743245244,398.87054743245244,0.924703162163496,isotropic_linear,v6p1i15_0047
pcb_fr4_equivalent,0.7134861905324896,0.7134861905324896,0.2675573214496836,0.2435537688434124,correlated_log_uniform_axes,v6p1i15_0048
bt_substrate_with_vias,0.24654410818561637,0.24654410818561637,0.6040330650547601,0.9688093103468418,correlated_log_uniform_axes,v6p1i15_0048
silicon_interposer_tsv_0p1,127.63066384010017,127.63066384010017,128.90244114678353,0.2543554613366723,correlated_linear_axes,v6p1i15_0048
bump_underfill_under_interposer,0.6998152929581705,0.6998152929581705,5.715158225825057,0.8448156509548426,correlated_log_uniform_axes,v6p1i15_0048
silicon_die_lower,115.9940438810736,115.9940438810736,115.9940438810736,0.3198808776214719,isotropic_linear,v6p1i15_0048
tim_between_dies,5.452588463764568,5.452588463764568,5.452588463764568,0.8156858766451478,isotropic_log_uniform,v6p1i15_0048
silicon_die_upper,105.10417358018458,105.10417358018458,105.10417358018458,0.10208347160369158,isotropic_linear,v6p1i15_0048
tim_to_spreader,1.5003304412551046,1.5003304412551046,1.5003304412551046,0.06966801080852747,isotropic_log_uniform,v6p1i15_0048
spreader,397.24742183461785,397.24742183461785,397.24742183461785,0.8164947889745235,isotropic_linear,v6p1i15_0048
pcb_fr4_equivalent,0.9946416674091768,0.9946416674091768,0.3729906252784413,0.9879612475633621,correlated_log_uniform_axes,v6p1i15_0049
bt_substrate_with_vias,0.19595840506189977,0.19595840506189977,0.48009809240165446,0.4542560186237097,correlated_log_uniform_axes,v6p1i15_0049
silicon_interposer_tsv_0p1,136.84235592372715,136.84235592372715,139.64941524434835,0.5614118641242385,correlated_linear_axes,v6p1i15_0049
bump_underfill_under_interposer,0.4917814082409481,0.4917814082409481,4.016214833967742,0.05433323420584202,correlated_log_uniform_axes,v6p1i15_0049
silicon_die_lower,136.13405842334032,136.13405842334032,136.13405842334032,0.7226811684668064,isotropic_linear,v6p1i15_0049
tim_between_dies,2.60335391321442,2.60335391321442,2.60335391321442,0.3882825281471014,isotropic_log_uniform,v6p1i15_0049
silicon_die_upper,140.61683183535933,140.61683183535933,140.61683183535933,0.8123366367071867,isotropic_linear,v6p1i15_0049
tim_to_spreader,6.19564242839354,6.19564242839354,6.19564242839354,0.8895449209958315,isotropic_log_uniform,v6p1i15_0049
spreader,386.988456742838,386.988456742838,386.988456742838,0.13256378285586834,isotropic_linear,v6p1i15_0049
pcb_fr4_equivalent,0.8677586785452486,0.8677586785452486,0.3254095044544682,0.6821740483865142,correlated_log_uniform_axes,v6p1i15_0050
bt_substrate_with_vias,0.21743321514463954,0.21743321514463954,0.5327113771043669,0.6872659539803863,correlated_log_uniform_axes,v6p1i15_0050
silicon_interposer_tsv_0p1,124.7255454864353,124.7255454864353,125.51313640084118,0.15751818288117647,correlated_linear_axes,v6p1i15_0050
bump_underfill_under_interposer,0.658458806751602,0.658458806751602,5.377413588471415,0.7083239853382111,correlated_log_uniform_axes,v6p1i15_0050
silicon_die_lower,138.72663928195834,138.72663928195834,138.72663928195834,0.7745327856391668,isotropic_linear,v6p1i15_0050
tim_between_dies,1.4464869361560286,1.4464869361560286,1.4464869361560286,0.04853888135403395,isotropic_log_uniform,v6p1i15_0050
silicon_die_upper,112.73116110824049,112.73116110824049,112.73116110824049,0.2546232221648097,isotropic_linear,v6p1i15_0050
tim_to_spreader,3.3911336260966483,3.3911336260966483,3.3911336260966483,0.5411182846873999,isotropic_log_uniform,v6p1i15_0050
spreader,391.12404049374163,391.12404049374163,391.12404049374163,0.4082693662494421,isotropic_linear,v6p1i15_0050
pcb_fr4_equivalent,0.7726743671178636,0.7726743671178636,0.2897528876691989,0.42212630342692137,correlated_log_uniform_axes,v6p1i15_0051
bt_substrate_with_vias,0.17028128823639313,0.17028128823639313,0.4171891561791632,0.13954669702798128,correlated_log_uniform_axes,v6p1i15_0051
silicon_interposer_tsv_0p1,147.0661283377558,147.0661283377558,151.57714972738177,0.9022042779251933,correlated_linear_axes,v6p1i15_0051
bump_underfill_under_interposer,0.5684104779448562,0.5684104779448562,4.642018903216325,0.3788093477487564,correlated_log_uniform_axes,v6p1i15_0051
silicon_die_lower,109.11088990978897,109.11088990978897,109.11088990978897,0.18221779819577932,isotropic_linear,v6p1i15_0051
tim_between_dies,4.862315131827284,4.862315131827284,4.862315131827284,0.749446552246809,isotropic_log_uniform,v6p1i15_0051
silicon_die_upper,129.09666150808334,129.09666150808334,129.09666150808334,0.5819332301616669,isotropic_linear,v6p1i15_0051
tim_to_spreader,3.0106959279398415,3.0106959279398415,3.0106959279398415,0.47232522536069155,isotropic_log_uniform,v6p1i15_0051
spreader,393.931463714689,393.931463714689,393.931463714689,0.5954309143126011,isotropic_linear,v6p1i15_0051
pcb_fr4_equivalent,0.7218800614255764,0.7218800614255764,0.2707050230345911,0.26976094115525484,correlated_log_uniform_axes,v6p1i15_0052
bt_substrate_with_vias,0.21120954822150634,0.21120954822150634,0.5174633931426905,0.6221935236826539,correlated_log_uniform_axes,v6p1i15_0052
silicon_interposer_tsv_0p1,139.68265020288527,139.68265020288527,142.96309190336615,0.6560883400961757,correlated_linear_axes,v6p1i15_0052
bump_underfill_under_interposer,0.5380931777548649,0.5380931777548649,4.394427618331396,0.25599134154617786,correlated_log_uniform_axes,v6p1i15_0052
silicon_die_lower,104.51226574368775,104.51226574368775,104.51226574368775,0.09024531487375498,isotropic_linear,v6p1i15_0052
tim_between_dies,6.317500596701762,6.317500596701762,6.317500596701762,0.9008053550496697,isotropic_log_uniform,v6p1i15_0052
silicon_die_upper,119.58119333721697,119.58119333721697,119.58119333721697,0.39162386674433947,isotropic_linear,v6p1i15_0052
tim_to_spreader,4.534252768872586,4.534252768872586,4.534252768872586,0.7090618517249823,isotropic_log_uniform,v6p1i15_0052
spreader,390.4459183756262,390.4459183756262,390.4459183756262,0.3630612250417471,isotropic_linear,v6p1i15_0052
pcb_fr4_equivalent,0.81086807518351,0.81086807518351,0.3040755281938162,0.5302353436127305,correlated_log_uniform_axes,v6p1i15_0053
bt_substrate_with_vias,0.16539058605599194,0.16539058605599194,0.40520693583718026,0.07424827944487333,correlated_log_uniform_axes,v6p1i15_0053
silicon_interposer_tsv_0p1,132.34160779975355,132.34160779975355,134.3985424330458,0.41138692665845156,correlated_linear_axes,v6p1i15_0053
bump_underfill_under_interposer,0.6214482946638464,0.6214482946638464,5.075161073088079,0.5787005890160799,correlated_log_uniform_axes,v6p1i15_0053
silicon_die_lower,149.99410398304462,149.99410398304462,149.99410398304462,0.9998820796608925,isotropic_linear,v6p1i15_0053
tim_between_dies,2.364828704869479,2.364828704869479,2.364828704869479,0.3327274303883314,isotropic_log_uniform,v6p1i15_0053
silicon_die_upper,134.68482932075858,134.68482932075858,134.68482932075858,0.6936965864151716,isotropic_linear,v6p1i15_0053
tim_to_spreader,2.162101553781974,2.162101553781974,2.162101553781974,0.28091286588460207,isotropic_log_uniform,v6p1i15_0053
spreader,395.0845147483051,395.0845147483051,395.0845147483051,0.6723009832203388,isotropic_linear,v6p1i15_0053
pcb_fr4_equivalent,0.9293241874787598,0.9293241874787598,0.34849657030453485,0.835761247202754,correlated_log_uniform_axes,v6p1i15_0054
bt_substrate_with_vias,0.2270366425048803,0.2270366425048803,0.5562397741369567,0.7841087225824594,correlated_log_uniform_axes,v6p1i15_0054
silicon_interposer_tsv_0p1,144.22624801285565,144.22624801285565,148.26395601499826,0.8075416004285216,correlated_linear_axes,v6p1i15_0054
bump_underfill_under_interposer,0.5188106200599634,0.5188106200599634,4.236953397156367,0.17422152310609818,correlated_log_uniform_axes,v6p1i15_0054
silicon_die_lower,125.14505507424474,125.14505507424474,125.14505507424474,0.5029011014848948,isotropic_linear,v6p1i15_0054
tim_between_dies,1.970125390701539,1.970125390701539,1.970125390701539,0.22715660464018583,isotropic_log_uniform,v6p1i15_0054
silicon_die_upper,112.36395402811468,112.36395402811468,112.36395402811468,0.24727908056229353,isotropic_linear,v6p1i15_0054
tim_to_spreader,1.8251240420004262,1.8251240420004262,1.8251240420004262,0.18295924458652735,isotropic_log_uniform,v6p1i15_0054
spreader,398.4436166472733,398.4436166472733,398.4436166472733,0.8962411098182201,isotropic_linear,v6p1i15_0054
pcb_fr4_equivalent,0.6665050834126138,0.6665050834126138,0.24993940627973013,0.09092709608376026,correlated_log_uniform_axes,v6p1i15_0055
bt_substrate_with_vias,0.18043510627513615,0.18043510627513615,0.44206601037408355,0.26932746917009354,correlated_log_uniform_axes,v6p1i15_0055
silicon_interposer_tsv_0p1,120.01409637741745,120.01409637741745,120.01644577365369,0.00046987924724817276,correlated_linear_axes,v6p1i15_0055
bump_underfill_under_interposer,0.7411698890945841,0.7411698890945841,6.05288742760577,0.9734625145792961,correlated_log_uniform_axes,v6p1i15_0055
silicon_die_lower,120.38284814916551,120.38284814916551,120.38284814916551,0.4076569629833102,isotropic_linear,v6p1i15_0055
tim_between_dies,3.3691551180733668,3.3691551180733668,3.3691551180733668,0.5373591519892216,isotropic_log_uniform,v6p1i15_0055
silicon_die_upper,145.8211950957775,145.8211950957775,145.8211950957775,0.9164239019155502,isotropic_linear,v6p1i15_0055
tim_to_spreader,5.909647189059277,5.909647189059277,5.909647189059277,0.8622225988656282,isotropic_log_uniform,v6p1i15_0055
spreader,386.2658175546676,386.2658175546676,386.2658175546676,0.08438783697783947,isotropic_linear,v6p1i15_0055
pcb_fr4_equivalent,0.6540892373568727,0.6540892373568727,0.24528346400882728,0.048792838118970394,correlated_log_uniform_axes,v6p1i15_0056
bt_substrate_with_vias,0.22146434916883362,0.22146434916883362,0.5425876554636424,0.7284275246784091,correlated_log_uniform_axes,v6p1i15_0056
silicon_interposer_tsv_0p1,146.10073347575963,146.10073347575963,150.45085572171956,0.8700244491919875,correlated_linear_axes,v6p1i15_0056
bump_underfill_under_interposer,0.6058267803316494,0.6058267803316494,4.947585372708469,0.5216552279889584,correlated_log_uniform_axes,v6p1i15_0056
silicon_die_lower,133.35346495732665,133.35346495732665,133.35346495732665,0.667069299146533,isotropic_linear,v6p1i15_0056
tim_between_dies,3.9354206922111032,3.9354206922111032,3.9354206922111032,0.6271745059639215,isotropic_log_uniform,v6p1i15_0056
silicon_die_upper,124.53052676282823,124.53052676282823,124.53052676282823,0.4906105352565646,isotropic_linear,v6p1i15_0056
tim_to_spreader,4.145607766131633,4.145607766131633,4.145607766131633,0.657255383208394,isotropic_log_uniform,v6p1i15_0056
spreader,389.45155111607164,389.45155111607164,389.45155111607164,0.2967700744047761,isotropic_linear,v6p1i15_0056
pcb_fr4_equivalent,0.9178191592939223,0.9178191592939223,0.3441821847352208,0.80784812849015,correlated_log_uniform_axes,v6p1i15_0057
bt_substrate_with_vias,0.17585592611453207,0.17585592611453207,0.4308470189806036,0.2117274785414338,correlated_log_uniform_axes,v6p1i15_0057
silicon_interposer_tsv_0p1,121.88789698295295,121.88789698295295,122.20254648011178,0.06292989943176508,correlated_linear_axes,v6p1i15_0057
bump_underfill_under_interposer,0.5519794319511102,0.5519794319511102,4.507832027600732,0.3130824975669384,correlated_log_uniform_axes,v6p1i15_0057
silicon_die_lower,112.92045484296978,112.92045484296978,112.92045484296978,0.2584090968593955,isotropic_linear,v6p1i15_0057
tim_between_dies,1.5144317412896404,1.5144317412896404,1.5144317412896404,0.07507633138448,isotropic_log_uniform,v6p1i15_0057
silicon_die_upper,132.87337310612202,132.87337310612202,132.87337310612202,0.6574674621224403,isotropic_linear,v6p1i15_0057
tim_to_spreader,2.44605175293833,2.44605175293833,2.44605175293833,0.3522505471482873,isotropic_log_uniform,v6p1i15_0057
spreader,395.96146755386144,395.96146755386144,395.96146755386144,0.7307645035907626,isotropic_linear,v6p1i15_0057
pcb_fr4_equivalent,0.840790432745192,0.840790432745192,0.315296412279447,0.611432109028101,correlated_log_uniform_axes,v6p1i15_0058
bt_substrate_with_vias,0.24208140778252943,0.24208140778252943,0.5930994490671972,0.9278785958886147,correlated_log_uniform_axes,v6p1i15_0058
silicon_interposer_tsv_0p1,141.5586090926081,141.5586090926081,145.15171060804278,0.7186203030869365,correlated_linear_axes,v6p1i15_0058
bump_underfill_under_interposer,0.7200242963650413,0.7200242963650413,5.880198420314503,0.908605357632041,correlated_log_uniform_axes,v6p1i15_0058
silicon_die_lower,111.98844001628458,111.98844001628458,111.98844001628458,0.2397688003256917,isotropic_linear,v6p1i15_0058
tim_between_dies,3.0782678251450104,3.0782678251450104,3.0782678251450104,0.48515720665454865,isotropic_log_uniform,v6p1i15_0058
silicon_die_upper,107.53516652621329,107.53516652621329,107.53516652621329,0.15070333052426577,isotropic_linear,v6p1i15_0058
tim_to_spreader,1.8781052648905447,1.8781052648905447,1.8781052648905447,0.19950262177735567,isotropic_log_uniform,v6p1i15_0058
spreader,399.2072727205232,399.2072727205232,399.2072727205232,0.9471515147015452,isotropic_linear,v6p1i15_0058
pcb_fr4_equivalent,0.7542288440360599,0.7542288440360599,0.2828358165135224,0.3679865524172783,correlated_log_uniform_axes,v6p1i15_0059
bt_substrate_with_vias,0.18972698115469655,0.18972698115469655,0.46483110382900655,0.3818445149809122,correlated_log_uniform_axes,v6p1i15_0059
silicon_interposer_tsv_0p1,134.21733959577978,134.21733959577978,136.5868961950764,0.4739113198593259,correlated_linear_axes,v6p1i15_0059
bump_underfill_under_interposer,0.5340579016097564,0.5340579016097564,4.361472863146343,0.2391244526952505,correlated_log_uniform_axes,v6p1i15_0059
silicon_die_lower,141.7018188163638,141.7018188163638,141.7018188163638,0.8340363763272762,isotropic_linear,v6p1i15_0059
tim_between_dies,5.405183398633432,5.405183398633432,5.405183398633432,0.8106376370415092,isotropic_log_uniform,v6p1i15_0059
silicon_die_upper,147.5121053867042,147.5121053867042,147.5121053867042,0.9502421077340841,isotropic_linear,v6p1i15_0059
tim_to_spreader,4.916346720319274,4.916346720319274,4.916346720319274,0.7558354493230581,isotropic_log_uniform,v6p1i15_0059
spreader,385.15082934405655,385.15082934405655,385.15082934405655,0.01005528960376978,isotropic_linear,v6p1i15_0059
pcb_fr4_equivalent,0.7877776195402395,0.7877776195402395,0.2954166073275898,0.46550228260457516,correlated_log_uniform_axes,v6p1i15_0060
bt_substrate_with_vias,0.23528184889475362,0.23528184889475362,0.5764405297921464,0.8640409614890814,correlated_log_uniform_axes,v6p1i15_0060
silicon_interposer_tsv_0p1,126.60002826713026,126.60002826713026,127.70003297831863,0.2200009422376752,correlated_linear_axes,v6p1i15_0060
bump_underfill_under_interposer,0.5042525425537704,0.5042525425537704,4.11806243085579,0.11044709756970406,correlated_log_uniform_axes,v6p1i15_0060
silicon_die_lower,146.14022383466363,146.14022383466363,146.14022383466363,0.9228044766932726,isotropic_linear,v6p1i15_0060
tim_between_dies,3.6836318535803003,3.6836318535803003,3.6836318535803003,0.5889495629817247,isotropic_log_uniform,v6p1i15_0060
silicon_die_upper,100.77816448174417,100.77816448174417,100.77816448174417,0.015563289634883404,isotropic_linear,v6p1i15_0060
tim_to_spreader,1.4429847535716285,1.4429847535716285,1.4429847535716285,0.04713744390755892,isotropic_log_uniform,v6p1i15_0060
spreader,396.60460081417114,396.60460081417114,396.60460081417114,0.7736400542780757,isotropic_linear,v6p1i15_0060
pcb_fr4_equivalent,0.878357246177313,0.878357246177313,0.3293839673164923,0.7093756888061762,correlated_log_uniform_axes,v6p1i15_0061
bt_substrate_with_vias,0.1844171746306346,0.1844171746306346,0.4518220778450548,0.3182404972612858,correlated_log_uniform_axes,v6p1i15_0061
silicon_interposer_tsv_0p1,148.9399262610823,148.9399262610823,153.763247304596,0.964664208702743,correlated_linear_axes,v6p1i15_0061
bump_underfill_under_interposer,0.6825214560073684,0.6825214560073684,5.573925224060174,0.7887475527822971,correlated_log_uniform_axes,v6p1i15_0061
silicon_die_lower,100.9513811673969,100.9513811673969,100.9513811673969,0.01902762334793806,isotropic_linear,v6p1i15_0061
tim_between_dies,1.7129818811306246,1.7129818811306246,1.7129818811306246,0.14629888255149126,isotropic_log_uniform,v6p1i15_0061
silicon_die_upper,141.83090887963772,141.83090887963772,141.83090887963772,0.8366181775927544,isotropic_linear,v6p1i15_0061
tim_to_spreader,7.423935181608684,7.423935181608684,7.423935181608684,0.9941067155450583,isotropic_log_uniform,v6p1i15_0061
spreader,388.216984285973,388.216984285973,388.216984285973,0.2144656190648675,isotropic_linear,v6p1i15_0061
pcb_fr4_equivalent,0.9587125708087504,0.9587125708087504,0.35951721405328135,0.9055227758362889,correlated_log_uniform_axes,v6p1i15_0062
bt_substrate_with_vias,0.20378694440623518,0.20378694440623518,0.4992780137952762,0.5420305477455258,correlated_log_uniform_axes,v6p1i15_0062
silicon_interposer_tsv_0p1,129.50664865784347,129.50664865784347,131.09109010081738,0.31688828859478235,correlated_linear_axes,v6p1i15_0062
bump_underfill_under_interposer,0.5848606824237232,0.5848606824237232,4.77636223979374,0.44273644499480724,correlated_log_uniform_axes,v6p1i15_0062
silicon_die_lower,124.1398670244962,124.1398670244962,124.1398670244962,0.48279734048992395,isotropic_linear,v6p1i15_0062
tim_between_dies,2.1997897426959048,2.1997897426959048,2.1997897426959048,0.2909035310149193,isotropic_log_uniform,v6p1i15_0062
silicon_die_upper,117.37607740797102,117.37607740797102,117.37607740797102,0.3475215481594205,isotropic_linear,v6p1i15_0062
tim_to_spreader,3.6957942439390035,3.6957942439390035,3.6957942439390035,0.5908552426844835,isotropic_log_uniform,v6p1i15_0062
spreader,392.473646751605,392.473646751605,392.473646751605,0.49824311677366495,isotropic_linear,v6p1i15_0062
pcb_fr4_equivalent,0.6831017172670465,0.6831017172670465,0.2561631439751424,0.1460396209731698,correlated_log_uniform_axes,v6p1i15_0063
bt_substrate_with_vias,0.16183602522725982,0.16183602522725982,0.3964982618067866,0.02556609269231558,correlated_log_uniform_axes,v6p1i15_0063
silicon_interposer_tsv_0p1,138.71811364777386,138.71811364777386,141.83779925573617,0.6239371215924621,correlated_linear_axes,v6p1i15_0063
bump_underfill_under_interposer,0.6399516106087835,0.6399516106087835,5.226271486638398,0.6444426905363798,correlated_log_uniform_axes,v6p1i15_0063
silicon_die_lower,128.80444452166557,128.80444452166557,128.80444452166557,0.5760888904333115,isotropic_linear,v6p1i15_0063
tim_between_dies,7.192546408232992,7.192546408232992,7.192546408232992,0.9758009081706405,isotropic_log_uniform,v6p1i15_0063
silicon_die_upper,127.56367726251483,127.56367726251483,127.56367726251483,0.5512735452502966,isotropic_linear,v6p1i15_0063
tim_to_spreader,2.6348936912418988,2.6348936912418988,2.6348936912418988,0.3952444801107049,isotropic_log_uniform,v6p1i15_0063
spreader,393.40239719022065,393.40239719022065,393.40239719022065,0.5601598126813769,isotropic_linear,v6p1i15_0063
pcb_fr4_equivalent,0.6849503166540116,0.6849503166540116,0.2568563687452543,0.15209520608186722,correlated_log_uniform_axes,v6p1i15_0064
bt_substrate_with_vias,0.2201099025017027,0.2201099025017027,0.5392692611291717,0.7146815611049533,correlated_log_uniform_axes,v6p1i15_0064
silicon_interposer_tsv_0p1,130.92436744831502,130.92436744831502,132.74509535636753,0.3641455816105008,correlated_linear_axes,v6p1i15_0064
bump_underfill_under_interposer,0.5553025742026183,0.5553025742026183,4.534971022654715,0.32653204444795847,correlated_log_uniform_axes,v6p1i15_0064
silicon_die_lower,139.97350996360183,139.97350996360183,139.97350996360183,0.7994701992720366,isotropic_linear,v6p1i15_0064
tim_between_dies,3.4573182906010675,3.4573182906010675,3.4573182906010675,0.5522928759455681,isotropic_log_uniform,v6p1i15_0064
silicon_die_upper,136.14928568713367,136.14928568713367,136.14928568713367,0.7229857137426734,isotropic_linear,v6p1i15_0064
tim_to_spreader,3.045317586672056,3.045317586672056,3.045317586672056,0.47893549129366875,isotropic_log_uniform,v6p1i15_0064
spreader,399.53394789714366,399.53394789714366,399.53394789714366,0.9689298598095775,isotropic_linear,v6p1i15_0064
pcb_fr4_equivalent,0.9529643705764628,0.9529643705764628,0.3573616389661735,0.8920476026833057,correlated_log_uniform_axes,v6p1i15_0065
bt_substrate_with_vias,0.1772516201471955,0.1772516201471955,0.43426646936062907,0.22944084648042917,correlated_log_uniform_axes,v6p1i15_0065
silicon_interposer_tsv_0p1,137.29861297644675,137.29861297644675,140.18171513918787,0.5766204325482249,correlated_linear_axes,v6p1i15_0065
bump_underfill_under_interposer,0.6065505059269739,0.6065505059269739,4.953495798403621,0.5243304008617997,correlated_log_uniform_axes,v6p1i15_0065
silicon_die_lower,107.08618382923305,107.08618382923305,107.08618382923305,0.141723676584661,isotropic_linear,v6p1i15_0065
tim_between_dies,2.033452153928049,2.033452153928049,2.033452153928049,0.24544722493737936,isotropic_log_uniform,v6p1i15_0065
silicon_die_upper,121.24249991029501,121.24249991029501,121.24249991029501,0.4248499982059002,isotropic_linear,v6p1i15_0065
tim_to_spreader,3.355583327374827,3.355583327374827,3.355583327374827,0.535025610588491,isotropic_log_uniform,v6p1i15_0065
spreader,385.52041271235794,385.52041271235794,385.52041271235794,0.03469418082386255,isotropic_linear,v6p1i15_0065
pcb_fr4_equivalent,0.8790941163716656,0.8790941163716656,0.32966029363937455,0.7112546740099788,correlated_log_uniform_axes,v6p1i15_0066
bt_substrate_with_vias,0.23685774917292082,0.23685774917292082,0.5803014854736561,0.8789990320801735,correlated_log_uniform_axes,v6p1i15_0066
silicon_interposer_tsv_0p1,126.14812555722892,126.14812555722892,127.17281315010041,0.20493751857429743,correlated_linear_axes,v6p1i15_0066
bump_underfill_under_interposer,0.5352801635471917,0.5352801635471917,4.371454668968731,0.2442467538639903,correlated_log_uniform_axes,v6p1i15_0066
silicon_die_lower,117.7844210062176,117.7844210062176,117.7844210062176,0.355688420124352,isotropic_linear,v6p1i15_0066
tim_between_dies,2.312560633211601,2.312560633211601,2.312560633211601,0.3198061902076006,isotropic_log_uniform,v6p1i15_0066
silicon_die_upper,144.1599362064153,144.1599362064153,144.1599362064153,0.8831987241283059,isotropic_linear,v6p1i15_0066
tim_to_spreader,6.11502615501907,6.11502615501907,6.11502615501907,0.8819730980321765,isotropic_log_uniform,v6p1i15_0066
spreader,388.8402542239055,388.8402542239055,388.8402542239055,0.2560169482603669,isotropic_linear,v6p1i15_0066
pcb_fr4_equivalent,0.7843256168545144,0.7843256168545144,0.2941221063204429,0.45566202607005835,correlated_log_uniform_axes,v6p1i15_0067
bt_substrate_with_vias,0.19358925366996813,0.19358925366996813,0.4742936714914219,0.4270005766302347,correlated_log_uniform_axes,v6p1i15_0067
silicon_interposer_tsv_0p1,149.39348031766713,149.39348031766713,154.29239370394498,0.9797826772555709,correlated_linear_axes,v6p1i15_0067
bump_underfill_under_interposer,0.7232556614061346,0.7232556614061346,5.906587901483432,0.9186388431116939,correlated_log_uniform_axes,v6p1i15_0067
silicon_die_lower,135.1413307711482,135.1413307711482,135.1413307711482,0.7028266154229641,isotropic_linear,v6p1i15_0067
tim_between_dies,6.140805041757999,6.140805041757999,6.140805041757999,0.8844051631167531,isotropic_log_uniform,v6p1i15_0067
silicon_die_upper,110.89944997802377,110.89944997802377,110.89944997802377,0.21798899956047535,isotropic_linear,v6p1i15_0067
tim_to_spreader,1.518748097011401,1.518748097011401,1.518748097011401,0.07672173529863358,isotropic_log_uniform,v6p1i15_0067
spreader,395.3931074636057,395.3931074636057,395.3931074636057,0.6928738309070468,isotropic_linear,v6p1i15_0067
pcb_fr4_equivalent,0.7535964730761593,0.7535964730761593,0.2825986774035597,0.36610707733780146,correlated_log_uniform_axes,v6p1i15_0068
bt_substrate_with_vias,0.23063212491071575,0.23063212491071575,0.5650487060312537,0.819315841421485,correlated_log_uniform_axes,v6p1i15_0068
silicon_interposer_tsv_0p1,142.00959627516568,142.00959627516568,145.67786232102662,0.7336532091721892,correlated_linear_axes,v6p1i15_0068
bump_underfill_under_interposer,0.6830401399396072,0.6830401399396072,5.578161142840125,0.790449739433825,correlated_log_uniform_axes,v6p1i15_0068
silicon_die_lower,127.01717475429177,127.01717475429177,127.01717475429177,0.5403434950858355,isotropic_linear,v6p1i15_0068
tim_between_dies,4.710383376399562,4.710383376399562,4.710383376399562,0.7310936897993088,isotropic_log_uniform,v6p1i15_0068
silicon_die_upper,138.95780215971172,138.95780215971172,138.95780215971172,0.7791560431942344,isotropic_linear,v6p1i15_0068
tim_to_spreader,5.992691542267611,5.992691542267611,5.992691542267611,0.8702900810167193,isotropic_log_uniform,v6p1i15_0068
spreader,391.91396271344274,391.91396271344274,391.91396271344274,0.4609308475628495,isotropic_linear,v6p1i15_0068
pcb_fr4_equivalent,0.8444911364816184,0.8444911364816184,0.3166841761806069,0.6212728591635823,correlated_log_uniform_axes,v6p1i15_0069
bt_substrate_with_vias,0.18847884429834896,0.18847884429834896,0.46177316853095507,0.36705509200692177,correlated_log_uniform_axes,v6p1i15_0069
silicon_interposer_tsv_0p1,133.7647010665387,133.7647010665387,136.0588179109618,0.45882336888462305,correlated_linear_axes,v6p1i15_0069
bump_underfill_under_interposer,0.5075104056660552,0.5075104056660552,4.144668312939451,0.12487726006656885,correlated_log_uniform_axes,v6p1i15_0069
silicon_die_lower,119.27635385654867,119.27635385654867,119.27635385654867,0.38552707713097334,isotropic_linear,v6p1i15_0069
tim_between_dies,1.4097468227049983,1.4097468227049983,1.4097468227049983,0.03366501536220312,isotropic_log_uniform,v6p1i15_0069
silicon_die_upper,103.63896619528532,103.63896619528532,103.63896619528532,0.0727793239057064,isotropic_linear,v6p1i15_0069
tim_to_spreader,1.7984038872219368,1.7984038872219368,1.7984038872219368,0.17443279176950455,isotropic_log_uniform,v6p1i15_0069
spreader,392.79798821080476,392.79798821080476,392.79798821080476,0.5198658807203174,isotropic_linear,v6p1i15_0069
pcb_fr4_equivalent,0.9153422747318486,0.9153422747318486,0.3432533530244432,0.8017930332571268,correlated_log_uniform_axes,v6p1i15_0070
bt_substrate_with_vias,0.20221018081306333,0.20221018081306333,0.4954149429920051,0.5246260510757565,correlated_log_uniform_axes,v6p1i15_0070
silicon_interposer_tsv_0p1,144.68209915794432,144.68209915794432,148.79578235093504,0.822736638598144,correlated_linear_axes,v6p1i15_0070
bump_underfill_under_interposer,0.6425424964648094,0.6425424964648094,5.2474303877959425,0.6534960372373462,correlated_log_uniform_axes,v6p1i15_0070
silicon_die_lower,105.85289825685322,105.85289825685322,105.85289825685322,0.11705796513706446,isotropic_linear,v6p1i15_0070
tim_between_dies,2.677974638834059,2.677974638834059,2.677974638834059,0.40462050773203373,isotropic_log_uniform,v6p1i15_0070
silicon_die_upper,130.56191657669842,130.56191657669842,130.56191657669842,0.6112383315339684,isotropic_linear,v6p1i15_0070
tim_to_spreader,2.1284843566647678,2.1284843566647678,2.1284843566647678,0.2718533091247082,isotropic_log_uniform,v6p1i15_0070
spreader,396.9819733174518,396.9819733174518,396.9819733174518,0.7987982211634517,isotropic_linear,v6p1i15_0070
pcb_fr4_equivalent,0.6580345031856744,0.6580345031856744,0.24676293869462784,0.06226751767098904,correlated_log_uniform_axes,v6p1i15_0071
bt_substrate_with_vias,0.16281829194840788,0.16281829194840788,0.3989048152735994,0.03912501689046621,correlated_log_uniform_axes,v6p1i15_0071
silicon_interposer_tsv_0p1,123.30831318162382,123.30831318162382,123.85969871189445,0.11027710605412722,correlated_linear_axes,v6p1i15_0071
bump_underfill_under_interposer,0.5864536896863438,0.5864536896863438,4.78937179910514,0.4488312555477023,correlated_log_uniform_axes,v6p1i15_0071
silicon_die_lower,147.8680320084095,147.8680320084095,147.8680320084095,0.95736064016819,isotropic_linear,v6p1i15_0071
tim_between_dies,5.576403920105545,5.576403920105545,5.576403920105545,0.8286669449880719,isotropic_log_uniform,v6p1i15_0071
silicon_die_upper,114.39014310017228,114.39014310017228,114.39014310017228,0.2878028620034456,isotropic_linear,v6p1i15_0071
tim_to_spreader,4.609520552183401,4.609520552183401,4.609520552183401,0.7185798725113273,isotropic_log_uniform,v6p1i15_0071
spreader,388.5496032377705,388.5496032377705,388.5496032377705,0.23664021585136652,isotropic_linear,v6p1i15_0071
pcb_fr4_equivalent,0.6636272893343056,0.6636272893343056,0.24886023350036454,0.08123135101050138,correlated_log_uniform_axes,v6p1i15_0072
bt_substrate_with_vias,0.24505877874108042,0.24505877874108042,0.6003940079156472,0.9552691020071507,correlated_log_uniform_axes,v6p1i15_0072
silicon_interposer_tsv_0p1,142.80588903464377,142.80588903464377,146.60687054041773,0.7601963011547923,correlated_linear_axes,v6p1i15_0072
bump_underfill_under_interposer,0.49215901558301467,0.49215901558301467,4.019298627261286,0.05605307128280401,correlated_log_uniform_axes,v6p1i15_0072
silicon_die_lower,110.84952079690993,110.84952079690993,110.84952079690993,0.21699041593819857,isotropic_linear,v6p1i15_0072
tim_between_dies,7.361413658729662,7.361413658729662,7.361413658729662,0.9892173362895846,isotropic_log_uniform,v6p1i15_0072
silicon_die_upper,143.49295464344323,143.49295464344323,143.49295464344323,0.8698590928688645,isotropic_linear,v6p1i15_0072
tim_to_spreader,4.968684501530936,4.968684501530936,4.968684501530936,0.7619574656710029,isotropic_log_uniform,v6p1i15_0072
spreader,390.79874576069415,390.79874576069415,390.79874576069415,0.3865830507129431,isotropic_linear,v6p1i15_0072
pcb_fr4_equivalent,0.9301641736114135,0.9301641736114135,0.34881156510428,0.8377856379374862,correlated_log_uniform_axes,v6p1i15_0073
bt_substrate_with_vias,0.19749546589397882,0.19749546589397882,0.4838638914402482,0.4717631544917822,correlated_log_uniform_axes,v6p1i15_0073
silicon_interposer_tsv_0p1,121.43278791569173,121.43278791569173,121.67158590164036,0.047759597189724445,correlated_linear_axes,v6p1i15_0073
bump_underfill_under_interposer,0.7043215072367284,0.7043215072367284,5.751958975766614,0.8591976603493094,correlated_log_uniform_axes,v6p1i15_0073
silicon_die_lower,143.63916981965303,143.63916981965303,143.63916981965303,0.8727833963930607,isotropic_linear,v6p1i15_0073
tim_between_dies,2.2612029982539235,2.2612029982539235,2.2612029982539235,0.30682236328721046,isotropic_log_uniform,v6p1i15_0073
silicon_die_upper,102.24035577848554,102.24035577848554,102.24035577848554,0.04480711556971073,isotropic_linear,v6p1i15_0073
tim_to_spreader,1.8568476576715602,1.8568476576715602,1.8568476576715602,0.192921694368124,isotropic_log_uniform,v6p1i15_0073
spreader,393.5614154301584,393.5614154301584,393.5614154301584,0.5707610286772251,isotropic_linear,v6p1i15_0073
pcb_fr4_equivalent,0.8058665234787544,0.8058665234787544,0.30219994630453284,0.5163715183734894,correlated_log_uniform_axes,v6p1i15_0074
bt_substrate_with_vias,0.21276824365316757,0.21276824365316757,0.5212821969502606,0.6386689161881804,correlated_log_uniform_axes,v6p1i15_0074
silicon_interposer_tsv_0p1,140.13534595258534,140.13534595258534,143.4912369446829,0.6711781984195113,correlated_linear_axes,v6p1i15_0074
bump_underfill_under_interposer,0.5707004319199235,0.5707004319199235,4.660720194012708,0.3878183560445905,correlated_log_uniform_axes,v6p1i15_0074
silicon_die_lower,131.28118021413684,131.28118021413684,131.28118021413684,0.6256236042827368,isotropic_linear,v6p1i15_0074
tim_between_dies,1.6678666946052985,1.6678666946052985,1.6678666946052985,0.1308685252442956,isotropic_log_uniform,v6p1i15_0074
silicon_die_upper,126.10153364948928,126.10153364948928,126.10153364948928,0.5220306729897857,isotropic_linear,v6p1i15_0074
tim_to_spreader,2.41626430269388,2.41626430269388,2.41626430269388,0.34516703337430954,isotropic_log_uniform,v6p1i15_0074
spreader,397.85915503278375,397.85915503278375,397.85915503278375,0.8572770021855831,isotropic_linear,v6p1i15_0074
pcb_fr4_equivalent,0.7237077750546314,0.7237077750546314,0.2713904156454867,0.2754269801080227,correlated_log_uniform_axes,v6p1i15_0075
bt_substrate_with_vias,0.17372583564359462,0.17372583564359462,0.42562829732680685,0.18442070949822664,correlated_log_uniform_axes,v6p1i15_0075
silicon_interposer_tsv_0p1,131.89067783765495,131.89067783765495,133.8724574772641,0.3963559279218316,correlated_linear_axes,v6p1i15_0075
bump_underfill_under_interposer,0.6602563528987921,0.6602563528987921,5.392093548673469,0.7144326316192746,correlated_log_uniform_axes,v6p1i15_0075
silicon_die_lower,114.21721833758056,114.21721833758056,114.21721833758056,0.28434436675161123,isotropic_linear,v6p1i15_0075
tim_between_dies,3.571878424273379,3.571878424273379,3.571878424273379,0.5711388867348433,isotropic_log_uniform,v6p1i15_0075
silicon_die_upper,115.7139839604497,115.7139839604497,115.7139839604497,0.3142796792089939,isotropic_linear,v6p1i15_0075
tim_to_spreader,4.20004419505553,4.20004419505553,4.20004419505553,0.6647974206134677,isotropic_log_uniform,v6p1i15_0075
spreader,387.55546499975026,387.55546499975026,387.55546499975026,0.17036433331668377,isotropic_linear,v6p1i15_0075
pcb_fr4_equivalent,0.777470073762918,0.777470073762918,0.29155127766109423,0.43599058873951435,correlated_log_uniform_axes,v6p1i15_0076
bt_substrate_with_vias,0.20701649523771723,0.20701649523771723,0.5071904133324073,0.5772621715441346,correlated_log_uniform_axes,v6p1i15_0076
silicon_interposer_tsv_0p1,124.27193420939147,124.27193420939147,124.98392324429005,0.14239780697971582,correlated_linear_axes,v6p1i15_0076
bump_underfill_under_interposer,0.6251764987543027,0.6251764987543027,5.105608073160138,0.5921029364690185,correlated_log_uniform_axes,v6p1i15_0076
silicon_die_lower,122.1597929019481,122.1597929019481,122.1597929019481,0.4431958580389619,isotropic_linear,v6p1i15_0076
tim_between_dies,5.258942598959171,5.258942598959171,5.258942598959171,0.7947805402800441,isotropic_log_uniform,v6p1i15_0076
silicon_die_upper,131.40585315413773,131.40585315413773,131.40585315413773,0.6281170630827546,isotropic_linear,v6p1i15_0076
tim_to_spreader,2.674177869461721,2.674177869461721,2.674177869461721,0.40380027145147324,isotropic_log_uniform,v6p1i15_0076
spreader,399.00465251877904,399.00465251877904,399.00465251877904,0.933643501251936,isotropic_linear,v6p1i15_0076
pcb_fr4_equivalent,0.8655669872594759,0.8655669872594759,0.3245876202223035,0.6765075456351042,correlated_log_uniform_axes,v6p1i15_0077
bt_substrate_with_vias,0.1690487296871132,0.1690487296871132,0.4141693877334273,0.12326862942427397,correlated_log_uniform_axes,v6p1i15_0077
silicon_interposer_tsv_0p1,147.51797382719815,147.51797382719815,152.10430279839784,0.9172657942399383,correlated_linear_axes,v6p1i15_0077
bump_underfill_under_interposer,0.5387400026683256,0.5387400026683256,4.399710021791325,0.25868321117013693,correlated_log_uniform_axes,v6p1i15_0077
silicon_die_lower,129.99829091131687,129.99829091131687,129.99829091131687,0.5999658182263374,isotropic_linear,v6p1i15_0077
tim_between_dies,3.0073401427232946,3.0073401427232946,3.0073401427232946,0.471680473536253,isotropic_log_uniform,v6p1i15_0077
silicon_die_upper,122.87228377535939,122.87228377535939,122.87228377535939,0.45744567550718784,isotropic_linear,v6p1i15_0077
tim_to_spreader,3.6447643682294437,3.6447643682294437,3.6447643682294437,0.5828171027824283,isotropic_log_uniform,v6p1i15_0077
spreader,386.86979022808373,386.86979022808373,386.86979022808373,0.12465268187224865,isotropic_linear,v6p1i15_0077
pcb_fr4_equivalent,0.9989546874277732,0.9989546874277732,0.37460800778541486,0.9976565325632691,correlated_log_uniform_axes,v6p1i15_0078
bt_substrate_with_vias,0.2252516333815174,0.2252516333815174,0.5518665017847177,0.766422176733613,correlated_log_uniform_axes,v6p1i15_0078
silicon_interposer_tsv_0p1,129.0501072909683,129.0501072909683,130.55845850612968,0.30167024303227663,correlated_linear_axes,v6p1i15_0078
bump_underfill_under_interposer,0.7428704249485392,0.7428704249485392,6.066775137079736,0.978597697801888,correlated_log_uniform_axes,v6p1i15_0078
silicon_die_lower,145.0815019197762,145.0815019197762,145.0815019197762,0.901630038395524,isotropic_linear,v6p1i15_0078
tim_between_dies,1.5619806647894676,1.5619806647894676,1.5619806647894676,0.09294877294450998,isotropic_log_uniform,v6p1i15_0078
silicon_die_upper,149.17039605788887,149.17039605788887,149.17039605788887,0.9834079211577773,isotropic_linear,v6p1i15_0078
tim_to_spreader,7.30233524804285,7.30233524804285,7.30233524804285,0.9845589092001319,isotropic_log_uniform,v6p1i15_0078
spreader,390.0690107885748,390.0690107885748,390.0690107885748,0.3379340525716543,isotropic_linear,v6p1i15_0078
pcb_fr4_equivalent,0.7128420233221807,0.7128420233221807,0.2673157587458177,0.2415298419073224,correlated_log_uniform_axes,v6p1i15_0079
bt_substrate_with_vias,0.1815531506387763,0.1815531506387763,0.444805219065002,0.2831689193844795,correlated_log_uniform_axes,v6p1i15_0079
silicon_interposer_tsv_0p1,135.42457991279662,135.42457991279662,137.99534323159605,0.5141526637598872,correlated_linear_axes,v6p1i15_0079
bump_underfill_under_interposer,0.5211288769664197,0.5211288769664197,4.255885828559094,0.18421162385493517,correlated_log_uniform_axes,v6p1i15_0079
silicon_die_lower,102.7734202798456,102.7734202798456,102.7734202798456,0.05546840559691191,isotropic_linear,v6p1i15_0079
tim_between_dies,4.041450590220129,4.041450590220129,4.041450590220129,0.6425445284694433,isotropic_log_uniform,v6p1i15_0079
silicon_die_upper,109.00263879448175,109.00263879448175,109.00263879448175,0.18005277588963509,isotropic_linear,v6p1i15_0079
tim_to_spreader,1.4656996718652384,1.4656996718652384,1.4656996718652384,0.05616721138358116,isotropic_log_uniform,v6p1i15_0079
spreader,394.7505153529346,394.7505153529346,394.7505153529346,0.6500343568623066,isotropic_linear,v6p1i15_0079
pcb_fr4_equivalent,0.7036482347264136,0.7036482347264136,0.263868088022405,0.212442590855062,correlated_log_uniform_axes,v6p1i15_0080
bt_substrate_with_vias,0.22768400884116732,0.22768400884116732,0.55782582166086,0.7904887329787016,correlated_log_uniform_axes,v6p1i15_0080
silicon_interposer_tsv_0p1,120.87887990288436,120.87887990288436,121.02535988669842,0.029295996762812138,correlated_linear_axes,v6p1i15_0080
bump_underfill_under_interposer,0.6504436792094697,0.6504436792094697,5.311956713544001,0.6808814499527216,correlated_log_uniform_axes,v6p1i15_0080
silicon_die_lower,136.49465409107506,136.49465409107506,136.49465409107506,0.7298930818215013,isotropic_linear,v6p1i15_0080
tim_between_dies,2.9360967042211925,2.9360967042211925,2.9360967042211925,0.4578199004754424,isotropic_log_uniform,v6p1i15_0080
silicon_die_upper,118.85800380259752,118.85800380259752,118.85800380259752,0.37716007605195045,isotropic_linear,v6p1i15_0080
tim_to_spreader,6.859375306206617,6.859375306206617,6.859375306206617,0.948380989022553,isotropic_log_uniform,v6p1i15_0080
spreader,394.13059985265136,394.13059985265136,394.13059985265136,0.6087066568434238,isotropic_linear,v6p1i15_0080
pcb_fr4_equivalent,0.9806868966993506,0.9806868966993506,0.36775758626225646,0.9563015876337886,correlated_log_uniform_axes,v6p1i15_0081
bt_substrate_with_vias,0.18079163202064932,0.18079163202064932,0.4429394984505909,0.27375056967139244,correlated_log_uniform_axes,v6p1i15_0081
silicon_interposer_tsv_0p1,143.65456913597882,143.65456913597882,147.59699732530862,0.7884856378659606,correlated_linear_axes,v6p1i15_0081
bump_underfill_under_interposer,0.5957134941361228,0.5957134941361228,4.864993535445002,0.4839345160871744,correlated_log_uniform_axes,v6p1i15_0081
silicon_die_lower,116.05859212577343,116.05859212577343,116.05859212577343,0.3211718425154686,isotropic_linear,v6p1i15_0081
tim_between_dies,5.086174118580087,5.086174118580087,5.086174118580087,0.7754687443375587,isotropic_log_uniform,v6p1i15_0081
silicon_die_upper,135.4209880810231,135.4209880810231,135.4209880810231,0.7084197616204619,isotropic_linear,v6p1i15_0081
tim_to_spreader,1.3358372842744992,1.3358372842744992,1.3358372842744992,0.0025318097323179245,isotropic_log_uniform,v6p1i15_0081
spreader,391.2837910745293,391.2837910745293,391.2837910745293,0.41891940496861935,isotropic_linear,v6p1i15_0081
pcb_fr4_equivalent,0.8556874915047014,0.8556874915047014,0.320882809314263,0.6507852263748646,correlated_log_uniform_axes,v6p1i15_0082
bt_substrate_with_vias,0.21062084519136393,0.21062084519136393,0.5160210707188416,0.6159392865374684,correlated_log_uniform_axes,v6p1i15_0082
silicon_interposer_tsv_0p1,132.913336744532,132.913336744532,135.06555953528732,0.4304445581510663,correlated_linear_axes,v6p1i15_0082
bump_underfill_under_interposer,0.6747757703381807,0.6747757703381807,5.510668791095142,0.7631731629371643,correlated_log_uniform_axes,v6p1i15_0082
silicon_die_lower,108.88534979894757,108.88534979894757,108.88534979894757,0.17770699597895145,isotropic_linear,v6p1i15_0082
tim_between_dies,4.1821536514403785,4.1821536514403785,4.1821536514403785,0.6623295666649938,isotropic_log_uniform,v6p1i15_0082
silicon_die_upper,111.62207322195172,111.62207322195172,111.62207322195172,0.23244146443903446,isotropic_linear,v6p1i15_0082
tim_to_spreader,2.7147795424456636,2.7147795424456636,2.7147795424456636,0.41251192428171635,isotropic_log_uniform,v6p1i15_0082
spreader,387.01179374940693,387.01179374940693,387.01179374940693,0.13411958329379559,isotropic_linear,v6p1i15_0082
pcb_fr4_equivalent,0.7621124029485784,0.7621124029485784,0.2857921511057168,0.3912859633564949,correlated_log_uniform_axes,v6p1i15_0083
bt_substrate_with_vias,0.1650731349987736,0.1650731349987736,0.40442918074699535,0.06994332280009985,correlated_log_uniform_axes,v6p1i15_0083
silicon_interposer_tsv_0p1,138.81791674531996,138.81791674531996,141.9542362028733,0.6272638915106654,correlated_linear_axes,v6p1i15_0083
bump_underfill_under_interposer,0.4995906159660316,0.4995906159660316,4.079990030389258,0.08963488042354584,correlated_log_uniform_axes,v6p1i15_0083
silicon_die_lower,138.59567693434656,138.59567693434656,138.59567693434656,0.7719135386869311,isotropic_linear,v6p1i15_0083
tim_between_dies,1.587809115735864,1.587809115735864,1.587809115735864,0.10243033058941364,isotropic_log_uniform,v6p1i15_0083
silicon_die_upper,146.5501066762954,146.5501066762954,146.5501066762954,0.931002133525908,isotropic_linear,v6p1i15_0083
tim_to_spreader,3.815154055309409,3.815154055309409,3.815154055309409,0.6092313313856721,isotropic_log_uniform,v6p1i15_0083
spreader,397.34859654679894,397.34859654679894,397.34859654679894,0.8232397697865963,isotropic_linear,v6p1i15_0083
pcb_fr4_equivalent,0.732203186041254,0.732203186041254,0.27457619476547024,0.30157688818871975,correlated_log_uniform_axes,v6p1i15_0084
bt_substrate_with_vias,0.21635481150579292,0.21635481150579292,0.5300692881891927,0.6761250523850322,correlated_log_uniform_axes,v6p1i15_0084
silicon_interposer_tsv_0p1,146.4367211703211,146.4367211703211,150.84284136537462,0.8812240390107036,correlated_linear_axes,v6p1i15_0084
bump_underfill_under_interposer,0.528774623265843,0.528774623265843,4.318326090004384,0.2168473917990923,correlated_log_uniform_axes,v6p1i15_0084
silicon_die_lower,149.24593665637076,149.24593665637076,149.24593665637076,0.9849187331274152,isotropic_linear,v6p1i15_0084
tim_between_dies,2.0981482450270597,2.0981482450270597,2.0981482450270597,0.26355430390685797,isotropic_log_uniform,v6p1i15_0084
silicon_die_upper,106.04153368622065,106.04153368622065,106.04153368622065,0.12083067372441292,isotropic_linear,v6p1i15_0084
tim_to_spreader,2.3876675419019584,2.3876675419019584,2.3876675419019584,0.3382840249687433,isotropic_log_uniform,v6p1i15_0084
spreader,386.2964823562652,386.2964823562652,386.2964823562652,0.08643215708434582,isotropic_linear,v6p1i15_0084
pcb_fr4_equivalent,0.8219490379684347,0.8219490379684347,0.30823088923816294,0.5606485549360514,correlated_log_uniform_axes,v6p1i15_0085
bt_substrate_with_vias,0.16958478968688903,0.16958478968688903,0.41548273473287817,0.1303627649322152,correlated_log_uniform_axes,v6p1i15_0085
silicon_interposer_tsv_0p1,125.53076966665685,125.53076966665685,126.45256461109966,0.18435898888856173,correlated_linear_axes,v6p1i15_0085
bump_underfill_under_interposer,0.7120081440870417,0.7120081440870417,5.814733176710841,0.8835192490369081,correlated_log_uniform_axes,v6p1i15_0085
silicon_die_lower,104.05404213815928,104.05404213815928,104.05404213815928,0.0810808427631855,isotropic_linear,v6p1i15_0085
tim_between_dies,6.768355530548439,6.768355530548439,6.768355530548439,0.9406582415103912,isotropic_log_uniform,v6p1i15_0085
silicon_die_upper,139.69244095496833,139.69244095496833,139.69244095496833,0.7938488190993667,isotropic_linear,v6p1i15_0085
tim_to_spreader,4.054210767188545,4.054210767188545,4.054210767188545,0.6443669879809022,isotropic_log_uniform,v6p1i15_0085
spreader,398.5228151269257,398.5228151269257,398.5228151269257,0.9015210084617138,isotropic_linear,v6p1i15_0085
pcb_fr4_equivalent,0.9421377911188349,0.9421377911188349,0.35330167166956306,0.8664453001692891,correlated_log_uniform_axes,v6p1i15_0086
bt_substrate_with_vias,0.2477860508077727,0.2477860508077727,0.6070758244790431,0.9800683408975601,correlated_log_uniform_axes,v6p1i15_0086
silicon_interposer_tsv_0p1,136.03708167560399,136.03708167560399,138.70992862153798,0.5345693891867995,correlated_linear_axes,v6p1i15_0086
bump_underfill_under_interposer,0.5620995889780648,0.5620995889780648,4.590479976654195,0.3537922874093056,correlated_log_uniform_axes,v6p1i15_0086
silicon_die_lower,121.00206343457103,121.00206343457103,121.00206343457103,0.42004126869142056,isotropic_linear,v6p1i15_0086
tim_between_dies,3.9146014002222818,3.9146014002222818,3.9146014002222818,0.6241079615429044,isotropic_log_uniform,v6p1i15_0086
silicon_die_upper,113.64906700327992,113.64906700327992,113.64906700327992,0.2729813400655985,isotropic_linear,v6p1i15_0086
tim_to_spreader,5.342316216535103,5.342316216535103,5.342316216535103,0.8038740875199437,isotropic_log_uniform,v6p1i15_0086
spreader,395.29097152873874,395.29097152873874,395.29097152873874,0.6860647685825825,isotropic_linear,v6p1i15_0086
pcb_fr4_equivalent,0.6761180470197501,0.6761180470197501,0.25354426763240623,0.1230138847604394,correlated_log_uniform_axes,v6p1i15_0087
bt_substrate_with_vias,0.19677426571258666,0.19677426571258666,0.48209695099583744,0.4635657090693712,correlated_log_uniform_axes,v6p1i15_0087
silicon_interposer_tsv_0p1,128.26002093963325,128.26002093963325,129.6366910962388,0.27533403132110834,correlated_linear_axes,v6p1i15_0087
bump_underfill_under_interposer,0.6161620477136749,0.6161620477136749,5.031990056328345,0.5595588311553001,correlated_log_uniform_axes,v6p1i15_0087
silicon_die_lower,125.66358926706016,125.66358926706016,125.66358926706016,0.5132717853412032,isotropic_linear,v6p1i15_0087
tim_between_dies,1.7959186906887339,1.7959186906887339,1.7959186906887339,0.17363333143293858,isotropic_log_uniform,v6p1i15_0087
silicon_die_upper,128.16578638739884,128.16578638739884,128.16578638739884,0.5633157277479768,isotropic_linear,v6p1i15_0087
tim_to_spreader,2.0446807885642073,2.0446807885642073,2.0446807885642073,0.24863083474338055,isotropic_log_uniform,v6p1i15_0087
spreader,390.58369987644255,390.58369987644255,390.58369987644255,0.37224665842950344,isotropic_linear,v6p1i15_0087
pcb_fr4_equivalent,0.6447880691415389,0.6447880691415389,0.24179552592807702,0.01670115813612938,correlated_log_uniform_axes,v6p1i15_0088
bt_substrate_with_vias,0.20285943910869153,0.20285943910869153,0.4970056258162943,0.5318090179935098,correlated_log_uniform_axes,v6p1i15_0088
silicon_interposer_tsv_0p1,137.9129466880113,137.9129466880113,140.89843780267984,0.5970982229337096,correlated_linear_axes,v6p1i15_0088
bump_underfill_under_interposer,0.7338375588162513,0.7338375588162513,5.993006730332718,0.9511849842965603,correlated_log_uniform_axes,v6p1i15_0088
silicon_die_lower,112.88833254948258,112.88833254948258,112.88833254948258,0.2577666509896517,isotropic_linear,v6p1i15_0088
tim_between_dies,1.37969623420831,1.37969623420831,1.37969623420831,0.021208245307207108,isotropic_log_uniform,v6p1i15_0088
silicon_die_upper,101.40920439735055,101.40920439735055,101.40920439735055,0.028184087947010994,isotropic_linear,v6p1i15_0088
tim_to_spreader,2.213100470616053,2.213100470616053,2.213100470616053,0.29439118318259716,isotropic_log_uniform,v6p1i15_0088
spreader,385.0679508736357,385.0679508736357,385.0679508736357,0.004530058242380619,isotropic_linear,v6p1i15_0088
pcb_fr4_equivalent,0.905335193412239,0.905335193412239,0.33950069752958956,0.7771613299846649,correlated_log_uniform_axes,v6p1i15_0089
bt_substrate_with_vias,0.1612396607945005,0.1612396607945005,0.3950371689465263,0.017293843440711498,correlated_log_uniform_axes,v6p1i15_0089
silicon_interposer_tsv_0p1,130.13611304573715,130.13611304573715,131.82546522002667,0.3378704348579049,correlated_linear_axes,v6p1i15_0089
bump_underfill_under_interposer,0.5130347245568997,0.5130347245568997,4.189783583881346,0.14913589879870415,correlated_log_uniform_axes,v6p1i15_0089
silicon_die_lower,133.03139894269407,133.03139894269407,133.03139894269407,0.6606279788538814,isotropic_linear,v6p1i15_0089
tim_between_dies,4.575398347196051,4.575398347196051,4.575398347196051,0.7142843408510089,isotropic_log_uniform,v6p1i15_0089
silicon_die_upper,141.18689824827015,141.18689824827015,141.18689824827015,0.8237379649654031,isotropic_linear,v6p1i15_0089
tim_to_spreader,4.648242626958907,4.648242626958907,4.648242626958907,0.7234161170199513,isotropic_log_uniform,v6p1i15_0089
spreader,399.165639472194,399.165639472194,399.165639472194,0.9443759648129344,isotropic_linear,v6p1i15_0089
pcb_fr4_equivalent,0.8294572736210373,0.8294572736210373,0.311046477607889,0.581023789010942,correlated_log_uniform_axes,v6p1i15_0090
bt_substrate_with_vias,0.2363708603388273,0.2363708603388273,0.579108607830127,0.8743882495909929,correlated_log_uniform_axes,v6p1i15_0090
silicon_interposer_tsv_0p1,148.31039750017226,148.31039750017226,153.0287970835343,0.9436799166724086,correlated_linear_axes,v6p1i15_0090
bump_underfill_under_interposer,0.6328422515039018,0.6328422515039018,5.168211720615198,0.6194108631461859,correlated_log_uniform_axes,v6p1i15_0090
silicon_die_lower,141.8644413817674,141.8644413817674,141.8644413817674,0.8372888276353478,isotropic_linear,v6p1i15_0090
tim_between_dies,5.7943549275895645,5.7943549275895645,5.7943549275895645,0.8508323561400175,isotropic_log_uniform,v6p1i15_0090
silicon_die_upper,118.01436599344015,118.01436599344015,118.01436599344015,0.360287319868803,isotropic_linear,v6p1i15_0090
tim_to_spreader,5.424664241447842,5.424664241447842,5.424664241447842,0.8127175206318498,isotropic_log_uniform,v6p1i15_0090
spreader,395.8200418250635,395.8200418250635,395.8200418250635,0.7213361216709018,isotropic_linear,v6p1i15_0090
pcb_fr4_equivalent,0.7435960970550874,0.7435960970550874,0.2788485363956577,0.33617335092276335,correlated_log_uniform_axes,v6p1i15_0091
bt_substrate_with_vias,0.18510902249293407,0.18510902249293407,0.45351710510768856,0.3266308754682541,correlated_log_uniform_axes,v6p1i15_0091
silicon_interposer_tsv_0p1,127.40513085387647,127.40513085387647,128.63931932952255,0.24683769512921572,correlated_linear_axes,v6p1i15_0091
bump_underfill_under_interposer,0.5472728106054892,0.5472728106054892,4.469394619944828,0.29389447532594204,correlated_log_uniform_axes,v6p1i15_0091
silicon_die_lower,112.25174367427826,112.25174367427826,112.25174367427826,0.24503487348556519,isotropic_linear,v6p1i15_0091
tim_between_dies,2.729451305108044,2.729451305108044,2.729451305108044,0.41562794242054224,isotropic_log_uniform,v6p1i15_0091
silicon_die_upper,126.93835939280689,126.93835939280689,126.93835939280689,0.5387671878561378,isotropic_linear,v6p1i15_0091
tim_to_spreader,1.6778499578408441,1.6778499578408441,1.6778499578408441,0.13431867398321629,isotropic_log_uniform,v6p1i15_0091
spreader,389.23409012611955,389.23409012611955,389.23409012611955,0.28227267507463694,isotropic_linear,v6p1i15_0091
pcb_fr4_equivalent,0.7986936143321872,0.7986936143321872,0.2995101053745701,0.49633796978741884,correlated_log_uniform_axes,v6p1i15_0092
bt_substrate_with_vias,0.24288370755093644,0.24288370755093644,0.5950650834997945,0.9352924190461636,correlated_log_uniform_axes,v6p1i15_0092
silicon_interposer_tsv_0p1,134.78919013403356,134.78919013403356,137.2540551563725,0.49297300446778536,correlated_linear_axes,v6p1i15_0092
bump_underfill_under_interposer,0.577729501727154,0.577729501727154,4.71812426410509,0.4152476377785206,correlated_log_uniform_axes,v6p1i15_0092
silicon_die_lower,101.37107810005546,101.37107810005546,101.37107810005546,0.027421562001109123,isotropic_linear,v6p1i15_0092
tim_between_dies,1.879067640965106,1.879067640965106,1.879067640965106,0.19979878887534142,isotropic_log_uniform,v6p1i15_0092
silicon_die_upper,123.69709247723222,123.69709247723222,123.69709247723222,0.47394184954464436,isotropic_linear,v6p1i15_0092
tim_to_spreader,6.68860717453584,6.68860717453584,6.68860717453584,0.9338059956207871,isotropic_log_uniform,v6p1i15_0092
spreader,393.25364366639405,393.25364366639405,393.25364366639405,0.550242911092937,isotropic_linear,v6p1i15_0092
pcb_fr4_equivalent,0.8907470493321425,0.8907470493321425,0.3340301434995534,0.7407615268602967,correlated_log_uniform_axes,v6p1i15_0093
bt_substrate_with_vias,0.1901902383642306,0.1901902383642306,0.465966083992365,0.38730899803340435,correlated_log_uniform_axes,v6p1i15_0093
silicon_interposer_tsv_0p1,140.69399722851813,140.69399722851813,144.14299676660448,0.689799907617271,correlated_linear_axes,v6p1i15_0093
bump_underfill_under_interposer,0.6706774674394361,0.6706774674394361,5.477199317422062,0.749522540718317,correlated_log_uniform_axes,v6p1i15_0093
silicon_die_lower,146.8559681903571,146.8559681903571,146.8559681903571,0.9371193638071418,isotropic_linear,v6p1i15_0093
tim_between_dies,3.1704072597847412,3.1704072597847412,3.1704072597847412,0.5022079078480601,isotropic_log_uniform,v6p1i15_0093
silicon_die_upper,133.69383667595685,133.69383667595685,133.69383667595685,0.6738767335191369,isotropic_linear,v6p1i15_0093
tim_to_spreader,1.622044510738351,1.622044510738351,1.622044510738351,0.11476307548582554,isotropic_log_uniform,v6p1i15_0093
spreader,392.2781619941816,392.2781619941816,392.2781619941816,0.4852107996121049,isotropic_linear,v6p1i15_0093
pcb_fr4_equivalent,0.9723566750294095,0.9723566750294095,0.3646337531360285,0.9371870886534452,correlated_log_uniform_axes,v6p1i15_0094
bt_substrate_with_vias,0.2207444410632107,0.2207444410632107,0.5408238806048662,0.7211318453773856,correlated_log_uniform_axes,v6p1i15_0094
silicon_interposer_tsv_0p1,122.75257322005928,122.75257322005928,123.21133542340249,0.09175244066864252,correlated_linear_axes,v6p1i15_0094
bump_underfill_under_interposer,0.4862004664974394,0.4862004664974394,3.9706371430624214,0.02875932864844799,correlated_log_uniform_axes,v6p1i15_0094
silicon_die_lower,128.24814380146563,128.24814380146563,128.24814380146563,0.5649628760293126,isotropic_linear,v6p1i15_0094
tim_between_dies,6.7136954269461695,6.7136954269461695,6.7136954269461695,0.9359704311937094,isotropic_log_uniform,v6p1i15_0094
silicon_die_upper,106.7082179710269,106.7082179710269,106.7082179710269,0.13416435942053795,isotropic_linear,v6p1i15_0094
tim_to_spreader,2.9196279770717526,2.9196279770717526,2.9196279770717526,0.45456802658736706,isotropic_log_uniform,v6p1i15_0094
spreader,388.12678517308086,388.12678517308086,388.12678517308086,0.20845234487205744,isotropic_linear,v6p1i15_0094
pcb_fr4_equivalent,0.692653327324346,0.692653327324346,0.25974499774662974,0.17715378291904926,correlated_log_uniform_axes,v6p1i15_0095
bt_substrate_with_vias,0.17543743100531256,0.17543743100531256,0.4298217059630159,0.20638876873999834,correlated_log_uniform_axes,v6p1i15_0095
silicon_interposer_tsv_0p1,145.5289473105222,145.5289473105222,149.7837718622759,0.85096491035074,correlated_linear_axes,v6p1i15_0095
bump_underfill_under_interposer,0.6933452001287573,0.6933452001287573,5.662319134384851,0.8240029644221067,correlated_log_uniform_axes,v6p1i15_0095
silicon_die_lower,123.48898854106665,123.48898854106665,123.48898854106665,0.46977977082133293,isotropic_linear,v6p1i15_0095
tim_between_dies,2.479354362098943,2.479354362098943,2.479354362098943,0.3600685531273484,isotropic_log_uniform,v6p1i15_0095
silicon_die_upper,148.35202465765178,148.35202465765178,148.35202465765178,0.9670404931530356,isotropic_linear,v6p1i15_0095
tim_to_spreader,3.2933707209453353,3.2933707209453353,3.2933707209453353,0.5242065163329244,isotropic_log_uniform,v6p1i15_0095
spreader,396.5849366458133,396.5849366458133,396.5849366458133,0.7723291097208858,isotropic_linear,v6p1i15_0095
pcb_fr4_equivalent,0.6887392933608982,0.6887392933608982,0.25827723501033684,0.16445610579103231,correlated_log_uniform_axes,v6p1i15_0096
bt_substrate_with_vias,0.2396001157443082,0.2396001157443082,0.5870202835735551,0.9047931963577867,correlated_log_uniform_axes,v6p1i15_0096
silicon_interposer_tsv_0p1,140.5290638934821,140.5290638934821,143.95057454239577,0.6843021297827363,correlated_linear_axes,v6p1i15_0096
bump_underfill_under_interposer,0.6105704823882974,0.6105704823882974,4.986325606171095,0.5391319440677762,correlated_log_uniform_axes,v6p1i15_0096
silicon_die_lower,147.22176822833717,147.22176822833717,147.22176822833717,0.9444353645667434,isotropic_linear,v6p1i15_0096
tim_between_dies,2.771740351496915,2.771740351496915,2.771740351496915,0.4245165316388011,isotropic_log_uniform,v6p1i15_0096
silicon_die_upper,111.81923598051071,111.81923598051071,111.81923598051071,0.23638471961021423,isotropic_linear,v6p1i15_0096
tim_to_spreader,4.75858230773634,4.75858230773634,4.75858230773634,0.736979303881526,isotropic_log_uniform,v6p1i15_0096
spreader,391.47277760785073,391.47277760785073,391.47277760785073,0.4315185071900487,isotropic_linear,v6p1i15_0096
pcb_fr4_equivalent,0.9601429941586885,0.9601429941586885,0.36005362280950814,0.9088634802028537,correlated_log_uniform_axes,v6p1i15_0097
bt_substrate_with_vias,0.19311730928870754,0.19311730928870754,0.47313740775733354,0.4215313596650958,correlated_log_uniform_axes,v6p1i15_0097
silicon_interposer_tsv_0p1,131.43112462945282,131.43112462945282,133.33631206769496,0.3810374876484275,correlated_linear_axes,v6p1i15_0097
bump_underfill_under_interposer,0.5671111107578544,0.5671111107578544,4.631407404522476,0.37368129659444094,correlated_log_uniform_axes,v6p1i15_0097
silicon_die_lower,104.91070924326777,104.91070924326777,104.91070924326777,0.09821418486535549,isotropic_linear,v6p1i15_0097
tim_between_dies,6.0054126966193015,6.0054126966193015,6.0054126966193015,0.871516015380621,isotropic_log_uniform,v6p1i15_0097
silicon_die_upper,145.57255147956312,145.57255147956312,145.57255147956312,0.9114510295912623,isotropic_linear,v6p1i15_0097
tim_to_spreader,2.2646932750335336,2.2646932750335336,2.2646932750335336,0.3077140422537923,isotropic_log_uniform,v6p1i15_0097
spreader,394.2938627162948,394.2938627162948,394.2938627162948,0.6195908477529883,isotropic_linear,v6p1i15_0097
pcb_fr4_equivalent,0.8864879010367224,0.8864879010367224,0.33243296288877083,0.730021771043539,correlated_log_uniform_axes,v6p1i15_0098
bt_substrate_with_vias,0.2175800558697167,0.2175800558697167,0.5330711368808061,0.6887786779552698,correlated_log_uniform_axes,v6p1i15_0098
silicon_interposer_tsv_0p1,143.24707156978548,143.24707156978548,147.12158349808306,0.7749023856595159,correlated_linear_axes,v6p1i15_0098
bump_underfill_under_interposer,0.7181220438372136,0.7181220438372136,5.86466335800391,0.9026777287945151,correlated_log_uniform_axes,v6p1i15_0098
silicon_die_lower,119.99737415462732,119.99737415462732,119.99737415462732,0.39994748309254646,isotropic_linear,v6p1i15_0098
tim_between_dies,4.37020236458676,4.37020236458676,4.37020236458676,0.6877573067322373,isotropic_log_uniform,v6p1i15_0098
silicon_die_upper,120.2266133390367,120.2266133390367,120.2266133390367,0.40453226678073406,isotropic_linear,v6p1i15_0098
tim_to_spreader,1.742438601286192,1.742438601286192,1.742438601286192,0.1561559373512864,isotropic_log_uniform,v6p1i15_0098
spreader,397.65405158046633,397.65405158046633,397.65405158046633,0.8436034386977553,isotropic_linear,v6p1i15_0098
pcb_fr4_equivalent,0.7893513792632224,0.7893513792632224,0.29600676722370833,0.4699741303920746,correlated_log_uniform_axes,v6p1i15_0099
bt_substrate_with_vias,0.1776740531959898,0.1776740531959898,0.4353014303301751,0.2347746416926384,correlated_log_uniform_axes,v6p1i15_0099
silicon_interposer_tsv_0p1,121.02802307344973,121.02802307344973,121.19936025235802,0.034267435781657696,correlated_linear_axes,v6p1i15_0099
bump_underfill_under_interposer,0.5243772212236617,0.5243772212236617,4.2824139733265705,0.19813525583595037,correlated_log_uniform_axes,v6p1i15_0099
silicon_die_lower,127.83270427025855,127.83270427025855,127.83270427025855,0.5566540854051709,isotropic_linear,v6p1i15_0099
tim_between_dies,1.3632093200242572,1.3632093200242572,1.3632093200242572,0.014258211478590965,isotropic_log_uniform,v6p1i15_0099
silicon_die_upper,134.8327709827572,134.8327709827572,134.8327709827572,0.6966554196551442,isotropic_linear,v6p1i15_0099
tim_to_spreader,5.631070441120156,5.631070441120156,5.631070441120156,0.8343068305402994,isotropic_log_uniform,v6p1i15_0099
spreader,387.291589374654,387.291589374654,387.291589374654,0.152772624976933,isotropic_linear,v6p1i15_0099
pcb_fr4_equivalent,0.7374632132702081,0.7374632132702081,0.276548704976328,0.3176162373274565,correlated_log_uniform_axes,v6p1i15_0100
bt_substrate_with_vias,0.20032094998392588,0.20032094998392588,0.49078632746061845,0.5035928972065449,correlated_log_uniform_axes,v6p1i15_0100
silicon_interposer_tsv_0p1,128.64554629661143,128.64554629661143,130.08647067938,0.2881848765537143,correlated_linear_axes,v6p1i15_0100
bump_underfill_under_interposer,0.49684817347229565,0.49684817347229565,4.057593416690414,0.07730088848620653,correlated_log_uniform_axes,v6p1i15_0100
silicon_die_lower,135.79054973088205,135.79054973088205,135.79054973088205,0.715810994617641,isotropic_linear,v6p1i15_0100
tim_between_dies,2.458081846010026,2.458081846010026,2.458081846010026,0.3550869030877948,isotropic_log_uniform,v6p1i15_0100
silicon_die_upper,113.06221410632133,113.06221410632133,113.06221410632133,0.2612442821264267,isotropic_linear,v6p1i15_0100
tim_to_spreader,1.574522061025607,1.574522061025607,1.574522061025607,0.09757211152464151,isotropic_log_uniform,v6p1i15_0100
spreader,398.3309139544144,398.3309139544144,398.3309139544144,0.8887275969609618,isotropic_linear,v6p1i15_0100
pcb_fr4_equivalent,0.8283722408390013,0.8283722408390013,0.31063959031462546,0.5780907440930605,correlated_log_uniform_axes,v6p1i15_0101
bt_substrate_with_vias,0.1635633533576391,0.1635633533576391,0.4007302157262158,0.04935518465936184,correlated_log_uniform_axes,v6p1i15_0101
silicon_interposer_tsv_0p1,135.86596629582345,135.86596629582345,138.51029401179403,0.5288655431941152,correlated_linear_axes,v6p1i15_0101
bump_underfill_under_interposer,0.6783397816956498,0.6783397816956498,5.539774883847806,0.7749769361689687,correlated_log_uniform_axes,v6p1i15_0101
silicon_die_lower,118.72365223243833,118.72365223243833,118.72365223243833,0.3744730446487665,isotropic_linear,v6p1i15_0101
tim_between_dies,6.434132728623443,6.434132728623443,6.434132728623443,0.9113812632858753,isotropic_log_uniform,v6p1i15_0101
silicon_die_upper,129.53455611132085,129.53455611132085,129.53455611132085,0.5906911222264171,isotropic_linear,v6p1i15_0101
tim_to_spreader,6.489775543999802,6.489775543999802,6.489775543999802,0.9163594488054514,isotropic_log_uniform,v6p1i15_0101
spreader,386.13750747870654,386.13750747870654,386.13750747870654,0.07583383191376925,isotropic_linear,v6p1i15_0101
pcb_fr4_equivalent,0.8970879818647538,0.8970879818647538,0.33640799319928266,0.7566558914259076,correlated_log_uniform_axes,v6p1i15_0102
bt_substrate_with_vias,0.23279315128765252,0.23279315128765252,0.5703432206547486,0.8402135735377669,correlated_log_uniform_axes,v6p1i15_0102
silicon_interposer_tsv_0p1,123.81229874677956,123.81229874677956,124.44768187124282,0.12707662489265203,correlated_linear_axes,v6p1i15_0102
bump_underfill_under_interposer,0.598794148657235,0.598794148657235,4.890152214034086,0.4954921966418624,correlated_log_uniform_axes,v6p1i15_0102
silicon_die_lower,106.36831186711788,106.36831186711788,106.36831186711788,0.12736623734235764,isotropic_linear,v6p1i15_0102
tim_between_dies,3.296921156245534,3.296921156245534,3.296921156245534,0.5248294332996011,isotropic_log_uniform,v6p1i15_0102
silicon_die_upper,105.0630553625524,105.0630553625524,105.0630553625524,0.10126110725104809,isotropic_linear,v6p1i15_0102
tim_to_spreader,3.237405540387444,3.237405540387444,3.237405540387444,0.5142978113144636,isotropic_log_uniform,v6p1i15_0102
spreader,390.27394976001233,390.27394976001233,390.27394976001233,0.3515966506674886,isotropic_linear,v6p1i15_0102
pcb_fr4_equivalent,0.6433854626872972,0.6433854626872972,0.24126954850773646,0.011821635998785496,correlated_log_uniform_axes,v6p1i15_0103
bt_substrate_with_vias,0.1876111851232964,0.1876111851232964,0.45964740355207623,0.35671620536595583,correlated_log_uniform_axes,v6p1i15_0103
silicon_interposer_tsv_0p1,147.9116095136851,147.9116095136851,152.56354443263263,0.9303869837895036,correlated_linear_axes,v6p1i15_0103
bump_underfill_under_interposer,0.6472240006924829,0.6472240006924829,5.285662672321943,0.669762453995645,correlated_log_uniform_axes,v6p1i15_0103
silicon_die_lower,139.15483471937478,139.15483471937478,139.15483471937478,0.7830966943874955,isotropic_linear,v6p1i15_0103
tim_between_dies,1.914689150190812,1.914689150190812,1.914689150190812,0.21065576188266277,isotropic_log_uniform,v6p1i15_0103
silicon_die_upper,139.88900245167315,139.88900245167315,139.88900245167315,0.797780049033463,isotropic_linear,v6p1i15_0103
tim_to_spreader,2.8688589530364377,2.8688589530364377,2.8688589530364377,0.44442662317305803,isotropic_log_uniform,v6p1i15_0103
spreader,395.01409775111824,395.01409775111824,395.01409775111824,0.6676065167412162,isotropic_linear,v6p1i15_0103
pcb_fr4_equivalent,0.6676267963883258,0.6676267963883258,0.25036004864562217,0.09469499066472054,correlated_log_uniform_axes,v6p1i15_0104
bt_substrate_with_vias,0.21364162803042297,0.21364162803042297,0.5234219886745363,0.6478478964418173,correlated_log_uniform_axes,v6p1i15_0104
silicon_interposer_tsv_0p1,125.68860095925629,125.68860095925629,126.63670111913234,0.1896200319752097,correlated_linear_axes,v6p1i15_0104
bump_underfill_under_interposer,0.6992273444582167,0.6992273444582167,5.710356646408769,0.8429323313757777,correlated_log_uniform_axes,v6p1i15_0104
silicon_die_lower,102.12421175092459,102.12421175092459,102.12421175092459,0.042484235018491745,isotropic_linear,v6p1i15_0104
tim_between_dies,1.6173515205878566,1.6173515205878566,1.6173515205878566,0.1130879819393158,isotropic_log_uniform,v6p1i15_0104
silicon_die_upper,117.81708924099803,117.81708924099803,117.81708924099803,0.3563417848199606,isotropic_linear,v6p1i15_0104
tim_to_spreader,1.3779728462425824,1.3779728462425824,1.3779728462425824,0.020485651679337025,isotropic_log_uniform,v6p1i15_0104
spreader,399.3287305906415,399.3287305906415,399.3287305906415,0.9552487060427666,isotropic_linear,v6p1i15_0104
pcb_fr4_equivalent,0.9368151418209503,0.9368151418209503,0.35130567818285635,0.8537504151463509,correlated_log_uniform_axes,v6p1i15_0105
bt_substrate_with_vias,0.1720240615499881,0.1720240615499881,0.4214589507974709,0.16236307099461555,correlated_log_uniform_axes,v6p1i15_0105
silicon_interposer_tsv_0p1,149.78722686879337,149.78722686879337,154.75176468025893,0.9929075622931123,correlated_linear_axes,v6p1i15_0105
bump_underfill_under_interposer,0.48201599498190667,0.48201599498190667,3.9364639590189046,0.009391251020133495,correlated_log_uniform_axes,v6p1i15_0105
silicon_die_lower,144.1422811243683,144.1422811243683,144.1422811243683,0.8828456224873662,isotropic_linear,v6p1i15_0105
tim_between_dies,4.346853365874018,4.346853365874018,4.346853365874018,0.6846602251753211,isotropic_log_uniform,v6p1i15_0105
silicon_die_upper,127.91621782816947,127.91621782816947,127.91621782816947,0.5583243565633893,isotropic_linear,v6p1i15_0105
tim_to_spreader,7.072889318612393,7.072889318612393,7.072889318612393,0.9661021362990141,isotropic_log_uniform,v6p1i15_0105
spreader,385.2566513326019,385.2566513326019,385.2566513326019,0.01711008884012699,isotropic_linear,v6p1i15_0105
pcb_fr4_equivalent,0.8123330397291366,0.8123330397291366,0.30462488989842623,0.534279896877706,correlated_log_uniform_axes,v6p1i15_0106
bt_substrate_with_vias,0.24404220887245165,0.24404220887245165,0.5979034117375065,0.9459547000005841,correlated_log_uniform_axes,v6p1i15_0106
silicon_interposer_tsv_0p1,130.5196884367615,130.5196884367615,132.27296984288841,0.3506562812253833,correlated_linear_axes,v6p1i15_0106
bump_underfill_under_interposer,0.6648311729551889,0.6648311729551889,5.429454579134043,0.7299046451225877,correlated_log_uniform_axes,v6p1i15_0106
silicon_die_lower,130.71617628447711,130.71617628447711,130.71617628447711,0.6143235256895423,isotropic_linear,v6p1i15_0106
tim_between_dies,4.877076906060793,4.877076906060793,4.877076906060793,0.7511990610510111,isotropic_log_uniform,v6p1i15_0106
silicon_die_upper,100.04114992916584,100.04114992916584,100.04114992916584,0.000822998583316803,isotropic_linear,v6p1i15_0106
tim_to_spreader,3.8792630043552356,3.8792630043552356,3.8792630043552356,0.6188653204590082,isotropic_log_uniform,v6p1i15_0106
spreader,389.5141718816012,389.5141718816012,389.5141718816012,0.3009447921067476,isotropic_linear,v6p1i15_0106
pcb_fr4_equivalent,0.7287011709404245,0.7287011709404245,0.27326293910265914,0.29083420615643263,correlated_log_uniform_axes,v6p1i15_0107
bt_substrate_with_vias,0.19943954270687966,0.19943954270687966,0.4886268796318552,0.49371207412332296,correlated_log_uniform_axes,v6p1i15_0107
silicon_interposer_tsv_0p1,137.73988134227693,137.73988134227693,140.69652823265642,0.5913293780758977,correlated_linear_axes,v6p1i15_0107
bump_underfill_under_interposer,0.5829477895615479,0.5829477895615479,4.760740281419307,0.43539578560739756,correlated_log_uniform_axes,v6p1i15_0107
silicon_die_lower,122.97848155722022,122.97848155722022,122.97848155722022,0.4595696311444044,isotropic_linear,v6p1i15_0107
tim_between_dies,2.9117458216338963,2.9117458216338963,2.9117458216338963,0.45300513971596956,isotropic_log_uniform,v6p1i15_0107
silicon_die_upper,141.7743710335344,141.7743710335344,141.7743710335344,0.8354874206706882,isotropic_linear,v6p1i15_0107
tim_to_spreader,2.7591779712488544,2.7591779712488544,2.7591779712488544,0.42189032677561045,isotropic_log_uniform,v6p1i15_0107
spreader,396.12566843628883,396.12566843628883,396.12566843628883,0.7417112290859222,isotropic_linear,v6p1i15_0107
pcb_fr4_equivalent,0.7611171087061436,0.7611171087061436,0.2854189157648038,0.38835775572806597,correlated_log_uniform_axes,v6p1i15_0108
bt_substrate_with_vias,0.22461202286959506,0.22461202286959506,0.550299456030508,0.7600505454465747,correlated_log_uniform_axes,v6p1i15_0108
silicon_interposer_tsv_0p1,145.12339971028268,145.12339971028268,149.3106329953298,0.8374466570094228,correlated_linear_axes,v6p1i15_0108
bump_underfill_under_interposer,0.549941852731506,0.549941852731506,4.491191797307298,0.3047958267852664,correlated_log_uniform_axes,v6p1i15_0108
silicon_die_lower,114.86346870660782,114.86346870660782,114.86346870660782,0.29726937413215637,isotropic_linear,v6p1i15_0108
tim_between_dies,1.7750640644919924,1.7750640644919924,1.7750640644919924,0.16688070446252823,isotropic_log_uniform,v6p1i15_0108
silicon_die_upper,107.2955290786922,107.2955290786922,107.2955290786922,0.14591058157384396,isotropic_linear,v6p1i15_0108
tim_to_spreader,3.9587410700250483,3.9587410700250483,3.9587410700250483,0.6305902395397425,isotropic_log_uniform,v6p1i15_0108
spreader,392.11901548318565,392.11901548318565,392.11901548318565,0.4746010322123766,isotropic_linear,v6p1i15_0108
pcb_fr4_equivalent,0.8486312266637783,0.8486312266637783,0.3182367099989168,0.6322310278192163,correlated_log_uniform_axes,v6p1i15_0109
bt_substrate_with_vias,0.1835790567399574,0.1835790567399574,0.44976868901289563,0.3080339664593339,correlated_log_uniform_axes,v6p1i15_0109
silicon_interposer_tsv_0p1,122.90366635657847,122.90366635657847,123.38761074934155,0.09678887855261564,correlated_linear_axes,v6p1i15_0109
bump_underfill_under_interposer,0.6296454406117885,0.6296454406117885,5.142104431662939,0.6080632014200091,correlated_log_uniform_axes,v6p1i15_0109
silicon_die_lower,132.2233558166772,132.2233558166772,132.2233558166772,0.6444671163335443,isotropic_linear,v6p1i15_0109
tim_between_dies,3.740909988970001,3.740909988970001,3.740909988970001,0.5978698944672942,isotropic_log_uniform,v6p1i15_0109
silicon_die_upper,146.98260449804366,146.98260449804366,146.98260449804366,0.9396520899608731,isotropic_linear,v6p1i15_0109
tim_to_spreader,2.3304423387505233,2.3304423387505233,2.3304423387505233,0.3242593193426728,isotropic_log_uniform,v6p1i15_0109
spreader,393.0614563077688,393.0614563077688,393.0614563077688,0.5374304205179214,isotropic_linear,v6p1i15_0109
pcb_fr4_equivalent,0.9785515561127447,0.9785515561127447,0.36695683354227926,0.9514173623174429,correlated_log_uniform_axes,v6p1i15_0110
bt_substrate_with_vias,0.2075959275451825,0.2075959275451825,0.5086100224856972,0.5835250839591026,correlated_log_uniform_axes,v6p1i15_0110
silicon_interposer_tsv_0p1,142.40320335142314,142.40320335142314,146.13707057666034,0.7467734450474381,correlated_linear_axes,v6p1i15_0110
bump_underfill_under_interposer,0.510277607925335,0.510277607925335,4.167267131390235,0.13706155214458704,correlated_log_uniform_axes,v6p1i15_0110
silicon_die_lower,142.91813909076154,142.91813909076154,142.91813909076154,0.8583627818152308,isotropic_linear,v6p1i15_0110
tim_between_dies,7.010992460958603,7.010992460958603,7.010992460958603,0.9610205162316561,isotropic_log_uniform,v6p1i15_0110
silicon_die_upper,124.67555366456509,124.67555366456509,124.67555366456509,0.4935110732913017,isotropic_linear,v6p1i15_0110
tim_to_spreader,1.9712807217620576,1.9712807217620576,1.9712807217620576,0.22749553341418505,isotropic_log_uniform,v6p1i15_0110
spreader,396.3083488866687,396.3083488866687,396.3083488866687,0.7538899257779121,isotropic_linear,v6p1i15_0110
pcb_fr4_equivalent,0.6972374294195324,0.6972374294195324,0.2614640360323246,0.1919343415647745,correlated_log_uniform_axes,v6p1i15_0111
bt_substrate_with_vias,0.16717307080611746,0.16717307080611746,0.4095740234749878,0.0982681605964899,correlated_log_uniform_axes,v6p1i15_0111
silicon_interposer_tsv_0p1,133.30503699369729,133.30503699369729,135.5225431593135,0.44350123312324286,correlated_linear_axes,v6p1i15_0111
bump_underfill_under_interposer,0.7379797285431363,0.7379797285431363,6.026834449768946,0.9637971827760339,correlated_log_uniform_axes,v6p1i15_0111
silicon_die_lower,110.03398085013032,110.03398085013032,110.03398085013032,0.2006796170026064,isotropic_linear,v6p1i15_0111
tim_between_dies,2.1300341020723232,2.1300341020723232,2.1300341020723232,0.2722740890458226,isotropic_log_uniform,v6p1i15_0111
silicon_die_upper,133.4974845405668,133.4974845405668,133.4974845405668,0.669949690811336,isotropic_linear,v6p1i15_0111
tim_to_spreader,5.148396842069102,5.148396842069102,5.148396842069102,0.782498462125659,isotropic_log_uniform,v6p1i15_0111
spreader,387.81720674596727,387.81720674596727,387.81720674596727,0.1878137830644846,isotropic_linear,v6p1i15_0111
pcb_fr4_equivalent,0.7088145078237162,0.7088145078237162,0.26580544043389354,0.22883406281471252,correlated_log_uniform_axes,v6p1i15_0112
bt_substrate_with_vias,0.20965125272660595,0.20965125272660595,0.5136455691801847,0.605600368231535,correlated_log_uniform_axes,v6p1i15_0112
silicon_interposer_tsv_0p1,148.7591045256704,148.7591045256704,153.55228861328214,0.958636817522347,correlated_linear_axes,v6p1i15_0112
bump_underfill_under_interposer,0.591549828070933,0.591549828070933,4.830990262579286,0.46821836195886135,correlated_log_uniform_axes,v6p1i15_0112
silicon_die_lower,126.50667950510979,126.50667950510979,126.50667950510979,0.5301335901021957,isotropic_linear,v6p1i15_0112
tim_between_dies,3.6395860427664157,3.6395860427664157,3.6395860427664157,0.581995140761137,isotropic_log_uniform,v6p1i15_0112
silicon_die_upper,144.74769509397447,144.74769509397447,144.74769509397447,0.8949539018794894,isotropic_linear,v6p1i15_0112
tim_to_spreader,1.902330533471489,1.902330533471489,1.902330533471489,0.20691206958144903,isotropic_log_uniform,v6p1i15_0112
spreader,385.8001759555191,385.8001759555191,385.8001759555191,0.05334506370127201,isotropic_linear,v6p1i15_0112
pcb_fr4_equivalent,0.9864077535360187,0.9864077535360187,0.36990290757600697,0.9693348370492458,correlated_log_uniform_axes,v6p1i15_0113
bt_substrate_with_vias,0.1666198747608776,0.1666198747608776,0.40821869316415016,0.09084108285605907,correlated_log_uniform_axes,v6p1i15_0113
silicon_interposer_tsv_0p1,127.00789050199091,127.00789050199091,128.17587225232273,0.2335963500663638,correlated_linear_axes,v6p1i15_0113
bump_underfill_under_interposer,0.6371252775605729,0.6371252775605729,5.203189766744678,0.6345247235149145,correlated_log_uniform_axes,v6p1i15_0113
silicon_die_lower,121.74435039050877,121.74435039050877,121.74435039050877,0.4348870078101754,isotropic_linear,v6p1i15_0113
tim_between_dies,1.73442014636718,1.73442014636718,1.73442014636718,0.15348933916538954,isotropic_log_uniform,v6p1i15_0113
silicon_die_upper,109.53130014240742,109.53130014240742,109.53130014240742,0.19062600284814835,isotropic_linear,v6p1i15_0113
tim_to_spreader,5.088275130229552,5.088275130229552,5.088275130229552,0.7757075093686581,isotropic_log_uniform,v6p1i15_0113
spreader,399.83943570405245,399.83943570405245,399.83943570405245,0.9892957136034966,isotropic_linear,v6p1i15_0113
pcb_fr4_equivalent,0.8614275031804813,0.8614275031804813,0.32303531369268046,0.6657658768817782,correlated_log_uniform_axes,v6p1i15_0114
bt_substrate_with_vias,0.22872590095740677,0.22872590095740677,0.5603784573456466,0.8007189324125648,correlated_log_uniform_axes,v6p1i15_0114
silicon_interposer_tsv_0p1,138.29925457946956,138.29925457946956,141.3491303427145,0.6099751526489854,correlated_linear_axes,v6p1i15_0114
bump_underfill_under_interposer,0.5029562647240274,0.5029562647240274,4.10747616191289,0.10467950627207756,correlated_log_uniform_axes,v6p1i15_0114
silicon_die_lower,103.13922329805791,103.13922329805791,103.13922329805791,0.06278446596115828,isotropic_linear,v6p1i15_0114
tim_between_dies,2.1670423493878843,2.1670423493878843,2.1670423493878843,0.2822324838489294,isotropic_log_uniform,v6p1i15_0114
silicon_die_upper,137.1272394899279,137.1272394899279,137.1272394899279,0.7425447897985578,isotropic_linear,v6p1i15_0114
tim_to_spreader,4.358501754173165,4.358501754173165,4.358501754173165,0.6862073764204979,isotropic_log_uniform,v6p1i15_0114
spreader,395.55640175938606,395.55640175938606,395.55640175938606,0.7037601172924042,isotropic_linear,v6p1i15_0114
pcb_fr4_equivalent,0.7683754373451356,0.7683754373451356,0.2881407890044258,0.409624851308763,correlated_log_uniform_axes,v6p1i15_0115
bt_substrate_with_vias,0.17910251045873757,0.17910251045873757,0.43880115062390707,0.25271738786250353,correlated_log_uniform_axes,v6p1i15_0115
silicon_interposer_tsv_0p1,129.66914978809655,129.66914978809655,131.2806747527793,0.32230499293655157,correlated_linear_axes,v6p1i15_0115
bump_underfill_under_interposer,0.6890500907150487,0.6890500907150487,5.627242407506231,0.8100791238248348,correlated_log_uniform_axes,v6p1i15_0115
silicon_die_lower,148.62113008275628,148.62113008275628,148.62113008275628,0.9724226016551256,isotropic_linear,v6p1i15_0115
tim_between_dies,7.298244675520345,7.298244675520345,7.298244675520345,0.9842349672690034,isotropic_log_uniform,v6p1i15_0115
silicon_die_upper,121.04493705555797,121.04493705555797,121.04493705555797,0.4208987411111593,isotropic_linear,v6p1i15_0115
tim_to_spreader,2.506348974458663,2.506348974458663,2.506348974458663,0.36632903944700956,isotropic_log_uniform,v6p1i15_0115
spreader,389.02920882217586,389.02920882217586,389.02920882217586,0.2686139214783907,isotropic_linear,v6p1i15_0115
pcb_fr4_equivalent,0.7177395313784534,0.7177395313784534,0.26915232426692,0.2568717682734132,correlated_log_uniform_axes,v6p1i15_0116
bt_substrate_with_vias,0.24837658119530712,0.24837658119530712,0.6085226239285024,0.9854021081700921,correlated_log_uniform_axes,v6p1i15_0116
silicon_interposer_tsv_0p1,122.28569936938584,122.28569936938584,122.66664926428348,0.07618997897952795,correlated_linear_axes,v6p1i15_0116
bump_underfill_under_interposer,0.7269116534898412,0.7269116534898412,5.936445170167035,0.9299368988722563,correlated_log_uniform_axes,v6p1i15_0116
silicon_die_lower,137.75573503226042,137.75573503226042,137.75573503226042,0.7551147006452084,isotropic_linear,v6p1i15_0116
tim_between_dies,3.9931516248128234,3.9931516248128234,3.9931516248128234,0.6355937756597996,isotropic_log_uniform,v6p1i15_0116
silicon_die_upper,130.36565980874002,130.36565980874002,130.36565980874002,0.6073131961748004,isotropic_linear,v6p1i15_0116
tim_to_spreader,3.5346208158973975,3.5346208158973975,3.5346208158973975,0.5650768801569939,isotropic_log_uniform,v6p1i15_0116
spreader,392.52113960683346,392.52113960683346,392.52113960683346,0.5014093071222305,isotropic_linear,v6p1i15_0116
pcb_fr4_equivalent,0.8048130387397721,0.8048130387397721,0.30180488952741447,0.5134403901174664,correlated_log_uniform_axes,v6p1i15_0117
bt_substrate_with_vias,0.19451263139863176,0.19451263139863176,0.4765559469266479,0.4376628575846553,correlated_log_uniform_axes,v6p1i15_0117
silicon_interposer_tsv_0p1,145.91534460894763,145.91534460894763,150.2345687104389,0.8638448202982545,correlated_linear_axes,v6p1i15_0117
bump_underfill_under_interposer,0.5326850104755618,0.5326850104755618,4.350260918883754,0.2333568911999464,correlated_log_uniform_axes,v6p1i15_0117
silicon_die_lower,108.13991711474955,108.13991711474955,108.13991711474955,0.16279834229499102,isotropic_linear,v6p1i15_0117
tim_between_dies,1.491927625836187,1.491927625836187,1.491927625836187,0.06642102729529142,isotropic_log_uniform,v6p1i15_0117
silicon_die_upper,115.36831818521023,115.36831818521023,115.36831818521023,0.30736636370420456,isotropic_linear,v6p1i15_0117
tim_to_spreader,2.5922188893804896,2.5922188893804896,2.5922188893804896,0.3858044696971774,isotropic_log_uniform,v6p1i15_0117
spreader,391.60418692044914,391.60418692044914,391.60418692044914,0.4402791280299425,isotropic_linear,v6p1i15_0117
pcb_fr4_equivalent,0.9216899924098776,0.9216899924098776,0.3456337471537041,0.8172782827168703,correlated_log_uniform_axes,v6p1i15_0118
bt_substrate_with_vias,0.2158273704690089,0.2158273704690089,0.528777057649072,0.6706558633595705,correlated_log_uniform_axes,v6p1i15_0118
silicon_interposer_tsv_0p1,134.39175308682024,134.39175308682024,136.79037860129029,0.47972510289400816,correlated_linear_axes,v6p1i15_0118
bump_underfill_under_interposer,0.6031511508681977,0.6031511508681977,4.925734398756948,0.5117372311651707,correlated_log_uniform_axes,v6p1i15_0118
silicon_die_lower,116.9763661455363,116.9763661455363,116.9763661455363,0.33952732291072607,isotropic_linear,v6p1i15_0118
tim_between_dies,3.1168778361198104,3.1168778361198104,3.1168778361198104,0.4923634212464094,isotropic_log_uniform,v6p1i15_0118
silicon_die_upper,137.58866810239851,137.58866810239851,137.58866810239851,0.7517733620479703,isotropic_linear,v6p1i15_0118
tim_to_spreader,1.4421624184240336,1.4421624184240336,1.4421624184240336,0.046807884238660336,isotropic_log_uniform,v6p1i15_0118
spreader,388.390604024753,388.390604024753,388.390604024753,0.22604026831686497,isotropic_linear,v6p1i15_0118
pcb_fr4_equivalent,0.6621831399387709,0.6621831399387709,0.24831867747703906,0.07634992711246014,correlated_log_uniform_axes,v6p1i15_0119
bt_substrate_with_vias,0.17154825968384538,0.17154825968384538,0.4202932362254212,0.15615689754486084,correlated_log_uniform_axes,v6p1i15_0119
silicon_interposer_tsv_0p1,141.14250755868852,141.14250755868852,144.66625881846994,0.704750251956284,correlated_linear_axes,v6p1i15_0119
bump_underfill_under_interposer,0.5582925168761771,0.5582925168761771,4.559388887822112,0.3385644443333149,correlated_log_uniform_axes,v6p1i15_0119
silicon_die_lower,137.11650287732482,137.11650287732482,137.11650287732482,0.7423300575464964,isotropic_linear,v6p1i15_0119
tim_between_dies,5.340415948314499,5.340415948314499,5.340415948314499,0.8036684105172753,isotropic_log_uniform,v6p1i15_0119
silicon_die_upper,104.22618193551898,104.22618193551898,104.22618193551898,0.0845236387103796,isotropic_linear,v6p1i15_0119
tim_to_spreader,7.182177643258302,7.182177643258302,7.182177643258302,0.9749668799340725,isotropic_log_uniform,v6p1i15_0119
spreader,396.79009687155485,396.79009687155485,396.79009687155485,0.7860064581036568,isotropic_linear,v6p1i15_0119
pcb_fr4_equivalent,0.6497709121614795,0.6497709121614795,0.24366409206055484,0.03395052533596754,correlated_log_uniform_axes,v6p1i15_0120
bt_substrate_with_vias,0.23374824054267077,0.23374824054267077,0.5726831893295434,0.8493878124281764,correlated_log_uniform_axes,v6p1i15_0120
silicon_interposer_tsv_0p1,132.51601056195796,132.51601056195796,134.60201232228428,0.4172003520652652,correlated_linear_axes,v6p1i15_0120
bump_underfill_under_interposer,0.5165333734560215,0.5165333734560215,4.2183558832241745,0.16436459124088287,correlated_log_uniform_axes,v6p1i15_0120
silicon_die_lower,124.32894385419786,124.32894385419786,124.32894385419786,0.4865788770839572,isotropic_linear,v6p1i15_0120
tim_between_dies,6.234140623545285,6.234140623545285,6.234140623545285,0.8931261440739036,isotropic_log_uniform,v6p1i15_0120
silicon_die_upper,125.51360265351832,125.51360265351832,125.51360265351832,0.5102720530703664,isotropic_linear,v6p1i15_0120
tim_to_spreader,3.4581395777125117,3.4581395777125117,3.4581395777125117,0.5524301938712597,isotropic_log_uniform,v6p1i15_0120
spreader,393.86707498226315,393.86707498226315,393.86707498226315,0.5911383321508765,isotropic_linear,v6p1i15_0120
pcb_fr4_equivalent,0.9101717864377148,0.9101717864377148,0.341314419914143,0.7891000648960471,correlated_log_uniform_axes,v6p1i15_0121
bt_substrate_with_vias,0.1856271341958243,0.1856271341958243,0.45478647877976963,0.33289375994354486,correlated_log_uniform_axes,v6p1i15_0121
silicon_interposer_tsv_0p1,139.26653794012964,139.26653794012964,142.4776275968179,0.6422179313376546,correlated_linear_axes,v6p1i15_0121
bump_underfill_under_interposer,0.7496671883254322,0.7496671883254322,6.12228203799103,0.9990054666996002,correlated_log_uniform_axes,v6p1i15_0121
silicon_die_lower,128.99358989670873,128.99358989670873,128.99358989670873,0.5798717979341745,isotropic_linear,v6p1i15_0121
tim_between_dies,2.3954679122754183,2.3954679122754183,2.3954679122754183,0.34016965329647064,isotropic_log_uniform,v6p1i15_0121
silicon_die_upper,117.08249812945724,117.08249812945724,117.08249812945724,0.3416499625891447,isotropic_linear,v6p1i15_0121
tim_to_spreader,3.1371283056685977,3.1371283056685977,3.1371283056685977,0.4961073836311698,isotropic_log_uniform,v6p1i15_0121
spreader,391.07879507821053,391.07879507821053,391.07879507821053,0.4052530052140355,isotropic_linear,v6p1i15_0121
pcb_fr4_equivalent,0.8346107038699981,0.8346107038699981,0.3129790139512493,0.5949022844433784,correlated_log_uniform_axes,v6p1i15_0122
bt_substrate_with_vias,0.2051230938436973,0.2051230938436973,0.5025515799170586,0.5566740334033966,correlated_log_uniform_axes,v6p1i15_0122
silicon_interposer_tsv_0p1,120.41188803501427,120.41188803501427,120.48053604084998,0.013729601167142391,correlated_linear_axes,v6p1i15_0122
bump_underfill_under_interposer,0.5432550865388242,0.5432550865388242,4.43658320673373,0.27738394774496555,correlated_log_uniform_axes,v6p1i15_0122
silicon_die_lower,145.93820460140705,145.93820460140705,145.93820460140705,0.918764092028141,isotropic_linear,v6p1i15_0122
tim_between_dies,1.9432315920545666,1.9432315920545666,1.9432315920545666,0.2192103462293744,isotropic_log_uniform,v6p1i15_0122
silicon_die_upper,142.51549481414258,142.51549481414258,142.51549481414258,0.8503098962828517,isotropic_linear,v6p1i15_0122
tim_to_spreader,1.5457369549437732,1.5457369549437732,1.5457369549437732,0.08690510224550962,isotropic_log_uniform,v6p1i15_0122
spreader,387.744133467786,387.744133467786,387.744133467786,0.18294223118573427,isotropic_linear,v6p1i15_0122
pcb_fr4_equivalent,0.749991500635876,0.749991500635876,0.2812468127384535,0.35536249354481697,correlated_log_uniform_axes,v6p1i15_0123
bt_substrate_with_vias,0.16078181669877248,0.16078181669877248,0.39391545091199265,0.01092224009335041,correlated_log_uniform_axes,v6p1i15_0123
silicon_interposer_tsv_0p1,144.0408484172076,144.0408484172076,148.0476564867422,0.80136161390692,correlated_linear_axes,v6p1i15_0123
bump_underfill_under_interposer,0.6198676271561673,0.6198676271561673,5.062252288442033,0.5729940328747034,correlated_log_uniform_axes,v6p1i15_0123
silicon_die_lower,100.74923974461854,100.74923974461854,100.74923974461854,0.0149847948923707,isotropic_linear,v6p1i15_0123
tim_between_dies,3.4171781734313584,3.4171781734313584,3.4171781734313584,0.5455414447933435,isotropic_log_uniform,v6p1i15_0123
silicon_die_upper,102.4372324347496,102.4372324347496,102.4372324347496,0.048744648694992065,isotropic_linear,v6p1i15_0123
tim_to_spreader,6.220942114420807,6.220942114420807,6.220942114420807,0.8919008746743202,isotropic_log_uniform,v6p1i15_0123
spreader,398.0222777510062,398.0222777510062,398.0222777510062,0.8681518500670791,isotropic_linear,v6p1i15_0123
pcb_fr4_equivalent,0.7833019763807678,0.7833019763807678,0.2937382411427879,0.4527357164770365,correlated_log_uniform_axes,v6p1i15_0124
bt_substrate_with_vias,0.22291737549722526,0.22291737549722526,0.5461475699682019,0.7430807929486036,correlated_log_uniform_axes,v6p1i15_0124
silicon_interposer_tsv_0p1,136.4235075842589,136.4235075842589,139.16075884830207,0.5474502528086305,correlated_linear_axes,v6p1i15_0124
bump_underfill_under_interposer,0.6567840109218246,0.6567840109218246,5.363736089194901,0.702617458999157,correlated_log_uniform_axes,v6p1i15_0124
silicon_die_lower,111.4086430054158,111.4086430054158,111.4086430054158,0.22817286010831594,isotropic_linear,v6p1i15_0124
tim_between_dies,5.5301667605616895,5.5301667605616895,5.5301667605616895,0.8238533800467849,isotropic_log_uniform,v6p1i15_0124
silicon_die_upper,149.36705292202532,149.36705292202532,149.36705292202532,0.9873410584405065,isotropic_linear,v6p1i15_0124
tim_to_spreader,1.7573526257088488,1.7573526257088488,1.7573526257088488,0.1610832316800952,isotropic_log_uniform,v6p1i15_0124
spreader,386.5601860685274,386.5601860685274,386.5601860685274,0.10401240456849337,isotropic_linear,v6p1i15_0124
pcb_fr4_equivalent,0.8718455775424795,0.8718455775424795,0.3269420915784298,0.6927023883908987,correlated_log_uniform_axes,v6p1i15_0125
bt_substrate_with_vias,0.17470966678425112,0.17470966678425112,0.4280386836214153,0.19707433506846428,correlated_log_uniform_axes,v6p1i15_0125
silicon_interposer_tsv_0p1,127.7931756991893,127.7931756991893,129.09203831572086,0.2597725233063102,correlated_linear_axes,v6p1i15_0125
bump_underfill_under_interposer,0.5738632118824748,0.5738632118824748,4.686549563706876,0.4002019241452217,correlated_log_uniform_axes,v6p1i15_0125
silicon_die_lower,141.1221439950168,141.1221439950168,141.1221439950168,0.8224428799003363,isotropic_linear,v6p1i15_0125
tim_between_dies,2.5678859607386553,2.5678859607386553,2.5678859607386553,0.3803520128130913,isotropic_log_uniform,v6p1i15_0125
silicon_die_upper,108.02387436851859,108.02387436851859,108.02387436851859,0.16047748737037182,isotropic_linear,v6p1i15_0125
tim_to_spreader,5.853388304962103,5.853388304962103,5.853388304962103,0.8566925600171089,isotropic_log_uniform,v6p1i15_0125
spreader,398.7280901009217,398.7280901009217,398.7280901009217,0.9152060067281127,isotropic_linear,v6p1i15_0125
pcb_fr4_equivalent,0.9508885810266797,0.9508885810266797,0.35658321788500486,0.8871614644303918,correlated_log_uniform_axes,v6p1i15_0126
bt_substrate_with_vias,0.2405044775376185,0.2405044775376185,0.5892359699671654,0.9132347526028752,correlated_log_uniform_axes,v6p1i15_0126
silicon_interposer_tsv_0p1,146.88531733117998,146.88531733117998,151.3662035530433,0.8961772443726659,correlated_linear_axes,v6p1i15_0126
bump_underfill_under_interposer,0.707838483074028,0.707838483074028,5.78068094510456,0.8703586328774691,correlated_log_uniform_axes,v6p1i15_0126
silicon_die_lower,133.94620437175035,133.94620437175035,133.94620437175035,0.6789240874350071,isotropic_linear,v6p1i15_0126
tim_between_dies,1.4652678567966333,1.4652678567966333,1.4652678567966333,0.05599686224013567,isotropic_log_uniform,v6p1i15_0126
silicon_die_upper,132.77490898035467,132.77490898035467,132.77490898035467,0.6554981796070933,isotropic_linear,v6p1i15_0126
tim_to_spreader,4.44076423270641,4.44076423270641,4.44076423270641,0.6970172636210918,isotropic_log_uniform,v6p1i15_0126
spreader,394.5583528885618,394.5583528885618,394.5583528885618,0.637223525904119,isotropic_linear,v6p1i15_0126
pcb_fr4_equivalent,0.6787092896106609,0.6787092896106609,0.2545159836039978,0.13158505875617266,correlated_log_uniform_axes,v6p1i15_0127
bt_substrate_with_vias,0.19097094583376376,0.19097094583376376,0.46787881729272135,0.3964880099520087,correlated_log_uniform_axes,v6p1i15_0127
silicon_interposer_tsv_0p1,125.13341845013201,125.13341845013201,125.98898819182068,0.17111394833773375,correlated_linear_axes,v6p1i15_0127
bump_underfill_under_interposer,0.489622796067098,0.489622796067098,3.9985861678813,0.04447627253830433,correlated_log_uniform_axes,v6p1i15_0127
silicon_die_lower,113.51312571205199,113.51312571205199,113.51312571205199,0.27026251424103975,isotropic_linear,v6p1i15_0127
tim_between_dies,4.798033591660037,4.798033591660037,4.798033591660037,0.7417525369673967,isotropic_log_uniform,v6p1i15_0127
silicon_die_upper,122.28533551096916,122.28533551096916,122.28533551096916,0.44570671021938324,isotropic_linear,v6p1i15_0127
tim_to_spreader,2.0497075104214972,2.0497075104214972,2.0497075104214972,0.2500503798946738,isotropic_log_uniform,v6p1i15_0127
spreader,389.90983988624066,389.90983988624066,389.90983988624066,0.32732265908271074,isotropic_linear,v6p1i15_0127
