layer_id,background_kx_W_mK,background_ky_W_mK,background_kz_W_mK,sampling_latent,distribution,sample_id
pcb_fr4_equivalent,0.7415157115135735,0.7415157115135735,0.27806839181759,0.329895650036633,correlated_log_uniform_axes,v6p1i_0000
bt_substrate_with_vias,0.17300639137496363,0.17300639137496363,0.42386565886866095,0.17512207385152578,correlated_log_uniform_axes,v6p1i_0000
silicon_interposer_tsv_0p1,140.05123008973897,140.05123008973897,143.39310177136213,0.6683743363246322,correlated_linear_axes,v6p1i_0000
bump_underfill_under_interposer,0.7039765721451965,0.7039765721451965,5.749142005852438,0.8581000240519643,correlated_log_uniform_axes,v6p1i_0000
silicon_die_lower,137.9354428499937,137.9354428499937,137.9354428499937,0.7587088569998741,isotropic_linear,v6p1i_0000
tim_between_dies,6.714538327048562,6.714538327048562,6.714538327048562,0.9360430100932717,isotropic_log_uniform,v6p1i_0000
silicon_die_upper,123.39070071466267,123.39070071466267,123.39070071466267,0.4678140142932534,isotropic_linear,v6p1i_0000
tim_to_spreader,1.5076030806661918,1.5076030806661918,1.5076030806661918,0.07246362883597612,isotropic_log_uniform,v6p1i_0000
spreader,392.7426822623238,392.7426822623238,392.7426822623238,0.5161788174882531,isotropic_linear,v6p1i_0000
pcb_fr4_equivalent,0.8619276591708118,0.8619276591708118,0.3232228721890544,0.6670664846897125,correlated_log_uniform_axes,v6p1i_0001
bt_substrate_with_vias,0.2160471338019684,0.2160471338019684,0.5293154778148227,0.672936275601387,correlated_log_uniform_axes,v6p1i_0001
silicon_interposer_tsv_0p1,126.74371336586773,126.74371336586773,127.86766559351236,0.22479044552892447,correlated_linear_axes,v6p1i_0001
bump_underfill_under_interposer,0.5699189113849684,0.5699189113849684,4.654337776310575,0.38474781159311533,correlated_log_uniform_axes,v6p1i_0001
silicon_die_lower,105.36506432108581,105.36506432108581,105.36506432108581,0.10730128642171621,isotropic_linear,v6p1i_0001
tim_between_dies,2.0105415159607807,2.0105415159607807,2.0105415159607807,0.2388965729624033,isotropic_log_uniform,v6p1i_0001
silicon_die_upper,140.79329543747008,140.79329543747008,140.79329543747008,0.8158659087494016,isotropic_linear,v6p1i_0001
tim_to_spreader,3.2376166131330435,3.2376166131330435,3.2376166131330435,0.5143355028703809,isotropic_log_uniform,v6p1i_0001
spreader,390.12796472292393,390.12796472292393,390.12796472292393,0.34186431486159563,isotropic_linear,v6p1i_0001
pcb_fr4_equivalent,0.9237066942460903,0.9237066942460903,0.34639001034228384,0.822175707668066,correlated_log_uniform_axes,v6p1i_0002
bt_substrate_with_vias,0.1886866298149471,0.1886866298149471,0.46228224304662047,0.3695239666849375,correlated_log_uniform_axes,v6p1i_0002
silicon_interposer_tsv_0p1,144.74767570383847,144.74767570383847,148.87228832114488,0.8249225234612823,correlated_linear_axes,v6p1i_0002
bump_underfill_under_interposer,0.6156233891833899,0.6156233891833899,5.027591011664351,0.5575991105288267,correlated_log_uniform_axes,v6p1i_0002
silicon_die_lower,123.34264013916254,123.34264013916254,123.34264013916254,0.4668528027832508,isotropic_linear,v6p1i_0002
tim_between_dies,2.7059129457368396,2.7059129457368396,2.7059129457368396,0.41062064468860626,isotropic_log_uniform,v6p1i_0002
silicon_die_upper,102.97421235591173,102.97421235591173,102.97421235591173,0.059484247118234634,isotropic_linear,v6p1i_0002
tim_to_spreader,5.22793719097387,5.22793719097387,5.22793719097387,0.7913619615137577,isotropic_log_uniform,v6p1i_0002
spreader,385.0354428216815,385.0354428216815,385.0354428216815,0.002362854778766632,isotropic_linear,v6p1i_0002
pcb_fr4_equivalent,0.6919784881353243,0.6919784881353243,0.2594919330507466,0.17496963683515787,correlated_log_uniform_axes,v6p1i_0003
bt_substrate_with_vias,0.2356259090608654,0.2356259090608654,0.5772834771991202,0.8673152299597859,correlated_log_uniform_axes,v6p1i_0003
silicon_interposer_tsv_0p1,127.70477433688939,127.70477433688939,128.98890339303762,0.2568258112296462,correlated_linear_axes,v6p1i_0003
bump_underfill_under_interposer,0.5286923358331396,0.5286923358331396,4.317654075970639,0.21649866737425327,correlated_log_uniform_axes,v6p1i_0003
silicon_die_lower,134.13166082464159,134.13166082464159,134.13166082464159,0.6826332164928317,isotropic_linear,v6p1i_0003
tim_between_dies,4.724053100510663,4.724053100510663,4.724053100510663,0.732769007794559,isotropic_log_uniform,v6p1i_0003
silicon_die_upper,132.84025862812996,132.84025862812996,132.84025862812996,0.6568051725625992,isotropic_linear,v6p1i_0003
tim_to_spreader,2.471237617929229,2.471237617929229,2.471237617929229,0.35817281529307365,isotropic_log_uniform,v6p1i_0003
spreader,397.3767806403339,397.3767806403339,397.3767806403339,0.8251187093555927,isotropic_linear,v6p1i_0003
pcb_fr4_equivalent,0.6498653032701456,0.6498653032701456,0.24369948872630456,0.03427600581198931,correlated_log_uniform_axes,v6p1i_0004
bt_substrate_with_vias,0.1904135884493647,0.1904135884493647,0.4665132917009436,0.3899388341233134,correlated_log_uniform_axes,v6p1i_0004
silicon_interposer_tsv_0p1,120.61157598160207,120.61157598160207,120.71350531186908,0.020385866053402424,correlated_linear_axes,v6p1i_0004
bump_underfill_under_interposer,0.48663913229785166,0.48663913229785166,3.9742195804324543,0.030780058354139328,correlated_log_uniform_axes,v6p1i_0004
silicon_die_lower,127.79567399993539,127.79567399993539,127.79567399993539,0.5559134799987078,isotropic_linear,v6p1i_0004
tim_between_dies,6.017933360287505,6.017933360287505,6.017933360287505,0.8727200953289866,isotropic_log_uniform,v6p1i_0004
silicon_die_upper,108.88889590278268,108.88889590278268,108.88889590278268,0.17777791805565357,isotropic_linear,v6p1i_0004
tim_to_spreader,6.321720945889177,6.321720945889177,6.321720945889177,0.9011914385482669,isotropic_log_uniform,v6p1i_0004
spreader,387.1139879943803,387.1139879943803,387.1139879943803,0.14093253295868635,isotropic_linear,v6p1i_0004
pcb_fr4_equivalent,0.983512051974858,0.983512051974858,0.3688170194905717,0.9627473279833794,correlated_log_uniform_axes,v6p1i_0005
bt_substrate_with_vias,0.23778249295983875,0.23778249295983875,0.5825671077516049,0.8877302147448063,correlated_log_uniform_axes,v6p1i_0005
silicon_interposer_tsv_0p1,137.77280925773084,137.77280925773084,140.73494413401932,0.5924269752576947,correlated_linear_axes,v6p1i_0005
bump_underfill_under_interposer,0.6687204783529376,0.6687204783529376,5.461217239882323,0.7429747506976128,correlated_log_uniform_axes,v6p1i_0005
silicon_die_lower,117.00667799450457,117.00667799450457,117.00667799450457,0.3401335598900914,isotropic_linear,v6p1i_0005
tim_between_dies,1.4608063089477592,1.4608063089477592,1.4608063089477592,0.0542338564991951,isotropic_log_uniform,v6p1i_0005
silicon_die_upper,127.07282556220889,127.07282556220889,127.07282556220889,0.5414565112441778,isotropic_linear,v6p1i_0005
tim_to_spreader,2.983617629865664,2.983617629865664,2.983617629865664,0.46710200887173414,isotropic_log_uniform,v6p1i_0005
spreader,399.51386167202145,399.51386167202145,399.51386167202145,0.9675907781347632,isotropic_linear,v6p1i_0005
pcb_fr4_equivalent,0.8208845807918513,0.8208845807918513,0.30783171779694424,0.5577448643743992,correlated_log_uniform_axes,v6p1i_0006
bt_substrate_with_vias,0.16499115416692925,0.16499115416692925,0.40422832770897665,0.06883023492991924,correlated_log_uniform_axes,v6p1i_0006
silicon_interposer_tsv_0p1,134.65417711995542,134.65417711995542,137.09653997328132,0.4884725706651807,correlated_linear_axes,v6p1i_0006
bump_underfill_under_interposer,0.5546826340489768,0.5546826340489768,4.529908178066644,0.3240291168913245,correlated_log_uniform_axes,v6p1i_0006
silicon_die_lower,111.7014310322702,111.7014310322702,111.7014310322702,0.23402862064540386,isotropic_linear,v6p1i_0006
tim_between_dies,2.4403372037453765,2.4403372037453765,2.4403372037453765,0.35089832730591297,isotropic_log_uniform,v6p1i_0006
silicon_die_upper,116.6947792749852,116.6947792749852,116.6947792749852,0.3338955854997039,isotropic_linear,v6p1i_0006
tim_to_spreader,2.031336422301373,2.031336422301373,2.031336422301373,0.24484539218246937,isotropic_log_uniform,v6p1i_0006
spreader,394.414072772488,394.414072772488,394.414072772488,0.6276048514991999,isotropic_linear,v6p1i_0006
pcb_fr4_equivalent,0.778632854492837,0.778632854492837,0.29198732043481385,0.4393392810598016,correlated_log_uniform_axes,v6p1i_0007
bt_substrate_with_vias,0.20603784525163948,0.20603784525163948,0.5047927208665167,0.5666443193331361,correlated_log_uniform_axes,v6p1i_0007
silicon_interposer_tsv_0p1,148.08002575300634,148.08002575300634,152.76003004517406,0.9360008584335446,correlated_linear_axes,v6p1i_0007
bump_underfill_under_interposer,0.7232029456027448,0.7232029456027448,5.906157389089081,0.9184755189344287,correlated_log_uniform_axes,v6p1i_0007
silicon_die_lower,144.27178506739438,144.27178506739438,144.27178506739438,0.8854357013478875,isotropic_linear,v6p1i_0007
tim_between_dies,3.410335775316337,3.410335775316337,3.410335775316337,0.5443826699629426,isotropic_log_uniform,v6p1i_0007
silicon_die_upper,147.3419667687267,147.3419667687267,147.3419667687267,0.9468393353745341,isotropic_linear,v6p1i_0007
tim_to_spreader,4.35464022181139,4.35464022181139,4.35464022181139,0.6856949422508478,isotropic_log_uniform,v6p1i_0007
spreader,391.7407049331814,391.7407049331814,391.7407049331814,0.44938032887876034,isotropic_linear,v6p1i_0007
pcb_fr4_equivalent,0.7714667291962055,0.7714667291962055,0.2893000234485771,0.4186214851215482,correlated_log_uniform_axes,v6p1i_0008
bt_substrate_with_vias,0.18207993604258435,0.18207993604258435,0.4460958433043318,0.28966103587299585,correlated_log_uniform_axes,v6p1i_0008
silicon_interposer_tsv_0p1,132.72084759548306,132.72084759548306,134.8409888613969,0.4240282531827688,correlated_linear_axes,v6p1i_0008
bump_underfill_under_interposer,0.6410839101591352,0.6410839101591352,5.235518599632937,0.6484037917107344,correlated_log_uniform_axes,v6p1i_0008
silicon_die_lower,101.17680267430842,101.17680267430842,101.17680267430842,0.023536053486168385,isotropic_linear,v6p1i_0008
tim_between_dies,4.2281146320333916,4.2281146320333916,4.2281146320333916,0.6686484003439546,isotropic_log_uniform,v6p1i_0008
silicon_die_upper,112.24062792025506,112.24062792025506,112.24062792025506,0.2448125584051013,isotropic_linear,v6p1i_0008
tim_to_spreader,6.895651425809726,6.895651425809726,6.895651425809726,0.9514303831383586,isotropic_log_uniform,v6p1i_0008
spreader,388.3215625397861,388.3215625397861,388.3215625397861,0.2214375026524067,isotropic_linear,v6p1i_0008
pcb_fr4_equivalent,0.830701422527102,0.830701422527102,0.31151303344766323,0.5843822360038757,correlated_log_uniform_axes,v6p1i_0009
bt_substrate_with_vias,0.22782204438755166,0.22782204438755166,0.5581640087495017,0.7918467726558447,correlated_log_uniform_axes,v6p1i_0009
silicon_interposer_tsv_0p1,149.7785940952599,149.7785940952599,154.74169311113656,0.9926198031753302,correlated_linear_axes,v6p1i_0009
bump_underfill_under_interposer,0.5041741512747309,0.5041741512747309,4.117422235410301,0.11009872891008854,correlated_log_uniform_axes,v6p1i_0009
silicon_die_lower,143.60719854012132,143.60719854012132,143.60719854012132,0.8721439708024263,isotropic_linear,v6p1i_0009
tim_between_dies,3.025515995501702,3.025515995501702,3.025515995501702,0.47516405768692493,isotropic_log_uniform,v6p1i_0009
silicon_die_upper,130.01878107897937,130.01878107897937,130.01878107897937,0.6003756215795875,isotropic_linear,v6p1i_0009
tim_to_spreader,2.5913553264055995,2.5913553264055995,2.5913553264055995,0.38561184238642454,isotropic_log_uniform,v6p1i_0009
spreader,398.7731934711337,398.7731934711337,398.7731934711337,0.9182128980755806,isotropic_linear,v6p1i_0009
pcb_fr4_equivalent,0.9676624119045638,0.9676624119045638,0.36287340446421135,0.9263433776795864,correlated_log_uniform_axes,v6p1i_0010
bt_substrate_with_vias,0.17653641882420545,0.17653641882420545,0.43251422611930335,0.22038140520453453,correlated_log_uniform_axes,v6p1i_0010
silicon_interposer_tsv_0p1,122.42870511487126,122.42870511487126,122.83348930068314,0.08095683716237545,correlated_linear_axes,v6p1i_0010
bump_underfill_under_interposer,0.7305594934619827,0.7305594934619827,5.966235863272858,0.9411532701924443,correlated_log_uniform_axes,v6p1i_0010
silicon_die_lower,135.10694880969822,135.10694880969822,135.10694880969822,0.7021389761939645,isotropic_linear,v6p1i_0010
tim_between_dies,1.8095821860005186,1.8095821860005186,1.8095821860005186,0.1780151203274727,isotropic_log_uniform,v6p1i_0010
silicon_die_upper,113.73671879991889,113.73671879991889,113.73671879991889,0.2747343759983778,isotropic_linear,v6p1i_0010
tim_to_spreader,1.7849315268876331,1.7849315268876331,1.7849315268876331,0.17008557356894016,isotropic_log_uniform,v6p1i_0010
spreader,396.0189880011603,396.0189880011603,396.0189880011603,0.7345992000773549,isotropic_linear,v6p1i_0010
pcb_fr4_equivalent,0.6622207599935719,0.6622207599935719,0.24833278499758943,0.0764772230759263,correlated_log_uniform_axes,v6p1i_0011
bt_substrate_with_vias,0.22088815854644125,0.22088815854644125,0.541175988438781,0.722590203396976,correlated_log_uniform_axes,v6p1i_0011
silicon_interposer_tsv_0p1,135.7218344695866,135.7218344695866,138.3421402145177,0.5240611489862204,correlated_linear_axes,v6p1i_0011
bump_underfill_under_interposer,0.5453722496628589,0.5453722496628589,4.45387337224668,0.28609942737966776,correlated_log_uniform_axes,v6p1i_0011
silicon_die_lower,120.89674463495612,120.89674463495612,120.89674463495612,0.41793489269912243,isotropic_linear,v6p1i_0011
tim_between_dies,7.454749434344037,7.454749434344037,7.454749434344037,0.9965013591572642,isotropic_log_uniform,v6p1i_0011
silicon_die_upper,144.00235312059522,144.00235312059522,144.00235312059522,0.8800470624119043,isotropic_linear,v6p1i_0011
tim_to_spreader,4.695028057400997,4.695028057400997,4.695028057400997,0.7292059827595949,isotropic_log_uniform,v6p1i_0011
spreader,391.5438617905602,391.5438617905602,391.5438617905602,0.4362574527040124,isotropic_linear,v6p1i_0011
pcb_fr4_equivalent,0.7051346171737216,0.7051346171737216,0.26442548144014555,0.21717086154967546,correlated_log_uniform_axes,v6p1i_0012
bt_substrate_with_vias,0.16143700520319987,0.16143700520319987,0.39552066274783976,0.020034615881741047,correlated_log_uniform_axes,v6p1i_0012
silicon_interposer_tsv_0p1,142.81473230570555,142.81473230570555,146.6171876899898,0.7604910768568516,correlated_linear_axes,v6p1i_0012
bump_underfill_under_interposer,0.5934355733622727,0.5934355733622727,4.846390515791893,0.47534994687885046,correlated_log_uniform_axes,v6p1i_0012
silicon_die_lower,114.53596237115562,114.53596237115562,114.53596237115562,0.2907192474231124,isotropic_linear,v6p1i_0012
tim_between_dies,3.8135461342693495,3.8135461342693495,3.8135461342693495,0.6089876247569919,isotropic_log_uniform,v6p1i_0012
silicon_die_upper,119.71167139708996,119.71167139708996,119.71167139708996,0.39423342794179916,isotropic_linear,v6p1i_0012
tim_to_spreader,1.4006299618886973,1.4006299618886973,1.4006299618886973,0.02991411555558443,isotropic_log_uniform,v6p1i_0012
spreader,393.93561557866633,393.93561557866633,393.93561557866633,0.595707705244422,isotropic_linear,v6p1i_0012
pcb_fr4_equivalent,0.9088208353722539,0.9088208353722539,0.34080781326459514,0.7857717499136925,correlated_log_uniform_axes,v6p1i_0013
bt_substrate_with_vias,0.20199526597008519,0.20199526597008519,0.4948884016267088,0.5222432930022478,correlated_log_uniform_axes,v6p1i_0013
silicon_interposer_tsv_0p1,129.4037288054824,129.4037288054824,130.97101693972945,0.3134576268494129,correlated_linear_axes,v6p1i_0013
bump_underfill_under_interposer,0.6712690238179736,0.6712690238179736,5.482030361180118,0.751498038880527,correlated_log_uniform_axes,v6p1i_0013
silicon_die_lower,128.74619103968143,128.74619103968143,128.74619103968143,0.5749238207936287,isotropic_linear,v6p1i_0013
tim_between_dies,2.184379310378334,2.184379310378334,2.184379310378334,0.2868392616510391,isotropic_log_uniform,v6p1i_0013
silicon_die_upper,138.27077504247427,138.27077504247427,138.27077504247427,0.7654155008494854,isotropic_linear,v6p1i_0013
tim_to_spreader,3.678440746577659,3.678440746577659,3.678440746577659,0.5881342710927129,isotropic_log_uniform,v6p1i_0013
spreader,389.4019521679729,389.4019521679729,389.4019521679729,0.2934634778648615,isotropic_linear,v6p1i_0013
pcb_fr4_equivalent,0.8722353321325065,0.8722353321325065,0.32708824954968985,0.6937038637697697,correlated_log_uniform_axes,v6p1i_0014
bt_substrate_with_vias,0.19703297374358825,0.19703297374358825,0.4827307856717913,0.46650973707437515,correlated_log_uniform_axes,v6p1i_0014
silicon_interposer_tsv_0p1,141.86782982200384,141.86782982200384,145.51246812567115,0.7289276607334614,correlated_linear_axes,v6p1i_0014
bump_underfill_under_interposer,0.5188402278677771,0.5188402278677771,4.237195194253513,0.17434939369559288,correlated_log_uniform_axes,v6p1i_0014
silicon_die_lower,149.9675979372114,149.9675979372114,149.9675979372114,0.9993519587442279,isotropic_linear,v6p1i_0014
tim_between_dies,1.6216732143122359,1.6216732143122359,1.6216732143122359,0.11463072337210178,isotropic_log_uniform,v6p1i_0014
silicon_die_upper,105.48443705774844,105.48443705774844,105.48443705774844,0.10968874115496874,isotropic_linear,v6p1i_0014
tim_to_spreader,6.0293227342624744,6.0293227342624744,6.0293227342624744,0.8738132081925869,isotropic_log_uniform,v6p1i_0014
spreader,386.65501369629055,386.65501369629055,386.65501369629055,0.11033424641937017,isotropic_linear,v6p1i_0014
pcb_fr4_equivalent,0.7346911903421335,0.7346911903421335,0.27550919637830007,0.309177846647799,correlated_log_uniform_axes,v6p1i_0015
bt_substrate_with_vias,0.24653159645758863,0.24653159645758863,0.6040024113210922,0.9686955949291587,correlated_log_uniform_axes,v6p1i_0015
silicon_interposer_tsv_0p1,124.69220917671919,124.69220917671919,125.47424403950572,0.1564069725573063,correlated_linear_axes,v6p1i_0015
bump_underfill_under_interposer,0.6228499230732719,0.6228499230732719,5.0866077050983876,0.5837486460804939,correlated_log_uniform_axes,v6p1i_0015
silicon_die_lower,107.53717739135027,107.53717739135027,107.53717739135027,0.1507435478270054,isotropic_linear,v6p1i_0015
tim_between_dies,5.41584785243497,5.41584785243497,5.41584785243497,0.8117771605029702,isotropic_log_uniform,v6p1i_0015
silicon_die_upper,136.53159704990685,136.53159704990685,136.53159704990685,0.730631940998137,isotropic_linear,v6p1i_0015
tim_to_spreader,2.2617895688550025,2.2617895688550025,2.2617895688550025,0.30697231367230415,isotropic_log_uniform,v6p1i_0015
spreader,397.1652962686494,397.1652962686494,397.1652962686494,0.8110197512432933,isotropic_linear,v6p1i_0015
pcb_fr4_equivalent,0.7237546159295016,0.7237546159295016,0.27140798097356306,0.2755720019340515,correlated_log_uniform_axes,v6p1i_0016
bt_substrate_with_vias,0.19867703381391122,0.19867703381391122,0.4867587328440826,0.48512884229421616,correlated_log_uniform_axes,v6p1i_0016
silicon_interposer_tsv_0p1,148.48079904913902,148.48079904913902,153.2275988906622,0.9493599683046341,correlated_linear_axes,v6p1i_0016
bump_underfill_under_interposer,0.5665365767326238,0.5665365767326238,4.62671537664976,0.37141010724008083,correlated_log_uniform_axes,v6p1i_0016
silicon_die_lower,132.74959279224277,132.74959279224277,132.74959279224277,0.6549918558448553,isotropic_linear,v6p1i_0016
tim_between_dies,2.0668366250387065,2.0668366250387065,2.0668366250387065,0.2548616286367178,isotropic_log_uniform,v6p1i_0016
silicon_die_upper,142.65653304755688,142.65653304755688,142.65653304755688,0.8531306609511375,isotropic_linear,v6p1i_0016
tim_to_spreader,5.655865470852154,5.655865470852154,5.655865470852154,0.8368468815460801,isotropic_log_uniform,v6p1i_0016
spreader,398.21790331043303,398.21790331043303,398.21790331043303,0.8811935540288687,isotropic_linear,v6p1i_0016
pcb_fr4_equivalent,0.8823954175276116,0.8823954175276116,0.33089828157285434,0.719653551466763,correlated_log_uniform_axes,v6p1i_0017
bt_substrate_with_vias,0.24853365948806683,0.24853365948806683,0.6089074657457637,0.9868187298998237,correlated_log_uniform_axes,v6p1i_0017
silicon_interposer_tsv_0p1,131.43678188323975,131.43678188323975,133.34291219711304,0.3812260627746582,correlated_linear_axes,v6p1i_0017
bump_underfill_under_interposer,0.7177320849145726,0.7177320849145726,5.861478693469008,0.9014606345444918,correlated_log_uniform_axes,v6p1i_0017
silicon_die_lower,124.79185280390084,124.79185280390084,124.79185280390084,0.49583705607801676,isotropic_linear,v6p1i_0017
tim_between_dies,3.6082771436407373,3.6082771436407373,3.6082771436407373,0.5770003916695714,isotropic_log_uniform,v6p1i_0017
silicon_die_upper,124.50636383146048,124.50636383146048,124.50636383146048,0.4901272766292095,isotropic_linear,v6p1i_0017
tim_to_spreader,2.150389714253286,2.150389714253286,2.150389714253286,0.27777271065860987,isotropic_log_uniform,v6p1i_0017
spreader,387.9419956263155,387.9419956263155,387.9419956263155,0.19613304175436497,isotropic_linear,v6p1i_0017
pcb_fr4_equivalent,0.8952434280195818,0.8952434280195818,0.3357162855073431,0.7520438963547349,correlated_log_uniform_axes,v6p1i_0018
bt_substrate_with_vias,0.1640923479536931,0.1640923479536931,0.40202625248654805,0.056590368039906025,correlated_log_uniform_axes,v6p1i_0018
silicon_interposer_tsv_0p1,136.31734818220139,136.31734818220139,139.03690621256828,0.5439116060733795,correlated_linear_axes,v6p1i_0018
bump_underfill_under_interposer,0.4884615475354407,0.4884615475354407,3.9891026382060986,0.03915562201291323,correlated_log_uniform_axes,v6p1i_0018
silicon_die_lower,103.53136034682393,103.53136034682393,103.53136034682393,0.07062720693647861,isotropic_linear,v6p1i_0018
tim_between_dies,5.12002370796354,5.12002370796354,5.12002370796354,0.7793035572394729,isotropic_log_uniform,v6p1i_0018
silicon_die_upper,131.76131756044924,131.76131756044924,131.76131756044924,0.6352263512089849,isotropic_linear,v6p1i_0018
tim_to_spreader,1.4632588226486567,1.4632588226486567,1.4632588226486567,0.055203646421432495,isotropic_log_uniform,v6p1i_0018
spreader,390.9279172727838,390.9279172727838,390.9279172727838,0.3951944848522544,isotropic_linear,v6p1i_0018
pcb_fr4_equivalent,0.7133094155835373,0.7133094155835373,0.26749103084382647,0.24299853667616844,correlated_log_uniform_axes,v6p1i_0019
bt_substrate_with_vias,0.20527368549125533,0.20527368549125533,0.5029205294535756,0.5583184529095888,correlated_log_uniform_axes,v6p1i_0019
silicon_interposer_tsv_0p1,123.00865843892097,123.00865843892097,123.51010151207447,0.10028861463069916,correlated_linear_axes,v6p1i_0019
bump_underfill_under_interposer,0.6567393066885537,0.6567393066885537,5.363371004623188,0.7024649390950799,correlated_log_uniform_axes,v6p1i_0019
silicon_die_lower,139.71422114409506,139.71422114409506,139.71422114409506,0.7942844228819013,isotropic_linear,v6p1i_0019
tim_between_dies,1.5331095910609323,1.5331095910609323,1.5331095910609323,0.08216289803385735,isotropic_log_uniform,v6p1i_0019
silicon_die_upper,101.07426610775292,101.07426610775292,101.07426610775292,0.021485322155058384,isotropic_linear,v6p1i_0019
tim_to_spreader,3.8948966757590187,3.8948966757590187,3.8948966757590187,0.6211905255913734,isotropic_log_uniform,v6p1i_0019
spreader,395.6959555717185,395.6959555717185,395.6959555717185,0.7130637047812343,isotropic_linear,v6p1i_0019
pcb_fr4_equivalent,0.6699390878284487,0.6699390878284487,0.25122715793566824,0.102442167699337,correlated_log_uniform_axes,v6p1i_0020
bt_substrate_with_vias,0.1749420292153179,0.1749420292153179,0.42860797157752895,0.20005248114466667,correlated_log_uniform_axes,v6p1i_0020
silicon_interposer_tsv_0p1,130.9185071848333,130.9185071848333,132.7382583823055,0.36395023949444294,correlated_linear_axes,v6p1i_0020
bump_underfill_under_interposer,0.603515840323728,0.603515840323728,4.9287126959771115,0.5130916452035308,correlated_log_uniform_axes,v6p1i_0020
silicon_die_lower,146.05058785527945,146.05058785527945,146.05058785527945,0.9210117571055889,isotropic_linear,v6p1i_0020
tim_between_dies,2.8723895679648193,2.8723895679648193,2.8723895679648193,0.4451376684010029,isotropic_log_uniform,v6p1i_0020
silicon_die_upper,125.02953759394586,125.02953759394586,125.02953759394586,0.5005907518789172,isotropic_linear,v6p1i_0020
tim_to_spreader,1.6736214849917685,1.6736214849917685,1.6736214849917685,0.13285985495895147,isotropic_log_uniform,v6p1i_0020
spreader,388.84648313745856,388.84648313745856,388.84648313745856,0.2564322091639042,isotropic_linear,v6p1i_0020
pcb_fr4_equivalent,0.9532513494612399,0.9532513494612399,0.3574692560479649,0.8927222760394216,correlated_log_uniform_axes,v6p1i_0021
bt_substrate_with_vias,0.21884623903249859,0.21884623903249859,0.5361732856296216,0.7017804486677051,correlated_log_uniform_axes,v6p1i_0021
silicon_interposer_tsv_0p1,144.343240018934,144.343240018934,148.40044668875635,0.811441333964467,correlated_linear_axes,v6p1i_0021
bump_underfill_under_interposer,0.5315764698727968,0.5315764698727968,4.341207837294506,0.22868901770561934,correlated_log_uniform_axes,v6p1i_0021
silicon_die_lower,109.8677025642246,109.8677025642246,109.8677025642246,0.19735405128449202,isotropic_linear,v6p1i_0021
tim_between_dies,4.014082557220591,4.014082557220591,4.014082557220591,0.6386162331327796,isotropic_log_uniform,v6p1i_0021
silicon_die_upper,107.6603218447417,107.6603218447417,107.6603218447417,0.15320643689483404,isotropic_linear,v6p1i_0021
tim_to_spreader,4.46201716402707,4.46201716402707,4.46201716402707,0.6997775053605437,isotropic_log_uniform,v6p1i_0021
spreader,393.5559842363,393.5559842363,393.5559842363,0.5703989490866661,isotropic_linear,v6p1i_0021
pcb_fr4_equivalent,0.8403376708926407,0.8403376708926407,0.31512662658474017,0.6102251717820764,correlated_log_uniform_axes,v6p1i_0022
bt_substrate_with_vias,0.17934825692452153,0.17934825692452153,0.43940322946507787,0.2557897577062249,correlated_log_uniform_axes,v6p1i_0022
silicon_interposer_tsv_0p1,124.35029273852706,124.35029273852706,125.07534152828157,0.14500975795090199,correlated_linear_axes,v6p1i_0022
bump_underfill_under_interposer,0.6974057085232808,0.6974057085232808,5.695479952940126,0.8370871879160404,correlated_log_uniform_axes,v6p1i_0022
silicon_die_lower,118.45586597919464,118.45586597919464,118.45586597919464,0.3691173195838928,isotropic_linear,v6p1i_0022
tim_between_dies,7.071383006834195,7.071383006834195,7.071383006834195,0.9659789996221662,isotropic_log_uniform,v6p1i_0022
silicon_die_upper,148.60707512125373,148.60707512125373,148.60707512125373,0.9721415024250746,isotropic_linear,v6p1i_0022
tim_to_spreader,7.20684169723124,7.20684169723124,7.20684169723124,0.9769488032907248,isotropic_log_uniform,v6p1i_0022
spreader,396.54917288105935,396.54917288105935,396.54917288105935,0.7699448587372899,isotropic_linear,v6p1i_0022
pcb_fr4_equivalent,0.7599361597109981,0.7599361597109981,0.2849760598916243,0.38487837091088295,correlated_log_uniform_axes,v6p1i_0023
bt_substrate_with_vias,0.22435447165153907,0.22435447165153907,0.5496684555462708,0.7574797626584768,correlated_log_uniform_axes,v6p1i_0023
silicon_interposer_tsv_0p1,141.51035299524665,141.51035299524665,145.09541182778776,0.7170117665082216,correlated_linear_axes,v6p1i_0023
bump_underfill_under_interposer,0.583090278021895,0.583090278021895,4.7619039371788086,0.4359434098005295,correlated_log_uniform_axes,v6p1i_0023
silicon_die_lower,126.4136306475848,126.4136306475848,126.4136306475848,0.5282726129516959,isotropic_linear,v6p1i_0023
tim_between_dies,1.716551484639613,1.716551484639613,1.716551484639613,0.14750236086547375,isotropic_log_uniform,v6p1i_0023
silicon_die_upper,118.70154635980725,118.70154635980725,118.70154635980725,0.37403092719614506,isotropic_linear,v6p1i_0023
tim_to_spreader,2.745073725030089,2.745073725030089,2.745073725030089,0.4189275037497282,isotropic_log_uniform,v6p1i_0023
spreader,386.33191683795303,386.33191683795303,386.33191683795303,0.0887944558635354,isotropic_linear,v6p1i_0023
pcb_fr4_equivalent,0.7914449213387074,0.7914449213387074,0.2967918455020152,0.47590914368629456,correlated_log_uniform_axes,v6p1i_0024
bt_substrate_with_vias,0.16764100979411006,0.16764100979411006,0.41072047399556966,0.10453143529593945,correlated_log_uniform_axes,v6p1i_0024
silicon_interposer_tsv_0p1,126.16643476299942,126.16643476299942,127.19417389016598,0.20554782543331385,correlated_linear_axes,v6p1i_0024
bump_underfill_under_interposer,0.5086627342713657,0.5086627342713657,4.154078996549485,0.12995914090424776,correlated_log_uniform_axes,v6p1i_0024
silicon_die_lower,119.44675683043897,119.44675683043897,119.44675683043897,0.38893513660877943,isotropic_linear,v6p1i_0024
tim_between_dies,1.3821995670429241,1.3821995670429241,1.3821995670429241,0.02225625328719616,isotropic_log_uniform,v6p1i_0024
silicon_die_upper,128.71734062209725,128.71734062209725,128.71734062209725,0.5743468124419451,isotropic_linear,v6p1i_0024
tim_to_spreader,1.930624553848983,1.930624553848983,1.930624553848983,0.21544743236154318,isotropic_log_uniform,v6p1i_0024
spreader,390.4495744081214,390.4495744081214,390.4495744081214,0.36330496054142714,isotropic_linear,v6p1i_0024
pcb_fr4_equivalent,0.8103849211469184,0.8103849211469184,0.3038943454300944,0.5288998233154416,correlated_log_uniform_axes,v6p1i_0025
bt_substrate_with_vias,0.20939328923376085,0.20939328923376085,0.513013558622714,0.6028416091576219,correlated_log_uniform_axes,v6p1i_0025
silicon_interposer_tsv_0p1,139.46022215299308,139.46022215299308,142.70359251182526,0.6486740717664361,correlated_linear_axes,v6p1i_0025
bump_underfill_under_interposer,0.6262826168875661,0.6262826168875661,5.114641371248456,0.5960638979449868,correlated_log_uniform_axes,v6p1i_0025
silicon_die_lower,136.4897919818759,136.4897919818759,136.4897919818759,0.7297958396375179,isotropic_linear,v6p1i_0025
tim_between_dies,5.69401070571033,5.69401070571033,5.69401070571033,0.8407328920438886,isotropic_log_uniform,v6p1i_0025
silicon_die_upper,110.17330540344119,110.17330540344119,110.17330540344119,0.20346610806882381,isotropic_linear,v6p1i_0025
tim_to_spreader,4.082865153313293,4.082865153313293,4.082865153313293,0.6484387060627341,isotropic_log_uniform,v6p1i_0025
spreader,393.3573173591867,393.3573173591867,393.3573173591867,0.5571544906124473,isotropic_linear,v6p1i_0025
pcb_fr4_equivalent,0.9997497549287279,0.9997497549287279,0.37490615809827293,0.9994392031803727,correlated_log_uniform_axes,v6p1i_0026
bt_substrate_with_vias,0.19199196120625156,0.19199196120625156,0.4703803049553163,0.4084359286352992,correlated_log_uniform_axes,v6p1i_0026
silicon_interposer_tsv_0p1,128.9841905515641,128.9841905515641,130.48155564349145,0.2994730183854699,correlated_linear_axes,v6p1i_0026
bump_underfill_under_interposer,0.5879292936754427,0.5879292936754427,4.801422565016115,0.454462131485343,correlated_log_uniform_axes,v6p1i_0026
silicon_die_lower,141.82764585129917,141.82764585129917,141.82764585129917,0.8365529170259833,isotropic_linear,v6p1i_0026
tim_between_dies,3.2240567677683876,3.2240567677683876,3.2240567677683876,0.5119090965017676,isotropic_log_uniform,v6p1i_0026
silicon_die_upper,146.08197319321334,146.08197319321334,146.08197319321334,0.9216394638642669,isotropic_linear,v6p1i_0026
tim_to_spreader,6.697076991584434,6.697076991584434,6.697076991584434,0.9345376174896955,isotropic_log_uniform,v6p1i_0026
spreader,397.7585855778307,397.7585855778307,397.7585855778307,0.8505723718553782,isotropic_linear,v6p1i_0026
pcb_fr4_equivalent,0.6415880280478845,0.6415880280478845,0.24059551051795666,0.005552973598241806,correlated_log_uniform_axes,v6p1i_0027
bt_substrate_with_vias,0.23980493075425915,0.23980493075425915,0.587522080347935,0.9067077822983265,correlated_log_uniform_axes,v6p1i_0027
silicon_interposer_tsv_0p1,146.04265230707824,146.04265230707824,150.38309435825795,0.8680884102359414,correlated_linear_axes,v6p1i_0027
bump_underfill_under_interposer,0.6868186510741241,0.6868186510741241,5.609018983772013,0.8028109688311815,correlated_log_uniform_axes,v6p1i_0027
silicon_die_lower,103.01128104329109,103.01128104329109,103.01128104329109,0.06022562086582184,isotropic_linear,v6p1i_0027
tim_between_dies,2.3070644149074426,2.3070644149074426,2.3070644149074426,0.3184305317699909,isotropic_log_uniform,v6p1i_0027
silicon_die_upper,115.02584828995168,115.02584828995168,115.02584828995168,0.30051696579903364,isotropic_linear,v6p1i_0027
tim_to_spreader,3.1180991607056576,3.1180991607056576,3.1180991607056576,0.4925899114459753,isotropic_log_uniform,v6p1i_0027
spreader,385.5930870119482,385.5930870119482,385.5930870119482,0.03953913412988186,isotropic_linear,v6p1i_0027
pcb_fr4_equivalent,0.6831229706180206,0.6831229706180206,0.2561711139817577,0.14610933512449265,correlated_log_uniform_axes,v6p1i_0028
bt_substrate_with_vias,0.18580521906016192,0.18580521906016192,0.45522278669739674,0.3350423965603113,correlated_log_uniform_axes,v6p1i_0028
silicon_interposer_tsv_0p1,138.1331040803343,138.1331040803343,141.15528809372336,0.6044368026778102,correlated_linear_axes,v6p1i_0028
bump_underfill_under_interposer,0.7461297568815305,0.7461297568815305,6.093393014532498,0.9884072728455067,correlated_log_uniform_axes,v6p1i_0028
silicon_die_lower,109.37168044038117,109.37168044038117,109.37168044038117,0.1874336088076234,isotropic_linear,v6p1i_0028
tim_between_dies,1.9087845469298892,1.9087845469298892,1.9087845469298892,0.20887015387415886,isotropic_log_uniform,v6p1i_0028
silicon_die_upper,139.31281198747456,139.31281198747456,139.31281198747456,0.7862562397494912,isotropic_linear,v6p1i_0028
tim_to_spreader,4.9707081372422115,4.9707081372422115,4.9707081372422115,0.7621928760781884,isotropic_log_uniform,v6p1i_0028
spreader,399.83563581015915,399.83563581015915,399.83563581015915,0.9890423873439431,isotropic_linear,v6p1i_0028
pcb_fr4_equivalent,0.9389122829419616,0.9389122829419616,0.35209210610323555,0.8587608309462667,correlated_log_uniform_axes,v6p1i_0029
bt_substrate_with_vias,0.23207747771365075,0.23207747771365075,0.5685898203984444,0.8333143712952733,correlated_log_uniform_axes,v6p1i_0029
silicon_interposer_tsv_0p1,120.95814147032797,120.95814147032797,121.11783171538264,0.031938049010932446,correlated_linear_axes,v6p1i_0029
bump_underfill_under_interposer,0.541217791694258,0.541217791694258,4.419945298836439,0.26896512508392334,correlated_log_uniform_axes,v6p1i_0029
silicon_die_lower,148.18802056834102,148.18802056834102,148.18802056834102,0.9637604113668203,isotropic_linear,v6p1i_0029
tim_between_dies,6.374640267505217,6.374640267505217,6.374640267505217,0.9060108130797744,isotropic_log_uniform,v6p1i_0029
silicon_die_upper,121.55010872520506,121.55010872520506,121.55010872520506,0.4310021745041013,isotropic_linear,v6p1i_0029
tim_to_spreader,2.318046378654086,2.318046378654086,2.318046378654086,0.32117597106844187,isotropic_log_uniform,v6p1i_0029
spreader,387.72867310326546,387.72867310326546,387.72867310326546,0.18191154021769762,isotropic_linear,v6p1i_0029
pcb_fr4_equivalent,0.8509435709531122,0.8509435709531122,0.319103839107417,0.6383281955495477,correlated_log_uniform_axes,v6p1i_0030
bt_substrate_with_vias,0.1714158609891569,0.1714158609891569,0.41996885942343437,0.15442687924951315,correlated_log_uniform_axes,v6p1i_0030
silicon_interposer_tsv_0p1,146.54701181687415,146.54701181687415,150.97151378635317,0.8849003938958049,correlated_linear_axes,v6p1i_0030
bump_underfill_under_interposer,0.6434505150625004,0.6434505150625004,5.254845873010419,0.6566602950915694,correlated_log_uniform_axes,v6p1i_0030
silicon_die_lower,130.1290097180754,130.1290097180754,130.1290097180754,0.6025801943615079,isotropic_linear,v6p1i_0030
tim_between_dies,4.481114676018852,4.481114676018852,4.481114676018852,0.7022466184571385,isotropic_log_uniform,v6p1i_0030
silicon_die_upper,134.70526356250048,134.70526356250048,134.70526356250048,0.6941052712500095,isotropic_linear,v6p1i_0030
tim_to_spreader,1.5964014654562035,1.5964014654562035,1.5964014654562035,0.10555040091276169,isotropic_log_uniform,v6p1i_0030
spreader,392.1226743236184,392.1226743236184,392.1226743236184,0.47484495490789413,isotropic_linear,v6p1i_0030
pcb_fr4_equivalent,0.7537632071559083,0.7537632071559083,0.28266120268346556,0.3666027821600437,correlated_log_uniform_axes,v6p1i_0031
bt_substrate_with_vias,0.21410828450640298,0.21410828450640298,0.5245652970406873,0.6527369320392609,correlated_log_uniform_axes,v6p1i_0031
silicon_interposer_tsv_0p1,133.1367235723883,133.1367235723883,135.32617750111967,0.4378907857462764,correlated_linear_axes,v6p1i_0031
bump_underfill_under_interposer,0.4951131027219394,0.4951131027219394,4.043423672229172,0.06946228723973036,correlated_log_uniform_axes,v6p1i_0031
silicon_die_lower,113.08599906042218,113.08599906042218,113.08599906042218,0.26171998120844364,isotropic_linear,v6p1i_0031
tim_between_dies,2.5668017074900105,2.5668017074900105,2.5668017074900105,0.38010785542428493,isotropic_log_uniform,v6p1i_0031
silicon_die_upper,104.43028286099434,104.43028286099434,104.43028286099434,0.08860565721988678,isotropic_linear,v6p1i_0031
tim_to_spreader,3.382207386807843,3.382207386807843,3.382207386807843,0.5395945161581039,isotropic_log_uniform,v6p1i_0031
spreader,394.971766974777,394.971766974777,394.971766974777,0.6647844649851322,isotropic_linear,v6p1i_0031
pcb_fr4_equivalent,0.7503607816978959,0.7503607816978959,0.2813852931367109,0.35646550357341766,correlated_log_uniform_axes,v6p1i_0032
bt_substrate_with_vias,0.18704002392528207,0.18704002392528207,0.4582480586169411,0.3498842101544142,correlated_log_uniform_axes,v6p1i_0032
silicon_interposer_tsv_0p1,122.26762530393898,122.26762530393898,122.64556285459548,0.0755875101312995,correlated_linear_axes,v6p1i_0032
bump_underfill_under_interposer,0.576355676675932,0.576355676675932,4.706904692853445,0.40991294477134943,correlated_log_uniform_axes,v6p1i_0032
silicon_die_lower,144.53990142792463,144.53990142792463,144.53990142792463,0.8907980285584927,isotropic_linear,v6p1i_0032
tim_between_dies,2.3558801459633822,2.3558801459633822,2.3558801459633822,0.33053563721477985,isotropic_log_uniform,v6p1i_0032
silicon_die_upper,132.460772478953,132.460772478953,132.460772478953,0.6492154495790601,isotropic_linear,v6p1i_0032
tim_to_spreader,4.012212861652883,4.012212861652883,4.012212861652883,0.6383468881249428,isotropic_log_uniform,v6p1i_0032
spreader,388.15257044974715,388.15257044974715,388.15257044974715,0.21017136331647635,isotropic_linear,v6p1i_0032
pcb_fr4_equivalent,0.8547071614030254,0.8547071614030254,0.3205151855261345,0.6482166545465589,correlated_log_uniform_axes,v6p1i_0033
bt_substrate_with_vias,0.23357286617083728,0.23357286617083728,0.5722535221185514,0.8477060431614518,correlated_log_uniform_axes,v6p1i_0033
silicon_interposer_tsv_0p1,135.20918858237565,135.20918858237565,137.74405334610492,0.5069729527458549,correlated_linear_axes,v6p1i_0033
bump_underfill_under_interposer,0.6911616604619188,0.6911616604619188,5.644486893772337,0.8169352011755109,correlated_log_uniform_axes,v6p1i_0033
silicon_die_lower,111.97047322057188,111.97047322057188,111.97047322057188,0.2394094644114375,isotropic_linear,v6p1i_0033
tim_between_dies,3.2908310327460235,3.2908310327460235,3.2908310327460235,0.5237605208531022,isotropic_log_uniform,v6p1i_0033
silicon_die_upper,100.22947047837079,100.22947047837079,100.22947047837079,0.004589409567415714,isotropic_linear,v6p1i_0033
tim_to_spreader,1.8683462800925572,1.8683462800925572,1.8683462800925572,0.19649073481559753,isotropic_log_uniform,v6p1i_0033
spreader,398.5017204331234,398.5017204331234,398.5017204331234,0.9001146955415606,isotropic_linear,v6p1i_0033
pcb_fr4_equivalent,0.9413163089825511,0.9413163089825511,0.3529936158684567,0.8644906962290406,correlated_log_uniform_axes,v6p1i_0034
bt_substrate_with_vias,0.17271800834736087,0.17271800834736087,0.42315912045103415,0.17138393502682447,correlated_log_uniform_axes,v6p1i_0034
silicon_interposer_tsv_0p1,132.58905929513276,132.58905929513276,134.68723584432155,0.41963530983775854,correlated_linear_axes,v6p1i_0034
bump_underfill_under_interposer,0.5346817143807976,0.5346817143807976,4.366567334109847,0.24174021370708942,correlated_log_uniform_axes,v6p1i_0034
silicon_die_lower,115.95631465315819,115.95631465315819,115.95631465315819,0.31912629306316376,isotropic_linear,v6p1i_0034
tim_between_dies,5.501492392042826,5.501492392042826,5.501492392042826,0.8208479462191463,isotropic_log_uniform,v6p1i_0034
silicon_die_upper,143.51353347301483,143.51353347301483,143.51353347301483,0.8702706694602966,isotropic_linear,v6p1i_0034
tim_to_spreader,3.062522819290997,3.062522819290997,3.062522819290997,0.48219256196171045,isotropic_log_uniform,v6p1i_0034
spreader,395.3974973876029,395.3974973876029,395.3974973876029,0.6931664925068617,isotropic_linear,v6p1i_0034
pcb_fr4_equivalent,0.6814511115771182,0.6814511115771182,0.2555441668414193,0.14061875268816948,correlated_log_uniform_axes,v6p1i_0035
bt_substrate_with_vias,0.21568406391947076,0.21568406391947076,0.5284259566027034,0.6691675670444965,correlated_log_uniform_axes,v6p1i_0035
silicon_interposer_tsv_0p1,149.29524687118828,149.29524687118828,154.17778801638633,0.9765082290396094,correlated_linear_axes,v6p1i_0035
bump_underfill_under_interposer,0.6043962766871456,0.6043962766871456,4.935902926278355,0.5163581129163504,correlated_log_uniform_axes,v6p1i_0035
silicon_die_lower,126.74628640525043,126.74628640525043,126.74628640525043,0.5349257281050086,isotropic_linear,v6p1i_0035
tim_between_dies,1.3360437704396932,1.3360437704396932,1.3360437704396932,0.002621166408061981,isotropic_log_uniform,v6p1i_0035
silicon_die_upper,123.79470262676477,123.79470262676477,123.79470262676477,0.4758940525352955,isotropic_linear,v6p1i_0035
tim_to_spreader,6.4789856834903325,6.4789856834903325,6.4789856834903325,0.9153974587097764,isotropic_log_uniform,v6p1i_0035
spreader,390.7905915658921,390.7905915658921,390.7905915658921,0.38603943772614,isotropic_linear,v6p1i_0035
pcb_fr4_equivalent,0.6489312308273334,0.6489312308273334,0.24334921156025002,0.03105304390192032,correlated_log_uniform_axes,v6p1i_0036
bt_substrate_with_vias,0.16642529741074855,0.16642529741074855,0.407741978656334,0.08822287060320377,correlated_log_uniform_axes,v6p1i_0036
silicon_interposer_tsv_0p1,142.20480940304697,142.20480940304697,145.90561097022146,0.7401603134348989,correlated_linear_axes,v6p1i_0036
bump_underfill_under_interposer,0.6577801894254923,0.6577801894254923,5.3718715469748535,0.706013485789299,correlated_log_uniform_axes,v6p1i_0036
silicon_die_lower,132.88702992722392,132.88702992722392,132.88702992722392,0.6577405985444784,isotropic_linear,v6p1i_0036
tim_between_dies,2.6199968894176164,2.6199968894176164,2.6199968894176164,0.39196667075157166,isotropic_log_uniform,v6p1i_0036
silicon_die_upper,149.30613515898585,149.30613515898585,149.30613515898585,0.9861227031797171,isotropic_linear,v6p1i_0036
tim_to_spreader,2.399317208651064,2.399317208651064,2.399317208651064,0.34109790436923504,isotropic_log_uniform,v6p1i_0036
spreader,393.7885245634243,393.7885245634243,393.7885245634243,0.5859016375616193,isotropic_linear,v6p1i_0036
pcb_fr4_equivalent,0.9883269643000807,0.9883269643000807,0.3706226116125302,0.9736902536824346,correlated_log_uniform_axes,v6p1i_0037
bt_substrate_with_vias,0.20782596306860215,0.20782596306860215,0.5091736095180754,0.5860066236928105,correlated_log_uniform_axes,v6p1i_0037
silicon_interposer_tsv_0p1,125.61512268148363,125.61512268148363,126.5509764617309,0.1871707560494542,correlated_linear_axes,v6p1i_0037
bump_underfill_under_interposer,0.4913767745153419,0.4913767745153419,4.012910325208625,0.05248883739113808,correlated_log_uniform_axes,v6p1i_0037
silicon_die_lower,122.0970828551799,122.0970828551799,122.0970828551799,0.4419416571035981,isotropic_linear,v6p1i_0037
tim_between_dies,4.5758693855488435,4.5758693855488435,4.5758693855488435,0.7143438560888171,isotropic_log_uniform,v6p1i_0037
silicon_die_upper,117.85638267174363,117.85638267174363,117.85638267174363,0.3571276534348726,isotropic_linear,v6p1i_0037
tim_to_spreader,5.084105571940449,5.084105571940449,5.084105571940449,0.7752335723489523,isotropic_log_uniform,v6p1i_0037
spreader,389.12296888884157,389.12296888884157,389.12296888884157,0.27486459258943796,isotropic_linear,v6p1i_0037
pcb_fr4_equivalent,0.8027778960117453,0.8027778960117453,0.30104171100440447,0.5077670970931649,correlated_log_uniform_axes,v6p1i_0038
bt_substrate_with_vias,0.19075239131879934,0.19075239131879934,0.4673433587310584,0.3939221864566207,correlated_log_uniform_axes,v6p1i_0038
silicon_interposer_tsv_0p1,143.12241322360933,143.12241322360933,146.97614876087755,0.7707471074536443,correlated_linear_axes,v6p1i_0038
bump_underfill_under_interposer,0.7113955814712717,0.7113955814712717,5.809730582015385,0.881590667180717,correlated_log_uniform_axes,v6p1i_0038
silicon_die_lower,105.82934664562345,105.82934664562345,105.82934664562345,0.11658693291246891,isotropic_linear,v6p1i_0038
tim_between_dies,6.161688019373626,6.161688019373626,6.161688019373626,0.8863678583875299,isotropic_log_uniform,v6p1i_0038
silicon_die_upper,125.88690905831754,125.88690905831754,125.88690905831754,0.5177381811663508,isotropic_linear,v6p1i_0038
tim_to_spreader,3.5018974439188515,3.5018974439188515,3.5018974439188515,0.5596996759995818,isotropic_log_uniform,v6p1i_0038
spreader,386.01147884503007,386.01147884503007,386.01147884503007,0.06743192300200462,isotropic_linear,v6p1i_0038
pcb_fr4_equivalent,0.7990299007718167,0.7990299007718167,0.29963621278943126,0.4972812123596668,correlated_log_uniform_axes,v6p1i_0039
bt_substrate_with_vias,0.23820880379945236,0.23820880379945236,0.5836115693086583,0.8917438983917236,correlated_log_uniform_axes,v6p1i_0039
silicon_interposer_tsv_0p1,130.29735079966486,130.29735079966486,132.01357593294233,0.34324502665549517,correlated_linear_axes,v6p1i_0039
bump_underfill_under_interposer,0.5600636690185352,0.5600636690185352,4.573853296984704,0.3456617211923003,correlated_log_uniform_axes,v6p1i_0039
silicon_die_lower,138.3987503591925,138.3987503591925,138.3987503591925,0.7679750071838498,isotropic_linear,v6p1i_0039
tim_between_dies,1.8442708412634934,1.8442708412634934,1.8442708412634934,0.1889925990253687,isotropic_log_uniform,v6p1i_0039
silicon_die_upper,106.9490525405854,106.9490525405854,106.9490525405854,0.13898105081170797,isotropic_linear,v6p1i_0039
tim_to_spreader,1.6336828736413327,1.6336828736413327,1.6336828736413327,0.11889639403671026,isotropic_log_uniform,v6p1i_0039
spreader,396.41916424036026,396.41916424036026,396.41916424036026,0.7612776160240173,isotropic_linear,v6p1i_0039
pcb_fr4_equivalent,0.7620517111734167,0.7620517111734167,0.28576939169003124,0.391107514500618,correlated_log_uniform_axes,v6p1i_0040
bt_substrate_with_vias,0.17869303156390337,0.17869303156390337,0.43779792733156325,0.2475886270403862,correlated_log_uniform_axes,v6p1i_0040
silicon_interposer_tsv_0p1,144.93815476074815,144.93815476074815,149.0945138875395,0.8312718253582716,correlated_linear_axes,v6p1i_0040
bump_underfill_under_interposer,0.49931646607363095,0.49931646607363095,4.077751139601319,0.088404955342412,correlated_log_uniform_axes,v6p1i_0040
silicon_die_lower,106.2924322206527,106.2924322206527,106.2924322206527,0.125848644413054,isotropic_linear,v6p1i_0040
tim_between_dies,1.4825452946402156,1.4825452946402156,1.4825452946402156,0.06277386285364628,isotropic_log_uniform,v6p1i_0040
silicon_die_upper,146.75014684908092,146.75014684908092,146.75014684908092,0.9350029369816184,isotropic_linear,v6p1i_0040
tim_to_spreader,2.0839334271355194,2.0839334271355194,2.0839334271355194,0.25962420366704464,isotropic_log_uniform,v6p1i_0040
spreader,393.04785820655525,393.04785820655525,393.04785820655525,0.5365238804370165,isotropic_linear,v6p1i_0040
pcb_fr4_equivalent,0.8380950177986326,0.8380950177986326,0.3142856316744872,0.6042372779920697,correlated_log_uniform_axes,v6p1i_0041
bt_substrate_with_vias,0.22358352091599096,0.22358352091599096,0.547779626244178,0.7497667362913489,correlated_log_uniform_axes,v6p1i_0041
silicon_interposer_tsv_0p1,128.24681947007775,128.24681947007775,129.62128938175738,0.2748939823359251,correlated_linear_axes,v6p1i_0041
bump_underfill_under_interposer,0.6517419923850661,0.6517419923850661,5.322559604478038,0.6853495445102453,correlated_log_uniform_axes,v6p1i_0041
silicon_die_lower,148.72225327417254,148.72225327417254,148.72225327417254,0.9744450654834509,isotropic_linear,v6p1i_0041
tim_between_dies,4.953167059728097,4.953167059728097,4.953167059728097,0.7601491222158074,isotropic_log_uniform,v6p1i_0041
silicon_die_upper,114.1131532844156,114.1131532844156,114.1131532844156,0.28226306568831205,isotropic_linear,v6p1i_0041
tim_to_spreader,5.5455420823200825,5.5455420823200825,5.5455420823200825,0.8254584949463606,isotropic_log_uniform,v6p1i_0041
spreader,390.3305452782661,390.3305452782661,390.3305452782661,0.35536968521773815,isotropic_linear,v6p1i_0041
pcb_fr4_equivalent,0.9491582793498127,0.9491582793498127,0.3559343547561798,0.8830804014578462,correlated_log_uniform_axes,v6p1i_0042
bt_substrate_with_vias,0.18304082317298453,0.18304082317298453,0.4484500167738121,0.301454802043736,correlated_log_uniform_axes,v6p1i_0042
silicon_interposer_tsv_0p1,140.271007809788,140.271007809788,143.64950911141932,0.6757002603262663,correlated_linear_axes,v6p1i_0042
bump_underfill_under_interposer,0.5401286291168624,0.5401286291168624,4.411050471121043,0.26445131096988916,correlated_log_uniform_axes,v6p1i_0042
silicon_die_lower,129.21031066216528,129.21031066216528,129.21031066216528,0.5842062132433057,isotropic_linear,v6p1i_0042
tim_between_dies,3.681466273370309,3.681466273370309,3.681466273370309,0.5886095864698291,isotropic_log_uniform,v6p1i_0042
silicon_die_upper,129.6178308315575,129.6178308315575,129.6178308315575,0.5923566166311502,isotropic_linear,v6p1i_0042
tim_to_spreader,3.7757209651067116,3.7757209651067116,3.7757209651067116,0.6032247683033347,isotropic_log_uniform,v6p1i_0042
spreader,385.81463397014886,385.81463397014886,385.81463397014886,0.05430893134325743,isotropic_linear,v6p1i_0042
pcb_fr4_equivalent,0.6727539213889123,0.6727539213889123,0.2522827205208421,0.11183707043528557,correlated_log_uniform_axes,v6p1i_0043
bt_substrate_with_vias,0.22902746226994022,0.22902746226994022,0.5611172825613536,0.8036712277680635,correlated_log_uniform_axes,v6p1i_0043
silicon_interposer_tsv_0p1,127.31505000963807,127.31505000963807,128.53422501124442,0.24383500032126904,correlated_linear_axes,v6p1i_0043
bump_underfill_under_interposer,0.7426899035653838,0.7426899035653838,6.0653008791173,0.9780531274154782,correlated_log_uniform_axes,v6p1i_0043
silicon_die_lower,114.99953093007207,114.99953093007207,114.99953093007207,0.2999906186014414,isotropic_linear,v6p1i_0043
tim_between_dies,2.1078901891709423,2.1078901891709423,2.1078901891709423,0.2662324011325836,isotropic_log_uniform,v6p1i_0043
silicon_die_upper,109.51733803376555,109.51733803376555,109.51733803376555,0.1903467606753111,isotropic_linear,v6p1i_0043
tim_to_spreader,1.435473136429131,1.435473136429131,1.435473136429131,0.04412007983773947,isotropic_log_uniform,v6p1i_0043
spreader,398.0240777367726,398.0240777367726,398.0240777367726,0.8682718491181731,isotropic_linear,v6p1i_0043
pcb_fr4_equivalent,0.7064676259138702,0.7064676259138702,0.2649253597177013,0.22140277177095413,correlated_log_uniform_axes,v6p1i_0044
bt_substrate_with_vias,0.1946339050340833,0.1946339050340833,0.47685306733350413,0.43905944749712944,correlated_log_uniform_axes,v6p1i_0044
silicon_interposer_tsv_0p1,134.4052155688405,134.4052155688405,136.80608483031392,0.48017385229468346,correlated_linear_axes,v6p1i_0044
bump_underfill_under_interposer,0.6837198279092324,0.6837198279092324,5.583711927925397,0.7926783440634608,correlated_log_uniform_axes,v6p1i_0044
silicon_die_lower,121.16507007740438,121.16507007740438,121.16507007740438,0.4233014015480876,isotropic_linear,v6p1i_0044
tim_between_dies,1.6606319526866418,1.6606319526866418,1.6606319526866418,0.12835531681776047,isotropic_log_uniform,v6p1i_0044
silicon_die_upper,135.37304531782866,135.37304531782866,135.37304531782866,0.7074609063565731,isotropic_linear,v6p1i_0044
tim_to_spreader,4.558389132760191,4.558389132760191,4.558389132760191,0.7121311277151108,isotropic_log_uniform,v6p1i_0044
spreader,387.4265596270561,387.4265596270561,387.4265596270561,0.16177064180374146,isotropic_linear,v6p1i_0044
pcb_fr4_equivalent,0.9040107205426349,0.9040107205426349,0.339004020203488,0.7738808514550328,correlated_log_uniform_axes,v6p1i_0045
bt_substrate_with_vias,0.24353314323238345,0.24353314323238345,0.5966562009193395,0.9412757558748126,correlated_log_uniform_axes,v6p1i_0045
silicon_interposer_tsv_0p1,147.2451302781701,147.2451302781701,151.7859853245318,0.908171009272337,correlated_linear_axes,v6p1i_0045
bump_underfill_under_interposer,0.5868041215445509,0.5868041215445509,4.792233659280498,0.45016977842897177,correlated_log_uniform_axes,v6p1i_0045
silicon_die_lower,135.3758743032813,135.3758743032813,135.3758743032813,0.7075174860656261,isotropic_linear,v6p1i_0045
tim_between_dies,6.838064931571912,6.838064931571912,6.838064931571912,0.9465820966288447,isotropic_log_uniform,v6p1i_0045
silicon_die_upper,103.51721681654453,103.51721681654453,103.51721681654453,0.07034433633089066,isotropic_linear,v6p1i_0045
tim_to_spreader,1.7358244498767401,1.7358244498767401,1.7358244498767401,0.15395724028348923,isotropic_log_uniform,v6p1i_0045
spreader,399.69465548172593,399.69465548172593,399.69465548172593,0.9796436987817287,isotropic_linear,v6p1i_0045
pcb_fr4_equivalent,0.8923088376319136,0.8923088376319136,0.3346158141119676,0.7446868279948831,correlated_log_uniform_axes,v6p1i_0046
bt_substrate_with_vias,0.1606068136693705,0.1606068136693705,0.39348669348995774,0.00848201010376215,correlated_log_uniform_axes,v6p1i_0046
silicon_interposer_tsv_0p1,120.33332291990519,120.33332291990519,120.38887673988938,0.011110763996839523,correlated_linear_axes,v6p1i_0046
bump_underfill_under_interposer,0.6344155688682005,0.6344155688682005,5.181060479090303,0.6249746084213257,correlated_log_uniform_axes,v6p1i_0046
silicon_die_lower,142.55709419958293,142.55709419958293,142.55709419958293,0.8511418839916587,isotropic_linear,v6p1i_0046
tim_between_dies,4.0937585432968655,4.0937585432968655,4.0937585432968655,0.6499791378155351,isotropic_log_uniform,v6p1i_0046
silicon_die_upper,140.2136702556163,140.2136702556163,140.2136702556163,0.8042734051123261,isotropic_linear,v6p1i_0046
tim_to_spreader,2.8028832796737237,2.8028832796737237,2.8028832796737237,0.43097607139497995,isotropic_log_uniform,v6p1i_0046
spreader,395.18601117189974,395.18601117189974,395.18601117189974,0.6790674114599824,isotropic_linear,v6p1i_0046
pcb_fr4_equivalent,0.7156349456250658,0.7156349456250658,0.26836310460939966,0.2502918131649494,correlated_log_uniform_axes,v6p1i_0047
bt_substrate_with_vias,0.20095377222934183,0.20095377222934183,0.49233674196188754,0.5106602367013693,correlated_log_uniform_axes,v6p1i_0047
silicon_interposer_tsv_0p1,136.90861511975527,136.90861511975527,139.72671763971448,0.5636205039918423,correlated_linear_axes,v6p1i_0047
bump_underfill_under_interposer,0.5130318467272748,0.5130318467272748,4.189760081606077,0.14912332966923714,correlated_log_uniform_axes,v6p1i_0047
silicon_die_lower,100.12724846601486,100.12724846601486,100.12724846601486,0.002544969320297241,isotropic_linear,v6p1i_0047
tim_between_dies,2.9306896581904787,2.9306896581904787,2.9306896581904787,0.4567542541772127,isotropic_log_uniform,v6p1i_0047
silicon_die_upper,120.89453623630106,120.89453623630106,120.89453623630106,0.4178907247260213,isotropic_linear,v6p1i_0047
tim_to_spreader,7.472330662010776,7.472330662010776,7.472330662010776,0.9978632042184472,isotropic_log_uniform,v6p1i_0047
spreader,392.41016059648246,392.41016059648246,392.41016059648246,0.4940107064321637,isotropic_linear,v6p1i_0047
pcb_fr4_equivalent,0.7278016688502507,0.7278016688502507,0.27292562581884394,0.28806658554822206,correlated_log_uniform_axes,v6p1i_0048
bt_substrate_with_vias,0.16266265663943943,0.16266265663943943,0.3985235087666266,0.03698213491588831,correlated_log_uniform_axes,v6p1i_0048
silicon_interposer_tsv_0p1,128.82311962544918,128.82311962544918,130.29363956302404,0.2941039875149727,correlated_linear_axes,v6p1i_0048
bump_underfill_under_interposer,0.7246599933434242,0.7246599933434242,5.918056612304632,0.9229853693395853,correlated_log_uniform_axes,v6p1i_0048
silicon_die_lower,125.31462693586946,125.31462693586946,125.31462693586946,0.5062925387173891,isotropic_linear,v6p1i_0048
tim_between_dies,7.202767731089155,7.202767731089155,7.202767731089155,0.9766219006851315,isotropic_log_uniform,v6p1i_0048
silicon_die_upper,102.26332675665617,102.26332675665617,102.26332675665617,0.0452665351331234,isotropic_linear,v6p1i_0048
tim_to_spreader,2.6831119560863295,2.6831119560863295,2.6831119560863295,0.4057285003364086,isotropic_log_uniform,v6p1i_0048
spreader,389.71597366034985,389.71597366034985,389.71597366034985,0.31439824402332306,isotropic_linear,v6p1i_0048
pcb_fr4_equivalent,0.8805898957008791,0.8805898957008791,0.33022121088782963,0.7150640040636063,correlated_log_uniform_axes,v6p1i_0049
bt_substrate_with_vias,0.20348241645054552,0.20348241645054552,0.49853192030383653,0.5386796500533819,correlated_log_uniform_axes,v6p1i_0049
silicon_interposer_tsv_0p1,145.530022457242,145.530022457242,149.78502620011568,0.8510007485747337,correlated_linear_axes,v6p1i_0049
bump_underfill_under_interposer,0.5572526069844483,0.5572526069844483,4.550896290372995,0.33438686840236187,correlated_log_uniform_axes,v6p1i_0049
silicon_die_lower,117.35746250487864,117.35746250487864,117.35746250487864,0.3471492500975728,isotropic_linear,v6p1i_0049
tim_between_dies,1.7491367997963674,1.7491367997963674,1.7491367997963674,0.15837408415973186,isotropic_log_uniform,v6p1i_0049
silicon_die_upper,133.69801081717014,133.69801081717014,133.69801081717014,0.6739602163434029,isotropic_linear,v6p1i_0049
tim_to_spreader,7.056456208424207,7.056456208424207,7.056456208424207,0.9647573567926884,isotropic_log_uniform,v6p1i_0049
spreader,392.72619934752584,392.72619934752584,392.72619934752584,0.5150799565017223,isotropic_linear,v6p1i_0049
pcb_fr4_equivalent,0.9192298534031905,0.9192298534031905,0.34471119502619635,0.8112894706428051,correlated_log_uniform_axes,v6p1i_0050
bt_substrate_with_vias,0.19834323901679682,0.19834323901679682,0.4859409355911523,0.4813610874116421,correlated_log_uniform_axes,v6p1i_0050
silicon_interposer_tsv_0p1,126.03466607630253,126.03466607630253,127.04044375568628,0.20115553587675095,correlated_linear_axes,v6p1i_0050
bump_underfill_under_interposer,0.6630920640828044,0.6630920640828044,5.415251856676235,0.7240355694666505,correlated_log_uniform_axes,v6p1i_0050
silicon_die_lower,110.1848348043859,110.1848348043859,110.1848348043859,0.203696696087718,isotropic_linear,v6p1i_0050
tim_between_dies,3.0894813979048146,3.0894813979048146,3.0894813979048146,0.487259391695261,isotropic_log_uniform,v6p1i_0050
silicon_die_upper,122.54515481181443,122.54515481181443,122.54515481181443,0.45090309623628855,isotropic_linear,v6p1i_0050
tim_to_spreader,4.85973267558216,4.85973267558216,4.85973267558216,0.7491394178941846,isotropic_log_uniform,v6p1i_0050
spreader,397.4664988135919,397.4664988135919,397.4664988135919,0.8310999209061265,isotropic_linear,v6p1i_0050
pcb_fr4_equivalent,0.6970754718099949,0.6970754718099949,0.26140330192874806,0.19141379836946726,correlated_log_uniform_axes,v6p1i_0051
bt_substrate_with_vias,0.2481194862389446,0.2481194862389446,0.6078927412854144,0.9830815447494388,correlated_log_uniform_axes,v6p1i_0051
silicon_interposer_tsv_0p1,138.9768873900175,138.9768873900175,142.13970195502043,0.6325629130005836,correlated_linear_axes,v6p1i_0051
bump_underfill_under_interposer,0.4804472220878811,0.4804472220878811,3.9236523137176955,0.0020867260172963142,correlated_log_uniform_axes,v6p1i_0051
silicon_die_lower,146.36827041395009,146.36827041395009,146.36827041395009,0.9273654082790017,isotropic_linear,v6p1i_0051
tim_between_dies,4.315753691894643,4.315753691894643,4.315753691894643,0.680509134195745,isotropic_log_uniform,v6p1i_0051
silicon_die_upper,141.49197624064982,141.49197624064982,141.49197624064982,0.8298395248129964,isotropic_linear,v6p1i_0051
tim_to_spreader,1.825591362065752,1.825591362065752,1.825591362065752,0.18310725409537554,isotropic_log_uniform,v6p1i_0051
spreader,385.4327780706808,385.4327780706808,385.4327780706808,0.028851871378719807,isotropic_linear,v6p1i_0051
pcb_fr4_equivalent,0.663922977397486,0.663922977397486,0.2489711165240572,0.08222950715571642,correlated_log_uniform_axes,v6p1i_0052
bt_substrate_with_vias,0.18090482376403366,0.18090482376403366,0.4432168182218826,0.2751530157402158,correlated_log_uniform_axes,v6p1i_0052
silicon_interposer_tsv_0p1,146.88397524878383,146.88397524878383,151.3646377902478,0.8961325082927942,correlated_linear_axes,v6p1i_0052
bump_underfill_under_interposer,0.5219138592783344,0.5219138592783344,4.26229651743973,0.18758429121226072,correlated_log_uniform_axes,v6p1i_0052
silicon_die_lower,140.22714383900166,140.22714383900166,140.22714383900166,0.8045428767800331,isotropic_linear,v6p1i_0052
tim_between_dies,5.235013792241545,5.235013792241545,5.235013792241545,0.7921439921483397,isotropic_log_uniform,v6p1i_0052
silicon_die_upper,115.98426173441112,115.98426173441112,115.98426173441112,0.3196852346882224,isotropic_linear,v6p1i_0052
tim_to_spreader,3.6127574405569503,3.6127574405569503,3.6127574405569503,0.5777177903801203,isotropic_log_uniform,v6p1i_0052
spreader,399.07990510575473,399.07990510575473,399.07990510575473,0.9386603403836489,isotropic_linear,v6p1i_0052
pcb_fr4_equivalent,0.965288628196905,0.965288628196905,0.3619832355738393,0.9208399131894112,correlated_log_uniform_axes,v6p1i_0053
bt_substrate_with_vias,0.22630471160833912,0.22630471160833912,0.554446543440431,0.7768733520060778,correlated_log_uniform_axes,v6p1i_0053
silicon_interposer_tsv_0p1,134.05962808057666,134.05962808057666,136.40289942733943,0.4686542693525553,correlated_linear_axes,v6p1i_0053
bump_underfill_under_interposer,0.6103816764775661,0.6103816764775661,4.984783691233456,0.5384389450773597,correlated_log_uniform_axes,v6p1i_0053
silicon_die_lower,104.04368373565376,104.04368373565376,104.04368373565376,0.08087367471307516,isotropic_linear,v6p1i_0053
tim_between_dies,1.5668381981451558,1.5668381981451558,1.5668381981451558,0.09474387392401695,isotropic_log_uniform,v6p1i_0053
silicon_die_upper,148.20011383853853,148.20011383853853,148.20011383853853,0.9640022767707705,isotropic_linear,v6p1i_0053
tim_to_spreader,1.3550449265813311,1.3550449265813311,1.3550449265813311,0.010785343125462532,isotropic_log_uniform,v6p1i_0053
spreader,387.1048364508897,387.1048364508897,387.1048364508897,0.14032243005931377,isotropic_linear,v6p1i_0053
pcb_fr4_equivalent,0.8269585702766972,0.8269585702766972,0.3101094638537614,0.5742635615170002,correlated_log_uniform_axes,v6p1i_0054
bt_substrate_with_vias,0.17525575046060862,0.17525575046060862,0.4293765886284912,0.20406711846590042,correlated_log_uniform_axes,v6p1i_0054
silicon_interposer_tsv_0p1,138.44077242538333,138.44077242538333,141.51423449628055,0.6146924141794443,correlated_linear_axes,v6p1i_0054
bump_underfill_under_interposer,0.5725030131075857,0.5725030131075857,4.675441273711949,0.3948845788836479,correlated_log_uniform_axes,v6p1i_0054
silicon_die_lower,123.49820602685213,123.49820602685213,123.49820602685213,0.4699641205370426,isotropic_linear,v6p1i_0054
tim_between_dies,2.229627948458453,2.229627948458453,2.229627948458453,0.2986926045268774,isotropic_log_uniform,v6p1i_0054
silicon_die_upper,108.04295809939504,108.04295809939504,108.04295809939504,0.16085916198790073,isotropic_linear,v6p1i_0054
tim_to_spreader,2.222576700637157,2.222576700637157,2.222576700637157,0.29686136823147535,isotropic_log_uniform,v6p1i_0054
spreader,391.8524029152468,391.8524029152468,391.8524029152468,0.4568268610164523,isotropic_linear,v6p1i_0054
pcb_fr4_equivalent,0.7748756703411441,0.7748756703411441,0.290578376377929,0.4285008767619729,correlated_log_uniform_axes,v6p1i_0055
bt_substrate_with_vias,0.21923572542231692,0.21923572542231692,0.5371275272846765,0.7057647546753287,correlated_log_uniform_axes,v6p1i_0055
silicon_interposer_tsv_0p1,121.85174373909831,121.85174373909831,122.1603676956147,0.061724791303277016,correlated_linear_axes,v6p1i_0055
bump_underfill_under_interposer,0.7053253011514845,0.7053253011514845,5.760156626070457,0.8623888306319714,correlated_log_uniform_axes,v6p1i_0055
silicon_die_lower,131.45539513789117,131.45539513789117,131.45539513789117,0.6291079027578235,isotropic_linear,v6p1i_0055
tim_between_dies,3.89422505179472,3.89422505179472,3.89422505179472,0.6210908265784383,isotropic_log_uniform,v6p1i_0055
silicon_die_upper,127.7711353264749,127.7711353264749,127.7711353264749,0.5554227065294981,isotropic_linear,v6p1i_0055
tim_to_spreader,5.834943214911987,5.834943214911987,5.834943214911987,0.8548679007217288,isotropic_log_uniform,v6p1i_0055
spreader,394.80409095529467,394.80409095529467,394.80409095529467,0.6536060636863112,isotropic_linear,v6p1i_0055
pcb_fr4_equivalent,0.7873770204627742,0.7873770204627742,0.29526638267354033,0.46436255145817995,correlated_log_uniform_axes,v6p1i_0056
bt_substrate_with_vias,0.19433480375990644,0.19433480375990644,0.47612026921177086,0.43561341520398855,correlated_log_uniform_axes,v6p1i_0056
silicon_interposer_tsv_0p1,136.5078433882445,136.5078433882445,139.2591506196186,0.550261446274817,correlated_linear_axes,v6p1i_0056
bump_underfill_under_interposer,0.6192337732370885,0.6192337732370885,5.057075814769555,0.5707015926018357,correlated_log_uniform_axes,v6p1i_0056
silicon_die_lower,113.59913456253707,113.59913456253707,113.59913456253707,0.2719826912507415,isotropic_linear,v6p1i_0056
tim_between_dies,4.819920018419495,4.819920018419495,4.819920018419495,0.7443836899474263,isotropic_log_uniform,v6p1i_0056
silicon_die_upper,113.07999966666102,113.07999966666102,113.07999966666102,0.2615999933332205,isotropic_linear,v6p1i_0056
tim_to_spreader,3.3058639254840356,3.3058639254840356,3.3058639254840356,0.5263954568654299,isotropic_log_uniform,v6p1i_0056
spreader,398.88123638462275,398.88123638462275,398.88123638462275,0.9254157589748502,isotropic_linear,v6p1i_0056
pcb_fr4_equivalent,0.8116809246218564,0.8116809246218564,0.30438034673319614,0.5324804037809372,correlated_log_uniform_axes,v6p1i_0057
bt_substrate_with_vias,0.24273455066089863,0.24273455066089863,0.5946996491192017,0.9339159578084946,correlated_log_uniform_axes,v6p1i_0057
silicon_interposer_tsv_0p1,123.55071256868541,123.55071256868541,124.14249799679965,0.11835708562284708,correlated_linear_axes,v6p1i_0057
bump_underfill_under_interposer,0.5180836027470893,0.5180836027470893,4.231016089101229,0.17107937950640917,correlated_log_uniform_axes,v6p1i_0057
silicon_die_lower,130.6412186473608,130.6412186473608,130.6412186473608,0.612824372947216,isotropic_linear,v6p1i_0057
tim_between_dies,2.7596320807010692,2.7596320807010692,2.7596320807010692,0.42198546789586544,isotropic_log_uniform,v6p1i_0057
silicon_die_upper,144.90206772461534,144.90206772461534,144.90206772461534,0.8980413544923067,isotropic_linear,v6p1i_0057
tim_to_spreader,1.5630891334218662,1.5630891334218662,1.5630891334218662,0.09335889853537083,isotropic_log_uniform,v6p1i_0057
spreader,388.70792587753385,388.70792587753385,388.70792587753385,0.24719505850225687,isotropic_linear,v6p1i_0057
pcb_fr4_equivalent,0.9740725743476446,0.9740725743476446,0.36527721538036667,0.9411377422511578,correlated_log_uniform_axes,v6p1i_0058
bt_substrate_with_vias,0.16852807852668394,0.16852807852668394,0.4128937923903757,0.11635684408247471,correlated_log_uniform_axes,v6p1i_0058
silicon_interposer_tsv_0p1,148.7005893420428,148.7005893420428,153.48402089904994,0.9566863114014268,correlated_linear_axes,v6p1i_0058
bump_underfill_under_interposer,0.6791115577384886,0.6791115577384886,5.546077721530989,0.7775248382240534,correlated_log_uniform_axes,v6p1i_0058
silicon_die_lower,146.8946350272745,146.8946350272745,146.8946350272745,0.9378927005454898,isotropic_linear,v6p1i_0058
tim_between_dies,1.9441979243965415,1.9441979243965415,1.9441979243965415,0.21949776634573936,isotropic_log_uniform,v6p1i_0058
silicon_die_upper,111.328707030043,111.328707030043,111.328707030043,0.22657414060086012,isotropic_linear,v6p1i_0058
tim_to_spreader,2.5246618797980194,2.5246618797980194,2.5246618797980194,0.37053782772272825,isotropic_log_uniform,v6p1i_0058
spreader,391.11357482150197,391.11357482150197,391.11357482150197,0.407571654766798,isotropic_linear,v6p1i_0058
pcb_fr4_equivalent,0.6562352837098385,0.6562352837098385,0.2460882313911894,0.056132503785192966,correlated_log_uniform_axes,v6p1i_0059
bt_substrate_with_vias,0.21049840621626417,0.21049840621626417,0.5157210952298473,0.6146363290026784,correlated_log_uniform_axes,v6p1i_0059
silicon_interposer_tsv_0p1,132.0081382524222,132.0081382524222,134.00949462782592,0.40027127508074045,correlated_linear_axes,v6p1i_0059
bump_underfill_under_interposer,0.5987978258875959,0.5987978258875959,4.8901822447487,0.49550595693290234,correlated_log_uniform_axes,v6p1i_0059
silicon_die_lower,108.07731989771128,108.07731989771128,108.07731989771128,0.16154639795422554,isotropic_linear,v6p1i_0059
tim_between_dies,6.495822581496939,6.495822581496939,6.495822581496939,0.9168978845700622,isotropic_log_uniform,v6p1i_0059
silicon_die_upper,130.68770500831306,130.68770500831306,130.68770500831306,0.6137541001662612,isotropic_linear,v6p1i_0059
tim_to_spreader,5.422062899510464,5.422062899510464,5.422062899510464,0.812440219335258,isotropic_log_uniform,v6p1i_0059
spreader,396.013505384326,396.013505384326,396.013505384326,0.7342336922883987,isotropic_linear,v6p1i_0059
pcb_fr4_equivalent,0.6890039012124495,0.6890039012124495,0.25837646295466854,0.1653168024495244,correlated_log_uniform_axes,v6p1i_0060
bt_substrate_with_vias,0.16933107883047577,0.16933107883047577,0.4148611431346656,0.12700799386948347,correlated_log_uniform_axes,v6p1i_0060
silicon_interposer_tsv_0p1,124.10132230259478,124.10132230259478,124.78487601969391,0.13671074341982603,correlated_linear_axes,v6p1i_0060
bump_underfill_under_interposer,0.5502308154908666,0.5502308154908666,4.493551659842076,0.3059728816151619,correlated_log_uniform_axes,v6p1i_0060
silicon_die_lower,101.91216082312167,101.91216082312167,101.91216082312167,0.03824321646243334,isotropic_linear,v6p1i_0060
tim_between_dies,3.478086797506725,3.478086797506725,3.478086797506725,0.5557553609833121,isotropic_log_uniform,v6p1i_0060
silicon_die_upper,104.8280889634043,104.8280889634043,104.8280889634043,0.09656177926808596,isotropic_linear,v6p1i_0060
tim_to_spreader,2.892230005013078,2.892230005013078,2.892230005013078,0.4491172321140766,isotropic_log_uniform,v6p1i_0060
spreader,389.50264940503985,389.50264940503985,389.50264940503985,0.30017662700265646,isotropic_linear,v6p1i_0060
pcb_fr4_equivalent,0.9275946702251259,0.9275946702251259,0.3478480013344222,0.8315872922539711,correlated_log_uniform_axes,v6p1i_0061
bt_substrate_with_vias,0.2115013972448204,0.2115013972448204,0.51817842324981,0.6252875961363316,correlated_log_uniform_axes,v6p1i_0061
silicon_interposer_tsv_0p1,140.67544148303568,140.67544148303568,144.12134839687496,0.6891813827678561,correlated_linear_axes,v6p1i_0061
bump_underfill_under_interposer,0.7390015515248021,0.7390015515248021,6.03517933745255,0.9668975733220577,correlated_log_uniform_axes,v6p1i_0061
silicon_die_lower,140.72945127263665,140.72945127263665,140.72945127263665,0.814589025452733,isotropic_linear,v6p1i_0061
tim_between_dies,2.4898280180762624,2.4898280180762624,2.4898280180762624,0.36250561848282814,isotropic_log_uniform,v6p1i_0061
silicon_die_upper,137.43170355446637,137.43170355446637,137.43170355446637,0.7486340710893273,isotropic_linear,v6p1i_0061
tim_to_spreader,6.201801716172931,6.201801716172931,6.201801716172931,0.8901193700730801,isotropic_log_uniform,v6p1i_0061
spreader,394.34393011499196,394.34393011499196,394.34393011499196,0.6229286743327975,isotropic_linear,v6p1i_0061
pcb_fr4_equivalent,0.8643214410277394,0.8643214410277394,0.3241205403854023,0.6732808537781239,correlated_log_uniform_axes,v6p1i_0062
bt_substrate_with_vias,0.18484728036746967,0.18484728036746967,0.4528758369003008,0.3234602939337492,correlated_log_uniform_axes,v6p1i_0062
silicon_interposer_tsv_0p1,130.64023450948298,130.64023450948298,132.41360692773014,0.35467448364943266,correlated_linear_axes,v6p1i_0062
bump_underfill_under_interposer,0.5033754469387154,0.5033754469387154,4.110899483332842,0.10654621850699186,correlated_log_uniform_axes,v6p1i_0062
silicon_die_lower,136.8067577946931,136.8067577946931,136.8067577946931,0.7361351558938622,isotropic_linear,v6p1i_0062
tim_between_dies,1.4132047260711917,1.4132047260711917,1.4132047260711917,0.03508134000003338,isotropic_log_uniform,v6p1i_0062
silicon_die_upper,118.79935562610626,118.79935562610626,118.79935562610626,0.37598711252212524,isotropic_linear,v6p1i_0062
tim_to_spreader,4.219924313510028,4.219924313510028,4.219924313510028,0.6675274195149541,isotropic_log_uniform,v6p1i_0062
spreader,396.74231206066906,396.74231206066906,396.74231206066906,0.7828208040446043,isotropic_linear,v6p1i_0062
pcb_fr4_equivalent,0.739543554580043,0.739543554580043,0.2773288329675161,0.3239282527938485,correlated_log_uniform_axes,v6p1i_0063
bt_substrate_with_vias,0.23088411505809006,0.23088411505809006,0.5656660818923206,0.8217627191916108,correlated_log_uniform_axes,v6p1i_0063
silicon_interposer_tsv_0p1,143.4790334198624,143.4790334198624,147.39220565650612,0.7826344473287463,correlated_linear_axes,v6p1i_0063
bump_underfill_under_interposer,0.6372815302972312,0.6372815302972312,5.2044658307607214,0.6350741824135184,correlated_log_uniform_axes,v6p1i_0063
silicon_die_lower,119.7646982036531,119.7646982036531,119.7646982036531,0.39529396407306194,isotropic_linear,v6p1i_0063
tim_between_dies,5.819433562631176,5.819433562631176,5.819433562631176,0.8533291565254331,isotropic_log_uniform,v6p1i_0063
silicon_die_upper,138.93933091312647,138.93933091312647,138.93933091312647,0.7787866182625294,isotropic_linear,v6p1i_0063
tim_to_spreader,1.9917527720408945,1.9917527720408945,1.9917527720408945,0.23346850741654634,isotropic_log_uniform,v6p1i_0063
spreader,386.6275369655341,386.6275369655341,386.6275369655341,0.1085024643689394,isotropic_linear,v6p1i_0063
pcb_fr4_equivalent,0.7371189942170415,0.7371189942170415,0.27641962283139054,0.31657011713832617,correlated_log_uniform_axes,v6p1i_0064
bt_substrate_with_vias,0.19137184944624563,0.19137184944624563,0.4688610311433018,0.40118698216974735,correlated_log_uniform_axes,v6p1i_0064
silicon_interposer_tsv_0p1,129.74876968190074,129.74876968190074,131.3735646288842,0.3249589893966913,correlated_linear_axes,v6p1i_0064
bump_underfill_under_interposer,0.5160538528334486,0.5160538528334486,4.214439798139829,0.16228347551077604,correlated_log_uniform_axes,v6p1i_0064
silicon_die_lower,112.38393005914986,112.38393005914986,112.38393005914986,0.24767860118299723,isotropic_linear,v6p1i_0064
tim_between_dies,3.7496400625692,3.7496400625692,3.7496400625692,0.5992174837738276,isotropic_log_uniform,v6p1i_0064
silicon_die_upper,148.87425936758518,148.87425936758518,148.87425936758518,0.9774851873517036,isotropic_linear,v6p1i_0064
tim_to_spreader,1.7909941232896402,1.7909941232896402,1.7909941232896402,0.17204587906599045,isotropic_log_uniform,v6p1i_0064
spreader,390.7287039514631,390.7287039514631,390.7287039514631,0.3819135967642069,isotropic_linear,v6p1i_0064
pcb_fr4_equivalent,0.8694116083424274,0.8694116083424274,0.32602935312841025,0.6864381525665522,correlated_log_uniform_axes,v6p1i_0065
bt_substrate_with_vias,0.23898238778059222,0.23898238778059222,0.585506850062451,0.8990088226273656,correlated_log_uniform_axes,v6p1i_0065
silicon_interposer_tsv_0p1,142.69124938175082,142.69124938175082,146.4731242787093,0.7563749793916941,correlated_linear_axes,v6p1i_0065
bump_underfill_under_interposer,0.6173487612756703,0.6173487612756703,5.041681550417974,0.5638702353462577,correlated_log_uniform_axes,v6p1i_0065
silicon_die_lower,144.95047284290195,144.95047284290195,144.95047284290195,0.8990094568580389,isotropic_linear,v6p1i_0065
tim_between_dies,2.2216030904067368,2.2216030904067368,2.2216030904067368,0.296608061529696,isotropic_log_uniform,v6p1i_0065
silicon_die_upper,118.19021236151457,118.19021236151457,118.19021236151457,0.36380424723029137,isotropic_linear,v6p1i_0065
tim_to_spreader,4.7749425963119085,4.7749425963119085,4.7749425963119085,0.7389635294675827,isotropic_log_uniform,v6p1i_0065
spreader,395.452852929011,395.452852929011,395.452852929011,0.6968568619340658,isotropic_linear,v6p1i_0065
pcb_fr4_equivalent,0.9310485714504608,0.9310485714504608,0.34914321429392275,0.8399150874465704,correlated_log_uniform_axes,v6p1i_0066
bt_substrate_with_vias,0.16595915050916202,0.16595915050916202,0.4065999187474469,0.08193797525018454,correlated_log_uniform_axes,v6p1i_0066
silicon_interposer_tsv_0p1,125.04090948030353,125.04090948030353,125.88106106035411,0.16803031601011753,correlated_linear_axes,v6p1i_0066
bump_underfill_under_interposer,0.5964549225869843,0.5964549225869843,4.871048534460371,0.48672158271074295,correlated_log_uniform_axes,v6p1i_0066
silicon_die_lower,127.12309756316245,127.12309756316245,127.12309756316245,0.5424619512632489,isotropic_linear,v6p1i_0066
tim_between_dies,1.6493120594762862,1.6493120594762862,1.6493120594762862,0.12440095376223326,isotropic_log_uniform,v6p1i_0066
silicon_die_upper,125.54058120585978,125.54058120585978,125.54058120585978,0.5108116241171956,isotropic_linear,v6p1i_0066
tim_to_spreader,6.919084214970884,6.919084214970884,6.919084214970884,0.9533916423097253,isotropic_log_uniform,v6p1i_0066
spreader,398.4462421806529,398.4462421806529,398.4462421806529,0.8964161453768611,isotropic_linear,v6p1i_0066
pcb_fr4_equivalent,0.6882642321521655,0.6882642321521655,0.258099087057062,0.16291003208607435,correlated_log_uniform_axes,v6p1i_0067
bt_substrate_with_vias,0.20724384359174483,0.20724384359174483,0.5077474167997749,0.579721599817276,correlated_log_uniform_axes,v6p1i_0067
silicon_interposer_tsv_0p1,141.74801168963313,141.74801168963313,145.372680304572,0.724933722987771,correlated_linear_axes,v6p1i_0067
bump_underfill_under_interposer,0.6770408575833871,0.6770408575833871,5.529167003597661,0.7706821821630001,correlated_log_uniform_axes,v6p1i_0067
silicon_die_lower,116.33028956130147,116.33028956130147,116.33028956130147,0.3266057912260294,isotropic_linear,v6p1i_0067
tim_between_dies,5.325104145580502,5.325104145580502,5.325104145580502,0.8020084500312805,isotropic_log_uniform,v6p1i_0067
silicon_die_upper,107.39341569133103,107.39341569133103,107.39341569133103,0.14786831382662058,isotropic_linear,v6p1i_0067
tim_to_spreader,2.635467390255567,2.635467390255567,2.635467390255567,0.39537034276872873,isotropic_log_uniform,v6p1i_0067
spreader,388.2143375882879,388.2143375882879,388.2143375882879,0.214289172552526,isotropic_linear,v6p1i_0067
pcb_fr4_equivalent,0.6554950837516257,0.6554950837516257,0.24581065640685962,0.05360367055982351,correlated_log_uniform_axes,v6p1i_0068
bt_substrate_with_vias,0.17206545236109427,0.17206545236109427,0.42156035828468097,0.16290214471518993,correlated_log_uniform_axes,v6p1i_0068
silicon_interposer_tsv_0p1,149.65671591460705,149.65671591460705,154.5995019003749,0.9885571971535683,correlated_linear_axes,v6p1i_0068
bump_underfill_under_interposer,0.7367482671007181,0.7367482671007181,6.016777514655864,0.9600550029426813,correlated_log_uniform_axes,v6p1i_0068
silicon_die_lower,122.47103317640722,122.47103317640722,122.47103317640722,0.44942066352814436,isotropic_linear,v6p1i_0068
tim_between_dies,4.185449657249014,4.185449657249014,4.185449657249014,0.6627850160002708,isotropic_log_uniform,v6p1i_0068
silicon_die_upper,131.34463555179536,131.34463555179536,131.34463555179536,0.6268927110359073,isotropic_linear,v6p1i_0068
tim_to_spreader,5.73161817802224,5.73161817802224,5.73161817802224,0.8445387165993452,isotropic_log_uniform,v6p1i_0068
spreader,396.3647796586156,396.3647796586156,396.3647796586156,0.7576519772410393,isotropic_linear,v6p1i_0068
pcb_fr4_equivalent,0.97764627086048,0.97764627086048,0.36661735157268,0.9493434596806765,correlated_log_uniform_axes,v6p1i_0069
bt_substrate_with_vias,0.21486918626690205,0.21486918626690205,0.52642950635391,0.6606858903542161,correlated_log_uniform_axes,v6p1i_0069
silicon_interposer_tsv_0p1,133.06794561445713,133.06794561445713,135.24593655019999,0.435598187148571,correlated_linear_axes,v6p1i_0069
bump_underfill_under_interposer,0.5480779784631478,0.5480779784631478,4.47597015744904,0.29718866758048534,correlated_log_uniform_axes,v6p1i_0069
silicon_die_lower,133.2638656720519,133.2638656720519,133.2638656720519,0.6652773134410381,isotropic_linear,v6p1i_0069
tim_between_dies,3.056355288869398,3.056355288869398,3.056355288869398,0.4810271142050624,isotropic_log_uniform,v6p1i_0069
silicon_die_upper,101.4421112369746,101.4421112369746,101.4421112369746,0.02884222473949194,isotropic_linear,v6p1i_0069
tim_to_spreader,2.179191290805079,2.179191290805079,2.179191290805079,0.28546454571187496,isotropic_log_uniform,v6p1i_0069
spreader,386.0742229782045,386.0742229782045,386.0742229782045,0.07161486521363258,isotropic_linear,v6p1i_0069
pcb_fr4_equivalent,0.816505564498213,0.816505564498213,0.30618958668682983,0.5457597803324461,correlated_log_uniform_axes,v6p1i_0070
bt_substrate_with_vias,0.1878315746497565,0.1878315746497565,0.4601873578919034,0.35934685450047255,correlated_log_uniform_axes,v6p1i_0070
silicon_interposer_tsv_0p1,135.60361571609974,135.60361571609974,138.2042183354497,0.5201205238699913,correlated_linear_axes,v6p1i_0070
bump_underfill_under_interposer,0.635341685772603,0.635341685772603,5.188623767142923,0.6282432014122605,correlated_log_uniform_axes,v6p1i_0070
silicon_die_lower,138.80934636108577,138.80934636108577,138.80934636108577,0.7761869272217155,isotropic_linear,v6p1i_0070
tim_between_dies,1.8280288898740351,1.8280288898740351,1.8280288898740351,0.18387865368276834,isotropic_log_uniform,v6p1i_0070
silicon_die_upper,142.28896712884307,142.28896712884307,142.28896712884307,0.8457793425768614,isotropic_linear,v6p1i_0070
tim_to_spreader,1.3314744867391,1.3314744867391,1.3314744867391,0.0006405776366591454,isotropic_log_uniform,v6p1i_0070
spreader,389.0603452315554,389.0603452315554,389.0603452315554,0.2706896821036935,isotropic_linear,v6p1i_0070
pcb_fr4_equivalent,0.7848383931985267,0.7848383931985267,0.2943143974494475,0.457126478664577,correlated_log_uniform_axes,v6p1i_0071
bt_substrate_with_vias,0.23456133132865076,0.23456133132865076,0.5746752617551945,0.8571685738861561,correlated_log_uniform_axes,v6p1i_0071
silicon_interposer_tsv_0p1,122.77946792542934,122.77946792542934,123.24271257966757,0.0926489308476448,correlated_linear_axes,v6p1i_0071
bump_underfill_under_interposer,0.5014033948850459,0.5014033948850459,4.094794391561208,0.0977506460621953,correlated_log_uniform_axes,v6p1i_0071
silicon_die_lower,106.24277889728546,106.24277889728546,106.24277889728546,0.12485557794570923,isotropic_linear,v6p1i_0071
tim_between_dies,7.379531284073671,7.379531284073671,7.379531284073671,0.9906384516507387,isotropic_log_uniform,v6p1i_0071
silicon_die_upper,124.92275508120656,124.92275508120656,124.92275508120656,0.4984551016241312,isotropic_linear,v6p1i_0071
tim_to_spreader,3.5441136400400617,3.5441136400400617,3.5441136400400617,0.5666274568066001,isotropic_log_uniform,v6p1i_0071
spreader,393.8430318562314,393.8430318562314,393.8430318562314,0.5895354570820928,isotropic_linear,v6p1i_0071
pcb_fr4_equivalent,0.7757320683756006,0.7757320683756006,0.2908995256408502,0.43097595777362585,correlated_log_uniform_axes,v6p1i_0072
bt_substrate_with_vias,0.16007821983303258,0.16007821983303258,0.3921916385909298,0.001095157116651535,correlated_log_uniform_axes,v6p1i_0072
silicon_interposer_tsv_0p1,137.420214721933,137.420214721933,140.32358384225518,0.5806738240644336,correlated_linear_axes,v6p1i_0072
bump_underfill_under_interposer,0.5594444059693685,0.5594444059693685,4.568795982083175,0.3431827947497368,correlated_log_uniform_axes,v6p1i_0072
silicon_die_lower,149.09293185919523,149.09293185919523,149.09293185919523,0.9818586371839046,isotropic_linear,v6p1i_0072
tim_between_dies,5.957211403499412,5.957211403499412,5.957211403499412,0.8668570686131716,isotropic_log_uniform,v6p1i_0072
silicon_die_upper,135.0241475738585,135.0241475738585,135.0241475738585,0.70048295147717,isotropic_linear,v6p1i_0072
tim_to_spreader,5.317071020269499,5.317071020269499,5.317071020269499,0.8011356648057699,isotropic_log_uniform,v6p1i_0072
spreader,397.9678705940023,397.9678705940023,397.9678705940023,0.8645247062668204,isotropic_linear,v6p1i_0072
pcb_fr4_equivalent,0.8239103176154975,0.8239103176154975,0.3089663691058115,0.5659888181835413,correlated_log_uniform_axes,v6p1i_0073
bt_substrate_with_vias,0.2002923761491281,0.2002923761491281,0.4907163215653638,0.5032732589170337,correlated_log_uniform_axes,v6p1i_0073
silicon_interposer_tsv_0p1,120.72796479798853,120.72796479798853,120.84929226431996,0.024265493266284466,correlated_linear_axes,v6p1i_0073
bump_underfill_under_interposer,0.7268726620403501,0.7268726620403501,5.936126739996191,0.9298167042434216,correlated_log_uniform_axes,v6p1i_0073
silicon_die_lower,106.66022538207471,106.66022538207471,106.66022538207471,0.13320450764149427,isotropic_linear,v6p1i_0073
tim_between_dies,1.4756973213442992,1.4756973213442992,1.4756973213442992,0.060097270645201206,isotropic_log_uniform,v6p1i_0073
silicon_die_upper,103.96492360159755,103.96492360159755,103.96492360159755,0.07929847203195095,isotropic_linear,v6p1i_0073
tim_to_spreader,2.479569687714642,2.479569687714642,2.479569687714642,0.36011875979602337,isotropic_log_uniform,v6p1i_0073
spreader,385.87555643636733,385.87555643636733,385.87555643636733,0.05837042909115553,isotropic_linear,v6p1i_0073
pcb_fr4_equivalent,0.9596142056720471,0.9596142056720471,0.3598553271270176,0.9076290931552649,correlated_log_uniform_axes,v6p1i_0074
bt_substrate_with_vias,0.195191226012739,0.195191226012739,0.4782185037312106,0.44546640012413263,correlated_log_uniform_axes,v6p1i_0074
silicon_interposer_tsv_0p1,147.72377357818186,147.72377357818186,152.34440250787884,0.9241257859393954,correlated_linear_axes,v6p1i_0074
bump_underfill_under_interposer,0.482334433605086,0.482334433605086,3.9390645411082015,0.010871062986552715,correlated_log_uniform_axes,v6p1i_0074
silicon_die_lower,115.40680602192879,115.40680602192879,115.40680602192879,0.30813612043857574,isotropic_linear,v6p1i_0074
tim_between_dies,2.4652112209742216,2.4652112209742216,2.4652112209742216,0.3567612646147609,isotropic_log_uniform,v6p1i_0074
silicon_die_upper,139.7782716434449,139.7782716434449,139.7782716434449,0.7955654328688979,isotropic_linear,v6p1i_0074
tim_to_spreader,1.5333044629792343,1.5333044629792343,1.5333044629792343,0.08223637845367193,isotropic_log_uniform,v6p1i_0074
spreader,390.2697575930506,390.2697575930506,390.2697575930506,0.35131717287003994,isotropic_linear,v6p1i_0074
pcb_fr4_equivalent,0.6660863323235396,0.6660863323235396,0.24978237462132738,0.08951886277645826,correlated_log_uniform_axes,v6p1i_0075
bt_substrate_with_vias,0.24423049746369174,0.24423049746369174,0.5983647187860448,0.9476828332990408,correlated_log_uniform_axes,v6p1i_0075
silicon_interposer_tsv_0p1,134.76689935661852,134.76689935661852,137.22804924938828,0.4922299785539508,correlated_linear_axes,v6p1i_0075
bump_underfill_under_interposer,0.665120113514749,0.665120113514749,5.431814260370451,0.7308782627806067,correlated_log_uniform_axes,v6p1i_0075
silicon_die_lower,129.61474950425327,129.61474950425327,129.61474950425327,0.5922949900850654,isotropic_linear,v6p1i_0075
tim_between_dies,3.3759221309934166,3.3759221309934166,3.3759221309934166,0.5385191664099693,isotropic_log_uniform,v6p1i_0075
silicon_die_upper,121.23113661073148,121.23113661073148,121.23113661073148,0.42462273221462965,isotropic_linear,v6p1i_0075
tim_to_spreader,3.248527261550595,3.248527261550595,3.248527261550595,0.5162804936990142,isotropic_log_uniform,v6p1i_0075
spreader,393.1042023655027,393.1042023655027,393.1042023655027,0.540280157700181,isotropic_linear,v6p1i_0075
pcb_fr4_equivalent,0.6993849549019526,0.6993849549019526,0.2622693580882322,0.1988252317532897,correlated_log_uniform_axes,v6p1i_0076
bt_substrate_with_vias,0.18370497786243634,0.18370497786243634,0.4500771957629691,0.30957039445638657,correlated_log_uniform_axes,v6p1i_0076
silicon_interposer_tsv_0p1,126.85803766362369,126.85803766362369,128.0010439408943,0.22860125545412302,correlated_linear_axes,v6p1i_0076
bump_underfill_under_interposer,0.6122484688223324,0.6122484688223324,5.000029162049048,0.5452814782038331,correlated_log_uniform_axes,v6p1i_0076
silicon_die_lower,135.78028855845332,135.78028855845332,135.78028855845332,0.7156057711690664,isotropic_linear,v6p1i_0076
tim_between_dies,6.602033417938773,6.602033417938773,6.602033417938773,0.9262741804122925,isotropic_log_uniform,v6p1i_0076
silicon_die_upper,145.52205656655133,145.52205656655133,145.52205656655133,0.9104411313310266,isotropic_linear,v6p1i_0076
tim_to_spreader,1.957312453654968,1.957312453654968,1.957312453654968,0.22338441014289856,isotropic_log_uniform,v6p1i_0076
spreader,392.3464361159131,392.3464361159131,392.3464361159131,0.48976240772753954,isotropic_linear,v6p1i_0076
pcb_fr4_equivalent,0.9138759682245358,0.9138759682245358,0.3427034880842008,0.7982007134705782,correlated_log_uniform_axes,v6p1i_0077
bt_substrate_with_vias,0.2298584659604876,0.2298584659604876,0.5631532416031947,0.8117867102846503,correlated_log_uniform_axes,v6p1i_0077
silicon_interposer_tsv_0p1,139.69703773967922,139.69703773967922,142.9798773629591,0.6565679246559739,correlated_linear_axes,v6p1i_0077
bump_underfill_under_interposer,0.5239639329906154,0.5239639329906154,4.279038786090026,0.19636854249984026,correlated_log_uniform_axes,v6p1i_0077
silicon_die_lower,121.57236975617707,121.57236975617707,121.57236975617707,0.43144739512354136,isotropic_linear,v6p1i_0077
tim_between_dies,2.0448075822721483,2.0448075822721483,2.0448075822721483,0.24866668414324522,isotropic_log_uniform,v6p1i_0077
silicon_die_upper,115.2439767960459,115.2439767960459,115.2439767960459,0.304879535920918,isotropic_linear,v6p1i_0077
tim_to_spreader,4.139304452148345,4.139304452148345,4.139304452148345,0.6563756838440895,isotropic_log_uniform,v6p1i_0077
spreader,395.2395307412371,395.2395307412371,395.2395307412371,0.6826353827491403,isotropic_linear,v6p1i_0077
pcb_fr4_equivalent,0.8772961604861206,0.8772961604861206,0.32898606018229515,0.706667197868228,correlated_log_uniform_axes,v6p1i_0078
bt_substrate_with_vias,0.17796907504754622,0.17796907504754622,0.4360242338664883,0.2384921805933118,correlated_log_uniform_axes,v6p1i_0078
silicon_interposer_tsv_0p1,127.8154409956187,127.8154409956187,129.11801449488848,0.2605146998539567,correlated_linear_axes,v6p1i_0078
bump_underfill_under_interposer,0.7074788288326715,0.7074788288326715,5.77774376880015,0.869219833984971,correlated_log_uniform_axes,v6p1i_0078
silicon_die_lower,100.49506621435285,100.49506621435285,100.49506621435285,0.009901324287056923,isotropic_linear,v6p1i_0078
tim_between_dies,2.7520235585917763,2.7520235585917763,2.7520235585917763,0.4203893253579736,isotropic_log_uniform,v6p1i_0078
silicon_die_upper,128.4991243854165,128.4991243854165,128.4991243854165,0.5699824877083302,isotropic_linear,v6p1i_0078
tim_to_spreader,6.091340946142891,6.091340946142891,6.091340946142891,0.8797295028343797,isotropic_log_uniform,v6p1i_0078
spreader,399.6409988962114,399.6409988962114,399.6409988962114,0.976066593080759,isotropic_linear,v6p1i_0078
pcb_fr4_equivalent,0.728566345730457,0.728566345730457,0.27321237964892137,0.2904195887967944,correlated_log_uniform_axes,v6p1i_0079
bt_substrate_with_vias,0.22267770610079932,0.22267770610079932,0.5455603799469583,0.7406703997403383,correlated_log_uniform_axes,v6p1i_0079
silicon_interposer_tsv_0p1,144.38981677405536,144.38981677405536,148.45478623639792,0.8129938924685121,correlated_linear_axes,v6p1i_0079
bump_underfill_under_interposer,0.5747546988351423,0.5747546988351423,4.693830040486994,0.4036801289767027,correlated_log_uniform_axes,v6p1i_0079
silicon_die_lower,142.92774819768965,142.92774819768965,142.92774819768965,0.858554963953793,isotropic_linear,v6p1i_0079
tim_between_dies,4.6448881138983,4.6448881138983,4.6448881138983,0.7229987476021051,isotropic_log_uniform,v6p1i_0079
silicon_die_upper,110.73332130908966,110.73332130908966,110.73332130908966,0.2146664261817932,isotropic_linear,v6p1i_0079
tim_to_spreader,2.8360738745586054,2.8360738745586054,2.8360738745586054,0.4377817967906594,isotropic_log_uniform,v6p1i_0079
spreader,387.4901493266225,387.4901493266225,387.4901493266225,0.16600995510816574,isotropic_linear,v6p1i_0079
pcb_fr4_equivalent,0.720496481565068,0.720496481565068,0.27018618058690047,0.26546219922602177,correlated_log_uniform_axes,v6p1i_0080
bt_substrate_with_vias,0.17589165695520673,0.17589165695520673,0.43093455954025656,0.21218270529061556,correlated_log_uniform_axes,v6p1i_0080
silicon_interposer_tsv_0p1,121.30523971281946,121.30523971281946,121.52277966495603,0.043507990427315235,correlated_linear_axes,v6p1i_0080
bump_underfill_under_interposer,0.6491930753454115,0.6491930753454115,5.301743448654193,0.6765691041946411,correlated_log_uniform_axes,v6p1i_0080
silicon_die_lower,117.76192444376647,117.76192444376647,117.76192444376647,0.3552384888753295,isotropic_linear,v6p1i_0080
tim_between_dies,1.9412906296405799,1.9412906296405799,1.9412906296405799,0.21863260585814714,isotropic_log_uniform,v6p1i_0080
silicon_die_upper,117.10821841843426,117.10821841843426,117.10821841843426,0.34216436836868525,isotropic_linear,v6p1i_0080
tim_to_spreader,6.409056185589465,6.409056185589465,6.409056185589465,0.9091236554086208,isotropic_log_uniform,v6p1i_0080
spreader,385.2610933361575,385.2610933361575,385.2610933361575,0.01740622241050005,isotropic_linear,v6p1i_0080
pcb_fr4_equivalent,0.8901828375074914,0.8901828375074914,0.33381856406530924,0.7393417796120048,correlated_log_uniform_axes,v6p1i_0081
bt_substrate_with_vias,0.22003119837801693,0.22003119837801693,0.5390764360261415,0.7138802129775286,correlated_log_uniform_axes,v6p1i_0081
silicon_interposer_tsv_0p1,138.01122612319887,138.01122612319887,141.013097143732,0.6003742041066289,correlated_linear_axes,v6p1i_0081
bump_underfill_under_interposer,0.4977931637345584,0.4977931637345584,4.065310837165559,0.08155860379338264,correlated_log_uniform_axes,v6p1i_0081
silicon_die_lower,125.72197429835796,125.72197429835796,125.72197429835796,0.5144394859671593,isotropic_linear,v6p1i_0081
tim_between_dies,6.267914177957239,6.267914177957239,6.267914177957239,0.8962497022002935,isotropic_log_uniform,v6p1i_0081
silicon_die_upper,146.97736450470984,146.97736450470984,146.97736450470984,0.9395472900941968,isotropic_linear,v6p1i_0081
tim_to_spreader,3.0248366211986752,3.0248366211986752,3.0248366211986752,0.4750342257320881,isotropic_log_uniform,v6p1i_0081
spreader,397.6463177939877,397.6463177939877,397.6463177939877,0.8430878529325128,isotropic_linear,v6p1i_0081
pcb_fr4_equivalent,0.903802760808748,0.903802760808748,0.33892603530328047,0.7733653364703059,correlated_log_uniform_axes,v6p1i_0082
bt_substrate_with_vias,0.18017190684741752,0.18017190684741752,0.44142117177617307,0.2660565748810768,correlated_log_uniform_axes,v6p1i_0082
silicon_interposer_tsv_0p1,133.4874866064638,133.4874866064638,135.73540104087442,0.44958288688212633,correlated_linear_axes,v6p1i_0082
bump_underfill_under_interposer,0.7397790488646113,0.7397790488646113,6.041528899060991,0.9692537663504481,correlated_log_uniform_axes,v6p1i_0082
silicon_die_lower,146.7361358460039,146.7361358460039,146.7361358460039,0.9347227169200778,isotropic_linear,v6p1i_0082
tim_between_dies,4.406079642695471,4.406079642695471,4.406079642695471,0.6924840770661831,isotropic_log_uniform,v6p1i_0082
silicon_die_upper,109.2536011710763,109.2536011710763,109.2536011710763,0.18507202342152596,isotropic_linear,v6p1i_0082
tim_to_spreader,1.8475973421950305,1.8475973421950305,1.8475973421950305,0.19003442395478487,isotropic_log_uniform,v6p1i_0082
spreader,392.54627196118236,392.54627196118236,392.54627196118236,0.5030847974121571,isotropic_linear,v6p1i_0082
pcb_fr4_equivalent,0.7096969219110436,0.7096969219110436,0.2661363457166413,0.23162182234227657,correlated_log_uniform_axes,v6p1i_0083
bt_substrate_with_vias,0.225387874736341,0.225387874736341,0.5522002931040355,0.7677770396694541,correlated_log_uniform_axes,v6p1i_0083
silicon_interposer_tsv_0p1,146.4287932869047,146.4287932869047,150.83359216805547,0.8809597762301564,correlated_linear_axes,v6p1i_0083
bump_underfill_under_interposer,0.5384854241238667,0.5384854241238667,4.397630963678245,0.2576241260394454,correlated_log_uniform_axes,v6p1i_0083
silicon_die_lower,110.55553648620844,110.55553648620844,110.55553648620844,0.21111072972416878,isotropic_linear,v6p1i_0083
tim_between_dies,2.6105071844105767,2.6105071844105767,2.6105071844105767,0.3898688768967986,isotropic_log_uniform,v6p1i_0083
silicon_die_upper,126.659294962883,126.659294962883,126.659294962883,0.5331858992576599,isotropic_linear,v6p1i_0083
tim_to_spreader,3.9607529366893988,3.9607529366893988,3.9607529366893988,0.6308839740231633,isotropic_log_uniform,v6p1i_0083
spreader,389.88755222409964,389.88755222409964,389.88755222409964,0.32583681493997574,isotropic_linear,v6p1i_0083
pcb_fr4_equivalent,0.6758659273410664,0.6758659273410664,0.2534497227528999,0.12217818386852741,correlated_log_uniform_axes,v6p1i_0084
bt_substrate_with_vias,0.19769044414742107,0.19769044414742107,0.4843415881611817,0.4739742139354348,correlated_log_uniform_axes,v6p1i_0084
silicon_interposer_tsv_0p1,139.33673945255578,139.33673945255578,142.55952936131507,0.6445579817518592,correlated_linear_axes,v6p1i_0084
bump_underfill_under_interposer,0.5850188296409053,0.5850188296409053,4.777653775400727,0.44334225449711084,correlated_log_uniform_axes,v6p1i_0084
silicon_die_lower,104.41441000439227,104.41441000439227,104.41441000439227,0.08828820008784533,isotropic_linear,v6p1i_0084
tim_between_dies,1.396270644084206,1.396270644084206,1.396270644084206,0.028111948631703854,isotropic_log_uniform,v6p1i_0084
silicon_die_upper,102.70416671410203,102.70416671410203,102.70416671410203,0.054083334282040596,isotropic_linear,v6p1i_0084
tim_to_spreader,1.6126407364806505,1.6126407364806505,1.6126407364806505,0.111401641741395,isotropic_log_uniform,v6p1i_0084
spreader,394.625132069923,394.625132069923,394.625132069923,0.6416754713281989,isotropic_linear,v6p1i_0084
pcb_fr4_equivalent,0.9489916351149321,0.9489916351149321,0.35587186316809954,0.8826869642361999,correlated_log_uniform_axes,v6p1i_0085
bt_substrate_with_vias,0.2473028533369619,0.2473028533369619,0.6058919906755568,0.9756945576518774,correlated_log_uniform_axes,v6p1i_0085
silicon_interposer_tsv_0p1,126.51147586293519,126.51147586293519,127.59672184009105,0.21704919543117285,correlated_linear_axes,v6p1i_0085
bump_underfill_under_interposer,0.6810399803978088,0.6810399803978088,5.561826506582104,0.78387859929353,correlated_log_uniform_axes,v6p1i_0085
silicon_die_lower,140.5949846841395,140.5949846841395,140.5949846841395,0.8118996936827898,isotropic_linear,v6p1i_0085
tim_between_dies,5.636631858106929,5.636631858106929,5.636631858106929,0.8348775245249271,isotropic_log_uniform,v6p1i_0085
silicon_die_upper,133.3544540219009,133.3544540219009,133.3544540219009,0.6670890804380178,isotropic_linear,v6p1i_0085
tim_to_spreader,3.4631876960199057,3.4631876960199057,3.4631876960199057,0.5532735157757998,isotropic_log_uniform,v6p1i_0085
spreader,392.02506218571216,392.02506218571216,392.02506218571216,0.46833747904747725,isotropic_linear,v6p1i_0085
pcb_fr4_equivalent,0.8360526357795443,0.8360526357795443,0.3135197384173291,0.5987701518461108,correlated_log_uniform_axes,v6p1i_0086
bt_substrate_with_vias,0.1631284316096263,0.1631284316096263,0.39966465744358454,0.043389108031988144,correlated_log_uniform_axes,v6p1i_0086
silicon_interposer_tsv_0p1,145.92283439822495,145.92283439822495,150.2433067979291,0.8640944799408317,correlated_linear_axes,v6p1i_0086
bump_underfill_under_interposer,0.5114666669798671,0.5114666669798671,4.176977780335582,0.14227682538330555,correlated_log_uniform_axes,v6p1i_0086
silicon_die_lower,131.8627179134637,131.8627179134637,131.8627179134637,0.6372543582692742,isotropic_linear,v6p1i_0086
tim_between_dies,3.191565144485366,3.191565144485366,3.191565144485366,0.506053252145648,isotropic_log_uniform,v6p1i_0086
silicon_die_upper,122.876414982602,122.876414982602,122.876414982602,0.45752829965204,isotropic_linear,v6p1i_0086
tim_to_spreader,5.0212805662129405,5.0212805662129405,5.0212805662129405,0.7680450705811381,isotropic_log_uniform,v6p1i_0086
spreader,386.93228335119784,386.93228335119784,386.93228335119784,0.12881889007985592,isotropic_linear,v6p1i_0086
pcb_fr4_equivalent,0.7671867772739851,0.7671867772739851,0.2876950414777444,0.4061558376997709,correlated_log_uniform_axes,v6p1i_0087
bt_substrate_with_vias,0.2040650867548123,0.2040650867548123,0.4999594625492902,0.5450867367908359,correlated_log_uniform_axes,v6p1i_0087
silicon_interposer_tsv_0p1,129.33289107866585,129.33289107866585,130.88837292511016,0.31109636928886175,correlated_linear_axes,v6p1i_0087
bump_underfill_under_interposer,0.631934392187816,0.631934392187816,5.160797536200497,0.6161940898746252,correlated_log_uniform_axes,v6p1i_0087
silicon_die_lower,123.90269255265594,123.90269255265594,123.90269255265594,0.4780538510531187,isotropic_linear,v6p1i_0087
tim_between_dies,2.3305488848711655,2.3305488848711655,2.3305488848711655,0.3242857502773404,isotropic_log_uniform,v6p1i_0087
silicon_die_upper,141.0634437110275,141.0634437110275,141.0634437110275,0.8212688742205501,isotropic_linear,v6p1i_0087
tim_to_spreader,2.373551359191227,2.373551359191227,2.373551359191227,0.3348559243604541,isotropic_log_uniform,v6p1i_0087
spreader,399.2589723970741,399.2589723970741,399.2589723970741,0.9505981598049402,isotropic_linear,v6p1i_0087
pcb_fr4_equivalent,0.7953697029336987,0.7953697029336987,0.298263638600137,0.4869933817535639,correlated_log_uniform_axes,v6p1i_0088
bt_substrate_with_vias,0.18414889638692117,0.18414889638692117,0.45116479614795696,0.314978483133018,correlated_log_uniform_axes,v6p1i_0088
silicon_interposer_tsv_0p1,143.98904789239168,143.98904789239168,147.98722254112363,0.7996349297463894,correlated_linear_axes,v6p1i_0088
bump_underfill_under_interposer,0.6938753465921462,0.6938753465921462,5.66664866383586,0.8257156042382121,correlated_log_uniform_axes,v6p1i_0088
silicon_die_lower,131.0151212848723,131.0151212848723,131.0151212848723,0.6203024256974459,isotropic_linear,v6p1i_0088
tim_between_dies,2.901629292024932,2.901629292024932,2.901629292024932,0.4509930061176419,isotropic_log_uniform,v6p1i_0088
silicon_die_upper,106.0475958045572,106.0475958045572,106.0475958045572,0.12095191609114408,isotropic_linear,v6p1i_0088
tim_to_spreader,1.4193824729496407,1.4193824729496407,1.4193824729496407,0.03760308213531971,isotropic_log_uniform,v6p1i_0088
spreader,395.83270605653524,395.83270605653524,395.83270605653524,0.7221804037690163,isotropic_linear,v6p1i_0088
pcb_fr4_equivalent,0.8029434313058481,0.8029434313058481,0.301103786739693,0.5082290908321738,correlated_log_uniform_axes,v6p1i_0089
bt_substrate_with_vias,0.23001180901715168,0.23001180901715168,0.5635289320920216,0.8132810331881046,correlated_log_uniform_axes,v6p1i_0089
silicon_interposer_tsv_0p1,131.03283170610666,131.03283170610666,132.87163699045777,0.3677610568702221,correlated_linear_axes,v6p1i_0089
bump_underfill_under_interposer,0.5781193986370365,0.5781193986370365,4.721308422202465,0.41675933357328176,correlated_log_uniform_axes,v6p1i_0089
silicon_die_lower,113.97592262364924,113.97592262364924,113.97592262364924,0.2795184524729848,isotropic_linear,v6p1i_0089
tim_between_dies,3.973629976509361,3.973629976509361,3.973629976509361,0.6327605079859495,isotropic_log_uniform,v6p1i_0089
silicon_die_upper,136.31022642366588,136.31022642366588,136.31022642366588,0.7262045284733176,isotropic_linear,v6p1i_0089
tim_to_spreader,3.727690014881333,3.727690014881333,3.727690014881333,0.5958232376724482,isotropic_log_uniform,v6p1i_0089
spreader,391.28439454361796,391.28439454361796,391.28439454361796,0.4189596362411976,isotropic_linear,v6p1i_0089
pcb_fr4_equivalent,0.9907108155952394,0.9907108155952394,0.37151655584821475,0.9790883539244533,correlated_log_uniform_axes,v6p1i_0090
bt_substrate_with_vias,0.17004768710577192,0.17004768710577192,0.41661683340914124,0.13647065870463848,correlated_log_uniform_axes,v6p1i_0090
silicon_interposer_tsv_0p1,141.15249428898096,141.15249428898096,144.67791000381112,0.705083142966032,correlated_linear_axes,v6p1i_0090
bump_underfill_under_interposer,0.6067744384146566,0.6067744384146566,4.955324580386361,0.5251574963331223,correlated_log_uniform_axes,v6p1i_0090
silicon_die_lower,108.48786821588874,108.48786821588874,108.48786821588874,0.16975736431777477,isotropic_linear,v6p1i_0090
tim_between_dies,7.00012574898633,7.00012574898633,7.00012574898633,0.9601237513124943,isotropic_log_uniform,v6p1i_0090
silicon_die_upper,119.93274902924895,119.93274902924895,119.93274902924895,0.39865498058497906,isotropic_linear,v6p1i_0090
tim_to_spreader,5.486263230931543,5.486263230931543,5.486263230931543,0.8192453635856509,isotropic_log_uniform,v6p1i_0090
spreader,388.5371980210766,388.5371980210766,388.5371980210766,0.23581320140510798,isotropic_linear,v6p1i_0090
pcb_fr4_equivalent,0.6445722302526342,0.6445722302526342,0.24171458634473783,0.015950968489050865,correlated_log_uniform_axes,v6p1i_0091
bt_substrate_with_vias,0.21239645826637896,0.21239645826637896,0.5203713227526284,0.6347501361742616,correlated_log_uniform_axes,v6p1i_0091
silicon_interposer_tsv_0p1,124.46095962077379,124.46095962077379,125.20445289090276,0.14869865402579308,correlated_linear_axes,v6p1i_0091
bump_underfill_under_interposer,0.5363133068855149,0.5363133068855149,4.379892006231705,0.2485673762857914,correlated_log_uniform_axes,v6p1i_0091
silicon_die_lower,147.30801959522069,147.30801959522069,147.30801959522069,0.9461603919044137,isotropic_linear,v6p1i_0091
tim_between_dies,1.7340266908064874,1.7340266908064874,1.7340266908064874,0.153358175419271,isotropic_log_uniform,v6p1i_0091
silicon_die_upper,137.70789774134755,137.70789774134755,137.70789774134755,0.754157954826951,isotropic_linear,v6p1i_0091
tim_to_spreader,2.0580707808522356,2.0580707808522356,2.0580707808522356,0.2524044690653682,isotropic_log_uniform,v6p1i_0091
spreader,399.06212981324643,399.06212981324643,399.06212981324643,0.9374753208830953,isotropic_linear,v6p1i_0091
pcb_fr4_equivalent,0.6768367922292308,0.6768367922292308,0.2538137970859616,0.12539459951221943,correlated_log_uniform_axes,v6p1i_0092
bt_substrate_with_vias,0.1690753639724646,0.1690753639724646,0.4142346417325383,0.12362163420766592,correlated_log_uniform_axes,v6p1i_0092
silicon_interposer_tsv_0p1,131.55317092314363,131.55317092314363,133.47869941033423,0.38510569743812084,correlated_linear_axes,v6p1i_0092
bump_underfill_under_interposer,0.4928763054860212,0.4928763054860212,4.0251564948025065,0.05931638367474079,correlated_log_uniform_axes,v6p1i_0092
silicon_die_lower,141.14286042749882,141.14286042749882,141.14286042749882,0.8228572085499763,isotropic_linear,v6p1i_0092
tim_between_dies,2.1020295239279037,2.1020295239279037,2.1020295239279037,0.264622769318521,isotropic_log_uniform,v6p1i_0092
silicon_die_upper,113.42069543898106,113.42069543898106,113.42069543898106,0.2684139087796211,isotropic_linear,v6p1i_0092
tim_to_spreader,7.379213479362318,7.379213479362318,7.379213479362318,0.990613553673029,isotropic_log_uniform,v6p1i_0092
spreader,386.4540260937065,386.4540260937065,386.4540260937065,0.09693507291376591,isotropic_linear,v6p1i_0092
pcb_fr4_equivalent,0.943535369694737,0.943535369694737,0.35382576363552637,0.8697667336091399,correlated_log_uniform_axes,v6p1i_0093
bt_substrate_with_vias,0.2111819982954746,0.2111819982954746,0.5173958958239128,0.6219012290239334,correlated_log_uniform_axes,v6p1i_0093
silicon_interposer_tsv_0p1,148.1282047368586,148.1282047368586,152.81623885966837,0.9376068245619535,correlated_linear_axes,v6p1i_0093
bump_underfill_under_interposer,0.6603685046025303,0.6603685046025303,5.393009454253997,0.7148132082074881,correlated_log_uniform_axes,v6p1i_0093
silicon_die_lower,102.32268455438316,102.32268455438316,102.32268455438316,0.046453691087663174,isotropic_linear,v6p1i_0093
tim_between_dies,3.5478582664061045,3.5478582664061045,3.5478582664061045,0.5672379694879055,isotropic_log_uniform,v6p1i_0093
silicon_die_upper,144.46485172957182,144.46485172957182,144.46485172957182,0.8892970345914364,isotropic_linear,v6p1i_0093
tim_to_spreader,2.7730758087418996,2.7730758087418996,2.7730758087418996,0.4247950129210949,isotropic_log_uniform,v6p1i_0093
spreader,396.9203057978302,396.9203057978302,396.9203057978302,0.7946870531886816,isotropic_linear,v6p1i_0093
pcb_fr4_equivalent,0.8549299757840212,0.8549299757840212,0.3205987409190079,0.6488007111474872,correlated_log_uniform_axes,v6p1i_0094
bt_substrate_with_vias,0.19379048455109266,0.19379048455109266,0.4747866871501771,0.42932852543890476,correlated_log_uniform_axes,v6p1i_0094
silicon_interposer_tsv_0p1,123.1213808991015,123.1213808991015,123.64161104895175,0.10404602997004986,correlated_linear_axes,v6p1i_0094
bump_underfill_under_interposer,0.5617775549696422,0.5617775549696422,4.587850032252078,0.3525081882253289,correlated_log_uniform_axes,v6p1i_0094
silicon_die_lower,120.14146167784929,120.14146167784929,120.14146167784929,0.40282923355698586,isotropic_linear,v6p1i_0094
tim_between_dies,5.034303813429005,5.034303813429005,5.034303813429005,0.7695425655692816,isotropic_log_uniform,v6p1i_0094
silicon_die_upper,111.77841112948954,111.77841112948954,111.77841112948954,0.23556822258979082,isotropic_linear,v6p1i_0094
tim_to_spreader,1.7136479983551498,1.7136479983551498,1.7136479983551498,0.14652365166693926,isotropic_log_uniform,v6p1i_0094
spreader,394.16584227699786,394.16584227699786,394.16584227699786,0.6110561517998576,isotropic_linear,v6p1i_0094
pcb_fr4_equivalent,0.7469642222574574,0.7469642222574574,0.2801115833465465,0.3462997507303953,correlated_log_uniform_axes,v6p1i_0095
bt_substrate_with_vias,0.2420546550216216,0.2420546550216216,0.593033904802973,0.927630958147347,correlated_log_uniform_axes,v6p1i_0095
silicon_interposer_tsv_0p1,135.96109623089433,135.96109623089433,138.62127893604338,0.5320365410298109,correlated_linear_axes,v6p1i_0095
bump_underfill_under_interposer,0.7141887600868358,0.7141887600868358,5.832541540709159,0.8903712229803205,correlated_log_uniform_axes,v6p1i_0095
silicon_die_lower,137.18068501912057,137.18068501912057,137.18068501912057,0.7436137003824115,isotropic_linear,v6p1i_0095
tim_between_dies,1.5592183527564947,1.5592183527564947,1.5592183527564947,0.09192546922713518,isotropic_log_uniform,v6p1i_0095
silicon_die_upper,130.33451032824814,130.33451032824814,130.33451032824814,0.6066902065649629,isotropic_linear,v6p1i_0095
tim_to_spreader,4.507526093628678,4.507526093628678,4.507526093628678,0.705644060857594,isotropic_log_uniform,v6p1i_0095
spreader,389.6760684112087,389.6760684112087,389.6760684112087,0.3117378940805793,isotropic_linear,v6p1i_0095
pcb_fr4_equivalent,0.7542880631646174,0.7542880631646174,0.2828580236867315,0.368162477388978,correlated_log_uniform_axes,v6p1i_0096
bt_substrate_with_vias,0.16566230830469766,0.16566230830469766,0.4058726553465093,0.07792654912918806,correlated_log_uniform_axes,v6p1i_0096
silicon_interposer_tsv_0p1,147.5919990800321,147.5919990800321,152.1906655933708,0.919733302667737,correlated_linear_axes,v6p1i_0096
bump_underfill_under_interposer,0.6287416394751987,0.6287416394751987,5.134723389047456,0.6048445468768477,correlated_log_uniform_axes,v6p1i_0096
silicon_die_lower,104.94858608581126,104.94858608581126,104.94858608581126,0.09897172171622515,isotropic_linear,v6p1i_0096
tim_between_dies,1.6775157369243576,1.6775157369243576,1.6775157369243576,0.13420350197702646,isotropic_log_uniform,v6p1i_0096
silicon_die_upper,108.55420585721731,108.55420585721731,108.55420585721731,0.17108411714434624,isotropic_linear,v6p1i_0096
tim_to_spreader,3.866129934844718,3.866129934844718,3.866129934844718,0.6169047774747014,isotropic_log_uniform,v6p1i_0096
spreader,397.19770597293973,397.19770597293973,397.19770597293973,0.813180398195982,isotropic_linear,v6p1i_0096
pcb_fr4_equivalent,0.8467222623049545,0.8467222623049545,0.31752084836435795,0.6271849563345313,correlated_log_uniform_axes,v6p1i_0097
bt_substrate_with_vias,0.20687598141784908,0.20687598141784908,0.5068461544737303,0.5757407583296299,correlated_log_uniform_axes,v6p1i_0097
silicon_interposer_tsv_0p1,134.28356593474746,134.28356593474746,136.66416025720537,0.4761188644915819,correlated_linear_axes,v6p1i_0097
bump_underfill_under_interposer,0.510219359777923,0.510219359777923,4.166791438186371,0.1368057606741786,correlated_log_uniform_axes,v6p1i_0097
silicon_die_lower,137.51569772139192,137.51569772139192,137.51569772139192,0.7503139544278383,isotropic_linear,v6p1i_0097
tim_between_dies,6.769248116174837,6.769248116174837,6.769248116174837,0.9407344777137041,isotropic_log_uniform,v6p1i_0097
silicon_die_upper,127.50403098762035,127.50403098762035,127.50403098762035,0.5500806197524071,isotropic_linear,v6p1i_0097
tim_to_spreader,1.45007790860931,1.45007790860931,1.45007790860931,0.04997233022004366,isotropic_log_uniform,v6p1i_0097
spreader,385.2079889923334,385.2079889923334,385.2079889923334,0.013865932822227478,isotropic_linear,v6p1i_0097
pcb_fr4_equivalent,0.9329607250021076,0.9329607250021076,0.3498602718757903,0.8445122567936778,correlated_log_uniform_axes,v6p1i_0098
bt_substrate_with_vias,0.18972519109559047,0.18972519109559047,0.46482671818419674,0.38182337395846844,correlated_log_uniform_axes,v6p1i_0098
silicon_interposer_tsv_0p1,137.25914871320128,137.25914871320128,140.13567349873483,0.5753049571067095,correlated_linear_axes,v6p1i_0098
bump_underfill_under_interposer,0.6895212017371835,0.6895212017371835,5.631089814186997,0.8116105981171131,correlated_log_uniform_axes,v6p1i_0098
silicon_die_lower,133.77619315870106,133.77619315870106,133.77619315870106,0.6755238631740212,isotropic_linear,v6p1i_0098
tim_between_dies,4.052556494872884,4.052556494872884,4.052556494872884,0.6441310420632362,isotropic_log_uniform,v6p1i_0098
silicon_die_upper,116.25127759762108,116.25127759762108,116.25127759762108,0.32502555195242167,isotropic_linear,v6p1i_0098
tim_to_spreader,2.1338293239795507,2.1338293239795507,2.1338293239795507,0.2733032591640949,isotropic_log_uniform,v6p1i_0098
spreader,389.95529762934893,389.95529762934893,389.95529762934893,0.3303531752899289,isotropic_linear,v6p1i_0098
pcb_fr4_equivalent,0.6844347050583174,0.6844347050583174,0.256663014396869,0.15040782652795315,correlated_log_uniform_axes,v6p1i_0099
bt_substrate_with_vias,0.23692283082718904,0.23692283082718904,0.5804609355266133,0.8796146297827363,correlated_log_uniform_axes,v6p1i_0099
silicon_interposer_tsv_0p1,120.21533271297812,120.21533271297812,120.25122149847448,0.007177757099270821,correlated_linear_axes,v6p1i_0099
bump_underfill_under_interposer,0.5897234330765951,0.5897234330765951,4.81607470345886,0.46128952503204346,correlated_log_uniform_axes,v6p1i_0099
silicon_die_lower,122.98395475372672,122.98395475372672,122.98395475372672,0.4596790950745344,isotropic_linear,v6p1i_0099
tim_between_dies,2.960483783763134,2.960483783763134,2.960483783763134,0.4626019624993205,isotropic_log_uniform,v6p1i_0099
silicon_die_upper,147.68896610476077,147.68896610476077,147.68896610476077,0.9537793220952153,isotropic_linear,v6p1i_0099
tim_to_spreader,5.601954223746422,5.601954223746422,5.601954223746422,0.8313097916543484,isotropic_log_uniform,v6p1i_0099
spreader,392.92163466569036,392.92163466569036,392.92163466569036,0.5281089777126908,isotropic_linear,v6p1i_0099
pcb_fr4_equivalent,0.6428550256131104,0.6428550256131104,0.2410706346049164,0.009973527863621712,correlated_log_uniform_axes,v6p1i_0100
bt_substrate_with_vias,0.18814787002101357,0.18814787002101357,0.4609622815514832,0.3631168818101287,correlated_log_uniform_axes,v6p1i_0100
silicon_interposer_tsv_0p1,128.12310710549355,128.12310710549355,129.47695828974247,0.27077023684978485,correlated_linear_axes,v6p1i_0100
bump_underfill_under_interposer,0.542869366180883,0.542869366180883,4.4334331571438765,0.27579244039952755,correlated_log_uniform_axes,v6p1i_0100
silicon_die_lower,116.64796802215278,116.64796802215278,116.64796802215278,0.33295936044305563,isotropic_linear,v6p1i_0100
tim_between_dies,1.507773051657684,1.507773051657684,1.507773051657684,0.07252880465239286,isotropic_log_uniform,v6p1i_0100
silicon_die_upper,122.17739070765674,122.17739070765674,122.17739070765674,0.4435478141531348,isotropic_linear,v6p1i_0100
tim_to_spreader,2.7190530892573186,2.7190530892573186,2.7190530892573186,0.41342128347605467,isotropic_log_uniform,v6p1i_0100
spreader,391.56913329847157,391.56913329847157,391.56913329847157,0.43794221989810467,isotropic_linear,v6p1i_0100
pcb_fr4_equivalent,0.9934666859785811,0.9934666859785811,0.3725500072419679,0.9853127067908645,correlated_log_uniform_axes,v6p1i_0101
bt_substrate_with_vias,0.2349531343547895,0.2349531343547895,0.5756351791692343,0.860908254981041,correlated_log_uniform_axes,v6p1i_0101
silicon_interposer_tsv_0p1,145.2834239602089,145.2834239602089,149.49732795357704,0.8427807986736298,correlated_linear_axes,v6p1i_0101
bump_underfill_under_interposer,0.749065638714799,0.749065638714799,6.117369382837525,0.997206749394536,correlated_log_uniform_axes,v6p1i_0101
silicon_die_lower,127.44023092091084,127.44023092091084,127.44023092091084,0.5488046184182167,isotropic_linear,v6p1i_0101
tim_between_dies,4.870304965871997,4.870304965871997,4.870304965871997,0.7503957599401474,isotropic_log_uniform,v6p1i_0101
silicon_die_upper,141.90857163630426,141.90857163630426,141.90857163630426,0.8381714327260852,isotropic_linear,v6p1i_0101
tim_to_spreader,7.150979670901024,7.150979670901024,7.150979670901024,0.9724501399323344,isotropic_log_uniform,v6p1i_0101
spreader,394.59400753490627,394.59400753490627,394.59400753490627,0.6396005023270845,isotropic_linear,v6p1i_0101
pcb_fr4_equivalent,0.8063208824055483,0.8063208824055483,0.3023703309020806,0.5176345063373446,correlated_log_uniform_axes,v6p1i_0102
bt_substrate_with_vias,0.1735776855345748,0.1735776855345748,0.42526532955970836,0.182509059086442,correlated_log_uniform_axes,v6p1i_0102
silicon_interposer_tsv_0p1,127.19500243663788,127.19500243663788,128.39416950941086,0.23983341455459595,correlated_linear_axes,v6p1i_0102
bump_underfill_under_interposer,0.4966281781810805,0.4966281781810805,4.0557967884788235,0.07630852330476046,correlated_log_uniform_axes,v6p1i_0102
silicon_die_lower,143.85206452570856,143.85206452570856,143.85206452570856,0.8770412905141711,isotropic_linear,v6p1i_0102
tim_between_dies,3.619869649308259,3.619869649308259,3.619869649308259,0.5788547936826944,isotropic_log_uniform,v6p1i_0102
silicon_die_upper,101.84683101251721,101.84683101251721,101.84683101251721,0.036936620250344276,isotropic_linear,v6p1i_0102
tim_to_spreader,4.4220470033411905,4.4220470033411905,4.4220470033411905,0.6945753861218691,isotropic_log_uniform,v6p1i_0102
spreader,399.3340491736308,399.3340491736308,399.3340491736308,0.9556032782420516,isotropic_linear,v6p1i_0102
pcb_fr4_equivalent,0.7919528727873129,0.7919528727873129,0.2969823272952423,0.47734677605330944,correlated_log_uniform_axes,v6p1i_0103
bt_substrate_with_vias,0.21676054459285843,0.21676054459285843,0.5310633342525033,0.6803231509402394,correlated_log_uniform_axes,v6p1i_0103
silicon_interposer_tsv_0p1,140.61993643641472,140.61993643641472,144.0565925091505,0.6873312145471573,correlated_linear_axes,v6p1i_0103
bump_underfill_under_interposer,0.645976847584916,0.645976847584916,5.275477588610148,0.6654406050220132,correlated_log_uniform_axes,v6p1i_0103
silicon_die_lower,111.28492821007967,111.28492821007967,111.28492821007967,0.2256985642015934,isotropic_linear,v6p1i_0103
tim_between_dies,2.1437538336461337,2.1437538336461337,2.1437538336461337,0.2759859124198556,isotropic_log_uniform,v6p1i_0103
silicon_die_upper,134.06568756327033,134.06568756327033,134.06568756327033,0.6813137512654066,isotropic_linear,v6p1i_0103
tim_to_spreader,1.6611717867755664,1.6611717867755664,1.6611717867755664,0.12854322232306004,isotropic_log_uniform,v6p1i_0103
spreader,387.2856805520132,387.2856805520132,387.2856805520132,0.1523787034675479,isotropic_linear,v6p1i_0103
pcb_fr4_equivalent,0.758415044306503,0.758415044306503,0.2844056416149386,0.38038879074156284,correlated_log_uniform_axes,v6p1i_0104
bt_substrate_with_vias,0.19620265622531316,0.19620265622531316,0.4806965077520173,0.4570471988990903,correlated_log_uniform_axes,v6p1i_0104
silicon_interposer_tsv_0p1,125.26070111431181,125.26070111431181,126.13748463336378,0.1753567038103938,correlated_linear_axes,v6p1i_0104
bump_underfill_under_interposer,0.7149250115766709,0.7149250115766709,5.838554261209478,0.892679963260889,correlated_log_uniform_axes,v6p1i_0104
silicon_die_lower,143.2456936687231,143.2456936687231,143.2456936687231,0.8649138733744621,isotropic_linear,v6p1i_0104
tim_between_dies,2.664572968051533,2.664572968051533,2.664572968051533,0.4017200628295541,isotropic_log_uniform,v6p1i_0104
silicon_die_upper,119.26463497802615,119.26463497802615,119.26463497802615,0.38529269956052303,isotropic_linear,v6p1i_0104
tim_to_spreader,3.0937577509344125,3.0937577509344125,3.0937577509344125,0.48805906157940626,isotropic_log_uniform,v6p1i_0104
spreader,391.3704649126157,391.3704649126157,391.3704649126157,0.42469766084104776,isotropic_linear,v6p1i_0104
pcb_fr4_equivalent,0.845632006470576,0.845632006470576,0.317112002426466,0.6242979159578681,correlated_log_uniform_axes,v6p1i_0105
bt_substrate_with_vias,0.24549267249542067,0.24549267249542067,0.6014570476137807,0.9592329282313585,correlated_log_uniform_axes,v6p1i_0105
silicon_interposer_tsv_0p1,142.31936224736273,142.31936224736273,146.03925595525652,0.7439787415787578,correlated_linear_axes,v6p1i_0105
bump_underfill_under_interposer,0.5648081389652235,0.5648081389652235,4.612599801549325,0.3645635098218918,correlated_log_uniform_axes,v6p1i_0105
silicon_die_lower,100.81203090958297,100.81203090958297,100.81203090958297,0.01624061819165945,isotropic_linear,v6p1i_0105
tim_between_dies,4.499307086491312,4.499307086491312,4.499307086491312,0.7045889440923929,isotropic_log_uniform,v6p1i_0105
silicon_die_upper,138.62053314223886,138.62053314223886,138.62053314223886,0.7724106628447771,isotropic_linear,v6p1i_0105
tim_to_spreader,6.633937168175387,6.633937168175387,6.633937168175387,0.9290611995384097,isotropic_log_uniform,v6p1i_0105
spreader,396.1970966262743,396.1970966262743,396.1970966262743,0.7464731084182858,isotropic_linear,v6p1i_0105
pcb_fr4_equivalent,0.9580787331324964,0.9580787331324964,0.35927952492468607,0.9040408758446574,correlated_log_uniform_axes,v6p1i_0106
bt_substrate_with_vias,0.16204924526377415,0.16204924526377415,0.3970206508962467,0.02851630002260208,correlated_log_uniform_axes,v6p1i_0106
silicon_interposer_tsv_0p1,129.93926265276968,129.93926265276968,131.5958064282313,0.3313087550923228,correlated_linear_axes,v6p1i_0106
bump_underfill_under_interposer,0.6541652542226257,0.6541652542226257,5.342349576151443,0.6936653470620513,correlated_log_uniform_axes,v6p1i_0106
silicon_die_lower,120.47418002039194,120.47418002039194,120.47418002039194,0.4094836004078388,isotropic_linear,v6p1i_0106
tim_between_dies,6.058607191953748,6.058607191953748,6.058607191953748,0.8766143769025803,isotropic_log_uniform,v6p1i_0106
silicon_die_upper,105.14716519974172,105.14716519974172,105.14716519974172,0.10294330399483442,isotropic_linear,v6p1i_0106
tim_to_spreader,4.053140449129901,4.053140449129901,4.053140449129901,0.644214341416955,isotropic_log_uniform,v6p1i_0106
spreader,398.5952214151621,398.5952214151621,398.5952214151621,0.9063480943441391,isotropic_linear,v6p1i_0106
pcb_fr4_equivalent,0.6695298794727789,0.6695298794727789,0.2510737048022921,0.10107309184968472,correlated_log_uniform_axes,v6p1i_0107
bt_substrate_with_vias,0.20276133240711713,0.20276133240711713,0.49676526439743707,0.5307251056656241,correlated_log_uniform_axes,v6p1i_0107
silicon_interposer_tsv_0p1,143.23330842889845,143.23330842889845,147.10552650038153,0.7744436142966151,correlated_linear_axes,v6p1i_0107
bump_underfill_under_interposer,0.4869754731593021,0.4869754731593021,3.9769663641342996,0.032328191213309765,correlated_log_uniform_axes,v6p1i_0107
silicon_die_lower,134.68116647563875,134.68116647563875,134.68116647563875,0.6936233295127749,isotropic_linear,v6p1i_0107
tim_between_dies,1.8756535203892986,1.8756535203892986,1.8756535203892986,0.19874742161482573,isotropic_log_uniform,v6p1i_0107
silicon_die_upper,136.96613418869674,136.96613418869674,136.96613418869674,0.7393226837739348,isotropic_linear,v6p1i_0107
tim_to_spreader,1.9130328236410377,1.9130328236410377,1.9130328236410377,0.21015542931854725,isotropic_log_uniform,v6p1i_0107
spreader,388.4950946457684,388.4950946457684,388.4950946457684,0.2330063097178936,isotropic_linear,v6p1i_0107
pcb_fr4_equivalent,0.7128348784765449,0.7128348784765449,0.26731307942870425,0.24150738306343555,correlated_log_uniform_axes,v6p1i_0108
bt_substrate_with_vias,0.1770322835988068,0.1770322835988068,0.43372909481707667,0.22666640672832727,correlated_log_uniform_axes,v6p1i_0108
silicon_interposer_tsv_0p1,135.32534795813262,135.32534795813262,137.8795726178214,0.5108449319377542,correlated_linear_axes,v6p1i_0108
bump_underfill_under_interposer,0.5299592606381379,0.5299592606381379,4.328000628544793,0.2218617396429181,correlated_log_uniform_axes,v6p1i_0108
silicon_die_lower,128.320384118706,128.320384118706,128.320384118706,0.5664076823741198,isotropic_linear,v6p1i_0108
tim_between_dies,2.37983012325337,2.37983012325337,2.37983012325337,0.3363832263275981,isotropic_log_uniform,v6p1i_0108
silicon_die_upper,111.11066513694823,111.11066513694823,111.11066513694823,0.22221330273896456,isotropic_linear,v6p1i_0108
tim_to_spreader,3.35155690883073,3.35155690883073,3.35155690883073,0.5343314902856946,isotropic_log_uniform,v6p1i_0108
spreader,396.98438205290586,396.98438205290586,396.98438205290586,0.7989588035270572,isotropic_linear,v6p1i_0108
pcb_fr4_equivalent,0.8997280382523104,0.8997280382523104,0.3373980143446163,0.7632404332980514,correlated_log_uniform_axes,v6p1i_0109
bt_substrate_with_vias,0.22150858958716724,0.22150858958716724,0.5426960444885597,0.7288750912994146,correlated_log_uniform_axes,v6p1i_0109
silicon_interposer_tsv_0p1,121.91525909118354,121.91525909118354,122.23446893971413,0.0638419697061181,correlated_linear_axes,v6p1i_0109
bump_underfill_under_interposer,0.6011504152039572,0.6011504152039572,4.909395057498982,0.5042921314015985,correlated_log_uniform_axes,v6p1i_0109
silicon_die_lower,114.11342234350741,114.11342234350741,114.11342234350741,0.2822684468701482,isotropic_linear,v6p1i_0109
tim_between_dies,3.257709458021547,3.257709458021547,3.257709458021547,0.5179123058915138,isotropic_log_uniform,v6p1i_0109
silicon_die_upper,131.24754060991108,131.24754060991108,131.24754060991108,0.6249508121982217,isotropic_linear,v6p1i_0109
tim_to_spreader,1.584693835657875,1.584693835657875,1.584693835657875,0.10129493195563555,isotropic_log_uniform,v6p1i_0109
spreader,386.8257194245234,386.8257194245234,386.8257194245234,0.12171462830156088,isotropic_linear,v6p1i_0109
pcb_fr4_equivalent,0.8880031000552635,0.8880031000552635,0.33300116252072376,0.7338483585044742,correlated_log_uniform_axes,v6p1i_0110
bt_substrate_with_vias,0.18149054663000574,0.18149054663000574,0.44465183924351415,0.2823961339890957,correlated_log_uniform_axes,v6p1i_0110
silicon_interposer_tsv_0p1,149.4077396672219,149.4077396672219,154.3090296117589,0.9802579889073968,correlated_linear_axes,v6p1i_0110
bump_underfill_under_interposer,0.5813114247684324,0.5813114247684324,4.747376635608864,0.4290971513837576,correlated_log_uniform_axes,v6p1i_0110
silicon_die_lower,107.17243021354079,107.17243021354079,107.17243021354079,0.14344860427081585,isotropic_linear,v6p1i_0110
tim_between_dies,5.44612543235521,5.44612543235521,5.44612543235521,0.8150002080947161,isotropic_log_uniform,v6p1i_0110
silicon_die_upper,112.51987293362617,112.51987293362617,112.51987293362617,0.2503974586725235,isotropic_linear,v6p1i_0110
tim_to_spreader,2.2963155149578016,2.2963155149578016,2.2963155149578016,0.31573067232966423,isotropic_log_uniform,v6p1i_0110
spreader,389.2311112117022,389.2311112117022,389.2311112117022,0.2820740807801485,isotropic_linear,v6p1i_0110
pcb_fr4_equivalent,0.7223452763465891,0.7223452763465891,0.2708794786299708,0.271204499527812,correlated_log_uniform_axes,v6p1i_0111
bt_substrate_with_vias,0.2270846001243809,0.2270846001243809,0.5563572703047333,0.7845819843932986,correlated_log_uniform_axes,v6p1i_0111
silicon_interposer_tsv_0p1,132.23303544335067,132.23303544335067,134.27187468390912,0.4077678481116891,correlated_linear_axes,v6p1i_0111
bump_underfill_under_interposer,0.6946782512576315,0.6946782512576315,5.67320571860399,0.8283069003373384,correlated_log_uniform_axes,v6p1i_0111
silicon_die_lower,149.6060684788972,149.6060684788972,149.6060684788972,0.9921213695779443,isotropic_linear,v6p1i_0111
tim_between_dies,1.3496271611332782,1.3496271611332782,1.3496271611332782,0.008469232358038425,isotropic_log_uniform,v6p1i_0111
silicon_die_upper,145.12038845568895,145.12038845568895,145.12038845568895,0.9024077691137791,isotropic_linear,v6p1i_0111
tim_to_spreader,4.931657287992586,4.931657287992586,4.931657287992586,0.757633063942194,isotropic_log_uniform,v6p1i_0111
spreader,394.11639322526753,394.11639322526753,394.11639322526753,0.6077595483511686,isotropic_linear,v6p1i_0111
pcb_fr4_equivalent,0.7316245606415291,0.7316245606415291,0.2743592102405734,0.2998054614290595,correlated_log_uniform_axes,v6p1i_0112
bt_substrate_with_vias,0.17985202138238196,0.17985202138238196,0.4406374523868358,0.2620747797191143,correlated_log_uniform_axes,v6p1i_0112
silicon_interposer_tsv_0p1,141.02071090601385,141.02071090601385,144.52416272368282,0.7006903635337949,correlated_linear_axes,v6p1i_0112
bump_underfill_under_interposer,0.5061571286627482,0.5061571286627482,4.133616550745777,0.11889442428946495,correlated_log_uniform_axes,v6p1i_0112
silicon_die_lower,124.36599819920957,124.36599819920957,124.36599819920957,0.4873199639841914,isotropic_linear,v6p1i_0112
tim_between_dies,3.442944042728655,3.442944042728655,3.442944042728655,0.5498842280358076,isotropic_log_uniform,v6p1i_0112
silicon_die_upper,126.25143104232848,126.25143104232848,126.25143104232848,0.5250286208465695,isotropic_linear,v6p1i_0112
tim_to_spreader,2.43246801728496,2.43246801728496,2.43246801728496,0.34903106931596994,isotropic_log_uniform,v6p1i_0112
spreader,395.64145520795137,395.64145520795137,395.64145520795137,0.7094303471967578,isotropic_linear,v6p1i_0112
pcb_fr4_equivalent,0.8735327703056182,0.8735327703056182,0.3275747888646067,0.6970344129949808,correlated_log_uniform_axes,v6p1i_0113
bt_substrate_with_vias,0.22498463981361355,0.22498463981361355,0.5512123675433531,0.7637646598741412,correlated_log_uniform_axes,v6p1i_0113
silicon_interposer_tsv_0p1,123.97761016152799,123.97761016152799,124.64054518844932,0.13258700538426638,correlated_linear_axes,v6p1i_0113
bump_underfill_under_interposer,0.6430413180211431,0.6430413180211431,5.251504097172668,0.6552348807454109,correlated_log_uniform_axes,v6p1i_0113
silicon_die_lower,132.32700508087873,132.32700508087873,132.32700508087873,0.6465401016175747,isotropic_linear,v6p1i_0113
tim_between_dies,2.5152396810462885,2.5152396810462885,2.5152396810462885,0.3683761851862073,isotropic_log_uniform,v6p1i_0113
silicon_die_upper,106.53569926507771,106.53569926507771,106.53569926507771,0.1307139853015542,isotropic_linear,v6p1i_0113
tim_to_spreader,5.154351477851604,5.154351477851604,5.154351477851604,0.7831667372956872,isotropic_log_uniform,v6p1i_0113
spreader,390.9905483061448,390.9905483061448,390.9905483061448,0.39936988707631826,isotropic_linear,v6p1i_0113
pcb_fr4_equivalent,0.9114349139554935,0.9114349139554935,0.34178809273330996,0.7922075446695089,correlated_log_uniform_axes,v6p1i_0114
bt_substrate_with_vias,0.17437574348169374,0.17437574348169374,0.4272205715301497,0.19278755877166986,correlated_log_uniform_axes,v6p1i_0114
silicon_interposer_tsv_0p1,143.82796227000654,143.82796227000654,147.79928931500763,0.7942654090002179,correlated_linear_axes,v6p1i_0114
bump_underfill_under_interposer,0.5475144322555507,0.5475144322555507,4.4713678634203315,0.29488353338092566,correlated_log_uniform_axes,v6p1i_0114
silicon_die_lower,139.34942628256977,139.34942628256977,139.34942628256977,0.7869885256513953,isotropic_linear,v6p1i_0114
tim_between_dies,1.4276293424410949,1.4276293424410949,1.4276293424410949,0.040952383540570736,isotropic_log_uniform,v6p1i_0114
silicon_die_upper,149.71976950764656,149.71976950764656,149.71976950764656,0.9943953901529312,isotropic_linear,v6p1i_0114
tim_to_spreader,3.1851374108900767,3.1851374108900767,3.1851374108900767,0.5048877447843552,isotropic_log_uniform,v6p1i_0114
spreader,387.8792579751462,387.8792579751462,387.8792579751462,0.19195053167641163,isotropic_linear,v6p1i_0114
pcb_fr4_equivalent,0.7013335730392645,0.7013335730392645,0.2630000898897241,0.20505959074944258,correlated_log_uniform_axes,v6p1i_0115
bt_substrate_with_vias,0.21813784792626265,0.21813784792626265,0.5344377274193435,0.6945156510919333,correlated_log_uniform_axes,v6p1i_0115
silicon_interposer_tsv_0p1,130.5201871600002,130.5201871600002,132.2735516866669,0.35067290533334017,correlated_linear_axes,v6p1i_0115
bump_underfill_under_interposer,0.7327938098230801,0.7327938098230801,5.98448278022182,0.9479957176372409,correlated_log_uniform_axes,v6p1i_0115
silicon_die_lower,103.16978320479393,103.16978320479393,103.16978320479393,0.0633956640958786,isotropic_linear,v6p1i_0115
tim_between_dies,5.760638479896399,5.760638479896399,5.760638479896399,0.8474585004150867,isotropic_log_uniform,v6p1i_0115
silicon_die_upper,117.49156732112169,117.49156732112169,117.49156732112169,0.34983134642243385,isotropic_linear,v6p1i_0115
tim_to_spreader,1.4859100021336873,1.4859100021336873,1.4859100021336873,0.06408446282148361,isotropic_log_uniform,v6p1i_0115
spreader,398.2722957152873,398.2722957152873,398.2722957152873,0.8848197143524885,isotropic_linear,v6p1i_0115
pcb_fr4_equivalent,0.6586151648871138,0.6586151648871138,0.2469806868326677,0.06424388941377401,correlated_log_uniform_axes,v6p1i_0116
bt_substrate_with_vias,0.16340084607843527,0.16340084607843527,0.4003320728921665,0.04712783545255661,correlated_log_uniform_axes,v6p1i_0116
silicon_interposer_tsv_0p1,123.42906315810978,123.42906315810978,124.00057368446141,0.11430210527032614,correlated_linear_axes,v6p1i_0116
bump_underfill_under_interposer,0.6733221080105776,0.6733221080105776,5.4987972154197164,0.7583408178761601,correlated_log_uniform_axes,v6p1i_0116
silicon_die_lower,109.50615000911057,109.50615000911057,109.50615000911057,0.1901230001822114,isotropic_linear,v6p1i_0116
tim_between_dies,4.739085967172499,4.739085967172499,4.739085967172499,0.7346058003604412,isotropic_log_uniform,v6p1i_0116
silicon_die_upper,142.99942506477237,142.99942506477237,142.99942506477237,0.8599885012954473,isotropic_linear,v6p1i_0116
tim_to_spreader,4.2917587292334245,4.2917587292334245,4.2917587292334245,0.6772858640179038,isotropic_log_uniform,v6p1i_0116
spreader,386.2701423233375,386.2701423233375,386.2701423233375,0.08467615488916636,isotropic_linear,v6p1i_0116
pcb_fr4_equivalent,0.9703928688001998,0.9703928688001998,0.3638973258000749,0.9326570946723223,correlated_log_uniform_axes,v6p1i_0117
bt_substrate_with_vias,0.20440863123798167,0.20440863123798167,0.5008011465330552,0.5488558104261756,correlated_log_uniform_axes,v6p1i_0117
silicon_interposer_tsv_0p1,136.85471241362393,136.85471241362393,139.66383114922792,0.5618237471207976,correlated_linear_axes,v6p1i_0117
bump_underfill_under_interposer,0.5957666452397886,0.5957666452397886,4.865427602791606,0.4841344291344285,correlated_log_uniform_axes,v6p1i_0117
silicon_die_lower,145.68576840683818,145.68576840683818,145.68576840683818,0.9137153681367636,isotropic_linear,v6p1i_0117
tim_between_dies,2.806695143469694,2.806695143469694,2.806695143469694,0.431761777959764,isotropic_log_uniform,v6p1i_0117
silicon_die_upper,124.06466761603951,124.06466761603951,124.06466761603951,0.4812933523207903,isotropic_linear,v6p1i_0117
tim_to_spreader,1.998520949238647,1.998520949238647,1.998520949238647,0.23542971070855856,isotropic_log_uniform,v6p1i_0117
spreader,396.6046442044899,396.6046442044899,396.6046442044899,0.7736429469659925,isotropic_linear,v6p1i_0117
pcb_fr4_equivalent,0.8319824061825918,0.8319824061825918,0.3119934023184719,0.5878348629921675,correlated_log_uniform_axes,v6p1i_0118
bt_substrate_with_vias,0.1994305039292298,0.1994305039292298,0.48860473462661314,0.49361052084714174,correlated_log_uniform_axes,v6p1i_0118
silicon_interposer_tsv_0p1,131.89014826901257,131.89014826901257,133.87183964718133,0.39633827563375235,correlated_linear_axes,v6p1i_0118
bump_underfill_under_interposer,0.6247517021537429,0.6247517021537429,5.102138900922233,0.5905798953026533,correlated_log_uniform_axes,v6p1i_0118
silicon_die_lower,125.9910183493048,125.9910183493048,125.9910183493048,0.5198203669860959,isotropic_linear,v6p1i_0118
tim_between_dies,1.9773593779784315,1.9773593779784315,1.9773593779784315,0.22927550692111254,isotropic_log_uniform,v6p1i_0118
silicon_die_upper,132.19051375053823,132.19051375053823,132.19051375053823,0.6438102750107646,isotropic_linear,v6p1i_0118
tim_to_spreader,2.9414586548974406,2.9414586548974406,2.9414586548974406,0.4588747229427099,isotropic_log_uniform,v6p1i_0118
spreader,393.5006208717823,393.5006208717823,393.5006208717823,0.5667080581188202,isotropic_linear,v6p1i_0118
pcb_fr4_equivalent,0.7682884483967246,0.7682884483967246,0.28810816814877166,0.40937116276472807,correlated_log_uniform_axes,v6p1i_0119
bt_substrate_with_vias,0.24947621994618743,0.24947621994618743,0.6112167388681592,0.9953005183488131,correlated_log_uniform_axes,v6p1i_0119
silicon_interposer_tsv_0p1,149.05112315900624,149.05112315900624,153.8929770188406,0.9683707719668746,correlated_linear_axes,v6p1i_0119
bump_underfill_under_interposer,0.5208809086112848,0.5208809086112848,4.2538607536588255,0.18314517475664616,correlated_log_uniform_axes,v6p1i_0119
silicon_die_lower,118.03003596141934,118.03003596141934,118.03003596141934,0.3606007192283869,isotropic_linear,v6p1i_0119
tim_between_dies,6.386898059706117,6.386898059706117,6.386898059706117,0.9071214254945517,isotropic_log_uniform,v6p1i_0119
silicon_die_upper,100.74386107735336,100.74386107735336,100.74386107735336,0.014877221547067165,isotropic_linear,v6p1i_0119
tim_to_spreader,6.222865799926112,6.222865799926112,6.222865799926112,0.8920796196907759,isotropic_log_uniform,v6p1i_0119
spreader,388.90836426988244,388.90836426988244,388.90836426988244,0.2605576179921627,isotropic_linear,v6p1i_0119
pcb_fr4_equivalent,0.7829194413550671,0.7829194413550671,0.2935947905081501,0.45164117123931646,correlated_log_uniform_axes,v6p1i_0120
bt_substrate_with_vias,0.1709264151094758,0.1709264151094758,0.41876971701821575,0.1480197999626398,correlated_log_uniform_axes,v6p1i_0120
silicon_interposer_tsv_0p1,133.70726209133863,133.70726209133863,135.9918057732284,0.4569087363779545,correlated_linear_axes,v6p1i_0120
bump_underfill_under_interposer,0.5676861431927587,0.5676861431927587,4.636103502740863,0.3759521534666419,correlated_log_uniform_axes,v6p1i_0120
silicon_die_lower,136.13112969323993,136.13112969323993,136.13112969323993,0.7226225938647985,isotropic_linear,v6p1i_0120
tim_between_dies,5.147232072165128,5.147232072165128,5.147232072165128,0.7823676522821188,isotropic_log_uniform,v6p1i_0120
silicon_die_upper,140.4349550139159,140.4349550139159,140.4349550139159,0.8086991002783179,isotropic_linear,v6p1i_0120
tim_to_spreader,4.619412155374827,4.619412155374827,4.619412155374827,0.7198191499337554,isotropic_log_uniform,v6p1i_0120
spreader,385.529476525262,385.529476525262,385.529476525262,0.035298435017466545,isotropic_linear,v6p1i_0120
pcb_fr4_equivalent,0.8185942704732825,0.8185942704732825,0.3069728514274809,0.5514844302088022,correlated_log_uniform_axes,v6p1i_0121
bt_substrate_with_vias,0.21349695065469526,0.21349695065469526,0.5230675291040034,0.6463299812749028,correlated_log_uniform_axes,v6p1i_0121
silicon_interposer_tsv_0p1,147.00013484805822,147.00013484805822,151.5001573227346,0.9000044949352741,correlated_linear_axes,v6p1i_0121
bump_underfill_under_interposer,0.7018336666403926,0.7018336666403926,5.7316416108965385,0.8512688977643847,correlated_log_uniform_axes,v6p1i_0121
silicon_die_lower,119.09136143513024,119.09136143513024,119.09136143513024,0.38182722870260477,isotropic_linear,v6p1i_0121
tim_between_dies,1.5935634972378732,1.5935634972378732,1.5935634972378732,0.10452173370867968,isotropic_log_uniform,v6p1i_0121
silicon_die_upper,120.33145776949823,120.33145776949823,120.33145776949823,0.4066291553899646,isotropic_linear,v6p1i_0121
tim_to_spreader,1.7590618812532333,1.7590618812532333,1.7590618812532333,0.16164526250213385,isotropic_log_uniform,v6p1i_0121
spreader,397.81222003512084,397.81222003512084,397.81222003512084,0.8541480023413897,isotropic_linear,v6p1i_0121
pcb_fr4_equivalent,0.9819742049206616,0.9819742049206616,0.368240326845248,0.9592409487813711,correlated_log_uniform_axes,v6p1i_0122
bt_substrate_with_vias,0.18641877648541555,0.18641877648541555,0.4567260023892682,0.3424293762072921,correlated_log_uniform_axes,v6p1i_0122
silicon_interposer_tsv_0p1,121.49572011083364,121.49572011083364,121.74500679597259,0.04985733702778816,correlated_linear_axes,v6p1i_0122
bump_underfill_under_interposer,0.5266237905524911,0.5266237905524911,4.300760956178677,0.20771453902125359,correlated_log_uniform_axes,v6p1i_0122
silicon_die_lower,102.59160818532109,102.59160818532109,102.59160818532109,0.05183216370642185,isotropic_linear,v6p1i_0122
tim_between_dies,2.2676527312524675,2.2676527312524675,2.2676527312524675,0.3084690338000655,isotropic_log_uniform,v6p1i_0122
silicon_die_upper,135.9360327012837,135.9360327012837,135.9360327012837,0.7187206540256739,isotropic_linear,v6p1i_0122
tim_to_spreader,2.5504325561342895,2.5504325561342895,2.5504325561342895,0.37640918605029583,isotropic_log_uniform,v6p1i_0122
spreader,393.30377655569464,393.30377655569464,393.30377655569464,0.553585103712976,isotropic_linear,v6p1i_0122
pcb_fr4_equivalent,0.6525335854782662,0.6525335854782662,0.24470009455434982,0.04345730226486921,correlated_log_uniform_axes,v6p1i_0123
bt_substrate_with_vias,0.23284381990196318,0.23284381990196318,0.5704673587598099,0.8407012224197388,correlated_log_uniform_axes,v6p1i_0123
silicon_interposer_tsv_0p1,138.55326544493437,138.55326544493437,141.64547635242343,0.6184421814978123,correlated_linear_axes,v6p1i_0123
bump_underfill_under_interposer,0.6137463360397845,0.6137463360397845,5.012261744324906,0.5507566854357719,correlated_log_uniform_axes,v6p1i_0123
silicon_die_lower,141.41119071282446,141.41119071282446,141.41119071282446,0.8282238142564893,isotropic_linear,v6p1i_0123
tim_between_dies,3.8289164614486033,3.8289164614486033,3.8289164614486033,0.6113130562007427,isotropic_log_uniform,v6p1i_0123
silicon_die_upper,103.29603543505073,103.29603543505073,103.29603543505073,0.06592070870101452,isotropic_linear,v6p1i_0123
tim_to_spreader,6.799311098252806,6.799311098252806,6.799311098252806,0.9432963188737631,isotropic_log_uniform,v6p1i_0123
spreader,390.51327720750123,390.51327720750123,390.51327720750123,0.3675518138334155,isotropic_linear,v6p1i_0123
pcb_fr4_equivalent,0.6948575388963973,0.6948575388963973,0.260571577086149,0.18427301105111837,correlated_log_uniform_axes,v6p1i_0124
bt_substrate_with_vias,0.19277295150034107,0.19277295150034107,0.4722937311758356,0.41753226332366467,correlated_log_uniform_axes,v6p1i_0124
silicon_interposer_tsv_0p1,145.6445755250752,145.6445755250752,149.91867144592106,0.8548191841691732,correlated_linear_axes,v6p1i_0124
bump_underfill_under_interposer,0.6666814187336766,0.6666814187336766,5.444564919658358,0.7361319493502378,correlated_log_uniform_axes,v6p1i_0124
silicon_die_lower,147.77159001678228,147.77159001678228,147.77159001678228,0.9554318003356457,isotropic_linear,v6p1i_0124
tim_between_dies,7.1299979736235235,7.1299979736235235,7.1299979736235235,0.9707513637840748,isotropic_log_uniform,v6p1i_0124
silicon_die_upper,129.15541287511587,129.15541287511587,129.15541287511587,0.5831082575023174,isotropic_linear,v6p1i_0124
tim_to_spreader,2.230066917585163,2.230066917585163,2.230066917585163,0.29880641493946314,isotropic_log_uniform,v6p1i_0124
spreader,394.9154449440539,394.9154449440539,394.9154449440539,0.6610296629369259,isotropic_linear,v6p1i_0124
pcb_fr4_equivalent,0.922312602213356,0.922312602213356,0.34586722583000845,0.8187913913279772,correlated_log_uniform_axes,v6p1i_0125
bt_substrate_with_vias,0.24078042819868353,0.24078042819868353,0.5899120490867746,0.915804230608046,correlated_log_uniform_axes,v6p1i_0125
silicon_interposer_tsv_0p1,128.4686982817948,128.4686982817948,129.88014799542725,0.2822899427264929,correlated_linear_axes,v6p1i_0125
bump_underfill_under_interposer,0.48473505135591377,0.48473505135591377,3.958669586073295,0.021995598450303078,correlated_log_uniform_axes,v6p1i_0125
silicon_die_lower,108.9519829954952,108.9519829954952,108.9519829954952,0.179039659909904,isotropic_linear,v6p1i_0125
tim_between_dies,1.7669906476883361,1.7669906476883361,1.7669906476883361,0.16424524690955877,isotropic_log_uniform,v6p1i_0125
silicon_die_upper,109.83327440917492,109.83327440917492,109.83327440917492,0.19666548818349838,isotropic_linear,v6p1i_0125
tim_to_spreader,5.9344169908812185,5.9344169908812185,5.9344169908812185,0.8646407062187791,isotropic_log_uniform,v6p1i_0125
spreader,392.18348279595375,392.18348279595375,392.18348279595375,0.4788988530635834,isotropic_linear,v6p1i_0125
pcb_fr4_equivalent,0.8594760152458968,0.8594760152458968,0.3223035057172113,0.6606839876621962,correlated_log_uniform_axes,v6p1i_0126
bt_substrate_with_vias,0.16703494003145158,0.16703494003145158,0.4092356030770564,0.09641595464199781,correlated_log_uniform_axes,v6p1i_0126
silicon_interposer_tsv_0p1,139.08778281882405,139.08778281882405,142.26907995529473,0.6362594272941351,correlated_linear_axes,v6p1i_0126
bump_underfill_under_interposer,0.7210014874246552,0.7210014874246552,5.888178813968017,0.9116443069651723,correlated_log_uniform_axes,v6p1i_0126
silicon_die_lower,112.73057907819748,112.73057907819748,112.73057907819748,0.2546115815639496,isotropic_linear,v6p1i_0126
tim_between_dies,3.1210138819943296,3.1210138819943296,3.1210138819943296,0.4931300776079297,isotropic_log_uniform,v6p1i_0126
silicon_die_upper,146.43431273289025,146.43431273289025,146.43431273289025,0.928686254657805,isotropic_linear,v6p1i_0126
tim_to_spreader,3.6249386297495527,3.6249386297495527,3.6249386297495527,0.5796637907624245,isotropic_log_uniform,v6p1i_0126
spreader,387.66777231823653,387.66777231823653,387.66777231823653,0.17785148788243532,isotropic_linear,v6p1i_0126
pcb_fr4_equivalent,0.7455573379891625,0.7455573379891625,0.2795840017459359,0.3420754624530673,correlated_log_uniform_axes,v6p1i_0127
bt_substrate_with_vias,0.20863626256816237,0.20863626256816237,0.5111588432919979,0.5947260148823261,correlated_log_uniform_axes,v6p1i_0127
silicon_interposer_tsv_0p1,125.67657815292478,125.67657815292478,126.62267451174557,0.1892192717641592,correlated_linear_axes,v6p1i_0127
bump_underfill_under_interposer,0.5525095174382008,0.5525095174382008,4.512161059078639,0.31523329857736826,correlated_log_uniform_axes,v6p1i_0127
silicon_die_lower,129.7703720163554,129.7703720163554,129.7703720163554,0.5954074403271079,isotropic_linear,v6p1i_0127
tim_between_dies,4.272147991803275,4.272147991803275,4.272147991803275,0.67463812045753,isotropic_log_uniform,v6p1i_0127
silicon_die_upper,114.57548053003848,114.57548053003848,114.57548053003848,0.2915096106007695,isotropic_linear,v6p1i_0127
tim_to_spreader,1.378147927852143,1.378147927852143,1.378147927852143,0.020559102296829224,isotropic_log_uniform,v6p1i_0127
spreader,399.89186418708414,399.89186418708414,399.89186418708414,0.9927909458056092,isotropic_linear,v6p1i_0127
