sample_id,split_role,family,block_index,layer,k_x_W_mK,k_y_W_mK,k_z_W_mK,control_volume_count,source_power_W,power_fraction,source_volume_m3,surface_power_density_W_cm2,q_W_m3
v6p1i6_0000,train,k,0,silicon_die_lower,75.62191845736264,75.62191845736264,75.62191845736264,504,,,,,
v6p1i6_0000,train,k,1,silicon_die_lower,267.11578207078446,267.11578207078446,267.11578207078446,968,,,,,
v6p1i6_0000,train,k,2,silicon_die_lower,41.0283129539346,41.0283129539346,41.0283129539346,384,,,,,
v6p1i6_0000,train,k,3,silicon_die_lower,325.9164026238168,325.9164026238168,325.9164026238168,432,,,,,
v6p1i6_0000,train,k,4,silicon_die_upper,57.495746457523424,57.495746457523424,57.495746457523424,512,,,,,
v6p1i6_0000,train,q,0,silicon_die_lower,,,,504,1.2151577865638032,0.137879280252327,2.3071289062500001e-10,83.77676185170856,5266969623.032104
v6p1i6_0000,train,q,1,silicon_die_lower,,,,576,2.363027176298646,0.2681236049238276,2.6367187499999985e-10,130.28883739261744,8961999364.925241
v6p1i6_0000,train,q,2,silicon_die_lower,,,,576,1.4641111803186502,0.16612706430706892,2.636718749999999e-10,92.30733121736475,5552777217.208512
v6p1i6_0000,train,q,3,silicon_die_lower,,,,392,0.9357547179879471,0.10617648871241708,1.79443359375e-10,71.49868363124162,5214763707.317866
v6p1i6_0000,train,q,4,silicon_die_upper,,,,504,1.653297366883422,0.18759329324100465,2.2590637207031226e-10,110.8352162123,7318507006.826887
v6p1i6_0000,train,q,5,silicon_die_upper,,,,392,1.1818525976263021,0.13410026856335464,1.757049560546873e-10,98.1422394257618,6726347532.612889
v6p1i6_0001,train,k,0,silicon_die_upper,238.92957956456152,238.92957956456152,238.92957956456152,704,,,,,
v6p1i6_0001,train,k,1,silicon_die_lower,44.16965125638529,44.16965125638529,44.16965125638529,336,,,,,
v6p1i6_0001,train,q,0,silicon_die_upper,,,,432,0.6754091809725113,0.11908254025646674,1.9363403320312483e-10,60.43311284170776,3488070613.4132814
v6p1i6_0001,train,q,1,silicon_die_lower,,,,336,0.4894659623364857,0.08629857545048239,1.5380859375000003e-10,45.25307626502987,3182305685.2861032
v6p1i6_0001,train,q,2,silicon_die_lower,,,,336,0.7398929838793293,0.1304517891086729,1.5380859374999995e-10,73.72501803519586,4810478828.523387
v6p1i6_0001,train,q,3,silicon_die_lower,,,,504,0.8214435726886208,0.14483011198079898,2.307128906249999e-10,56.01729796540687,3560458067.4418964
v6p1i6_0001,train,q,4,silicon_die_lower,,,,384,0.5277896177806317,0.09305548425594355,1.7578124999999976e-10,49.1483001864327,3002536492.2631536
v6p1i6_0001,train,q,5,silicon_die_lower,,,,320,0.7338240136905674,0.12938175866316143,1.4648437500000015e-10,62.6645444756266,5009571933.460935
v6p1i6_0001,train,q,6,silicon_die_lower,,,,280,0.5994902081897888,0.10569713717442586,1.2817382812500001e-10,66.26707824342374,4677165509.99119
v6p1i6_0001,train,q,7,silicon_die_lower,,,,448,1.084457833098307,0.19120260311004822,2.0507812499999985e-10,88.99505269303829,5288022957.584129
v6p1i6_0002,train,k,0,silicon_die_lower,288.6816162015045,288.6816162015045,288.6816162015045,576,,,,,
v6p1i6_0002,train,k,1,silicon_die_upper,265.9894566386655,265.9894566386655,265.9894566386655,880,,,,,
v6p1i6_0002,train,k,2,silicon_die_upper,102.28035877631606,102.28035877631606,102.28035877631606,392,,,,,
v6p1i6_0002,train,q,0,silicon_die_lower,,,,280,0.7854052509564552,0.13776903307664498,1.28173828125e-10,89.67475403402314,6127656967.4621725
v6p1i6_0002,train,q,1,silicon_die_lower,,,,320,1.5988957136486648,0.2804645324073362,1.4648437499999986e-10,153.04579295924952,10915128071.841562
v6p1i6_0002,train,q,2,silicon_die_upper,,,,384,0.9970669599591361,0.17489690935852417,1.7211914062499988e-10,82.2938717007705,5792888323.393793
v6p1i6_0002,train,q,3,silicon_die_lower,,,,512,2.3195158910281135,0.4068695251574946,2.343749999999999e-10,146.4245828712684,9896601135.05329
v6p1i6_0003,train,k,0,silicon_die_upper,86.81706184060317,86.81706184060317,86.81706184060317,880,,,,,
v6p1i6_0003,train,k,1,silicon_die_upper,34.93339182332399,34.93339182332399,34.93339182332399,880,,,,,
v6p1i6_0003,train,k,2,silicon_die_lower,31.03628714713984,31.03628714713984,31.03628714713984,384,,,,,
v6p1i6_0003,train,q,0,silicon_die_upper,,,,448,0.38684441934087044,0.12544898058796422,2.0080566406249984e-10,29.392906455600727,1926461691.939461
v6p1i6_0003,train,q,1,silicon_die_upper,,,,320,0.24150102326922435,0.07831586980547561,1.4343261718749982e-10,23.98080881759292,1683724580.9544582
v6p1i6_0003,train,q,2,silicon_die_upper,,,,432,0.2729339045214488,0.08850917417510512,1.9363403320312493e-10,24.390888924435448,1409534780.6712115
v6p1i6_0003,train,q,3,silicon_die_upper,,,,240,0.21005392958994218,0.06811795651712597,1.0757446289062485e-10,24.303843834106463,1952637493.5612013
v6p1i6_0003,train,q,4,silicon_die_lower,,,,336,0.37475224847745314,0.12152763538542553,1.5380859374999992e-10,37.96043279354895,2436484459.9423
v6p1i6_0003,train,q,5,silicon_die_lower,,,,392,0.27874084536525046,0.09039229507014286,1.7944335937499996e-10,23.01734560358257,1553363949.1375048
v6p1i6_0003,train,q,6,silicon_die_lower,,,,504,0.4541697176509724,0.14728176301551874,2.3071289062499983e-10,31.412471738724207,1968549379.3633697
v6p1i6_0003,train,q,7,silicon_die_lower,,,,336,0.23973559262503463,0.077743361935284,1.5380859374999997e-10,26.095079828146048,1558661884.7494318
v6p1i6_0003,train,q,8,silicon_die_upper,,,,384,0.33288359485460267,0.10795013587146979,1.721191406249998e-10,32.096669781922294,1934030077.3396513
v6p1i6_0003,train,q,9,silicon_die_lower,,,,288,0.29206398202238093,0.09471282763648813,1.3183593749999972e-10,33.70072527150924,2215359389.562361
v6p1i6_0004,test_iid,k,0,silicon_die_upper,62.948649922678676,62.948649922678676,62.948649922678676,560,,,,,
v6p1i6_0004,test_iid,k,1,silicon_die_upper,243.0053678616331,243.0053678616331,243.0053678616331,240,,,,,
v6p1i6_0004,test_iid,k,2,silicon_die_upper,39.5821249181088,39.5821249181088,39.5821249181088,640,,,,,
v6p1i6_0004,test_iid,k,3,silicon_die_upper,91.92182779726487,91.92182779726487,91.92182779726487,384,,,,,
v6p1i6_0004,test_iid,k,4,silicon_die_lower,119.78080562373519,119.78080562373519,119.78080562373519,560,,,,,
v6p1i6_0004,test_iid,k,5,silicon_die_lower,289.7640829589342,289.7640829589342,289.7640829589342,576,,,,,
v6p1i6_0004,test_iid,k,6,silicon_die_upper,127.43228788157607,127.43228788157607,127.43228788157607,528,,,,,
v6p1i6_0004,test_iid,q,0,silicon_die_upper,,,,512,0.6620725148661388,0.13873077785960145,2.294921874999999e-10,47.174257947390004,2884945766.90607
v6p1i6_0004,test_iid,q,1,silicon_die_lower,,,,448,0.7454257142507572,0.1561966202379889,2.05078125e-10,53.141533328988,3634837768.5370255
v6p1i6_0004,test_iid,q,2,silicon_die_upper,,,,504,0.8837368562564085,0.18517835847095773,2.2590637207031252e-10,60.6101474931006,3911960730.2681518
v6p1i6_0004,test_iid,q,3,silicon_die_lower,,,,384,0.6858132869459588,0.1437054229379987,1.7578124999999997e-10,64.16928254733527,3901515587.959233
v6p1i6_0004,test_iid,q,4,silicon_die_upper,,,,512,0.8447078973272125,0.17700022433954385,2.294921874999998e-10,54.394240308227054,3680769731.3321977
v6p1i6_0004,test_iid,q,5,silicon_die_upper,,,,448,0.4577084304049273,0.09590829577906768,2.0080566406249984e-10,38.35750834621867,2279360159.1958466
v6p1i6_0004,test_iid,q,6,silicon_die_lower,,,,240,0.4928902530518697,0.10328030037484172,1.0986328125000002e-10,55.756747595809436,4486396614.445462
v6p1i6_0005,test_iid,k,0,silicon_die_upper,357.55370055539885,357.55370055539885,357.55370055539885,880,,,,,
v6p1i6_0005,test_iid,k,1,silicon_die_lower,22.064496651299525,22.064496651299525,22.064496651299525,968,,,,,
v6p1i6_0005,test_iid,k,2,silicon_die_lower,23.375008135888134,23.375008135888134,23.375008135888134,288,,,,,
v6p1i6_0005,test_iid,k,3,silicon_die_upper,56.53755683780948,56.53755683780948,56.53755683780948,504,,,,,
v6p1i6_0005,test_iid,k,4,silicon_die_upper,110.00369879190181,110.00369879190181,110.00369879190181,704,,,,,
v6p1i6_0005,test_iid,k,5,silicon_die_upper,200.7669945380075,200.7669945380075,200.7669945380075,480,,,,,
v6p1i6_0005,test_iid,k,6,silicon_die_lower,33.12945986844317,33.12945986844317,33.12945986844317,576,,,,,
v6p1i6_0005,test_iid,k,7,silicon_die_lower,50.35185217420477,50.35185217420477,50.35185217420477,880,,,,,
v6p1i6_0005,test_iid,q,0,silicon_die_lower,,,,336,2.0900941361192276,0.236405277258167,1.5380859374999997e-10,236.0999760202888,13588929494.514853
v6p1i6_0005,test_iid,q,1,silicon_die_upper,,,,336,1.579454732658737,0.178648141984746,1.5060424804687488e-10,154.54990220806823,10487451404.206997
v6p1i6_0005,test_iid,q,2,silicon_die_lower,,,,280,1.2974154811675265,0.1467473934518282,1.2817382812500001e-10,126.7211008028349,10122312020.689882
v6p1i6_0005,test_iid,q,3,silicon_die_upper,,,,432,2.2717071999178473,0.2569470729405069,1.9363403320312475e-10,171.18979909835204,11731962415.588356
v6p1i6_0005,test_iid,q,4,silicon_die_lower,,,,336,1.6024768388705342,0.18125211436475194,1.5380859374999995e-10,148.81580333698685,10418643066.688429
v6p1i6_0006,train,k,0,silicon_die_upper,28.933198343571465,28.933198343571465,28.933198343571465,704,,,,,
v6p1i6_0006,train,k,1,silicon_die_upper,176.06169548356763,176.06169548356763,176.06169548356763,504,,,,,
v6p1i6_0006,train,k,2,silicon_die_upper,230.14260742634983,230.14260742634983,230.14260742634983,480,,,,,
v6p1i6_0006,train,k,3,silicon_die_lower,237.82080292346154,237.82080292346154,237.82080292346154,792,,,,,
v6p1i6_0006,train,q,0,silicon_die_upper,,,,432,1.5298074721581756,0.1098707909007933,1.9363403320312477e-10,125.9188275755038,7900509258.893484
v6p1i6_0006,train,q,1,silicon_die_lower,,,,432,1.4318224200537846,0.10283350328970771,1.9775390625000002e-10,119.36082099154889,7240425472.271976
v6p1i6_0006,train,q,2,silicon_die_lower,,,,512,1.4796298245166806,0.10626703164856867,2.3437499999999993e-10,95.60445005154352,6313087251.271173
v6p1i6_0006,train,q,3,silicon_die_lower,,,,336,1.619754989199816,0.11633082264778544,1.5380859375000013e-10,135.91838565259766,10530978469.464191
v6p1i6_0006,train,q,4,silicon_die_lower,,,,384,1.3608132128242396,0.09773362117935169,1.7578125e-10,133.03325846088467,7741515166.289008
v6p1i6_0006,train,q,5,silicon_die_upper,,,,512,2.4713280463157683,0.1774908097690028,2.2949218749999966e-10,157.4301938385701,10768680508.20149
v6p1i6_0006,train,q,6,silicon_die_upper,,,,200,1.211125101579781,0.08698301924401607,8.964538574218739e-11,174.59599928987294,13510177813.980022
v6p1i6_0006,train,q,7,silicon_die_lower,,,,392,1.3289017302400858,0.09544173811945818,1.79443359375e-10,118.00008066204597,7405689098.045431
v6p1i6_0006,train,q,8,silicon_die_lower,,,,336,1.4905130245015372,0.10704866320131616,1.5380859374999995e-10,145.16499966034755,9690700552.94968
v6p1i6_0007,train,k,0,silicon_die_upper,38.69389443862388,38.69389443862388,38.69389443862388,616,,,,,
v6p1i6_0007,train,k,1,silicon_die_lower,253.70479202741728,253.70479202741728,253.70479202741728,640,,,,,
v6p1i6_0007,train,k,2,silicon_die_lower,106.12879937303762,106.12879937303762,106.12879937303762,392,,,,,
v6p1i6_0007,train,k,3,silicon_die_lower,92.77382765066979,92.77382765066979,92.77382765066979,800,,,,,
v6p1i6_0007,train,k,4,silicon_die_lower,207.0173298388726,207.0173298388726,207.0173298388726,480,,,,,
v6p1i6_0007,train,q,0,silicon_die_lower,,,,432,1.3650280323948394,0.407963471947823,1.977539062499998e-10,108.04460020396603,6902660272.455886
v6p1i6_0007,train,q,1,silicon_die_upper,,,,384,0.9738288707724996,0.2910464823981433,1.72119140625e-10,84.64384069391086,5657876673.310863
v6p1i6_0007,train,q,2,silicon_die_upper,,,,280,1.007099600922374,0.30099004565403387,1.2550354003906242e-10,120.3273984487892,8024471665.1730995
v6p1i6_0008,train,k,0,silicon_die_upper,26.868185331741344,26.868185331741344,26.868185331741344,560,,,,,
v6p1i6_0008,train,k,1,silicon_die_upper,30.58762476211926,30.58762476211926,30.58762476211926,616,,,,,
v6p1i6_0008,train,k,2,silicon_die_lower,249.09094177722932,249.09094177722932,249.09094177722932,720,,,,,
v6p1i6_0008,train,k,3,silicon_die_upper,279.37859531553045,279.37859531553045,279.37859531553045,480,,,,,
v6p1i6_0008,train,k,4,silicon_die_lower,119.28038929024758,119.28038929024758,119.28038929024758,560,,,,,
v6p1i6_0008,train,k,5,silicon_die_lower,37.88440434246994,37.88440434246994,37.88440434246994,1056,,,,,
v6p1i6_0008,train,k,6,silicon_die_lower,108.1366398588275,108.1366398588275,108.1366398588275,616,,,,,
v6p1i6_0008,train,k,7,silicon_die_upper,25.718783657358845,25.718783657358845,25.718783657358845,648,,,,,
v6p1i6_0008,train,q,0,silicon_die_upper,,,,392,0.6635761269199631,0.11598174947359709,1.7570495605468738e-10,56.49592703126521,3776650026.3853006
v6p1i6_0008,train,q,1,silicon_die_lower,,,,448,0.9020955977153297,0.15767087056173387,2.0507812499999995e-10,63.964410826314506,4398789962.192846
v6p1i6_0008,train,q,2,silicon_die_lower,,,,392,0.5421268268265126,0.09475449049644999,1.7944335937499988e-10,44.05296219893031,3021158479.8386354
v6p1i6_0008,train,q,3,silicon_die_lower,,,,384,0.44450345033172606,0.07769159516906785,1.7578124999999997e-10,39.32840460560325,2528730739.664931
v6p1i6_0008,train,q,4,silicon_die_lower,,,,448,0.8718527401546237,0.15238493668516065,2.0507812499999987e-10,66.59735885863931,4251320028.1825485
v6p1i6_0008,train,q,5,silicon_die_upper,,,,336,0.46158915631146447,0.08067788414199917,1.5060424804687488e-10,44.37612323529977,3064914584.4000163
v6p1i6_0008,train,q,6,silicon_die_upper,,,,360,0.4359252738941496,0.07619227674852541,1.6136169433593729e-10,37.637418693546635,2701541252.948182
v6p1i6_0008,train,q,7,silicon_die_lower,,,,512,0.8080485404438308,0.14123305462368754,2.34375e-10,51.38011416736852,3447673772.560345
v6p1i6_0008,train,q,8,silicon_die_upper,,,,360,0.591666297660189,0.10341314209977845,1.613616943359374e-10,52.569616303393445,3666708509.0740585
v6p1i6_0009,test_iid,k,0,silicon_die_upper,28.94617544447093,28.94617544447093,28.94617544447093,336,,,,,
v6p1i6_0009,test_iid,k,1,silicon_die_upper,124.65904003602185,124.65904003602185,124.65904003602185,720,,,,,
v6p1i6_0009,test_iid,k,2,silicon_die_lower,48.521628454842926,48.521628454842926,48.521628454842926,576,,,,,
v6p1i6_0009,test_iid,k,3,silicon_die_upper,266.05327674071236,266.05327674071236,266.05327674071236,504,,,,,
v6p1i6_0009,test_iid,k,4,silicon_die_upper,111.07125425200394,111.07125425200394,111.07125425200394,336,,,,,
v6p1i6_0009,test_iid,k,5,silicon_die_lower,128.76213933565373,128.76213933565373,128.76213933565373,528,,,,,
v6p1i6_0009,test_iid,k,6,silicon_die_upper,264.76873169182284,264.76873169182284,264.76873169182284,528,,,,,
v6p1i6_0009,test_iid,k,7,silicon_die_lower,38.44116300880441,38.44116300880441,38.44116300880441,480,,,,,
v6p1i6_0009,test_iid,q,0,silicon_die_lower,,,,280,1.5414549534416775,0.20933951658296168,1.28173828125e-10,173.70947352325737,12026284741.518309
v6p1i6_0009,test_iid,q,1,silicon_die_upper,,,,384,3.276937137567285,0.44502918150118026,1.721191406249998e-10,259.72142027253955,19038772362.37676
v6p1i6_0009,test_iid,q,2,silicon_die_upper,,,,384,2.545028722236279,0.34563130191585806,1.7211914062499983e-10,199.0738373975248,14786436377.701859
v6p1i6_0010,train,k,0,silicon_die_upper,293.41430464309735,293.41430464309735,293.41430464309735,512,,,,,
v6p1i6_0010,train,k,1,silicon_die_upper,37.91480194701153,37.91480194701153,37.91480194701153,504,,,,,
v6p1i6_0010,train,k,2,silicon_die_upper,72.41513957964374,72.41513957964374,72.41513957964374,448,,,,,
v6p1i6_0010,train,k,3,silicon_die_lower,138.7300832977141,138.7300832977141,138.7300832977141,792,,,,,
v6p1i6_0010,train,k,4,silicon_die_lower,23.132435706190865,23.132435706190865,23.132435706190865,432,,,,,
v6p1i6_0010,train,k,5,silicon_die_upper,195.42152315825376,195.42152315825376,195.42152315825376,880,,,,,
v6p1i6_0010,train,q,0,silicon_die_upper,,,,648,1.0255719812136295,0.21177415125021692,2.9045104980468734e-10,55.337550952715475,3530963244.5924063
v6p1i6_0010,train,q,1,silicon_die_lower,,,,448,0.8675445116160642,0.1791424746236372,2.05078125e-10,66.95011546087012,4230312285.21357
v6p1i6_0010,train,q,2,silicon_die_upper,,,,288,0.3643026018583507,0.0752261915497157,1.2908935546874988e-10,52.71456958334964,2822096372.977411
v6p1i6_0010,train,q,3,silicon_die_lower,,,,504,0.8402255677834687,0.17350128487861907,2.3071289062499978e-10,60.021578445456235,3641866587.9799905
v6p1i6_0010,train,q,4,silicon_die_upper,,,,360,0.6963002526256376,0.14378161427597547,1.613616943359374e-10,56.150430169523474,4315152090.408872
v6p1i6_0010,train,q,5,silicon_die_upper,,,,392,0.47654297588991695,0.09840312147950339,1.7570495605468725e-10,39.437661288158694,2712177200.8616276
v6p1i6_0010,train,q,6,silicon_die_upper,,,,320,0.5722749068290273,0.11817116194233214,1.4343261718749982e-10,54.70767484870919,3989851946.1645937
v6p1i6_0011,train,k,0,silicon_die_lower,65.05628122165739,65.05628122165739,65.05628122165739,480,,,,,
v6p1i6_0011,train,k,1,silicon_die_upper,27.585255773208868,27.585255773208868,27.585255773208868,336,,,,,
v6p1i6_0011,train,q,0,silicon_die_lower,,,,336,1.428859794341033,0.21228036895723182,1.5380859374999997e-10,154.46888429473307,9289856694.636305
v6p1i6_0011,train,q,1,silicon_die_lower,,,,240,1.3626568979192266,0.2024448516208792,1.0986328124999996e-10,165.42634528979596,12403205897.504787
v6p1i6_0011,train,q,2,silicon_die_lower,,,,576,1.5833557002898904,0.23523324932176778,2.6367187500000006e-10,89.79699168001707,6005023100.358694
v6p1i6_0011,train,q,3,silicon_die_lower,,,,432,1.1833781798919392,0.17581008132379516,1.9775390624999992e-10,96.37101022438166,5984095092.391833
v6p1i6_0011,train,q,4,silicon_die_upper,,,,432,1.1727523995232827,0.174231448776326,1.9363403320312493e-10,98.18708773326352,6056540682.045539
v6p1i6_0012,train,k,0,silicon_die_upper,61.49131092085348,61.49131092085348,61.49131092085348,768,,,,,
v6p1i6_0012,train,k,1,silicon_die_upper,354.7808356063892,354.7808356063892,354.7808356063892,560,,,,,
v6p1i6_0012,train,k,2,silicon_die_upper,79.00171788654785,79.00171788654785,79.00171788654785,720,,,,,
v6p1i6_0012,train,k,3,silicon_die_upper,217.51004752374567,217.51004752374567,217.51004752374567,792,,,,,
v6p1i6_0012,train,k,4,silicon_die_lower,349.7499016101555,349.7499016101555,349.7499016101555,640,,,,,
v6p1i6_0012,train,q,0,silicon_die_lower,,,,336,0.5967349602638486,0.21054558783416183,1.5380859374999987e-10,68.86547585257328,3879724440.064645
v6p1i6_0012,train,q,1,silicon_die_lower,,,,448,1.0197471953846209,0.3597967053908841,2.0507812499999995e-10,83.15668315952891,4972481562.256438
v6p1i6_0012,train,q,2,silicon_die_upper,,,,336,0.6381929684050353,0.22517318848732307,1.5060424804687488e-10,73.43971964232937,4237549582.3092628
v6p1i6_0012,train,q,3,silicon_die_lower,,,,200,0.5795564853681678,0.20448451828763098,9.155273437499994e-11,84.1294756989168,6330302304.181379
v6p1i6_0013,train,k,0,silicon_die_upper,59.2526719427305,59.2526719427305,59.2526719427305,504,,,,,
v6p1i6_0013,train,k,1,silicon_die_upper,32.65798065411815,32.65798065411815,32.65798065411815,560,,,,,
v6p1i6_0013,train,k,2,silicon_die_lower,44.163835656802945,44.163835656802945,44.163835656802945,504,,,,,
v6p1i6_0013,train,k,3,silicon_die_upper,318.56040231143083,318.56040231143083,318.56040231143083,576,,,,,
v6p1i6_0013,train,k,4,silicon_die_upper,139.59857784852235,139.59857784852235,139.59857784852235,504,,,,,
v6p1i6_0013,train,k,5,silicon_die_upper,152.7754881143976,152.7754881143976,152.7754881143976,720,,,,,
v6p1i6_0013,train,k,6,silicon_die_upper,87.13473148000382,87.13473148000382,87.13473148000382,504,,,,,
v6p1i6_0013,train,q,0,silicon_die_upper,,,,512,1.015024758313389,0.0977960882585506,2.2949218749999987e-10,61.35669122937969,4422916393.671961
v6p1i6_0013,train,q,1,silicon_die_upper,,,,432,0.6880588368959067,0.06629342012500167,1.9363403320312488e-10,58.891072786032645,3553398261.2143555
v6p1i6_0013,train,q,2,silicon_die_upper,,,,504,1.4629441659594264,0.14095244042049943,2.2590637207031231e-10,92.15906166126801,6475887123.290581
v6p1i6_0013,train,q,3,silicon_die_upper,,,,504,1.3039438827337868,0.12563300549626455,2.2590637207031231e-10,86.64772377832756,5772054461.252382
v6p1i6_0013,train,q,4,silicon_die_upper,,,,512,0.947538204207744,0.09129386164040602,2.294921874999998e-10,59.64093018536591,4128847323.8669395
v6p1i6_0013,train,q,5,silicon_die_upper,,,,288,0.7789344333951135,0.07504914532578628,1.2908935546875006e-10,89.3428837912154,6034071752.598361
v6p1i6_0013,train,q,6,silicon_die_upper,,,,432,1.1994917831007845,0.11556920491323863,1.9363403320312488e-10,93.08557568956704,6194633057.312298
v6p1i6_0013,train,q,7,silicon_die_upper,,,,336,0.888664750083586,0.08562149407650643,1.5060424804687495e-10,97.63240393406275,5900661910.99067
v6p1i6_0013,train,q,8,silicon_die_upper,,,,448,0.9671846140593751,0.09318676328253576,2.0080566406249976e-10,80.70802319921648,4816520582.598426
v6p1i6_0013,train,q,9,silicon_die_lower,,,,576,1.1272059643411145,0.10860457646121063,2.6367187499999996e-10,66.4467488302537,4275032990.6863017
v6p1i6_0014,test_iid,k,0,silicon_die_lower,64.91397349149736,64.91397349149736,64.91397349149736,528,,,,,
v6p1i6_0014,test_iid,k,1,silicon_die_lower,41.976005995821936,41.976005995821936,41.976005995821936,880,,,,,
v6p1i6_0014,test_iid,k,2,silicon_die_upper,175.4792047892261,175.4792047892261,175.4792047892261,432,,,,,
v6p1i6_0014,test_iid,k,3,silicon_die_lower,163.14956834835363,163.14956834835363,163.14956834835363,336,,,,,
v6p1i6_0014,test_iid,k,4,silicon_die_lower,327.2877109347412,327.2877109347412,327.2877109347412,616,,,,,
v6p1i6_0014,test_iid,q,0,silicon_die_lower,,,,384,1.4773284936301698,0.1442289539420828,1.7578125e-10,130.28175036229126,8404357652.651633
v6p1i6_0014,test_iid,q,1,silicon_die_lower,,,,576,2.855751392689413,0.27880193055380786,2.636718749999999e-10,183.53606939803535,10830701578.199852
v6p1i6_0014,test_iid,q,2,silicon_die_lower,,,,432,1.9845643298849707,0.1937494867013201,1.977539062499997e-10,161.84390155909176,10035525302.726978
v6p1i6_0014,test_iid,q,3,silicon_die_upper,,,,336,1.6071151542063729,0.1568997948357994,1.5060424804687488e-10,143.72851313436757,10671114361.303844
v6p1i6_0014,test_iid,q,4,silicon_die_lower,,,,240,1.24617999388531,0.12166233692546906,1.098632812499999e-10,153.6310272708717,11343007233.231632
v6p1i6_0014,test_iid,q,5,silicon_die_lower,,,,288,1.0720004425293208,0.10465749704152075,1.3183593750000003e-10,149.56260903057685,8131321875.185365
v6p1i6_0015,train,k,0,silicon_die_upper,83.90041447029209,83.90041447029209,83.90041447029209,576,,,,,
v6p1i6_0015,train,k,1,silicon_die_upper,172.3606090135761,172.3606090135761,172.3606090135761,384,,,,,
v6p1i6_0015,train,k,2,silicon_die_lower,42.75962848531767,42.75962848531767,42.75962848531767,704,,,,,
v6p1i6_0015,train,k,3,silicon_die_lower,46.89906471072732,46.89906471072732,46.89906471072732,504,,,,,
v6p1i6_0015,train,k,4,silicon_die_upper,45.81706053341045,45.81706053341045,45.81706053341045,288,,,,,
v6p1i6_0015,train,k,5,silicon_die_lower,26.91863186675387,26.91863186675387,26.91863186675387,704,,,,,
v6p1i6_0015,train,k,6,silicon_die_upper,228.34938223252405,228.34938223252405,228.34938223252405,880,,,,,
v6p1i6_0015,train,k,7,silicon_die_upper,22.484573833195004,22.484573833195004,22.484573833195004,968,,,,,
v6p1i6_0015,train,q,0,silicon_die_lower,,,,384,0.5239008910259935,0.08507548172264577,1.7578124999999992e-10,44.318750961965186,2980413957.8367643
v6p1i6_0015,train,q,1,silicon_die_upper,,,,280,0.49494351738579445,0.0803731371493468,1.2550354003906253e-10,54.62800993184758,3943661806.1271024
v6p1i6_0015,train,q,2,silicon_die_upper,,,,384,0.4699235846842609,0.0763101877180477,1.7211914062499988e-10,46.85952325747801,2730222699.1017504
v6p1i6_0015,train,q,3,silicon_die_upper,,,,448,0.6649160047591285,0.10797471502519976,2.0080566406249989e-10,44.270206662682824,3311241283.2746406
v6p1i6_0015,train,q,4,silicon_die_upper,,,,576,1.3662862874254988,0.22186918568917344,2.581787109374999e-10,84.25533294572539,5292017620.13697
v6p1i6_0015,train,q,5,silicon_die_lower,,,,336,0.767517522156027,0.1246360219012411,1.5380859374999997e-10,85.92124835818801,4990082175.795376
v6p1i6_0015,train,q,6,silicon_die_lower,,,,512,0.9540709957564217,0.15493016131853599,2.3437500000000013e-10,58.82807924719389,4070702915.227397
v6p1i6_0015,train,q,7,silicon_die_upper,,,,336,0.9165125990230926,0.14883110947580933,1.5060424804687488e-10,88.80677623646268,6085569370.777857
v6p1i6_0016,train,k,0,silicon_die_lower,129.37180118047323,129.37180118047323,129.37180118047323,528,,,,,
v6p1i6_0016,train,k,1,silicon_die_upper,312.8650706641081,312.8650706641081,312.8650706641081,448,,,,,
v6p1i6_0016,train,k,2,silicon_die_lower,58.309593391146464,58.309593391146464,58.309593391146464,704,,,,,
v6p1i6_0016,train,k,3,silicon_die_upper,289.81487036307584,289.81487036307584,289.81487036307584,448,,,,,
v6p1i6_0016,train,k,4,silicon_die_upper,37.65159432948323,37.65159432948323,37.65159432948323,504,,,,,
v6p1i6_0016,train,q,0,silicon_die_lower,,,,504,0.5972016463848225,0.1401854510866268,2.307128906249997e-10,41.1032864250074,2588505760.415065
v6p1i6_0016,train,q,1,silicon_die_upper,,,,280,0.5572536475127662,0.1308081690985616,1.2550354003906237e-10,58.61709170057741,4440142862.419049
v6p1i6_0016,train,q,2,silicon_die_lower,,,,384,0.8491513215507808,0.1993274160796533,1.7578124999999992e-10,80.86620304428332,4830727518.155555
v6p1i6_0016,train,q,3,silicon_die_upper,,,,432,0.9668772896362805,0.22696208192590445,1.9363403320312483e-10,66.76822548900272,4993323093.270555
v6p1i6_0016,train,q,4,silicon_die_lower,,,,336,0.4018149146390937,0.0943209138872986,1.5380859374999992e-10,41.407623049893296,2612434746.6059184
v6p1i6_0016,train,q,5,silicon_die_lower,,,,336,0.4709855648414554,0.1105578396547889,1.5380859374999997e-10,55.02815464320977,3062153767.6041293
v6p1i6_0016,train,q,6,silicon_die_lower,,,,384,0.4167985395592534,0.09783812826716638,1.7578124999999992e-10,42.041882154947395,2371120580.6037536
v6p1i6_0017,train,k,0,silicon_die_lower,185.04603980829032,185.04603980829032,185.04603980829032,616,,,,,
v6p1i6_0017,train,k,1,silicon_die_upper,84.05875368255741,84.05875368255741,84.05875368255741,528,,,,,
v6p1i6_0017,train,k,2,silicon_die_upper,366.10836435112674,366.10836435112674,366.10836435112674,616,,,,,
v6p1i6_0017,train,k,3,silicon_die_upper,153.9562800096843,153.9562800096843,153.9562800096843,336,,,,,
v6p1i6_0017,train,q,0,silicon_die_upper,,,,448,1.2576894176522393,0.13815541444950763,2.0080566406249984e-10,100.57526331820654,6263216844.624409
v6p1i6_0017,train,q,1,silicon_die_lower,,,,512,2.608992382426146,0.2865941454469315,2.343749999999998e-10,179.05821783797023,11131700831.684898
v6p1i6_0017,train,q,2,silicon_die_upper,,,,448,1.9519820654388604,0.2144224857613292,2.0080566406249984e-10,153.44783450783635,9720752024.361797
v6p1i6_0017,train,q,3,silicon_die_upper,,,,336,0.9314113547851991,0.10231422793040264,1.5060424804687475e-10,104.48183425795094,6184495901.438998
v6p1i6_0017,train,q,4,silicon_die_lower,,,,432,2.3533639946107985,0.2585137264118291,1.9775390624999997e-10,187.25514139805298,11900467804.846706
v6p1i6_0018,train,k,0,silicon_die_lower,135.5887006057468,135.5887006057468,135.5887006057468,512,,,,,
v6p1i6_0018,train,k,1,silicon_die_upper,40.808529496402265,40.808529496402265,40.808529496402265,640,,,,,
v6p1i6_0018,train,k,2,silicon_die_lower,35.15006896178694,35.15006896178694,35.15006896178694,704,,,,,
v6p1i6_0018,train,k,3,silicon_die_lower,137.00884825240476,137.00884825240476,137.00884825240476,448,,,,,
v6p1i6_0018,train,k,4,silicon_die_lower,285.4904975701661,285.4904975701661,285.4904975701661,720,,,,,
v6p1i6_0018,train,k,5,silicon_die_lower,52.08014113032119,52.08014113032119,52.08014113032119,880,,,,,
v6p1i6_0018,train,q,0,silicon_die_lower,,,,504,0.6601932606364657,0.10729313185736959,2.3071289062500012e-10,42.98246727812416,2861536079.9650393
v6p1i6_0018,train,q,1,silicon_die_lower,,,,320,0.6261413044598986,0.10175908411424124,1.4648437499999994e-10,57.27690192249421,4274457971.779576
v6p1i6_0018,train,q,2,silicon_die_upper,,,,512,1.2651997486007942,0.20561743287362166,2.294921874999998e-10,77.6431032508741,5513040606.668998
v6p1i6_0018,train,q,3,silicon_die_lower,,,,512,0.7483892800258956,0.12162655163284944,2.3437499999999993e-10,43.77150200803365,3193127594.7771554
v6p1i6_0018,train,q,4,silicon_die_lower,,,,320,0.5415520992056955,0.08801183570352639,1.4648437500000007e-10,56.09204986036556,3696995663.910879
v6p1i6_0018,train,q,5,silicon_die_lower,,,,280,0.7568464854800931,0.12300099774438243,1.281738281249999e-10,73.23114391618867,5904844199.098026
v6p1i6_0018,train,q,6,silicon_die_lower,,,,336,0.4617322873103959,0.07503969843230296,1.5380859374999992e-10,50.39107171657286,3001992775.910131
v6p1i6_0018,train,q,7,silicon_die_lower,,,,336,0.678518749943758,0.1102713493852229,1.5380859374999997e-10,73.04143827094659,4411448888.523228
v6p1i6_0018,train,q,8,silicon_die_lower,,,,200,0.4146003305626395,0.06737991825648341,9.155273437499999e-11,57.297790395503526,4528541210.6255245
v6p1i6_0019,train,k,0,silicon_die_upper,252.04093394331827,252.04093394331827,252.04093394331827,576,,,,,
v6p1i6_0019,train,k,1,silicon_die_upper,61.80696499927119,61.80696499927119,61.80696499927119,640,,,,,
v6p1i6_0019,train,k,2,silicon_die_upper,28.145814516074225,28.145814516074225,28.145814516074225,864,,,,,
v6p1i6_0019,train,k,3,silicon_die_upper,153.00648741284442,153.00648741284442,153.00648741284442,880,,,,,
v6p1i6_0019,train,k,4,silicon_die_lower,90.45185273602198,90.45185273602198,90.45185273602198,768,,,,,
v6p1i6_0019,train,q,0,silicon_die_upper,,,,240,1.9950131211915423,0.24652538404132351,1.0757446289062487e-10,297.6095541633589,18545415590.128944
v6p1i6_0019,train,q,1,silicon_die_lower,,,,448,3.8293957085327652,0.4732015231701316,2.0507812499999995e-10,301.405682377968,18672862883.512154
v6p1i6_0019,train,q,2,silicon_die_lower,,,,336,2.2681173373057404,0.2802730927885449,1.5380859374999987e-10,247.81460447487277,14746362878.737017
v6p1i6_0020,valid_iid,k,0,silicon_die_lower,197.56172973663467,197.56172973663467,197.56172973663467,720,,,,,
v6p1i6_0020,valid_iid,k,1,silicon_die_upper,239.3259360727761,239.3259360727761,239.3259360727761,576,,,,,
v6p1i6_0020,valid_iid,k,2,silicon_die_upper,130.48206043165135,130.48206043165135,130.48206043165135,800,,,,,
v6p1i6_0020,valid_iid,k,3,silicon_die_upper,156.2343111395662,156.2343111395662,156.2343111395662,288,,,,,
v6p1i6_0020,valid_iid,q,0,silicon_die_upper,,,,240,0.5100525886656306,0.13161628919736204,1.0757446289062495e-10,59.11570153728888,4741390985.927771
v6p1i6_0020,valid_iid,q,1,silicon_die_upper,,,,240,0.5855330420860341,0.1510936086089109,1.0757446289062487e-10,74.61336055631244,5443048715.76601
v6p1i6_0020,valid_iid,q,2,silicon_die_lower,,,,280,0.6146267787691624,0.15860108871235723,1.2817382812499996e-10,69.52744582217578,4795259592.073314
v6p1i6_0020,valid_iid,q,3,silicon_die_upper,,,,280,0.6445778569117346,0.16632980110434517,1.255035400390625e-10,59.807929177769786,5135933669.369902
v6p1i6_0020,valid_iid,q,4,silicon_die_lower,,,,392,0.7871966595318991,0.20313180542265385,1.7944335937499994e-10,65.68767015548345,4386880976.112462
v6p1i6_0020,valid_iid,q,5,silicon_die_upper,,,,448,0.7333129459290061,0.1892274069543708,2.0080566406249973e-10,51.43232265638571,3651853892.43187
v6p1i6_0021,train,k,0,silicon_die_upper,108.79575951100628,108.79575951100628,108.79575951100628,440,,,,,
v6p1i6_0021,train,k,1,silicon_die_lower,39.4130569711534,39.4130569711534,39.4130569711534,480,,,,,
v6p1i6_0021,train,k,2,silicon_die_upper,25.81745629448206,25.81745629448206,25.81745629448206,480,,,,,
v6p1i6_0021,train,k,3,silicon_die_lower,176.2701167387838,176.2701167387838,176.2701167387838,640,,,,,
v6p1i6_0021,train,k,4,silicon_die_lower,162.501490356644,162.501490356644,162.501490356644,288,,,,,
v6p1i6_0021,train,k,5,silicon_die_upper,157.35795416472462,157.35795416472462,157.35795416472462,576,,,,,
v6p1i6_0021,train,k,6,silicon_die_upper,174.6773808860481,174.6773808860481,174.6773808860481,560,,,,,
v6p1i6_0021,train,k,7,silicon_die_upper,211.99246270358304,211.99246270358304,211.99246270358304,864,,,,,
v6p1i6_0021,train,q,0,silicon_die_lower,,,,512,1.4797340953480551,0.13401976972815183,2.34375e-10,94.63447755938148,6313532140.151702
v6p1i6_0021,train,q,1,silicon_die_lower,,,,392,1.8497372923627078,0.16753102247178747,1.7944335937499994e-10,134.67438775470274,10308195849.683882
v6p1i6_0021,train,q,2,silicon_die_upper,,,,432,0.9663885778808196,0.0875259785407862,1.9363403320312477e-10,88.30782481325866,4990799199.369383
v6p1i6_0021,train,q,3,silicon_die_upper,,,,384,1.229977349408488,0.11139925859435915,1.7211914062499985e-10,99.97372821696513,7146081167.627193
v6p1i6_0021,train,q,4,silicon_die_upper,,,,432,1.8974023279080252,0.17184805288147406,1.93634033203125e-10,155.75231563975672,9798909295.64857
v6p1i6_0021,train,q,5,silicon_die_upper,,,,336,0.8411040642335832,0.0761789387433713,1.5060424804687488e-10,83.43765026971911,5584862811.916125
v6p1i6_0021,train,q,6,silicon_die_lower,,,,200,0.9808636430038138,0.08883698766106154,9.155273437499986e-11,130.29884586247243,10713646617.983006
v6p1i6_0021,train,q,7,silicon_die_lower,,,,384,1.7959554450866964,0.1626599913790084,1.7578124999999997e-10,156.040827859454,10216990976.493208
v6p1i6_0022,train,k,0,silicon_die_lower,235.89257803821903,235.89257803821903,235.89257803821903,280,,,,,
v6p1i6_0022,train,k,1,silicon_die_lower,55.32878721019665,55.32878721019665,55.32878721019665,432,,,,,
v6p1i6_0022,train,k,2,silicon_die_upper,24.72391945310035,24.72391945310035,24.72391945310035,576,,,,,
v6p1i6_0022,train,q,0,silicon_die_upper,,,,448,0.9687678642906602,0.19333317098150138,2.0080566406250004e-10,81.56169177504445,4824405072.5040045
v6p1i6_0022,train,q,1,silicon_die_upper,,,,384,1.0947443091874174,0.2184737918243487,1.7211914062499983e-10,82.07580432775273,6360386794.938534
v6p1i6_0022,train,q,2,silicon_die_lower,,,,448,1.5412731496732295,0.3075857863980186,2.0507812499999992e-10,116.42545463076594,7515541453.644703
v6p1i6_0022,train,q,3,silicon_die_lower,,,,448,1.406087148305515,0.28060725079613136,2.0507812499999998e-10,102.00720271952366,6856348761.261179
v6p1i6_0023,valid_iid,k,0,silicon_die_lower,104.09951801211778,104.09951801211778,104.09951801211778,480,,,,,
v6p1i6_0023,valid_iid,k,1,silicon_die_lower,23.13852340547526,23.13852340547526,23.13852340547526,392,,,,,
v6p1i6_0023,valid_iid,k,2,silicon_die_lower,163.68301136444413,163.68301136444413,163.68301136444413,528,,,,,
v6p1i6_0023,valid_iid,k,3,silicon_die_lower,383.0902023277206,383.0902023277206,383.0902023277206,640,,,,,
v6p1i6_0023,valid_iid,k,4,silicon_die_upper,60.660516310512854,60.660516310512854,60.660516310512854,336,,,,,
v6p1i6_0023,valid_iid,q,0,silicon_die_lower,,,,384,0.3629322342951862,0.10056401962235453,1.7578125000000007e-10,27.84784179305334,2064681155.1015027
v6p1i6_0023,valid_iid,q,1,silicon_die_upper,,,,392,0.29572084717560115,0.08194057806923463,1.7570495605468725e-10,23.469004052257166,1683053533.6951997
v6p1i6_0023,valid_iid,q,2,silicon_die_upper,,,,336,0.2469256871724729,0.06842004458022125,1.5060424804687498e-10,21.342205552709075,1639566548.5851252
v6p1i6_0023,valid_iid,q,3,silicon_die_lower,,,,392,0.27279608779296655,0.07558841164656867,1.7944335937499994e-10,24.459190767098427,1520235068.8435256
v6p1i6_0023,valid_iid,q,4,silicon_die_lower,,,,504,0.5897509256012006,0.16341266509335106,2.3071289062500004e-10,38.009167307506736,2556211419.325415
v6p1i6_0023,valid_iid,q,5,silicon_die_upper,,,,336,0.4243560938982532,0.11758380910013229,1.5060424804687482e-10,35.614205377628124,2817690067.8536935
v6p1i6_0023,valid_iid,q,6,silicon_die_upper,,,,384,0.3049651090154636,0.08450204834167674,1.721191406249998e-10,28.860884962153918,1771825654.6487095
v6p1i6_0023,valid_iid,q,7,silicon_die_upper,,,,432,0.41274541877911436,0.11436663506548814,1.9363403320312477e-10,33.31767013443453,2131574764.7839298
v6p1i6_0023,valid_iid,q,8,silicon_die_lower,,,,384,0.38578368344008207,0.10689587268762256,1.7578125000000013e-10,35.37322134667165,2194680510.23691
v6p1i6_0023,valid_iid,q,9,silicon_die_lower,,,,360,0.312990973395618,0.08672591579335023,1.6479492187499997e-10,28.150302878081966,1899275595.5977058
v6p1i6_0024,train,k,0,silicon_die_lower,245.87544120312086,245.87544120312086,245.87544120312086,640,,,,,
v6p1i6_0024,train,k,1,silicon_die_upper,38.773692175556455,38.773692175556455,38.773692175556455,560,,,,,
v6p1i6_0024,train,k,2,silicon_die_upper,149.43624655931973,149.43624655931973,149.43624655931973,384,,,,,
v6p1i6_0024,train,k,3,silicon_die_lower,169.83299049564314,169.83299049564314,169.83299049564314,320,,,,,
v6p1i6_0024,train,k,4,silicon_die_upper,171.77788663927097,171.77788663927097,171.77788663927097,504,,,,,
v6p1i6_0024,train,k,5,silicon_die_lower,32.98967803359151,32.98967803359151,32.98967803359151,720,,,,,
v6p1i6_0024,train,q,0,silicon_die_lower,,,,360,1.626094358427217,0.31272291220218823,1.6479492187499992e-10,139.95218113764722,9867381469.804272
v6p1i6_0024,train,q,1,silicon_die_upper,,,,448,1.601015937411153,0.30789994678635496,2.0080566406249989e-10,127.54627156557537,7972962042.1107435
v6p1i6_0024,train,q,2,silicon_die_lower,,,,280,0.7255722044806983,0.13953867536791015,1.28173828125e-10,91.34957650766323,5660845237.243696
v6p1i6_0024,train,q,3,silicon_die_upper,,,,384,1.2471103353778572,0.2398384656435467,1.721191406249998e-10,102.92038000193868,7245622601.003842
v6p1i6_0025,train,k,0,silicon_die_lower,45.53824081842617,45.53824081842617,45.53824081842617,392,,,,,
v6p1i6_0025,train,k,1,silicon_die_lower,277.31454588047194,277.31454588047194,277.31454588047194,448,,,,,
v6p1i6_0025,train,k,2,silicon_die_upper,104.12391437823626,104.12391437823626,104.12391437823626,576,,,,,
v6p1i6_0025,train,k,3,silicon_die_upper,27.862198341221234,27.862198341221234,27.862198341221234,560,,,,,
v6p1i6_0025,train,k,4,silicon_die_upper,263.0272624866436,263.0272624866436,263.0272624866436,528,,,,,
v6p1i6_0025,train,k,5,silicon_die_lower,27.973817546195146,27.973817546195146,27.973817546195146,288,,,,,
v6p1i6_0025,train,k,6,silicon_die_lower,232.3532544996829,232.3532544996829,232.3532544996829,504,,,,,
v6p1i6_0025,train,q,0,silicon_die_upper,,,,336,0.5314915754077814,0.10020595149934251,1.5060424804687482e-10,53.00448062779424,3529060981.34999
v6p1i6_0025,train,q,1,silicon_die_lower,,,,384,0.6022502319993146,0.11354659289169147,1.7578125000000018e-10,55.360860846022085,3426134653.151653
v6p1i6_0025,train,q,2,silicon_die_upper,,,,504,0.8231751131652801,0.155199158899214,2.2590637207031237e-10,54.88928152601103,3643877353.3535852
v6p1i6_0025,train,q,3,silicon_die_upper,,,,432,0.3797682564345241,0.07160045661320306,1.9363403320312503e-10,29.0554798813802,1961268120.8583899
v6p1i6_0025,train,q,4,silicon_die_lower,,,,200,0.26047920058134033,0.049110027981186986,9.155273437499994e-11,37.40476368845956,2845127481.5497885
v6p1i6_0025,train,q,5,silicon_die_lower,,,,360,0.615714302673476,0.11608507153441239,1.647949218750001e-10,53.320086411504285,3736245605.55638
v6p1i6_0025,train,q,6,silicon_die_upper,,,,504,0.5108658367759747,0.09631723178936182,2.259063720703124e-10,34.058891809442635,2261405165.7514553
v6p1i6_0025,train,q,7,silicon_die_upper,,,,448,0.37628483172005284,0.07094370135283584,2.0080566406249976e-10,31.03992569771645,1873875587.5080101
v6p1i6_0025,train,q,8,silicon_die_upper,,,,648,0.5183705728651757,0.09773215397320427,2.9045104980468703e-10,28.83429366444291,1784708897.4674132
v6p1i6_0025,train,q,9,silicon_die_lower,,,,512,0.6855921811941329,0.1292596534655475,2.3437499999999993e-10,46.88248234332219,2925193306.4283013
v6p1i6_0026,train,k,0,silicon_die_upper,246.1687748872426,246.1687748872426,246.1687748872426,968,,,,,
v6p1i6_0026,train,k,1,silicon_die_upper,37.73380003296938,37.73380003296938,37.73380003296938,648,,,,,
v6p1i6_0026,train,k,2,silicon_die_upper,30.73091978413142,30.73091978413142,30.73091978413142,288,,,,,
v6p1i6_0026,train,k,3,silicon_die_lower,341.7295327580989,341.7295327580989,341.7295327580989,880,,,,,
v6p1i6_0026,train,q,0,silicon_die_upper,,,,336,1.6509413490288127,0.15240097413781084,1.5060424804687488e-10,143.07293629259993,10962116742.649681
v6p1i6_0026,train,q,1,silicon_die_upper,,,,288,1.1082850285158818,0.10230752174662754,1.2908935546874988e-10,117.5674612806361,8585409885.202944
v6p1i6_0026,train,q,2,silicon_die_upper,,,,336,1.1383513427577896,0.1050829901676564,1.506042480468747e-10,116.01013135673995,7558560648.325699
v6p1i6_0026,train,q,3,silicon_die_upper,,,,384,1.5396106345080052,0.1421238620196786,1.721191406249998e-10,124.2951632131145,8945028594.247938
v6p1i6_0026,train,q,4,silicon_die_lower,,,,504,3.394505023720492,0.31335205980213604,2.3071289062499996e-10,228.05003469317583,14713113838.263638
v6p1i6_0026,train,q,5,silicon_die_lower,,,,336,2.0011858623584162,0.18473259212609075,1.5380859374999982e-10,215.38968532451406,13010884590.825527
v6p1i6_0027,train,k,0,silicon_die_upper,160.4650942884658,160.4650942884658,160.4650942884658,384,,,,,
v6p1i6_0027,train,k,1,silicon_die_lower,311.44189505270117,311.44189505270117,311.44189505270117,616,,,,,
v6p1i6_0027,train,q,0,silicon_die_lower,,,,448,0.9342777364018812,0.15327268188680956,2.0507812499999992e-10,61.34102557508305,4555716200.359651
v6p1i6_0027,train,q,1,silicon_die_lower,,,,504,1.1099561964414135,0.18209356423353526,2.3071289062500004e-10,72.6272387766567,4810984741.401089
v6p1i6_0027,train,q,2,silicon_die_upper,,,,384,0.8780045032086473,0.14404079180326093,1.7211914062499988e-10,75.82826610363905,5101143893.819322
v6p1i6_0027,train,q,3,silicon_die_upper,,,,288,0.5668095885812523,0.09298779407458517,1.2908935546874993e-10,57.76231662392905,4390831347.193968
v6p1i6_0027,train,q,4,silicon_die_upper,,,,336,0.8670786646529044,0.14224835630784774,1.5060424804687485e-10,82.69364267589152,5757332053.362999
v6p1i6_0027,train,q,5,silicon_die_upper,,,,280,0.7179562734898867,0.11778412267325979,1.255035400390624e-10,82.87962611148154,5720605755.554194
v6p1i6_0027,train,q,6,silicon_die_lower,,,,288,0.5213083579925799,0.0855231019709985,1.3183593749999995e-10,61.080992211113426,3954220433.9585333
v6p1i6_0027,train,q,7,silicon_die_upper,,,,336,0.5001354547845407,0.08204958704970312,1.5060424804687488e-10,52.81336451759718,3320858881.941204
v6p1i6_0028,train,k,0,silicon_die_upper,123.3624307266211,123.3624307266211,123.3624307266211,560,,,,,
v6p1i6_0028,train,k,1,silicon_die_lower,81.86325486923266,81.86325486923266,81.86325486923266,880,,,,,
v6p1i6_0028,train,k,2,silicon_die_lower,24.339294091591427,24.339294091591427,24.339294091591427,560,,,,,
v6p1i6_0028,train,k,3,silicon_die_upper,35.82176093783939,35.82176093783939,35.82176093783939,576,,,,,
v6p1i6_0028,train,k,4,silicon_die_upper,153.98992330150008,153.98992330150008,153.98992330150008,432,,,,,
v6p1i6_0028,train,k,5,silicon_die_lower,309.3158964385206,309.3158964385206,309.3158964385206,448,,,,,
v6p1i6_0028,train,k,6,silicon_die_upper,101.32138474047615,101.32138474047615,101.32138474047615,528,,,,,
v6p1i6_0028,train,k,7,silicon_die_upper,262.9713971885418,262.9713971885418,262.9713971885418,480,,,,,
v6p1i6_0028,train,q,0,silicon_die_lower,,,,576,1.0199903327706767,0.18242066941970936,2.6367187499999975e-10,62.13558977824464,3868407780.5821257
v6p1i6_0028,train,q,1,silicon_die_upper,,,,280,0.5717639044948668,0.10225739485653573,1.2550354003906224e-10,63.40792422068954,4555759178.720446
v6p1i6_0028,train,q,2,silicon_die_upper,,,,320,0.540969769414558,0.09675000272244395,1.4343261718749987e-10,50.123772490095135,3771595192.377926
v6p1i6_0028,train,q,3,silicon_die_lower,,,,336,0.2774197516605601,0.04961527102977636,1.5380859374999982e-10,32.79445199865773,1803668734.6058023
v6p1i6_0028,train,q,4,silicon_die_lower,,,,336,0.5785502220139698,0.10347109712895501,1.5380859374999987e-10,60.2698831755718,3761494776.776543
v6p1i6_0028,train,q,5,silicon_die_lower,,,,576,1.0528565049029182,0.1882986360327271,2.63671875e-10,58.894195476784255,3993055781.557734
v6p1i6_0028,train,q,6,silicon_die_upper,,,,504,0.5715460501245861,0.10221843258524178,2.2590637207031234e-10,36.34057940308248,2530012964.6041813
v6p1i6_0028,train,q,7,silicon_die_upper,,,,384,0.5303745218487305,0.09485509049481958,1.721191406249997e-10,52.503218695736656,3081438356.726814
v6p1i6_0028,train,q,8,silicon_die_lower,,,,336,0.44794759075088175,0.08011340572979109,1.5380859374999992e-10,39.73969408129481,2912370367.80256
v6p1i6_0029,train,k,0,silicon_die_lower,90.47472802838713,90.47472802838713,90.47472802838713,968,,,,,
v6p1i6_0029,train,k,1,silicon_die_lower,164.12424380632453,164.12424380632453,164.12424380632453,336,,,,,
v6p1i6_0029,train,k,2,silicon_die_upper,121.97869059060069,121.97869059060069,121.97869059060069,560,,,,,
v6p1i6_0029,train,k,3,silicon_die_lower,37.67742979363309,37.67742979363309,37.67742979363309,392,,,,,
v6p1i6_0029,train,k,4,silicon_die_lower,37.167388912904435,37.167388912904435,37.167388912904435,392,,,,,
v6p1i6_0029,train,k,5,silicon_die_lower,28.95473844292546,28.95473844292546,28.95473844292546,288,,,,,
v6p1i6_0029,train,k,6,silicon_die_lower,75.61134527986913,75.61134527986913,75.61134527986913,384,,,,,
v6p1i6_0029,train,k,7,silicon_die_upper,89.6472152279892,89.6472152279892,89.6472152279892,792,,,,,
v6p1i6_0029,train,q,0,silicon_die_upper,,,,392,1.5484981567969063,0.20085313785135336,1.7570495605468736e-10,155.83800724156933,8813059071.11091
v6p1i6_0029,train,q,1,silicon_die_lower,,,,336,2.875941489035045,0.37303361958431,1.5380859374999995e-10,250.72635850807666,18698184665.21833
v6p1i6_0029,train,q,2,silicon_die_lower,,,,384,3.285164363157507,0.42611324256433664,1.7578124999999995e-10,280.2382683382025,18688935043.74049
v6p1i6_0030,train,k,0,silicon_die_lower,59.03342942041009,59.03342942041009,59.03342942041009,392,,,,,
v6p1i6_0030,train,k,1,silicon_die_upper,156.54369284639887,156.54369284639887,156.54369284639887,648,,,,,
v6p1i6_0030,train,q,0,silicon_die_lower,,,,384,1.421155593297718,0.12893802768044682,1.7578124999999987e-10,134.6088988007438,8084796264.093691
v6p1i6_0030,train,q,1,silicon_die_upper,,,,392,1.8700770324667517,0.16966758975155566,1.7570495605468725e-10,172.65509961219834,10643279930.502928
v6p1i6_0030,train,q,2,silicon_die_lower,,,,392,1.6529165763372635,0.14996514405484676,1.7944335937500014e-10,158.93604426765967,9211355505.683573
v6p1i6_0030,train,q,3,silicon_die_lower,,,,280,1.189023694507188,0.10787725901238313,1.2817382812499994e-10,129.54952619064665,9276649624.193228
v6p1i6_0030,train,q,4,silicon_die_lower,,,,336,1.1963446180739692,0.10854146879345974,1.5380859374999997e-10,107.53439349876801,7778138977.19203
v6p1i6_0030,train,q,5,silicon_die_lower,,,,384,1.9878234305383364,0.18035043715083154,1.7578125000000007e-10,171.00573514625862,11308506627.06253
v6p1i6_0030,train,q,6,silicon_die_upper,,,,336,1.7046641130524638,0.1546600735564764,1.5060424804687488e-10,154.2301087391682,11318831541.33803
v6p1i6_0031,train,k,0,silicon_die_lower,21.065022803064792,21.065022803064792,21.065022803064792,800,,,,,
v6p1i6_0031,train,k,1,silicon_die_upper,99.80805917469306,99.80805917469306,99.80805917469306,384,,,,,
v6p1i6_0031,train,k,2,silicon_die_lower,98.69530085320358,98.69530085320358,98.69530085320358,336,,,,,
v6p1i6_0031,train,k,3,silicon_die_lower,43.13283511558314,43.13283511558314,43.13283511558314,792,,,,,
v6p1i6_0031,train,k,4,silicon_die_lower,73.38375116554461,73.38375116554461,73.38375116554461,448,,,,,
v6p1i6_0031,train,k,5,silicon_die_lower,215.96205325436898,215.96205325436898,215.96205325436898,432,,,,,
v6p1i6_0031,train,k,6,silicon_die_upper,59.1816479696465,59.1816479696465,59.1816479696465,200,,,,,
v6p1i6_0031,train,q,0,silicon_die_lower,,,,320,0.5288115206957359,0.1528082064402291,1.46484375e-10,45.2413533114049,3610019981.2828903
v6p1i6_0031,train,q,1,silicon_die_lower,,,,576,0.6978730344818159,0.20166112603194342,2.6367187499999996e-10,41.85141216268616,2646748101.1458507
v6p1i6_0031,train,q,2,silicon_die_lower,,,,448,0.8496655615125848,0.2455239068126739,2.0507812499999985e-10,65.06353603513433,4143131118.9947023
v6p1i6_0031,train,q,3,silicon_die_lower,,,,448,0.7073328624924202,0.2043946885489469,2.0507812499999995e-10,47.50613687450934,3449089767.582088
v6p1i6_0031,train,q,4,silicon_die_upper,,,,384,0.6769395424395426,0.1956120721662068,1.7211914062499988e-10,60.62547037820156,3932970731.6771183
v6p1i6_0032,train,k,0,silicon_die_upper,29.12418264517075,29.12418264517075,29.12418264517075,880,,,,,
v6p1i6_0032,train,k,1,silicon_die_upper,37.44896742568184,37.44896742568184,37.44896742568184,968,,,,,
v6p1i6_0032,train,k,2,silicon_die_lower,369.3638007114783,369.3638007114783,369.3638007114783,448,,,,,
v6p1i6_0032,train,k,3,silicon_die_upper,305.68610228597333,305.68610228597333,305.68610228597333,336,,,,,
v6p1i6_0032,train,k,4,silicon_die_upper,263.2868660984913,263.2868660984913,263.2868660984913,792,,,,,
v6p1i6_0032,train,k,5,silicon_die_upper,197.69327230641085,197.69327230641085,197.69327230641085,968,,,,,
v6p1i6_0032,train,q,0,silicon_die_lower,,,,384,1.3974798411270926,0.120857644519815,1.7578125e-10,104.96374838807127,7950107540.634127
v6p1i6_0032,train,q,1,silicon_die_lower,,,,392,0.946848363987281,0.08188587743537698,1.7944335937499994e-10,80.95611949201566,5276586256.995789
v6p1i6_0032,train,q,2,silicon_die_lower,,,,448,2.098929957126892,0.18152085143914606,2.0507812499999995e-10,139.8667733139703,10234782267.133038
v6p1i6_0032,train,q,3,silicon_die_lower,,,,280,1.0242576721195409,0.08858043314161751,1.2817382812499996e-10,122.07617336487456,7991160809.526935
v6p1i6_0032,train,q,4,silicon_die_upper,,,,336,1.2555122030352805,0.10857991869302966,1.5060424804687488e-10,128.03232849345736,8336499264.247235
v6p1i6_0032,train,q,5,silicon_die_lower,,,,320,1.3715373303103366,0.11861406958014772,1.4648437500000005e-10,133.27705185590744,9363028174.918562
v6p1i6_0032,train,q,6,silicon_die_lower,,,,288,1.0849924882721158,0.0938329359717293,1.3183593749999998e-10,126.24979421407639,8229868948.078865
v6p1i6_0032,train,q,7,silicon_die_lower,,,,320,1.5246780227335042,0.1318580698309637,1.464843750000001e-10,145.90010260370622,10408468635.194048
v6p1i6_0032,train,q,8,silicon_die_lower,,,,280,0.8587880961426986,0.07427019938817406,1.2817382812500007e-10,104.00726399003743,6700182936.762841
v6p1i6_0033,train,k,0,silicon_die_upper,30.940724729536463,30.940724729536463,30.940724729536463,440,,,,,
v6p1i6_0033,train,k,1,silicon_die_upper,63.67022634714524,63.67022634714524,63.67022634714524,720,,,,,
v6p1i6_0033,train,k,2,silicon_die_upper,45.94844242197682,45.94844242197682,45.94844242197682,792,,,,,
v6p1i6_0033,train,k,3,silicon_die_lower,256.64757678190995,256.64757678190995,256.64757678190995,616,,,,,
v6p1i6_0033,train,q,0,silicon_die_upper,,,,384,1.4397274254901067,0.3630075390254772,1.7211914062499998e-10,115.03830644582582,8364714233.769472
v6p1i6_0033,train,q,1,silicon_die_upper,,,,384,1.4293399174969494,0.36038847124469925,1.7211914062499995e-10,116.57685077000647,8304363549.031924
v6p1i6_0033,train,q,2,silicon_die_lower,,,,336,1.0970415410189627,0.27660398972982353,1.5380859374999997e-10,117.43313899255567,7132511352.402654
v6p1i6_0034,train,k,0,silicon_die_lower,128.90239864653873,128.90239864653873,128.90239864653873,504,,,,,
v6p1i6_0034,train,k,1,silicon_die_upper,124.01463338014214,124.01463338014214,124.01463338014214,384,,,,,
v6p1i6_0034,train,k,2,silicon_die_upper,26.514244450935205,26.514244450935205,26.514244450935205,392,,,,,
v6p1i6_0034,train,k,3,silicon_die_upper,262.53756964906233,262.53756964906233,262.53756964906233,384,,,,,
v6p1i6_0034,train,k,4,silicon_die_upper,245.8993251321751,245.8993251321751,245.8993251321751,280,,,,,
v6p1i6_0034,train,k,5,silicon_die_upper,222.07800932566252,222.07800932566252,222.07800932566252,792,,,,,
v6p1i6_0034,train,k,6,silicon_die_upper,70.39901613778083,70.39901613778083,70.39901613778083,576,,,,,
v6p1i6_0034,train,q,0,silicon_die_upper,,,,288,0.7770413598644142,0.12223207680768985,1.290893554687499e-10,89.19263867862377,6019406921.994597
v6p1i6_0034,train,q,1,silicon_die_lower,,,,504,1.1915810677653302,0.1874410245332311,2.3071289062500001e-10,77.26523061695032,5164778892.663272
v6p1i6_0034,train,q,2,silicon_die_upper,,,,504,1.1454398438507296,0.18018280390709301,2.2590637207031231e-10,81.51907315255708,5070418480.689056
v6p1i6_0034,train,q,3,silicon_die_upper,,,,336,0.8901258472657878,0.14002077180355832,1.5060424804687488e-10,89.60344111930205,5910363477.853163
v6p1i6_0034,train,q,4,silicon_die_upper,,,,504,1.2228477608191999,0.1923594150131792,2.2590637207031237e-10,84.66178455144659,5413073343.670863
v6p1i6_0034,train,q,5,silicon_die_lower,,,,336,0.5260621269843522,0.08275192239752593,1.5380859375000005e-10,51.579389458111706,3420238844.6474695
v6p1i6_0034,train,q,6,silicon_die_upper,,,,280,0.6040005567589709,0.09501198553772253,1.2550354003906214e-10,61.34870651782178,4812617688.480976
v6p1i6_0035,train,k,0,silicon_die_lower,31.623388724226988,31.623388724226988,31.623388724226988,576,,,,,
v6p1i6_0035,train,k,1,silicon_die_lower,23.426487840071484,23.426487840071484,23.426487840071484,280,,,,,
v6p1i6_0035,train,k,2,silicon_die_lower,216.9657484949741,216.9657484949741,216.9657484949741,720,,,,,
v6p1i6_0035,train,k,3,silicon_die_upper,177.13426637520487,177.13426637520487,177.13426637520487,720,,,,,
v6p1i6_0035,train,q,0,silicon_die_lower,,,,392,1.438499460367885,0.18155906671534924,1.79443359375e-10,102.91707548727612,8016454135.601166
v6p1i6_0035,train,q,1,silicon_die_upper,,,,288,1.6220995310830477,0.20473200379757248,1.290893554687499e-10,173.31575905218494,12565710977.430105
v6p1i6_0035,train,q,2,silicon_die_lower,,,,336,1.653456350390269,0.20868967983807998,1.5380859374999997e-10,144.95013836713122,10750090811.426258
v6p1i6_0035,train,q,3,silicon_die_upper,,,,384,1.572444190716934,0.19846479445708443,1.72119140625e-10,122.32796696072984,9135789227.200796
v6p1i6_0035,train,q,4,silicon_die_upper,,,,576,1.6365388834917987,0.2065544551919139,2.581787109374997e-10,101.46655050313726,6338783230.99992
v6p1i6_0036,train,k,0,silicon_die_upper,159.63866798052211,159.63866798052211,159.63866798052211,336,,,,,
v6p1i6_0036,train,k,1,silicon_die_lower,20.069717833679753,20.069717833679753,20.069717833679753,384,,,,,
v6p1i6_0036,train,k,2,silicon_die_upper,155.11143413918776,155.11143413918776,155.11143413918776,672,,,,,
v6p1i6_0036,train,k,3,silicon_die_lower,26.817159800131687,26.817159800131687,26.817159800131687,504,,,,,
v6p1i6_0036,train,k,4,silicon_die_upper,252.40431438826656,252.40431438826656,252.40431438826656,576,,,,,
v6p1i6_0036,train,k,5,silicon_die_upper,71.2626533721118,71.2626533721118,71.2626533721118,384,,,,,
v6p1i6_0036,train,k,6,silicon_die_upper,26.78374797650931,26.78374797650931,26.78374797650931,384,,,,,
v6p1i6_0036,train,k,7,silicon_die_lower,352.5082363268105,352.5082363268105,352.5082363268105,480,,,,,
v6p1i6_0036,train,q,0,silicon_die_lower,,,,448,3.082755662802551,0.31424247114995013,2.050781249999999e-10,217.94815504828975,15032103803.380066
v6p1i6_0036,train,q,1,silicon_die_lower,,,,448,2.596968194283274,0.2647234462064044,2.0507812499999998e-10,196.31224885479958,12663311575.93368
v6p1i6_0036,train,q,2,silicon_die_upper,,,,384,1.4900672281245744,0.15189085972507493,1.7211914062499983e-10,134.71360308565383,8657184916.876968
v6p1i6_0036,train,q,3,silicon_die_upper,,,,384,2.6403267245223376,0.2691432229185706,1.721191406249999e-10,223.29298766141875,15340111012.260284
v6p1i6_0037,train,k,0,silicon_die_upper,191.93352366531272,191.93352366531272,191.93352366531272,528,,,,,
v6p1i6_0037,train,k,1,silicon_die_upper,170.24276382843652,170.24276382843652,170.24276382843652,336,,,,,
v6p1i6_0037,train,k,2,silicon_die_lower,36.06412389589949,36.06412389589949,36.06412389589949,616,,,,,
v6p1i6_0037,train,q,0,silicon_die_upper,,,,288,0.3814350169449575,0.0704483071421355,1.2908935546874988e-10,39.67099284602284,2954813861.761792
v6p1i6_0037,train,q,1,silicon_die_upper,,,,504,0.3993870130751156,0.07376391184807235,2.2590637207031224e-10,29.10483596072459,1767931596.682932
v6p1i6_0037,train,q,2,silicon_die_upper,,,,360,0.47315650324196595,0.08738860667189068,1.6136169433593736e-10,41.865910333162155,2932272775.0794806
v6p1i6_0037,train,q,3,silicon_die_upper,,,,448,0.42208979724644324,0.0779569529723331,2.0080566406249989e-10,33.082458662136816,2101981531.3330486
v6p1i6_0037,train,q,4,silicon_die_upper,,,,432,0.6190670108119272,0.11433722910011633,1.9363403320312483e-10,56.5933113432075,3197098157.6493692
v6p1i6_0037,train,q,5,silicon_die_upper,,,,504,0.44846217909176217,0.08282774242210406,2.259063720703122e-10,30.327503646416428,1985168346.4341617
v6p1i6_0037,train,q,6,silicon_die_upper,,,,576,0.46902136057346006,0.08662487553068428,2.5817871093749965e-10,29.085770378311526,1816653894.0036833
v6p1i6_0037,train,q,7,silicon_die_lower,,,,512,0.6630027966905906,0.12245185308745159,2.3437499999999993e-10,48.21939235898697,2828811932.5465207
v6p1i6_0037,train,q,8,silicon_die_upper,,,,648,0.5771223806785082,0.10659035727311576,2.9045104980468714e-10,31.91858985893965,1986986726.5640535
v6p1i6_0037,train,q,9,silicon_die_lower,,,,648,0.9616517223044077,0.17761016395209622,2.966308593749999e-10,53.41065893594487,3241913954.369428
v6p1i6_0038,train,k,0,silicon_die_upper,66.04475676305229,66.04475676305229,66.04475676305229,448,,,,,
v6p1i6_0038,train,k,1,silicon_die_upper,56.32534312480285,56.32534312480285,56.32534312480285,384,,,,,
v6p1i6_0038,train,k,2,silicon_die_lower,38.190284115427,38.190284115427,38.190284115427,704,,,,,
v6p1i6_0038,train,q,0,silicon_die_upper,,,,320,0.6050076495712821,0.13831961720860042,1.434326171874999e-10,56.88156447064381,4218061842.798252
v6p1i6_0038,train,q,1,silicon_die_lower,,,,512,1.0023780560260087,0.22916825779982633,2.3437500000000003e-10,67.40173342317993,4276813039.0443034
v6p1i6_0038,train,q,2,silicon_die_lower,,,,448,0.5180871035843841,0.11844744425840743,2.0507812499999992e-10,38.31575555243876,2526291400.3352838
v6p1i6_0038,train,q,3,silicon_die_upper,,,,320,0.6815605071341025,0.1558214817913329,1.4343261718749987e-10,63.732801580086154,4751781850.589424
v6p1i6_0038,train,q,4,silicon_die_upper,,,,336,0.6505067445141849,0.14872182848692014,1.5060424804687488e-10,58.77227237035371,4319312057.596926
v6p1i6_0038,train,q,5,silicon_die_upper,,,,384,0.9164429054391489,0.20952137045491284,1.721191406249998e-10,73.22982845533741,5324468284.650721
v6p1i6_0039,train,k,0,silicon_die_upper,60.17540656824346,60.17540656824346,60.17540656824346,336,,,,,
v6p1i6_0039,train,k,1,silicon_die_lower,65.96807398071064,65.96807398071064,65.96807398071064,384,,,,,
v6p1i6_0039,train,k,2,silicon_die_lower,292.4881727068068,292.4881727068068,292.4881727068068,704,,,,,
v6p1i6_0039,train,k,3,silicon_die_lower,381.5556191462344,381.5556191462344,381.5556191462344,560,,,,,
v6p1i6_0039,train,k,4,silicon_die_lower,101.2126265831765,101.2126265831765,101.2126265831765,528,,,,,
v6p1i6_0039,train,k,5,silicon_die_lower,130.49524094800984,130.49524094800984,130.49524094800984,320,,,,,
v6p1i6_0039,train,k,6,silicon_die_lower,33.78535036916497,33.78535036916497,33.78535036916497,800,,,,,
v6p1i6_0039,train,q,0,silicon_die_lower,,,,432,0.8408532080834514,0.18255853293188226,1.977539062499997e-10,60.317296855048774,4252018197.9133606
v6p1i6_0039,train,q,1,silicon_die_upper,,,,200,0.240016430397657,0.052110222083608694,8.964538574218738e-11,36.51552264627216,2677398601.283552
v6p1i6_0039,train,q,2,silicon_die_upper,,,,392,0.4912415123443887,0.10665396640780883,1.7570495605468736e-10,42.697037390272484,2795831850.0218744
v6p1i6_0039,train,q,3,silicon_die_lower,,,,280,0.727955183406455,0.15804712290477752,1.2817382812500001e-10,70.28879082703406,5679437011.872075
v6p1i6_0039,train,q,4,silicon_die_lower,,,,384,0.718338191420169,0.15595916756208966,1.7578124999999997e-10,56.896739717091215,4086546155.63474
v6p1i6_0039,train,q,5,silicon_die_lower,,,,280,0.586755171313856,0.12739103833522133,1.2817382812500001e-10,63.414790845638656,4577807965.145817
v6p1i6_0039,train,q,6,silicon_die_upper,,,,384,0.47266321803985956,0.10262041320255666,1.721191406249998e-10,43.17178464300003,2746139774.597542
v6p1i6_0039,train,q,7,silicon_die_upper,,,,432,0.5281146688440378,0.11465953657205512,1.9363403320312483e-10,38.59295031433123,2727385574.2602754
v6p1i6_0040,test_iid,k,0,silicon_die_lower,193.42543034485294,193.42543034485294,193.42543034485294,704,,,,,
v6p1i6_0040,test_iid,k,1,silicon_die_lower,53.65357032506672,53.65357032506672,53.65357032506672,360,,,,,
v6p1i6_0040,test_iid,k,2,silicon_die_lower,28.14797737956424,28.14797737956424,28.14797737956424,704,,,,,
v6p1i6_0040,test_iid,k,3,silicon_die_lower,115.58554709440847,115.58554709440847,115.58554709440847,504,,,,,
v6p1i6_0040,test_iid,k,4,silicon_die_lower,63.432314393484596,63.432314393484596,63.432314393484596,704,,,,,
v6p1i6_0040,test_iid,k,5,silicon_die_upper,38.85248180900875,38.85248180900875,38.85248180900875,640,,,,,
v6p1i6_0040,test_iid,q,0,silicon_die_upper,,,,384,1.2135011520009449,0.1922093471197879,1.7211914062499985e-10,110.20488481206519,7050355629.214006
v6p1i6_0040,test_iid,q,1,silicon_die_upper,,,,504,1.4871646117268411,0.23555555642311118,2.2590637207031231e-10,90.55686752138155,6583101654.449871
v6p1i6_0040,test_iid,q,2,silicon_die_lower,,,,432,1.0572861475847188,0.16746607929540414,1.9775390625e-10,77.3379704521421,5346474148.774085
v6p1i6_0040,test_iid,q,3,silicon_die_upper,,,,384,0.8896771947191252,0.14091809675034764,1.7211914062499995e-10,85.12585271924792,5168961403.644734
v6p1i6_0040,test_iid,q,4,silicon_die_upper,,,,280,0.6846508534671493,0.10844348465012736,1.2550354003906245e-10,80.84199380092547,5455231408.245971
v6p1i6_0040,test_iid,q,5,silicon_die_upper,,,,512,0.9811546896739886,0.15540743576122176,2.294921874999996e-10,66.81741370102685,4275329371.175174
v6p1i6_0041,test_iid,k,0,silicon_die_upper,66.44240632083458,66.44240632083458,66.44240632083458,768,,,,,
v6p1i6_0041,test_iid,k,1,silicon_die_upper,78.50729690718715,78.50729690718715,78.50729690718715,792,,,,,
v6p1i6_0041,test_iid,k,2,silicon_die_lower,268.2110784934585,268.2110784934585,268.2110784934585,448,,,,,
v6p1i6_0041,test_iid,k,3,silicon_die_upper,53.50672557482968,53.50672557482968,53.50672557482968,504,,,,,
v6p1i6_0041,test_iid,k,4,silicon_die_lower,110.37626153325941,110.37626153325941,110.37626153325941,504,,,,,
v6p1i6_0041,test_iid,k,5,silicon_die_lower,308.19583702921193,308.19583702921193,308.19583702921193,792,,,,,
v6p1i6_0041,test_iid,q,0,silicon_die_lower,,,,320,0.3099375873264387,0.07396687930648614,1.4648437499999992e-10,30.032626076653653,2115840596.1484895
v6p1i6_0041,test_iid,q,1,silicon_die_lower,,,,288,0.3347711974915213,0.07989344233380406,1.3183593750000003e-10,41.626437248688575,2539301527.6393905
v6p1i6_0041,test_iid,q,2,silicon_die_upper,,,,336,0.2548167607868892,0.06081224530712408,1.5060424804687482e-10,27.350418189157622,1691962637.784153
v6p1i6_0041,test_iid,q,3,silicon_die_lower,,,,360,0.591975680451426,0.1412755196490829,1.6479492187500013e-10,48.09892382111539,3592196129.080058
v6p1i6_0041,test_iid,q,4,silicon_die_lower,,,,512,0.8571232757685955,0.2045532277528561,2.34375e-10,50.83300877976859,3657059309.9460077
v6p1i6_0041,test_iid,q,5,silicon_die_lower,,,,336,0.358195833841462,0.08548375251412271,1.5380859374999997e-10,33.51582508011955,2328841484.785125
v6p1i6_0041,test_iid,q,6,silicon_die_upper,,,,512,0.9336953334914632,0.22282721704435593,2.2949218750000008e-10,54.79683646602558,4068527751.043651
v6p1i6_0041,test_iid,q,7,silicon_die_lower,,,,504,0.549705551913246,0.13118771609216814,2.3071289062499978e-10,36.10980647475163,2382639090.620802
v6p1i6_0042,train,k,0,silicon_die_upper,349.2993588774548,349.2993588774548,349.2993588774548,880,,,,,
v6p1i6_0042,train,k,1,silicon_die_upper,91.0240997951674,91.0240997951674,91.0240997951674,504,,,,,
v6p1i6_0042,train,k,2,silicon_die_lower,26.374272389800453,26.374272389800453,26.374272389800453,432,,,,,
v6p1i6_0042,train,k,3,silicon_die_upper,266.41278474599915,266.41278474599915,266.41278474599915,640,,,,,
v6p1i6_0042,train,k,4,silicon_die_lower,47.23750229230728,47.23750229230728,47.23750229230728,480,,,,,
v6p1i6_0042,train,k,5,silicon_die_lower,104.34469282687529,104.34469282687529,104.34469282687529,432,,,,,
v6p1i6_0042,train,k,6,silicon_die_lower,106.02435167937135,106.02435167937135,106.02435167937135,504,,,,,
v6p1i6_0042,train,q,0,silicon_die_upper,,,,648,1.8603267068808353,0.427535246559554,2.9045104980468724e-10,102.36050474061925,6404957765.281982
v6p1i6_0042,train,q,1,silicon_die_lower,,,,320,0.7006614530612945,0.16102411795807448,1.464843749999999e-10,65.2015466487523,4783182186.231773
v6p1i6_0042,train,q,2,silicon_die_upper,,,,336,0.5329514968065049,0.12248146992067446,1.5060424804687475e-10,56.056374856487,3538754741.105488
v6p1i6_0042,train,q,3,silicon_die_upper,,,,504,1.2573430078999253,0.28895916556169693,2.2590637207031231e-10,85.36409007344984,5565770440.103314
v6p1i6_0043,train,k,0,silicon_die_upper,371.34669743929345,371.34669743929345,371.34669743929345,560,,,,,
v6p1i6_0043,train,k,1,silicon_die_lower,125.99182379487846,125.99182379487846,125.99182379487846,640,,,,,
v6p1i6_0043,train,k,2,silicon_die_upper,177.7446064626765,177.7446064626765,177.7446064626765,336,,,,,
v6p1i6_0043,train,k,3,silicon_die_upper,162.26593730863104,162.26593730863104,162.26593730863104,704,,,,,
v6p1i6_0043,train,k,4,silicon_die_lower,26.63601407730069,26.63601407730069,26.63601407730069,880,,,,,
v6p1i6_0043,train,k,5,silicon_die_upper,247.67952517079084,247.67952517079084,247.67952517079084,792,,,,,
v6p1i6_0043,train,q,0,silicon_die_lower,,,,336,1.288616638546893,0.09682988901442253,1.5380859374999982e-10,132.62380335205356,8378053573.790603
v6p1i6_0043,train,q,1,silicon_die_upper,,,,448,1.2681230845550249,0.09528995192282844,2.0080566406249989e-10,98.36118979976894,6315175871.534814
v6p1i6_0043,train,q,2,silicon_die_lower,,,,576,1.709009838883457,0.12841928939412753,2.6367187499999996e-10,107.51812717754198,6481578055.61726
v6p1i6_0043,train,q,3,silicon_die_lower,,,,392,1.157107152994276,0.08694793614381298,1.7944335937499988e-10,96.66024112499234,6448314147.842936
v6p1i6_0043,train,q,4,silicon_die_upper,,,,392,1.1414150865544308,0.08576879487997631,1.757049560546873e-10,87.52596231975936,6496203136.120822
v6p1i6_0043,train,q,5,silicon_die_upper,,,,512,2.1426855414651715,0.16100677033538888,2.2949218749999982e-10,144.02021339076484,9336638274.299309
v6p1i6_0043,train,q,6,silicon_die_lower,,,,288,1.2482401728966226,0.09379590002905679,1.3183593749999995e-10,135.13954054230163,9468132867.00846
v6p1i6_0043,train,q,7,silicon_die_lower,,,,576,1.6614205791665562,0.12484331295643206,2.636718749999999e-10,97.01664061029327,6301091381.727979
v6p1i6_0043,train,q,8,silicon_die_upper,,,,288,0.9968378157053561,0.07490489581833575,1.290893554687499e-10,124.17325992997678,7722076015.374264
v6p1i6_0043,train,q,9,silicon_die_upper,,,,288,0.6945903099085277,0.05219325950561874,1.290893554687499e-10,90.6086092720373,5380693918.459256
v6p1i6_0044,valid_iid,k,0,silicon_die_lower,317.5419200332163,317.5419200332163,317.5419200332163,640,,,,,
v6p1i6_0044,valid_iid,k,1,silicon_die_upper,236.73979676034446,236.73979676034446,236.73979676034446,384,,,,,
v6p1i6_0044,valid_iid,k,2,silicon_die_lower,22.724265241251647,22.724265241251647,22.724265241251647,320,,,,,
v6p1i6_0044,valid_iid,q,0,silicon_die_lower,,,,240,0.5861819790498807,0.09785592618000605,1.0986328125000001e-10,71.69183656081051,5335558635.974025
v6p1i6_0044,valid_iid,q,1,silicon_die_upper,,,,576,1.5078721110879973,0.2517208431256822,2.5817871093749965e-10,85.78303554322454,5840420016.091202
v6p1i6_0044,valid_iid,q,2,silicon_die_upper,,,,200,0.6719855606194609,0.11217978676279358,8.964538574218748e-11,92.13722643030171,7496041821.405447
v6p1i6_0044,valid_iid,q,3,silicon_die_upper,,,,392,0.9160418949648638,0.15292201271142578,1.7570495605468736e-10,67.02687575366878,5213523371.985876
v6p1i6_0044,valid_iid,q,4,silicon_die_lower,,,,504,1.1181215864585587,0.18665675052328656,2.3071289062499996e-10,68.04752041454866,4846376738.76641
v6p1i6_0044,valid_iid,q,5,silicon_die_upper,,,,320,0.7722054257688826,0.12891026991706578,1.4343261718749992e-10,73.16146985122157,5383750508.849949
v6p1i6_0044,valid_iid,q,6,silicon_die_upper,,,,240,0.4178467278835157,0.06975441077974011,1.0757446289062493e-10,55.8248058319882,3884255767.1736317
v6p1i6_0045,train,k,0,silicon_die_lower,59.682055131681125,59.682055131681125,59.682055131681125,880,,,,,
v6p1i6_0045,train,k,1,silicon_die_upper,25.07819220763808,25.07819220763808,25.07819220763808,560,,,,,
v6p1i6_0045,train,q,0,silicon_die_upper,,,,576,1.6466609938515315,0.2549278980184582,2.581787109374997e-10,97.50407690175871,6377989059.873174
v6p1i6_0045,train,q,1,silicon_die_upper,,,,392,1.1987738240162362,0.18558822507917028,1.7570495605468736e-10,112.54779996989758,6822652308.356763
v6p1i6_0045,train,q,2,silicon_die_lower,,,,576,1.424940411279766,0.22060221575993716,2.6367187499999996e-10,88.20020060107129,5404218448.705483
v6p1i6_0045,train,q,3,silicon_die_lower,,,,240,1.0324591432623782,0.15984021007638416,1.0986328124999985e-10,131.69359652971013,9397672557.339348
v6p1i6_0045,train,q,4,silicon_die_upper,,,,288,1.1564861125230619,0.17904145106605004,1.2908935546874975e-10,138.9159646439541,8958803057.956446
v6p1i6_0046,train,k,0,silicon_die_upper,142.0429097494376,142.0429097494376,142.0429097494376,576,,,,,
v6p1i6_0046,train,k,1,silicon_die_lower,93.94403615320594,93.94403615320594,93.94403615320594,704,,,,,
v6p1i6_0046,train,q,0,silicon_die_lower,,,,384,0.27505316157748855,0.08461484161135609,1.7578124999999992e-10,26.037513756569624,1564746874.7519355
v6p1i6_0046,train,q,1,silicon_die_lower,,,,336,0.18278782708832,0.056231177089032906,1.5380859374999997e-10,17.443133259527045,1188411015.482157
v6p1i6_0046,train,q,2,silicon_die_lower,,,,448,0.33958812430091645,0.104467787921516,2.0507812499999995e-10,27.286245835430787,1655896377.5435169
v6p1i6_0046,train,q,3,silicon_die_upper,,,,576,0.5207400044317017,0.16019569723532143,2.5817871093749965e-10,30.012544959612406,2016974995.8886552
v6p1i6_0046,train,q,4,silicon_die_lower,,,,648,0.5231659622914245,0.1609419967465832,2.96630859375e-10,29.137476648531866,1763693647.3626955
v6p1i6_0046,train,q,5,silicon_die_lower,,,,448,0.30636651577930885,0.09424779580432532,2.0507812499999985e-10,23.99732338915533,1493901486.466726
v6p1i6_0046,train,q,6,silicon_die_lower,,,,336,0.38983447318711145,0.11992511561835312,1.5380859374999997e-10,32.2564255276758,2534542860.5943
v6p1i6_0046,train,q,7,silicon_die_upper,,,,280,0.239305627707597,0.07361779689807321,1.255035400390624e-10,22.51048224550417,1906763965.6468194
v6p1i6_0046,train,q,8,silicon_die_lower,,,,504,0.4738074372814273,0.14575779107543888,2.3071289062499988e-10,29.991362473391764,2053666945.0843675
v6p1i6_0047,train,k,0,silicon_die_upper,331.5238953580731,331.5238953580731,331.5238953580731,288,,,,,
v6p1i6_0047,train,k,1,silicon_die_lower,91.46898329937639,91.46898329937639,91.46898329937639,528,,,,,
v6p1i6_0047,train,q,0,silicon_die_upper,,,,448,4.094822808714554,0.47298685697841547,2.0080566406249989e-10,302.9839235043231,20391968661.999783
v6p1i6_0047,train,q,1,silicon_die_upper,,,,384,2.6138344142904195,0.30192010302525035,1.7211914062499985e-10,229.41985684465868,15186192568.700096
v6p1i6_0047,train,q,2,silicon_die_lower,,,,336,1.9487140089855577,0.2250930399963342,1.5380859374999987e-10,209.69879010775134,12669734255.245794
v6p1i6_0048,test_iid,k,0,silicon_die_lower,75.1370253276565,75.1370253276565,75.1370253276565,432,,,,,
v6p1i6_0048,test_iid,k,1,silicon_die_upper,41.14850394964017,41.14850394964017,41.14850394964017,504,,,,,
v6p1i6_0048,test_iid,k,2,silicon_die_upper,28.10671635466543,28.10671635466543,28.10671635466543,336,,,,,
v6p1i6_0048,test_iid,k,3,silicon_die_lower,24.247869782039974,24.247869782039974,24.247869782039974,720,,,,,
v6p1i6_0048,test_iid,k,4,silicon_die_lower,45.11661991683091,45.11661991683091,45.11661991683091,704,,,,,
v6p1i6_0048,test_iid,k,5,silicon_die_upper,33.96843384701894,33.96843384701894,33.96843384701894,448,,,,,
v6p1i6_0048,test_iid,k,6,silicon_die_upper,60.13871739687575,60.13871739687575,60.13871739687575,560,,,,,
v6p1i6_0048,test_iid,k,7,silicon_die_lower,21.14902341318706,21.14902341318706,21.14902341318706,504,,,,,
v6p1i6_0048,test_iid,q,0,silicon_die_lower,,,,504,3.1515314711357436,0.31509014164941634,2.307128906249999e-10,230.58465084771825,13659971328.85927
v6p1i6_0048,test_iid,q,1,silicon_die_lower,,,,384,2.192585840969301,0.21921474988810755,1.7578124999999995e-10,202.3306389667276,12473377228.62536
v6p1i6_0048,test_iid,q,2,silicon_die_lower,,,,448,2.7559540824671536,0.2755403111716094,2.0507812499999995e-10,226.71971245290368,13438557049.7446
v6p1i6_0048,test_iid,q,3,silicon_die_upper,,,,240,1.9019282066793108,0.19015479729086676,1.0757446289062491e-10,254.0545000163105,17680108787.650414
v6p1i6_0049,train,k,0,silicon_die_lower,77.06194306839787,77.06194306839787,77.06194306839787,792,,,,,
v6p1i6_0049,train,k,1,silicon_die_lower,28.85614487313116,28.85614487313116,28.85614487313116,864,,,,,
v6p1i6_0049,train,k,2,silicon_die_upper,180.19110855522862,180.19110855522862,180.19110855522862,704,,,,,
v6p1i6_0049,train,q,0,silicon_die_upper,,,,392,0.5084486276446498,0.10007035421584358,1.7570495605468725e-10,40.17885941981366,2893763722.2162237
v6p1i6_0049,train,q,1,silicon_die_upper,,,,280,0.5871320095505433,0.11555642983905529,1.2550354003906232e-10,63.09533084435893,4678210745.0339775
v6p1i6_0049,train,q,2,silicon_die_upper,,,,392,0.7980046920416246,0.15705935242354832,1.757049560546873e-10,63.12427209180703,4541731263.364305
v6p1i6_0049,train,q,3,silicon_die_upper,,,,384,0.4256776259257015,0.08377977339711784,1.721191406249998e-10,43.39804786159031,2473156816.725781
v6p1i6_0049,train,q,4,silicon_die_upper,,,,336,0.3048574956855357,0.060000550537286076,1.5060424804687488e-10,34.56426701998499,2024229061.5245476
v6p1i6_0049,train,q,5,silicon_die_lower,,,,384,0.6361497419945095,0.1252038584716159,1.7578124999999987e-10,53.80326582281772,3618985198.902101
v6p1i6_0049,train,q,6,silicon_die_lower,,,,576,0.6968837902015462,0.1371572346567276,2.6367187499999996e-10,40.19548975487346,2642996300.616235
v6p1i6_0049,train,q,7,silicon_die_lower,,,,240,0.28581186903631334,0.05625208412116191,1.0986328124999987e-10,33.14761160685212,2601523145.7172017
v6p1i6_0049,train,q,8,silicon_die_upper,,,,240,0.3904998804994203,0.07685626283198951,1.0757446289062489e-10,53.97215409972883,3630042577.0794377
v6p1i6_0049,train,q,9,silicon_die_lower,,,,384,0.44744590832399156,0.0880640995056541,1.7578124999999992e-10,41.9353611474794,2545470056.243153
v6p1i6_0050,test_iid,k,0,silicon_die_lower,146.92017631421373,146.92017631421373,146.92017631421373,792,,,,,
v6p1i6_0050,test_iid,k,1,silicon_die_lower,261.4129054587476,261.4129054587476,261.4129054587476,504,,,,,
v6p1i6_0050,test_iid,k,2,silicon_die_upper,28.27854556490589,28.27854556490589,28.27854556490589,640,,,,,
v6p1i6_0050,test_iid,k,3,silicon_die_lower,321.55237396430033,321.55237396430033,321.55237396430033,792,,,,,
v6p1i6_0050,test_iid,k,4,silicon_die_lower,39.1151654847498,39.1151654847498,39.1151654847498,560,,,,,
v6p1i6_0050,test_iid,k,5,silicon_die_upper,235.67543239426882,235.67543239426882,235.67543239426882,288,,,,,
v6p1i6_0050,test_iid,q,0,silicon_die_lower,,,,512,0.3527586832409754,0.16383925640102112,2.3437500000000003e-10,24.766850385332237,1505103715.161495
v6p1i6_0050,test_iid,q,1,silicon_die_upper,,,,392,0.24502482197588066,0.11380211611941342,1.7570495605468738e-10,25.68643302618709,1394524249.5016348
v6p1i6_0050,test_iid,q,2,silicon_die_upper,,,,512,0.5553276301630823,0.25792268286336595,2.2949218749999997e-10,34.108104283202195,2419810609.7318993
v6p1i6_0050,test_iid,q,3,silicon_die_upper,,,,392,0.2956176563218562,0.1373000277294368,1.7570495605468725e-10,26.59751813327269,1682466237.4910288
v6p1i6_0050,test_iid,q,4,silicon_die_upper,,,,360,0.3455463706190519,0.16048948786789494,1.6136169433593736e-10,27.61746700798938,2141439900.2260242
v6p1i6_0050,test_iid,q,5,silicon_die_upper,,,,432,0.35880274458533296,0.16664642901886773,1.9363403320312485e-10,32.54652536206859,1852994221.366777
v6p1i6_0051,train,k,0,silicon_die_upper,64.92628956494623,64.92628956494623,64.92628956494623,448,,,,,
v6p1i6_0051,train,k,1,silicon_die_upper,37.57383670638596,37.57383670638596,37.57383670638596,392,,,,,
v6p1i6_0051,train,k,2,silicon_die_upper,227.31345879061118,227.31345879061118,227.31345879061118,560,,,,,
v6p1i6_0051,train,k,3,silicon_die_upper,45.78580415731196,45.78580415731196,45.78580415731196,504,,,,,
v6p1i6_0051,train,k,4,silicon_die_lower,36.913422362966905,36.913422362966905,36.913422362966905,720,,,,,
v6p1i6_0051,train,k,5,silicon_die_lower,395.20707631833125,395.20707631833125,395.20707631833125,616,,,,,
v6p1i6_0051,train,k,6,silicon_die_upper,154.22416156848038,154.22416156848038,154.22416156848038,616,,,,,
v6p1i6_0051,train,q,0,silicon_die_lower,,,,240,0.5697761568538962,0.0569979287281992,1.0986328125000009e-10,73.9553049511105,5186229196.607904
v6p1i6_0051,train,q,1,silicon_die_lower,,,,648,1.8361834240632482,0.18368380403024603,2.966308593749998e-10,98.15677426446102,6190129469.105407
v6p1i6_0051,train,q,2,silicon_die_lower,,,,288,0.7742908132494679,0.07745668550291634,1.3183593749999982e-10,97.4867881732812,5873139205.684861
v6p1i6_0051,train,q,3,silicon_die_lower,,,,512,2.1277130999840295,0.21284716492277386,2.3437500000000003e-10,136.2399977331245,9078242559.931858
v6p1i6_0051,train,q,4,silicon_die_upper,,,,384,1.2579054075657234,0.1258353862385865,1.7211914062499985e-10,116.59630761834194,7308341204.807386
v6p1i6_0051,train,q,5,silicon_die_lower,,,,392,0.8024807051205578,0.08027667968553714,1.79443359375e-10,71.40833235821958,4472055739.011979
v6p1i6_0051,train,q,6,silicon_die_lower,,,,392,1.1280289913308652,0.11284311440168934,1.7944335937500007e-10,92.75843677067954,6286267685.022071
v6p1i6_0051,train,q,7,silicon_die_upper,,,,448,1.5000575806087344,0.15005923649005165,2.0080566406249968e-10,129.11862036707578,7470195562.520834
v6p1i6_0052,train,k,0,silicon_die_upper,195.29726780294314,195.29726780294314,195.29726780294314,512,,,,,
v6p1i6_0052,train,k,1,silicon_die_upper,25.781880102127733,25.781880102127733,25.781880102127733,560,,,,,
v6p1i6_0052,train,k,2,silicon_die_lower,117.74832750518908,117.74832750518908,117.74832750518908,576,,,,,
v6p1i6_0052,train,k,3,silicon_die_lower,272.5696632507427,272.5696632507427,272.5696632507427,792,,,,,
v6p1i6_0052,train,k,4,silicon_die_upper,298.49739628860743,298.49739628860743,298.49739628860743,448,,,,,
v6p1i6_0052,train,q,0,silicon_die_upper,,,,288,0.5892510462840753,0.09945437008254765,1.2908935546874988e-10,78.80339846296386,4564675717.408179
v6p1i6_0052,train,q,1,silicon_die_upper,,,,392,0.7038796267374526,0.11880149442681438,1.7570495605468738e-10,57.988802396893476,4006031716.7056646
v6p1i6_0052,train,q,2,silicon_die_upper,,,,576,0.7191040191874305,0.12137108233090116,2.581787109374997e-10,45.37827191209867,2785295567.4626184
v6p1i6_0052,train,q,3,silicon_die_lower,,,,384,0.5527255080154453,0.09328955387502358,1.7578124999999992e-10,57.43980310068196,3144394001.154535
v6p1i6_0052,train,q,4,silicon_die_upper,,,,448,0.7539065573869372,0.1272450888952223,2.0080566406249976e-10,68.84972016504595,3754408825.601093
v6p1i6_0052,train,q,5,silicon_die_upper,,,,320,0.5971573864834163,0.10078880994335479,1.4343261718749969e-10,55.950977101332214,4163330476.657155
v6p1i6_0052,train,q,6,silicon_die_upper,,,,504,0.688555841526044,0.11621513091487556,2.259063720703125e-10,44.97854577121318,3047969985.157097
v6p1i6_0052,train,q,7,silicon_die_lower,,,,448,0.779755004668793,0.13160781520388218,2.0507812500000016e-10,65.79321220078718,3802233927.527826
v6p1i6_0052,train,q,8,silicon_die_lower,,,,384,0.5405031620710711,0.09122665432737864,1.7578125000000002e-10,43.99903292677668,3074862433.115426
v6p1i6_0053,train,k,0,silicon_die_lower,83.02421657695675,83.02421657695675,83.02421657695675,560,,,,,
v6p1i6_0053,train,k,1,silicon_die_lower,60.20127189549329,60.20127189549329,60.20127189549329,704,,,,,
v6p1i6_0053,train,k,2,silicon_die_lower,131.1438523003928,131.1438523003928,131.1438523003928,336,,,,,
v6p1i6_0053,train,k,3,silicon_die_upper,36.0394875857755,36.0394875857755,36.0394875857755,432,,,,,
v6p1i6_0053,train,q,0,silicon_die_lower,,,,576,4.081862916518297,0.51845935793754,2.636718749999999e-10,241.84672711391514,15480843061.165695
v6p1i6_0053,train,q,1,silicon_die_upper,,,,384,2.211852013002833,0.28093921769730845,1.721191406249998e-10,181.15091957755536,12850703326.609383
v6p1i6_0053,train,q,2,silicon_die_lower,,,,336,1.5793475468823686,0.20060142436515147,1.5380859374999997e-10,155.50321931502106,10268265955.603464
v6p1i6_0054,train,k,0,silicon_die_lower,134.73285736853964,134.73285736853964,134.73285736853964,392,,,,,
v6p1i6_0054,train,k,1,silicon_die_lower,198.01831267597842,198.01831267597842,198.01831267597842,432,,,,,
v6p1i6_0054,train,k,2,silicon_die_upper,46.43387177966991,46.43387177966991,46.43387177966991,704,,,,,
v6p1i6_0054,train,k,3,silicon_die_lower,331.2053830520612,331.2053830520612,331.2053830520612,528,,,,,
v6p1i6_0054,train,k,4,silicon_die_lower,30.95184574308159,30.95184574308159,30.95184574308159,616,,,,,
v6p1i6_0054,train,k,5,silicon_die_lower,398.4851396103227,398.4851396103227,398.4851396103227,720,,,,,
v6p1i6_0054,train,k,6,silicon_die_lower,39.63555837101726,39.63555837101726,39.63555837101726,432,,,,,
v6p1i6_0054,train,q,0,silicon_die_upper,,,,336,1.0684142479753307,0.16941535066952923,1.5060424804687482e-10,97.12179926727121,7094184007.63033
v6p1i6_0054,train,q,1,silicon_die_upper,,,,336,0.5007669979785266,0.07940517147448074,1.5060424804687472e-10,55.25074855528789,3325052277.560363
v6p1i6_0054,train,q,2,silicon_die_lower,,,,280,0.6928752748492529,0.10986722414201928,1.281738281249998e-10,69.81738401555613,5405746906.252465
v6p1i6_0054,train,q,3,silicon_die_upper,,,,448,1.0952020233563358,0.17366301057150982,2.008056640624998e-10,84.97440373057502,5454039498.683958
v6p1i6_0054,train,q,4,silicon_die_lower,,,,432,0.6409631649377102,0.10163567133249309,1.9775390625000002e-10,52.75186868280637,3241216201.9566183
v6p1i6_0054,train,q,5,silicon_die_upper,,,,448,1.3795476706062646,0.21875087572445864,2.0080566406249989e-10,90.4072459139562,6870063536.538921
v6p1i6_0054,train,q,6,silicon_die_upper,,,,576,0.9287090105543642,0.14726269608550932,2.5817871093749975e-10,59.39676858275507,3597155656.955725
v6p1i6_0055,train,k,0,silicon_die_lower,56.16651208831745,56.16651208831745,56.16651208831745,504,,,,,
v6p1i6_0055,train,k,1,silicon_die_lower,88.02894865049555,88.02894865049555,88.02894865049555,640,,,,,
v6p1i6_0055,train,k,2,silicon_die_lower,52.455020157145945,52.455020157145945,52.455020157145945,792,,,,,
v6p1i6_0055,train,k,3,silicon_die_lower,300.35917492742317,300.35917492742317,300.35917492742317,720,,,,,
v6p1i6_0055,train,k,4,silicon_die_lower,76.77747805936988,76.77747805936988,76.77747805936988,704,,,,,
v6p1i6_0055,train,k,5,silicon_die_lower,129.30506099780797,129.30506099780797,129.30506099780797,576,,,,,
v6p1i6_0055,train,k,6,silicon_die_upper,220.54546378025825,220.54546378025825,220.54546378025825,448,,,,,
v6p1i6_0055,train,q,0,silicon_die_lower,,,,448,2.334039022656696,0.25934517932044526,2.05078125e-10,180.27268820761023,11381218853.335506
v6p1i6_0055,train,q,1,silicon_die_lower,,,,448,2.2094059282004492,0.24549665668768056,2.05078125e-10,140.66518982515248,10773484145.12981
v6p1i6_0055,train,q,2,silicon_die_lower,,,,432,1.5436637960196793,0.17152316653794333,1.9775390624999992e-10,111.63525639784385,7805983837.650135
v6p1i6_0055,train,q,3,silicon_die_lower,,,,432,1.5628337326509434,0.17365322117924828,1.9775390625000007e-10,126.26318728282897,7902922183.874397
v6p1i6_0055,train,q,4,silicon_die_upper,,,,280,1.3497968978244979,0.14998177627468248,1.255035400390624e-10,128.45804534806854,10755050394.629345
v6p1i6_0056,train,k,0,silicon_die_upper,49.676063357382375,49.676063357382375,49.676063357382375,672,,,,,
v6p1i6_0056,train,k,1,silicon_die_upper,170.11579450650763,170.11579450650763,170.11579450650763,432,,,,,
v6p1i6_0056,train,k,2,silicon_die_upper,213.75770939222141,213.75770939222141,213.75770939222141,504,,,,,
v6p1i6_0056,train,k,3,silicon_die_lower,24.796693697990467,24.796693697990467,24.796693697990467,576,,,,,
v6p1i6_0056,train,q,0,silicon_die_upper,,,,384,2.4433056008769554,0.19944820649352124,1.721191406249998e-10,219.64888482834002,14195432257.009958
v6p1i6_0056,train,q,1,silicon_die_upper,,,,240,1.086494463355045,0.08869106345253189,1.075744628906249e-10,149.6799556505566,10099929241.196638
v6p1i6_0056,train,q,2,silicon_die_lower,,,,392,1.2826858644172274,0.10470626149294843,1.7944335937499986e-10,119.28156415514309,7148137824.017643
v6p1i6_0056,train,q,3,silicon_die_upper,,,,360,2.24867681878429,0.18356056578804922,1.6136169433593736e-10,202.67834202410293,13935629692.27871
v6p1i6_0056,train,q,4,silicon_die_lower,,,,288,1.6033100097898527,0.1308789640521927,1.3183593750000008e-10,158.17682821706856,12161403333.517097
v6p1i6_0056,train,q,5,silicon_die_upper,,,,432,1.9534460533993063,0.15946073700011126,1.9363403320312483e-10,148.98296028731164,10088340469.312613
v6p1i6_0056,train,q,6,silicon_die_upper,,,,320,1.63240744616581,0.13325420172064525,1.4343261718749992e-10,160.5814216895373,11381005786.374743
v6p1i6_0057,valid_iid,k,0,silicon_die_upper,229.9381726339049,229.9381726339049,229.9381726339049,504,,,,,
v6p1i6_0057,valid_iid,k,1,silicon_die_lower,163.79364524661446,163.79364524661446,163.79364524661446,448,,,,,
v6p1i6_0057,valid_iid,k,2,silicon_die_lower,44.8870330691472,44.8870330691472,44.8870330691472,432,,,,,
v6p1i6_0057,valid_iid,k,3,silicon_die_upper,121.59009948704113,121.59009948704113,121.59009948704113,720,,,,,
v6p1i6_0057,valid_iid,k,4,silicon_die_upper,112.80350222937584,112.80350222937584,112.80350222937584,432,,,,,
v6p1i6_0057,valid_iid,k,5,silicon_die_upper,25.369363493614102,25.369363493614102,25.369363493614102,504,,,,,
v6p1i6_0057,valid_iid,q,0,silicon_die_lower,,,,384,0.49300237001784686,0.16725764251341846,1.7578125000000002e-10,47.201460981356405,2804635704.9904175
v6p1i6_0057,valid_iid,q,1,silicon_die_lower,,,,512,0.5022204795367382,0.17038500935854023,2.34375e-10,34.68747205127538,2142807379.3567498
v6p1i6_0057,valid_iid,q,2,silicon_die_lower,,,,448,0.7926893576494404,0.2689304580850633,2.0507812499999995e-10,59.15651156761914,3865304296.3477483
v6p1i6_0057,valid_iid,q,3,silicon_die_lower,,,,384,0.653121581458768,0.22158022482827947,1.7578124999999992e-10,46.59110595119772,3715536107.8543262
v6p1i6_0057,valid_iid,q,4,silicon_die_upper,,,,504,0.5065288016582743,0.1718466652146986,2.2590637207031237e-10,33.97273229406476,2242206791.318925
v6p1i6_0058,train,k,0,silicon_die_upper,353.52118655660155,353.52118655660155,353.52118655660155,336,,,,,
v6p1i6_0058,train,k,1,silicon_die_upper,60.00314198776246,60.00314198776246,60.00314198776246,968,,,,,
v6p1i6_0058,train,k,2,silicon_die_upper,224.60924383647708,224.60924383647708,224.60924383647708,392,,,,,
v6p1i6_0058,train,k,3,silicon_die_upper,168.9218306806652,168.9218306806652,168.9218306806652,880,,,,,
v6p1i6_0058,train,k,4,silicon_die_upper,57.64825335674098,57.64825335674098,57.64825335674098,448,,,,,
v6p1i6_0058,train,k,5,silicon_die_lower,49.24150014802475,49.24150014802475,49.24150014802475,480,,,,,
v6p1i6_0058,train,k,6,silicon_die_upper,77.10097522046372,77.10097522046372,77.10097522046372,448,,,,,
v6p1i6_0058,train,q,0,silicon_die_upper,,,,336,0.2835514410284496,0.0723275408515532,1.5060424804687488e-10,28.620815447783674,1882758585.536017
v6p1i6_0058,train,q,1,silicon_die_upper,,,,432,0.4689577698240359,0.11962048978336205,1.9363403320312488e-10,34.759961444007615,2421876785.1212006
v6p1i6_0058,train,q,2,silicon_die_upper,,,,360,0.30217245510551366,0.07707733916494308,1.613616943359375e-10,27.42590725516442,1872640569.0586236
v6p1i6_0058,train,q,3,silicon_die_upper,,,,448,0.626500075348252,0.15980595841410464,2.0080566406249984e-10,46.554011210601935,3119932290.1233344
v6p1i6_0058,train,q,4,silicon_die_upper,,,,200,0.3182487653550519,0.08117804125306634,8.964538574218746e-11,44.97631725188148,3550085291.286586
v6p1i6_0058,train,q,5,silicon_die_upper,,,,336,0.4701509262220842,0.11992483691631656,1.5060424804687488e-10,43.46929007462719,3121764042.643418
v6p1i6_0058,train,q,6,silicon_die_lower,,,,448,0.36198133283691974,0.09233322723842248,2.0507812499999998e-10,28.138068561492332,1765089927.7381232
v6p1i6_0058,train,q,7,silicon_die_lower,,,,336,0.33078324517037416,0.08437530273622955,1.5380859374999987e-10,31.30055179984516,2150616146.3775454
v6p1i6_0058,train,q,8,silicon_die_lower,,,,504,0.7580339396791503,0.19335726364200218,2.3071289062499986e-10,49.019551604238806,3285615890.926774
v6p1i6_0059,train,k,0,silicon_die_upper,269.0640870587113,269.0640870587113,269.0640870587113,720,,,,,
v6p1i6_0059,train,k,1,silicon_die_upper,379.73518698389626,379.73518698389626,379.73518698389626,720,,,,,
v6p1i6_0059,train,k,2,silicon_die_upper,76.77571300051841,76.77571300051841,76.77571300051841,616,,,,,
v6p1i6_0059,train,k,3,silicon_die_upper,60.727249397832445,60.727249397832445,60.727249397832445,704,,,,,
v6p1i6_0059,train,k,4,silicon_die_upper,21.292719346971513,21.292719346971513,21.292719346971513,288,,,,,
v6p1i6_0059,train,k,5,silicon_die_lower,206.5435677609589,206.5435677609589,206.5435677609589,720,,,,,
v6p1i6_0059,train,k,6,silicon_die_upper,98.20546904562642,98.20546904562642,98.20546904562642,880,,,,,
v6p1i6_0059,train,k,7,silicon_die_upper,91.34709966404527,91.34709966404527,91.34709966404527,528,,,,,
v6p1i6_0059,train,q,0,silicon_die_lower,,,,576,3.5438356058120988,0.45210245949541694,2.636718749999999e-10,218.68641777105145,13440324667.968853
v6p1i6_0059,train,q,1,silicon_die_lower,,,,504,2.2109444694432554,0.28205976338285166,2.3071289062500004e-10,155.6210566923059,9583098991.364628
v6p1i6_0059,train,q,2,silicon_die_upper,,,,320,2.083787336581571,0.26583777712173134,1.4343261718749992e-10,201.9475285958491,14527987967.04361
v6p1i6_0060,train,k,0,silicon_die_lower,36.85320222893027,36.85320222893027,36.85320222893027,384,,,,,
v6p1i6_0060,train,k,1,silicon_die_lower,144.61845232988472,144.61845232988472,144.61845232988472,704,,,,,
v6p1i6_0060,train,k,2,silicon_die_lower,61.536251437601926,61.536251437601926,61.536251437601926,392,,,,,
v6p1i6_0060,train,k,3,silicon_die_lower,46.713817660795605,46.713817660795605,46.713817660795605,792,,,,,
v6p1i6_0060,train,k,4,silicon_die_lower,252.43050095341712,252.43050095341712,252.43050095341712,640,,,,,
v6p1i6_0060,train,k,5,silicon_die_lower,189.6438028966054,189.6438028966054,189.6438028966054,448,,,,,
v6p1i6_0060,train,k,6,silicon_die_upper,186.05635543790274,186.05635543790274,186.05635543790274,720,,,,,
v6p1i6_0060,train,q,0,silicon_die_lower,,,,448,0.9450571245395079,0.1565805142292102,2.05078125e-10,64.83353077957408,4608278550.135505
v6p1i6_0060,train,q,1,silicon_die_upper,,,,336,0.7707604830344953,0.12770241041238822,1.5060424804687495e-10,88.92872151003576,5117787134.36157
v6p1i6_0060,train,q,2,silicon_die_upper,,,,384,1.2788256750947835,0.21188050607356396,1.721191406249999e-10,113.07092482405477,7429886475.444306
v6p1i6_0060,train,q,3,silicon_die_upper,,,,512,0.972025402318114,0.16104871693654169,2.2949218749999984e-10,61.68888061687464,4235548987.122338
v6p1i6_0060,train,q,4,silicon_die_upper,,,,512,1.3960185381279742,0.23129744742160338,2.2949218749999964e-10,96.34386454637001,6083076523.587438
v6p1i6_0060,train,q,5,silicon_die_lower,,,,200,0.6729113262428508,0.11149040492669252,9.155273437500004e-11,95.89616357507202,7349986112.775242
v6p1i6_0061,train,k,0,silicon_die_upper,133.87019264229096,133.87019264229096,133.87019264229096,792,,,,,
v6p1i6_0061,train,k,1,silicon_die_upper,60.22665096389661,60.22665096389661,60.22665096389661,720,,,,,
v6p1i6_0061,train,k,2,silicon_die_upper,47.30697360618253,47.30697360618253,47.30697360618253,480,,,,,
v6p1i6_0061,train,k,3,silicon_die_upper,30.644271503843612,30.644271503843612,30.644271503843612,240,,,,,
v6p1i6_0061,train,k,4,silicon_die_upper,49.758117439708904,49.758117439708904,49.758117439708904,336,,,,,
v6p1i6_0061,train,k,5,silicon_die_lower,50.86685602117159,50.86685602117159,50.86685602117159,448,,,,,
v6p1i6_0061,train,q,0,silicon_die_upper,,,,336,0.46110162861058346,0.12279950742556582,1.5060424804687477e-10,42.83941537204695,3061677439.9820914
v6p1i6_0061,train,q,1,silicon_die_lower,,,,576,0.6657194895581013,0.177292857645434,2.636718749999998e-10,41.70731499573763,2524802804.842579
v6p1i6_0061,train,q,2,silicon_die_lower,,,,432,0.5040593589197309,0.13423990970299668,1.9775390624999992e-10,37.88966898676277,2548922387.8212576
v6p1i6_0061,train,q,3,silicon_die_lower,,,,336,0.4350905790745222,0.11587230554108087,1.5380859375000005e-10,44.94142489171945,2828779383.951178
v6p1i6_0061,train,q,4,silicon_die_lower,,,,240,0.24646799576785305,0.0656387802568783,1.0986328124999994e-10,25.633675058548537,2243406468.144726
v6p1i6_0061,train,q,5,silicon_die_upper,,,,512,0.6295944418380393,0.16767211941660604,2.294921874999996e-10,38.624619213796294,2743424291.2432055
v6p1i6_0061,train,q,6,silicon_die_lower,,,,336,0.30617614580115116,0.0815401151436675,1.5380859374999997e-10,29.81250407948191,1990630941.589707
v6p1i6_0061,train,q,7,silicon_die_lower,,,,360,0.5067046779005298,0.13494440486777076,1.6479492187500005e-10,47.58238644121999,3074759052.8601027
v6p1i6_0062,valid_iid,k,0,silicon_die_upper,74.50211955383824,74.50211955383824,74.50211955383824,640,,,,,
v6p1i6_0062,valid_iid,k,1,silicon_die_lower,312.65398947501103,312.65398947501103,312.65398947501103,704,,,,,
v6p1i6_0062,valid_iid,k,2,silicon_die_upper,77.75605769969475,77.75605769969475,77.75605769969475,880,,,,,
v6p1i6_0062,valid_iid,k,3,silicon_die_upper,92.29415011177022,92.29415011177022,92.29415011177022,880,,,,,
v6p1i6_0062,valid_iid,k,4,silicon_die_lower,30.919780110910786,30.919780110910786,30.919780110910786,864,,,,,
v6p1i6_0062,valid_iid,k,5,silicon_die_lower,34.02269688242509,34.02269688242509,34.02269688242509,880,,,,,
v6p1i6_0062,valid_iid,k,6,silicon_die_upper,371.4935582192159,371.4935582192159,371.4935582192159,400,,,,,
v6p1i6_0062,valid_iid,q,0,silicon_die_lower,,,,280,1.7055446191849637,0.17462814816739938,1.2817382812499996e-10,166.80473797458833,13306496686.060215
v6p1i6_0062,valid_iid,q,1,silicon_die_upper,,,,384,2.978043518020333,0.304917396392911,1.7211914062499993e-10,236.89705524830674,17302221630.937996
v6p1i6_0062,valid_iid,q,2,silicon_die_lower,,,,288,1.8536394139626746,0.18979135144825007,1.3183593749999982e-10,211.8300009427655,14060198221.465048
v6p1i6_0062,valid_iid,q,3,silicon_die_upper,,,,512,3.229494693117759,0.33066310399143967,2.2949218749999982e-10,219.11704324040366,14072351343.628033
v6p1i6_0063,train,k,0,silicon_die_upper,285.64798921090124,285.64798921090124,285.64798921090124,648,,,,,
v6p1i6_0063,train,k,1,silicon_die_upper,53.49280566424224,53.49280566424224,53.49280566424224,704,,,,,
v6p1i6_0063,train,k,2,silicon_die_lower,79.45821713000397,79.45821713000397,79.45821713000397,560,,,,,
v6p1i6_0063,train,q,0,silicon_die_upper,,,,432,0.8300940555649339,0.14181214316765367,1.9363403320312488e-10,68.90851282747238,4286922303.034164
v6p1i6_0063,train,q,1,silicon_die_lower,,,,336,0.5387902367941312,0.09204619366366061,1.5380859374999997e-10,49.47064179209754,3502991761.759939
v6p1i6_0063,train,q,2,silicon_die_upper,,,,504,0.7920169778467838,0.1353071068280099,2.2590637207031237e-10,53.10722929072934,3505952357.998437
v6p1i6_0063,train,q,3,silicon_die_lower,,,,240,0.29764131345574185,0.0508486385047873,1.0986328125000002e-10,38.999930720459226,2709197377.588263
v6p1i6_0063,train,q,4,silicon_die_upper,,,,288,0.5021724892106377,0.08579046730593684,1.290893554687499e-10,53.56448235249675,3890115396.3248677
v6p1i6_0063,train,q,5,silicon_die_lower,,,,240,0.5887760439844649,0.10058570120272145,1.0986328124999996e-10,71.05316744474318,5359170391.467487
v6p1i6_0063,train,q,6,silicon_die_upper,,,,392,0.7633681210940529,0.13041277497709344,1.757049560546874e-10,70.54567467448636,4344602100.218835
v6p1i6_0063,train,q,7,silicon_die_upper,,,,448,0.6458193943675827,0.11033090985355071,2.0080566406249986e-10,49.50072684289214,3216141324.412913
v6p1i6_0063,train,q,8,silicon_die_lower,,,,336,0.6050284508760122,0.10336224036412348,1.5380859374999997e-10,54.77501260402868,3933645293.314518
v6p1i6_0063,train,q,9,silicon_die_lower,,,,288,0.2897694740534889,0.04950382413246254,1.3183593749999998e-10,37.169004045337545,2197955121.7094274
v6p1i6_0064,test_iid,k,0,silicon_die_lower,130.5504367119599,130.5504367119599,130.5504367119599,576,,,,,
v6p1i6_0064,test_iid,k,1,silicon_die_upper,34.95070112196875,34.95070112196875,34.95070112196875,864,,,,,
v6p1i6_0064,test_iid,k,2,silicon_die_lower,25.761252284995706,25.761252284995706,25.761252284995706,240,,,,,
v6p1i6_0064,test_iid,q,0,silicon_die_upper,,,,240,0.6875689089868566,0.06873589406838618,1.0757446289062494e-10,85.84585638717715,6391562555.937966
v6p1i6_0064,test_iid,q,1,silicon_die_upper,,,,384,1.1271094003195716,0.1126765206094118,1.7211914062499983e-10,93.22000227638111,6548425679.019815
v6p1i6_0064,test_iid,q,2,silicon_die_upper,,,,504,1.0652346020130905,0.10649093029794188,2.2590637207031237e-10,83.29411905196376,4715380944.108743
v6p1i6_0064,test_iid,q,3,silicon_die_lower,,,,384,0.9376521347289647,0.09373657965525939,1.7578125000000002e-10,78.91853929800725,5334198810.902554
v6p1i6_0064,test_iid,q,4,silicon_die_upper,,,,280,1.2019756769090344,0.12016086201823223,1.2550354003906253e-10,130.53916301017844,9577225284.122852
v6p1i6_0064,test_iid,q,5,silicon_die_lower,,,,448,1.4903189631052327,0.1489863852730819,2.0507812499999995e-10,109.78954687073359,7267079134.379804
v6p1i6_0064,test_iid,q,6,silicon_die_upper,,,,512,1.8738302217375873,0.18732579955263431,2.2949218749999972e-10,113.88890226917928,8165115519.401241
v6p1i6_0064,test_iid,q,7,silicon_die_lower,,,,336,1.619364803363906,0.16188702852505246,1.538085937500001e-10,150.85282963619233,10528441642.188183
v6p1i6_0065,train,k,0,silicon_die_upper,110.03424421611535,110.03424421611535,110.03424421611535,800,,,,,
v6p1i6_0065,train,k,1,silicon_die_lower,36.115574985534664,36.115574985534664,36.115574985534664,528,,,,,
v6p1i6_0065,train,q,0,silicon_die_lower,,,,392,1.977031293465641,0.2531089438840682,1.7944335937499973e-10,150.96181802997944,11017578473.517385
v6p1i6_0065,train,q,1,silicon_die_lower,,,,448,1.06222594002497,0.1359912140665639,2.050781249999998e-10,90.61413029286737,5179616012.312241
v6p1i6_0065,train,q,2,silicon_die_lower,,,,336,0.9389020809517626,0.12020270741576128,1.5380859374999997e-10,92.3218285879646,6104353846.949874
v6p1i6_0065,train,q,3,silicon_die_upper,,,,384,0.9390374960560078,0.12022004390109398,1.7211914062499988e-10,84.4456215934152,5455741253.681434
v6p1i6_0065,train,q,4,silicon_die_lower,,,,448,1.1816705678052397,0.1512830830875613,2.0507812499999992e-10,83.41952465172476,5762050768.726504
v6p1i6_0065,train,q,5,silicon_die_upper,,,,392,1.7121220838909008,0.2191940076449514,1.757049560546873e-10,133.9981937003409,9744301597.036406
v6p1i6_0066,train,k,0,silicon_die_upper,33.74734173606272,33.74734173606272,33.74734173606272,432,,,,,
v6p1i6_0066,train,k,1,silicon_die_upper,21.506072389524533,21.506072389524533,21.506072389524533,384,,,,,
v6p1i6_0066,train,k,2,silicon_die_upper,24.2885254419616,24.2885254419616,24.2885254419616,512,,,,,
v6p1i6_0066,train,k,3,silicon_die_lower,181.41284906209168,181.41284906209168,181.41284906209168,288,,,,,
v6p1i6_0066,train,q,0,silicon_die_upper,,,,384,0.6756658255841881,0.08393387315010728,1.721191406249999e-10,49.85459557744154,3925570527.082037
v6p1i6_0066,train,q,1,silicon_die_upper,,,,576,0.767368137973808,0.09532549599713674,2.581787109374998e-10,47.679140256275765,2972236305.5704207
v6p1i6_0066,train,q,2,silicon_die_lower,,,,240,0.6877523696617375,0.0854353113152699,1.0986328124999998e-10,78.32170636255978,6260074902.52106
v6p1i6_0066,train,q,3,silicon_die_lower,,,,448,0.8422493406995822,0.10462753427246088,2.05078125e-10,65.44625734984352,4106968213.6970105
v6p1i6_0066,train,q,4,silicon_die_lower,,,,336,0.488943601653769,0.06073850220748003,1.5380859374999997e-10,49.69348793563167,3178909511.704505
v6p1i6_0066,train,q,5,silicon_die_lower,,,,240,0.6740792982790094,0.08373678847223871,1.0986328124999996e-10,85.00960164876707,6135619568.335163
v6p1i6_0066,train,q,6,silicon_die_upper,,,,392,1.3679197071394091,0.16992838002321772,1.757049560546874e-10,92.7351913274087,7785322268.961213
v6p1i6_0066,train,q,7,silicon_die_upper,,,,448,1.0400193876483026,0.12919530935436985,2.0080566406249984e-10,75.43762935012074,5179233327.425472
v6p1i6_0066,train,q,8,silicon_die_upper,,,,448,1.0595066382167118,0.13161609246240852,2.008056640624997e-10,66.1579402751994,5276278650.62086
v6p1i6_0066,train,q,9,silicon_die_upper,,,,288,0.44647361297363025,0.055462712745310325,1.2908935546874988e-10,58.759549543687655,3458640035.442064
v6p1i6_0067,train,k,0,silicon_die_lower,319.8898722341205,319.8898722341205,319.8898722341205,880,,,,,
v6p1i6_0067,train,k,1,silicon_die_lower,121.78507556355301,121.78507556355301,121.78507556355301,576,,,,,
v6p1i6_0067,train,k,2,silicon_die_lower,238.50085660019005,238.50085660019005,238.50085660019005,616,,,,,
v6p1i6_0067,train,k,3,silicon_die_upper,38.045256029382735,38.045256029382735,38.045256029382735,576,,,,,
v6p1i6_0067,train,k,4,silicon_die_lower,98.30368281569231,98.30368281569231,98.30368281569231,448,,,,,
v6p1i6_0067,train,q,0,silicon_die_lower,,,,432,0.6791244727445882,0.17001864703935868,1.9775390624999997e-10,53.29871316546744,3434189926.3726344
v6p1i6_0067,train,q,1,silicon_die_lower,,,,280,0.7700848038883301,0.1927905438800241,1.2817382812499976e-10,92.52837428490461,6008128298.526869
v6p1i6_0067,train,q,2,silicon_die_lower,,,,576,1.477858223610974,0.36998144784693315,2.6367187500000006e-10,87.44796115576193,5604914151.769027
v6p1i6_0067,train,q,3,silicon_die_upper,,,,504,1.0673441985350862,0.2672093612336842,2.2590637207031213e-10,77.82970519103118,4724719310.719049
v6p1i6_0068,test_iid,k,0,silicon_die_lower,98.60956757339275,98.60956757339275,98.60956757339275,648,,,,,
v6p1i6_0068,test_iid,k,1,silicon_die_upper,42.391536120444194,42.391536120444194,42.391536120444194,576,,,,,
v6p1i6_0068,test_iid,k,2,silicon_die_lower,337.0880194653289,337.0880194653289,337.0880194653289,504,,,,,
v6p1i6_0068,test_iid,k,3,silicon_die_upper,38.505181252554316,38.505181252554316,38.505181252554316,512,,,,,
v6p1i6_0068,test_iid,q,0,silicon_die_lower,,,,360,0.7058603217395352,0.15065011746451792,1.6479492187500002e-10,67.1829397368316,4283265004.215016
v6p1i6_0068,test_iid,q,1,silicon_die_upper,,,,280,0.675722563141351,0.14421788613899925,1.2550354003906235e-10,72.30885406395988,5384091659.335154
v6p1i6_0068,test_iid,q,2,silicon_die_lower,,,,240,0.5125188010555336,0.10938568892994266,1.0986328124999984e-10,76.61460548522757,4665060020.274375
v6p1i6_0068,test_iid,q,3,silicon_die_lower,,,,336,1.0877201196933146,0.23214956097331696,1.5380859374999982e-10,117.4678957698741,7071907317.879083
v6p1i6_0068,test_iid,q,4,silicon_die_lower,,,,448,1.7036064809149734,0.3635967464932232,2.05078125e-10,118.76573448535372,8307109697.413965
v6p1i6_0069,train,k,0,silicon_die_upper,276.08806133928135,276.08806133928135,276.08806133928135,448,,,,,
v6p1i6_0069,train,k,1,silicon_die_upper,338.0837980077393,338.0837980077393,338.0837980077393,792,,,,,
v6p1i6_0069,train,k,2,silicon_die_upper,24.19960038834126,24.19960038834126,24.19960038834126,528,,,,,
v6p1i6_0069,train,k,3,silicon_die_upper,242.00622385636106,242.00622385636106,242.00622385636106,448,,,,,
v6p1i6_0069,train,k,4,silicon_die_upper,31.149085508361434,31.149085508361434,31.149085508361434,504,,,,,
v6p1i6_0069,train,k,5,silicon_die_upper,104.28824140558605,104.28824140558605,104.28824140558605,384,,,,,
v6p1i6_0069,train,k,6,silicon_die_lower,256.50142780567273,256.50142780567273,256.50142780567273,448,,,,,
v6p1i6_0069,train,q,0,silicon_die_upper,,,,432,0.9890534799920973,0.15657871926946884,1.9363403320312483e-10,73.76644882797305,5107849398.32641
v6p1i6_0069,train,q,1,silicon_die_lower,,,,384,0.8602473337644689,0.13618720170408996,1.7578124999999995e-10,75.26403384174633,4893851498.7489805
v6p1i6_0069,train,q,2,silicon_die_upper,,,,576,0.9153000725159433,0.1449026933335733,2.581787109374998e-10,53.239644968134456,3545219004.2792497
v6p1i6_0069,train,q,3,silicon_die_upper,,,,336,0.61329921361788,0.09709242962071912,1.5060424804687472e-10,63.70670762175413,4072257068.2534404
v6p1i6_0069,train,q,4,silicon_die_lower,,,,392,0.6913507573603541,0.10944890073520241,1.794433593749999e-10,54.43880017220795,3852751975.7115808
v6p1i6_0069,train,q,5,silicon_die_lower,,,,512,1.0023603936809742,0.15868535914788104,2.3437500000000003e-10,68.16335013249689,4276737679.705489
v6p1i6_0069,train,q,6,silicon_die_lower,,,,512,1.2450420248557539,0.19710469618906534,2.343749999999999e-10,74.9447992875466,5312179306.051219
v6p1i6_0070,train,k,0,silicon_die_upper,70.19662555556022,70.19662555556022,70.19662555556022,720,,,,,
v6p1i6_0070,train,k,1,silicon_die_upper,101.45185106479339,101.45185106479339,101.45185106479339,384,,,,,
v6p1i6_0070,train,k,2,silicon_die_upper,22.35173210291351,22.35173210291351,22.35173210291351,480,,,,,
v6p1i6_0070,train,k,3,silicon_die_lower,231.76018990022456,231.76018990022456,231.76018990022456,560,,,,,
v6p1i6_0070,train,q,0,silicon_die_lower,,,,448,3.844850510014996,0.3876587787562232,2.0507812499999995e-10,275.23454925528296,18748223439.311222
v6p1i6_0070,train,q,1,silicon_die_upper,,,,576,3.9772100685360443,0.40100399066480846,2.581787109374998e-10,218.74053778827331,15404872284.372246
v6p1i6_0070,train,q,2,silicon_die_upper,,,,336,2.096070315713596,0.21133723057896844,1.5060424804687488e-10,179.87729892464694,13917737002.087774
v6p1i6_0071,train,k,0,silicon_die_lower,41.4111331721155,41.4111331721155,41.4111331721155,672,,,,,
v6p1i6_0071,train,k,1,silicon_die_upper,151.73771360442956,151.73771360442956,151.73771360442956,616,,,,,
v6p1i6_0071,train,q,0,silicon_die_upper,,,,288,0.35962597750491543,0.10343029951927965,1.2908935546874988e-10,37.700678194849424,2785868565.2201133
v6p1i6_0071,train,q,1,silicon_die_lower,,,,288,0.3211487744760813,0.09236405602500357,1.3183593749999995e-10,31.086132711170464,2435972926.396351
v6p1i6_0071,train,q,2,silicon_die_lower,,,,448,0.5814770742880488,0.16723582755193284,2.0507812499999987e-10,46.825828273311394,2835392971.7664876
v6p1i6_0071,train,q,3,silicon_die_upper,,,,576,0.5092835424120351,0.1464725927125122,2.581787109374997e-10,29.67685461889743,1972600841.3425043
v6p1i6_0071,train,q,4,silicon_die_lower,,,,288,0.3248480799215681,0.09342799549037428,1.318359374999999e-10,44.560109067504,2464032843.256933
v6p1i6_0071,train,q,5,silicon_die_lower,,,,320,0.35621692362857227,0.10244983791315801,1.4648437499999994e-10,32.51228536617249,2431774198.637721
v6p1i6_0071,train,q,6,silicon_die_lower,,,,336,0.288397643833734,0.08294466069812749,1.5380859375000013e-10,30.923281446478807,1875042458.9571009
v6p1i6_0071,train,q,7,silicon_die_lower,,,,504,0.36934589853572514,0.1062257993062956,2.307128906249999e-10,26.934146761997756,1600889735.8754823
v6p1i6_0071,train,q,8,silicon_die_upper,,,,280,0.3666447354987073,0.10544893078331648,1.2550354003906242e-10,35.26617361177695,2921389590.9596715
v6p1i6_0072,train,k,0,silicon_die_upper,227.60887968946662,227.60887968946662,227.60887968946662,672,,,,,
v6p1i6_0072,train,k,1,silicon_die_lower,133.99341627589772,133.99341627589772,133.99341627589772,720,,,,,
v6p1i6_0072,train,k,2,silicon_die_upper,278.30921575778314,278.30921575778314,278.30921575778314,720,,,,,
v6p1i6_0072,train,k,3,silicon_die_lower,378.659730783145,378.659730783145,378.659730783145,360,,,,,
v6p1i6_0072,train,k,4,silicon_die_upper,21.849928473092966,21.849928473092966,21.849928473092966,720,,,,,
v6p1i6_0072,train,k,5,silicon_die_lower,119.19232160092565,119.19232160092565,119.19232160092565,504,,,,,
v6p1i6_0072,train,k,6,silicon_die_lower,66.36822944192319,66.36822944192319,66.36822944192319,528,,,,,
v6p1i6_0072,train,k,7,silicon_die_lower,122.37713965547968,122.37713965547968,122.37713965547968,560,,,,,
v6p1i6_0072,train,q,0,silicon_die_upper,,,,576,1.5961627320475646,0.3407801771571907,2.581787109374998e-10,90.81930347698172,6182394846.777144
v6p1i6_0072,train,q,1,silicon_die_upper,,,,504,1.6501268884150433,0.3523015054013711,2.2590637207031226e-10,97.35478290881676,7304472526.792867
v6p1i6_0072,train,q,2,silicon_die_lower,,,,576,1.4375589101733361,0.3069183174414381,2.6367187499999985e-10,90.43785304395479,5452075274.138878
v6p1i6_0073,train,k,0,silicon_die_upper,49.35458316861112,49.35458316861112,49.35458316861112,384,,,,,
v6p1i6_0073,train,k,1,silicon_die_lower,176.98138533706145,176.98138533706145,176.98138533706145,432,,,,,
v6p1i6_0073,train,k,2,silicon_die_lower,106.1619907030102,106.1619907030102,106.1619907030102,648,,,,,
v6p1i6_0073,train,k,3,silicon_die_lower,125.5218614910747,125.5218614910747,125.5218614910747,448,,,,,
v6p1i6_0073,train,k,4,silicon_die_lower,88.64732521380726,88.64732521380726,88.64732521380726,504,,,,,
v6p1i6_0073,train,k,5,silicon_die_lower,64.73202443783931,64.73202443783931,64.73202443783931,880,,,,,
v6p1i6_0073,train,k,6,silicon_die_lower,20.411825792484965,20.411825792484965,20.411825792484965,432,,,,,
v6p1i6_0073,train,k,7,silicon_die_lower,124.85398519441272,124.85398519441272,124.85398519441272,576,,,,,
v6p1i6_0073,train,q,0,silicon_die_lower,,,,336,1.0908122379195366,0.12200086538115071,1.5380859375e-10,116.6227745053794,7092010994.473686
v6p1i6_0073,train,q,1,silicon_die_lower,,,,240,0.6316449511070275,0.07064573349091484,1.0986328124999998e-10,76.0082615267569,5749372710.520855
v6p1i6_0073,train,q,2,silicon_die_lower,,,,448,0.9170615354841214,0.10256788203093356,2.050781250000001e-10,73.2451172263449,4471766725.408285
v6p1i6_0073,train,q,3,silicon_die_lower,,,,336,0.668139255433968,0.07472740451970857,1.5380859374999997e-10,76.84909573502179,4343965698.821482
v6p1i6_0073,train,q,4,silicon_die_lower,,,,288,0.7249792292230438,0.08108461774985634,1.3183593749999998e-10,86.11220771503388,5499101709.069608
v6p1i6_0073,train,q,5,silicon_die_lower,,,,432,1.024829060218585,0.11462103913766465,1.9775390624999994e-10,77.88583039695874,5182345469.944846
v6p1i6_0073,train,q,6,silicon_die_lower,,,,240,0.9116500389514856,0.10196263830791863,1.0986328125000001e-10,110.70947123345996,8298041243.433966
v6p1i6_0073,train,q,7,silicon_die_upper,,,,448,1.2392641398524475,0.13860432826293478,2.008056640625e-10,92.52802087940434,6171460081.259119
v6p1i6_0073,train,q,8,silicon_die_lower,,,,384,1.732640047948566,0.19378549111891807,1.757812499999999e-10,140.64481891069298,9856796717.218515
v6p1i6_0074,train,k,0,silicon_die_lower,208.3068470317518,208.3068470317518,208.3068470317518,336,,,,,
v6p1i6_0074,train,k,1,silicon_die_upper,31.92427360817516,31.92427360817516,31.92427360817516,648,,,,,
v6p1i6_0074,train,k,2,silicon_die_lower,22.697084452104555,22.697084452104555,22.697084452104555,560,,,,,
v6p1i6_0074,train,k,3,silicon_die_upper,28.914406143195794,28.914406143195794,28.914406143195794,480,,,,,
v6p1i6_0074,train,k,4,silicon_die_upper,24.575447479572,24.575447479572,24.575447479572,576,,,,,
v6p1i6_0074,train,q,0,silicon_die_lower,,,,336,0.7707528727828805,0.12996242060126265,1.5380859374999997e-10,69.31539846664903,5011117090.34711
v6p1i6_0074,train,q,1,silicon_die_upper,,,,448,0.8918878735159271,0.15038790128479326,2.0080566406250004e-10,79.14302053566982,4441547392.001504
v6p1i6_0074,train,q,2,silicon_die_lower,,,,504,1.758792494654642,0.2965631890742757,2.3071289062499973e-10,116.95922550657001,7623295299.582458
v6p1i6_0074,train,q,3,silicon_die_lower,,,,392,1.228520029825967,0.2071499730605537,1.7944335937499983e-10,85.8682405740046,6846283050.567573
v6p1i6_0074,train,q,4,silicon_die_lower,,,,336,1.280629348542713,0.21593651597911467,1.5380859374999997e-10,131.4115667775744,8326123510.525322
v6p1i6_0075,train,k,0,silicon_die_upper,114.04942505875952,114.04942505875952,114.04942505875952,576,,,,,
v6p1i6_0075,train,k,1,silicon_die_lower,213.47806203803808,213.47806203803808,213.47806203803808,720,,,,,
v6p1i6_0075,train,q,0,silicon_die_upper,,,,384,0.632058814052638,0.1115622080925604,1.7211914062499985e-10,60.38340792368917,3672216882.779585
v6p1i6_0075,train,q,1,silicon_die_upper,,,,360,0.7535061209473711,0.1329983931798281,1.6136169433593736e-10,60.22095644355851,4669671597.390729
v6p1i6_0075,train,q,2,silicon_die_upper,,,,336,1.0424244485947516,0.18399422754543712,1.5060424804687498e-10,96.1159915287595,6921613846.312629
v6p1i6_0075,train,q,3,silicon_die_upper,,,,384,0.8716864217784079,0.15385793191360092,1.7211914062499988e-10,79.51285950919015,5064436288.800512
v6p1i6_0075,train,q,4,silicon_die_lower,,,,504,1.2468566287157192,0.2200777452694251,2.3071289062499988e-10,88.09369747667651,5404364816.105385
v6p1i6_0075,train,q,5,silicon_die_lower,,,,336,0.620855399606349,0.10958473760086655,1.5380859374999997e-10,61.49904856695096,4036545582.2025485
v6p1i6_0075,train,q,6,silicon_die_upper,,,,336,0.4981401695532684,0.08792475639828173,1.5060424804687488e-10,54.34234189327784,3307610349.730803
v6p1i6_0076,test_iid,k,0,silicon_die_upper,30.55024564037928,30.55024564037928,30.55024564037928,720,,,,,
v6p1i6_0076,test_iid,k,1,silicon_die_lower,46.108617060018474,46.108617060018474,46.108617060018474,576,,,,,
v6p1i6_0076,test_iid,k,2,silicon_die_lower,147.58999953021964,147.58999953021964,147.58999953021964,384,,,,,
v6p1i6_0076,test_iid,k,3,silicon_die_lower,195.9880860002686,195.9880860002686,195.9880860002686,560,,,,,
v6p1i6_0076,test_iid,k,4,silicon_die_lower,396.65660366936226,396.65660366936226,396.65660366936226,504,,,,,
v6p1i6_0076,test_iid,k,5,silicon_die_lower,182.39190974097852,182.39190974097852,182.39190974097852,800,,,,,
v6p1i6_0076,test_iid,q,0,silicon_die_upper,,,,336,0.21631257123736383,0.08268395750999273,1.506042480468749e-10,22.222333272412367,1436297940.082258
v6p1i6_0076,test_iid,q,1,silicon_die_upper,,,,448,0.348680181121022,0.13328054451699514,2.0080566406249989e-10,25.673796314406076,1736406105.6190965
v6p1i6_0076,test_iid,q,2,silicon_die_lower,,,,384,0.2564456205654047,0.09802453307804364,1.7578125e-10,21.52254226884274,1458890641.4387467
v6p1i6_0076,test_iid,q,3,silicon_die_lower,,,,448,0.35304658989033433,0.13494957352944636,2.050781249999999e-10,25.745418272934426,1721522419.274774
v6p1i6_0076,test_iid,q,4,silicon_die_lower,,,,448,0.31752451944498444,0.12137151217790643,2.0507812500000036e-10,22.602630407813958,1548310037.674588
v6p1i6_0076,test_iid,q,5,silicon_die_upper,,,,384,0.22507575542980077,0.08603362297453296,1.721191406249998e-10,23.88508502907482,1307674176.2276099
v6p1i6_0076,test_iid,q,6,silicon_die_upper,,,,448,0.2185855656497687,0.08355279362220142,2.0080566406249984e-10,15.746981267172055,1088542829.0595176
v6p1i6_0076,test_iid,q,7,silicon_die_lower,,,,320,0.23597882104680473,0.09020124304879937,1.4648437500000007e-10,22.156760961265984,1610948751.6795194
v6p1i6_0076,test_iid,q,8,silicon_die_upper,,,,392,0.2623345934645431,0.10027555151023426,1.7570495605468738e-10,22.30626081119421,1493040374.9276862
v6p1i6_0076,test_iid,q,9,silicon_die_lower,,,,384,0.18215291142588505,0.06962666803184775,1.7578124999999992e-10,17.056278290430768,1036247673.8894799
v6p1i6_0077,train,k,0,silicon_die_lower,93.62768459611921,93.62768459611921,93.62768459611921,448,,,,,
v6p1i6_0077,train,k,1,silicon_die_lower,87.42641206077889,87.42641206077889,87.42641206077889,320,,,,,
v6p1i6_0077,train,k,2,silicon_die_upper,104.19573861214569,104.19573861214569,104.19573861214569,480,,,,,
v6p1i6_0077,train,q,0,silicon_die_lower,,,,448,2.14009751377613,0.2432343088242081,2.0507812499999977e-10,169.12923534737743,10435523114.794094
v6p1i6_0077,train,q,1,silicon_die_lower,,,,288,1.5011809263172964,0.17061778852712048,1.3183593749999985e-10,199.02403145485957,11386735322.584543
v6p1i6_0077,train,q,2,silicon_die_upper,,,,384,2.634552466438453,0.29943193901691695,1.721191406249999e-10,246.5634082700483,15306562982.314766
v6p1i6_0077,train,q,3,silicon_die_upper,,,,336,2.5226709336128663,0.28671596363175456,1.5060424804687488e-10,228.25673999772062,16750330527.38125
v6p1i6_0078,train,k,0,silicon_die_upper,135.8217762181772,135.8217762181772,135.8217762181772,504,,,,,
v6p1i6_0078,train,k,1,silicon_die_upper,361.7820948036371,361.7820948036371,361.7820948036371,576,,,,,
v6p1i6_0078,train,k,2,silicon_die_upper,304.52277371382564,304.52277371382564,304.52277371382564,640,,,,,
v6p1i6_0078,train,k,3,silicon_die_upper,345.3595100667188,345.3595100667188,345.3595100667188,336,,,,,
v6p1i6_0078,train,k,4,silicon_die_lower,133.26671419723357,133.26671419723357,133.26671419723357,528,,,,,
v6p1i6_0078,train,q,0,silicon_die_lower,,,,336,1.0218380137835112,0.11520906840770957,1.5380859374999997e-10,117.59075032604197,6643569054.694068
v6p1i6_0078,train,q,1,silicon_die_lower,,,,448,0.845878231041412,0.09537014837000277,2.0507812499999985e-10,61.05790736618162,4124663374.2209835
v6p1i6_0078,train,q,2,silicon_die_upper,,,,512,0.8772317758985453,0.0989051633582345,2.2949218750000008e-10,61.181174585799944,3822490802.2132344
v6p1i6_0078,train,q,3,silicon_die_lower,,,,280,1.1527979895716887,0.12997439970849697,1.2817382812500007e-10,118.86307990205535,8994020124.35359
v6p1i6_0078,train,q,4,silicon_die_upper,,,,432,1.129789365029241,0.12738024861691333,1.9363403320312467e-10,87.59469095299217,5834663185.701849
v6p1i6_0078,train,q,5,silicon_die_lower,,,,448,1.5556451406589888,0.17539416718770973,2.05078125e-10,101.86270763578148,7585622019.213355
v6p1i6_0078,train,q,6,silicon_die_upper,,,,504,1.3166766932723974,0.14845121553502363,2.2590637207031231e-10,92.62774432422569,5828417681.209044
v6p1i6_0078,train,q,7,silicon_die_lower,,,,392,0.9695662476492085,0.10931558881590946,1.7944335937499983e-10,77.1357881845502,5403188231.797499
v6p1i6_0079,test_iid,k,0,silicon_die_lower,53.19729953432045,53.19729953432045,53.19729953432045,576,,,,,
v6p1i6_0079,test_iid,k,1,silicon_die_lower,310.26623589388305,310.26623589388305,310.26623589388305,880,,,,,
v6p1i6_0079,test_iid,k,2,silicon_die_lower,208.21469602475995,208.21469602475995,208.21469602475995,640,,,,,
v6p1i6_0079,test_iid,k,3,silicon_die_lower,30.138932553881304,30.138932553881304,30.138932553881304,512,,,,,
v6p1i6_0079,test_iid,k,4,silicon_die_lower,162.03363747939542,162.03363747939542,162.03363747939542,336,,,,,
v6p1i6_0079,test_iid,k,5,silicon_die_lower,378.3098826682318,378.3098826682318,378.3098826682318,384,,,,,
v6p1i6_0079,test_iid,k,6,silicon_die_upper,251.91378452741807,251.91378452741807,251.91378452741807,576,,,,,
v6p1i6_0079,test_iid,k,7,silicon_die_lower,92.3938252547789,92.3938252547789,92.3938252547789,560,,,,,
v6p1i6_0079,test_iid,q,0,silicon_die_upper,,,,576,1.2867220130202868,0.21198490777338155,2.581787109374998e-10,73.26063124702215,4983842425.845011
v6p1i6_0079,test_iid,q,1,silicon_die_upper,,,,384,0.9814327522240525,0.1616891056193593,1.721191406249998e-10,72.80495657054654,5702054685.262019
v6p1i6_0079,test_iid,q,2,silicon_die_upper,,,,392,0.8865106103353915,0.14605087040592135,1.7570495605468736e-10,82.9848234073269,5045450226.568846
v6p1i6_0079,test_iid,q,3,silicon_die_lower,,,,384,1.1687393131877404,0.192547491229811,1.757812499999998e-10,103.89176202917258,6648828092.801375
v6p1i6_0079,test_iid,q,4,silicon_die_lower,,,,432,0.7592535811389697,0.12508552643516216,1.9775390624999986e-10,51.50673132176515,3839386010.302743
v6p1i6_0079,test_iid,q,5,silicon_die_upper,,,,576,0.9872173006498952,0.16264209853636447,2.581787109374997e-10,59.255100145095135,3823775000.9096694
v6p1i6_0080,train,k,0,silicon_die_upper,20.792606252429,20.792606252429,20.792606252429,720,,,,,
v6p1i6_0080,train,k,1,silicon_die_lower,29.485758468998952,29.485758468998952,29.485758468998952,432,,,,,
v6p1i6_0080,train,k,2,silicon_die_upper,70.96789403210364,70.96789403210364,70.96789403210364,440,,,,,
v6p1i6_0080,train,k,3,silicon_die_lower,24.73881980233074,24.73881980233074,24.73881980233074,504,,,,,
v6p1i6_0080,train,k,4,silicon_die_lower,133.51449079595284,133.51449079595284,133.51449079595284,792,,,,,
v6p1i6_0080,train,k,5,silicon_die_lower,39.531290981480694,39.531290981480694,39.531290981480694,480,,,,,
v6p1i6_0080,train,q,0,silicon_die_upper,,,,512,1.088357048903745,0.26550976028312806,2.2949218749999987e-10,74.37413313283646,4742457949.265683
v6p1i6_0080,train,q,1,silicon_die_lower,,,,504,1.0255972638864062,0.25019921904837555,2.307128906249998e-10,69.60315854308122,4445340098.284363
v6p1i6_0080,train,q,2,silicon_die_upper,,,,288,0.48280895004973784,0.11778348724747578,1.2908935546874988e-10,47.816917354536486,3740114344.0259633
v6p1i6_0080,train,q,3,silicon_die_lower,,,,240,0.6389382019583129,0.1558719438704053,1.0986328124999993e-10,80.73137059686835,5815757500.491669
v6p1i6_0080,train,q,4,silicon_die_lower,,,,576,0.8634210975632286,0.21063558955061526,2.6367187499999985e-10,46.567945200215874,3274604458.906469
v6p1i6_0081,train,k,0,silicon_die_upper,39.21961618367282,39.21961618367282,39.21961618367282,392,,,,,
v6p1i6_0081,train,k,1,silicon_die_upper,73.01266416804636,73.01266416804636,73.01266416804636,1056,,,,,
v6p1i6_0081,train,k,2,silicon_die_lower,25.0406428521278,25.0406428521278,25.0406428521278,640,,,,,
v6p1i6_0081,train,k,3,silicon_die_upper,193.03351179403649,193.03351179403649,193.03351179403649,504,,,,,
v6p1i6_0081,train,q,0,silicon_die_lower,,,,288,0.55658381732359,0.07558142265982178,1.3183593749999982e-10,69.41099038935552,4221791325.476718
v6p1i6_0081,train,q,1,silicon_die_upper,,,,432,1.577179349693585,0.21417341886213936,1.936340332031248e-10,123.19531169403491,8145155702.247353
v6p1i6_0081,train,q,2,silicon_die_upper,,,,512,1.7083262994292177,0.23198254792769463,2.2949218749999977e-10,119.95505591231442,7443940981.342641
v6p1i6_0081,train,q,3,silicon_die_upper,,,,432,0.7887273568871664,0.10710540599421485,1.9363403320312483e-10,60.5358669117872,4073288893.6924653
v6p1i6_0081,train,q,4,silicon_die_upper,,,,504,1.2152516805955629,0.16502537093303848,2.2590637207031231e-10,77.69817532836097,5379448439.007827
v6p1i6_0081,train,q,5,silicon_die_upper,,,,288,0.5312904181503315,0.07214669992100704,1.290893554687499e-10,67.9910386790862,4115679532.3759046
v6p1i6_0081,train,q,6,silicon_die_upper,,,,384,0.9866704615519246,0.1339851337020839,1.7211914062499975e-10,89.4450419205241,5732485404.988212
v6p1i6_0082,valid_iid,k,0,silicon_die_lower,159.91777352515766,159.91777352515766,159.91777352515766,576,,,,,
v6p1i6_0082,valid_iid,k,1,silicon_die_lower,99.26213211755488,99.26213211755488,99.26213211755488,576,,,,,
v6p1i6_0082,valid_iid,k,2,silicon_die_lower,59.19671807949752,59.19671807949752,59.19671807949752,616,,,,,
v6p1i6_0082,valid_iid,k,3,silicon_die_lower,36.173342967705416,36.173342967705416,36.173342967705416,288,,,,,
v6p1i6_0082,valid_iid,k,4,silicon_die_upper,182.26010708100964,182.26010708100964,182.26010708100964,504,,,,,
v6p1i6_0082,valid_iid,q,0,silicon_die_upper,,,,448,2.328234482669884,0.4654024927508344,2.0080566406249978e-10,167.40851030154056,11594466189.68493
v6p1i6_0082,valid_iid,q,1,silicon_die_upper,,,,240,0.8515501708408113,0.17022064365151188,1.0757446289062485e-10,123.52705452745361,7915913758.329573
v6p1i6_0082,valid_iid,q,2,silicon_die_lower,,,,360,1.8228410713935466,0.3643768635976537,1.6479492187499987e-10,173.83585002185683,11061269671.745144
v6p1i6_0083,train,k,0,silicon_die_lower,349.01450026304735,349.01450026304735,349.01450026304735,560,,,,,
v6p1i6_0083,train,k,1,silicon_die_lower,56.03112624739694,56.03112624739694,56.03112624739694,720,,,,,
v6p1i6_0083,train,k,2,silicon_die_lower,32.79878741403253,32.79878741403253,32.79878741403253,528,,,,,
v6p1i6_0083,train,k,3,silicon_die_lower,130.56553621096066,130.56553621096066,130.56553621096066,792,,,,,
v6p1i6_0083,train,k,4,silicon_die_upper,103.76330021946721,103.76330021946721,103.76330021946721,432,,,,,
v6p1i6_0083,train,k,5,silicon_die_upper,123.45201414103686,123.45201414103686,123.45201414103686,792,,,,,
v6p1i6_0083,train,q,0,silicon_die_lower,,,,448,0.5964927645674258,0.07552156799156033,2.0507812499999995e-10,46.83188100275696,2908612337.7002106
v6p1i6_0083,train,q,1,silicon_die_upper,,,,512,0.7681181725163572,0.09725095128909968,2.2949218749999987e-10,51.61663840396612,3347034079.390426
v6p1i6_0083,train,q,2,silicon_die_upper,,,,320,0.8368150182105744,0.10594861505148234,1.4343261718749987e-10,74.2513264221972,5834203088.664707
v6p1i6_0083,train,q,3,silicon_die_upper,,,,336,0.8235407885498979,0.10426797331129062,1.5060424804687482e-10,69.95789724360503,5468244084.9449005
v6p1i6_0083,train,q,4,silicon_die_lower,,,,576,0.75198808390741,0.09520873107126701,2.6367187499999996e-10,45.037893207515395,2851984436.7451406
v6p1i6_0083,train,q,5,silicon_die_upper,,,,336,0.7678412336889043,0.09721588824101367,1.5060424804687488e-10,66.66439220228413,5098403555.322804
v6p1i6_0083,train,q,6,silicon_die_upper,,,,384,0.9522211290012512,0.12056010903840471,1.7211914062499985e-10,78.23128004756413,5532337226.08387
v6p1i6_0083,train,q,7,silicon_die_lower,,,,576,1.241452249687054,0.1571794765205713,2.63671875e-10,72.61171036869779,4708322606.2205305
v6p1i6_0083,train,q,8,silicon_die_upper,,,,432,1.1598406775064616,0.14684668748531043,1.9363403320312488e-10,85.67962999059857,5989859624.985305
v6p1i6_0084,train,k,0,silicon_die_lower,117.87186374381525,117.87186374381525,117.87186374381525,1056,,,,,
v6p1i6_0084,train,k,1,silicon_die_upper,27.447897663511167,27.447897663511167,27.447897663511167,288,,,,,
v6p1i6_0084,train,k,2,silicon_die_lower,132.84984511891477,132.84984511891477,132.84984511891477,440,,,,,
v6p1i6_0084,train,k,3,silicon_die_lower,273.2979486204871,273.2979486204871,273.2979486204871,792,,,,,
v6p1i6_0084,train,k,4,silicon_die_lower,101.7393867614409,101.7393867614409,101.7393867614409,504,,,,,
v6p1i6_0084,train,q,0,silicon_die_lower,,,,448,0.6883559081874823,0.15984054471108736,2.050781249999999e-10,58.308145090522466,3356554523.7332487
v6p1i6_0084,train,q,1,silicon_die_lower,,,,432,0.5359725892444414,0.12445618552272243,1.9775390624999997e-10,47.25355221938725,2710300895.7348547
v6p1i6_0084,train,q,2,silicon_die_lower,,,,384,0.39046841990677844,0.09066920787346272,1.7578124999999987e-10,36.82321303709522,2221331455.4696746
v6p1i6_0084,train,q,3,silicon_die_upper,,,,576,0.6367552271501598,0.14785854402457288,2.5817871093749985e-10,38.77760609784452,2466335139.864828
v6p1i6_0084,train,q,4,silicon_die_upper,,,,432,0.5045287286973769,0.11715472455190533,1.9363403320312485e-10,45.80953670099476,2605578783.6021523
v6p1i6_0084,train,q,5,silicon_die_lower,,,,200,0.34489525811281846,0.08008683483255455,9.155273437500007e-11,50.44020724357259,3767175939.280276
v6p1i6_0084,train,q,6,silicon_die_lower,,,,512,0.8139386585315069,0.18900164434363123,2.34375e-10,55.04598681766455,3472804943.0677633
v6p1i6_0084,train,q,7,silicon_die_lower,,,,384,0.39160149132756944,0.0909323141400635,1.7578124999999995e-10,39.141164775822745,2227777372.885729
v6p1i6_0085,valid_iid,k,0,silicon_die_lower,200.80025495775186,200.80025495775186,200.80025495775186,480,,,,,
v6p1i6_0085,valid_iid,k,1,silicon_die_lower,45.53525254103014,45.53525254103014,45.53525254103014,448,,,,,
v6p1i6_0085,valid_iid,k,2,silicon_die_upper,69.15378462261404,69.15378462261404,69.15378462261404,704,,,,,
v6p1i6_0085,valid_iid,q,0,silicon_die_upper,,,,384,2.5142722485478357,0.14577769782639846,1.7211914062499988e-10,182.97412582244345,14607743446.882187
v6p1i6_0085,valid_iid,q,1,silicon_die_upper,,,,392,2.6311428193445763,0.15255386248567354,1.7570495605468746e-10,217.8744473351125,14974778619.936274
v6p1i6_0085,valid_iid,q,2,silicon_die_upper,,,,448,4.3502417078375535,0.25222734790284307,2.0080566406249989e-10,306.0780608365288,21663939252.64757
v6p1i6_0085,valid_iid,q,3,silicon_die_lower,,,,240,1.884226759184053,0.10924761202586251,1.0986328124999984e-10,229.44998133869268,17150650679.150871
v6p1i6_0085,valid_iid,q,4,silicon_die_lower,,,,360,3.0962553639173307,0.1795211234961529,1.6479492187499987e-10,293.28454056839223,18788536252.748737
v6p1i6_0085,valid_iid,q,5,silicon_die_upper,,,,392,2.7711649483044045,0.16067235626306947,1.757049560546874e-10,227.54250570100066,15771694837.34933
v6p1i6_0086,train,k,0,silicon_die_upper,145.71922677482794,145.71922677482794,145.71922677482794,504,,,,,
v6p1i6_0086,train,k,1,silicon_die_upper,73.9660441194344,73.9660441194344,73.9660441194344,720,,,,,
v6p1i6_0086,train,k,2,silicon_die_upper,44.95965551034983,44.95965551034983,44.95965551034983,792,,,,,
v6p1i6_0086,train,k,3,silicon_die_upper,56.417622151227846,56.417622151227846,56.417622151227846,720,,,,,
v6p1i6_0086,train,k,4,silicon_die_upper,47.89728658120476,47.89728658120476,47.89728658120476,576,,,,,
v6p1i6_0086,train,k,5,silicon_die_lower,129.80862271803574,129.80862271803574,129.80862271803574,384,,,,,
v6p1i6_0086,train,q,0,silicon_die_lower,,,,200,0.46973886478477284,0.05895494089220824,9.155273437499998e-11,64.25762137196351,5130801040.42248
v6p1i6_0086,train,q,1,silicon_die_upper,,,,288,0.8702680539167457,0.1092236677127977,1.2908935546874995e-10,96.54556624979041,6741594229.490292
v6p1i6_0086,train,q,2,silicon_die_upper,,,,240,0.5473768667836669,0.06869895860496684,1.075744628906249e-10,67.86756033282316,5088353239.933962
v6p1i6_0086,train,q,3,silicon_die_lower,,,,200,0.4370890426689949,0.0548571996208771,9.155273437499998e-11,62.97852598472026,4774177916.725876
v6p1i6_0086,train,q,4,silicon_die_lower,,,,448,1.6638530680901347,0.20882317099207376,2.0507812499999995e-10,122.71288668288679,8113264484.401421
v6p1i6_0086,train,q,5,silicon_die_upper,,,,448,0.9579733355708995,0.12023118717411421,2.008056640624998e-10,67.62972009662039,4770648975.681955
v6p1i6_0086,train,q,6,silicon_die_upper,,,,392,0.8211726303182871,0.1030619084603432,1.7570495605468736e-10,70.08027571537332,4673588319.629988
v6p1i6_0086,train,q,7,silicon_die_upper,,,,336,0.8658959646387041,0.10867494525381935,1.506042480468749e-10,95.81003111924322,5749479021.130917
v6p1i6_0086,train,q,8,silicon_die_upper,,,,320,0.6966566006995918,0.08743442749883899,1.4343261718749976e-10,61.580312260450214,4857030530.1540985
v6p1i6_0086,train,q,9,silicon_die_upper,,,,336,0.6377363348302426,0.08003959378996067,1.5060424804687488e-10,66.80150936310784,4234517572.3844795
v6p1i6_0087,test_iid,k,0,silicon_die_upper,225.39060504620443,225.39060504620443,225.39060504620443,576,,,,,
v6p1i6_0087,test_iid,k,1,silicon_die_upper,64.99218182847324,64.99218182847324,64.99218182847324,792,,,,,
v6p1i6_0087,test_iid,k,2,silicon_die_upper,337.045321862922,337.045321862922,337.045321862922,384,,,,,
v6p1i6_0087,test_iid,k,3,silicon_die_upper,38.779239199989654,38.779239199989654,38.779239199989654,800,,,,,
v6p1i6_0087,test_iid,k,4,silicon_die_lower,23.523282550918527,23.523282550918527,23.523282550918527,560,,,,,
v6p1i6_0087,test_iid,q,0,silicon_die_upper,,,,504,1.1151116079210355,0.263940702977995,2.2590637207031231e-10,67.31495314789449,4936167128.450728
v6p1i6_0087,test_iid,q,1,silicon_die_lower,,,,504,0.9859515717007904,0.23336924222511865,2.3071289062499988e-10,64.35362549085838,4273500145.699936
v6p1i6_0087,test_iid,q,2,silicon_die_lower,,,,504,0.9155100452281606,0.21669612548598635,2.30712890625e-10,58.74275797252018,3968178989.6873503
v6p1i6_0087,test_iid,q,3,silicon_die_lower,,,,576,1.2082833256533416,0.2859939293109,2.6367187499999985e-10,77.27556847327737,4582526390.626009
v6p1i6_0088,train,k,0,silicon_die_upper,70.79188084445235,70.79188084445235,70.79188084445235,528,,,,,
v6p1i6_0088,train,k,1,silicon_die_lower,33.576330681736,33.576330681736,33.576330681736,240,,,,,
v6p1i6_0088,train,k,2,silicon_die_lower,83.042182895809,83.042182895809,83.042182895809,432,,,,,
v6p1i6_0088,train,k,3,silicon_die_upper,27.576692542428642,27.576692542428642,27.576692542428642,616,,,,,
v6p1i6_0088,train,k,4,silicon_die_lower,86.58103516348697,86.58103516348697,86.58103516348697,384,,,,,
v6p1i6_0088,train,k,5,silicon_die_lower,102.82582957795982,102.82582957795982,102.82582957795982,704,,,,,
v6p1i6_0088,train,q,0,silicon_die_upper,,,,336,0.4726227672391959,0.09492237540770086,1.5060424804687488e-10,44.223619854321335,3138176866.645184
v6p1i6_0088,train,q,1,silicon_die_lower,,,,336,0.37755462554475655,0.07582872512092798,1.5380859375e-10,35.6136156337121,2454704359.0973377
v6p1i6_0088,train,q,2,silicon_die_upper,,,,384,0.515442737906217,0.10352241250355372,1.7211914062499975e-10,39.45165367689882,2994685751.0125785
v6p1i6_0088,train,q,3,silicon_die_lower,,,,512,0.4680853504209658,0.09401107275269509,2.34375e-10,29.859716297010042,1997164161.796121
v6p1i6_0088,train,q,4,silicon_die_lower,,,,432,0.5543568064956064,0.11133798145902384,1.9775390624999997e-10,42.12811052973668,2803266023.9580297
v6p1i6_0088,train,q,5,silicon_die_upper,,,,280,0.3419154717709284,0.06867089573091899,1.2550354003906235e-10,41.34532324922716,2724349222.8546615
v6p1i6_0088,train,q,6,silicon_die_upper,,,,336,0.5158868021602034,0.10361159913768112,1.5060424804687477e-10,53.78502918098025,3425446551.8106527
v6p1i6_0088,train,q,7,silicon_die_upper,,,,448,0.6895265436480231,0.13848570565498566,2.008056640624996e-10,51.26849833891535,3433800270.859949
v6p1i6_0088,train,q,8,silicon_die_upper,,,,448,0.5515372624754965,0.11077169935306691,2.0080566406249989e-10,40.53732697431779,2746622039.0269117
v6p1i6_0088,train,q,9,silicon_die_upper,,,,576,0.4921165120019636,0.09883753287944587,2.5817871093749985e-10,29.50292243572733,1906108021.9007509
v6p1i6_0089,train,k,0,silicon_die_upper,48.41023039868787,48.41023039868787,48.41023039868787,432,,,,,
v6p1i6_0089,train,k,1,silicon_die_upper,138.26125567681407,138.26125567681407,138.26125567681407,528,,,,,
v6p1i6_0089,train,k,2,silicon_die_upper,31.636278701171083,31.636278701171083,31.636278701171083,968,,,,,
v6p1i6_0089,train,k,3,silicon_die_lower,193.48065471003042,193.48065471003042,193.48065471003042,792,,,,,
v6p1i6_0089,train,q,0,silicon_die_upper,,,,504,0.9686154239766563,0.2504926238191089,2.2590637207031231e-10,56.449772330354854,4287685270.2285852
v6p1i6_0089,train,q,1,silicon_die_upper,,,,512,1.434013568875462,0.37084875232017356,2.294921874999999e-10,83.71853470447023,6248637849.057335
v6p1i6_0089,train,q,2,silicon_die_lower,,,,392,0.7505679920226379,0.19410360502469312,1.79443359375e-10,63.804012245988964,4182757136.4962244
v6p1i6_0089,train,q,3,silicon_die_upper,,,,288,0.7136451169355292,0.18455501883602435,1.2908935546874993e-10,86.73196912634529,5528303355.022089
v6p1i6_0090,valid_iid,k,0,silicon_die_lower,243.09406086892415,243.09406086892415,243.09406086892415,968,,,,,
v6p1i6_0090,valid_iid,k,1,silicon_die_lower,22.069239173339007,22.069239173339007,22.069239173339007,792,,,,,
v6p1i6_0090,valid_iid,k,2,silicon_die_lower,91.73459684498121,91.73459684498121,91.73459684498121,576,,,,,
v6p1i6_0090,valid_iid,k,3,silicon_die_upper,49.53302392530282,49.53302392530282,49.53302392530282,640,,,,,
v6p1i6_0090,valid_iid,q,0,silicon_die_lower,,,,320,1.335692341188373,0.15928154532211936,1.464843749999999e-10,126.4644130551128,9118326382.512632
v6p1i6_0090,valid_iid,q,1,silicon_die_lower,,,,336,0.6941542868569243,0.08277802012713008,1.5380859375000003e-10,65.7209541124363,4513104696.771367
v6p1i6_0090,valid_iid,q,2,silicon_die_lower,,,,648,1.5261464412413785,0.1819932300671156,2.966308593750001e-10,88.26678652749303,5144934834.012086
v6p1i6_0090,valid_iid,q,3,silicon_die_upper,,,,336,1.0671078252794006,0.1272527948199548,1.5060424804687493e-10,96.05478873937126,7085509466.81974
v6p1i6_0090,valid_iid,q,4,silicon_die_lower,,,,336,0.7050410563774441,0.08407626929673401,1.5380859374999972e-10,69.34946844238843,4583885979.241296
v6p1i6_0090,valid_iid,q,5,silicon_die_lower,,,,336,0.9158177529180086,0.1092114272276409,1.5380859374999995e-10,88.35435259068375,5954269072.939943
v6p1i6_0090,valid_iid,q,6,silicon_die_upper,,,,384,1.009615149628077,0.12039678319208343,1.721191406249997e-10,85.63797970991135,5865792415.427816
v6p1i6_0090,valid_iid,q,7,silicon_die_lower,,,,384,1.132157081036558,0.13500992994722177,1.7578124999999992e-10,101.2382528348749,6440715838.785755
v6p1i6_0091,train,k,0,silicon_die_lower,94.8976020188898,94.8976020188898,94.8976020188898,720,,,,,
v6p1i6_0091,train,k,1,silicon_die_lower,102.8885608330047,102.8885608330047,102.8885608330047,448,,,,,
v6p1i6_0091,train,k,2,silicon_die_upper,31.787465508991893,31.787465508991893,31.787465508991893,704,,,,,
v6p1i6_0091,train,k,3,silicon_die_lower,88.01185973118248,88.01185973118248,88.01185973118248,616,,,,,
v6p1i6_0091,train,k,4,silicon_die_upper,114.45560516758788,114.45560516758788,114.45560516758788,704,,,,,
v6p1i6_0091,train,k,5,silicon_die_lower,86.3677392875804,86.3677392875804,86.3677392875804,440,,,,,
v6p1i6_0091,train,k,6,silicon_die_lower,193.5998490010115,193.5998490010115,193.5998490010115,448,,,,,
v6p1i6_0091,train,q,0,silicon_die_upper,,,,384,0.8011985205563832,0.126752630767785,1.7211914062499975e-10,81.01593319304943,4654906581.842483
v6p1i6_0091,train,q,1,silicon_die_upper,,,,280,0.7420795101133171,0.11739978011992931,1.2550354003906235e-10,75.74831562105918,5912817358.636645
v6p1i6_0091,train,q,2,silicon_die_upper,,,,288,0.7375274125863875,0.11667962110534556,1.290893554687499e-10,102.61686640278838,5713309280.290961
v6p1i6_0091,train,q,3,silicon_die_upper,,,,392,1.1825627390821067,0.18708588992715977,1.7570495605468736e-10,113.22993299075821,6730389202.647417
v6p1i6_0091,train,q,4,silicon_die_lower,,,,280,0.7319682927057919,0.11580014735253624,1.2817382812499996e-10,77.74263695055693,5710746908.424618
v6p1i6_0091,train,q,5,silicon_die_upper,,,,512,2.1256251941793156,0.33628193072724405,2.2949218749999977e-10,131.2980671290765,9262298718.466475
v6p1i6_0092,valid_iid,k,0,silicon_die_upper,84.47218173884896,84.47218173884896,84.47218173884896,616,,,,,
v6p1i6_0092,valid_iid,k,1,silicon_die_upper,112.12424662526003,112.12424662526003,112.12424662526003,360,,,,,
v6p1i6_0092,valid_iid,k,2,silicon_die_upper,233.33477278931454,233.33477278931454,233.33477278931454,512,,,,,
v6p1i6_0092,valid_iid,k,3,silicon_die_upper,187.06609898001219,187.06609898001219,187.06609898001219,616,,,,,
v6p1i6_0092,valid_iid,k,4,silicon_die_upper,226.7809730539409,226.7809730539409,226.7809730539409,288,,,,,
v6p1i6_0092,valid_iid,k,5,silicon_die_upper,133.5124926967272,133.5124926967272,133.5124926967272,336,,,,,
v6p1i6_0092,valid_iid,k,6,silicon_die_upper,110.14690538905853,110.14690538905853,110.14690538905853,720,,,,,
v6p1i6_0092,valid_iid,k,7,silicon_die_lower,71.46827025790097,71.46827025790097,71.46827025790097,448,,,,,
v6p1i6_0092,valid_iid,q,0,silicon_die_upper,,,,320,1.6922788337513897,0.3484275362829707,1.4343261718749992e-10,160.23859900344962,11798424005.184164
v6p1i6_0092,valid_iid,q,1,silicon_die_lower,,,,288,1.0618283816021294,0.21862251041503944,1.3183593750000008e-10,132.7973939110143,8054164909.337628
v6p1i6_0092,valid_iid,q,2,silicon_die_lower,,,,576,2.1027960357633173,0.43294995330198993,2.6367187499999996e-10,123.35300124224582,7975048668.969027
v6p1i6_0093,train,k,0,silicon_die_lower,38.47844292827344,38.47844292827344,38.47844292827344,528,,,,,
v6p1i6_0093,train,k,1,silicon_die_lower,28.644280075811192,28.644280075811192,28.644280075811192,448,,,,,
v6p1i6_0093,train,k,2,silicon_die_upper,80.9637215865814,80.9637215865814,80.9637215865814,392,,,,,
v6p1i6_0093,train,k,3,silicon_die_lower,88.19856835378589,88.19856835378589,88.19856835378589,792,,,,,
v6p1i6_0093,train,q,0,silicon_die_lower,,,,384,0.751134721214904,0.09168018392785185,1.7578124999999997e-10,59.20258713449399,4273121969.578121
v6p1i6_0093,train,q,1,silicon_die_upper,,,,576,0.8987687411652447,0.1096997398354304,2.5817871093749975e-10,52.684304715183714,3481188429.137443
v6p1i6_0093,train,q,2,silicon_die_lower,,,,336,0.591298990371344,0.07217134112229118,1.5380859374999997e-10,62.59616883084371,3844382007.239723
v6p1i6_0093,train,q,3,silicon_die_upper,,,,384,0.9456923709896827,0.11542703068135055,1.7211914062499985e-10,95.81968363751116,5494405605.06914
v6p1i6_0093,train,q,4,silicon_die_lower,,,,384,0.6135112002923067,0.07488246528348579,1.7578124999999997e-10,55.3113404446239,3490197050.5517898
v6p1i6_0093,train,q,5,silicon_die_upper,,,,504,1.4092866294990873,0.17201129670927942,2.2590637207031234e-10,94.5992204262585,6238365994.653985
v6p1i6_0093,train,q,6,silicon_die_lower,,,,432,1.1528866611936863,0.14071624990953346,1.9775390624999997e-10,92.99802278441165,5829905881.789309
v6p1i6_0093,train,q,7,silicon_die_lower,,,,288,0.6790865046137016,0.08288629707492057,1.3183593749999998e-10,90.58980417466455,5150996894.255041
v6p1i6_0093,train,q,8,silicon_die_upper,,,,504,1.1513229927899689,0.14052539545585688,2.2590637207031226e-10,69.93840039521372,5096460902.092772
v6p1i6_0094,valid_iid,k,0,silicon_die_lower,80.4889339266074,80.4889339266074,80.4889339266074,640,,,,,
v6p1i6_0094,valid_iid,k,1,silicon_die_lower,194.26155555454855,194.26155555454855,194.26155555454855,640,,,,,
v6p1i6_0094,valid_iid,k,2,silicon_die_lower,28.64324132901404,28.64324132901404,28.64324132901404,616,,,,,
v6p1i6_0094,valid_iid,k,3,silicon_die_lower,222.61985053069924,222.61985053069924,222.61985053069924,440,,,,,
v6p1i6_0094,valid_iid,k,4,silicon_die_lower,311.7890928032891,311.7890928032891,311.7890928032891,432,,,,,
v6p1i6_0094,valid_iid,k,5,silicon_die_lower,340.95438217999185,340.95438217999185,340.95438217999185,704,,,,,
v6p1i6_0094,valid_iid,k,6,silicon_die_lower,50.261964052297316,50.261964052297316,50.261964052297316,704,,,,,
v6p1i6_0094,valid_iid,k,7,silicon_die_upper,124.95278089148121,124.95278089148121,124.95278089148121,392,,,,,
v6p1i6_0094,valid_iid,q,0,silicon_die_lower,,,,504,4.265804581850897,0.35283126186745367,2.3071289062500001e-10,295.6254029633745,18489667266.94315
v6p1i6_0094,valid_iid,q,1,silicon_die_lower,,,,448,2.646003649003505,0.2188550339028225,2.0507812499999995e-10,212.22594610741734,12902417793.236141
v6p1i6_0094,valid_iid,q,2,silicon_die_upper,,,,384,1.639263673294221,0.13558602117936716,1.7211914062499975e-10,151.11671991106058,9524005682.004452
v6p1i6_0094,valid_iid,q,3,silicon_die_lower,,,,384,1.5984314608363526,0.1322087260478357,1.7578124999999992e-10,152.74794990471057,9093298977.202366
v6p1i6_0094,valid_iid,q,4,silicon_die_lower,,,,384,1.9407081408577527,0.16051895700252092,1.7578124999999992e-10,163.3598541185898,11040472979.101887
v6p1i6_0095,train,k,0,silicon_die_upper,331.23815001822544,331.23815001822544,331.23815001822544,720,,,,,
v6p1i6_0095,train,k,1,silicon_die_upper,260.8605667824526,260.8605667824526,260.8605667824526,640,,,,,
v6p1i6_0095,train,k,2,silicon_die_upper,34.91829724166373,34.91829724166373,34.91829724166373,560,,,,,
v6p1i6_0095,train,k,3,silicon_die_lower,50.68854750894389,50.68854750894389,50.68854750894389,480,,,,,
v6p1i6_0095,train,q,0,silicon_die_lower,,,,336,0.43905134005552143,0.14524342024400183,1.5380859375e-10,41.25914859452715,2854530617.2498665
v6p1i6_0095,train,q,1,silicon_die_upper,,,,384,0.38731476489766875,0.12812834407389578,1.7211914062499975e-10,33.56417185302214,2250271314.9231963
v6p1i6_0095,train,q,2,silicon_die_lower,,,,448,0.37813960392677076,0.1250930913844632,2.05078125e-10,28.84642847479063,1843880735.3381584
v6p1i6_0095,train,q,3,silicon_die_upper,,,,384,0.5453069227640637,0.18039403440829632,1.721191406249998e-10,42.20330716654371,3168194547.009372
v6p1i6_0095,train,q,4,silicon_die_upper,,,,448,0.42820118275628094,0.14165405878999096,2.0080566406249958e-10,31.947773906644787,2132415859.6592467
v6p1i6_0095,train,q,5,silicon_die_upper,,,,384,0.5051149709397504,0.16709805733985783,1.721191406249998e-10,40.771633254447984,2934682157.403149
v6p1i6_0095,train,q,6,silicon_die_upper,,,,448,0.33973682411706563,0.11238899375949406,2.0080566406249968e-10,25.433676460985176,1691868731.4085143
v6p1i6_0096,test_iid,k,0,silicon_die_lower,213.7043642646868,213.7043642646868,213.7043642646868,968,,,,,
v6p1i6_0096,test_iid,k,1,silicon_die_lower,165.37601882795624,165.37601882795624,165.37601882795624,576,,,,,
v6p1i6_0096,test_iid,k,2,silicon_die_lower,164.41623850525914,164.41623850525914,164.41623850525914,480,,,,,
v6p1i6_0096,test_iid,k,3,silicon_die_lower,50.371372605392295,50.371372605392295,50.371372605392295,720,,,,,
v6p1i6_0096,test_iid,k,4,silicon_die_upper,101.38996918261265,101.38996918261265,101.38996918261265,336,,,,,
v6p1i6_0096,test_iid,q,0,silicon_die_upper,,,,336,2.1364440623767935,0.19192613293643485,1.5060424804687472e-10,243.26336410271963,14185815407.48995
v6p1i6_0096,test_iid,q,1,silicon_die_upper,,,,448,5.109562952450492,0.4590144323124066,2.0080566406249989e-10,383.3656559836562,25445312891.473835
v6p1i6_0096,test_iid,q,2,silicon_die_lower,,,,448,3.8855884051897234,0.34905943475115864,2.0507812499999995e-10,298.3590353662284,18946869175.782276
v6p1i6_0097,train,k,0,silicon_die_lower,219.71228753331488,219.71228753331488,219.71228753331488,384,,,,,
v6p1i6_0097,train,k,1,silicon_die_lower,177.14239126510273,177.14239126510273,177.14239126510273,576,,,,,
v6p1i6_0097,train,k,2,silicon_die_upper,38.58458248935774,38.58458248935774,38.58458248935774,528,,,,,
v6p1i6_0097,train,q,0,silicon_die_lower,,,,448,0.2309741732754258,0.09861504666999528,2.0507812499999995e-10,17.425765019391438,1126274063.9716003
v6p1i6_0097,train,q,1,silicon_die_lower,,,,288,0.16960842414871624,0.07241477445664503,1.3183593749999998e-10,21.60429834924754,1286511306.1354477
v6p1i6_0097,train,q,2,silicon_die_lower,,,,448,0.2431544373915336,0.10381544330841302,2.0507812499999977e-10,20.476309676734424,1185667351.852051
v6p1i6_0097,train,q,3,silicon_die_lower,,,,336,0.31530201080022613,0.13461904449866824,1.5380859374999997e-10,29.613242797034392,2049963549.5836928
v6p1i6_0097,train,q,4,silicon_die_lower,,,,336,0.22708648153533675,0.0969551861888398,1.5380859374999992e-10,23.270838781376955,1476422584.7122855
v6p1i6_0097,train,q,5,silicon_die_upper,,,,336,0.25518611383183215,0.1089524000376118,1.5060424804687488e-10,20.999998671508074,1694415112.0651433
v6p1i6_0097,train,q,6,silicon_die_lower,,,,384,0.3078260601888237,0.1314271672078384,1.7578124999999992e-10,28.810431360465852,1751188253.5186422
v6p1i6_0097,train,q,7,silicon_die_upper,,,,280,0.2653014588816292,0.11327117390753423,1.255035400390624e-10,29.414900381741464,2113896219.9716067
v6p1i6_0097,train,q,8,silicon_die_lower,,,,448,0.3277406702552954,0.13992976372445426,2.0507812499999995e-10,22.884026382266214,1598125934.959155
v6p1i6_0098,valid_iid,k,0,silicon_die_upper,141.00396216996967,141.00396216996967,141.00396216996967,448,,,,,
v6p1i6_0098,valid_iid,k,1,silicon_die_upper,188.2679106102283,188.2679106102283,188.2679106102283,528,,,,,
v6p1i6_0098,valid_iid,k,2,silicon_die_lower,61.344097879387654,61.344097879387654,61.344097879387654,384,,,,,
v6p1i6_0098,valid_iid,k,3,silicon_die_upper,311.33995518716915,311.33995518716915,311.33995518716915,432,,,,,
v6p1i6_0098,valid_iid,k,4,silicon_die_upper,303.47086217884606,303.47086217884606,303.47086217884606,288,,,,,
v6p1i6_0098,valid_iid,q,0,silicon_die_lower,,,,504,0.8457702944291832,0.21437568426075215,2.3071289062500001e-10,56.43492612644767,3665899604.213687
v6p1i6_0098,valid_iid,q,1,silicon_die_upper,,,,432,0.9940086549675603,0.25194936139675794,1.9363403320312472e-10,78.43671872715753,5133439811.816716
v6p1i6_0098,valid_iid,q,2,silicon_die_lower,,,,240,0.5855223959237289,0.1484111763003689,1.0986328124999997e-10,78.99447722567717,5329554963.785765
v6p1i6_0098,valid_iid,q,3,silicon_die_upper,,,,360,0.8836340134258396,0.22397292445945566,1.6136169433593729e-10,76.76959440029715,5476107678.853513
v6p1i6_0098,valid_iid,q,4,silicon_die_upper,,,,448,0.6363362206574649,0.16129085358266518,2.008056640624997e-10,45.67187903631355,3168915695.8212523
v6p1i6_0099,valid_iid,k,0,silicon_die_lower,153.8363287407142,153.8363287407142,153.8363287407142,704,,,,,
v6p1i6_0099,valid_iid,k,1,silicon_die_lower,37.62486498318532,37.62486498318532,37.62486498318532,432,,,,,
v6p1i6_0099,valid_iid,k,2,silicon_die_lower,46.69278433051308,46.69278433051308,46.69278433051308,640,,,,,
v6p1i6_0099,valid_iid,k,3,silicon_die_upper,81.11559636332534,81.11559636332534,81.11559636332534,792,,,,,
v6p1i6_0099,valid_iid,q,0,silicon_die_lower,,,,432,0.8934028267235163,0.11380918960137856,1.9775390624999992e-10,79.81053992944702,4517750590.443857
v6p1i6_0099,valid_iid,q,1,silicon_die_lower,,,,432,1.0000904212194246,0.12739995549880664,1.9775390625000012e-10,72.5789919331308,5057247364.586124
v6p1i6_0099,valid_iid,q,2,silicon_die_upper,,,,576,1.8404983625441151,0.2344582094865409,2.5817871093749965e-10,110.16446739966126,7128776636.388374
v6p1i6_0099,valid_iid,q,3,silicon_die_lower,,,,504,1.1655084824763362,0.14847230375421067,2.3071289062499994e-10,79.68724452915576,5051770099.706957
v6p1i6_0099,valid_iid,q,4,silicon_die_lower,,,,336,0.944241517052042,0.12028545089540682,1.5380859374999997e-10,104.64165792004006,6139068656.897086
v6p1i6_0099,valid_iid,q,5,silicon_die_upper,,,,288,0.5585910740896332,0.07115804378395905,1.2908935546874988e-10,66.69886358067656,4327166032.096718
v6p1i6_0099,valid_iid,q,6,silicon_die_upper,,,,432,1.4476733641999688,0.1844168469796974,1.9363403320312498e-10,102.7910852715184,7476337399.22846
v6p1i6_0100,train,k,0,silicon_die_upper,37.69918808710399,37.69918808710399,37.69918808710399,384,,,,,
v6p1i6_0100,train,k,1,silicon_die_upper,230.70247162853207,230.70247162853207,230.70247162853207,336,,,,,
v6p1i6_0100,train,k,2,silicon_die_upper,157.38129065123022,157.38129065123022,157.38129065123022,648,,,,,
v6p1i6_0100,train,k,3,silicon_die_upper,79.62695420178994,79.62695420178994,79.62695420178994,320,,,,,
v6p1i6_0100,train,k,4,silicon_die_lower,78.07941434466748,78.07941434466748,78.07941434466748,360,,,,,
v6p1i6_0100,train,q,0,silicon_die_upper,,,,384,0.7823916799344954,0.07786348360080776,1.7211914062499988e-10,66.54942468514528,4545640171.647795
v6p1i6_0100,train,q,1,silicon_die_upper,,,,504,1.494947788590231,0.1487769433216683,2.2590637207031226e-10,99.74144758662922,6617554763.461633
v6p1i6_0100,train,q,2,silicon_die_lower,,,,288,0.6835032083468583,0.06802212014661359,1.3183593749999998e-10,73.09412564147937,5184498409.979134
v6p1i6_0100,train,q,3,silicon_die_upper,,,,288,0.4772289448442185,0.04749374140049605,1.2908935546874988e-10,62.72230620955101,3696888431.360607
v6p1i6_0100,train,q,4,silicon_die_upper,,,,448,1.5015398151165507,0.14943298065244764,2.0080566406249978e-10,106.49662612379436,7477577000.264314
v6p1i6_0100,train,q,5,silicon_die_lower,,,,288,0.7691796824312265,0.07654862791239371,1.3183593749999998e-10,104.03828424754526,5834370331.922786
v6p1i6_0100,train,q,6,silicon_die_upper,,,,392,1.2058633072884881,0.12000730613563533,1.757049560546874e-10,98.1967343245674,6863001103.470118
v6p1i6_0100,train,q,7,silicon_die_upper,,,,392,0.7042096584276137,0.07008282244910846,1.7570495605468736e-10,59.09091725151469,4007910045.5677056
v6p1i6_0100,train,q,8,silicon_die_lower,,,,320,0.9399633363835858,0.0935449873827793,1.4648437500000015e-10,84.1467588629466,6416816376.378606
v6p1i6_0100,train,q,9,silicon_die_upper,,,,648,1.4894216904498956,0.14822698699804984,2.9045104980468724e-10,77.25333846857573,5127961119.27105
v6p1i6_0101,train,k,0,silicon_die_upper,227.33086896331733,227.33086896331733,227.33086896331733,640,,,,,
v6p1i6_0101,train,k,1,silicon_die_upper,246.42156933311435,246.42156933311435,246.42156933311435,480,,,,,
v6p1i6_0101,train,k,2,silicon_die_upper,102.15824935068889,102.15824935068889,102.15824935068889,392,,,,,
v6p1i6_0101,train,k,3,silicon_die_upper,116.39162939697114,116.39162939697114,116.39162939697114,880,,,,,
v6p1i6_0101,train,k,4,silicon_die_upper,134.62756804625482,134.62756804625482,134.62756804625482,384,,,,,
v6p1i6_0101,train,k,5,silicon_die_upper,58.00288317342784,58.00288317342784,58.00288317342784,768,,,,,
v6p1i6_0101,train,k,6,silicon_die_lower,110.75806361073953,110.75806361073953,110.75806361073953,432,,,,,
v6p1i6_0101,train,q,0,silicon_die_upper,,,,384,2.111388185022806,0.2887215283579005,1.7211914062499985e-10,172.35420769933947,12267015611.139603
v6p1i6_0101,train,q,1,silicon_die_lower,,,,336,1.5334911464051666,0.20969706596545454,1.5380859374999997e-10,161.49969201749053,9970126564.564386
v6p1i6_0101,train,q,2,silicon_die_upper,,,,504,2.22571457455791,0.30435507701198633,2.2590637207031231e-10,148.0949232583482,9852376248.444939
v6p1i6_0101,train,q,3,silicon_die_lower,,,,288,1.442294041896963,0.1972263286646586,1.3183593750000003e-10,177.53819356082855,10940067399.277702
v6p1i6_0102,train,k,0,silicon_die_lower,372.9756056901562,372.9756056901562,372.9756056901562,336,,,,,
v6p1i6_0102,train,k,1,silicon_die_upper,125.43119672601716,125.43119672601716,125.43119672601716,640,,,,,
v6p1i6_0102,train,k,2,silicon_die_lower,23.015288785376164,23.015288785376164,23.015288785376164,504,,,,,
v6p1i6_0102,train,k,3,silicon_die_lower,42.749908147856495,42.749908147856495,42.749908147856495,336,,,,,
v6p1i6_0102,train,k,4,silicon_die_lower,229.50566155270917,229.50566155270917,229.50566155270917,640,,,,,
v6p1i6_0102,train,q,0,silicon_die_lower,,,,512,0.8756487838931517,0.14790299402020818,2.3437499999999993e-10,59.35299905618003,3736101477.944115
v6p1i6_0102,train,q,1,silicon_die_upper,,,,448,1.0207773669657516,0.1724161919474804,2.0080566406249984e-10,75.46683538837162,5083409234.154069
v6p1i6_0102,train,q,2,silicon_die_upper,,,,432,0.778344963978188,0.13146772161448259,1.9363403320312477e-10,59.7586053268909,4019670256.838029
v6p1i6_0102,train,q,3,silicon_die_upper,,,,448,0.9897655718988806,0.16717809029679503,2.0080566406249984e-10,65.18606058737969,4928972379.936557
v6p1i6_0102,train,q,4,silicon_die_lower,,,,336,0.653723594862789,0.11041833063706748,1.5380859374999992e-10,67.32989440828203,4250241023.1079125
v6p1i6_0102,train,q,5,silicon_die_upper,,,,360,0.6144036954643011,0.10377693404909555,1.6136169433593729e-10,57.97937210970173,3807618022.311914
v6p1i6_0102,train,q,6,silicon_die_lower,,,,392,0.5196241216756564,0.08776802386369603,1.79443359375e-10,51.46179490285577,2895755649.501345
v6p1i6_0102,train,q,7,silicon_die_lower,,,,240,0.468138257021941,0.07907171357117479,1.0986328124999984e-10,56.99775887785527,4261098446.137496
v6p1i6_0103,train,k,0,silicon_die_upper,325.8403190856432,325.8403190856432,325.8403190856432,560,,,,,
v6p1i6_0103,train,k,1,silicon_die_upper,53.31184210063134,53.31184210063134,53.31184210063134,880,,,,,
v6p1i6_0103,train,k,2,silicon_die_upper,57.68938615650465,57.68938615650465,57.68938615650465,720,,,,,
v6p1i6_0103,train,k,3,silicon_die_lower,25.831172964230095,25.831172964230095,25.831172964230095,240,,,,,
v6p1i6_0103,train,k,4,silicon_die_lower,113.17625512185573,113.17625512185573,113.17625512185573,336,,,,,
v6p1i6_0103,train,q,0,silicon_die_upper,,,,336,0.6207384190545434,0.130055847759592,1.506042480468749e-10,65.78604131955986,4121652789.3777695
v6p1i6_0103,train,q,1,silicon_die_lower,,,,320,0.5438155042642697,0.11393911551281795,1.46484375e-10,51.871738550362785,3712447175.777415
v6p1i6_0103,train,q,2,silicon_die_lower,,,,288,0.5113988061595943,0.10714723502958357,1.3183593749999998e-10,53.343743165381625,3879054648.2031455
v6p1i6_0103,train,q,3,silicon_die_upper,,,,448,0.9694301156742767,0.20311302098834472,2.0080566406249989e-10,66.04279974772187,4827703044.135975
v6p1i6_0103,train,q,4,silicon_die_upper,,,,576,0.9231292505269268,0.1934121581387198,2.5817871093749975e-10,52.38680908430217,3575543650.2678924
v6p1i6_0103,train,q,5,silicon_die_upper,,,,648,1.204348408078569,0.252332622570942,2.9045104980468724e-10,65.28781850731923,4146476347.3515716
v6p1i6_0104,valid_iid,k,0,silicon_die_lower,58.611878895301565,58.611878895301565,58.611878895301565,576,,,,,
v6p1i6_0104,valid_iid,k,1,silicon_die_lower,76.24424286845314,76.24424286845314,76.24424286845314,704,,,,,
v6p1i6_0104,valid_iid,k,2,silicon_die_upper,332.2363890125684,332.2363890125684,332.2363890125684,800,,,,,
v6p1i6_0104,valid_iid,q,0,silicon_die_lower,,,,648,0.8231559865137132,0.11906464903163919,2.966308593749999e-10,45.686199238203244,2775018041.7779183
v6p1i6_0104,valid_iid,q,1,silicon_die_upper,,,,336,0.7489278583571869,0.10832798894287106,1.5060424804687485e-10,68.10073277618872,4972820276.119215
v6p1i6_0104,valid_iid,q,2,silicon_die_upper,,,,448,1.163151164187568,0.16824294229004935,2.0080566406249978e-10,81.31913361894564,5792422089.3766365
v6p1i6_0104,valid_iid,q,3,silicon_die_upper,,,,392,0.9415666484141396,0.13619205153099948,1.7570495605468738e-10,80.40808207105053,5358793909.72376
v6p1i6_0104,valid_iid,q,4,silicon_die_lower,,,,320,0.6000881889170828,0.0867992103222761,1.4648437500000002e-10,56.14594133734576,4096602036.340618
v6p1i6_0104,valid_iid,q,5,silicon_die_lower,,,,504,0.8779388418348975,0.1269886653160779,2.3071289062500012e-10,63.78450451029089,3805330683.762686
v6p1i6_0104,valid_iid,q,6,silicon_die_upper,,,,448,1.0476634878928954,0.15153833238525866,2.0080566406250002e-10,80.67322464413841,5217300481.956594
v6p1i6_0104,valid_iid,q,7,silicon_die_upper,,,,384,0.7110291184774806,0.10284616018082822,1.7211914062499972e-10,59.24699098247601,4131028750.757114
v6p1i6_0105,valid_iid,k,0,silicon_die_lower,285.7173686629422,285.7173686629422,285.7173686629422,360,,,,,
v6p1i6_0105,valid_iid,k,1,silicon_die_lower,348.89365471300505,348.89365471300505,348.89365471300505,576,,,,,
v6p1i6_0105,valid_iid,k,2,silicon_die_upper,167.15901044665063,167.15901044665063,167.15901044665063,880,,,,,
v6p1i6_0105,valid_iid,q,0,silicon_die_upper,,,,280,0.5898401530757846,0.15890363932780063,1.2550354003906237e-10,66.60033067755484,4699788969.2370405
v6p1i6_0105,valid_iid,q,1,silicon_die_lower,,,,384,0.5693203445126582,0.15337557847608102,1.7578125000000028e-10,58.05920830787817,3238800182.1164503
v6p1i6_0105,valid_iid,q,2,silicon_die_lower,,,,392,0.5122844312526434,0.13801003555374858,1.7944335937499994e-10,43.55477852229764,2854853102.5997663
v6p1i6_0105,valid_iid,q,3,silicon_die_lower,,,,504,0.8421252295937378,0.22686953923771175,2.3071289062499996e-10,53.80206005957652,3650100466.048625
v6p1i6_0105,valid_iid,q,4,silicon_die_upper,,,,336,0.4373735856892726,0.11782896459228583,1.5060424804687488e-10,45.362970174112554,2904125158.2302117
v6p1i6_0105,valid_iid,q,5,silicon_die_lower,,,,392,0.7609923422421173,0.20501224281237235,1.7944335937499983e-10,71.0676429541637,4240849841.937028
v6p1i6_0106,train,k,0,silicon_die_upper,101.25149835331206,101.25149835331206,101.25149835331206,880,,,,,
v6p1i6_0106,train,k,1,silicon_die_upper,46.56565706741744,46.56565706741744,46.56565706741744,320,,,,,
v6p1i6_0106,train,k,2,silicon_die_upper,34.543827906908504,34.543827906908504,34.543827906908504,560,,,,,
v6p1i6_0106,train,k,3,silicon_die_upper,27.018884454917885,27.018884454917885,27.018884454917885,528,,,,,
v6p1i6_0106,train,k,4,silicon_die_upper,72.62508577083605,72.62508577083605,72.62508577083605,576,,,,,
v6p1i6_0106,train,k,5,silicon_die_upper,112.96943995004824,112.96943995004824,112.96943995004824,576,,,,,
v6p1i6_0106,train,k,6,silicon_die_lower,77.16185053827772,77.16185053827772,77.16185053827772,240,,,,,
v6p1i6_0106,train,q,0,silicon_die_lower,,,,448,0.4742614628772172,0.12286735656533307,2.0507812499999987e-10,37.22147290290937,2312589228.506051
v6p1i6_0106,train,q,1,silicon_die_upper,,,,512,0.5666993853281436,0.146815334773457,2.294921874999998e-10,34.118536522266545,2469362427.983062
v6p1i6_0106,train,q,2,silicon_die_lower,,,,384,0.3722483159241174,0.09643871607450066,1.7578125000000007e-10,33.420621543853365,2117679308.3683114
v6p1i6_0106,train,q,3,silicon_die_upper,,,,504,0.3150408890191747,0.08161793498663361,2.2590637207031237e-10,23.103056967919528,1394563978.5721476
v6p1i6_0106,train,q,4,silicon_die_lower,,,,384,0.452054580859881,0.1171141990676202,1.7578124999999997e-10,43.59495440028095,2571688282.225101
v6p1i6_0106,train,q,5,silicon_die_upper,,,,360,0.3762541400659415,0.0974765086461036,1.6136169433593742e-10,30.690588582502002,2331743860.365159
v6p1i6_0106,train,q,6,silicon_die_upper,,,,288,0.26153292954383867,0.06775557835311231,1.2908935546874988e-10,32.003552258582474,2025983696.2866464
v6p1i6_0106,train,q,7,silicon_die_upper,,,,336,0.4124463902846189,0.10685286844042921,1.5060424804687493e-10,41.49008689043927,2738610601.1846805
v6p1i6_0106,train,q,8,silicon_die_lower,,,,384,0.25662626518167486,0.06648440427104596,1.7578124999999992e-10,25.760461488542973,1459918308.5890844
v6p1i6_0106,train,q,9,silicon_die_lower,,,,448,0.3727824659700606,0.09657709882176445,2.05078125e-10,32.237687737653076,1817758310.2540097
v6p1i6_0107,valid_iid,k,0,silicon_die_upper,341.451047500588,341.451047500588,341.451047500588,720,,,,,
v6p1i6_0107,valid_iid,k,1,silicon_die_upper,20.743476203592806,20.743476203592806,20.743476203592806,768,,,,,
v6p1i6_0107,valid_iid,k,2,silicon_die_lower,149.17610290899233,149.17610290899233,149.17610290899233,792,,,,,
v6p1i6_0107,valid_iid,k,3,silicon_die_lower,177.51221568763546,177.51221568763546,177.51221568763546,648,,,,,
v6p1i6_0107,valid_iid,k,4,silicon_die_lower,32.9421196161821,32.9421196161821,32.9421196161821,480,,,,,
v6p1i6_0107,valid_iid,q,0,silicon_die_upper,,,,336,3.4855976649872527,0.2291185755960789,1.5060424804687488e-10,354.9651103203453,23144085974.934628
v6p1i6_0107,valid_iid,q,1,silicon_die_lower,,,,392,2.980039751950742,0.19588676858639778,1.79443359375e-10,265.28622056029656,16607133093.864273
v6p1i6_0107,valid_iid,q,2,silicon_die_upper,,,,360,4.158412956003887,0.2733447014813096,1.613616943359374e-10,348.9375458967648,25770756641.576447
v6p1i6_0107,valid_iid,q,3,silicon_die_lower,,,,432,4.589022839996269,0.3016499543362137,1.9775390624999986e-10,335.51915092289386,23205725373.61078
v6p1i6_0108,train,k,0,silicon_die_upper,30.54499655453958,30.54499655453958,30.54499655453958,792,,,,,
v6p1i6_0108,train,k,1,silicon_die_lower,24.748734604232347,24.748734604232347,24.748734604232347,280,,,,,
v6p1i6_0108,train,k,2,silicon_die_lower,100.15850258339955,100.15850258339955,100.15850258339955,336,,,,,
v6p1i6_0108,train,k,3,silicon_die_upper,60.99532732547748,60.99532732547748,60.99532732547748,560,,,,,
v6p1i6_0108,train,k,4,silicon_die_lower,241.2686024474524,241.2686024474524,241.2686024474524,240,,,,,
v6p1i6_0108,train,k,5,silicon_die_lower,40.148133024959456,40.148133024959456,40.148133024959456,504,,,,,
v6p1i6_0108,train,q,0,silicon_die_upper,,,,320,1.1441651477664474,0.23111022224070368,1.4343261718749992e-10,101.91163759962795,7977022034.470419
v6p1i6_0108,train,q,1,silicon_die_lower,,,,360,1.0611142924981278,0.21433475791563597,1.6479492187500002e-10,94.1894790259685,6438998728.996046
v6p1i6_0108,train,q,2,silicon_die_lower,,,,432,0.9164715990444944,0.1851183418284832,1.977539062499999e-10,68.15212013850531,4634404530.476853
v6p1i6_0108,train,q,3,silicon_die_upper,,,,448,1.010295683310067,0.20406989354151717,2.008056640624998e-10,78.73247864796899,5031211086.733177
v6p1i6_0108,train,q,4,silicon_die_upper,,,,384,0.8186868999498704,0.16536678447365988,1.72119140625e-10,71.16685261977942,4756512825.808042
v6p1i6_0109,test_iid,k,0,silicon_die_lower,225.01396803804477,225.01396803804477,225.01396803804477,704,,,,,
v6p1i6_0109,test_iid,k,1,silicon_die_upper,164.2617774541982,164.2617774541982,164.2617774541982,880,,,,,
v6p1i6_0109,test_iid,k,2,silicon_die_upper,21.718159000924675,21.718159000924675,21.718159000924675,648,,,,,
v6p1i6_0109,test_iid,k,3,silicon_die_upper,107.76959600001602,107.76959600001602,107.76959600001602,504,,,,,
v6p1i6_0109,test_iid,q,0,silicon_die_lower,,,,336,1.588720591336154,0.17710048424459826,1.5380859374999992e-10,134.8665169847641,10329205622.401413
v6p1i6_0109,test_iid,q,1,silicon_die_lower,,,,336,0.8291639758640035,0.09242993541122972,1.5380859374999997e-10,70.74673517403632,5390881976.411046
v6p1i6_0109,test_iid,q,2,silicon_die_upper,,,,336,1.1936947974186494,0.1330655168794057,1.5060424804687488e-10,109.44225564032996,7926036701.482135
v6p1i6_0109,test_iid,q,3,silicon_die_upper,,,,384,0.9884959482609144,0.11019125204615042,1.7211914062499964e-10,87.04153817981609,5743091353.3003025
v6p1i6_0109,test_iid,q,4,silicon_die_upper,,,,384,1.5111806961680485,0.16845682905599293,1.721191406249996e-10,116.83697846388424,8779852668.800484
v6p1i6_0109,test_iid,q,5,silicon_die_upper,,,,576,1.8438889472569393,0.20554503241997174,2.5817871093749975e-10,105.81606653329071,7141909340.86471
v6p1i6_0109,test_iid,q,6,silicon_die_lower,,,,336,1.0155848421634248,0.11321094994265113,1.5380859375000008e-10,106.36171182739997,6602913513.494264
v6p1i6_0110,train,k,0,silicon_die_lower,44.2157853091268,44.2157853091268,44.2157853091268,432,,,,,
v6p1i6_0110,train,k,1,silicon_die_upper,59.3144510935633,59.3144510935633,59.3144510935633,288,,,,,
v6p1i6_0110,train,q,0,silicon_die_upper,,,,336,1.5153809864326782,0.31270831313956815,1.5060424804687498e-10,166.64418408659108,10062006922.680042
v6p1i6_0110,train,q,1,silicon_die_upper,,,,448,1.761035035027326,0.3634005574264477,2.0080566406249973e-10,121.91962630618093,8769847420.634575
v6p1i6_0110,train,q,2,silicon_die_lower,,,,320,1.5695727890655815,0.3238911294339842,1.4648437499999968e-10,156.3157843505677,10714950240.021059
v6p1i6_0111,train,k,0,silicon_die_lower,345.48363961933785,345.48363961933785,345.48363961933785,968,,,,,
v6p1i6_0111,train,k,1,silicon_die_lower,65.58702793725135,65.58702793725135,65.58702793725135,336,,,,,
v6p1i6_0111,train,k,2,silicon_die_lower,56.243035183232465,56.243035183232465,56.243035183232465,704,,,,,
v6p1i6_0111,train,k,3,silicon_die_lower,76.71394266307732,76.71394266307732,76.71394266307732,384,,,,,
v6p1i6_0111,train,k,4,silicon_die_lower,32.37692788915758,32.37692788915758,32.37692788915758,336,,,,,
v6p1i6_0111,train,k,5,silicon_die_lower,33.47125357308821,33.47125357308821,33.47125357308821,880,,,,,
v6p1i6_0111,train,k,6,silicon_die_lower,29.237479480720488,29.237479480720488,29.237479480720488,648,,,,,
v6p1i6_0111,train,k,7,silicon_die_upper,22.557768112576266,22.557768112576266,22.557768112576266,640,,,,,
v6p1i6_0111,train,q,0,silicon_die_lower,,,,576,0.9884055025342355,0.12934419628411006,2.6367187499999996e-10,57.43935119126121,3748619387.3891015
v6p1i6_0111,train,q,1,silicon_die_lower,,,,336,0.41661613610127973,0.054518999686715065,1.5380859374999997e-10,45.438924356575036,2708666180.1124477
v6p1i6_0111,train,q,2,silicon_die_lower,,,,336,0.8102790925545328,0.10603431256055146,1.5380859374999997e-10,73.84349460107715,5268100258.894233
v6p1i6_0111,train,q,3,silicon_die_upper,,,,384,0.9830800476119855,0.12864729942851832,1.7211914062499975e-10,88.0184958221001,5711625354.636452
v6p1i6_0111,train,q,4,silicon_die_upper,,,,448,0.8370535742990797,0.10953806058025863,2.0080566406249989e-10,53.65947257797394,4168475915.2936563
v6p1i6_0111,train,q,5,silicon_die_upper,,,,392,0.8599060941164303,0.1125285748997998,1.7570495605468746e-10,64.21100462304636,4894034371.1692915
v6p1i6_0111,train,q,6,silicon_die_lower,,,,448,1.1445743719878059,0.1497806839931316,2.0507812500000003e-10,78.83063972919949,5581162651.978634
v6p1i6_0111,train,q,7,silicon_die_upper,,,,384,1.0305267130758309,0.13485623978249975,1.7211914062499988e-10,82.04557702874907,5987287115.969654
v6p1i6_0111,train,q,8,silicon_die_lower,,,,384,0.5712272161422944,0.07475163278441535,1.7578124999999992e-10,53.55036830494965,3249648162.942832
v6p1i6_0112,train,k,0,silicon_die_upper,240.10826272820458,240.10826272820458,240.10826272820458,576,,,,,
v6p1i6_0112,train,k,1,silicon_die_lower,322.55411230117465,322.55411230117465,322.55411230117465,384,,,,,
v6p1i6_0112,train,k,2,silicon_die_upper,294.5707916408395,294.5707916408395,294.5707916408395,880,,,,,
v6p1i6_0112,train,k,3,silicon_die_upper,54.046071628694854,54.046071628694854,54.046071628694854,504,,,,,
v6p1i6_0112,train,k,4,silicon_die_lower,59.731315700263984,59.731315700263984,59.731315700263984,432,,,,,
v6p1i6_0112,train,k,5,silicon_die_upper,22.09663134090085,22.09663134090085,22.09663134090085,392,,,,,
v6p1i6_0112,train,k,6,silicon_die_upper,137.7751209694844,137.7751209694844,137.7751209694844,432,,,,,
v6p1i6_0112,train,q,0,silicon_die_upper,,,,576,0.9513856266568973,0.10508632224540877,2.581787109374997e-10,60.106705858355106,3684988677.8124404
v6p1i6_0112,train,q,1,silicon_die_lower,,,,336,0.8563688237418576,0.09459113912503221,1.5380859374999997e-10,87.5215329548294,5567756669.915317
v6p1i6_0112,train,q,2,silicon_die_upper,,,,288,0.7187009125928174,0.07938488198964072,1.2908935546874988e-10,82.1326401611067,5567468440.624459
v6p1i6_0112,train,q,3,silicon_die_upper,,,,504,0.830553137699002,0.09173963976822704,2.2590637207031242e-10,55.79830733695518,3676537009.945411
v6p1i6_0112,train,q,4,silicon_die_upper,,,,576,1.6856383346853083,0.18618899451992296,2.5817871093749975e-10,100.32814178165975,6528959450.469059
v6p1i6_0112,train,q,5,silicon_die_lower,,,,240,0.446385892775775,0.04930603370462377,1.0986328124999998e-10,58.957329834697546,4063103592.9101663
v6p1i6_0112,train,q,6,silicon_die_upper,,,,320,0.8799309226110391,0.0971937160876942,1.4343261718749995e-10,91.56934198306939,6134803504.706073
v6p1i6_0112,train,q,7,silicon_die_upper,,,,448,0.7416708049699411,0.08192204614752986,2.0080566406249989e-10,62.52667649000444,3693475522.3791857
v6p1i6_0112,train,q,8,silicon_die_upper,,,,384,0.9424999760726164,0.10410484815698785,1.7211914062499988e-10,88.78622790676992,5475858017.0119705
v6p1i6_0112,train,q,9,silicon_die_lower,,,,448,1.0002381320867457,0.11048237825493269,2.050781249999997e-10,73.13868504519458,4877351653.603949
v6p1i6_0113,train,k,0,silicon_die_lower,27.486347846726158,27.486347846726158,27.486347846726158,640,,,,,
v6p1i6_0113,train,k,1,silicon_die_lower,240.83690000060912,240.83690000060912,240.83690000060912,576,,,,,
v6p1i6_0113,train,k,2,silicon_die_lower,58.425254948730846,58.425254948730846,58.425254948730846,576,,,,,
v6p1i6_0113,train,k,3,silicon_die_upper,95.05217022622578,95.05217022622578,95.05217022622578,648,,,,,
v6p1i6_0113,train,k,4,silicon_die_upper,63.35630553895211,63.35630553895211,63.35630553895211,432,,,,,
v6p1i6_0113,train,k,5,silicon_die_upper,152.01378952745105,152.01378952745105,152.01378952745105,560,,,,,
v6p1i6_0113,train,k,6,silicon_die_upper,23.85582438784422,23.85582438784422,23.85582438784422,616,,,,,
v6p1i6_0113,train,q,0,silicon_die_lower,,,,240,0.993393132934861,0.14338900999365423,1.0986328124999996e-10,142.08114534033768,9042085050.00265
v6p1i6_0113,train,q,1,silicon_die_upper,,,,448,2.0830690171408475,0.30067572868541886,2.0080566406249984e-10,139.02097973020133,10373557075.026041
v6p1i6_0113,train,q,2,silicon_die_lower,,,,448,1.8700009822602488,0.2699209211777795,2.0507812499999992e-10,131.858223871405,9118480980.164265
v6p1i6_0113,train,q,3,silicon_die_lower,,,,392,1.981495523483091,0.2860143401431473,1.79443359375e-10,153.56035844044095,11042456685.968355
v6p1i6_0114,train,k,0,silicon_die_lower,306.6605229509871,306.6605229509871,306.6605229509871,880,,,,,
v6p1i6_0114,train,k,1,silicon_die_lower,271.9003965353062,271.9003965353062,271.9003965353062,448,,,,,
v6p1i6_0114,train,k,2,silicon_die_upper,167.17421581392233,167.17421581392233,167.17421581392233,320,,,,,
v6p1i6_0114,train,q,0,silicon_die_lower,,,,432,0.5035432828863274,0.15946348739619606,1.9775390624999992e-10,36.25537621117028,2546312699.6325903
v6p1i6_0114,train,q,1,silicon_die_lower,,,,336,0.2944062431413027,0.09323338794914007,1.5380859375000013e-10,25.823484290101252,1914107891.9155157
v6p1i6_0114,train,q,2,silicon_die_upper,,,,336,0.36985461524218965,0.11712658828061843,1.5060424804687477e-10,37.938675622371726,2455804667.1238275
v6p1i6_0114,train,q,3,silicon_die_lower,,,,576,0.6097524072911809,0.1930980883262569,2.6367187499999985e-10,37.80072775010708,2312542463.2080355
v6p1i6_0114,train,q,4,silicon_die_lower,,,,448,0.3463096476897135,0.10967030246735757,2.0507812499999995e-10,26.959222917077412,1688671805.8774605
v6p1i6_0114,train,q,5,silicon_die_upper,,,,448,0.45909746101993776,0.14538826090448537,2.0080566406249984e-10,34.65260824964542,2286277447.2190475
v6p1i6_0114,train,q,6,silicon_die_lower,,,,336,0.24597026952412027,0.07789454910264977,1.538085937500001e-10,25.729936779948826,1599197180.9060252
v6p1i6_0114,train,q,7,silicon_die_lower,,,,320,0.3288001169568587,0.10412533557329573,1.46484375e-10,31.464297220342687,2244608798.4254885
v6p1i6_0115,valid_iid,k,0,silicon_die_lower,40.83463466526608,40.83463466526608,40.83463466526608,616,,,,,
v6p1i6_0115,valid_iid,k,1,silicon_die_lower,121.26940854628677,121.26940854628677,121.26940854628677,512,,,,,
v6p1i6_0115,valid_iid,k,2,silicon_die_lower,80.28358210849734,80.28358210849734,80.28358210849734,576,,,,,
v6p1i6_0115,valid_iid,k,3,silicon_die_upper,68.62187403774479,68.62187403774479,68.62187403774479,480,,,,,
v6p1i6_0115,valid_iid,k,4,silicon_die_upper,47.98952077406585,47.98952077406585,47.98952077406585,336,,,,,
v6p1i6_0115,valid_iid,k,5,silicon_die_lower,93.68565824412347,93.68565824412347,93.68565824412347,288,,,,,
v6p1i6_0115,valid_iid,q,0,silicon_die_lower,,,,336,1.5466345804471533,0.1727761736878161,1.5380859374999997e-10,130.4798548926179,10055579748.431017
v6p1i6_0115,valid_iid,q,1,silicon_die_upper,,,,432,1.1299263689452095,0.12622526163800038,1.9363403320312465e-10,92.15976785353922,5835370726.177571
v6p1i6_0115,valid_iid,q,2,silicon_die_lower,,,,432,1.9427847363480437,0.21703052375064683,1.9775390624999994e-10,157.36143531428527,9824254666.767395
v6p1i6_0115,valid_iid,q,3,silicon_die_upper,,,,240,0.6448914574401841,0.07204150215512477,1.0757446289062487e-10,86.4137020585192,5994837809.191483
v6p1i6_0115,valid_iid,q,4,silicon_die_upper,,,,576,2.3816776489036062,0.2660597120597093,2.5817871093749965e-10,154.48362736834187,9224918817.881025
v6p1i6_0115,valid_iid,q,5,silicon_die_lower,,,,448,1.3057510969967803,0.14586682670870274,2.0507812499999998e-10,108.5874473053537,6367091063.450968
v6p1i6_0116,test_iid,k,0,silicon_die_upper,95.39051391889654,95.39051391889654,95.39051391889654,336,,,,,
v6p1i6_0116,test_iid,k,1,silicon_die_upper,59.07033274391501,59.07033274391501,59.07033274391501,616,,,,,
v6p1i6_0116,test_iid,k,2,silicon_die_upper,144.1691024589389,144.1691024589389,144.1691024589389,640,,,,,
v6p1i6_0116,test_iid,k,3,silicon_die_upper,226.5536119276547,226.5536119276547,226.5536119276547,648,,,,,
v6p1i6_0116,test_iid,k,4,silicon_die_lower,116.93617272202127,116.93617272202127,116.93617272202127,336,,,,,
v6p1i6_0116,test_iid,q,0,silicon_die_upper,,,,448,1.2318498139834755,0.24092094077324797,2.0080566406249984e-10,103.8372290766199,6134537189.15054
v6p1i6_0116,test_iid,q,1,silicon_die_lower,,,,392,1.9327232342378018,0.3779953485897363,1.794433593750001e-10,184.45833711639418,10770659003.31705
v6p1i6_0116,test_iid,q,2,silicon_die_lower,,,,360,1.9485142991458353,0.3810837106370158,1.6479492187499997e-10,170.47281153010383,11823873436.00199
v6p1i6_0117,train,k,0,silicon_die_upper,71.76708010464316,71.76708010464316,71.76708010464316,440,,,,,
v6p1i6_0117,train,k,1,silicon_die_upper,22.24206233456019,22.24206233456019,22.24206233456019,432,,,,,
v6p1i6_0117,train,k,2,silicon_die_lower,363.0287328471256,363.0287328471256,363.0287328471256,384,,,,,
v6p1i6_0117,train,k,3,silicon_die_upper,343.11501169631555,343.11501169631555,343.11501169631555,648,,,,,
v6p1i6_0117,train,k,4,silicon_die_upper,74.73884918010724,74.73884918010724,74.73884918010724,528,,,,,
v6p1i6_0117,train,k,5,silicon_die_upper,162.58913427576755,162.58913427576755,162.58913427576755,880,,,,,
v6p1i6_0117,train,k,6,silicon_die_upper,24.411899312052093,24.411899312052093,24.411899312052093,720,,,,,
v6p1i6_0117,train,k,7,silicon_die_lower,94.42287702382899,94.42287702382899,94.42287702382899,480,,,,,
v6p1i6_0117,train,q,0,silicon_die_lower,,,,432,0.6795372596862918,0.14606044989145295,1.9775390624999992e-10,52.743034770723874,3436277303.3025336
v6p1i6_0117,train,q,1,silicon_die_lower,,,,576,0.5866122377332492,0.12608704840512333,2.636718749999998e-10,34.096388726235325,2224781227.5512877
v6p1i6_0117,train,q,2,silicon_die_lower,,,,384,0.2937013797223523,0.06312848198462459,1.7578124999999992e-10,27.582201802107576,1670834515.753827
v6p1i6_0117,train,q,3,silicon_die_lower,,,,336,0.3143138406628614,0.06755894591493304,1.5380859374999997e-10,33.82738145656975,2043538875.1667943
v6p1i6_0117,train,q,4,silicon_die_upper,,,,448,0.4368027757367122,0.09388684583299037,2.0080566406249984e-10,32.738765325632485,2175251269.8086014
v6p1i6_0117,train,q,5,silicon_die_lower,,,,320,0.3090000783371535,0.06641680027855182,1.4648437499999984e-10,27.448281644864725,2109440534.7816367
v6p1i6_0117,train,q,6,silicon_die_lower,,,,648,0.677352791844468,0.14559091808697547,2.9663085937499985e-10,38.183391785674,2283487271.9299936
v6p1i6_0117,train,q,7,silicon_die_upper,,,,336,0.5797813778062229,0.1246188162223177,1.5060424804687488e-10,52.48320417151259,3849701355.2085767
v6p1i6_0117,train,q,8,silicon_die_lower,,,,576,0.7753367535684391,0.1666516933830307,2.6367187499999985e-10,45.411141175010926,2940536428.348452
v6p1i6_0118,train,k,0,silicon_die_upper,174.6325213272477,174.6325213272477,174.6325213272477,288,,,,,
v6p1i6_0118,train,k,1,silicon_die_lower,128.5926666176514,128.5926666176514,128.5926666176514,432,,,,,
v6p1i6_0118,train,q,0,silicon_die_lower,,,,288,0.5172897330146431,0.12022264619813788,1.3183593749999982e-10,61.73715648620539,3923738419.3110757
v6p1i6_0118,train,q,1,silicon_die_lower,,,,320,0.6356897572373617,0.14773984461424466,1.464843749999999e-10,62.843252279647146,4339642076.073726
v6p1i6_0118,train,q,2,silicon_die_upper,,,,392,1.164274858807938,0.27058763299269156,1.757049560546875e-10,104.27482285405453,6626306308.887279
v6p1i6_0118,train,q,3,silicon_die_upper,,,,512,0.9139249513380326,0.21240413072967837,2.2949218749999966e-10,66.50943664281735,3982379362.4261565
v6p1i6_0118,train,q,4,silicon_die_lower,,,,336,1.0715851900966227,0.24904574546524738,1.5380859374999987e-10,107.97498706284145,6967004664.501223
v6p1i6_0119,train,k,0,silicon_die_upper,214.426050426618,214.426050426618,214.426050426618,640,,,,,
v6p1i6_0119,train,k,1,silicon_die_lower,247.10794446100036,247.10794446100036,247.10794446100036,616,,,,,
v6p1i6_0119,train,k,2,silicon_die_lower,324.282435658173,324.282435658173,324.282435658173,880,,,,,
v6p1i6_0119,train,k,3,silicon_die_lower,330.8427206586212,330.8427206586212,330.8427206586212,640,,,,,
v6p1i6_0119,train,k,4,silicon_die_lower,48.38940014678589,48.38940014678589,48.38940014678589,504,,,,,
v6p1i6_0119,train,k,5,silicon_die_upper,151.69690884781357,151.69690884781357,151.69690884781357,960,,,,,
v6p1i6_0119,train,k,6,silicon_die_upper,224.92592740865348,224.92592740865348,224.92592740865348,336,,,,,
v6p1i6_0119,train,k,7,silicon_die_upper,91.86161990379772,91.86161990379772,91.86161990379772,648,,,,,
v6p1i6_0119,train,q,0,silicon_die_upper,,,,512,1.269230707350859,0.16150120980116559,2.2949218749999982e-10,82.89745146691297,5530605295.009706
v6p1i6_0119,train,q,1,silicon_die_upper,,,,384,0.6002239324972616,0.07637452410227906,1.7211914062499985e-10,58.451483591226534,3487258478.735866
v6p1i6_0119,train,q,2,silicon_die_lower,,,,448,1.4246246719790103,0.18127406365499885,2.050781249999998e-10,101.95754574685924,6946741257.650039
v6p1i6_0119,train,q,3,silicon_die_lower,,,,280,0.7050613825175494,0.08971439597323695,1.2817382812500007e-10,82.34159310907229,5500821757.69882
v6p1i6_0119,train,q,4,silicon_die_lower,,,,512,1.5283580954902414,0.1944734554573352,2.343749999999998e-10,93.73312171440458,6520994540.7583685
v6p1i6_0119,train,q,5,silicon_die_upper,,,,448,1.2154420612251262,0.1546569604676429,2.0080566406249984e-10,93.75155977222767,6052827577.84574
v6p1i6_0119,train,q,6,silicon_die_upper,,,,336,1.1160139450897124,0.14200539054334135,1.506042480468749e-10,102.12805341603396,7410242138.338343
v6p1i6_0120,train,k,0,silicon_die_upper,222.81638370516595,222.81638370516595,222.81638370516595,560,,,,,
v6p1i6_0120,train,k,1,silicon_die_upper,366.19534823954933,366.19534823954933,366.19534823954933,560,,,,,
v6p1i6_0120,train,k,2,silicon_die_lower,83.23107295988267,83.23107295988267,83.23107295988267,528,,,,,
v6p1i6_0120,train,q,0,silicon_die_lower,,,,392,2.40925370346283,0.20334369673583158,1.79443359375e-10,207.42513657923314,13426262815.488098
v6p1i6_0120,train,q,1,silicon_die_lower,,,,320,2.145634195676779,0.18109391657866147,1.4648437499999979e-10,193.12462799468048,14647529442.486834
v6p1i6_0120,train,q,2,silicon_die_upper,,,,336,2.6722998833771765,0.22554508738188198,1.5060424804687488e-10,276.88639426660643,17743854625.83655
v6p1i6_0120,train,q,3,silicon_die_upper,,,,336,1.6211556693821043,0.13682734463481322,1.5060424804687488e-10,168.72135274766632,10764342244.035023
v6p1i6_0120,train,q,4,silicon_die_upper,,,,320,2.9998413806644026,0.2531899546688117,1.4343261718749992e-10,315.4575041804531,20914638800.342808
v6p1i6_0121,train,k,0,silicon_die_lower,255.67726859984757,255.67726859984757,255.67726859984757,792,,,,,
v6p1i6_0121,train,k,1,silicon_die_lower,295.46960192245996,295.46960192245996,295.46960192245996,512,,,,,
v6p1i6_0121,train,k,2,silicon_die_upper,164.8827569669056,164.8827569669056,164.8827569669056,432,,,,,
v6p1i6_0121,train,q,0,silicon_die_upper,,,,504,0.6247310966323304,0.16024262638208994,2.2590637207031224e-10,40.85926964691091,2765442563.248663
v6p1i6_0121,train,q,1,silicon_die_upper,,,,384,0.5469627827275468,0.14029516588814978,1.721191406249998e-10,44.715942644609505,3177814975.9603324
v6p1i6_0121,train,q,2,silicon_die_upper,,,,384,0.7519513653874714,0.19287444206127144,1.7211914062499988e-10,56.43590604558396,4368784103.017142
v6p1i6_0121,train,q,3,silicon_die_lower,,,,336,0.603565965215066,0.15481380066122055,1.5380859374999997e-10,52.698874462700836,3924136815.112557
v6p1i6_0121,train,q,4,silicon_die_upper,,,,448,0.48259743224600726,0.12378554620575433,2.0080566406249984e-10,34.21074953676467,2403305875.3551946
v6p1i6_0121,train,q,5,silicon_die_lower,,,,288,0.2531665667397232,0.06493685969082665,1.3183593749999982e-10,33.562002051337075,1920315291.4183476
v6p1i6_0121,train,q,6,silicon_die_upper,,,,392,0.6356821629217627,0.1630515591106872,1.7570495605468725e-10,51.409760842360015,3617895460.6374903
v6p1i6_0122,train,k,0,silicon_die_lower,117.70491804241937,117.70491804241937,117.70491804241937,720,,,,,
v6p1i6_0122,train,k,1,silicon_die_upper,371.98397489668923,371.98397489668923,371.98397489668923,880,,,,,
v6p1i6_0122,train,k,2,silicon_die_lower,55.42420131066303,55.42420131066303,55.42420131066303,336,,,,,
v6p1i6_0122,train,k,3,silicon_die_upper,311.87545694482907,311.87545694482907,311.87545694482907,960,,,,,
v6p1i6_0122,train,k,4,silicon_die_lower,47.79068465703998,47.79068465703998,47.79068465703998,560,,,,,
v6p1i6_0122,train,k,5,silicon_die_lower,76.91733314563585,76.91733314563585,76.91733314563585,880,,,,,
v6p1i6_0122,train,k,6,silicon_die_lower,87.32450673432689,87.32450673432689,87.32450673432689,432,,,,,
v6p1i6_0122,train,k,7,silicon_die_lower,217.90358342289085,217.90358342289085,217.90358342289085,616,,,,,
v6p1i6_0122,train,q,0,silicon_die_lower,,,,360,1.8806468825059417,0.33363764133783164,1.6479492187500008e-10,171.6281539102647,11412043897.399014
v6p1i6_0122,train,q,1,silicon_die_lower,,,,240,1.524939725987767,0.2705331330903426,1.0986328125000007e-10,180.61695228439706,13880340261.43531
v6p1i6_0122,train,q,2,silicon_die_upper,,,,576,2.231208073799511,0.3958292255718258,2.5817871093749965e-10,146.24247490235678,8642107111.378544
v6p1i6_0123,train,k,0,silicon_die_lower,228.68379243671095,228.68379243671095,228.68379243671095,720,,,,,
v6p1i6_0123,train,k,1,silicon_die_lower,46.655091903249605,46.655091903249605,46.655091903249605,448,,,,,
v6p1i6_0123,train,k,2,silicon_die_upper,174.50018993498517,174.50018993498517,174.50018993498517,576,,,,,
v6p1i6_0123,train,q,0,silicon_die_upper,,,,280,0.6812451972164142,0.08867816947066572,1.255035400390624e-10,70.92073337252175,5428095470.489356
v6p1i6_0123,train,q,1,silicon_die_upper,,,,576,0.9584920783007371,0.12476759220196292,2.5817871093749975e-10,59.74790975684584,3712513997.8438044
v6p1i6_0123,train,q,2,silicon_die_lower,,,,336,0.8414025745729439,0.10952596863201224,1.5380859374999997e-10,85.93269628394778,5470452294.366315
v6p1i6_0123,train,q,3,silicon_die_lower,,,,648,1.4774003748882065,0.19231425242436156,2.966308593749998e-10,81.15726809259169,4980602416.084031
v6p1i6_0123,train,q,4,silicon_die_upper,,,,360,0.6411212461331498,0.08345520636056529,1.613616943359374e-10,54.70919390101037,3973193568.4711237
v6p1i6_0123,train,q,5,silicon_die_lower,,,,280,0.5630039685964596,0.07328662505637297,1.2817382812499996e-10,63.83458116800452,4392503343.563998
v6p1i6_0123,train,q,6,silicon_die_lower,,,,288,0.6092538926207032,0.07930701039983748,1.318359374999999e-10,61.97179121782509,4621303600.322967
v6p1i6_0123,train,q,7,silicon_die_upper,,,,576,1.1908395959771143,0.15501243302107384,2.5817871093749985e-10,65.35667479506597,4612462397.278736
v6p1i6_0123,train,q,8,silicon_die_lower,,,,240,0.7194609605674466,0.09365274243314803,1.0986328125e-10,99.80121271581991,6548693543.298358
v6p1i6_0124,train,k,0,silicon_die_lower,182.4942202044034,182.4942202044034,182.4942202044034,560,,,,,
v6p1i6_0124,train,k,1,silicon_die_lower,33.13590321044425,33.13590321044425,33.13590321044425,616,,,,,
v6p1i6_0124,train,k,2,silicon_die_upper,79.17569080807245,79.17569080807245,79.17569080807245,704,,,,,
v6p1i6_0124,train,k,3,silicon_die_lower,141.07826314909738,141.07826314909738,141.07826314909738,504,,,,,
v6p1i6_0124,train,q,0,silicon_die_upper,,,,384,1.1299241261601445,0.14809519557194797,1.7211914062499998e-10,102.98730699638296,6564779036.527592
v6p1i6_0124,train,q,1,silicon_die_lower,,,,432,0.7195013562524843,0.09430252138309635,1.9775390624999997e-10,54.72815193504171,3638367352.111329
v6p1i6_0124,train,q,2,silicon_die_lower,,,,576,1.2070742292522691,0.15820698922366153,2.6367187499999985e-10,70.50063669061821,4577940780.571571
v6p1i6_0124,train,q,3,silicon_die_upper,,,,432,1.00510560740869,0.1317356697263359,1.9363403320312485e-10,90.79880084096821,5190748706.630098
v6p1i6_0124,train,q,4,silicon_die_lower,,,,384,0.746068194785861,0.09778454381030058,1.7578125e-10,55.79993313080211,4244299063.6706758
v6p1i6_0124,train,q,5,silicon_die_lower,,,,448,1.290364506797299,0.1691235540236283,2.05078125e-10,90.41727280777238,6292063118.859211
v6p1i6_0124,train,q,6,silicon_die_upper,,,,336,0.8936217060333004,0.11712386545110612,1.5060424804687482e-10,87.04470966454484,5933575696.717167
v6p1i6_0124,train,q,7,silicon_die_lower,,,,288,0.6380552130576216,0.08362766080992316,1.3183593749999982e-10,74.11202890978534,4839766949.414855
v6p1i6_0125,train,k,0,silicon_die_upper,46.19977155682006,46.19977155682006,46.19977155682006,336,,,,,
v6p1i6_0125,train,k,1,silicon_die_lower,274.88189818566997,274.88189818566997,274.88189818566997,504,,,,,
v6p1i6_0125,train,q,0,silicon_die_lower,,,,432,0.6255138775008375,0.2029231339044542,1.9775390624999992e-10,51.529967192640186,3163092397.831397
v6p1i6_0125,train,q,1,silicon_die_upper,,,,504,0.7339586825836732,0.23810374379114255,2.2590637207031242e-10,52.01658176560044,3248950774.86009
v6p1i6_0125,train,q,2,silicon_die_upper,,,,288,0.30276987398632976,0.09822166044762207,1.290893554687499e-10,38.354181780623186,2345428659.759825
v6p1i6_0125,train,q,3,silicon_die_lower,,,,336,0.3939754717449272,0.12780969421075608,1.5380859374999992e-10,37.440585161630516,2561465924.2336864
v6p1i6_0125,train,q,4,silicon_die_upper,,,,392,0.6402294972183648,0.20769703225880815,1.7570495605468738e-10,55.657040043863304,3643775973.0527816
v6p1i6_0125,train,q,5,silicon_die_upper,,,,240,0.38606894424127985,0.12524473538721706,1.0757446289062494e-10,48.00748090543828,3588853096.42504
v6p1i6_0126,train,k,0,silicon_die_lower,21.561405402636783,21.561405402636783,21.561405402636783,576,,,,,
v6p1i6_0126,train,k,1,silicon_die_upper,150.62404894557804,150.62404894557804,150.62404894557804,704,,,,,
v6p1i6_0126,train,k,2,silicon_die_lower,126.06858282841638,126.06858282841638,126.06858282841638,528,,,,,
v6p1i6_0126,train,q,0,silicon_die_upper,,,,512,1.240351417590368,0.149234427971488,2.2949218749999995e-10,81.13129567357186,5404765326.010797
v6p1i6_0126,train,q,1,silicon_die_lower,,,,288,0.48650319637793804,0.058534238916587086,1.3183593749999998e-10,54.4974291531572,3690216837.711175
v6p1i6_0126,train,q,2,silicon_die_upper,,,,448,0.986056743288133,0.11863864703594115,2.0080566406249989e-10,79.22046135420922,4910502638.915738
v6p1i6_0126,train,q,3,silicon_die_upper,,,,384,0.6045618976662559,0.07273861882373164,1.7211914062499985e-10,55.670589811192805,3512461748.710619
v6p1i6_0126,train,q,4,silicon_die_upper,,,,504,0.6994831299215286,0.08415918528342396,2.2590637207031237e-10,51.678224752723914,3096340857.989688
v6p1i6_0126,train,q,5,silicon_die_lower,,,,280,0.5092418131454564,0.06127006395620031,1.281738281249999e-10,54.717896604128356,3973056126.9405537
v6p1i6_0126,train,q,6,silicon_die_upper,,,,576,1.3000620415560336,0.15641858617453008,2.581787109374997e-10,83.8102033508821,5035512172.305929
v6p1i6_0126,train,q,7,silicon_die_upper,,,,280,0.6381284203667611,0.07677721687196333,1.2550354003906235e-10,66.61358065300612,5084545186.280377
v6p1i6_0126,train,q,8,silicon_die_upper,,,,448,0.950373778348711,0.1143454065997699,2.0080566406249978e-10,69.56486452076724,4732803642.694619
v6p1i6_0126,train,q,9,silicon_die_lower,,,,384,0.8966669982984773,0.10788360836636464,1.7578124999999997e-10,88.36546210121087,5101038923.653561
v6p1i6_0127,train,k,0,silicon_die_lower,56.97161308745915,56.97161308745915,56.97161308745915,288,,,,,
v6p1i6_0127,train,k,1,silicon_die_lower,227.9963178387609,227.9963178387609,227.9963178387609,640,,,,,
v6p1i6_0127,train,k,2,silicon_die_upper,57.69127899470703,57.69127899470703,57.69127899470703,560,,,,,
v6p1i6_0127,train,k,3,silicon_die_lower,222.88936254706076,222.88936254706076,222.88936254706076,504,,,,,
v6p1i6_0127,train,k,4,silicon_die_lower,30.84572307848788,30.84572307848788,30.84572307848788,480,,,,,
v6p1i6_0127,train,k,5,silicon_die_lower,143.18326780672507,143.18326780672507,143.18326780672507,448,,,,,
v6p1i6_0127,train,k,6,silicon_die_lower,48.06872548499091,48.06872548499091,48.06872548499091,504,,,,,
v6p1i6_0127,train,k,7,silicon_die_upper,276.1084969540676,276.1084969540676,276.1084969540676,384,,,,,
v6p1i6_0127,train,q,0,silicon_die_lower,,,,336,1.3058932679328894,0.1771783201879057,1.5380859374999997e-10,144.33023343080254,8490379088.020819
v6p1i6_0127,train,q,1,silicon_die_upper,,,,448,2.281237596387026,0.3095090963422596,2.0080566406249973e-10,182.41883628533657,11360424552.949873
v6p1i6_0127,train,q,2,silicon_die_lower,,,,448,1.4760790365509475,0.20026843738512884,2.0507812499999992e-10,110.18403276990266,7197642540.134147
v6p1i6_0127,train,q,3,silicon_die_lower,,,,384,2.307292689671422,0.3130441460847059,1.7578125000000002e-10,191.3513407210225,13125931745.68631
