layer_id,background_kx_W_mK,background_ky_W_mK,background_kz_W_mK,sampling_latent,distribution,sample_id
pcb_fr4_equivalent,0.7265014844171348,0.7265014844171348,0.2724380566564255,0.2840600796043873,correlated_log_uniform_axes,v6p1i11_0000
bt_substrate_with_vias,0.20808867895838207,0.20808867895838207,0.5098172634480361,0.5888373497873545,correlated_log_uniform_axes,v6p1i11_0000
silicon_interposer_tsv_0p1,134.34606696479023,134.34606696479023,136.7370781255886,0.47820223215967417,correlated_linear_axes,v6p1i11_0000
bump_underfill_under_interposer,0.5955685217492378,0.5955685217492378,4.863809594285441,0.4833891522139311,correlated_log_uniform_axes,v6p1i11_0000
silicon_die_lower,124.42026776261628,124.42026776261628,124.42026776261628,0.48840535525232553,isotropic_linear,v6p1i11_0000
tim_between_dies,1.5130351398789421,1.5130351398789421,1.5130351398789421,0.07454293966293335,isotropic_log_uniform,v6p1i11_0000
silicon_die_upper,120.63336963765323,120.63336963765323,120.63336963765323,0.41266739275306463,isotropic_linear,v6p1i11_0000
tim_to_spreader,2.6523017698674445,2.6523017698674445,2.6523017698674445,0.39905145671218634,isotropic_log_uniform,v6p1i11_0000
spreader,393.24678145814687,393.24678145814687,393.24678145814687,0.5497854305431247,isotropic_linear,v6p1i11_0000
pcb_fr4_equivalent,0.9281134232474505,0.9281134232474505,0.3480425337177939,0.8328400487080216,correlated_log_uniform_axes,v6p1i11_0001
bt_substrate_with_vias,0.17361982887438848,0.17361982887438848,0.42536858074225187,0.18305302038788795,correlated_log_uniform_axes,v6p1i11_0001
silicon_interposer_tsv_0p1,136.5470730420202,136.5470730420202,139.30491854902357,0.5515691014006734,correlated_linear_axes,v6p1i11_0001
bump_underfill_under_interposer,0.6662997365408545,0.6662997365408545,5.441447848416978,0.7348487516865134,correlated_log_uniform_axes,v6p1i11_0001
silicon_die_lower,139.2879812978208,139.2879812978208,139.2879812978208,0.7857596259564161,isotropic_linear,v6p1i11_0001
tim_between_dies,3.3083079528971955,3.3083079528971955,3.3083079528971955,0.5268227085471153,isotropic_log_uniform,v6p1i11_0001
silicon_die_upper,138.56297079473734,138.56297079473734,138.56297079473734,0.7712594158947468,isotropic_linear,v6p1i11_0001
tim_to_spreader,7.158123341519378,7.158123341519378,7.158123341519378,0.9730273876339197,isotropic_log_uniform,v6p1i11_0001
spreader,389.2635401384905,389.2635401384905,389.2635401384905,0.28423600923269987,isotropic_linear,v6p1i11_0001
pcb_fr4_equivalent,0.8764898543629387,0.8764898543629387,0.328683695386102,0.7046068571507931,correlated_log_uniform_axes,v6p1i11_0002
bt_substrate_with_vias,0.24387402758639712,0.24387402758639712,0.5974913675866729,0.9444099860265851,correlated_log_uniform_axes,v6p1i11_0002
silicon_interposer_tsv_0p1,125.14224775135517,125.14224775135517,125.9992890432477,0.1714082583785057,correlated_linear_axes,v6p1i11_0002
bump_underfill_under_interposer,0.519401097641846,0.519401097641846,4.241775630741743,0.17677030805498362,correlated_log_uniform_axes,v6p1i11_0002
silicon_die_lower,126.51771730743349,126.51771730743349,126.51771730743349,0.5303543461486697,isotropic_linear,v6p1i11_0002
tim_between_dies,6.046819119407231,6.046819119407231,6.046819119407231,0.8754884349182248,isotropic_log_uniform,v6p1i11_0002
silicon_die_upper,104.24815379083157,104.24815379083157,104.24815379083157,0.08496307581663132,isotropic_linear,v6p1i11_0002
tim_to_spreader,4.171964626639834,4.171964626639834,4.171964626639834,0.660919351503253,isotropic_log_uniform,v6p1i11_0002
spreader,385.3049856470898,385.3049856470898,385.3049856470898,0.02033237647265196,isotropic_linear,v6p1i11_0002
pcb_fr4_equivalent,0.688525514115455,0.688525514115455,0.2581970677932956,0.16376049909740686,correlated_log_uniform_axes,v6p1i11_0003
bt_substrate_with_vias,0.1819200913947542,0.1819200913947542,0.4457042239171478,0.2876930935308337,correlated_log_uniform_axes,v6p1i11_0003
silicon_interposer_tsv_0p1,145.8662772551179,145.8662772551179,150.1773234643042,0.8622092418372631,correlated_linear_axes,v6p1i11_0003
bump_underfill_under_interposer,0.7228854277717034,0.7228854277717034,5.903564326802243,0.9174915328621864,correlated_log_uniform_axes,v6p1i11_0003
silicon_die_lower,110.14014985412359,110.14014985412359,110.14014985412359,0.20280299708247185,isotropic_linear,v6p1i11_0003
tim_between_dies,2.95017386226071,2.95017386226071,2.95017386226071,0.46058511454612017,isotropic_log_uniform,v6p1i11_0003
silicon_die_upper,136.1495607998222,136.1495607998222,136.1495607998222,0.7229912159964442,isotropic_linear,v6p1i11_0003
tim_to_spreader,1.9157449986997284,1.9157449986997284,1.9157449986997284,0.21097448002547026,isotropic_log_uniform,v6p1i11_0003
spreader,396.3254278944805,396.3254278944805,396.3254278944805,0.7550285262987018,isotropic_linear,v6p1i11_0003
pcb_fr4_equivalent,0.6545090849786218,0.6545090849786218,0.24544090686698314,0.05023064650595188,correlated_log_uniform_axes,v6p1i11_0004
bt_substrate_with_vias,0.22824392466184545,0.22824392466184545,0.5591976154215215,0.7959922766312957,correlated_log_uniform_axes,v6p1i11_0004
silicon_interposer_tsv_0p1,139.72764099016786,139.72764099016786,143.01558115519583,0.6575880330055952,correlated_linear_axes,v6p1i11_0004
bump_underfill_under_interposer,0.6992081181394838,0.6992081181394838,5.710199631472451,0.8428707187995315,correlated_log_uniform_axes,v6p1i11_0004
silicon_die_lower,103.27694965526462,103.27694965526462,103.27694965526462,0.06553899310529232,isotropic_linear,v6p1i11_0004
tim_between_dies,1.6520618998506733,1.6520618998506733,1.6520618998506733,0.12536404188722372,isotropic_log_uniform,v6p1i11_0004
silicon_die_upper,112.18179049901664,112.18179049901664,112.18179049901664,0.24363580998033285,isotropic_linear,v6p1i11_0004
tim_to_spreader,3.367386984636811,3.367386984636811,3.367386984636811,0.5370556712150574,isotropic_log_uniform,v6p1i11_0004
spreader,387.0086032198742,387.0086032198742,387.0086032198742,0.13390688132494688,isotropic_linear,v6p1i11_0004
pcb_fr4_equivalent,0.8245508332735416,0.8245508332735416,0.30920656247757805,0.5677300905808806,correlated_log_uniform_axes,v6p1i11_0005
bt_substrate_with_vias,0.19573783517330773,0.19573783517330773,0.47955769617460403,0.4517324650660157,correlated_log_uniform_axes,v6p1i11_0005
silicon_interposer_tsv_0p1,131.13986430689692,131.13986430689692,132.9965083580464,0.3713288102298975,correlated_linear_axes,v6p1i11_0005
bump_underfill_under_interposer,0.49392014918362614,0.49392014918362614,4.033681218332946,0.06405687890946865,correlated_log_uniform_axes,v6p1i11_0005
silicon_die_lower,132.20863644964993,132.20863644964993,132.20863644964993,0.6441727289929986,isotropic_linear,v6p1i11_0005
tim_between_dies,4.545056516789974,4.545056516789974,4.545056516789974,0.7104377141222358,isotropic_log_uniform,v6p1i11_0005
silicon_die_upper,128.6218484863639,128.6218484863639,128.6218484863639,0.5724369697272778,isotropic_linear,v6p1i11_0005
tim_to_spreader,1.5462540458733451,1.5462540458733451,1.5462540458733451,0.08709846902638674,isotropic_log_uniform,v6p1i11_0005
spreader,398.48999917972833,398.48999917972833,398.48999917972833,0.8993332786485553,isotropic_linear,v6p1i11_0005
pcb_fr4_equivalent,0.9725114678190723,0.9725114678190723,0.36469180043215205,0.9375437665730715,correlated_log_uniform_axes,v6p1i11_0006
bt_substrate_with_vias,0.21622289247204116,0.21622289247204116,0.5297460865565009,0.6747583970427513,correlated_log_uniform_axes,v6p1i11_0006
silicon_interposer_tsv_0p1,149.2811666149646,149.2811666149646,154.16136105079204,0.9760388871654868,correlated_linear_axes,v6p1i11_0006
bump_underfill_under_interposer,0.6012836593389571,0.6012836593389571,4.910483217934816,0.504788726568222,correlated_log_uniform_axes,v6p1i11_0006
silicon_die_lower,145.7109646871686,145.7109646871686,145.7109646871686,0.914219293743372,isotropic_linear,v6p1i11_0006
tim_between_dies,5.538762247977223,5.538762247977223,5.538762247977223,0.8247512597590685,isotropic_log_uniform,v6p1i11_0006
silicon_die_upper,112.93513923883438,112.93513923883438,112.93513923883438,0.2587027847766876,isotropic_linear,v6p1i11_0006
tim_to_spreader,2.1400938841677366,2.1400938841677366,2.1400938841677366,0.27499805483967066,isotropic_log_uniform,v6p1i11_0006
spreader,395.0665708677843,395.0665708677843,395.0665708677843,0.6711047245189548,isotropic_linear,v6p1i11_0006
pcb_fr4_equivalent,0.7746948539315529,0.7746948539315529,0.2905105702243323,0.42797794844955206,correlated_log_uniform_axes,v6p1i11_0007
bt_substrate_with_vias,0.1659281139838482,0.1659281139838482,0.40652387926042816,0.08151889406144619,correlated_log_uniform_axes,v6p1i11_0007
silicon_interposer_tsv_0p1,121.70172379352152,121.70172379352152,121.98534442577511,0.05672412645071745,correlated_linear_axes,v6p1i11_0007
bump_underfill_under_interposer,0.5428671736731824,0.5428671736731824,4.433415251664322,0.27578339073807,correlated_log_uniform_axes,v6p1i11_0007
silicon_die_lower,118.3883139397949,118.3883139397949,118.3883139397949,0.36776627879589796,isotropic_linear,v6p1i11_0007
tim_between_dies,2.1475481560737544,2.1475481560737544,2.1475481560737544,0.27700825966894627,isotropic_log_uniform,v6p1i11_0007
silicon_die_upper,146.66712484322488,146.66712484322488,146.66712484322488,0.9333424968644977,isotropic_linear,v6p1i11_0007
tim_to_spreader,5.775729959135448,5.775729959135448,5.775729959135448,0.8489710725843906,isotropic_log_uniform,v6p1i11_0007
spreader,391.5443118708208,391.5443118708208,391.5443118708208,0.43628745805472136,isotropic_linear,v6p1i11_0007
pcb_fr4_equivalent,0.7877249597952246,0.7877249597952246,0.29539685992320924,0.465352495200932,correlated_log_uniform_axes,v6p1i11_0008
bt_substrate_with_vias,0.23697262951369458,0.23697262951369458,0.5805829423085517,0.8800855539739132,correlated_log_uniform_axes,v6p1i11_0008
silicon_interposer_tsv_0p1,146.8582754675299,146.8582754675299,151.3346547121182,0.8952758489176631,correlated_linear_axes,v6p1i11_0008
bump_underfill_under_interposer,0.492210305852852,0.492210305852852,4.0197174977982915,0.056286574341356754,correlated_log_uniform_axes,v6p1i11_0008
silicon_die_lower,142.24557913839817,142.24557913839817,142.24557913839817,0.8449115827679634,isotropic_linear,v6p1i11_0008
tim_between_dies,2.7834452735578927,2.7834452735578927,2.7834452735578927,0.42695279233157635,isotropic_log_uniform,v6p1i11_0008
silicon_die_upper,108.09941971674562,108.09941971674562,108.09941971674562,0.1619883943349123,isotropic_linear,v6p1i11_0008
tim_to_spreader,3.580974076833961,3.580974076833961,3.580974076833961,0.572609193623066,isotropic_log_uniform,v6p1i11_0008
spreader,387.9008997278288,387.9008997278288,387.9008997278288,0.1933933151885867,isotropic_linear,v6p1i11_0008
pcb_fr4_equivalent,0.963504496907075,0.963504496907075,0.36131418634015305,0.9166946038603783,correlated_log_uniform_axes,v6p1i11_0009
bt_substrate_with_vias,0.18691499912631138,0.18691499912631138,0.45794174785946284,0.3483859319239855,correlated_log_uniform_axes,v6p1i11_0009
silicon_interposer_tsv_0p1,122.15703179128468,122.15703179128468,122.51653708983213,0.07190105970948935,correlated_linear_axes,v6p1i11_0009
bump_underfill_under_interposer,0.6823601069213094,0.6823601069213094,5.57260753985736,0.7882177829742432,correlated_log_uniform_axes,v6p1i11_0009
silicon_die_lower,121.16968925110996,121.16968925110996,121.16968925110996,0.42339378502219915,isotropic_linear,v6p1i11_0009
tim_between_dies,7.130181038811226,7.130181038811226,7.130181038811226,0.970766207203269,isotropic_log_uniform,v6p1i11_0009
silicon_die_upper,126.10913035459816,126.10913035459816,126.10913035459816,0.5221826070919633,isotropic_linear,v6p1i11_0009
tim_to_spreader,1.4585197284971478,1.4585197284971478,1.4585197284971478,0.05332821328192949,isotropic_log_uniform,v6p1i11_0009
spreader,399.4138813810423,399.4138813810423,399.4138813810423,0.9609254254028201,isotropic_linear,v6p1i11_0009
pcb_fr4_equivalent,0.8168697053194655,0.8168697053194655,0.3063261394947995,0.5467588575556874,correlated_log_uniform_axes,v6p1i11_0010
bt_substrate_with_vias,0.20217947858817834,0.20217947858817834,0.495339722541037,0.5242858109995723,correlated_log_uniform_axes,v6p1i11_0010
silicon_interposer_tsv_0p1,141.17927139624953,141.17927139624953,144.70914996229112,0.7059757132083178,correlated_linear_axes,v6p1i11_0010
bump_underfill_under_interposer,0.5601635584994118,0.5601635584994118,4.57466906107853,0.34606132470071316,correlated_log_uniform_axes,v6p1i11_0010
silicon_die_lower,106.73928083851933,106.73928083851933,106.73928083851933,0.1347856167703867,isotropic_linear,v6p1i11_0010
tim_between_dies,3.880494053318985,3.880494053318985,3.880494053318985,0.6190487546846271,isotropic_log_uniform,v6p1i11_0010
silicon_die_upper,116.6234026197344,116.6234026197344,116.6234026197344,0.33246805239468813,isotropic_linear,v6p1i11_0010
tim_to_spreader,2.502448431450665,2.502448431450665,2.502448431450665,0.365428620018065,isotropic_log_uniform,v6p1i11_0010
spreader,395.7830856787041,395.7830856787041,395.7830856787041,0.7188723785802722,isotropic_linear,v6p1i11_0010
pcb_fr4_equivalent,0.6655539641213077,0.6655539641213077,0.2495827365454904,0.08772726356983185,correlated_log_uniform_axes,v6p1i11_0011
bt_substrate_with_vias,0.1783660485421144,0.1783660485421144,0.4369968189281803,0.2434846879914403,correlated_log_uniform_axes,v6p1i11_0011
silicon_interposer_tsv_0p1,127.9550257511437,127.9550257511437,129.2808633763343,0.26516752503812313,correlated_linear_axes,v6p1i11_0011
bump_underfill_under_interposer,0.6335552700619671,0.6335552700619671,5.174034705506063,0.6219340329989791,correlated_log_uniform_axes,v6p1i11_0011
silicon_die_lower,129.4303169939667,129.4303169939667,129.4303169939667,0.588606339879334,isotropic_linear,v6p1i11_0011
tim_between_dies,1.439330321001368,1.439330321001368,1.439330321001368,0.04567145090550184,isotropic_log_uniform,v6p1i11_0011
silicon_die_upper,148.78649851307273,148.78649851307273,148.78649851307273,0.9757299702614546,isotropic_linear,v6p1i11_0011
tim_to_spreader,4.957835844276026,4.957835844276026,4.957835844276026,0.7606937997043133,isotropic_log_uniform,v6p1i11_0011
spreader,392.29241237509996,392.29241237509996,392.29241237509996,0.4861608250066638,isotropic_linear,v6p1i11_0011
pcb_fr4_equivalent,0.6998250183919116,0.6998250183919116,0.2624343818969668,0.20023467671126127,correlated_log_uniform_axes,v6p1i11_0012
bt_substrate_with_vias,0.2221337088781732,0.2221337088781732,0.5442275867515244,0.7351896921172738,correlated_log_uniform_axes,v6p1i11_0012
silicon_interposer_tsv_0p1,126.45082365721464,126.45082365721464,127.52596093341708,0.21502745524048805,correlated_linear_axes,v6p1i11_0012
bump_underfill_under_interposer,0.6367157038298679,0.6367157038298679,5.199844914610587,0.6330838277935982,correlated_log_uniform_axes,v6p1i11_0012
silicon_die_lower,135.45163827948272,135.45163827948272,135.45163827948272,0.7090327655896544,isotropic_linear,v6p1i11_0012
tim_between_dies,2.515255451004048,2.515255451004048,2.515255451004048,0.3683798098936677,isotropic_log_uniform,v6p1i11_0012
silicon_die_upper,124.70887051895261,124.70887051895261,124.70887051895261,0.49417741037905216,isotropic_linear,v6p1i11_0012
tim_to_spreader,3.1108974597123935,3.1108974597123935,3.1108974597123935,0.4912530994042754,isotropic_log_uniform,v6p1i11_0012
spreader,394.3446134077385,394.3446134077385,394.3446134077385,0.6229742271825671,isotropic_linear,v6p1i11_0012
pcb_fr4_equivalent,0.868023319662693,0.868023319662693,0.32550874487350984,0.6828572954982519,correlated_log_uniform_axes,v6p1i11_0013
bt_substrate_with_vias,0.16121619548788876,0.16121619548788876,0.39497967894532754,0.016967727802693844,correlated_log_uniform_axes,v6p1i11_0013
silicon_interposer_tsv_0p1,142.53884866833687,142.53884866833687,146.295323446393,0.7512949556112289,correlated_linear_axes,v6p1i11_0013
bump_underfill_under_interposer,0.5731055507318561,0.5731055507318561,4.680361997643491,0.39724160078912973,correlated_log_uniform_axes,v6p1i11_0013
silicon_die_lower,100.32692849636078,100.32692849636078,100.32692849636078,0.006538569927215576,isotropic_linear,v6p1i11_0013
tim_between_dies,5.261169305229511,5.261169305229511,5.261169305229511,0.7950252750888467,isotropic_log_uniform,v6p1i11_0013
silicon_die_upper,141.08255212195218,141.08255212195218,141.08255212195218,0.8216510424390435,isotropic_linear,v6p1i11_0013
tim_to_spreader,6.163261470137274,6.163261470137274,6.163261470137274,0.8865154702216387,isotropic_log_uniform,v6p1i11_0013
spreader,390.33344850409776,390.33344850409776,390.33344850409776,0.3555632336065173,isotropic_linear,v6p1i11_0013
pcb_fr4_equivalent,0.9190981535492883,0.9190981535492883,0.344661807580983,0.8109684167429805,correlated_log_uniform_axes,v6p1i11_0014
bt_substrate_with_vias,0.23451071657718175,0.23451071657718175,0.5745512556140953,0.8566850107163191,correlated_log_uniform_axes,v6p1i11_0014
silicon_interposer_tsv_0p1,132.01450346969068,132.01450346969068,134.01692071463913,0.40048344898968935,correlated_linear_axes,v6p1i11_0014
bump_underfill_under_interposer,0.7356670037638924,0.7356670037638924,6.00794719740512,0.9567640861496329,correlated_log_uniform_axes,v6p1i11_0014
silicon_die_lower,115.48940115608275,115.48940115608275,115.48940115608275,0.309788023121655,isotropic_linear,v6p1i11_0014
tim_between_dies,4.2945361597952765,4.2945361597952765,4.2945361597952765,0.6776598803699017,isotropic_log_uniform,v6p1i11_0014
silicon_die_upper,100.56675435043871,100.56675435043871,100.56675435043871,0.01133508700877428,isotropic_linear,v6p1i11_0014
tim_to_spreader,4.453119472883085,4.453119472883085,4.453119472883085,0.698623513802886,isotropic_log_uniform,v6p1i11_0014
spreader,386.34422429371625,386.34422429371625,386.34422429371625,0.08961495291441679,isotropic_linear,v6p1i11_0014
pcb_fr4_equivalent,0.7384644477934166,0.7384644477934166,0.27692416792253116,0.3206563275307417,correlated_log_uniform_axes,v6p1i11_0015
bt_substrate_with_vias,0.19019865343867698,0.19019865343867698,0.4659867009247586,0.38740813732147217,correlated_log_uniform_axes,v6p1i11_0015
silicon_interposer_tsv_0p1,137.0941588561982,137.0941588561982,139.94318533223122,0.5698052952066064,correlated_linear_axes,v6p1i11_0015
bump_underfill_under_interposer,0.5249098874063663,0.5249098874063663,4.286764080485325,0.20041023008525372,correlated_log_uniform_axes,v6p1i11_0015
silicon_die_lower,149.0981467999518,149.0981467999518,149.0981467999518,0.9819629359990358,isotropic_linear,v6p1i11_0015
tim_between_dies,1.9509304842129516,1.9509304842129516,1.9509304842129516,0.22149630263447762,isotropic_log_uniform,v6p1i11_0015
silicon_die_upper,134.02331797406077,134.02331797406077,134.02331797406077,0.6804663594812155,isotropic_linear,v6p1i11_0015
tim_to_spreader,1.8137027609694538,1.8137027609694538,1.8137027609694538,0.1793300686404109,isotropic_log_uniform,v6p1i11_0015
spreader,397.3367429571226,397.3367429571226,397.3367429571226,0.8224495304748416,isotropic_linear,v6p1i11_0015
pcb_fr4_equivalent,0.7472615213947286,0.7472615213947286,0.2802230705230232,0.3471913980320096,correlated_log_uniform_axes,v6p1i11_0016
bt_substrate_with_vias,0.23246984560591105,0.23246984560591105,0.5695511217344821,0.8370994878932834,correlated_log_uniform_axes,v6p1i11_0016
silicon_interposer_tsv_0p1,123.288500206545,123.288500206545,123.8365835743025,0.10961667355149984,correlated_linear_axes,v6p1i11_0016
bump_underfill_under_interposer,0.6085223116909781,0.6085223116909781,4.969598878809655,0.5316028026863933,correlated_log_uniform_axes,v6p1i11_0016
silicon_die_lower,112.13137498125434,112.13137498125434,112.13137498125434,0.24262749962508678,isotropic_linear,v6p1i11_0016
tim_between_dies,4.909930109277244,4.909930109277244,4.909930109277244,0.755080409348011,isotropic_log_uniform,v6p1i11_0016
silicon_die_upper,140.00740377232432,140.00740377232432,140.00740377232432,0.8001480754464865,isotropic_linear,v6p1i11_0016
tim_to_spreader,4.656541862279844,4.656541862279844,4.656541862279844,0.7244474170729518,isotropic_log_uniform,v6p1i11_0016
spreader,399.8076825682074,399.8076825682074,399.8076825682074,0.9871788378804922,isotropic_linear,v6p1i11_0016
pcb_fr4_equivalent,0.9029252702838816,0.9029252702838816,0.3385969763564555,0.7711888030171394,correlated_log_uniform_axes,v6p1i11_0017
bt_substrate_with_vias,0.19388323538574342,0.19388323538574342,0.4750139266950714,0.4304007040336728,correlated_log_uniform_axes,v6p1i11_0017
silicon_interposer_tsv_0p1,147.57889025844634,147.57889025844634,152.1753719681874,0.9192963419482112,correlated_linear_axes,v6p1i11_0017
bump_underfill_under_interposer,0.5515634458095379,0.5515634458095379,4.504434807444558,0.3113932032138109,correlated_log_uniform_axes,v6p1i11_0017
silicon_die_lower,126.99240786023438,126.99240786023438,126.99240786023438,0.5398481572046876,isotropic_linear,v6p1i11_0017
tim_between_dies,2.354270447471231,2.354270447471231,2.354270447471231,0.33014048635959625,isotropic_log_uniform,v6p1i11_0017
silicon_die_upper,118.75253082253039,118.75253082253039,118.75253082253039,0.3750506164506078,isotropic_linear,v6p1i11_0017
tim_to_spreader,1.7224664704979598,1.7224664704979598,1.7224664704979598,0.14949107728898525,isotropic_log_uniform,v6p1i11_0017
spreader,388.32766705192626,388.32766705192626,388.32766705192626,0.22184447012841702,isotropic_linear,v6p1i11_0017
pcb_fr4_equivalent,0.8521454543013603,0.8521454543013603,0.3195545453630101,0.641490769572556,correlated_log_uniform_axes,v6p1i11_0018
bt_substrate_with_vias,0.21791690677225958,0.21791690677225958,0.533896421592036,0.6922449953854084,correlated_log_uniform_axes,v6p1i11_0018
silicon_interposer_tsv_0p1,129.08468099310994,129.08468099310994,130.5987944919616,0.3028226997703314,correlated_linear_axes,v6p1i11_0018
bump_underfill_under_interposer,0.7079582418986509,0.7079582418986509,5.781658975505649,0.8707377053797245,correlated_log_uniform_axes,v6p1i11_0018
silicon_die_lower,138.4412607178092,138.4412607178092,138.4412607178092,0.768825214356184,isotropic_linear,v6p1i11_0018
tim_between_dies,1.8705464364048836,1.8705464364048836,1.8705464364048836,0.1971711339429021,isotropic_log_uniform,v6p1i11_0018
silicon_die_upper,134.51095526106656,134.51095526106656,134.51095526106656,0.6902191052213311,isotropic_linear,v6p1i11_0018
tim_to_spreader,2.9606617303197154,2.9606617303197154,2.9606617303197154,0.462636711075902,isotropic_log_uniform,v6p1i11_0018
spreader,391.8696566019207,391.8696566019207,391.8696566019207,0.4579771067947149,isotropic_linear,v6p1i11_0018
pcb_fr4_equivalent,0.7077375454865922,0.7077375454865922,0.265401579557472,0.22542697191238403,correlated_log_uniform_axes,v6p1i11_0019
bt_substrate_with_vias,0.1626236295581123,0.1626236295581123,0.39842789241737514,0.036444464698433876,correlated_log_uniform_axes,v6p1i11_0019
silicon_interposer_tsv_0p1,141.89809447154403,141.89809447154403,145.54777688346803,0.7299364823848009,correlated_linear_axes,v6p1i11_0019
bump_underfill_under_interposer,0.5016307595741216,0.5016307595741216,4.09665120318866,0.09876648057252169,correlated_log_uniform_axes,v6p1i11_0019
silicon_die_lower,122.06884152255952,122.06884152255952,122.06884152255952,0.44137683045119047,isotropic_linear,v6p1i11_0019
tim_between_dies,4.129803392806368,4.129803392806368,4.129803392806368,0.6550471680238843,isotropic_log_uniform,v6p1i11_0019
silicon_die_upper,105.54800974205136,105.54800974205136,105.54800974205136,0.11096019484102726,isotropic_linear,v6p1i11_0019
tim_to_spreader,6.436666284976028,6.436666284976028,6.436666284976028,0.9116088664159179,isotropic_log_uniform,v6p1i11_0019
spreader,395.3859575185925,395.3859575185925,395.3859575185925,0.6923971679061651,isotropic_linear,v6p1i11_0019
pcb_fr4_equivalent,0.6726116199557401,0.6726116199557401,0.2522293574834025,0.1113630635663867,correlated_log_uniform_axes,v6p1i11_0020
bt_substrate_with_vias,0.20394455958763671,0.20394455958763671,0.49966417098971,0.5437629129737616,correlated_log_uniform_axes,v6p1i11_0020
silicon_interposer_tsv_0p1,144.16400089859962,144.16400089859962,148.19133438169956,0.8054666966199875,correlated_linear_axes,v6p1i11_0020
bump_underfill_under_interposer,0.5114731176876688,0.5114731176876688,4.177030461115962,0.14230508543550968,correlated_log_uniform_axes,v6p1i11_0020
silicon_die_lower,116.37257938273251,116.37257938273251,116.37257938273251,0.3274515876546502,isotropic_linear,v6p1i11_0020
tim_between_dies,6.837142455031676,6.837142455031676,6.837142455031676,0.9465041002258658,isotropic_log_uniform,v6p1i11_0020
silicon_die_upper,130.30775329098105,130.30775329098105,130.30775329098105,0.6061550658196211,isotropic_linear,v6p1i11_0020
tim_to_spreader,2.3800773703042433,2.3800773703042433,2.3800773703042433,0.3364432863891125,isotropic_log_uniform,v6p1i11_0020
spreader,389.82271627523005,389.82271627523005,389.82271627523005,0.32151441834867,isotropic_linear,v6p1i11_0020
pcb_fr4_equivalent,0.801479819281594,0.801479819281594,0.30055493223059765,0.5041409786790609,correlated_log_uniform_axes,v6p1i11_0021
bt_substrate_with_vias,0.17498006689246418,0.17498006689246418,0.4287011638865373,0.20053962618112564,correlated_log_uniform_axes,v6p1i11_0021
silicon_interposer_tsv_0p1,126.72902416437864,126.72902416437864,127.85052819177508,0.2243008054792881,correlated_linear_axes,v6p1i11_0021
bump_underfill_under_interposer,0.7140286790749443,0.7140286790749443,5.831234212445377,0.8898689253255725,correlated_log_uniform_axes,v6p1i11_0021
silicon_die_lower,145.30980242416263,145.30980242416263,145.30980242416263,0.9061960484832525,isotropic_linear,v6p1i11_0021
tim_between_dies,2.676966850482611,2.676966850482611,2.676966850482611,0.40440290328115225,isotropic_log_uniform,v6p1i11_0021
silicon_die_upper,110.93228557147086,110.93228557147086,110.93228557147086,0.21864571142941713,isotropic_linear,v6p1i11_0021
tim_to_spreader,5.174481160310744,5.174481160310744,5.174481160310744,0.785420143045485,isotropic_log_uniform,v6p1i11_0021
spreader,393.8009150419384,393.8009150419384,393.8009150419384,0.5867276694625616,isotropic_linear,v6p1i11_0021
pcb_fr4_equivalent,0.946331032008319,0.946331032008319,0.35487413700311954,0.8763960627838969,correlated_log_uniform_axes,v6p1i11_0022
bt_substrate_with_vias,0.24156334216304584,0.24156334216304584,0.5918301882994624,0.9230782324448228,correlated_log_uniform_axes,v6p1i11_0022
silicon_interposer_tsv_0p1,138.71752652339637,138.71752652339637,141.83711427729577,0.6239175507798791,correlated_linear_axes,v6p1i11_0022
bump_underfill_under_interposer,0.5861146375374562,0.5861146375374562,4.7866028732225585,0.4475354375317693,correlated_log_uniform_axes,v6p1i11_0022
silicon_die_lower,133.03122906945646,133.03122906945646,133.03122906945646,0.6606245813891292,isotropic_linear,v6p1i11_0022
tim_between_dies,1.3433767717699183,1.3433767717699183,1.3433767717699183,0.0057855937629938126,isotropic_log_uniform,v6p1i11_0022
silicon_die_upper,145.1723348814994,145.1723348814994,145.1723348814994,0.9034466976299882,isotropic_linear,v6p1i11_0022
tim_to_spreader,3.7453661966737526,3.7453661966737526,3.7453661966737526,0.5985581548884511,isotropic_log_uniform,v6p1i11_0022
spreader,397.8771143499762,397.8771143499762,397.8771143499762,0.8584742899984121,isotropic_linear,v6p1i11_0022
pcb_fr4_equivalent,0.7969894101264138,0.7969894101264138,0.2988710287974051,0.49155176989734173,correlated_log_uniform_axes,v6p1i11_0023
bt_substrate_with_vias,0.18528832905930057,0.18528832905930057,0.4539564061952865,0.3288002973422408,correlated_log_uniform_axes,v6p1i11_0023
silicon_interposer_tsv_0p1,132.29088365100324,132.29088365100324,134.33936425950378,0.40969612170010805,correlated_linear_axes,v6p1i11_0023
bump_underfill_under_interposer,0.6583021348301564,0.6583021348301564,5.376134101112943,0.7077907733619213,correlated_log_uniform_axes,v6p1i11_0023
silicon_die_lower,105.70152271538973,105.70152271538973,105.70152271538973,0.11403045430779457,isotropic_linear,v6p1i11_0023
tim_between_dies,3.6325013248925417,3.6325013248925417,3.6325013248925417,0.5808686781674623,isotropic_log_uniform,v6p1i11_0023
silicon_die_upper,114.76867282763124,114.76867282763124,114.76867282763124,0.2953734565526247,isotropic_linear,v6p1i11_0023
tim_to_spreader,1.3854455793640004,1.3854455793640004,1.3854455793640004,0.023612357676029205,isotropic_log_uniform,v6p1i11_0023
spreader,386.8589680735022,386.8589680735022,386.8589680735022,0.12393120490014553,isotropic_linear,v6p1i11_0023
pcb_fr4_equivalent,0.7665138374715386,0.7665138374715386,0.28744268905182696,0.4041895307600498,correlated_log_uniform_axes,v6p1i11_0024
bt_substrate_with_vias,0.21211952665046713,0.21211952665046713,0.5196928402936445,0.6318266959860921,correlated_log_uniform_axes,v6p1i11_0024
silicon_interposer_tsv_0p1,135.39020947180688,135.39020947180688,137.9552443837747,0.5130069823935628,correlated_linear_axes,v6p1i11_0024
bump_underfill_under_interposer,0.7470675685265024,0.7470675685265024,6.101051809633102,0.9912218563258648,correlated_log_uniform_axes,v6p1i11_0024
silicon_die_lower,130.34121985547245,130.34121985547245,130.34121985547245,0.6068243971094489,isotropic_linear,v6p1i11_0024
tim_between_dies,4.836883814702404,4.836883814702404,4.836883814702404,0.7464148458093405,isotropic_log_uniform,v6p1i11_0024
silicon_die_upper,127.35138735733926,127.35138735733926,127.35138735733926,0.5470277471467853,isotropic_linear,v6p1i11_0024
tim_to_spreader,2.2497698583799677,2.2497698583799677,2.2497698583799677,0.3038918115198612,isotropic_log_uniform,v6p1i11_0024
spreader,388.8404700998217,388.8404700998217,388.8404700998217,0.25603133998811245,isotropic_linear,v6p1i11_0024
pcb_fr4_equivalent,0.9912529628180864,0.9912529628180864,0.37171986105678234,0.9803142035380006,correlated_log_uniform_axes,v6p1i11_0025
bt_substrate_with_vias,0.16738027236270947,0.16738027236270947,0.4100816672886382,0.10104367416352034,correlated_log_uniform_axes,v6p1i11_0025
silicon_interposer_tsv_0p1,133.59957779757679,133.59957779757679,135.86617409717292,0.45331925991922617,correlated_linear_axes,v6p1i11_0025
bump_underfill_under_interposer,0.531422675596324,0.531422675596324,4.3399518507033115,0.22804064769297838,correlated_log_uniform_axes,v6p1i11_0025
silicon_die_lower,109.27085615694523,109.27085615694523,109.27085615694523,0.18541712313890457,isotropic_linear,v6p1i11_0025
tim_between_dies,1.776809512345474,1.776809512345474,1.776809512345474,0.16744890622794628,isotropic_log_uniform,v6p1i11_0025
silicon_die_upper,106.42076283693314,106.42076283693314,106.42076283693314,0.12841525673866272,isotropic_linear,v6p1i11_0025
tim_to_spreader,5.5330354878006975,5.5330354878006975,5.5330354878006975,0.8241532007232308,isotropic_log_uniform,v6p1i11_0025
spreader,392.8493390325457,392.8493390325457,392.8493390325457,0.523289268836379,isotropic_linear,v6p1i11_0025
pcb_fr4_equivalent,0.8394799899741153,0.8394799899741153,0.3148049962402932,0.6079370491206646,correlated_log_uniform_axes,v6p1i11_0026
bt_substrate_with_vias,0.22626239428428233,0.22626239428428233,0.5543428659964917,0.7764543164521456,correlated_log_uniform_axes,v6p1i11_0026
silicon_interposer_tsv_0p1,144.71120540052652,144.71120540052652,148.8297396339476,0.8237068466842175,correlated_linear_axes,v6p1i11_0026
bump_underfill_under_interposer,0.6469836544028351,0.6469836544028351,5.283699844289821,0.6689302129670978,correlated_log_uniform_axes,v6p1i11_0026
silicon_die_lower,119.05954093672335,119.05954093672335,119.05954093672335,0.38119081873446703,isotropic_linear,v6p1i11_0026
tim_between_dies,2.224519625322035,2.224519625322035,2.224519625322035,0.297366532497108,isotropic_log_uniform,v6p1i11_0026
silicon_die_upper,146.95944990962744,146.95944990962744,146.95944990962744,0.9391889981925488,isotropic_linear,v6p1i11_0026
tim_to_spreader,3.2190755810503116,3.2190755810503116,3.2190755810503116,0.5110151963308454,isotropic_log_uniform,v6p1i11_0026
spreader,396.71908737160265,396.71908737160265,396.71908737160265,0.781272491440177,isotropic_linear,v6p1i11_0026
pcb_fr4_equivalent,0.6469272933546846,0.6469272933546846,0.2425977350080067,0.02412289474159479,correlated_log_uniform_axes,v6p1i11_0027
bt_substrate_with_vias,0.19953092307687978,0.19953092307687978,0.48885076153835544,0.49473850056529045,correlated_log_uniform_axes,v6p1i11_0027
silicon_interposer_tsv_0p1,124.3975717574358,124.3975717574358,125.1305003836751,0.14658572524785995,correlated_linear_axes,v6p1i11_0027
bump_underfill_under_interposer,0.5800701652450616,0.5800701652450616,4.7372396828346695,0.4243075046688318,correlated_log_uniform_axes,v6p1i11_0027
silicon_die_lower,141.74351813271642,141.74351813271642,141.74351813271642,0.8348703626543283,isotropic_linear,v6p1i11_0027
tim_between_dies,5.79813032514461,5.79813032514461,5.79813032514461,0.8512089205905795,isotropic_log_uniform,v6p1i11_0027
silicon_die_upper,118.11170759610832,118.11170759610832,118.11170759610832,0.36223415192216635,isotropic_linear,v6p1i11_0027
tim_to_spreader,1.6275520295860868,1.6275520295860868,1.6275520295860868,0.11672273278236389,isotropic_log_uniform,v6p1i11_0027
spreader,385.7316112611443,385.7316112611443,385.7316112611443,0.04877408407628536,isotropic_linear,v6p1i11_0027
pcb_fr4_equivalent,0.6803920956092551,0.6803920956092551,0.25514703585347065,0.13713384605944157,correlated_log_uniform_axes,v6p1i11_0028
bt_substrate_with_vias,0.24859990428061743,0.24859990428061743,0.6090697654875128,0.9874158948659897,correlated_log_uniform_axes,v6p1i11_0028
silicon_interposer_tsv_0p1,129.5401000790298,129.5401000790298,131.1301167588681,0.31800333596765995,correlated_linear_axes,v6p1i11_0028
bump_underfill_under_interposer,0.5534983157455066,0.5534983157455066,4.52023624525497,0.31923979986459017,correlated_log_uniform_axes,v6p1i11_0028
silicon_die_lower,148.1627345085144,148.1627345085144,148.1627345085144,0.9632546901702881,isotropic_linear,v6p1i11_0028
tim_between_dies,3.427234068701366,3.427234068701366,3.427234068701366,0.5472402283921838,isotropic_log_uniform,v6p1i11_0028
silicon_die_upper,142.95690595172346,142.95690595172346,142.95690595172346,0.8591381190344691,isotropic_linear,v6p1i11_0028
tim_to_spreader,3.9907644654455203,3.9907644654455203,3.9907644654455203,0.6352480603381991,isotropic_log_uniform,v6p1i11_0028
spreader,399.030057201162,399.030057201162,399.030057201162,0.935337146744132,isotropic_linear,v6p1i11_0028
pcb_fr4_equivalent,0.8922256783200619,0.8922256783200619,0.3345846293700232,0.7444779938086867,correlated_log_uniform_axes,v6p1i11_0029
bt_substrate_with_vias,0.18034073780981447,0.18034073780981447,0.4418348076340454,0.26815526001155376,correlated_log_uniform_axes,v6p1i11_0029
silicon_interposer_tsv_0p1,139.47532201185822,139.47532201185822,142.7212090138346,0.6491774003952742,correlated_linear_axes,v6p1i11_0029
bump_underfill_under_interposer,0.6235684392602175,0.6235684392602175,5.092475587291776,0.5863320268690586,correlated_log_uniform_axes,v6p1i11_0029
silicon_die_lower,113.03135412745178,113.03135412745178,113.03135412745178,0.26062708254903555,isotropic_linear,v6p1i11_0029
tim_between_dies,1.584048927400935,1.584048927400935,1.584048927400935,0.10105960909277201,isotropic_log_uniform,v6p1i11_0029
silicon_die_upper,123.27092252671719,123.27092252671719,123.27092252671719,0.4654184505343437,isotropic_linear,v6p1i11_0029
tim_to_spreader,2.017751343614681,2.017751343614681,2.017751343614681,0.24096603505313396,isotropic_log_uniform,v6p1i11_0029
spreader,387.5230336282402,387.5230336282402,387.5230336282402,0.16820224188268185,isotropic_linear,v6p1i11_0029
pcb_fr4_equivalent,0.9453423947312308,0.9453423947312308,0.35450339802421155,0.8740539569407701,correlated_log_uniform_axes,v6p1i11_0030
bt_substrate_with_vias,0.2099097824967259,0.2099097824967259,0.5142789671169784,0.6083617797121406,correlated_log_uniform_axes,v6p1i11_0030
silicon_interposer_tsv_0p1,120.10377989150584,120.10377989150584,120.12107654009014,0.003459329716861248,correlated_linear_axes,v6p1i11_0030
bump_underfill_under_interposer,0.48612516245236354,0.48612516245236354,3.9700221600276353,0.02841225452721119,correlated_log_uniform_axes,v6p1i11_0030
silicon_die_lower,102.4129488505423,102.4129488505423,102.4129488505423,0.04825897701084614,isotropic_linear,v6p1i11_0030
tim_between_dies,3.13993871712126,3.13993871712126,3.13993871712126,0.49662506952881813,isotropic_log_uniform,v6p1i11_0030
silicon_die_upper,132.73070994764566,132.73070994764566,132.73070994764566,0.6546141989529133,isotropic_linear,v6p1i11_0030
tim_to_spreader,2.7876255569059043,2.7876255569059043,2.7876255569059043,0.42782039381563663,isotropic_log_uniform,v6p1i11_0030
spreader,391.0334370378405,391.0334370378405,391.0334370378405,0.40222913585603237,isotropic_linear,v6p1i11_0030
pcb_fr4_equivalent,0.7184280882204649,0.7184280882204649,0.26941053308267426,0.25902034249156713,correlated_log_uniform_axes,v6p1i11_0031
bt_substrate_with_vias,0.17032498849872094,0.17032498849872094,0.4172962218218663,0.1401216695085168,correlated_log_uniform_axes,v6p1i11_0031
silicon_interposer_tsv_0p1,149.03063219971955,149.03063219971955,153.8690708996728,0.9676877399906516,correlated_linear_axes,v6p1i11_0031
bump_underfill_under_interposer,0.6718738674653861,0.6718738674653861,5.486969917633986,0.7535161105915904,correlated_log_uniform_axes,v6p1i11_0031
silicon_die_lower,136.02684610523283,136.02684610523283,136.02684610523283,0.7205369221046567,isotropic_linear,v6p1i11_0031
tim_between_dies,6.504125389839927,6.504125389839927,6.504125389839927,0.9176363609731197,isotropic_log_uniform,v6p1i11_0031
silicon_die_upper,102.19811196438968,102.19811196438968,102.19811196438968,0.043962239287793636,isotropic_linear,v6p1i11_0031
tim_to_spreader,6.855883539392972,6.855883539392972,6.855883539392972,0.9480866184458137,isotropic_log_uniform,v6p1i11_0031
spreader,394.5227298978716,394.5227298978716,394.5227298978716,0.6348486598581076,isotropic_linear,v6p1i11_0031
pcb_fr4_equivalent,0.7225843363740914,0.7225843363740914,0.27096912614028423,0.271945939399302,correlated_log_uniform_axes,v6p1i11_0032
bt_substrate_with_vias,0.24622354712930716,0.24622354712930716,0.6032476904668027,0.9658940033987164,correlated_log_uniform_axes,v6p1i11_0032
silicon_interposer_tsv_0p1,140.75302429497242,140.75302429497242,144.21186167746782,0.6917674764990807,correlated_linear_axes,v6p1i11_0032
bump_underfill_under_interposer,0.6529585013973889,0.6529585013973889,5.332494428078675,0.6895280433818698,correlated_log_uniform_axes,v6p1i11_0032
silicon_die_lower,117.65480451285839,117.65480451285839,117.65480451285839,0.3530960902571678,isotropic_linear,v6p1i11_0032
tim_between_dies,5.894690401140707,5.894690401140707,5.894690401140707,0.8607575567439198,isotropic_log_uniform,v6p1i11_0032
silicon_die_upper,135.43238290585577,135.43238290585577,135.43238290585577,0.7086476581171155,isotropic_linear,v6p1i11_0032
tim_to_spreader,5.637483865566579,5.637483865566579,5.637483865566579,0.8349649049341679,isotropic_log_uniform,v6p1i11_0032
spreader,388.5292486939579,388.5292486939579,388.5292486939579,0.23528324626386166,isotropic_linear,v6p1i11_0032
pcb_fr4_equivalent,0.9327646723343642,0.9327646723343642,0.3497867521253865,0.8440413437783718,correlated_log_uniform_axes,v6p1i11_0033
bt_substrate_with_vias,0.18367283499275316,0.18367283499275316,0.4499984457322453,0.3091783029958606,correlated_log_uniform_axes,v6p1i11_0033
silicon_interposer_tsv_0p1,128.23950950056314,128.23950950056314,129.61276108399034,0.27465031668543816,correlated_linear_axes,v6p1i11_0033
bump_underfill_under_interposer,0.5908064429701788,0.5908064429701788,4.82491928425646,0.4654007498174906,correlated_log_uniform_axes,v6p1i11_0033
silicon_die_lower,146.54171983711421,146.54171983711421,146.54171983711421,0.9308343967422843,isotropic_linear,v6p1i11_0033
tim_between_dies,2.1864670517017895,2.1864670517017895,2.1864670517017895,0.2873915480449796,isotropic_log_uniform,v6p1i11_0033
silicon_die_upper,105.02643277868629,105.02643277868629,105.02643277868629,0.1005286555737257,isotropic_linear,v6p1i11_0033
tim_to_spreader,2.206739995131536,2.206739995131536,2.206739995131536,0.2927272478118539,isotropic_log_uniform,v6p1i11_0033
spreader,399.5473949704319,399.5473949704319,399.5473949704319,0.9698263313621283,isotropic_linear,v6p1i11_0033
pcb_fr4_equivalent,0.8840062674750997,0.8840062674750997,0.33150235030316233,0.7237403327599168,correlated_log_uniform_axes,v6p1i11_0034
bt_substrate_with_vias,0.20574399678871874,0.20574399678871874,0.5040727921323609,0.5634463671594858,correlated_log_uniform_axes,v6p1i11_0034
silicon_interposer_tsv_0p1,146.3221892248839,146.3221892248839,150.70922076236457,0.8774063074961305,correlated_linear_axes,v6p1i11_0034
bump_underfill_under_interposer,0.7173667841272345,0.7173667841272345,5.858495403705748,0.9003199003636837,correlated_log_uniform_axes,v6p1i11_0034
silicon_die_lower,131.37964652851224,131.37964652851224,131.37964652851224,0.6275929305702448,isotropic_linear,v6p1i11_0034
tim_between_dies,1.8325205243512601,1.8325205243512601,1.8325205243512601,0.1852974221110344,isotropic_log_uniform,v6p1i11_0034
silicon_die_upper,139.26800722256303,139.26800722256303,139.26800722256303,0.7853601444512606,isotropic_linear,v6p1i11_0034
tim_to_spreader,1.5945963689499447,1.5945963689499447,1.5945963689499447,0.10489632654935122,isotropic_log_uniform,v6p1i11_0034
spreader,395.64614676870406,395.64614676870406,395.64614676870406,0.7097431179136038,isotropic_linear,v6p1i11_0034
pcb_fr4_equivalent,0.6823916995945146,0.6823916995945146,0.25589688734794297,0.14370940998196602,correlated_log_uniform_axes,v6p1i11_0035
bt_substrate_with_vias,0.17166362292010154,0.17166362292010154,0.42057587615424874,0.1576632298529148,correlated_log_uniform_axes,v6p1i11_0035
silicon_interposer_tsv_0p1,122.78567246161401,122.78567246161401,123.24995120521635,0.09285574872046709,correlated_linear_axes,v6p1i11_0035
bump_underfill_under_interposer,0.5091832996867761,0.5091832996867761,4.1583302807753375,0.13225111085921526,correlated_log_uniform_axes,v6p1i11_0035
silicon_die_lower,104.00869534350932,104.00869534350932,104.00869534350932,0.08017390687018633,isotropic_linear,v6p1i11_0035
tim_between_dies,4.6942871328413815,4.6942871328413815,4.6942871328413815,0.7291147410869598,isotropic_log_uniform,v6p1i11_0035
silicon_die_upper,119.89177730865777,119.89177730865777,119.89177730865777,0.3978355461731553,isotropic_linear,v6p1i11_0035
tim_to_spreader,3.2870898850558508,3.2870898850558508,3.2870898850558508,0.5231029093265533,isotropic_log_uniform,v6p1i11_0035
spreader,391.6679480019957,391.6679480019957,391.6679480019957,0.4445298667997122,isotropic_linear,v6p1i11_0035
pcb_fr4_equivalent,0.6422265316719257,0.6422265316719257,0.24083494937697209,0.007781802676618099,correlated_log_uniform_axes,v6p1i11_0036
bt_substrate_with_vias,0.2152825961892374,0.2152825961892374,0.5274423606636316,0.6649928912520409,correlated_log_uniform_axes,v6p1i11_0036
silicon_interposer_tsv_0p1,131.62143629975617,131.62143629975617,133.55834234971553,0.3873812099918723,correlated_linear_axes,v6p1i11_0036
bump_underfill_under_interposer,0.5048836132549273,0.5048836132549273,4.123216174915238,0.11324958689510822,correlated_log_uniform_axes,v6p1i11_0036
silicon_die_lower,110.87306323461235,110.87306323461235,110.87306323461235,0.21746126469224691,isotropic_linear,v6p1i11_0036
tim_between_dies,6.701787927146373,6.701787927146373,6.701787927146373,0.9349441472440958,isotropic_log_uniform,v6p1i11_0036
silicon_die_upper,144.25322324968874,144.25322324968874,144.25322324968874,0.8850644649937749,isotropic_linear,v6p1i11_0036
tim_to_spreader,1.9758059706345659,1.9758059706345659,1.9758059706345659,0.22882115375250578,isotropic_log_uniform,v6p1i11_0036
spreader,393.5992064420134,393.5992064420134,393.5992064420134,0.5732804294675589,isotropic_linear,v6p1i11_0036
pcb_fr4_equivalent,0.840664572984257,0.840664572984257,0.31524921486909635,0.6110966671258211,correlated_log_uniform_axes,v6p1i11_0037
bt_substrate_with_vias,0.16520648368085766,0.16520648368085766,0.4047558850181013,0.07175267301499844,correlated_log_uniform_axes,v6p1i11_0037
silicon_interposer_tsv_0p1,137.39673242904246,137.39673242904246,140.29618783388287,0.579891080968082,correlated_linear_axes,v6p1i11_0037
bump_underfill_under_interposer,0.7035983147652725,0.7035983147652725,5.74605290391639,0.8568957326933742,correlated_log_uniform_axes,v6p1i11_0037
silicon_die_lower,125.68674758076668,125.68674758076668,125.68674758076668,0.5137349516153336,isotropic_linear,v6p1i11_0037
tim_between_dies,3.0444405859521098,3.0444405859521098,3.0444405859521098,0.47876897640526295,isotropic_log_uniform,v6p1i11_0037
silicon_die_upper,115.28798816725612,115.28798816725612,115.28798816725612,0.30575976334512234,isotropic_linear,v6p1i11_0037
tim_to_spreader,4.072999687514402,4.072999687514402,4.072999687514402,0.647040082141757,isotropic_log_uniform,v6p1i11_0037
spreader,390.08290552534163,390.08290552534163,390.08290552534163,0.33886036835610867,isotropic_linear,v6p1i11_0037
pcb_fr4_equivalent,0.9950329456758866,0.9950329456758866,0.37313735462845743,0.9888425385579467,correlated_log_uniform_axes,v6p1i11_0038
bt_substrate_with_vias,0.22884156741735234,0.22884156741735234,0.5606618401725132,0.8018517708405852,correlated_log_uniform_axes,v6p1i11_0038
silicon_interposer_tsv_0p1,125.93328500166535,125.93328500166535,126.92216583527625,0.19777616672217846,correlated_linear_axes,v6p1i11_0038
bump_underfill_under_interposer,0.5461026519483457,0.5461026519483457,4.4598383242448225,0.2890983419492841,correlated_log_uniform_axes,v6p1i11_0038
silicon_die_lower,140.11756726540625,140.11756726540625,140.11756726540625,0.802351345308125,isotropic_linear,v6p1i11_0038
tim_between_dies,1.611638331416984,1.611638331416984,1.611638331416984,0.11104217078536749,isotropic_log_uniform,v6p1i11_0038
silicon_die_upper,131.0479392297566,131.0479392297566,131.0479392297566,0.6209587845951319,isotropic_linear,v6p1i11_0038
tim_to_spreader,6.98896805902091,6.98896805902091,6.98896805902091,0.9592015240341425,isotropic_log_uniform,v6p1i11_0038
spreader,386.5986804757267,386.5986804757267,386.5986804757267,0.10657869838178158,isotropic_linear,v6p1i11_0038
pcb_fr4_equivalent,0.7574690502935146,0.7574690502935146,0.28405089386006793,0.3775921408087015,correlated_log_uniform_axes,v6p1i11_0039
bt_substrate_with_vias,0.19625030007686814,0.19625030007686814,0.48081323518832697,0.45759124401956797,correlated_log_uniform_axes,v6p1i11_0039
silicon_interposer_tsv_0p1,143.20021150633693,143.20021150633693,147.06691342405975,0.7733403835445642,correlated_linear_axes,v6p1i11_0039
bump_underfill_under_interposer,0.6144313289240854,0.6144313289240854,5.01785585288003,0.5532561130821705,correlated_log_uniform_axes,v6p1i11_0039
silicon_die_lower,123.68873665109277,123.68873665109277,123.68873665109277,0.47377473302185535,isotropic_linear,v6p1i11_0039
tim_between_dies,3.3710482488675515,3.3710482488675515,3.3710482488675515,0.537683910690248,isotropic_log_uniform,v6p1i11_0039
silicon_die_upper,109.79230259545147,109.79230259545147,109.79230259545147,0.19584605190902948,isotropic_linear,v6p1i11_0039
tim_to_spreader,2.7357796175720823,2.7357796175720823,2.7357796175720823,0.4169667949900031,isotropic_log_uniform,v6p1i11_0039
spreader,398.07869599200785,398.07869599200785,398.07869599200785,0.8719130661338568,isotropic_linear,v6p1i11_0039
pcb_fr4_equivalent,0.7917148517421834,0.7917148517421834,0.2968930694033187,0.4766732305288315,correlated_log_uniform_axes,v6p1i11_0040
bt_substrate_with_vias,0.2002501946738225,0.2002501946738225,0.49061297695086525,0.5028013167902827,correlated_log_uniform_axes,v6p1i11_0040
silicon_interposer_tsv_0p1,125.4254544340074,125.4254544340074,126.32969683967531,0.1808484811335802,correlated_linear_axes,v6p1i11_0040
bump_underfill_under_interposer,0.6770769389634476,0.6770769389634476,5.529461668201487,0.770801592618227,correlated_log_uniform_axes,v6p1i11_0040
silicon_die_lower,149.8294931370765,149.8294931370765,149.8294931370765,0.9965898627415299,isotropic_linear,v6p1i11_0040
tim_between_dies,3.9743427101241844,3.9743427101241844,3.9743427101241844,0.6328641949221492,isotropic_log_uniform,v6p1i11_0040
silicon_die_upper,147.98998050391674,147.98998050391674,147.98998050391674,0.9597996100783348,isotropic_linear,v6p1i11_0040
tim_to_spreader,1.6677953825985745,1.6677953825985745,1.6677953825985745,0.13084380608052015,isotropic_log_uniform,v6p1i11_0040
spreader,392.560196230188,392.560196230188,392.560196230188,0.5040130820125341,isotropic_linear,v6p1i11_0040
pcb_fr4_equivalent,0.9582561527480524,0.9582561527480524,0.35934605728051966,0.9044557781890035,correlated_log_uniform_axes,v6p1i11_0041
bt_substrate_with_vias,0.1766640590560833,0.1766640590560833,0.4328269446874041,0.22200090903788805,correlated_log_uniform_axes,v6p1i11_0041
silicon_interposer_tsv_0p1,145.43918939307332,145.43918939307332,149.67905429191887,0.8479729797691107,correlated_linear_axes,v6p1i11_0041
bump_underfill_under_interposer,0.4824747508359578,0.4824747508359578,3.9402104651603223,0.01152281928807497,correlated_log_uniform_axes,v6p1i11_0041
silicon_die_lower,114.66001188382506,114.66001188382506,114.66001188382506,0.2932002376765013,isotropic_linear,v6p1i11_0041
tim_between_dies,1.9389974520421491,1.9389974520421491,1.9389974520421491,0.21794928144663572,isotropic_log_uniform,v6p1i11_0041
silicon_die_upper,117.45661883614957,117.45661883614957,117.45661883614957,0.34913237672299147,isotropic_linear,v6p1i11_0041
tim_to_spreader,4.811613585419865,4.811613585419865,4.811613585419865,0.7433865126222372,isotropic_log_uniform,v6p1i11_0041
spreader,389.0709033701569,389.0709033701569,389.0709033701569,0.27139355801045895,isotropic_linear,v6p1i11_0041
pcb_fr4_equivalent,0.8096373998814881,0.8096373998814881,0.303614024955558,0.5268319770693779,correlated_log_uniform_axes,v6p1i11_0042
bt_substrate_with_vias,0.2396731457573452,0.2396731457573452,0.5871992071054959,0.9054760597646236,correlated_log_uniform_axes,v6p1i11_0042
silicon_interposer_tsv_0p1,134.9734663311392,134.9734663311392,137.46904405299574,0.4991155443713069,correlated_linear_axes,v6p1i11_0042
bump_underfill_under_interposer,0.6209374405068822,0.6209374405068822,5.070989097472871,0.5768578825518489,correlated_log_uniform_axes,v6p1i11_0042
silicon_die_lower,101.15808299742639,101.15808299742639,101.15808299742639,0.023161659948527813,isotropic_linear,v6p1i11_0042
tim_between_dies,2.3023019689075985,2.3023019689075985,2.3023019689075985,0.3172358777374029,isotropic_log_uniform,v6p1i11_0042
silicon_die_upper,126.91793288104236,126.91793288104236,126.91793288104236,0.5383586576208472,isotropic_linear,v6p1i11_0042
tim_to_spreader,6.6588137729067025,6.6588137729067025,6.6588137729067025,0.9312250632792711,isotropic_log_uniform,v6p1i11_0042
spreader,385.5010760668665,385.5010760668665,385.5010760668665,0.03340507112443447,isotropic_linear,v6p1i11_0042
pcb_fr4_equivalent,0.6712255553665789,0.6712255553665789,0.251709583262467,0.10674082208424807,correlated_log_uniform_axes,v6p1i11_0043
bt_substrate_with_vias,0.1890451239954381,0.1890451239954381,0.4631605537888234,0.37377715297043324,correlated_log_uniform_axes,v6p1i11_0043
silicon_interposer_tsv_0p1,136.01022471673787,136.01022471673787,138.67859550286084,0.5336741572245955,correlated_linear_axes,v6p1i11_0043
bump_underfill_under_interposer,0.5557452250283494,0.5557452250283494,4.538586004398187,0.3283174801617861,correlated_log_uniform_axes,v6p1i11_0043
silicon_die_lower,134.7185282036662,134.7185282036662,134.7185282036662,0.6943705640733242,isotropic_linear,v6p1i11_0043
tim_between_dies,5.03403697180902,5.03403697180902,5.03403697180902,0.7695119213312864,isotropic_log_uniform,v6p1i11_0043
silicon_die_upper,107.22965989261866,107.22965989261866,107.22965989261866,0.14459319785237312,isotropic_linear,v6p1i11_0043
tim_to_spreader,2.8602946107352754,2.8602946107352754,2.8602946107352754,0.4426981722936034,isotropic_log_uniform,v6p1i11_0043
spreader,397.00809963978827,397.00809963978827,397.00809963978827,0.8005399759858847,isotropic_linear,v6p1i11_0043
pcb_fr4_equivalent,0.7135395012041039,0.7135395012041039,0.26757731295153897,0.24372118525207043,correlated_log_uniform_axes,v6p1i11_0044
bt_substrate_with_vias,0.2355350462241634,0.2355350462241634,0.5770608632492005,0.8664509933441877,correlated_log_uniform_axes,v6p1i11_0044
silicon_interposer_tsv_0p1,149.58289205096662,149.58289205096662,154.51337405946106,0.9860964016988873,correlated_linear_axes,v6p1i11_0044
bump_underfill_under_interposer,0.5765842065508272,0.5765842065508272,4.708771020165089,0.4108012290671468,correlated_log_uniform_axes,v6p1i11_0044
silicon_die_lower,128.69837461039424,128.69837461039424,128.69837461039424,0.5739674922078848,isotropic_linear,v6p1i11_0044
tim_between_dies,3.5429009418953417,3.5429009418953417,3.5429009418953417,0.5664296038448811,isotropic_log_uniform,v6p1i11_0044
silicon_die_upper,131.70096278190613,131.70096278190613,131.70096278190613,0.6340192556381226,isotropic_linear,v6p1i11_0044
tim_to_spreader,5.355876503609227,5.355876503609227,5.355876503609227,0.8053396753966808,isotropic_log_uniform,v6p1i11_0044
spreader,387.81204589642584,387.81204589642584,387.81204589642584,0.18746972642838955,isotropic_linear,v6p1i11_0044
pcb_fr4_equivalent,0.8516867282678577,0.8516867282678577,0.3193825231004466,0.6402842281386256,correlated_log_uniform_axes,v6p1i11_0045
bt_substrate_with_vias,0.19102932885046844,0.19102932885046844,0.4680218556836478,0.3971729278564453,correlated_log_uniform_axes,v6p1i11_0045
silicon_interposer_tsv_0p1,121.30738648585975,121.30738648585975,121.52528423350304,0.04357954952865839,correlated_linear_axes,v6p1i11_0045
bump_underfill_under_interposer,0.6507091816671919,0.6507091816671919,5.314124983615399,0.6817958913743496,correlated_log_uniform_axes,v6p1i11_0045
silicon_die_lower,107.56845553405583,107.56845553405583,107.56845553405583,0.15136911068111658,isotropic_linear,v6p1i11_0045
tim_between_dies,1.3737182960381908,1.3737182960381908,1.3737182960381908,0.01869789883494377,isotropic_log_uniform,v6p1i11_0045
silicon_die_upper,102.85245827399194,102.85245827399194,102.85245827399194,0.05704916547983885,isotropic_linear,v6p1i11_0045
tim_to_spreader,2.3006287992264616,2.3006287992264616,2.3006287992264616,0.316815578378737,isotropic_log_uniform,v6p1i11_0045
spreader,398.7995220068842,398.7995220068842,398.7995220068842,0.9199681337922812,isotropic_linear,v6p1i11_0045
pcb_fr4_equivalent,0.8987114699843257,0.8987114699843257,0.33701680124412214,0.7607073094695807,correlated_log_uniform_axes,v6p1i11_0046
bt_substrate_with_vias,0.22155363151748503,0.22155363151748503,0.5428063972178383,0.7293306747451425,correlated_log_uniform_axes,v6p1i11_0046
silicon_interposer_tsv_0p1,140.3882486745715,140.3882486745715,143.78629012033343,0.6796082891523838,correlated_linear_axes,v6p1i11_0046
bump_underfill_under_interposer,0.5365026383263346,0.5365026383263346,4.3814382129983995,0.2493582610040903,correlated_log_uniform_axes,v6p1i11_0046
silicon_die_lower,120.3391307964921,120.3391307964921,120.3391307964921,0.406782615929842,isotropic_linear,v6p1i11_0046
tim_between_dies,2.5824294589196977,2.5824294589196977,2.5824294589196977,0.383617059327662,isotropic_log_uniform,v6p1i11_0046
silicon_die_upper,143.39267048053443,143.39267048053443,143.39267048053443,0.8678534096106887,isotropic_linear,v6p1i11_0046
tim_to_spreader,1.340732514789283,1.340732514789283,1.340732514789283,0.00464650709182024,isotropic_log_uniform,v6p1i11_0046
spreader,394.7531631682068,394.7531631682068,394.7531631682068,0.6502108778804541,isotropic_linear,v6p1i11_0046
pcb_fr4_equivalent,0.7555255718525491,0.7555255718525491,0.2833220894447058,0.3718356443569064,correlated_log_uniform_axes,v6p1i11_0047
bt_substrate_with_vias,0.16079511186127393,0.16079511186127393,0.3939480240601212,0.011107518337666988,correlated_log_uniform_axes,v6p1i11_0047
silicon_interposer_tsv_0p1,130.6210769712925,130.6210769712925,132.3912564665079,0.3540358990430832,correlated_linear_axes,v6p1i11_0047
bump_underfill_under_interposer,0.7402052868620815,0.7402052868620815,6.045009842706999,0.9705444229766726,correlated_log_uniform_axes,v6p1i11_0047
silicon_die_lower,142.97890379093587,142.97890379093587,142.97890379093587,0.8595780758187175,isotropic_linear,v6p1i11_0047
tim_between_dies,7.104677557734248,7.104677557734248,7.104677557734248,0.9686946356669068,isotropic_log_uniform,v6p1i11_0047
silicon_die_upper,122.45975788682699,122.45975788682699,122.45975788682699,0.44919515773653984,isotropic_linear,v6p1i11_0047
tim_to_spreader,3.8681158222776446,3.8681158222776446,3.8681158222776446,0.6172016635537148,isotropic_log_uniform,v6p1i11_0047
spreader,390.7442942354828,390.7442942354828,390.7442942354828,0.38295294903218746,isotropic_linear,v6p1i11_0047
pcb_fr4_equivalent,0.7432324388425078,0.7432324388425078,0.2787121645659404,0.3350772559642792,correlated_log_uniform_axes,v6p1i11_0048
bt_substrate_with_vias,0.2204002893680639,0.2204002893680639,0.5399807089517565,0.717635739594698,correlated_log_uniform_axes,v6p1i11_0048
silicon_interposer_tsv_0p1,145.24797828868032,145.24797828868032,149.45597467012703,0.8415992762893438,correlated_linear_axes,v6p1i11_0048
bump_underfill_under_interposer,0.5396341287301213,0.5396341287301213,4.4070120512959905,0.262398948892951,correlated_log_uniform_axes,v6p1i11_0048
silicon_die_lower,104.96861557476223,104.96861557476223,104.96861557476223,0.0993723114952445,isotropic_linear,v6p1i11_0048
tim_between_dies,1.4620819480061493,1.4620819480061493,1.4620819480061493,0.054738481529057026,isotropic_log_uniform,v6p1i11_0048
silicon_die_upper,103.14635690301657,103.14635690301657,103.14635690301657,0.06292713806033134,isotropic_linear,v6p1i11_0048
tim_to_spreader,1.4288829246280974,1.4288829246280974,1.4288829246280974,0.04145980626344681,isotropic_log_uniform,v6p1i11_0048
spreader,389.4647923158482,389.4647923158482,389.4647923158482,0.2976528210565448,isotropic_linear,v6p1i11_0048
pcb_fr4_equivalent,0.907450289461363,0.907450289461363,0.3402938585480111,0.7823900999501348,correlated_log_uniform_axes,v6p1i11_0049
bt_substrate_with_vias,0.1644768370769633,0.1644768370769633,0.40296825083856014,0.06183449365198612,correlated_log_uniform_axes,v6p1i11_0049
silicon_interposer_tsv_0p1,123.77007549628615,123.77007549628615,124.39842141233385,0.12566918320953846,correlated_linear_axes,v6p1i11_0049
bump_underfill_under_interposer,0.6047789158859986,0.6047789158859986,4.939027813068989,0.5177762424573302,correlated_log_uniform_axes,v6p1i11_0049
silicon_die_lower,133.86220447719097,133.86220447719097,133.86220447719097,0.6772440895438194,isotropic_linear,v6p1i11_0049
tim_between_dies,3.8108378377908796,3.8108378377908796,3.8108378377908796,0.608576905913651,isotropic_log_uniform,v6p1i11_0049
silicon_die_upper,136.87605294398963,136.87605294398963,136.87605294398963,0.7375210588797927,isotropic_linear,v6p1i11_0049
tim_to_spreader,3.656514370754773,3.656514370754773,3.656514370754773,0.584677872247994,isotropic_log_uniform,v6p1i11_0049
spreader,392.9870513128117,392.9870513128117,392.9870513128117,0.5324700875207782,isotropic_linear,v6p1i11_0049
pcb_fr4_equivalent,0.8594530992308432,0.8594530992308432,0.32229491221156614,0.6606242433190346,correlated_log_uniform_axes,v6p1i11_0050
bt_substrate_with_vias,0.23025154242529652,0.23025154242529652,0.5641162789419765,0.8156152321025729,correlated_log_uniform_axes,v6p1i11_0050
silicon_interposer_tsv_0p1,135.8171432185918,135.8171432185918,138.45333375502378,0.5272381072863936,correlated_linear_axes,v6p1i11_0050
bump_underfill_under_interposer,0.49861461296156967,0.49861461296156967,4.072019339186152,0.08525313530117273,correlated_log_uniform_axes,v6p1i11_0050
silicon_die_lower,144.48021040298045,144.48021040298045,144.48021040298045,0.8896042080596089,isotropic_linear,v6p1i11_0050
tim_between_dies,7.360067258649456,7.360067258649456,7.360067258649456,0.9891115874052048,isotropic_log_uniform,v6p1i11_0050
silicon_die_upper,121.19087032042444,121.19087032042444,121.19087032042444,0.42381740640848875,isotropic_linear,v6p1i11_0050
tim_to_spreader,5.052192933980563,5.052192933980563,5.052192933980563,0.7715932661667466,isotropic_log_uniform,v6p1i11_0050
spreader,396.5852599637583,396.5852599637583,396.5852599637583,0.7723506642505527,isotropic_linear,v6p1i11_0050
pcb_fr4_equivalent,0.7014325787960987,0.7014325787960987,0.26303721704853694,0.20537588465958834,correlated_log_uniform_axes,v6p1i11_0051
bt_substrate_with_vias,0.19203307694166744,0.19203307694166744,0.4704810385070852,0.40891573298722506,correlated_log_uniform_axes,v6p1i11_0051
silicon_interposer_tsv_0p1,133.31623845733702,133.31623845733702,135.53561153355986,0.4438746152445674,correlated_linear_axes,v6p1i11_0051
bump_underfill_under_interposer,0.6927479339680135,0.6927479339680135,5.6574414607387755,0.8220719248056412,correlated_log_uniform_axes,v6p1i11_0051
silicon_die_lower,117.1041046269238,117.1041046269238,117.1041046269238,0.342082092538476,isotropic_linear,v6p1i11_0051
tim_between_dies,2.7036375429157533,2.7036375429157533,2.7036375429157533,0.41013429313898087,isotropic_log_uniform,v6p1i11_0051
silicon_die_upper,137.6301646232605,137.6301646232605,137.6301646232605,0.75260329246521,isotropic_linear,v6p1i11_0051
tim_to_spreader,2.4549905893267994,2.4549905893267994,2.4549905893267994,0.3543593995273113,isotropic_log_uniform,v6p1i11_0051
spreader,385.10386400390416,385.10386400390416,385.10386400390416,0.006924266926944256,isotropic_linear,v6p1i11_0051
pcb_fr4_equivalent,0.6599893529383705,0.6599893529383705,0.24749600735188892,0.06891421787440777,correlated_log_uniform_axes,v6p1i11_0052
bt_substrate_with_vias,0.24093244957808127,0.24093244957808127,0.5902845014662992,0.9172184998169541,correlated_log_uniform_axes,v6p1i11_0052
silicon_interposer_tsv_0p1,120.62246295623481,120.62246295623481,120.72620678227395,0.02074876520782709,correlated_linear_axes,v6p1i11_0052
bump_underfill_under_interposer,0.728523460958524,0.728523460958524,5.949608264494612,0.9348998060449958,correlated_log_uniform_axes,v6p1i11_0052
silicon_die_lower,122.80234470963478,122.80234470963478,122.80234470963478,0.4560468941926956,isotropic_linear,v6p1i11_0052
tim_between_dies,2.0084929940003007,2.0084929940003007,2.0084929940003007,0.23830722458660603,isotropic_log_uniform,v6p1i11_0052
silicon_die_upper,114.03924617916346,114.03924617916346,114.03924617916346,0.2807849235832691,isotropic_linear,v6p1i11_0052
tim_to_spreader,6.282611234537467,6.282611234537467,6.282611234537467,0.8976037120446563,isotropic_log_uniform,v6p1i11_0052
spreader,398.2888775365427,398.2888775365427,398.2888775365427,0.8859251691028476,isotropic_linear,v6p1i11_0052
pcb_fr4_equivalent,0.817142695638306,0.817142695638306,0.30642851086436473,0.5475075570866466,correlated_log_uniform_axes,v6p1i11_0053
bt_substrate_with_vias,0.1848045086186559,0.1848045086186559,0.4527710461157071,0.32294175680726767,correlated_log_uniform_axes,v6p1i11_0053
silicon_interposer_tsv_0p1,148.3699560072273,148.3699560072273,153.09828200843185,0.94566520024091,correlated_linear_axes,v6p1i11_0053
bump_underfill_under_interposer,0.5155290597532245,0.5155290597532245,4.210153987984667,0.16000366024672985,correlated_log_uniform_axes,v6p1i11_0053
silicon_die_lower,137.61049988679588,137.61049988679588,137.61049988679588,0.7522099977359176,isotropic_linear,v6p1i11_0053
tim_between_dies,4.160454800379692,4.160454800379692,4.160454800379692,0.6593221817165613,isotropic_log_uniform,v6p1i11_0053
silicon_die_upper,145.9383651148528,145.9383651148528,145.9383651148528,0.9187673022970557,isotropic_linear,v6p1i11_0053
tim_to_spreader,3.052857607788124,3.052857607788124,3.052857607788124,0.48036512918770313,isotropic_log_uniform,v6p1i11_0053
spreader,387.26843528915197,387.26843528915197,387.26843528915197,0.15122901927679777,isotropic_linear,v6p1i11_0053
pcb_fr4_equivalent,0.9682462209856104,0.9682462209856104,0.36309233286960385,0.927694832906127,correlated_log_uniform_axes,v6p1i11_0054
bt_substrate_with_vias,0.20483531259118892,0.20483531259118892,0.5018465158484129,0.5535281803458929,correlated_log_uniform_axes,v6p1i11_0054
silicon_interposer_tsv_0p1,129.934311658144,129.934311658144,131.59003026783466,0.33114372193813324,correlated_linear_axes,v6p1i11_0054
bump_underfill_under_interposer,0.6634522261833549,0.6634522261833549,5.418193180497398,0.7252522930502892,correlated_log_uniform_axes,v6p1i11_0054
silicon_die_lower,127.8214038349688,127.8214038349688,127.8214038349688,0.5564280766993761,isotropic_linear,v6p1i11_0054
tim_between_dies,5.357264152275157,5.357264152275157,5.357264152275157,0.8054894423112273,isotropic_log_uniform,v6p1i11_0054
silicon_die_upper,111.6250732447952,111.6250732447952,111.6250732447952,0.23250146489590406,isotropic_linear,v6p1i11_0054
tim_to_spreader,1.776315544991777,1.776315544991777,1.776315544991777,0.16728815995156765,isotropic_log_uniform,v6p1i11_0054
spreader,391.2845817254856,391.2845817254856,391.2845817254856,0.41897211503237486,isotropic_linear,v6p1i11_0054
pcb_fr4_equivalent,0.7792678743385816,0.7792678743385816,0.29222545287696805,0.44116596411913633,correlated_log_uniform_axes,v6p1i11_0055
bt_substrate_with_vias,0.17574440740257188,0.17574440740257188,0.4305737981363012,0.2103060856461525,correlated_log_uniform_axes,v6p1i11_0055
silicon_interposer_tsv_0p1,139.17343508452177,139.17343508452177,142.36900759860873,0.6391145028173923,correlated_linear_axes,v6p1i11_0055
bump_underfill_under_interposer,0.5979535731617227,0.5979535731617227,4.883287514154068,0.49234452191740274,correlated_log_uniform_axes,v6p1i11_0055
silicon_die_lower,111.39963516034186,111.39963516034186,111.39963516034186,0.22799270320683718,isotropic_linear,v6p1i11_0055
tim_between_dies,2.47614772230428,2.47614772230428,2.47614772230428,0.3593203565105796,isotropic_log_uniform,v6p1i11_0055
silicon_die_upper,129.55391220748425,129.55391220748425,129.55391220748425,0.5910782441496849,isotropic_linear,v6p1i11_0055
tim_to_spreader,4.5455121589060825,4.5455121589060825,4.5455121589060825,0.710495668463409,isotropic_log_uniform,v6p1i11_0055
spreader,395.267823045142,395.267823045142,395.267823045142,0.6845215363427997,isotropic_linear,v6p1i11_0055
pcb_fr4_equivalent,0.77039629397339,0.77039629397339,0.2888986102400212,0.4155102679505944,correlated_log_uniform_axes,v6p1i11_0056
bt_substrate_with_vias,0.22371300743479564,0.22371300743479564,0.5480968682152493,0.7510640490800142,correlated_log_uniform_axes,v6p1i11_0056
silicon_interposer_tsv_0p1,128.45613721758127,128.45613721758127,129.86549342051148,0.2818712405860424,correlated_linear_axes,v6p1i11_0056
bump_underfill_under_interposer,0.5282848583839352,0.5282848583839352,4.314326343468804,0.214771025814116,correlated_log_uniform_axes,v6p1i11_0056
silicon_die_lower,136.75877070054412,136.75877070054412,136.75877070054412,0.7351754140108824,isotropic_linear,v6p1i11_0056
tim_between_dies,2.8414847843712696,2.8414847843712696,2.8414847843712696,0.4388837469741702,isotropic_log_uniform,v6p1i11_0056
silicon_die_upper,115.77719901688397,115.77719901688397,115.77719901688397,0.3155439803376794,isotropic_linear,v6p1i11_0056
tim_to_spreader,7.406294759334812,7.406294759334812,7.406294759334812,0.9927313616499305,isotropic_log_uniform,v6p1i11_0056
spreader,399.12440911401063,399.12440911401063,399.12440911401063,0.9416272742673755,isotropic_linear,v6p1i11_0056
pcb_fr4_equivalent,0.9858534680530631,0.9858534680530631,0.3696950505198986,0.9680753760039806,correlated_log_uniform_axes,v6p1i11_0057
bt_substrate_with_vias,0.19728262520618084,0.19728262520618084,0.4833424317551432,0.4693470411002636,correlated_log_uniform_axes,v6p1i11_0057
silicon_interposer_tsv_0p1,142.43425615131855,142.43425615131855,146.17329884320498,0.747808538377285,correlated_linear_axes,v6p1i11_0057
bump_underfill_under_interposer,0.7310965238627525,0.7310965238627525,5.970621611545811,0.942799799144268,correlated_log_uniform_axes,v6p1i11_0057
silicon_die_lower,101.58375618048012,101.58375618048012,101.58375618048012,0.03167512360960245,isotropic_linear,v6p1i11_0057
tim_between_dies,6.273486549571644,6.273486549571644,6.273486549571644,0.8967634467408061,isotropic_log_uniform,v6p1i11_0057
silicon_die_upper,149.23300044611096,149.23300044611096,149.23300044611096,0.9846600089222193,isotropic_linear,v6p1i11_0057
tim_to_spreader,2.562810675816132,2.562810675816132,2.562810675816132,0.37920824624598026,isotropic_log_uniform,v6p1i11_0057
spreader,388.13189045060426,388.13189045060426,388.13189045060426,0.20879269670695066,isotropic_linear,v6p1i11_0057
pcb_fr4_equivalent,0.8320475009345168,0.8320475009345168,0.3120178128504438,0.5880101704970002,correlated_log_uniform_axes,v6p1i11_0058
bt_substrate_with_vias,0.21416318685555302,0.21416318685555302,0.5246998077961049,0.6533114286139607,correlated_log_uniform_axes,v6p1i11_0058
silicon_interposer_tsv_0p1,123.00414911471307,123.00414911471307,123.50484063383192,0.10013830382376909,correlated_linear_axes,v6p1i11_0058
bump_underfill_under_interposer,0.5674625729155546,0.5674625729155546,4.634277678810362,0.37506952695548534,correlated_log_uniform_axes,v6p1i11_0058
silicon_die_lower,113.8619301840663,113.8619301840663,113.8619301840663,0.2772386036813259,isotropic_linear,v6p1i11_0058
tim_between_dies,3.2325005951439296,3.2325005951439296,3.2325005951439296,0.5134212356060743,isotropic_log_uniform,v6p1i11_0058
silicon_die_upper,108.71872780844569,108.71872780844569,108.71872780844569,0.17437455616891384,isotropic_linear,v6p1i11_0058
tim_to_spreader,1.8548045418693746,1.8548045418693746,1.8548045418693746,0.19228522293269634,isotropic_log_uniform,v6p1i11_0058
spreader,392.0615199999884,392.0615199999884,392.0615199999884,0.47076799999922514,isotropic_linear,v6p1i11_0058
pcb_fr4_equivalent,0.6524401548357123,0.6524401548357123,0.24466505806339203,0.04313645139336586,correlated_log_uniform_axes,v6p1i11_0059
bt_substrate_with_vias,0.16899280344906317,0.16899280344906317,0.41403236845020486,0.12252721469849348,correlated_log_uniform_axes,v6p1i11_0059
silicon_interposer_tsv_0p1,148.0052914749831,148.0052914749831,152.67284005414695,0.9335097158327699,correlated_linear_axes,v6p1i11_0059
bump_underfill_under_interposer,0.642933723078456,0.642933723078456,5.250625405140723,0.6548599293455482,correlated_log_uniform_axes,v6p1i11_0059
silicon_die_lower,147.4294280167669,147.4294280167669,147.4294280167669,0.9485885603353381,isotropic_linear,v6p1i11_0059
tim_between_dies,1.5499879379285553,1.5499879379285553,1.5499879379285553,0.0884928461164236,isotropic_log_uniform,v6p1i11_0059
silicon_die_upper,125.09012133814394,125.09012133814394,125.09012133814394,0.5018024267628789,isotropic_linear,v6p1i11_0059
tim_to_spreader,4.310756962123264,4.310756962123264,4.310756962123264,0.6798393977805972,isotropic_log_uniform,v6p1i11_0059
spreader,396.0726849036291,396.0726849036291,396.0726849036291,0.7381789935752749,isotropic_linear,v6p1i11_0059
pcb_fr4_equivalent,0.6937257516791667,0.6937257516791667,0.26014715687968754,0.18062035646289587,correlated_log_uniform_axes,v6p1i11_0060
bt_substrate_with_vias,0.21045939602889474,0.21045939602889474,0.5156255202707921,0.614221035502851,correlated_log_uniform_axes,v6p1i11_0060
silicon_interposer_tsv_0p1,138.0562321934849,138.0562321934849,141.0656042257324,0.6018744064494967,correlated_linear_axes,v6p1i11_0060
bump_underfill_under_interposer,0.6283784792987208,0.6283784792987208,5.131757580939554,0.6035499423742294,correlated_log_uniform_axes,v6p1i11_0060
silicon_die_lower,141.0121895838529,141.0121895838529,141.0121895838529,0.8202437916770577,isotropic_linear,v6p1i11_0060
tim_between_dies,2.0963770122179404,2.0963770122179404,2.0963770122179404,0.26306604966521263,isotropic_log_uniform,v6p1i11_0060
silicon_die_upper,101.4137473423034,101.4137473423034,101.4137473423034,0.028274946846067905,isotropic_linear,v6p1i11_0060
tim_to_spreader,1.496617648966547,1.496617648966547,1.496617648966547,0.06823557615280151,isotropic_log_uniform,v6p1i11_0060
spreader,390.6230477290228,390.6230477290228,390.6230477290228,0.37486984860152006,isotropic_linear,v6p1i11_0060
pcb_fr4_equivalent,0.8754335868633006,0.8754335868633006,0.32828759507373767,0.7019049245864153,correlated_log_uniform_axes,v6p1i11_0061
bt_substrate_with_vias,0.17077101040380763,0.17077101040380763,0.41838897548932874,0.14598164055496454,correlated_log_uniform_axes,v6p1i11_0061
silicon_interposer_tsv_0p1,132.80852657742798,132.80852657742798,134.9432810069993,0.4269508859142661,correlated_linear_axes,v6p1i11_0061
bump_underfill_under_interposer,0.5646170469115535,0.5646170469115535,4.611039216444353,0.3638052800670266,correlated_log_uniform_axes,v6p1i11_0061
silicon_die_lower,119.88894818350673,119.88894818350673,119.88894818350673,0.39777896367013454,isotropic_linear,v6p1i11_0061
tim_between_dies,5.668581015060354,5.668581015060354,5.668581015060354,0.8381451703608036,isotropic_log_uniform,v6p1i11_0061
silicon_die_upper,133.57607955113053,133.57607955113053,133.57607955113053,0.6715215910226107,isotropic_linear,v6p1i11_0061
tim_to_spreader,3.478230987019907,3.478230987019907,3.478230987019907,0.5557793276384473,isotropic_log_uniform,v6p1i11_0061
spreader,394.1137210326269,394.1137210326269,394.1137210326269,0.6075814021751285,isotropic_linear,v6p1i11_0061
pcb_fr4_equivalent,0.9243735836404212,0.9243735836404212,0.3466400938651579,0.8237928515300155,correlated_log_uniform_axes,v6p1i11_0062
bt_substrate_with_vias,0.24751878258327165,0.24751878258327165,0.6064210173290157,0.9776501506567001,correlated_log_uniform_axes,v6p1i11_0062
silicon_interposer_tsv_0p1,143.8615888170898,143.8615888170898,147.83852028660476,0.7953862939029932,correlated_linear_axes,v6p1i11_0062
bump_underfill_under_interposer,0.685587437926831,0.685587437926831,5.598964076402452,0.7987905954942107,correlated_log_uniform_axes,v6p1i11_0062
silicon_die_lower,108.43968405388296,108.43968405388296,108.43968405388296,0.16879368107765913,isotropic_linear,v6p1i11_0062
tim_between_dies,4.380896321366759,4.380896321366759,4.380896321366759,0.6891702646389604,isotropic_log_uniform,v6p1i11_0062
silicon_die_upper,124.09187844023108,124.09187844023108,124.09187844023108,0.4818375688046217,isotropic_linear,v6p1i11_0062
tim_to_spreader,5.977926664816847,5.977926664816847,5.977926664816847,0.868863926269114,isotropic_log_uniform,v6p1i11_0062
spreader,397.5677336798981,397.5677336798981,397.5677336798981,0.8378489119932055,isotropic_linear,v6p1i11_0062
pcb_fr4_equivalent,0.7350263013451616,0.7350263013451616,0.27563486300443557,0.3101996574550867,correlated_log_uniform_axes,v6p1i11_0063
bt_substrate_with_vias,0.17955652175654135,0.17955652175654135,0.43991347830352645,0.2583902310580015,correlated_log_uniform_axes,v6p1i11_0063
silicon_interposer_tsv_0p1,127.12221706286073,127.12221706286073,128.30925324000418,0.2374072354286909,correlated_linear_axes,v6p1i11_0063
bump_underfill_under_interposer,0.4900333694637251,0.4900333694637251,4.001939183953754,0.04635443352162838,correlated_log_uniform_axes,v6p1i11_0063
silicon_die_lower,131.07431177049875,131.07431177049875,131.07431177049875,0.621486235409975,isotropic_linear,v6p1i11_0063
tim_between_dies,1.7152317613946386,1.7152317613946386,1.7152317613946386,0.14705771300941706,isotropic_log_uniform,v6p1i11_0063
silicon_die_upper,142.0992995146662,142.0992995146662,142.0992995146662,0.841985990293324,isotropic_linear,v6p1i11_0063
tim_to_spreader,2.0685331911346694,2.0685331911346694,2.0685331911346694,0.2553359903395176,isotropic_log_uniform,v6p1i11_0063
spreader,386.0547520266846,386.0547520266846,386.0547520266846,0.07031680177897215,isotropic_linear,v6p1i11_0063
pcb_fr4_equivalent,0.732781685808385,0.732781685808385,0.27479313217814433,0.3033465314656496,correlated_log_uniform_axes,v6p1i11_0064
bt_substrate_with_vias,0.2292881876137872,0.2292881876137872,0.5617560596537786,0.806220605969429,correlated_log_uniform_axes,v6p1i11_0064
silicon_interposer_tsv_0p1,142.748613813892,142.748613813892,146.54004944954067,0.7582871271297336,correlated_linear_axes,v6p1i11_0064
bump_underfill_under_interposer,0.7328878818473081,0.7328878818473081,5.985251035086348,0.9482833491638303,correlated_log_uniform_axes,v6p1i11_0064
silicon_die_lower,146.28216815181077,146.28216815181077,146.28216815181077,0.9256433630362153,isotropic_linear,v6p1i11_0064
tim_between_dies,2.503823436526842,2.503823436526842,2.503823436526842,0.3657461926341057,isotropic_log_uniform,v6p1i11_0064
silicon_die_upper,144.8096351698041,144.8096351698041,144.8096351698041,0.8961927033960819,isotropic_linear,v6p1i11_0064
tim_to_spreader,2.412942320221374,2.412942320221374,2.412942320221374,0.34437165316194296,isotropic_log_uniform,v6p1i11_0064
spreader,391.78046085871756,391.78046085871756,391.78046085871756,0.45203072391450405,isotropic_linear,v6p1i11_0064
pcb_fr4_equivalent,0.9199596949022473,0.9199596949022473,0.34498488558834267,0.8130678227171302,correlated_log_uniform_axes,v6p1i11_0065
bt_substrate_with_vias,0.196552810908078,0.196552810908078,0.4815543867247912,0.4610425364226103,correlated_log_uniform_axes,v6p1i11_0065
silicon_interposer_tsv_0p1,126.24380570836365,126.24380570836365,127.28443999309093,0.20812685694545507,correlated_linear_axes,v6p1i11_0065
bump_underfill_under_interposer,0.5268177456397269,0.5268177456397269,4.302344922724436,0.20853963866829872,correlated_log_uniform_axes,v6p1i11_0065
silicon_die_lower,117.35333940014243,117.35333940014243,117.35333940014243,0.3470667880028486,isotropic_linear,v6p1i11_0065
tim_between_dies,5.151606928592622,5.151606928592622,5.151606928592622,0.782858818769455,isotropic_log_uniform,v6p1i11_0065
silicon_die_upper,114.39910749904811,114.39910749904811,114.39910749904811,0.2879821499809623,isotropic_linear,v6p1i11_0065
tim_to_spreader,5.106041112648643,5.106041112648643,5.106041112648643,0.777722554281354,isotropic_log_uniform,v6p1i11_0065
spreader,395.76780774630606,395.76780774630606,395.76780774630606,0.7178538497537374,isotropic_linear,v6p1i11_0065
pcb_fr4_equivalent,0.8720131498781951,0.8720131498781951,0.3270049312043231,0.69313302077353,correlated_log_uniform_axes,v6p1i11_0066
bt_substrate_with_vias,0.21486325685737004,0.21486325685737004,0.5264149793005567,0.6606240561231971,correlated_log_uniform_axes,v6p1i11_0066
silicon_interposer_tsv_0p1,137.29477940127254,137.29477940127254,140.17724263481796,0.5764926467090845,correlated_linear_axes,v6p1i11_0066
bump_underfill_under_interposer,0.6391277549582435,0.6391277549582435,5.219543332158988,0.6415562052279711,correlated_log_uniform_axes,v6p1i11_0066
silicon_die_lower,104.3423471506685,104.3423471506685,104.3423471506685,0.08684694301337004,isotropic_linear,v6p1i11_0066
tim_between_dies,4.326573667179501,4.326573667179501,4.326573667179501,0.6819567354395986,isotropic_log_uniform,v6p1i11_0066
silicon_die_upper,129.8891560640186,129.8891560640186,129.8891560640186,0.5977831212803721,isotropic_linear,v6p1i11_0066
tim_to_spreader,3.6942556835190876,3.6942556835190876,3.6942556835190876,0.5906145181506872,isotropic_log_uniform,v6p1i11_0066
spreader,399.6599865052849,399.6599865052849,399.6599865052849,0.9773324336856604,isotropic_linear,v6p1i11_0066
pcb_fr4_equivalent,0.6922103647132268,0.6922103647132268,0.25957888676746,0.17572035547345877,correlated_log_uniform_axes,v6p1i11_0067
bt_substrate_with_vias,0.16495221740774424,0.16495221740774424,0.4041329326489735,0.06830138061195612,correlated_log_uniform_axes,v6p1i11_0067
silicon_interposer_tsv_0p1,131.81296790018678,131.81296790018678,133.78179588355124,0.39376559667289257,correlated_linear_axes,v6p1i11_0067
bump_underfill_under_interposer,0.5710323065915106,0.5710323065915106,4.66343050383067,0.3891209987923503,correlated_log_uniform_axes,v6p1i11_0067
silicon_die_lower,131.65603037923574,131.65603037923574,131.65603037923574,0.6331206075847149,isotropic_linear,v6p1i11_0067
tim_between_dies,1.9862788272204848,1.9862788272204848,1.9862788272204848,0.23187745083123446,isotropic_log_uniform,v6p1i11_0067
silicon_die_upper,110.52055545151234,110.52055545151234,110.52055545151234,0.21041110903024673,isotropic_linear,v6p1i11_0067
tim_to_spreader,1.4039786482035366,1.4039786482035366,1.4039786482035366,0.03129467647522688,isotropic_log_uniform,v6p1i11_0067
spreader,388.6510026548058,388.6510026548058,388.6510026548058,0.24340017698705196,isotropic_linear,v6p1i11_0067
pcb_fr4_equivalent,0.6510238238215562,0.6510238238215562,0.24413393393308355,0.03826698288321495,correlated_log_uniform_axes,v6p1i11_0068
bt_substrate_with_vias,0.20677539552144134,0.20677539552144134,0.5065997190275313,0.5746510298922658,correlated_log_uniform_axes,v6p1i11_0068
silicon_interposer_tsv_0p1,121.89141634851694,121.89141634851694,122.2066524066031,0.06304721161723137,correlated_linear_axes,v6p1i11_0068
bump_underfill_under_interposer,0.5661932447610137,0.5661932447610137,4.623911498881612,0.3700517825782299,correlated_log_uniform_axes,v6p1i11_0068
silicon_die_lower,125.23955507203937,125.23955507203937,125.23955507203937,0.5047911014407873,isotropic_linear,v6p1i11_0068
tim_between_dies,2.8087324261788527,2.8087324261788527,2.8087324261788527,0.4321812679991126,isotropic_log_uniform,v6p1i11_0068
silicon_die_upper,134.880524687469,134.880524687469,134.880524687469,0.6976104937493801,isotropic_linear,v6p1i11_0068
tim_to_spreader,4.594959984616447,4.594959984616447,4.594959984616447,0.716750793159008,isotropic_log_uniform,v6p1i11_0068
spreader,397.9641652200371,397.9641652200371,397.9641652200371,0.8642776813358068,isotropic_linear,v6p1i11_0068
pcb_fr4_equivalent,0.8287852859193717,0.8287852859193717,0.3107944822197644,0.5792077342048287,correlated_log_uniform_axes,v6p1i11_0069
bt_substrate_with_vias,0.17260394669241352,0.17260394669241352,0.42287966939641314,0.16990369837731123,correlated_log_uniform_axes,v6p1i11_0069
silicon_interposer_tsv_0p1,147.12663777172565,147.12663777172565,151.64774406701326,0.9042212590575218,correlated_linear_axes,v6p1i11_0069
bump_underfill_under_interposer,0.6268467975684787,0.6268467975684787,5.119248846809242,0.5980815114453435,correlated_log_uniform_axes,v6p1i11_0069
silicon_die_lower,110.3686020243913,110.3686020243913,110.3686020243913,0.20737204048782587,isotropic_linear,v6p1i11_0069
tim_between_dies,7.271465064672991,7.271465064672991,7.271465064672991,0.9821097319945693,isotropic_log_uniform,v6p1i11_0069
silicon_die_upper,105.91071206144989,105.91071206144989,105.91071206144989,0.11821424122899771,isotropic_linear,v6p1i11_0069
tim_to_spreader,1.7462480497367885,1.7462480497367885,1.7462480497367885,0.15741850156337023,isotropic_log_uniform,v6p1i11_0069
spreader,386.47863508202136,386.47863508202136,386.47863508202136,0.09857567213475704,isotropic_linear,v6p1i11_0069
pcb_fr4_equivalent,0.9811326432910464,0.9811326432910464,0.36792474123414237,0.9573198147118092,correlated_log_uniform_axes,v6p1i11_0070
bt_substrate_with_vias,0.2449953804326109,0.2449953804326109,0.6002386820598968,0.9546893406659365,correlated_log_uniform_axes,v6p1i11_0070
silicon_interposer_tsv_0p1,127.69489995203912,127.69489995203912,128.97738327737898,0.25649666506797075,correlated_linear_axes,v6p1i11_0070
bump_underfill_under_interposer,0.4869666920935249,0.4869666920935249,3.9768946520971196,0.03228778671473265,correlated_log_uniform_axes,v6p1i11_0070
silicon_die_lower,124.21003002673388,124.21003002673388,124.21003002673388,0.4842006005346775,isotropic_linear,v6p1i11_0070
tim_between_dies,3.857247946862968,3.857247946862968,3.857247946862968,0.6155750695616007,isotropic_log_uniform,v6p1i11_0070
silicon_die_upper,140.4191372450441,140.4191372450441,140.4191372450441,0.8083827449008822,isotropic_linear,v6p1i11_0070
tim_to_spreader,3.000261532694231,3.000261532694231,3.000261532694231,0.47031808737665415,isotropic_log_uniform,v6p1i11_0070
spreader,389.96843912638724,389.96843912638724,389.96843912638724,0.33122927509248257,isotropic_linear,v6p1i11_0070
pcb_fr4_equivalent,0.7680541315552387,0.7680541315552387,0.2880202993332145,0.4086876744404435,correlated_log_uniform_axes,v6p1i11_0071
bt_substrate_with_vias,0.18267220936175643,0.18267220936175643,0.4475469129363032,0.29693783447146416,correlated_log_uniform_axes,v6p1i11_0071
silicon_interposer_tsv_0p1,141.43848205916584,141.43848205916584,145.01156240236014,0.7146160686388612,correlated_linear_axes,v6p1i11_0071
bump_underfill_under_interposer,0.6896653988736605,0.6896653988736605,5.632267424134893,0.8120791409164667,correlated_log_uniform_axes,v6p1i11_0071
silicon_die_lower,140.5969464685768,140.5969464685768,140.5969464685768,0.8119389293715358,isotropic_linear,v6p1i11_0071
tim_between_dies,1.4073839508661754,1.4073839508661754,1.4073839508661754,0.03269520588219166,isotropic_log_uniform,v6p1i11_0071
silicon_die_upper,119.17112991213799,119.17112991213799,119.17112991213799,0.3834225982427597,isotropic_linear,v6p1i11_0071
tim_to_spreader,6.348839991182092,6.348839991182092,6.348839991182092,0.9036661945283413,isotropic_log_uniform,v6p1i11_0071
spreader,393.4792683366686,393.4792683366686,393.4792683366686,0.5652845557779074,isotropic_linear,v6p1i11_0071
pcb_fr4_equivalent,0.7809738320281718,0.7809738320281718,0.2928651870105644,0.44606592040508986,correlated_log_uniform_axes,v6p1i11_0072
bt_substrate_with_vias,0.22112227692160782,0.22112227692160782,0.5417495784579393,0.7249638643115759,correlated_log_uniform_axes,v6p1i11_0072
silicon_interposer_tsv_0p1,130.92985245399177,130.92985245399177,132.75149452965707,0.364328415133059,correlated_linear_axes,v6p1i11_0072
bump_underfill_under_interposer,0.6074540491360967,0.6074540491360967,4.960874734611456,0.5276657734066248,correlated_log_uniform_axes,v6p1i11_0072
silicon_die_lower,114.39434476196766,114.39434476196766,114.39434476196766,0.2878868952393532,isotropic_linear,v6p1i11_0072
tim_between_dies,1.6959144317689292,1.6959144317689292,1.6959144317689292,0.14050977490842342,isotropic_log_uniform,v6p1i11_0072
silicon_die_upper,132.36112934537232,132.36112934537232,132.36112934537232,0.6472225869074464,isotropic_linear,v6p1i11_0072
tim_to_spreader,4.2686470392479,4.2686470392479,4.2686470392479,0.6741641610860825,isotropic_log_uniform,v6p1i11_0072
spreader,397.10070782341063,397.10070782341063,397.10070782341063,0.806713854894042,isotropic_linear,v6p1i11_0072
pcb_fr4_equivalent,0.9720441219100057,0.9720441219100057,0.3645165457162521,0.9364667218178511,correlated_log_uniform_axes,v6p1i11_0073
bt_substrate_with_vias,0.16054748971277413,0.16054748971277413,0.3933413497962967,0.007654197514057159,correlated_log_uniform_axes,v6p1i11_0073
silicon_interposer_tsv_0p1,139.93490575812757,139.93490575812757,143.25739005114883,0.6644968586042523,correlated_linear_axes,v6p1i11_0073
bump_underfill_under_interposer,0.5373198300261793,0.5373198300261793,4.388111945213798,0.2527686757966876,correlated_log_uniform_axes,v6p1i11_0073
silicon_die_lower,149.53411961905658,149.53411961905658,149.53411961905658,0.9906823923811316,isotropic_linear,v6p1i11_0073
tim_between_dies,4.554825334302334,4.554825334302334,4.554825334302334,0.7116789650171995,isotropic_log_uniform,v6p1i11_0073
silicon_die_upper,101.83539697900414,101.83539697900414,101.83539697900414,0.03670793958008289,isotropic_linear,v6p1i11_0073
tim_to_spreader,1.8854467035100662,1.8854467035100662,1.8854467035100662,0.20175809133797884,isotropic_log_uniform,v6p1i11_0073
spreader,385.64310126937926,385.64310126937926,385.64310126937926,0.04287341795861721,isotropic_linear,v6p1i11_0073
pcb_fr4_equivalent,0.8210632716576165,0.8210632716576165,0.30789872687160613,0.5582325709983706,correlated_log_uniform_axes,v6p1i11_0074
bt_substrate_with_vias,0.23599451655023534,0.23599451655023534,0.5781865655480766,0.8708178037777543,correlated_log_uniform_axes,v6p1i11_0074
silicon_interposer_tsv_0p1,121.50089219212532,121.50089219212532,121.75104089081287,0.05002973973751068,correlated_linear_axes,v6p1i11_0074
bump_underfill_under_interposer,0.6921037261745466,0.6921037261745466,5.652180430425463,0.8199872495606542,correlated_log_uniform_axes,v6p1i11_0074
silicon_die_lower,135.05829544737935,135.05829544737935,135.05829544737935,0.701165908947587,isotropic_linear,v6p1i11_0074
tim_between_dies,5.452087690368111,5.452087690368111,5.452087690368111,0.8156327782198787,isotropic_log_uniform,v6p1i11_0074
silicon_die_upper,142.54518514499068,142.54518514499068,142.54518514499068,0.8509037028998137,isotropic_linear,v6p1i11_0074
tim_to_spreader,2.605948846558565,2.605948846558565,2.605948846558565,0.3888584980741143,isotropic_log_uniform,v6p1i11_0074
spreader,389.1635759267956,389.1635759267956,389.1635759267956,0.2775717284530401,isotropic_linear,v6p1i11_0074
pcb_fr4_equivalent,0.6620109818985128,0.6620109818985128,0.2482541182119423,0.07576729916036129,correlated_log_uniform_axes,v6p1i11_0075
bt_substrate_with_vias,0.19132396499159435,0.19132396499159435,0.4687437142294062,0.40062624868005514,correlated_log_uniform_axes,v6p1i11_0075
silicon_interposer_tsv_0p1,149.48291312903166,149.48291312903166,154.39673198387027,0.9827637709677219,correlated_linear_axes,v6p1i11_0075
bump_underfill_under_interposer,0.49902097332717626,0.49902097332717626,4.075337948838606,0.0870785228908062,correlated_log_uniform_axes,v6p1i11_0075
silicon_die_lower,101.42837525345385,101.42837525345385,101.42837525345385,0.028567505069077015,isotropic_linear,v6p1i11_0075
tim_between_dies,2.1202693814639955,2.1202693814639955,2.1202693814639955,0.26961768697947264,isotropic_log_uniform,v6p1i11_0075
silicon_die_upper,122.85233461298048,122.85233461298048,122.85233461298048,0.4570466922596097,isotropic_linear,v6p1i11_0075
tim_to_spreader,7.336390073774874,7.336390073774874,7.336390073774874,0.9872487671673298,isotropic_log_uniform,v6p1i11_0075
spreader,392.70232872106135,392.70232872106135,392.70232872106135,0.5134885814040899,isotropic_linear,v6p1i11_0075
pcb_fr4_equivalent,0.7035715757284589,0.7035715757284589,0.263839340898172,0.21219846326857805,correlated_log_uniform_axes,v6p1i11_0076
bt_substrate_with_vias,0.23847784306871891,0.23847784306871891,0.5842707155183614,0.8942731870338321,correlated_log_uniform_axes,v6p1i11_0076
silicon_interposer_tsv_0p1,136.81292803958058,136.81292803958058,139.615082712844,0.5604309346526861,correlated_linear_axes,v6p1i11_0076
bump_underfill_under_interposer,0.517745941606025,0.517745941606025,4.228258523115872,0.16961851995438337,correlated_log_uniform_axes,v6p1i11_0076
silicon_die_lower,107.12737846188247,107.12737846188247,107.12737846188247,0.14254756923764944,isotropic_linear,v6p1i11_0076
tim_between_dies,1.4916763626885345,1.4916763626885345,1.4916763626885345,0.06632365379482508,isotropic_log_uniform,v6p1i11_0076
silicon_die_upper,147.32216079719365,147.32216079719365,147.32216079719365,0.9464432159438729,isotropic_linear,v6p1i11_0076
tim_to_spreader,2.102248285425859,2.102248285425859,2.102248285425859,0.2646829327568412,isotropic_log_uniform,v6p1i11_0076
spreader,390.6537897977978,390.6537897977978,390.6537897977978,0.3769193198531866,isotropic_linear,v6p1i11_0076
pcb_fr4_equivalent,0.8635884326094182,0.8635884326094182,0.3238456622285318,0.6713797599077225,correlated_log_uniform_axes,v6p1i11_0077
bt_substrate_with_vias,0.1880150809509515,0.1880150809509515,0.4606369483298312,0.3615348981693387,correlated_log_uniform_axes,v6p1i11_0077
silicon_interposer_tsv_0p1,134.0774649940431,134.0774649940431,136.42370915971696,0.4692488331347704,correlated_linear_axes,v6p1i11_0077
bump_underfill_under_interposer,0.7253101663456475,0.7253101663456475,5.923366358489453,0.924994857981801,correlated_log_uniform_axes,v6p1i11_0077
silicon_die_lower,128.18782180547714,128.18782180547714,128.18782180547714,0.5637564361095428,isotropic_linear,v6p1i11_0077
tim_between_dies,3.271197744238956,3.271197744238956,3.271197744238956,0.5203010523691773,isotropic_log_uniform,v6p1i11_0077
silicon_die_upper,118.48128559067845,118.48128559067845,118.48128559067845,0.36962571181356907,isotropic_linear,v6p1i11_0077
tim_to_spreader,5.9183185275895855,5.9183185275895855,5.9183185275895855,0.8630702737718821,isotropic_log_uniform,v6p1i11_0077
spreader,394.6095509920269,394.6095509920269,394.6095509920269,0.640636732801795,isotropic_linear,v6p1i11_0077
pcb_fr4_equivalent,0.9110221227775975,0.9110221227775975,0.3416332960415991,0.7911924915388227,correlated_log_uniform_axes,v6p1i11_0078
bt_substrate_with_vias,0.2012538920949812,0.2012538920949812,0.49307203563270396,0.5140041895210743,correlated_log_uniform_axes,v6p1i11_0078
silicon_interposer_tsv_0p1,146.1266212631017,146.1266212631017,150.4810581402853,0.8708873754367232,correlated_linear_axes,v6p1i11_0078
bump_underfill_under_interposer,0.5974707444483927,0.5974707444483927,4.879344412995207,0.4905344881117344,correlated_log_uniform_axes,v6p1i11_0078
silicon_die_lower,143.49408173002303,143.49408173002303,143.49408173002303,0.8698816346004605,isotropic_linear,v6p1i11_0078
tim_between_dies,6.199315495645412,6.199315495645412,6.199315495645412,0.889887560158968,isotropic_log_uniform,v6p1i11_0078
silicon_die_upper,127.7699719183147,127.7699719183147,127.7699719183147,0.5553994383662939,isotropic_linear,v6p1i11_0078
tim_to_spreader,3.444695891087036,3.444695891087036,3.444695891087036,0.5501783173531294,isotropic_log_uniform,v6p1i11_0078
spreader,398.7090962473303,398.7090962473303,398.7090962473303,0.9139397498220205,isotropic_linear,v6p1i11_0078
pcb_fr4_equivalent,0.7448493688081465,0.7448493688081465,0.2793185133030549,0.3399467095732689,correlated_log_uniform_axes,v6p1i11_0079
bt_substrate_with_vias,0.17763191538080528,0.17763191538080528,0.43519819268297294,0.23424316383898258,correlated_log_uniform_axes,v6p1i11_0079
silicon_interposer_tsv_0p1,124.88281899131835,124.88281899131835,125.69662215653807,0.16276063304394484,correlated_linear_axes,v6p1i11_0079
bump_underfill_under_interposer,0.6640743167137917,0.6640743167137917,5.423273586495965,0.7273523258045316,correlated_log_uniform_axes,v6p1i11_0079
silicon_die_lower,120.82460159435868,120.82460159435868,120.82460159435868,0.41649203188717365,isotropic_linear,v6p1i11_0079
tim_between_dies,2.952542022057961,2.952542022057961,2.952542022057961,0.46104900166392326,isotropic_log_uniform,v6p1i11_0079
silicon_die_upper,106.83248178102076,106.83248178102076,106.83248178102076,0.1366496356204152,isotropic_linear,v6p1i11_0079
tim_to_spreader,1.5214778268596656,1.5214778268596656,1.5214778268596656,0.07775990199297667,isotropic_log_uniform,v6p1i11_0079
spreader,387.6685267034918,387.6685267034918,387.6685267034918,0.17790178023278713,isotropic_linear,v6p1i11_0079
pcb_fr4_equivalent,0.7538867292278761,0.7538867292278761,0.2827075234604535,0.36696994584053755,correlated_log_uniform_axes,v6p1i11_0080
bt_substrate_with_vias,0.2051512306023217,0.2051512306023217,0.5026205149756883,0.5569813707843423,correlated_log_uniform_axes,v6p1i11_0080
silicon_interposer_tsv_0p1,139.2753881122917,139.2753881122917,142.48795279767364,0.6425129370763898,correlated_linear_axes,v6p1i11_0080
bump_underfill_under_interposer,0.4811873114332529,0.4811873114332529,3.9296963767048982,0.005535699427127838,correlated_log_uniform_axes,v6p1i11_0080
silicon_die_lower,134.35211619362235,134.35211619362235,134.35211619362235,0.687042323872447,isotropic_linear,v6p1i11_0080
tim_between_dies,3.5181837721173808,3.5181837721173808,3.5181837721173808,0.5623821467161179,isotropic_log_uniform,v6p1i11_0080
silicon_die_upper,112.52361075021327,112.52361075021327,112.52361075021327,0.2504722150042653,isotropic_linear,v6p1i11_0080
tim_to_spreader,3.3216099310307343,3.3216099310307343,3.3216099310307343,0.5291425688192248,isotropic_log_uniform,v6p1i11_0080
spreader,385.2163410978392,385.2163410978392,385.2163410978392,0.01442273985594511,isotropic_linear,v6p1i11_0080
pcb_fr4_equivalent,0.8951863550700482,0.8951863550700482,0.33569488315126805,0.7519010435789824,correlated_log_uniform_axes,v6p1i11_0081
bt_substrate_with_vias,0.17608725130139027,0.17608725130139027,0.43141376568840617,0.2146730264648795,correlated_log_uniform_axes,v6p1i11_0081
silicon_interposer_tsv_0p1,129.7427800577134,129.7427800577134,131.36657673399895,0.324759335257113,correlated_linear_axes,v6p1i11_0081
bump_underfill_under_interposer,0.6788099315968157,0.6788099315968157,5.543614441373994,0.7765294099226594,correlated_log_uniform_axes,v6p1i11_0081
silicon_die_lower,105.43034565635026,105.43034565635026,105.43034565635026,0.1086069131270051,isotropic_linear,v6p1i11_0081
tim_between_dies,1.5874640428577398,1.5874640428577398,1.5874640428577398,0.10230467468500137,isotropic_log_uniform,v6p1i11_0081
silicon_die_upper,146.24872906133533,146.24872906133533,146.24872906133533,0.9249745812267065,isotropic_linear,v6p1i11_0081
tim_to_spreader,1.5670209967896784,1.5670209967896784,1.5670209967896784,0.09481131844222546,isotropic_log_uniform,v6p1i11_0081
spreader,396.7068994836882,396.7068994836882,396.7068994836882,0.7804599655792117,isotropic_linear,v6p1i11_0081
pcb_fr4_equivalent,0.8476069211972791,0.8476069211972791,0.31785259544897965,0.6295248372480273,correlated_log_uniform_axes,v6p1i11_0082
bt_substrate_with_vias,0.24056143108570086,0.24056143108570086,0.5893755061599671,0.9137653093785048,correlated_log_uniform_axes,v6p1i11_0082
silicon_interposer_tsv_0p1,148.82155369967222,148.82155369967222,153.62514598295093,0.9607184566557407,correlated_linear_axes,v6p1i11_0082
bump_underfill_under_interposer,0.5591802944530889,0.5591802944530889,4.566639071366892,0.34212471451610327,correlated_log_uniform_axes,v6p1i11_0082
silicon_die_lower,116.63774903863668,116.63774903863668,116.63774903863668,0.3327549807727337,isotropic_linear,v6p1i11_0082
tim_between_dies,3.0908230794291813,3.0908230794291813,3.0908230794291813,0.48751040268689394,isotropic_log_uniform,v6p1i11_0082
silicon_die_upper,111.81202055886388,111.81202055886388,111.81202055886388,0.23624041117727757,isotropic_linear,v6p1i11_0082
tim_to_spreader,2.1697596382396958,2.1697596382396958,2.1697596382396958,0.2829569522291422,isotropic_log_uniform,v6p1i11_0082
spreader,393.0994497286156,393.0994497286156,393.0994497286156,0.5399633152410388,isotropic_linear,v6p1i11_0082
pcb_fr4_equivalent,0.7113713919544787,0.7113713919544787,0.2667642719829295,0.23690236173570156,correlated_log_uniform_axes,v6p1i11_0083
bt_substrate_with_vias,0.18444469211981362,0.18444469211981362,0.4518894956935434,0.31857481598854065,correlated_log_uniform_axes,v6p1i11_0083
silicon_interposer_tsv_0p1,120.31194224953651,120.31194224953651,120.36393262445927,0.010398074984550476,correlated_linear_axes,v6p1i11_0083
bump_underfill_under_interposer,0.6171944056729064,0.6171944056729064,5.040420979662068,0.563309920951724,correlated_log_uniform_axes,v6p1i11_0083
silicon_die_lower,143.94590533338487,143.94590533338487,143.94590533338487,0.8789181066676974,isotropic_linear,v6p1i11_0083
tim_between_dies,6.421465746283289,6.421465746283289,6.421465746283289,0.9102419735863805,isotropic_log_uniform,v6p1i11_0083
silicon_die_upper,128.25894434936345,128.25894434936345,128.25894434936345,0.5651788869872689,isotropic_linear,v6p1i11_0083
tim_to_spreader,5.699638544741642,5.699638544741642,5.699638544741642,0.8413040181621909,isotropic_log_uniform,v6p1i11_0083
spreader,389.5863388525322,389.5863388525322,389.5863388525322,0.3057559235021472,isotropic_linear,v6p1i11_0083
pcb_fr4_equivalent,0.6691769086616012,0.6691769086616012,0.2509413407481004,0.0998914958909154,correlated_log_uniform_axes,v6p1i11_0084
bt_substrate_with_vias,0.23151299117014992,0.23151299117014992,0.5672068283668674,0.8278576098382473,correlated_log_uniform_axes,v6p1i11_0084
silicon_interposer_tsv_0p1,133.86084800586104,133.86084800586104,136.17098934017122,0.4620282668620348,correlated_linear_axes,v6p1i11_0084
bump_underfill_under_interposer,0.6490523740522364,0.6490523740522364,5.300594388093263,0.6760834166780114,correlated_log_uniform_axes,v6p1i11_0084
silicon_die_lower,137.92498861439526,137.92498861439526,137.92498861439526,0.7584997722879052,isotropic_linear,v6p1i11_0084
tim_between_dies,4.768635356277041,4.768635356277041,4.768635356277041,0.7381993746384978,isotropic_log_uniform,v6p1i11_0084
silicon_die_upper,104.66654621995986,104.66654621995986,104.66654621995986,0.0933309243991971,isotropic_linear,v6p1i11_0084
tim_to_spreader,2.6879189641148127,2.6879189641148127,2.6879189641148127,0.40676333382725716,isotropic_log_uniform,v6p1i11_0084
spreader,395.15324220526963,395.15324220526963,395.15324220526963,0.6768828136846423,isotropic_linear,v6p1i11_0084
pcb_fr4_equivalent,0.8057699891659721,0.8057699891659721,0.3021637459372395,0.5161030888557434,correlated_log_uniform_axes,v6p1i11_0085
bt_substrate_with_vias,0.19299557779746837,0.19299557779746837,0.4728391656037976,0.4201184827834368,correlated_log_uniform_axes,v6p1i11_0085
silicon_interposer_tsv_0p1,135.1316854543984,135.1316854543984,137.65363303013146,0.5043895151466131,correlated_linear_axes,v6p1i11_0085
bump_underfill_under_interposer,0.5781308424643476,0.5781308424643476,4.721401880125506,0.4168036878108978,correlated_log_uniform_axes,v6p1i11_0085
silicon_die_lower,123.04888470098376,123.04888470098376,123.04888470098376,0.46097769401967525,isotropic_linear,v6p1i11_0085
tim_between_dies,1.7568669543193731,1.7568669543193731,1.7568669543193731,0.16092343535274267,isotropic_log_uniform,v6p1i11_0085
silicon_die_upper,136.56108742579818,136.56108742579818,136.56108742579818,0.7312217485159636,isotropic_linear,v6p1i11_0085
tim_to_spreader,7.0608255429932045,7.0608255429932045,7.0608255429932045,0.9651152202859521,isotropic_log_uniform,v6p1i11_0085
spreader,391.1645291792229,391.1645291792229,391.1645291792229,0.4109686119481921,isotropic_linear,v6p1i11_0085
pcb_fr4_equivalent,0.9545104727870234,0.9545104727870234,0.3579414272951338,0.895680014975369,correlated_log_uniform_axes,v6p1i11_0086
bt_substrate_with_vias,0.2191993905891943,0.2191993905891943,0.5370385069435262,0.7053933618590236,correlated_log_uniform_axes,v6p1i11_0086
silicon_interposer_tsv_0p1,124.66433160938323,124.66433160938323,125.4417202109471,0.15547772031277418,correlated_linear_axes,v6p1i11_0086
bump_underfill_under_interposer,0.7446892141470802,0.7446892141470802,6.081628582201154,0.9840769823640585,correlated_log_uniform_axes,v6p1i11_0086
silicon_die_lower,111.10870181582868,111.10870181582868,111.10870181582868,0.22217403631657362,isotropic_linear,v6p1i11_0086
tim_between_dies,2.2806053425345936,2.2806053425345936,2.2806053425345936,0.3117618430405855,isotropic_log_uniform,v6p1i11_0086
silicon_die_upper,120.99626967683434,120.99626967683434,120.99626967683434,0.4199253935366869,isotropic_linear,v6p1i11_0086
tim_to_spreader,4.117008416359603,4.117008416359603,4.117008416359603,0.6532532321289182,isotropic_log_uniform,v6p1i11_0086
spreader,387.15379007626325,387.15379007626325,387.15379007626325,0.1435860050842166,isotropic_linear,v6p1i11_0086
pcb_fr4_equivalent,0.7899867552881602,0.7899867552881602,0.29624503323306,0.4717770293354988,correlated_log_uniform_axes,v6p1i11_0087
bt_substrate_with_vias,0.16365656389634078,0.16365656389634078,0.400958581546035,0.0506317438557744,correlated_log_uniform_axes,v6p1i11_0087
silicon_interposer_tsv_0p1,144.44352974183857,144.44352974183857,148.51745136547834,0.8147843247279525,correlated_linear_axes,v6p1i11_0087
bump_underfill_under_interposer,0.533203214488915,0.533203214488915,4.354492918326137,0.23553562816232443,correlated_log_uniform_axes,v6p1i11_0087
silicon_die_lower,127.50228960067034,127.50228960067034,127.50228960067034,0.5500457920134068,isotropic_linear,v6p1i11_0087
tim_between_dies,5.802822881986385,5.802822881986385,5.802822881986385,0.8516766224056482,isotropic_log_uniform,v6p1i11_0087
silicon_die_upper,138.9327381271869,138.9327381271869,138.9327381271869,0.7786547625437379,isotropic_linear,v6p1i11_0087
tim_to_spreader,1.9422975857725415,1.9422975857725415,1.9422975857725415,0.2189324051141739,isotropic_log_uniform,v6p1i11_0087
spreader,398.1687177019194,398.1687177019194,398.1687177019194,0.8779145134612918,isotropic_linear,v6p1i11_0087
pcb_fr4_equivalent,0.7597776200680999,0.7597776200680999,0.28491660752553744,0.384410860016942,correlated_log_uniform_axes,v6p1i11_0088
bt_substrate_with_vias,0.24713781904306487,0.24713781904306487,0.6054876566555091,0.9741987502202392,correlated_log_uniform_axes,v6p1i11_0088
silicon_interposer_tsv_0p1,126.92871135659516,126.92871135659516,128.08349658269435,0.23095704521983862,correlated_linear_axes,v6p1i11_0088
bump_underfill_under_interposer,0.588336813576966,0.588336813576966,4.804750644211889,0.4560147291049361,correlated_log_uniform_axes,v6p1i11_0088
silicon_die_lower,102.07978333346546,102.07978333346546,102.07978333346546,0.04159566666930914,isotropic_linear,v6p1i11_0088
tim_between_dies,6.806112066614617,6.806112066614617,6.806112066614617,0.9438742976635695,isotropic_log_uniform,v6p1i11_0088
silicon_die_upper,100.14834925532341,100.14834925532341,100.14834925532341,0.0029669851064682007,isotropic_linear,v6p1i11_0088
tim_to_spreader,2.9083058722195685,2.9083058722195685,2.9083058722195685,0.45232173427939415,isotropic_log_uniform,v6p1i11_0088
spreader,396.1652430193499,396.1652430193499,396.1652430193499,0.7443495346233249,isotropic_linear,v6p1i11_0088
pcb_fr4_equivalent,0.99982232878137,0.99982232878137,0.37493337329301374,0.999601854942739,correlated_log_uniform_axes,v6p1i11_0089
bt_substrate_with_vias,0.17920678028602455,0.17920678028602455,0.43905661170076016,0.2540215039625764,correlated_log_uniform_axes,v6p1i11_0089
silicon_interposer_tsv_0p1,143.96156773902476,143.96156773902476,147.95516236219555,0.7987189246341586,correlated_linear_axes,v6p1i11_0089
bump_underfill_under_interposer,0.6559182441558703,0.6559182441558703,5.356665660606273,0.6996618267148733,correlated_log_uniform_axes,v6p1i11_0089
silicon_die_lower,137.2144091874361,137.2144091874361,137.2144091874361,0.7442881837487221,isotropic_linear,v6p1i11_0089
tim_between_dies,2.6212024701590173,2.6212024701590173,2.6212024701590173,0.3922326322644949,isotropic_log_uniform,v6p1i11_0089
silicon_die_upper,133.6117801722139,133.6117801722139,133.6117801722139,0.6722356034442782,isotropic_linear,v6p1i11_0089
tim_to_spreader,6.595572723377402,6.595572723377402,6.595572723377402,0.9257081532850862,isotropic_log_uniform,v6p1i11_0089
spreader,392.20353804994375,392.20353804994375,392.20353804994375,0.4802358699962497,isotropic_linear,v6p1i11_0089
pcb_fr4_equivalent,0.8439749609115722,0.8439749609115722,0.3164906103418395,0.6199028585106134,correlated_log_uniform_axes,v6p1i11_0090
bt_substrate_with_vias,0.21078381969214222,0.21078381969214222,0.5164203582457485,0.617672435939312,correlated_log_uniform_axes,v6p1i11_0090
silicon_interposer_tsv_0p1,132.4997510947287,132.4997510947287,134.58304294385016,0.4166583698242903,correlated_linear_axes,v6p1i11_0090
bump_underfill_under_interposer,0.5095427199386773,0.5095427199386773,4.161265546165864,0.13383221626281738,correlated_log_uniform_axes,v6p1i11_0090
silicon_die_lower,146.95695699192584,146.95695699192584,146.95695699192584,0.9391391398385167,isotropic_linear,v6p1i11_0090
tim_between_dies,1.3533895160062506,1.3533895160062506,1.3533895160062506,0.01007863413542509,isotropic_log_uniform,v6p1i11_0090
silicon_die_upper,124.34598165564239,124.34598165564239,124.34598165564239,0.4869196331128478,isotropic_linear,v6p1i11_0090
tim_to_spreader,4.763448059318931,4.763448059318931,4.763448059318931,0.7375701488927007,isotropic_log_uniform,v6p1i11_0090
spreader,388.22438419330865,388.22438419330865,388.22438419330865,0.21495894622057676,isotropic_linear,v6p1i11_0090
pcb_fr4_equivalent,0.643622610932119,0.643622610932119,0.24135847909954458,0.012647396884858608,correlated_log_uniform_axes,v6p1i11_0091
bt_substrate_with_vias,0.17110428855436055,0.17110428855436055,0.41920550695818337,0.15035036765038967,correlated_log_uniform_axes,v6p1i11_0091
silicon_interposer_tsv_0p1,138.50957510992885,138.50957510992885,141.594504294917,0.6169858369976282,correlated_linear_axes,v6p1i11_0091
bump_underfill_under_interposer,0.7166215521687445,0.7166215521687445,5.852409342711412,0.8979909429326653,correlated_log_uniform_axes,v6p1i11_0091
silicon_die_lower,113.33371670916677,113.33371670916677,113.33371670916677,0.2666743341833353,isotropic_linear,v6p1i11_0091
tim_between_dies,3.698341964694575,3.698341964694575,3.698341964694575,0.5912536410614848,isotropic_log_uniform,v6p1i11_0091
silicon_die_upper,140.71279745548964,140.71279745548964,140.71279745548964,0.8142559491097927,isotropic_linear,v6p1i11_0091
tim_to_spreader,1.694867158446817,1.694867158446817,1.694867158446817,0.14015265554189682,isotropic_log_uniform,v6p1i11_0091
spreader,399.2663198756054,399.2663198756054,399.2663198756054,0.951087991707027,isotropic_linear,v6p1i11_0091
pcb_fr4_equivalent,0.6838844090662468,0.6838844090662468,0.2564566533998425,0.14860553666949272,correlated_log_uniform_axes,v6p1i11_0092
bt_substrate_with_vias,0.212996464745014,0.212996464745014,0.5218413386252843,0.6410710755735636,correlated_log_uniform_axes,v6p1i11_0092
silicon_interposer_tsv_0p1,147.31785960495472,147.31785960495472,151.8708362057805,0.9105953201651573,correlated_linear_axes,v6p1i11_0092
bump_underfill_under_interposer,0.7004186820747436,0.7004186820747436,5.720085903610405,0.8467467855662107,correlated_log_uniform_axes,v6p1i11_0092
silicon_die_lower,120.19732147455215,120.19732147455215,120.19732147455215,0.4039464294910431,isotropic_linear,v6p1i11_0092
tim_between_dies,4.954503342834443,4.954503342834443,4.954503342834443,0.7603050703182817,isotropic_log_uniform,v6p1i11_0092
silicon_die_upper,117.03494377434254,117.03494377434254,117.03494377434254,0.34069887548685074,isotropic_linear,v6p1i11_0092
tim_to_spreader,3.8321615208488358,3.8321615208488358,3.8321615208488358,0.6118028191849589,isotropic_log_uniform,v6p1i11_0092
spreader,385.9642118262127,385.9642118262127,385.9642118262127,0.06428078841418028,isotropic_linear,v6p1i11_0092
pcb_fr4_equivalent,0.8874752342617751,0.8874752342617751,0.33280321284816566,0.7325159916654229,correlated_log_uniform_axes,v6p1i11_0093
bt_substrate_with_vias,0.16814985617842537,0.16814985617842537,0.4119671476371422,0.11132243648171425,correlated_log_uniform_axes,v6p1i11_0093
silicon_interposer_tsv_0p1,123.54678455740213,123.54678455740213,124.13791531696916,0.11822615191340446,correlated_linear_axes,v6p1i11_0093
bump_underfill_under_interposer,0.5069995054551228,0.5069995054551228,4.140495961216836,0.12262044753879309,correlated_log_uniform_axes,v6p1i11_0093
silicon_die_lower,141.2648211698979,141.2648211698979,141.2648211698979,0.8252964233979583,isotropic_linear,v6p1i11_0093
tim_between_dies,2.400935989745161,2.400935989745161,2.400935989745161,0.3414878258481622,isotropic_log_uniform,v6p1i11_0093
silicon_die_upper,149.20490547083318,149.20490547083318,149.20490547083318,0.9840981094166636,isotropic_linear,v6p1i11_0093
tim_to_spreader,1.3635339855445368,1.3635339855445368,1.3635339855445368,0.014395883306860924,isotropic_log_uniform,v6p1i11_0093
spreader,397.4241000460461,397.4241000460461,397.4241000460461,0.8282733364030719,isotropic_linear,v6p1i11_0093
pcb_fr4_equivalent,0.9372415689446795,0.9372415689446795,0.3514655883542548,0.854770127683878,correlated_log_uniform_axes,v6p1i11_0094
bt_substrate_with_vias,0.22493843111730524,0.22493843111730524,0.5510991562373979,0.7633044021204114,correlated_log_uniform_axes,v6p1i11_0094
silicon_interposer_tsv_0p1,141.63155282847583,141.63155282847583,145.2368116332218,0.7210517609491944,correlated_linear_axes,v6p1i11_0094
bump_underfill_under_interposer,0.6150744368986435,0.6150744368986435,5.02310790133892,0.555600174702704,correlated_log_uniform_axes,v6p1i11_0094
silicon_die_lower,130.78949386253953,130.78949386253953,130.78949386253953,0.6157898772507906,isotropic_linear,v6p1i11_0094
tim_between_dies,1.8593531933522225,1.8593531933522225,1.8593531933522225,0.19370126351714134,isotropic_log_uniform,v6p1i11_0094
silicon_die_upper,108.46917848102748,108.46917848102748,108.46917848102748,0.16938356962054968,isotropic_linear,v6p1i11_0094
tim_to_spreader,2.338481627205526,2.338481627205526,2.338481627205526,0.3262502420693636,isotropic_log_uniform,v6p1i11_0094
spreader,394.02310215402395,394.02310215402395,394.02310215402395,0.6015401436015964,isotropic_linear,v6p1i11_0094
pcb_fr4_equivalent,0.7247964627540185,0.7247964627540185,0.27179867353275694,0.2787951910868287,correlated_log_uniform_axes,v6p1i11_0095
bt_substrate_with_vias,0.19827161713422245,0.19827161713422245,0.485765461978845,0.4805518193170428,correlated_log_uniform_axes,v6p1i11_0095
silicon_interposer_tsv_0p1,129.35213855467737,129.35213855467737,130.91082831379026,0.3117379518225789,correlated_linear_axes,v6p1i11_0095
bump_underfill_under_interposer,0.5457211208027385,0.5457211208027385,4.456722486555697,0.28753233700990677,correlated_log_uniform_axes,v6p1i11_0095
silicon_die_lower,108.11447822488844,108.11447822488844,108.11447822488844,0.16228956449776888,isotropic_linear,v6p1i11_0095
tim_between_dies,4.0381145171444,4.0381145171444,4.0381145171444,0.6420671083033085,isotropic_log_uniform,v6p1i11_0095
silicon_die_upper,126.47202182561159,126.47202182561159,126.47202182561159,0.5294404365122318,isotropic_linear,v6p1i11_0095
tim_to_spreader,5.30334570531853,5.30334570531853,5.30334570531853,0.7996413772925735,isotropic_log_uniform,v6p1i11_0095
spreader,390.47932111192495,390.47932111192495,390.47932111192495,0.36528807412832975,isotropic_linear,v6p1i11_0095
pcb_fr4_equivalent,0.7162341791835815,0.7162341791835815,0.26858781719384306,0.2521672761067748,correlated_log_uniform_axes,v6p1i11_0096
bt_substrate_with_vias,0.2173118169146972,0.2173118169146972,0.5324139514410081,0.6860145619139075,correlated_log_uniform_axes,v6p1i11_0096
silicon_interposer_tsv_0p1,121.10035059973598,121.10035059973598,121.28374236635864,0.03667835332453251,correlated_linear_axes,v6p1i11_0096
bump_underfill_under_interposer,0.5310477877125125,0.5310477877125125,4.336890266318852,0.22645939886569977,correlated_log_uniform_axes,v6p1i11_0096
silicon_die_lower,139.76618610322475,139.76618610322475,139.76618610322475,0.7953237220644951,isotropic_linear,v6p1i11_0096
tim_between_dies,3.589269355361228,3.589269355361228,3.589269355361228,0.5739468680694699,isotropic_log_uniform,v6p1i11_0096
silicon_die_upper,111.25611579045653,111.25611579045653,111.25611579045653,0.22512231580913067,isotropic_linear,v6p1i11_0096
tim_to_spreader,6.541060398571716,6.541060398571716,6.541060398571716,0.9209100864827633,isotropic_log_uniform,v6p1i11_0096
spreader,396.43984333146363,396.43984333146363,396.43984333146363,0.7626562220975757,isotropic_linear,v6p1i11_0096
pcb_fr4_equivalent,0.9408284048362557,0.9408284048362557,0.3528106518135959,0.8633289877325296,correlated_log_uniform_axes,v6p1i11_0097
bt_substrate_with_vias,0.16683204953550407,0.16683204953550407,0.408738521361985,0.09369260165840387,correlated_log_uniform_axes,v6p1i11_0097
silicon_interposer_tsv_0p1,149.79267502203584,149.79267502203584,154.7581208590418,0.9930891674011946,correlated_linear_axes,v6p1i11_0097
bump_underfill_under_interposer,0.7478444154036235,0.7478444154036235,6.107396059129591,0.993550674058497,correlated_log_uniform_axes,v6p1i11_0097
silicon_die_lower,124.94353423826396,124.94353423826396,124.94353423826396,0.4988706847652793,isotropic_linear,v6p1i11_0097
tim_between_dies,1.3958451376727865,1.3958451376727865,1.3958451376727865,0.027935740537941456,isotropic_log_uniform,v6p1i11_0097
silicon_die_upper,129.19029467739165,129.19029467739165,129.19029467739165,0.583805893547833,isotropic_linear,v6p1i11_0097
tim_to_spreader,2.9309086847368264,2.9309086847368264,2.9309086847368264,0.4567974591627717,isotropic_log_uniform,v6p1i11_0097
spreader,385.4249157058075,385.4249157058075,385.4249157058075,0.02832771372050047,isotropic_linear,v6p1i11_0097
pcb_fr4_equivalent,0.8887396560121381,0.8887396560121381,0.33327737100455174,0.7357061496004462,correlated_log_uniform_axes,v6p1i11_0098
bt_substrate_with_vias,0.2271002206885379,0.2271002206885379,0.5563955406869179,0.7847361117601395,correlated_log_uniform_axes,v6p1i11_0098
silicon_interposer_tsv_0p1,130.41955933906138,130.41955933906138,132.15615256223828,0.3473186446353793,correlated_linear_axes,v6p1i11_0098
bump_underfill_under_interposer,0.5825051237164106,0.5825051237164106,4.757125177017353,0.4336936390027404,correlated_log_uniform_axes,v6p1i11_0098
silicon_die_lower,109.63686304166913,109.63686304166913,109.63686304166913,0.1927372608333826,isotropic_linear,v6p1i11_0098
tim_between_dies,2.576325967832028,2.576325967832028,2.576325967832028,0.38224905729293823,isotropic_log_uniform,v6p1i11_0098
silicon_die_upper,113.62700355239213,113.62700355239213,113.62700355239213,0.2725400710478425,isotropic_linear,v6p1i11_0098
tim_to_spreader,1.7060850978134754,1.7060850978134754,1.7060850978134754,0.14396653790026903,isotropic_log_uniform,v6p1i11_0098
spreader,389.37789120245725,389.37789120245725,389.37789120245725,0.29185941349714994,isotropic_linear,v6p1i11_0098
pcb_fr4_equivalent,0.6789058529800475,0.6789058529800475,0.25458969486751776,0.13223390467464924,correlated_log_uniform_axes,v6p1i11_0099
bt_substrate_with_vias,0.19467728122992614,0.19467728122992614,0.47695933901331916,0.43955875746905804,correlated_log_uniform_axes,v6p1i11_0099
silicon_interposer_tsv_0p1,140.58885139413178,140.58885139413178,144.02032662648708,0.6862950464710593,correlated_linear_axes,v6p1i11_0099
bump_underfill_under_interposer,0.644064259365844,0.644064259365844,5.259858118154392,0.658796539530158,correlated_log_uniform_axes,v6p1i11_0099
silicon_die_lower,126.0685516986996,126.0685516986996,126.0685516986996,0.5213710339739919,isotropic_linear,v6p1i11_0099
tim_between_dies,6.919538536540292,6.919538536540292,6.919538536540292,0.953429602086544,isotropic_log_uniform,v6p1i11_0099
silicon_die_upper,145.52078107371926,145.52078107371926,145.52078107371926,0.9104156214743853,isotropic_linear,v6p1i11_0099
tim_to_spreader,4.73451645343614,4.73451645343614,4.73451645343614,0.7340480908751488,isotropic_log_uniform,v6p1i11_0099
spreader,393.366604228504,393.366604228504,393.366604228504,0.5577736152336001,isotropic_linear,v6p1i11_0099
pcb_fr4_equivalent,0.6455229469493174,0.6455229469493174,0.24207110510599403,0.019253485836088657,correlated_log_uniform_axes,v6p1i11_0100
bt_substrate_with_vias,0.2443556023711007,0.2443556023711007,0.5986712258091967,0.9488303232938051,correlated_log_uniform_axes,v6p1i11_0100
silicon_interposer_tsv_0p1,145.7075624819845,145.7075624819845,149.9921562289819,0.8569187493994832,correlated_linear_axes,v6p1i11_0100
bump_underfill_under_interposer,0.6229164195970882,0.6229164195970882,5.087150760042886,0.5839878553524613,correlated_log_uniform_axes,v6p1i11_0100
silicon_die_lower,132.48700532130897,132.48700532130897,132.48700532130897,0.6497401064261794,isotropic_linear,v6p1i11_0100
tim_between_dies,3.971972886415591,3.971972886415591,3.971972886415591,0.6325193662196398,isotropic_log_uniform,v6p1i11_0100
silicon_die_upper,121.55449045822024,121.55449045822024,121.55449045822024,0.43108980916440487,isotropic_linear,v6p1i11_0100
tim_to_spreader,1.3718027245211262,1.3718027245211262,1.3718027245211262,0.017891171388328075,isotropic_log_uniform,v6p1i11_0100
spreader,391.4316836791113,391.4316836791113,391.4316836791113,0.42877891194075346,isotropic_linear,v6p1i11_0100
pcb_fr4_equivalent,0.8361886565854911,0.8361886565854911,0.31357074621955916,0.5991346724331379,correlated_log_uniform_axes,v6p1i11_0101
bt_substrate_with_vias,0.18219508436716755,0.18219508436716755,0.44637795669956054,0.2910776250064373,correlated_log_uniform_axes,v6p1i11_0101
silicon_interposer_tsv_0p1,125.15982831828296,125.15982831828296,126.01979970466346,0.17199427727609873,correlated_linear_axes,v6p1i11_0101
bump_underfill_under_interposer,0.5538852560913649,0.5538852560913649,4.5233962580794795,0.3208056911826134,correlated_log_uniform_axes,v6p1i11_0101
silicon_die_lower,103.60943898558617,103.60943898558617,103.60943898558617,0.07218877971172333,isotropic_linear,v6p1i11_0101
tim_between_dies,1.891715707474611,1.891715707474611,1.891715707474611,0.20367714203894138,isotropic_log_uniform,v6p1i11_0101
silicon_die_upper,137.9991261754185,137.9991261754185,137.9991261754185,0.7599825235083699,isotropic_linear,v6p1i11_0101
tim_to_spreader,3.8069394152019527,3.8069394152019527,3.8069394152019527,0.6079851891845465,isotropic_log_uniform,v6p1i11_0101
spreader,394.9447945551947,394.9447945551947,394.9447945551947,0.6629863036796451,isotropic_linear,v6p1i11_0101
pcb_fr4_equivalent,0.9865063084588688,0.9865063084588688,0.36993986567207576,0.9695587018504739,correlated_log_uniform_axes,v6p1i11_0102
bt_substrate_with_vias,0.20767857884282814,0.20767857884282814,0.508812518164929,0.5844170125201344,correlated_log_uniform_axes,v6p1i11_0102
silicon_interposer_tsv_0p1,136.26942459493876,136.26942459493876,138.98099536076188,0.5423141531646252,correlated_linear_axes,v6p1i11_0102
bump_underfill_under_interposer,0.6749239597033105,0.6749239597033105,5.511879004243703,0.76366519741714,correlated_log_uniform_axes,v6p1i11_0102
silicon_die_lower,118.0848638061434,118.0848638061434,118.0848638061434,0.36169727612286806,isotropic_linear,v6p1i11_0102
tim_between_dies,2.3279408067068053,2.3279408067068053,2.3279408067068053,0.32363841589540243,isotropic_log_uniform,v6p1i11_0102
silicon_die_upper,103.56394280679524,103.56394280679524,103.56394280679524,0.07127885613590479,isotropic_linear,v6p1i11_0102
tim_to_spreader,5.262273805691846,5.262273805691846,5.262273805691846,0.795146631076932,isotropic_log_uniform,v6p1i11_0102
spreader,398.3772923098877,398.3772923098877,398.3772923098877,0.8918194873258471,isotropic_linear,v6p1i11_0102
pcb_fr4_equivalent,0.764183498843693,0.764183498843693,0.28656881206638485,0.3973669968545437,correlated_log_uniform_axes,v6p1i11_0103
bt_substrate_with_vias,0.17335777881426806,0.17335777881426806,0.4247265580949568,0.17966848891228437,correlated_log_uniform_axes,v6p1i11_0103
silicon_interposer_tsv_0p1,134.71335120499134,134.71335120499134,137.16557640582323,0.490445040166378,correlated_linear_axes,v6p1i11_0103
bump_underfill_under_interposer,0.48409641741702747,0.48409641741702747,3.95345407557239,0.019041537307202816,correlated_log_uniform_axes,v6p1i11_0103
silicon_die_lower,145.45257547870278,145.45257547870278,145.45257547870278,0.9090515095740557,isotropic_linear,v6p1i11_0103
tim_between_dies,5.1049966246180185,5.1049966246180185,5.1049966246180185,0.7776042809709907,isotropic_log_uniform,v6p1i11_0103
silicon_die_upper,137.28829892352223,137.28829892352223,137.28829892352223,0.7457659784704447,isotropic_linear,v6p1i11_0103
tim_to_spreader,2.3579233325833715,2.3579233325833715,2.3579233325833715,0.3310368126258254,isotropic_log_uniform,v6p1i11_0103
spreader,386.8867339240387,386.8867339240387,386.8867339240387,0.12578226160258055,isotropic_linear,v6p1i11_0103
pcb_fr4_equivalent,0.7987341846956862,0.7987341846956862,0.2995253192608823,0.49645178578794,correlated_log_uniform_axes,v6p1i11_0104
bt_substrate_with_vias,0.23333539959171823,0.23333539959171823,0.5716717289997097,0.8454268211498857,correlated_log_uniform_axes,v6p1i11_0104
silicon_interposer_tsv_0p1,137.60397925972939,137.60397925972939,140.53797580301762,0.5867993086576462,correlated_linear_axes,v6p1i11_0104
bump_underfill_under_interposer,0.5481751437849762,0.5481751437849762,4.476763674243973,0.2975858738645911,correlated_log_uniform_axes,v6p1i11_0104
silicon_die_lower,121.65400949306786,121.65400949306786,121.65400949306786,0.4330801898613572,isotropic_linear,v6p1i11_0104
tim_between_dies,6.583855191047661,6.583855191047661,6.583855191047661,0.9246801538392901,isotropic_log_uniform,v6p1i11_0104
silicon_die_upper,123.72826947830617,123.72826947830617,123.72826947830617,0.4745653895661235,isotropic_linear,v6p1i11_0104
tim_to_spreader,1.645387628134384,1.645387628134384,1.645387628134384,0.1230236990377307,isotropic_log_uniform,v6p1i11_0104
spreader,392.38326102960855,392.38326102960855,392.38326102960855,0.4922174019739032,isotropic_linear,v6p1i11_0104
pcb_fr4_equivalent,0.9500429968915903,0.9500429968915903,0.35626612383434636,0.8851680113002658,correlated_log_uniform_axes,v6p1i11_0105
bt_substrate_with_vias,0.1891682833396724,0.1891682833396724,0.46346229418219737,0.375236458145082,correlated_log_uniform_axes,v6p1i11_0105
silicon_interposer_tsv_0p1,131.4114422723651,131.4114422723651,133.31334931775928,0.38038140907883644,correlated_linear_axes,v6p1i11_0105
bump_underfill_under_interposer,0.6122127268043397,0.6122127268043397,4.999737268902107,0.5451506655663252,correlated_log_uniform_axes,v6p1i11_0105
silicon_die_lower,142.7627540193498,142.7627540193498,142.7627540193498,0.8552550803869963,isotropic_linear,v6p1i11_0105
tim_between_dies,3.0225509271270874,3.0225509271270874,3.0225509271270874,0.47459720354527235,isotropic_log_uniform,v6p1i11_0105
silicon_die_upper,141.73035062849522,141.73035062849522,141.73035062849522,0.8346070125699043,isotropic_linear,v6p1i11_0105
tim_to_spreader,3.1648382199661276,3.1648382199661276,3.1648382199661276,0.5011914949864149,isotropic_log_uniform,v6p1i11_0105
spreader,395.92704207170755,395.92704207170755,395.92704207170755,0.7284694714471698,isotropic_linear,v6p1i11_0105
pcb_fr4_equivalent,0.8053252676730093,0.8053252676730093,0.30199697537737846,0.5148660521954298,correlated_log_uniform_axes,v6p1i11_0106
bt_substrate_with_vias,0.22325260263173718,0.22325260263173718,0.546968876447756,0.7464478816837072,correlated_log_uniform_axes,v6p1i11_0106
silicon_interposer_tsv_0p1,143.40197595767677,143.40197595767677,147.30230528395623,0.7800658652558923,correlated_linear_axes,v6p1i11_0106
bump_underfill_under_interposer,0.5029729244021853,0.5029729244021853,4.10761221595118,0.10475372523069382,correlated_log_uniform_axes,v6p1i11_0106
silicon_die_lower,128.92091474495828,128.92091474495828,128.92091474495828,0.5784182948991656,isotropic_linear,v6p1i11_0106
tim_between_dies,1.6455803570366254,1.6455803570366254,1.6455803570366254,0.12309141270816326,isotropic_log_uniform,v6p1i11_0106
silicon_die_upper,100.99614877253771,100.99614877253771,100.99614877253771,0.019922975450754166,isotropic_linear,v6p1i11_0106
tim_to_spreader,5.4369938805838425,5.4369938805838425,5.4369938805838425,0.8140300456434488,isotropic_log_uniform,v6p1i11_0106
spreader,399.5046513574198,399.5046513574198,399.5046513574198,0.9669767571613193,isotropic_linear,v6p1i11_0106
pcb_fr4_equivalent,0.6746719304266215,0.6746719304266215,0.253001973909983,0.118216204456985,correlated_log_uniform_axes,v6p1i11_0107
bt_substrate_with_vias,0.16209431492933724,0.16209431492933724,0.39713107157687627,0.029139406979084015,correlated_log_uniform_axes,v6p1i11_0107
silicon_interposer_tsv_0p1,125.73243557475507,125.73243557475507,126.68784150388092,0.1910811858251691,correlated_linear_axes,v6p1i11_0107
bump_underfill_under_interposer,0.7061508745241427,0.7061508745241427,5.766898808613831,0.8650100165978074,correlated_log_uniform_axes,v6p1i11_0107
silicon_die_lower,106.29620682448149,106.29620682448149,106.29620682448149,0.12592413648962975,isotropic_linear,v6p1i11_0107
tim_between_dies,3.3857076042322842,3.3857076042322842,3.3857076042322842,0.5401925053447485,isotropic_log_uniform,v6p1i11_0107
silicon_die_upper,133.16382239572704,133.16382239572704,133.16382239572704,0.6632764479145408,isotropic_linear,v6p1i11_0107
tim_to_spreader,2.273186275816589,2.273186275816589,2.273186275816589,0.30987806525081396,isotropic_log_uniform,v6p1i11_0107
spreader,388.0447631375864,388.0447631375864,388.0447631375864,0.20298420917242765,isotropic_linear,v6p1i11_0107
pcb_fr4_equivalent,0.7098957881034548,0.7098957881034548,0.2662109205387955,0.23224961012601852,correlated_log_uniform_axes,v6p1i11_0108
bt_substrate_with_vias,0.20178086310113755,0.20178086310113755,0.4943631145977871,0.5198636837303638,correlated_log_uniform_axes,v6p1i11_0108
silicon_interposer_tsv_0p1,127.97091831453145,127.97091831453145,129.2994047002867,0.2656972771510482,correlated_linear_axes,v6p1i11_0108
bump_underfill_under_interposer,0.7097293244840382,0.7097293244840382,5.796122816619645,0.8763362374156713,correlated_log_uniform_axes,v6p1i11_0108
silicon_die_lower,100.59918193146586,100.59918193146586,100.59918193146586,0.011983638629317284,isotropic_linear,v6p1i11_0108
tim_between_dies,6.0297959615886025,6.0297959615886025,6.0297959615886025,0.8738585822284222,isotropic_log_uniform,v6p1i11_0108
silicon_die_upper,109.08767408691347,109.08767408691347,109.08767408691347,0.18175348173826933,isotropic_linear,v6p1i11_0108
tim_to_spreader,6.7389896533615055,6.7389896533615055,6.7389896533615055,0.938144464045763,isotropic_log_uniform,v6p1i11_0108
spreader,397.24447899032384,397.24447899032384,397.24447899032384,0.8162985993549228,isotropic_linear,v6p1i11_0108
pcb_fr4_equivalent,0.8562456490872343,0.8562456490872343,0.3210921184077128,0.6522463457658887,correlated_log_uniform_axes,v6p1i11_0109
bt_substrate_with_vias,0.1780969768356041,0.1780969768356041,0.4363375932472301,0.24010194279253483,correlated_log_uniform_axes,v6p1i11_0109
silicon_interposer_tsv_0p1,141.0188686195761,141.0188686195761,144.52201338950545,0.7006289539858699,correlated_linear_axes,v6p1i11_0109
bump_underfill_under_interposer,0.5146380485576535,0.5146380485576535,4.20287739655417,0.15612759348005056,correlated_log_uniform_axes,v6p1i11_0109
silicon_die_lower,135.79021920450032,135.79021920450032,135.79021920450032,0.7158043840900064,isotropic_linear,v6p1i11_0109
tim_between_dies,2.2000909361110637,2.2000909361110637,2.2000909361110637,0.2909826822578907,isotropic_log_uniform,v6p1i11_0109
silicon_die_upper,125.45372620224953,125.45372620224953,125.45372620224953,0.5090745240449905,isotropic_linear,v6p1i11_0109
tim_to_spreader,2.817559909348092,2.817559909348092,2.817559909348092,0.43399539683014154,isotropic_log_uniform,v6p1i11_0109
spreader,386.2025433080271,386.2025433080271,386.2025433080271,0.08016955386847258,isotropic_linear,v6p1i11_0109
pcb_fr4_equivalent,0.9064793166942784,0.9064793166942784,0.33992974376035434,0.7799912542104721,correlated_log_uniform_axes,v6p1i11_0110
bt_substrate_with_vias,0.2374407658804301,0.2374407658804301,0.5817298764070539,0.8845076812431216,correlated_log_uniform_axes,v6p1i11_0110
silicon_interposer_tsv_0p1,122.52623291686177,122.52623291686177,122.94727173633873,0.08420776389539242,correlated_linear_axes,v6p1i11_0110
bump_underfill_under_interposer,0.6599825829822115,0.6599825829822115,5.389857761021394,0.7135033467784524,correlated_log_uniform_axes,v6p1i11_0110
silicon_die_lower,148.80081210285425,148.80081210285425,148.80081210285425,0.976016242057085,isotropic_linear,v6p1i11_0110
tim_between_dies,1.7965268048853649,1.7965268048853649,1.7965268048853649,0.1738290572538972,isotropic_log_uniform,v6p1i11_0110
silicon_die_upper,116.18945430964231,116.18945430964231,116.18945430964231,0.3237890861928463,isotropic_linear,v6p1i11_0110
tim_to_spreader,2.0383086700878392,2.0383086700878392,2.0383086700878392,0.2468263255432248,isotropic_log_uniform,v6p1i11_0110
spreader,390.2411201642826,390.2411201642826,390.2411201642826,0.34940801095217466,isotropic_linear,v6p1i11_0110
pcb_fr4_equivalent,0.7488872367011242,0.7488872367011242,0.28083271376292157,0.3520609112456441,correlated_log_uniform_axes,v6p1i11_0111
bt_substrate_with_vias,0.1871973932392317,0.1871973932392317,0.45863361343611775,0.35176867712289095,correlated_log_uniform_axes,v6p1i11_0111
silicon_interposer_tsv_0p1,146.58254390582442,146.58254390582442,151.0129678901285,0.8860847968608141,correlated_linear_axes,v6p1i11_0111
bump_underfill_under_interposer,0.5845466678770996,0.5845466678770996,4.773797787662979,0.44153307378292084,correlated_log_uniform_axes,v6p1i11_0111
silicon_die_lower,115.22492035292089,115.22492035292089,115.22492035292089,0.3044984070584178,isotropic_linear,v6p1i11_0111
tim_between_dies,4.651079736615481,4.651079736615481,4.651079736615481,0.7237688759341836,isotropic_log_uniform,v6p1i11_0111
silicon_die_upper,149.65059566311538,149.65059566311538,149.65059566311538,0.9930119132623076,isotropic_linear,v6p1i11_0111
tim_to_spreader,3.9206899725015156,3.9206899725015156,3.9206899725015156,0.6250064522027969,isotropic_log_uniform,v6p1i11_0111
spreader,394.20282513368875,394.20282513368875,394.20282513368875,0.6135216755792499,isotropic_linear,v6p1i11_0111
pcb_fr4_equivalent,0.7368626327790925,0.7368626327790925,0.2763234872921596,0.3157906886190176,correlated_log_uniform_axes,v6p1i11_0112
bt_substrate_with_vias,0.24287911409844143,0.24287911409844143,0.5950538295411817,0.9352500420063734,correlated_log_uniform_axes,v6p1i11_0112
silicon_interposer_tsv_0p1,133.0111886188388,133.0111886188388,135.17972005531192,0.43370628729462624,correlated_linear_axes,v6p1i11_0112
bump_underfill_under_interposer,0.6829952891043823,0.6829952891043823,5.577794861019122,0.7903026016429067,correlated_log_uniform_axes,v6p1i11_0112
silicon_die_lower,126.67132089845836,126.67132089845836,126.67132089845836,0.5334264179691672,isotropic_linear,v6p1i11_0112
tim_between_dies,2.059500225459507,2.059500225459507,2.059500225459507,0.2528058709576726,isotropic_log_uniform,v6p1i11_0112
silicon_die_upper,130.630151508376,130.630151508376,130.630151508376,0.61260303016752,isotropic_linear,v6p1i11_0112
tim_to_spreader,1.8977883622208818,1.8977883622208818,1.8977883622208818,0.20553003251552582,isotropic_log_uniform,v6p1i11_0112
spreader,395.50019414164126,395.50019414164126,395.50019414164126,0.700012942776084,isotropic_linear,v6p1i11_0112
pcb_fr4_equivalent,0.915493098055063,0.915493098055063,0.34330991177064857,0.802162210457027,correlated_log_uniform_axes,v6p1i11_0113
bt_substrate_with_vias,0.18622162075995605,0.18622162075995605,0.4562429708618924,0.3400583565235138,correlated_log_uniform_axes,v6p1i11_0113
silicon_interposer_tsv_0p1,137.85631611943245,137.85631611943245,140.83236880600452,0.595210537314415,correlated_linear_axes,v6p1i11_0113
bump_underfill_under_interposer,0.4918095221794708,0.4918095221794708,4.016444431132345,0.05446132645010948,correlated_log_uniform_axes,v6p1i11_0113
silicon_die_lower,111.84161566197872,111.84161566197872,111.84161566197872,0.23683231323957443,isotropic_linear,v6p1i11_0113
tim_between_dies,5.627786539263609,5.627786539263609,5.627786539263609,0.8339695828035474,isotropic_log_uniform,v6p1i11_0113
silicon_die_upper,109.37985610216856,109.37985610216856,109.37985610216856,0.1875971220433712,isotropic_linear,v6p1i11_0113
tim_to_spreader,4.242580567551988,4.242580567551988,4.242580567551988,0.6706230090931058,isotropic_log_uniform,v6p1i11_0113
spreader,391.9893649313599,391.9893649313599,391.9893649313599,0.46595766209065914,isotropic_linear,v6p1i11_0113
pcb_fr4_equivalent,0.8638652789323185,0.8638652789323185,0.32394947959961934,0.6720979642122984,correlated_log_uniform_axes,v6p1i11_0114
bt_substrate_with_vias,0.20283971148705748,0.20283971148705748,0.4969572931432909,0.5315911034122109,correlated_log_uniform_axes,v6p1i11_0114
silicon_interposer_tsv_0p1,127.33039735816419,127.33039735816419,128.55213025119156,0.24434657860547304,correlated_linear_axes,v6p1i11_0114
bump_underfill_under_interposer,0.6307651591056714,0.6307651591056714,5.151248799362984,0.6120443884283304,correlated_log_uniform_axes,v6p1i11_0114
silicon_die_lower,122.31735424138606,122.31735424138606,122.31735424138606,0.4463470848277211,isotropic_linear,v6p1i11_0114
tim_between_dies,4.473130989647087,4.473130989647087,4.473130989647087,0.7012156918644905,isotropic_log_uniform,v6p1i11_0114
silicon_die_upper,143.88980641961098,143.88980641961098,143.88980641961098,0.8777961283922195,isotropic_linear,v6p1i11_0114
tim_to_spreader,7.27685872875841,7.27685872875841,7.27685872875841,0.9825384030118585,isotropic_log_uniform,v6p1i11_0114
spreader,388.4419680479914,388.4419680479914,388.4419680479914,0.22946453653275967,isotropic_linear,v6p1i11_0114
pcb_fr4_equivalent,0.6976985995319614,0.6976985995319614,0.2616369748244855,0.19341591279953718,correlated_log_uniform_axes,v6p1i11_0115
bt_substrate_with_vias,0.1741031147773208,0.1741031147773208,0.42655263120443593,0.18928156699985266,correlated_log_uniform_axes,v6p1i11_0115
silicon_interposer_tsv_0p1,143.6524924915284,143.6524924915284,147.5945745734498,0.7884164163842797,correlated_linear_axes,v6p1i11_0115
bump_underfill_under_interposer,0.562576220194441,0.562576220194441,4.594372464921268,0.35569148790091276,correlated_log_uniform_axes,v6p1i11_0115
silicon_die_lower,138.75457542017102,138.75457542017102,138.75457542017102,0.7750915084034204,isotropic_linear,v6p1i11_0115
tim_between_dies,1.722701992832879,1.722701992832879,1.722701992832879,0.14957012236118317,isotropic_log_uniform,v6p1i11_0115
silicon_die_upper,114.91923159919679,114.91923159919679,114.91923159919679,0.29838463198393583,isotropic_linear,v6p1i11_0115
tim_to_spreader,2.6266352095339696,2.6266352095339696,2.6266352095339696,0.39342962577939034,isotropic_log_uniform,v6p1i11_0115
spreader,399.92749818600714,399.92749818600714,399.92749818600714,0.9951665457338095,isotropic_linear,v6p1i11_0115
pcb_fr4_equivalent,0.6635226453233265,0.6635226453233265,0.24882099199624738,0.08087799698114395,correlated_log_uniform_axes,v6p1i11_0116
bt_substrate_with_vias,0.21824612707971425,0.21824612707971425,0.5347030113453,0.695627617649734,correlated_log_uniform_axes,v6p1i11_0116
silicon_interposer_tsv_0p1,142.17574291862547,142.17574291862547,145.87170007172972,0.7391914306208491,correlated_linear_axes,v6p1i11_0116
bump_underfill_under_interposer,0.5735687175489047,0.5735687175489047,4.684144526649389,0.3990517444908619,correlated_log_uniform_axes,v6p1i11_0116
silicon_die_lower,144.77665945887566,144.77665945887566,144.77665945887566,0.8955331891775131,isotropic_linear,v6p1i11_0116
tim_between_dies,2.906592078364952,2.906592078364952,2.906592078364952,0.4519809577614069,isotropic_log_uniform,v6p1i11_0116
silicon_die_upper,139.6804518532008,139.6804518532008,139.6804518532008,0.7936090370640159,isotropic_linear,v6p1i11_0116
tim_to_spreader,5.872212511088021,5.872212511088021,5.872212511088021,0.8585488041862845,isotropic_log_uniform,v6p1i11_0116
spreader,386.7461467627436,386.7461467627436,386.7461467627436,0.11640978418290615,isotropic_linear,v6p1i11_0116
pcb_fr4_equivalent,0.8129677695354749,0.8129677695354749,0.30486291357580303,0.5360300289466977,correlated_log_uniform_axes,v6p1i11_0117
bt_substrate_with_vias,0.16294489937622347,0.16294489937622347,0.3992150034717476,0.040866714902222157,correlated_log_uniform_axes,v6p1i11_0117
silicon_interposer_tsv_0p1,128.71739675290883,128.71739675290883,130.17029621172696,0.29057989176362753,correlated_linear_axes,v6p1i11_0117
bump_underfill_under_interposer,0.636119274515455,0.636119274515455,5.194974075209549,0.6309839086607099,correlated_log_uniform_axes,v6p1i11_0117
silicon_die_lower,115.90423914603889,115.90423914603889,115.90423914603889,0.3180847829207778,isotropic_linear,v6p1i11_0117
tim_between_dies,6.312618320696146,6.312618320696146,6.312618320696146,0.9003583956509829,isotropic_log_uniform,v6p1i11_0117
silicon_die_upper,120.30956167727709,120.30956167727709,120.30956167727709,0.40619123354554176,isotropic_linear,v6p1i11_0117
tim_to_spreader,2.119600188485756,2.119600188485756,2.119600188485756,0.269435191527009,isotropic_log_uniform,v6p1i11_0117
spreader,397.7551306132227,397.7551306132227,397.7551306132227,0.8503420408815145,isotropic_linear,v6p1i11_0117
pcb_fr4_equivalent,0.9597383274835899,0.9597383274835899,0.3599018728063461,0.9079189002513885,correlated_log_uniform_axes,v6p1i11_0118
bt_substrate_with_vias,0.23211916907813757,0.23211916907813757,0.5686919642414372,0.8337168656289577,correlated_log_uniform_axes,v6p1i11_0118
silicon_interposer_tsv_0p1,147.73760503157973,147.73760503157973,152.3605392035097,0.9245868343859911,correlated_linear_axes,v6p1i11_0118
bump_underfill_under_interposer,0.5226622984223841,0.5226622984223841,4.2684087704494695,0.190795230679214,correlated_log_uniform_axes,v6p1i11_0118
silicon_die_lower,106.16209069266915,106.16209069266915,106.16209069266915,0.12324181385338306,isotropic_linear,v6p1i11_0118
tim_between_dies,3.169029873065206,3.169029873065206,3.169029873065206,0.5019566854462028,isotropic_log_uniform,v6p1i11_0118
silicon_die_upper,135.8011368662119,135.8011368662119,135.8011368662119,0.7160227373242378,isotropic_linear,v6p1i11_0118
tim_to_spreader,1.5309771907547596,1.5309771907547596,1.5309771907547596,0.08135822229087353,isotropic_log_uniform,v6p1i11_0118
spreader,393.68817240931094,393.68817240931094,393.68817240931094,0.5792114939540625,isotropic_linear,v6p1i11_0118
pcb_fr4_equivalent,0.7860055930897635,0.7860055930897635,0.2947520974086612,0.46045635361224413,correlated_log_uniform_axes,v6p1i11_0119
bt_substrate_with_vias,0.1935009660909963,0.1935009660909963,0.47407736692294095,0.42597845382988453,correlated_log_uniform_axes,v6p1i11_0119
silicon_interposer_tsv_0p1,123.2709196396172,123.2709196396172,123.81607291288674,0.10903065465390682,correlated_linear_axes,v6p1i11_0119
bump_underfill_under_interposer,0.7389261343049307,0.7389261343049307,6.0345634301569335,0.9666688907891512,correlated_log_uniform_axes,v6p1i11_0119
silicon_die_lower,133.52312543429434,133.52312543429434,133.52312543429434,0.6704625086858869,isotropic_linear,v6p1i11_0119
tim_between_dies,1.5357113269379374,1.5357113269379374,1.5357113269379374,0.08314316626638174,isotropic_log_uniform,v6p1i11_0119
silicon_die_upper,105.38984551094472,105.38984551094472,105.38984551094472,0.10779691021889448,isotropic_linear,v6p1i11_0119
tim_to_spreader,3.4224979637534116,3.4224979637534116,3.4224979637534116,0.5464407606050372,isotropic_log_uniform,v6p1i11_0119
spreader,389.70082552172244,389.70082552172244,389.70082552172244,0.31338836811482906,isotropic_linear,v6p1i11_0119
pcb_fr4_equivalent,0.7770559441711218,0.7770559441711218,0.2913959790641706,0.43479672726243734,correlated_log_uniform_axes,v6p1i11_0120
bt_substrate_with_vias,0.20877245165244462,0.20877245165244462,0.5114925065484894,0.5961881801486015,correlated_log_uniform_axes,v6p1i11_0120
silicon_interposer_tsv_0p1,148.16750491037965,148.16750491037965,152.8620890621096,0.9389168303459883,correlated_linear_axes,v6p1i11_0120
bump_underfill_under_interposer,0.6702675406262757,0.6702675406262757,5.47385158178125,0.7481525707989931,correlated_log_uniform_axes,v6p1i11_0120
silicon_die_lower,108.94365375861526,108.94365375861526,108.94365375861526,0.1788730751723051,isotropic_linear,v6p1i11_0120
tim_between_dies,2.034766115221887,2.034766115221887,2.034766115221887,0.24582067411392927,isotropic_log_uniform,v6p1i11_0120
silicon_die_upper,142.98023851588368,142.98023851588368,142.98023851588368,0.8596047703176737,isotropic_linear,v6p1i11_0120
tim_to_spreader,4.871489053326143,4.871489053326143,4.871489053326143,0.7505362993106246,isotropic_log_uniform,v6p1i11_0120
spreader,385.8222667966038,385.8222667966038,385.8222667966038,0.05481778644025326,isotropic_linear,v6p1i11_0120
pcb_fr4_equivalent,0.9771924744923433,0.9771924744923433,0.36644717793462867,0.9483031425625086,correlated_log_uniform_axes,v6p1i11_0121
bt_substrate_with_vias,0.16947150146136292,0.16947150146136292,0.4152051785803392,0.12886539660394192,correlated_log_uniform_axes,v6p1i11_0121
silicon_interposer_tsv_0p1,120.8221679739654,120.8221679739654,120.95919596962631,0.027405599132180214,correlated_linear_axes,v6p1i11_0121
bump_underfill_under_interposer,0.5918454292130154,0.5918454292130154,4.833404338572958,0.46933777909725904,correlated_log_uniform_axes,v6p1i11_0121
silicon_die_lower,130.05755213089287,130.05755213089287,130.05755213089287,0.6011510426178575,isotropic_linear,v6p1i11_0121
tim_between_dies,4.227496233807114,4.227496233807114,4.227496233807114,0.6685638381168246,isotropic_log_uniform,v6p1i11_0121
silicon_die_upper,122.04198469407856,122.04198469407856,122.04198469407856,0.4408396938815713,isotropic_linear,v6p1i11_0121
tim_to_spreader,2.528377960464449,2.528377960464449,2.528377960464449,0.371388154104352,isotropic_log_uniform,v6p1i11_0121
spreader,396.8628363404423,396.8628363404423,396.8628363404423,0.7908557560294867,isotropic_linear,v6p1i11_0121
pcb_fr4_equivalent,0.8277977901730449,0.8277977901730449,0.3104241713148918,0.5765363415703177,correlated_log_uniform_axes,v6p1i11_0122
bt_substrate_with_vias,0.2499542033597622,0.2499542033597622,0.6123877982314175,0.9995894944295287,correlated_log_uniform_axes,v6p1i11_0122
silicon_interposer_tsv_0p1,138.96550160832703,138.96550160832703,142.1264185430482,0.6321833869442344,correlated_linear_axes,v6p1i11_0122
bump_underfill_under_interposer,0.7211184780785892,0.7211184780785892,5.889134237641811,0.9120078580453992,correlated_log_uniform_axes,v6p1i11_0122
silicon_die_lower,141.9981462880969,141.9981462880969,141.9981462880969,0.8399629257619381,isotropic_linear,v6p1i11_0122
tim_between_dies,5.344637692159092,5.344637692159092,5.344637692159092,0.8041252549737692,isotropic_log_uniform,v6p1i11_0122
silicon_die_upper,131.33219764567912,131.33219764567912,131.33219764567912,0.6266439529135823,isotropic_linear,v6p1i11_0122
tim_to_spreader,1.4740846351107164,1.4740846351107164,1.4740846351107164,0.05946513079106808,isotropic_log_uniform,v6p1i11_0122
spreader,392.9400732461363,392.9400732461363,392.9400732461363,0.5293382164090872,isotropic_linear,v6p1i11_0122
pcb_fr4_equivalent,0.6559318816396856,0.6559318816396856,0.24597445561488207,0.055096300318837166,correlated_log_uniform_axes,v6p1i11_0123
bt_substrate_with_vias,0.18124896415289285,0.18124896415289285,0.4440599621745875,0.27941153291612864,correlated_log_uniform_axes,v6p1i11_0123
silicon_interposer_tsv_0p1,130.14316127635539,130.14316127635539,131.83368815574795,0.33810537587851286,correlated_linear_axes,v6p1i11_0123
bump_underfill_under_interposer,0.5208475261979615,0.5208475261979615,4.253588130616684,0.1830015666782856,correlated_log_uniform_axes,v6p1i11_0123
silicon_die_lower,119.36676404438913,119.36676404438913,119.36676404438913,0.3873352808877826,isotropic_linear,v6p1i11_0123
tim_between_dies,2.411606493409288,2.411606493409288,2.411606493409288,0.34405150823295116,isotropic_log_uniform,v6p1i11_0123
silicon_die_upper,102.48903287574649,102.48903287574649,102.48903287574649,0.04978065751492977,isotropic_linear,v6p1i11_0123
tim_to_spreader,3.519779680099906,3.519779680099906,3.519779680099906,0.5626443354412913,isotropic_log_uniform,v6p1i11_0123
spreader,388.9843120519072,388.9843120519072,388.9843120519072,0.2656208034604788,isotropic_linear,v6p1i11_0123
pcb_fr4_equivalent,0.6900316594607475,0.6900316594607475,0.2587618722977803,0.16865668538957834,correlated_log_uniform_axes,v6p1i11_0124
bt_substrate_with_vias,0.2259208774426065,0.2259208774426065,0.553506149734386,0.7730696694925427,correlated_log_uniform_axes,v6p1i11_0124
silicon_interposer_tsv_0p1,124.0283706318587,124.0283706318587,124.69976573716849,0.13427902106195688,correlated_linear_axes,v6p1i11_0124
bump_underfill_under_interposer,0.4970306445245706,0.4970306445245706,4.05908359695066,0.07812365423887968,correlated_log_uniform_axes,v6p1i11_0124
silicon_die_lower,112.50432659871876,112.50432659871876,112.50432659871876,0.25008653197437525,isotropic_linear,v6p1i11_0124
tim_between_dies,1.4612197784543088,1.4612197784543088,1.4612197784543088,0.05439746752381325,isotropic_log_uniform,v6p1i11_0124
silicon_die_upper,127.33570793643594,127.33570793643594,127.33570793643594,0.5467141587287188,isotropic_linear,v6p1i11_0124
tim_to_spreader,1.8328946481206758,1.8328946481206758,1.8328946481206758,0.18541543930768967,isotropic_log_uniform,v6p1i11_0124
spreader,394.4302871171385,394.4302871171385,394.4302871171385,0.6286858078092337,isotropic_linear,v6p1i11_0124
pcb_fr4_equivalent,0.8799293490783943,0.8799293490783943,0.3299735059043978,0.713382575660944,correlated_log_uniform_axes,v6p1i11_0125
bt_substrate_with_vias,0.19913769880667595,0.19913769880667595,0.48788736207635613,0.4903182787820697,correlated_log_uniform_axes,v6p1i11_0125
silicon_interposer_tsv_0p1,144.986936962232,144.986936962232,149.15142645593733,0.8328978987410665,correlated_linear_axes,v6p1i11_0125
bump_underfill_under_interposer,0.6950737702288456,0.6950737702288456,5.676435790202238,0.8295822981745005,correlated_log_uniform_axes,v6p1i11_0125
silicon_die_lower,147.68830267712474,147.68830267712474,147.68830267712474,0.9537660535424948,isotropic_linear,v6p1i11_0125
tim_between_dies,3.717887417093888,3.717887417093888,3.717887417093888,0.594300951808691,isotropic_log_uniform,v6p1i11_0125
silicon_die_upper,107.64209521003067,107.64209521003067,107.64209521003067,0.1528419042006135,isotropic_linear,v6p1i11_0125
tim_to_spreader,4.376456778563776,4.376456778563776,4.376456778563776,0.6885841013863683,isotropic_log_uniform,v6p1i11_0125
spreader,390.89153432287276,390.89153432287276,390.89153432287276,0.39276895485818386,isotropic_linear,v6p1i11_0125
pcb_fr4_equivalent,0.9325680205332341,0.9325680205332341,0.3497130076999628,0.8435688922181726,correlated_log_uniform_axes,v6p1i11_0126
bt_substrate_with_vias,0.21244018046351648,0.21244018046351648,0.5204784421356154,0.6352113429456949,correlated_log_uniform_axes,v6p1i11_0126
silicon_interposer_tsv_0p1,133.58368523418903,133.58368523418903,135.84763277322054,0.4527895078063011,correlated_linear_axes,v6p1i11_0126
bump_underfill_under_interposer,0.5413558882882478,0.5413558882882478,4.421073087687356,0.2695367895066738,correlated_log_uniform_axes,v6p1i11_0126
silicon_die_lower,136.4812986459583,136.4812986459583,136.4812986459583,0.7296259729191661,isotropic_linear,v6p1i11_0126
tim_between_dies,7.4419811510641525,7.4419811510641525,7.4419811510641525,0.9955103108659387,isotropic_log_uniform,v6p1i11_0126
silicon_die_upper,148.3534085098654,148.3534085098654,148.3534085098654,0.9670681701973081,isotropic_linear,v6p1i11_0126
tim_to_spreader,6.059176509661631,6.059176509661631,6.059176509661631,0.876668700017035,isotropic_log_uniform,v6p1i11_0126
spreader,387.4306552205235,387.4306552205235,387.4306552205235,0.16204368136823177,isotropic_linear,v6p1i11_0126
pcb_fr4_equivalent,0.7287256221750342,0.7287256221750342,0.2732721083156378,0.29090939089655876,correlated_log_uniform_axes,v6p1i11_0127
bt_substrate_with_vias,0.16771078730709596,0.16771078730709596,0.4108914289023851,0.1054638959467411,correlated_log_uniform_axes,v6p1i11_0127
silicon_interposer_tsv_0p1,135.55061224848032,135.55061224848032,138.14238095656037,0.5183537416160107,correlated_linear_axes,v6p1i11_0127
bump_underfill_under_interposer,0.6027528527383893,0.6027528527383893,4.922481630696846,0.5102570625022054,correlated_log_uniform_axes,v6p1i11_0127
silicon_die_lower,102.91093681007624,102.91093681007624,102.91093681007624,0.058218736201524734,isotropic_linear,v6p1i11_0127
tim_between_dies,2.7417660377789,2.7417660377789,2.7417660377789,0.4182304674759507,isotropic_log_uniform,v6p1i11_0127
silicon_die_upper,117.82538807019591,117.82538807019591,117.82538807019591,0.35650776140391827,isotropic_linear,v6p1i11_0127
tim_to_spreader,3.1447804967583255,3.1447804967583255,3.1447804967583255,0.49751585349440575,isotropic_log_uniform,v6p1i11_0127
spreader,398.88826177455485,398.88826177455485,398.88826177455485,0.9258841183036566,isotropic_linear,v6p1i11_0127
