layer_id,background_kx_W_mK,background_ky_W_mK,background_kz_W_mK,sampling_latent,distribution,sample_id
pcb_fr4_equivalent,0.7198477061213993,0.7198477061213993,0.2699428897955247,0.26344362925738096,correlated_log_uniform_axes,v6p1i_0000
bt_substrate_with_vias,0.24041446285285842,0.24041446285285842,0.5890154339895032,0.9123959550634027,correlated_log_uniform_axes,v6p1i_0000
silicon_interposer_tsv_0p1,133.03319754078984,133.03319754078984,135.20539713092148,0.4344399180263281,correlated_linear_axes,v6p1i_0000
bump_underfill_under_interposer,0.5337731447156766,0.5337731447156766,4.3591473485113585,0.237929399125278,correlated_log_uniform_axes,v6p1i_0000
silicon_die_lower,111.68885142542422,111.68885142542422,111.68885142542422,0.23377702850848436,isotropic_linear,v6p1i_0000
tim_between_dies,4.163023100640726,4.163023100640726,4.163023100640726,0.6596789564937353,isotropic_log_uniform,v6p1i_0000
silicon_die_upper,140.20953699946404,140.20953699946404,140.20953699946404,0.8041907399892807,isotropic_linear,v6p1i_0000
tim_to_spreader,4.45398094162643,4.45398094162643,4.45398094162643,0.6987353432923555,isotropic_log_uniform,v6p1i_0000
spreader,392.27563719730824,392.27563719730824,392.27563719730824,0.4850424798205495,isotropic_linear,v6p1i_0000
pcb_fr4_equivalent,0.9994277585581199,0.9994277585581199,0.37478540945929495,0.9987174058333039,correlated_log_uniform_axes,v6p1i_0001
bt_substrate_with_vias,0.184707826451788,0.184707826451788,0.4525341748068806,0.3217692021280527,correlated_log_uniform_axes,v6p1i_0001
silicon_interposer_tsv_0p1,144.03955458663404,144.03955458663404,148.0461470177397,0.8013184862211347,correlated_linear_axes,v6p1i_0001
bump_underfill_under_interposer,0.7310364768707841,0.7310364768707841,5.970131227778069,0.9426157558336854,correlated_log_uniform_axes,v6p1i_0001
silicon_die_lower,146.84749832376838,146.84749832376838,146.84749832376838,0.9369499664753675,isotropic_linear,v6p1i_0001
tim_between_dies,1.6417553510097527,1.6417553510097527,1.6417553510097527,0.12174604367464781,isotropic_log_uniform,v6p1i_0001
silicon_die_upper,124.42052909173071,124.42052909173071,124.42052909173071,0.4884105818346143,isotropic_linear,v6p1i_0001
tim_to_spreader,1.657997991051698,1.657997991051698,1.657997991051698,0.12743761017918587,isotropic_log_uniform,v6p1i_0001
spreader,396.6098710754886,396.6098710754886,396.6098710754886,0.7739914050325751,isotropic_linear,v6p1i_0001
pcb_fr4_equivalent,0.8593269645616524,0.8593269645616524,0.32224761171061966,0.6602953691035509,correlated_log_uniform_axes,v6p1i_0002
bt_substrate_with_vias,0.2185321983448587,0.2185321983448587,0.535403885944904,0.6985627580434084,correlated_log_uniform_axes,v6p1i_0002
silicon_interposer_tsv_0p1,124.314304003492,124.314304003492,125.03335467074066,0.14381013344973326,correlated_linear_axes,v6p1i_0002
bump_underfill_under_interposer,0.5722141161481515,0.5722141161481515,4.6730819485432376,0.3937535844743252,correlated_log_uniform_axes,v6p1i_0002
silicon_die_lower,128.80566264502704,128.80566264502704,128.80566264502704,0.5761132529005408,isotropic_linear,v6p1i_0002
tim_between_dies,2.7534444453255054,2.7534444453255054,2.7534444453255054,0.4206877388060093,isotropic_log_uniform,v6p1i_0002
silicon_die_upper,125.50211320631206,125.50211320631206,125.50211320631206,0.5100422641262412,isotropic_linear,v6p1i_0002
tim_to_spreader,2.8843000963263097,2.8843000963263097,2.8843000963263097,0.4475299483165145,isotropic_log_uniform,v6p1i_0002
spreader,394.828422726132,394.828422726132,394.828422726132,0.6552281817421317,isotropic_linear,v6p1i_0002
pcb_fr4_equivalent,0.6648228570412638,0.6648228570412638,0.24930857139047388,0.08526450395584106,correlated_log_uniform_axes,v6p1i_0003
bt_substrate_with_vias,0.16255754508662215,0.16255754508662215,0.39826598546222425,0.03553373459726572,correlated_log_uniform_axes,v6p1i_0003
silicon_interposer_tsv_0p1,135.7932984083891,135.7932984083891,138.42551480978727,0.5264432802796364,correlated_linear_axes,v6p1i_0003
bump_underfill_under_interposer,0.6449237995882574,0.6449237995882574,5.266877696637434,0.6617849003523588,correlated_log_uniform_axes,v6p1i_0003
silicon_die_lower,113.9641409739852,113.9641409739852,113.9641409739852,0.2792828194797039,isotropic_linear,v6p1i_0003
tim_between_dies,5.899298529939246,5.899298529939246,5.899298529939246,0.8612093264237046,isotropic_log_uniform,v6p1i_0003
silicon_die_upper,109.8183904774487,109.8183904774487,109.8183904774487,0.19636780954897404,isotropic_linear,v6p1i_0003
tim_to_spreader,6.079906202010484,6.079906202010484,6.079906202010484,0.8786432156339288,isotropic_log_uniform,v6p1i_0003
spreader,386.7401834158227,386.7401834158227,386.7401834158227,0.11601222772151232,isotropic_linear,v6p1i_0003
pcb_fr4_equivalent,0.7031417233422933,0.7031417233422933,0.26367814625335995,0.21082906611263752,correlated_log_uniform_axes,v6p1i_0004
bt_substrate_with_vias,0.21108587992712238,0.21108587992712238,0.5171604058214498,0.6208811495453119,correlated_log_uniform_axes,v6p1i_0004
silicon_interposer_tsv_0p1,146.31221244111657,146.31221244111657,150.69758118130267,0.877073748037219,correlated_linear_axes,v6p1i_0004
bump_underfill_under_interposer,0.6164286213580394,0.6164286213580394,5.034167074423989,0.5605280324816704,correlated_log_uniform_axes,v6p1i_0004
silicon_die_lower,121.07877186499536,121.07877186499536,121.07877186499536,0.4215754372999072,isotropic_linear,v6p1i_0004
tim_between_dies,3.5322915579411727,3.5322915579411727,3.5322915579411727,0.5646957783028483,isotropic_log_uniform,v6p1i_0004
silicon_die_upper,132.20992679707706,132.20992679707706,132.20992679707706,0.6441985359415412,isotropic_linear,v6p1i_0004
tim_to_spreader,2.32720312241704,2.32720312241704,2.32720312241704,0.32345518842339516,isotropic_log_uniform,v6p1i_0004
spreader,392.8355097025633,392.8355097025633,392.8355097025633,0.522367313504219,isotropic_linear,v6p1i_0004
pcb_fr4_equivalent,0.8128396734080376,0.8128396734080376,0.30481487752801406,0.5356769412755966,correlated_log_uniform_axes,v6p1i_0005
bt_substrate_with_vias,0.17073453120063242,0.17073453120063242,0.4182996014415494,0.1455029407516122,correlated_log_uniform_axes,v6p1i_0005
silicon_interposer_tsv_0p1,127.80196434818208,127.80196434818208,129.10229173954576,0.2600654782727361,correlated_linear_axes,v6p1i_0005
bump_underfill_under_interposer,0.5393287948692694,0.5393287948692694,4.404518491432365,0.2611307594925165,correlated_log_uniform_axes,v6p1i_0005
silicon_die_lower,137.48732320964336,137.48732320964336,137.48732320964336,0.7497464641928673,isotropic_linear,v6p1i_0005
tim_between_dies,1.7341821866626468,1.7341821866626468,1.7341821866626468,0.1534100156277418,isotropic_log_uniform,v6p1i_0005
silicon_die_upper,103.9529618807137,103.9529618807137,103.9529618807137,0.07905923761427402,isotropic_linear,v6p1i_0005
tim_to_spreader,4.889941578257023,4.889941578257023,4.889941578257023,0.7527220267802477,isotropic_log_uniform,v6p1i_0005
spreader,388.7331054639071,388.7331054639071,388.7331054639071,0.24887369759380817,isotropic_linear,v6p1i_0005
pcb_fr4_equivalent,0.9449236514057779,0.9449236514057779,0.35434636927716673,0.8730612052604556,correlated_log_uniform_axes,v6p1i_0006
bt_substrate_with_vias,0.22584391003189727,0.22584391003189727,0.5533175795781483,0.7723061675205827,correlated_log_uniform_axes,v6p1i_0006
silicon_interposer_tsv_0p1,140.08309059776366,140.08309059776366,143.4302723640576,0.6694363532587886,correlated_linear_axes,v6p1i_0006
bump_underfill_under_interposer,0.6986981552193919,0.6986981552193919,5.706034934291701,0.8412358751520514,correlated_log_uniform_axes,v6p1i_0006
silicon_die_lower,138.1414231378585,138.1414231378585,138.1414231378585,0.7628284627571702,isotropic_linear,v6p1i_0006
tim_between_dies,2.3439376029291195,2.3439376029291195,2.3439376029291195,0.32759751472622156,isotropic_log_uniform,v6p1i_0006
silicon_die_upper,146.02613747119904,146.02613747119904,146.02613747119904,0.9205227494239807,isotropic_linear,v6p1i_0006
tim_to_spreader,3.5846097941963735,3.5846097941963735,3.5846097941963735,0.5731958607211709,isotropic_log_uniform,v6p1i_0006
spreader,390.51866608671844,390.51866608671844,390.51866608671844,0.367911072447896,isotropic_linear,v6p1i_0006
pcb_fr4_equivalent,0.761027087538602,0.761027087538602,0.2853851578269757,0.3880927199497819,correlated_log_uniform_axes,v6p1i_0007
bt_substrate_with_vias,0.19946735434265525,0.19946735434265525,0.48869501813950544,0.4940245170146227,correlated_log_uniform_axes,v6p1i_0007
silicon_interposer_tsv_0p1,121.10798701643944,121.10798701643944,121.29265151917934,0.03693290054798126,correlated_linear_axes,v6p1i_0007
bump_underfill_under_interposer,0.5031216636366581,0.5031216636366581,4.108826919699374,0.10541625041514635,correlated_log_uniform_axes,v6p1i_0007
silicon_die_lower,104.54980628564954,104.54980628564954,104.54980628564954,0.09099612571299076,isotropic_linear,v6p1i_0007
tim_between_dies,6.211065107890471,6.211065107890471,6.211065107890471,0.8909822516143322,isotropic_log_uniform,v6p1i_0007
silicon_die_upper,117.85919987596571,117.85919987596571,117.85919987596571,0.3571839975193143,isotropic_linear,v6p1i_0007
tim_to_spreader,1.3368770443286855,1.3368770443286855,1.3368770443286855,0.0029816245660185814,isotropic_log_uniform,v6p1i_0007
spreader,398.36683601140976,398.36683601140976,398.36683601140976,0.8911224007606506,isotropic_linear,v6p1i_0007
pcb_fr4_equivalent,0.7954253278353659,0.7954253278353659,0.2982844979382622,0.4871500823646784,correlated_log_uniform_axes,v6p1i_0008
bt_substrate_with_vias,0.2165607949480258,0.2165607949480258,0.5305739476226633,0.6782573349773884,correlated_log_uniform_axes,v6p1i_0008
silicon_interposer_tsv_0p1,141.7285367846489,141.7285367846489,145.34995958209038,0.7242845594882965,correlated_linear_axes,v6p1i_0008
bump_underfill_under_interposer,0.5554294582026267,0.5554294582026267,4.536007241988117,0.3270439775660634,correlated_log_uniform_axes,v6p1i_0008
silicon_die_lower,148.4955944120884,148.4955944120884,148.4955944120884,0.9699118882417679,isotropic_linear,v6p1i_0008
tim_between_dies,5.358840894372804,5.358840894372804,5.358840894372804,0.8056595707312226,isotropic_log_uniform,v6p1i_0008
silicon_die_upper,136.86708230525255,136.86708230525255,136.86708230525255,0.737341646105051,isotropic_linear,v6p1i_0008
tim_to_spreader,2.1739446328589316,2.1739446328589316,2.1739446328589316,0.28407095931470394,isotropic_log_uniform,v6p1i_0008
spreader,393.6153245344758,393.6153245344758,393.6153245344758,0.5743549689650536,isotropic_linear,v6p1i_0008
pcb_fr4_equivalent,0.8951044172279387,0.8951044172279387,0.3356641564604769,0.7516959384083748,correlated_log_uniform_axes,v6p1i_0009
bt_substrate_with_vias,0.16638246940959037,0.16638246940959037,0.4076370500534965,0.08764617051929235,correlated_log_uniform_axes,v6p1i_0009
silicon_interposer_tsv_0p1,123.22218337096274,123.22218337096274,123.75921393278986,0.10740611236542463,correlated_linear_axes,v6p1i_0009
bump_underfill_under_interposer,0.6323462758504382,0.6323462758504382,5.164161252778579,0.617654069326818,correlated_log_uniform_axes,v6p1i_0009
silicon_die_lower,108.65409686230123,108.65409686230123,108.65409686230123,0.1730819372460246,isotropic_linear,v6p1i_0009
tim_between_dies,3.0320189928842365,3.0320189928842365,3.0320189928842365,0.4764053411781788,isotropic_log_uniform,v6p1i_0009
silicon_die_upper,102.36006979830563,102.36006979830563,102.36006979830563,0.047201395966112614,isotropic_linear,v6p1i_0009
tim_to_spreader,5.832276915646118,5.832276915646118,5.832276915646118,0.8546036630868912,isotropic_log_uniform,v6p1i_0009
spreader,387.403974449262,387.403974449262,387.403974449262,0.16026496328413486,isotropic_linear,v6p1i_0009
pcb_fr4_equivalent,0.8324439752654684,0.8324439752654684,0.3121664907245506,0.5890776244923472,correlated_log_uniform_axes,v6p1i_0010
bt_substrate_with_vias,0.24606385918114806,0.24606385918114806,0.6028564549938128,0.9644403224810958,correlated_log_uniform_axes,v6p1i_0010
silicon_interposer_tsv_0p1,148.4241475816816,148.4241475816816,153.16150551196188,0.9474715860560536,correlated_linear_axes,v6p1i_0010
bump_underfill_under_interposer,0.4898164722632218,0.4898164722632218,4.0001678568163115,0.04536243714392185,correlated_log_uniform_axes,v6p1i_0010
silicon_die_lower,115.8025817014277,115.8025817014277,115.8025817014277,0.31605163402855396,isotropic_linear,v6p1i_0010
tim_between_dies,1.4563011586867702,1.4563011586867702,1.4563011586867702,0.0524481488391757,isotropic_log_uniform,v6p1i_0010
silicon_die_upper,147.5702194031328,147.5702194031328,147.5702194031328,0.9514043880626559,isotropic_linear,v6p1i_0010
tim_to_spreader,3.3515492096841903,3.3515492096841903,3.3515492096841903,0.5343301622197032,isotropic_log_uniform,v6p1i_0010
spreader,389.25499527715147,389.25499527715147,389.25499527715147,0.2836663518100977,isotropic_linear,v6p1i_0010
pcb_fr4_equivalent,0.6887270899618706,0.6887270899618706,0.25827265873570143,0.16441640350967646,correlated_log_uniform_axes,v6p1i_0011
bt_substrate_with_vias,0.18303589874849846,0.18303589874849846,0.4484379519338213,0.3013945184648037,correlated_log_uniform_axes,v6p1i_0011
silicon_interposer_tsv_0p1,129.44514954462647,129.44514954462647,131.01934113539755,0.3148383181542158,correlated_linear_axes,v6p1i_0011
bump_underfill_under_interposer,0.6781482528075318,0.6781482528075318,5.538210731261509,0.7743441835045815,correlated_log_uniform_axes,v6p1i_0011
silicon_die_lower,125.96130003221333,125.96130003221333,125.96130003221333,0.5192260006442666,isotropic_linear,v6p1i_0011
tim_between_dies,4.694282580415412,4.694282580415412,4.694282580415412,0.7291141804307699,isotropic_log_uniform,v6p1i_0011
silicon_die_upper,113.1532340310514,113.1532340310514,113.1532340310514,0.26306468062102795,isotropic_linear,v6p1i_0011
tim_to_spreader,1.5930741969680278,1.5930741969680278,1.5930741969680278,0.10434419382363558,isotropic_log_uniform,v6p1i_0011
spreader,399.21302657574415,399.21302657574415,399.21302657574415,0.9475351050496101,isotropic_linear,v6p1i_0011
pcb_fr4_equivalent,0.6515219836198092,0.6515219836198092,0.24432074385742839,0.039980906061828136,correlated_log_uniform_axes,v6p1i_0012
bt_substrate_with_vias,0.234285499107949,0.234285499107949,0.5739994728144752,0.8545320620760322,correlated_log_uniform_axes,v6p1i_0012
silicon_interposer_tsv_0p1,126.4279843121767,126.4279843121767,127.49931503087282,0.21426614373922348,correlated_linear_axes,v6p1i_0012
bump_underfill_under_interposer,0.7095336504121482,0.7095336504121482,5.794524811699209,0.8757183831185102,correlated_log_uniform_axes,v6p1i_0012
silicon_die_lower,132.90459169074893,132.90459169074893,132.90459169074893,0.6580918338149786,isotropic_linear,v6p1i_0012
tim_between_dies,7.024973748752563,7.024973748752563,7.024973748752563,0.9621722660958767,isotropic_log_uniform,v6p1i_0012
silicon_die_upper,141.7901401873678,141.7901401873678,141.7901401873678,0.8358028037473559,isotropic_linear,v6p1i_0012
tim_to_spreader,4.154764434165435,4.154764434165435,4.154764434165435,0.6585309207439423,isotropic_log_uniform,v6p1i_0012
spreader,391.24631255399436,391.24631255399436,391.24631255399436,0.4164208369329572,isotropic_linear,v6p1i_0012
pcb_fr4_equivalent,0.880352217521743,0.880352217521743,0.3301320815706536,0.7144591370597482,correlated_log_uniform_axes,v6p1i_0013
bt_substrate_with_vias,0.18949788826042313,0.18949788826042313,0.4642698262380367,0.3791372515261173,correlated_log_uniform_axes,v6p1i_0013
silicon_interposer_tsv_0p1,137.43822888471186,137.43822888471186,140.34460036549717,0.581274296157062,correlated_linear_axes,v6p1i_0013
bump_underfill_under_interposer,0.5196551486882557,0.5196551486882557,4.243850380954088,0.17786602303385735,correlated_log_uniform_axes,v6p1i_0013
silicon_die_lower,124.31299858726561,124.31299858726561,124.31299858726561,0.4862599717453122,isotropic_linear,v6p1i_0013
tim_between_dies,2.071878384245,2.071878384245,2.071878384245,0.25627017114311457,isotropic_log_uniform,v6p1i_0013
silicon_die_upper,119.7510845027864,119.7510845027864,119.7510845027864,0.39502169005572796,isotropic_linear,v6p1i_0013
tim_to_spreader,1.9803424147344457,1.9803424147344457,1.9803424147344457,0.2301470097154379,isotropic_log_uniform,v6p1i_0013
spreader,397.2217150265351,397.2217150265351,397.2217150265351,0.8147810017690063,isotropic_linear,v6p1i_0013
pcb_fr4_equivalent,0.9461805805261967,0.9461805805261967,0.35481771769732373,0.8760397974401712,correlated_log_uniform_axes,v6p1i_0014
bt_substrate_with_vias,0.20053096726086156,0.20053096726086156,0.49130086978911086,0.5059408359229565,correlated_log_uniform_axes,v6p1i_0014
silicon_interposer_tsv_0p1,134.67678411863744,134.67678411863744,137.12291480507702,0.48922613728791475,correlated_linear_axes,v6p1i_0014
bump_underfill_under_interposer,0.6615789623742696,0.6615789623742696,5.402894859389868,0.7189166778698564,correlated_log_uniform_axes,v6p1i_0014
silicon_die_lower,100.16809422522783,100.16809422522783,100.16809422522783,0.003361884504556656,isotropic_linear,v6p1i_0014
tim_between_dies,1.9028425463173455,1.9028425463173455,1.9028425463173455,0.20706765167415142,isotropic_log_uniform,v6p1i_0014
silicon_die_upper,130.22040370851755,130.22040370851755,130.22040370851755,0.604408074170351,isotropic_linear,v6p1i_0014
tim_to_spreader,2.7017765097027353,2.7017765097027353,2.7017765097027353,0.4097362058237195,isotropic_log_uniform,v6p1i_0014
spreader,395.37389094475657,395.37389094475657,395.37389094475657,0.6915927296504378,isotropic_linear,v6p1i_0014
pcb_fr4_equivalent,0.7521490488976531,0.7521490488976531,0.2820558933366199,0.3617992326617241,correlated_log_uniform_axes,v6p1i_0015
bt_substrate_with_vias,0.1771119933757757,0.1771119933757757,0.43392438377065046,0.22767507191747427,correlated_log_uniform_axes,v6p1i_0015
silicon_interposer_tsv_0p1,146.151891220361,146.151891220361,150.51053975708783,0.8717297073453665,correlated_linear_axes,v6p1i_0015
bump_underfill_under_interposer,0.589299009213196,0.589299009213196,4.8126085752411,0.45967630576342344,correlated_log_uniform_axes,v6p1i_0015
silicon_die_lower,141.57671737484634,141.57671737484634,141.57671737484634,0.8315343474969268,isotropic_linear,v6p1i_0015
tim_between_dies,3.218268858446055,3.218268858446055,3.218268858446055,0.5108702955767512,isotropic_log_uniform,v6p1i_0015
silicon_die_upper,108.28663338907063,108.28663338907063,108.28663338907063,0.1657326677814126,isotropic_linear,v6p1i_0015
tim_to_spreader,7.231725434234741,7.231725434234741,7.231725434234741,0.9789415178820491,isotropic_log_uniform,v6p1i_0015
spreader,385.6453985674307,385.6453985674307,385.6453985674307,0.043026571162045,isotropic_linear,v6p1i_0015
pcb_fr4_equivalent,0.7372958012479466,0.7372958012479466,0.27648592546797995,0.31710751447826624,correlated_log_uniform_axes,v6p1i_0016
bt_substrate_with_vias,0.20538741642144331,0.20538741642144331,0.5031991702325362,0.5595595641061664,correlated_log_uniform_axes,v6p1i_0016
silicon_interposer_tsv_0p1,122.6360868383199,122.6360868383199,123.07543464470655,0.08786956127732992,correlated_linear_axes,v6p1i_0016
bump_underfill_under_interposer,0.7055352876464968,0.7055352876464968,5.761871515779723,0.863055826164782,correlated_log_uniform_axes,v6p1i_0016
silicon_die_lower,114.61715926416218,114.61715926416218,114.61715926416218,0.29234318528324366,isotropic_linear,v6p1i_0016
tim_between_dies,2.2731757001399093,2.2731757001399093,2.2731757001399093,0.30987537559121847,isotropic_log_uniform,v6p1i_0016
silicon_die_upper,123.07505528442562,123.07505528442562,123.07505528442562,0.4615011056885123,isotropic_linear,v6p1i_0016
tim_to_spreader,2.6590712791018993,2.6590712791018993,2.6590712791018993,0.40052513871341944,isotropic_log_uniform,v6p1i_0016
spreader,387.11861378513277,387.11861378513277,387.11861378513277,0.14124091900885105,isotropic_linear,v6p1i_0016
pcb_fr4_equivalent,0.9690486423939414,0.9690486423939414,0.36339324089772795,0.9295510230585933,correlated_log_uniform_axes,v6p1i_0017
bt_substrate_with_vias,0.17547215428615884,0.17547215428615884,0.42990677800108923,0.20683221518993378,correlated_log_uniform_axes,v6p1i_0017
silicon_interposer_tsv_0p1,141.14267271012068,141.14267271012068,144.6664514951408,0.7047557570040226,correlated_linear_axes,v6p1i_0017
bump_underfill_under_interposer,0.4947298213907838,0.4947298213907838,4.040293541358068,0.06772701721638441,correlated_log_uniform_axes,v6p1i_0017
silicon_die_lower,131.0212985612452,131.0212985612452,131.0212985612452,0.6204259712249041,isotropic_linear,v6p1i_0017
tim_between_dies,7.134292686213902,7.134292686213902,7.134292686213902,0.9710994902998209,isotropic_log_uniform,v6p1i_0017
silicon_die_upper,138.85795967653394,138.85795967653394,138.85795967653394,0.7771591935306787,isotropic_linear,v6p1i_0017
tim_to_spreader,6.961173984969755,6.961173984969755,6.961173984969755,0.9568978166207671,isotropic_log_uniform,v6p1i_0017
spreader,394.26689613610506,394.26689613610506,394.26689613610506,0.6177930757403374,isotropic_linear,v6p1i_0017
pcb_fr4_equivalent,0.8871834661461933,0.8871834661461933,0.33269379980482244,0.7317792102694511,correlated_log_uniform_axes,v6p1i_0018
bt_substrate_with_vias,0.23173070727262102,0.23173070727262102,0.5677402328179215,0.8299637958407402,correlated_log_uniform_axes,v6p1i_0018
silicon_interposer_tsv_0p1,130.96863163635135,130.96863163635135,132.79673690907657,0.3656210545450449,correlated_linear_axes,v6p1i_0018
bump_underfill_under_interposer,0.6050745853495914,0.6050745853495914,4.941442447021663,0.5188714321702719,correlated_log_uniform_axes,v6p1i_0018
silicon_die_lower,144.22905161045492,144.22905161045492,144.22905161045492,0.8845810322090983,isotropic_linear,v6p1i_0018
tim_between_dies,3.4252021563843185,3.4252021563843185,3.4252021563843185,0.5468973712995648,isotropic_log_uniform,v6p1i_0018
silicon_die_upper,111.21349111199379,111.21349111199379,111.21349111199379,0.2242698222398758,isotropic_linear,v6p1i_0018
tim_to_spreader,4.109867096986652,4.109867096986652,4.109867096986652,0.6522495485842228,isotropic_log_uniform,v6p1i_0018
spreader,399.9851044639945,399.9851044639945,399.9851044639945,0.9990069642663002,isotropic_linear,v6p1i_0018
pcb_fr4_equivalent,0.6484895286226126,0.6484895286226126,0.24318357323347967,0.029527360573410988,correlated_log_uniform_axes,v6p1i_0019
bt_substrate_with_vias,0.19439950609755263,0.19439950609755263,0.47627878993900397,0.4363593189045787,correlated_log_uniform_axes,v6p1i_0019
silicon_interposer_tsv_0p1,149.94739721529186,149.94739721529186,154.93863008450717,0.9982465738430619,correlated_linear_axes,v6p1i_0019
bump_underfill_under_interposer,0.5455715431052861,0.5455715431052861,4.4555009353598365,0.2869180925190449,correlated_log_uniform_axes,v6p1i_0019
silicon_die_lower,110.63297763466835,110.63297763466835,110.63297763466835,0.212659552693367,isotropic_linear,v6p1i_0019
tim_between_dies,1.9921127908091205,1.9921127908091205,1.9921127908091205,0.23357299715280533,isotropic_log_uniform,v6p1i_0019
silicon_die_upper,126.90331735648215,126.90331735648215,126.90331735648215,0.538066347129643,isotropic_linear,v6p1i_0019
tim_to_spreader,1.8966187238527723,1.8966187238527723,1.8966187238527723,0.20517361350357533,isotropic_log_uniform,v6p1i_0019
spreader,389.0835033264011,389.0835033264011,389.0835033264011,0.27223355509340763,isotropic_linear,v6p1i_0019
pcb_fr4_equivalent,0.6857922614674842,0.6857922614674842,0.25717209805030655,0.15484780818223953,correlated_log_uniform_axes,v6p1i_0020
bt_substrate_with_vias,0.24669808819512898,0.24669808819512898,0.6044103160780661,0.9702083170413971,correlated_log_uniform_axes,v6p1i_0020
silicon_interposer_tsv_0p1,138.0240109283477,138.0240109283477,141.028012749739,0.6008003642782569,correlated_linear_axes,v6p1i_0020
bump_underfill_under_interposer,0.5828879964477893,0.5828879964477893,4.760251970990279,0.4351659435778856,correlated_log_uniform_axes,v6p1i_0020
silicon_die_lower,105.25174546055496,105.25174546055496,105.25174546055496,0.10503490921109915,isotropic_linear,v6p1i_0020
tim_between_dies,2.9767455516441,2.9767455516441,2.9767455516441,0.4657688904553652,isotropic_log_uniform,v6p1i_0020
silicon_die_upper,106.06818050146103,106.06818050146103,106.06818050146103,0.12136361002922058,isotropic_linear,v6p1i_0020
tim_to_spreader,3.3033871081661665,3.3033871081661665,3.3033871081661665,0.5259621506556869,isotropic_log_uniform,v6p1i_0020
spreader,397.9918465251103,397.9918465251103,397.9918465251103,0.8661231016740203,isotropic_linear,v6p1i_0020
pcb_fr4_equivalent,0.8392805763571702,0.8392805763571702,0.3147302161339388,0.6074047181755304,correlated_log_uniform_axes,v6p1i_0021
bt_substrate_with_vias,0.18000254151958012,0.18000254151958012,0.44100622672297135,0.2639492703601718,correlated_log_uniform_axes,v6p1i_0021
silicon_interposer_tsv_0p1,127.0139916613698,127.0139916613698,128.1829902715981,0.23379972204566002,correlated_linear_axes,v6p1i_0021
bump_underfill_under_interposer,0.637474763943956,0.637474763943956,5.206043905542306,0.6357534974813461,correlated_log_uniform_axes,v6p1i_0021
silicon_die_lower,140.40578920394182,140.40578920394182,140.40578920394182,0.8081157840788364,isotropic_linear,v6p1i_0021
tim_between_dies,4.898759407624411,4.898759407624411,4.898759407624411,0.7537636002525687,isotropic_log_uniform,v6p1i_0021
silicon_die_upper,134.3312489334494,134.3312489334494,134.3312489334494,0.6866249786689878,isotropic_linear,v6p1i_0021
tim_to_spreader,1.5312601580922947,1.5312601580922947,1.5312601580922947,0.08146506641060114,isotropic_log_uniform,v6p1i_0021
spreader,391.07676699291915,391.07676699291915,391.07676699291915,0.40511779952794313,isotropic_linear,v6p1i_0021
pcb_fr4_equivalent,0.9163011611171076,0.9163011611171076,0.34361293541891536,0.8041391083970666,correlated_log_uniform_axes,v6p1i_0022
bt_substrate_with_vias,0.2126183934035974,0.2126183934035974,0.5209150638388137,0.6370902536436915,correlated_log_uniform_axes,v6p1i_0022
silicon_interposer_tsv_0p1,144.62849473580718,144.62849473580718,148.7332438584417,0.820949824526906,correlated_linear_axes,v6p1i_0022
bump_underfill_under_interposer,0.528542891108423,0.528542891108423,4.316433610718787,0.21586519945412874,correlated_log_uniform_axes,v6p1i_0022
silicon_die_lower,134.8201470915228,134.8201470915228,134.8201470915228,0.6964029418304563,isotropic_linear,v6p1i_0022
tim_between_dies,4.500995494052816,4.500995494052816,4.500995494052816,0.704805850982666,isotropic_log_uniform,v6p1i_0022
silicon_die_upper,115.69595183245838,115.69595183245838,115.69595183245838,0.31391903664916754,isotropic_linear,v6p1i_0022
tim_to_spreader,2.146327281354791,2.146327281354791,2.146327281354791,0.276679502800107,isotropic_log_uniform,v6p1i_0022
spreader,385.3617554111406,385.3617554111406,385.3617554111406,0.024117027409374714,isotropic_linear,v6p1i_0022
pcb_fr4_equivalent,0.7793883588024478,0.7793883588024478,0.29227063455091784,0.4415123788639903,correlated_log_uniform_axes,v6p1i_0023
bt_substrate_with_vias,0.16707952222621034,0.16707952222621034,0.4093448294542153,0.0970139279961586,correlated_log_uniform_axes,v6p1i_0023
silicon_interposer_tsv_0p1,133.15316232852638,133.15316232852638,135.34535604994744,0.4384387442842126,correlated_linear_axes,v6p1i_0023
bump_underfill_under_interposer,0.7433556927383874,0.7433556927383874,6.070738157363497,0.9800609266385436,correlated_log_uniform_axes,v6p1i_0023
silicon_die_lower,119.97397793456912,119.97397793456912,119.97397793456912,0.3994795586913824,isotropic_linear,v6p1i_0023
tim_between_dies,1.3631287695979337,1.3631287695979337,1.3631287695979337,0.014224049635231495,isotropic_log_uniform,v6p1i_0023
silicon_die_upper,143.8567859120667,143.8567859120667,143.8567859120667,0.877135718241334,isotropic_linear,v6p1i_0023
tim_to_spreader,5.596513011759062,5.596513011759062,5.596513011759062,0.8307479806244373,isotropic_log_uniform,v6p1i_0023
spreader,396.0237450385466,396.0237450385466,396.0237450385466,0.7349163359031081,isotropic_linear,v6p1i_0023
pcb_fr4_equivalent,0.7765179408742173,0.7765179408742173,0.29119422782783144,0.43324480950832367,correlated_log_uniform_axes,v6p1i_0024
bt_substrate_with_vias,0.22796063660545116,0.22796063660545116,0.5585035596833554,0.7932094614952803,correlated_log_uniform_axes,v6p1i_0024
silicon_interposer_tsv_0p1,142.51618671230972,142.51618671230972,146.26888449769467,0.7505395570769906,correlated_linear_axes,v6p1i_0024
bump_underfill_under_interposer,0.6565076212985207,0.6565076212985207,5.361478907271251,0.7016743188723922,correlated_log_uniform_axes,v6p1i_0024
silicon_die_lower,126.80962737649679,126.80962737649679,126.80962737649679,0.5361925475299358,isotropic_linear,v6p1i_0024
tim_between_dies,1.761076366060494,1.761076366060494,1.761076366060494,0.16230695694684982,isotropic_log_uniform,v6p1i_0024
silicon_die_upper,101.41139752231538,101.41139752231538,101.41139752231538,0.02822795044630766,isotropic_linear,v6p1i_0024
tim_to_spreader,3.8371472087805496,3.8371472087805496,3.8371472087805496,0.6125544803217053,isotropic_log_uniform,v6p1i_0024
spreader,396.8970619002357,396.8970619002357,396.8970619002357,0.7931374600157142,isotropic_linear,v6p1i_0024
pcb_fr4_equivalent,0.9232648931466733,0.9232648931466733,0.3462243349300025,0.8211037386208773,correlated_log_uniform_axes,v6p1i_0025
bt_substrate_with_vias,0.19475624378576548,0.19475624378576548,0.4771527972751255,0.4404674218967557,correlated_log_uniform_axes,v6p1i_0025
silicon_interposer_tsv_0p1,131.50960436090827,131.50960436090827,133.42787175439298,0.38365347869694233,correlated_linear_axes,v6p1i_0025
bump_underfill_under_interposer,0.5979415950439873,0.5979415950439873,4.883189692859228,0.4922996358945966,correlated_log_uniform_axes,v6p1i_0025
silicon_die_lower,118.21352983824909,118.21352983824909,118.21352983824909,0.36427059676498175,isotropic_linear,v6p1i_0025
tim_between_dies,3.8752719225636767,3.8752719225636767,3.8752719225636767,0.6182702230289578,isotropic_log_uniform,v6p1i_0025
silicon_die_upper,135.9245135448873,135.9245135448873,135.9245135448873,0.7184902708977461,isotropic_linear,v6p1i_0025
tim_to_spreader,1.468752588933778,1.468752588933778,1.468752588933778,0.057370143942534924,isotropic_log_uniform,v6p1i_0025
spreader,391.62223543506116,391.62223543506116,391.62223543506116,0.44148236233741045,isotropic_linear,v6p1i_0025
pcb_fr4_equivalent,0.806395087161774,0.806395087161774,0.30239815768566525,0.5178407067433,correlated_log_uniform_axes,v6p1i_0026
bt_substrate_with_vias,0.20575804522354446,0.20575804522354446,0.504107210797684,0.5635993601754308,correlated_log_uniform_axes,v6p1i_0026
silicon_interposer_tsv_0p1,136.37905184179544,136.37905184179544,139.10889381542802,0.5459683947265148,correlated_linear_axes,v6p1i_0026
bump_underfill_under_interposer,0.7236949711627851,0.7236949711627851,5.9101755978294115,0.9199994504451752,correlated_log_uniform_axes,v6p1i_0026
silicon_die_lower,106.62159314379096,106.62159314379096,106.62159314379096,0.1324318628758192,isotropic_linear,v6p1i_0026
tim_between_dies,6.502111448132265,6.502111448132265,6.502111448132265,0.9174573216587305,isotropic_log_uniform,v6p1i_0026
silicon_die_upper,114.15148545056581,114.15148545056581,114.15148545056581,0.2830297090113163,isotropic_linear,v6p1i_0026
tim_to_spreader,2.486951157134022,2.486951157134022,2.486951157134022,0.361837238073349,isotropic_log_uniform,v6p1i_0026
spreader,385.9735995857045,385.9735995857045,385.9735995857045,0.06490663904696703,isotropic_linear,v6p1i_0026
pcb_fr4_equivalent,0.7059960948432629,0.7059960948432629,0.2647485355662235,0.21990671288222075,correlated_log_uniform_axes,v6p1i_0027
bt_substrate_with_vias,0.17261204747577807,0.17261204747577807,0.42289951631565637,0.17000885866582394,correlated_log_uniform_axes,v6p1i_0027
silicon_interposer_tsv_0p1,124.9002827424556,124.9002827424556,125.71699653286487,0.1633427580818534,correlated_linear_axes,v6p1i_0027
bump_underfill_under_interposer,0.5129958057092184,0.5129958057092184,4.189465746625284,0.14896591193974018,correlated_log_uniform_axes,v6p1i_0027
silicon_die_lower,148.025660822168,148.025660822168,148.025660822168,0.9605132164433599,isotropic_linear,v6p1i_0027
tim_between_dies,2.4945190843330107,2.4945190843330107,2.4945190843330107,0.36359383817762136,isotropic_log_uniform,v6p1i_0027
silicon_die_upper,148.5623673070222,148.5623673070222,148.5623673070222,0.9712473461404443,isotropic_linear,v6p1i_0027
tim_to_spreader,5.3813898881738895,5.3813898881738895,5.3813898881738895,0.8080871161073446,isotropic_log_uniform,v6p1i_0027
spreader,394.99442061875015,394.99442061875015,394.99442061875015,0.666294707916677,isotropic_linear,v6p1i_0027
pcb_fr4_equivalent,0.6677853947005942,0.6677853947005942,0.2504195230127228,0.09522722009569407,correlated_log_uniform_axes,v6p1i_0028
bt_substrate_with_vias,0.22222105450480098,0.22222105450480098,0.5444415835367624,0.7360705928876996,correlated_log_uniform_axes,v6p1i_0028
silicon_interposer_tsv_0p1,129.32547505013645,129.32547505013645,130.87972089182585,0.31084916833788157,correlated_linear_axes,v6p1i_0028
bump_underfill_under_interposer,0.4801793853090212,0.4801793853090212,3.9214649800236727,0.0008372403681278229,correlated_log_uniform_axes,v6p1i_0028
silicon_die_lower,142.47397081926465,142.47397081926465,142.47397081926465,0.849479416385293,isotropic_linear,v6p1i_0028
tim_between_dies,1.5008815925947983,1.5008815925947983,1.5008815925947983,0.0698803486302495,isotropic_log_uniform,v6p1i_0028
silicon_die_upper,121.49406168609858,121.49406168609858,121.49406168609858,0.4298812337219715,isotropic_linear,v6p1i_0028
tim_to_spreader,3.094781878289118,3.094781878289118,3.094781878289118,0.48825040739029646,isotropic_log_uniform,v6p1i_0028
spreader,387.96480412594974,387.96480412594974,387.96480412594974,0.19765360839664936,isotropic_linear,v6p1i_0028
pcb_fr4_equivalent,0.8528970730267139,0.8528970730267139,0.3198364023850177,0.643466274254024,correlated_log_uniform_axes,v6p1i_0029
bt_substrate_with_vias,0.16214393491061074,0.16214393491061074,0.39725264053099635,0.029825223609805107,correlated_log_uniform_axes,v6p1i_0029
silicon_interposer_tsv_0p1,147.8354906849563,147.8354906849563,152.47473913244903,0.9278496894985437,correlated_linear_axes,v6p1i_0029
bump_underfill_under_interposer,0.6868766296699558,0.6868766296699558,5.609492475637972,0.8030001129955053,correlated_log_uniform_axes,v6p1i_0029
silicon_die_lower,102.62777772732079,102.62777772732079,102.62777772732079,0.052555554546415806,isotropic_linear,v6p1i_0029
tim_between_dies,4.0873489657101025,4.0873489657101025,4.0873489657101025,0.6490732580423355,isotropic_log_uniform,v6p1i_0029
silicon_die_upper,143.52701385505497,143.52701385505497,143.52701385505497,0.8705402771010995,isotropic_linear,v6p1i_0029
tim_to_spreader,6.664027225577684,6.664027225577684,6.664027225577684,0.9316775249317288,isotropic_log_uniform,v6p1i_0029
spreader,393.00322510302067,393.00322510302067,393.00322510302067,0.5335483402013779,isotropic_linear,v6p1i_0029
pcb_fr4_equivalent,0.9760542938857285,0.9760542938857285,0.3660203602071482,0.9456917643547058,correlated_log_uniform_axes,v6p1i_0030
bt_substrate_with_vias,0.23940489826115394,0.23940489826115394,0.5865420007398271,0.9029668029397726,correlated_log_uniform_axes,v6p1i_0030
silicon_interposer_tsv_0p1,120.5218618735671,120.5218618735671,120.60883885249496,0.017395395785570145,correlated_linear_axes,v6p1i_0030
bump_underfill_under_interposer,0.5596590208957306,0.5596590208957306,4.570548670648466,0.3440422145649791,correlated_log_uniform_axes,v6p1i_0030
silicon_die_lower,122.23175875842571,122.23175875842571,122.23175875842571,0.44463517516851425,isotropic_linear,v6p1i_0030
tim_between_dies,5.522157784431272,5.522157784431272,5.522157784431272,0.8230155101045966,isotropic_log_uniform,v6p1i_0030
silicon_die_upper,106.49557909928262,106.49557909928262,106.49557909928262,0.12991158198565245,isotropic_linear,v6p1i_0030
tim_to_spreader,4.754853616301141,4.754853616301141,4.754853616301141,0.7365261223167181,isotropic_log_uniform,v6p1i_0030
spreader,398.655973225832,398.655973225832,398.655973225832,0.9103982150554657,isotropic_linear,v6p1i_0030
pcb_fr4_equivalent,0.7341902794596871,0.7341902794596871,0.27532135479738257,0.30764961428940296,correlated_log_uniform_axes,v6p1i_0031
bt_substrate_with_vias,0.18812761182306623,0.18812761182306623,0.4609126489665123,0.36287560779601336,correlated_log_uniform_axes,v6p1i_0031
silicon_interposer_tsv_0p1,139.49719791300595,139.49719791300595,142.74673089850694,0.6499065971001983,correlated_linear_axes,v6p1i_0031
bump_underfill_under_interposer,0.6231384959772771,0.6231384959772771,5.088964383814429,0.584786550141871,correlated_log_uniform_axes,v6p1i_0031
silicon_die_lower,132.38573125563562,132.38573125563562,132.38573125563562,0.6477146251127124,isotropic_linear,v6p1i_0031
tim_between_dies,2.640211840565885,2.640211840565885,2.640211840565885,0.3964101690798998,isotropic_log_uniform,v6p1i_0031
silicon_die_upper,128.43545293435454,128.43545293435454,128.43545293435454,0.5687090586870909,isotropic_linear,v6p1i_0031
tim_to_spreader,1.826521073697008,1.826521073697008,1.826521073697008,0.18340159952640533,isotropic_log_uniform,v6p1i_0031
spreader,389.8633179347962,389.8633179347962,389.8633179347962,0.32422119565308094,isotropic_linear,v6p1i_0031
pcb_fr4_equivalent,0.7256535393648422,0.7256535393648422,0.2721200772618158,0.2814432801678777,correlated_log_uniform_axes,v6p1i_0032
bt_substrate_with_vias,0.22043243902338444,0.22043243902338444,0.540059475607292,0.7179625667631626,correlated_log_uniform_axes,v6p1i_0032
silicon_interposer_tsv_0p1,148.6431194934994,148.6431194934994,153.41697274241596,0.9547706497833133,correlated_linear_axes,v6p1i_0032
bump_underfill_under_interposer,0.7459208609126005,0.7459208609126005,6.091687030786236,0.9877798473462462,correlated_log_uniform_axes,v6p1i_0032
silicon_die_lower,103.54882925748825,103.54882925748825,103.54882925748825,0.07097658514976501,isotropic_linear,v6p1i_0032
tim_between_dies,2.4435754597822377,2.4435754597822377,2.4435754597822377,0.35166497621685266,isotropic_log_uniform,v6p1i_0032
silicon_die_upper,112.23488990217447,112.23488990217447,112.23488990217447,0.24469779804348946,isotropic_linear,v6p1i_0032
tim_to_spreader,1.4194175807246436,1.4194175807246436,1.4194175807246436,0.037617381662130356,isotropic_log_uniform,v6p1i_0032
spreader,394.0656483732164,394.0656483732164,394.0656483732164,0.604376558214426,isotropic_linear,v6p1i_0032
pcb_fr4_equivalent,0.9807278917099178,0.9807278917099178,0.3677729593912191,0.9563952526077628,correlated_log_uniform_axes,v6p1i_0033
bt_substrate_with_vias,0.16338447159408034,0.16338447159408034,0.40029195540549684,0.04690328147262335,correlated_log_uniform_axes,v6p1i_0033
silicon_interposer_tsv_0p1,130.13653345406055,130.13653345406055,131.82595569640398,0.33788444846868515,correlated_linear_axes,v6p1i_0033
bump_underfill_under_interposer,0.5232343436529809,0.5232343436529809,4.273080473166011,0.19324630964547396,correlated_log_uniform_axes,v6p1i_0033
silicon_die_lower,138.70294629596174,138.70294629596174,138.70294629596174,0.7740589259192348,isotropic_linear,v6p1i_0033
tim_between_dies,6.632140156397907,6.632140156397907,6.632140156397907,0.9289045743644238,isotropic_log_uniform,v6p1i_0033
silicon_die_upper,127.82252957113087,127.82252957113087,127.82252957113087,0.5564505914226174,isotropic_linear,v6p1i_0033
tim_to_spreader,3.8127655589809226,3.8127655589809226,3.8127655589809226,0.6088692788034678,isotropic_log_uniform,v6p1i_0033
spreader,386.91702716983855,386.91702716983855,386.91702716983855,0.12780181132256985,isotropic_linear,v6p1i_0033
pcb_fr4_equivalent,0.849526577085691,0.849526577085691,0.31857246640713405,0.6345938481390476,correlated_log_uniform_axes,v6p1i_0034
bt_substrate_with_vias,0.24166342806150953,0.24166342806150953,0.5920753987506984,0.9240064239129424,correlated_log_uniform_axes,v6p1i_0034
silicon_interposer_tsv_0p1,142.44692908599973,142.44692908599973,146.18808393366635,0.7482309695333242,correlated_linear_axes,v6p1i_0034
bump_underfill_under_interposer,0.6399544965821589,0.6399544965821589,5.226295055420963,0.6444527953863144,correlated_log_uniform_axes,v6p1i_0034
silicon_die_lower,136.4375182427466,136.4375182427466,136.4375182427466,0.7287503648549318,isotropic_linear,v6p1i_0034
tim_between_dies,3.7478517118466175,3.7478517118466175,3.7478517118466175,0.5989416865631938,isotropic_log_uniform,v6p1i_0034
silicon_die_upper,122.24870673380792,122.24870673380792,122.24870673380792,0.44497413467615843,isotropic_linear,v6p1i_0034
tim_to_spreader,5.2006314574484955,5.2006314574484955,5.2006314574484955,0.7883344674482942,isotropic_log_uniform,v6p1i_0034
spreader,388.8193179760128,388.8193179760128,388.8193179760128,0.25462119840085506,isotropic_linear,v6p1i_0034
pcb_fr4_equivalent,0.6751630312405791,0.6751630312405791,0.2531861367152171,0.11984664760529995,correlated_log_uniform_axes,v6p1i_0035
bt_substrate_with_vias,0.18629264815343421,0.18629264815343421,0.4564169879759138,0.3409128300845623,correlated_log_uniform_axes,v6p1i_0035
silicon_interposer_tsv_0p1,123.46816345117986,123.46816345117986,124.04619069304317,0.11560544837266207,correlated_linear_axes,v6p1i_0035
bump_underfill_under_interposer,0.5767851345314648,0.5767851345314648,4.710411932006962,0.4115819353610277,correlated_log_uniform_axes,v6p1i_0035
silicon_die_lower,121.59146671183407,121.59146671183407,121.59146671183407,0.43182933423668146,isotropic_linear,v6p1i_0035
tim_between_dies,1.8224192675791844,1.8224192675791844,1.8224192675791844,0.18210184387862682,isotropic_log_uniform,v6p1i_0035
silicon_die_upper,137.74326806887984,137.74326806887984,137.74326806887984,0.7548653613775969,isotropic_linear,v6p1i_0035
tim_to_spreader,2.471148329839318,2.471148329839318,2.471148329839318,0.3581519266590476,isotropic_log_uniform,v6p1i_0035
spreader,399.7146203927696,399.7146203927696,399.7146203927696,0.980974692851305,isotropic_linear,v6p1i_0035
pcb_fr4_equivalent,0.7136986882292435,0.7136986882292435,0.26763700808596624,0.2442210204899311,correlated_log_uniform_axes,v6p1i_0036
bt_substrate_with_vias,0.22386997960054536,0.22386997960054536,0.5484814500213363,0.7526357313618064,correlated_log_uniform_axes,v6p1i_0036
silicon_interposer_tsv_0p1,134.51444604434073,134.51444604434073,136.93352038506418,0.483814868144691,correlated_linear_axes,v6p1i_0036
bump_underfill_under_interposer,0.5511489377974832,0.5511489377974832,4.501049658679446,0.3097086437046528,correlated_log_uniform_axes,v6p1i_0036
silicon_die_lower,112.91433600708842,112.91433600708842,112.91433600708842,0.25828672014176846,isotropic_linear,v6p1i_0036
tim_between_dies,2.586056642085788,2.586056642085788,2.586056642085788,0.3844285048544407,isotropic_log_uniform,v6p1i_0036
silicon_die_upper,117.10339761339128,117.10339761339128,117.10339761339128,0.3420679522678256,isotropic_linear,v6p1i_0036
tim_to_spreader,6.444440476675243,6.444440476675243,6.444440476675243,0.9123067054897547,isotropic_log_uniform,v6p1i_0036
spreader,390.810407823883,390.810407823883,390.810407823883,0.3873605215921998,isotropic_linear,v6p1i_0036
pcb_fr4_equivalent,0.8033177826431775,0.8033177826431775,0.3012441684911915,0.5092735197395086,correlated_log_uniform_axes,v6p1i_0037
bt_substrate_with_vias,0.19839529113364118,0.19839529113364118,0.486068463277421,0.4819490499794483,correlated_log_uniform_axes,v6p1i_0037
silicon_interposer_tsv_0p1,145.52446514368057,145.52446514368057,149.77854266762733,0.8508155047893524,correlated_linear_axes,v6p1i_0037
bump_underfill_under_interposer,0.6030748816203094,0.6030748816203094,4.925111533232527,0.5114538725465536,correlated_log_uniform_axes,v6p1i_0037
silicon_die_lower,129.31835749186575,129.31835749186575,129.31835749186575,0.5863671498373151,isotropic_linear,v6p1i_0037
tim_between_dies,5.633271188364903,5.633271188364903,5.633271188364903,0.8345327312126756,isotropic_log_uniform,v6p1i_0037
silicon_die_upper,145.1712011359632,145.1712011359632,145.1712011359632,0.903424022719264,isotropic_linear,v6p1i_0037
tim_to_spreader,3.073091444812198,3.073091444812198,3.073091444812198,0.48418421670794487,isotropic_log_uniform,v6p1i_0037
spreader,397.72353917825967,397.72353917825967,397.72353917825967,0.8482359452173114,isotropic_linear,v6p1i_0037
pcb_fr4_equivalent,0.9277615069413894,0.9277615069413894,0.347910565103021,0.8319902690127492,correlated_log_uniform_axes,v6p1i_0038
bt_substrate_with_vias,0.20997535424927746,0.20997535424927746,0.5144396179107298,0.6090616248548031,correlated_log_uniform_axes,v6p1i_0038
silicon_interposer_tsv_0p1,125.65270090475678,125.65270090475678,126.59481772221625,0.18842336349189281,correlated_linear_axes,v6p1i_0038
bump_underfill_under_interposer,0.500007881771157,0.500007881771157,4.083397701131115,0.0915055749937892,correlated_log_uniform_axes,v6p1i_0038
silicon_die_lower,145.8465212956071,145.8465212956071,145.8465212956071,0.9169304259121418,isotropic_linear,v6p1i_0038
tim_between_dies,3.953417829828219,3.953417829828219,3.953417829828219,0.6298123206943274,isotropic_log_uniform,v6p1i_0038
silicon_die_upper,104.85578496009111,104.85578496009111,104.85578496009111,0.09711569920182228,isotropic_linear,v6p1i_0038
tim_to_spreader,1.7663356641802486,1.7663356641802486,1.7663356641802486,0.16403090860694647,isotropic_log_uniform,v6p1i_0038
spreader,395.824446012266,395.824446012266,395.824446012266,0.7216297341510653,isotropic_linear,v6p1i_0038
pcb_fr4_equivalent,0.7674263052592483,0.7674263052592483,0.28778486447221807,0.4068553140386939,correlated_log_uniform_axes,v6p1i_0039
bt_substrate_with_vias,0.1692240920703209,0.1692240920703209,0.41459902557228634,0.12559182103723288,correlated_log_uniform_axes,v6p1i_0039
silicon_interposer_tsv_0p1,137.12803325615823,137.12803325615823,139.98270546551794,0.5709344418719411,correlated_linear_axes,v6p1i_0039
bump_underfill_under_interposer,0.7028983606944696,0.7028983606944696,5.740336612338169,0.8546655187383294,correlated_log_uniform_axes,v6p1i_0039
silicon_die_lower,112.25037458352745,112.25037458352745,112.25037458352745,0.24500749167054892,isotropic_linear,v6p1i_0039
tim_between_dies,1.553015497049797,1.553015497049797,1.553015497049797,0.0896209878847003,isotropic_log_uniform,v6p1i_0039
silicon_die_upper,132.8213543165475,132.8213543165475,132.8213543165475,0.6564270863309503,isotropic_linear,v6p1i_0039
tim_to_spreader,4.721527199658468,4.721527199658468,4.721527199658468,0.7324598068371415,isotropic_log_uniform,v6p1i_0039
spreader,385.15822475310415,385.15822475310415,385.15822475310415,0.01054831687361002,isotropic_linear,v6p1i_0039
pcb_fr4_equivalent,0.7886221143189122,0.7886221143189122,0.295733292869592,0.4679030291736126,correlated_log_uniform_axes,v6p1i_0040
bt_substrate_with_vias,0.24481924493326854,0.24481924493326854,0.5998071500865079,0.953077838756144,correlated_log_uniform_axes,v6p1i_0040
silicon_interposer_tsv_0p1,124.009143775329,124.009143775329,124.67733440455049,0.1336381258442998,correlated_linear_axes,v6p1i_0040
bump_underfill_under_interposer,0.6208105826259903,0.6208105826259903,5.069953091445587,0.576400057412684,correlated_log_uniform_axes,v6p1i_0040
silicon_die_lower,140.9663660917431,140.9663660917431,140.9663660917431,0.8193273218348622,isotropic_linear,v6p1i_0040
tim_between_dies,2.006375308869148,2.006375308869148,2.006375308869148,0.23769734613597393,isotropic_log_uniform,v6p1i_0040
silicon_die_upper,115.57130217552185,115.57130217552185,115.57130217552185,0.311426043510437,isotropic_linear,v6p1i_0040
tim_to_spreader,6.9147564754314805,6.9147564754314805,6.9147564754314805,0.9530299231410027,isotropic_log_uniform,v6p1i_0040
spreader,391.89100177492946,391.89100177492946,391.89100177492946,0.4594001183286309,isotropic_linear,v6p1i_0040
pcb_fr4_equivalent,0.9118595922931522,0.9118595922931522,0.3419473471099321,0.7932513486593962,correlated_log_uniform_axes,v6p1i_0041
bt_substrate_with_vias,0.18145869913041363,0.18145869913041363,0.4445738128695135,0.2820029053837061,correlated_log_uniform_axes,v6p1i_0041
silicon_interposer_tsv_0p1,135.0157261826098,135.0157261826098,137.51834721304476,0.5005242060869932,correlated_linear_axes,v6p1i_0041
bump_underfill_under_interposer,0.5656288201156322,0.5656288201156322,4.619302030944329,0.36781695764511824,correlated_log_uniform_axes,v6p1i_0041
silicon_die_lower,101.12024312838912,101.12024312838912,101.12024312838912,0.022404862567782402,isotropic_linear,v6p1i_0041
tim_between_dies,3.4037778686729756,3.4037778686729756,3.4037778686729756,0.5432698903605342,isotropic_log_uniform,v6p1i_0041
silicon_die_upper,149.8890581075102,149.8890581075102,149.8890581075102,0.9977811621502042,isotropic_linear,v6p1i_0041
tim_to_spreader,2.570570211260178,2.570570211260178,2.570570211260178,0.38095602206885815,isotropic_log_uniform,v6p1i_0041
spreader,397.1629645349458,397.1629645349458,397.1629645349458,0.8108643023297191,isotropic_linear,v6p1i_0041
pcb_fr4_equivalent,0.8424961129511799,0.8424961129511799,0.31593604235669237,0.6159731494262815,correlated_log_uniform_axes,v6p1i_0042
bt_substrate_with_vias,0.2147176861577368,0.2147176861577368,0.5260583310864553,0.6591054517775774,correlated_log_uniform_axes,v6p1i_0042
silicon_interposer_tsv_0p1,132.4007360637188,132.4007360637188,134.46752540767193,0.4133578687906265,correlated_linear_axes,v6p1i_0042
bump_underfill_under_interposer,0.6846054138393539,0.6846054138393539,5.590944213021389,0.7955787386745214,correlated_log_uniform_axes,v6p1i_0042
silicon_die_lower,123.6538193654269,123.6538193654269,123.6538193654269,0.47307638730853796,isotropic_linear,v6p1i_0042
tim_between_dies,7.476914697357708,7.476914697357708,7.476914697357708,0.9982177577912807,isotropic_log_uniform,v6p1i_0042
silicon_die_upper,100.1867740880698,100.1867740880698,100.1867740880698,0.0037354817613959312,isotropic_linear,v6p1i_0042
tim_to_spreader,1.883972379659226,1.883972379659226,1.883972379659226,0.20130584854632616,isotropic_log_uniform,v6p1i_0042
spreader,395.19841116387397,395.19841116387397,395.19841116387397,0.679894077591598,isotropic_linear,v6p1i_0042
pcb_fr4_equivalent,0.6783905030793258,0.6783905030793258,0.25439643865474715,0.13053236063569784,correlated_log_uniform_axes,v6p1i_0043
bt_substrate_with_vias,0.16552205398334707,0.16552205398334707,0.4055290322592004,0.07602869812399149,correlated_log_uniform_axes,v6p1i_0043
silicon_interposer_tsv_0p1,143.8795053306967,143.8795053306967,147.85942288581282,0.7959835110232234,correlated_linear_axes,v6p1i_0043
bump_underfill_under_interposer,0.4850890997969049,0.4850890997969049,3.961560981674723,0.023631606251001358,correlated_log_uniform_axes,v6p1i_0043
silicon_die_lower,133.8079122826457,133.8079122826457,133.8079122826457,0.676158245652914,isotropic_linear,v6p1i_0043
tim_between_dies,2.167089195031124,2.167089195031124,2.167089195031124,0.28224498126655817,isotropic_log_uniform,v6p1i_0043
silicon_die_upper,134.40229566767812,134.40229566767812,134.40229566767812,0.6880459133535624,isotropic_linear,v6p1i_0043
tim_to_spreader,3.9730787716129976,3.9730787716129976,3.9730787716129976,0.6326803071424365,isotropic_log_uniform,v6p1i_0043
spreader,386.17244297172874,386.17244297172874,386.17244297172874,0.07816286478191614,isotropic_linear,v6p1i_0043
pcb_fr4_equivalent,0.6414029981543625,0.6414029981543625,0.2405261243078859,0.004906673915684223,correlated_log_uniform_axes,v6p1i_0044
bt_substrate_with_vias,0.20161385499121875,0.20161385499121875,0.493953944728486,0.5180083457380533,correlated_log_uniform_axes,v6p1i_0044
silicon_interposer_tsv_0p1,140.33502160571516,140.33502160571516,143.72419187333435,0.6778340535238385,correlated_linear_axes,v6p1i_0044
bump_underfill_under_interposer,0.5076238537737927,0.5076238537737927,4.145594805819307,0.12537808902561665,correlated_log_uniform_axes,v6p1i_0044
silicon_die_lower,125.30212081037462,125.30212081037462,125.30212081037462,0.5060424162074924,isotropic_linear,v6p1i_0044
tim_between_dies,1.3730480173748667,1.3730480173748667,1.3730480173748667,0.01841574441641569,isotropic_log_uniform,v6p1i_0044
silicon_die_upper,107.52934883348644,107.52934883348644,107.52934883348644,0.15058697666972876,isotropic_linear,v6p1i_0044
tim_to_spreader,1.520687132769036,1.520687132769036,1.520687132769036,0.07745937816798687,isotropic_log_uniform,v6p1i_0044
spreader,393.2052673585713,393.2052673585713,393.2052673585713,0.5470178239047527,isotropic_linear,v6p1i_0044
pcb_fr4_equivalent,0.8907038129743495,0.8907038129743495,0.33401392986538103,0.7406527614220977,correlated_log_uniform_axes,v6p1i_0045
bt_substrate_with_vias,0.17867306204414476,0.17867306204414476,0.43774900200815475,0.24733820650726557,correlated_log_uniform_axes,v6p1i_0045
silicon_interposer_tsv_0p1,121.82500602677464,121.82500602677464,122.12917369790375,0.060833534225821495,correlated_linear_axes,v6p1i_0045
bump_underfill_under_interposer,0.7265113312780733,0.7265113312780733,5.933175872104265,0.9287025630474091,correlated_log_uniform_axes,v6p1i_0045
silicon_die_lower,116.70590229332447,116.70590229332447,116.70590229332447,0.3341180458664894,isotropic_linear,v6p1i_0045
tim_between_dies,4.472424506385407,4.472424506385407,4.472424506385407,0.7011243756860495,isotropic_log_uniform,v6p1i_0045
silicon_die_upper,129.36694072559476,129.36694072559476,129.36694072559476,0.5873388145118952,isotropic_linear,v6p1i_0045
tim_to_spreader,3.1941974393262598,3.1941974393262598,3.1941974393262598,0.506529875099659,isotropic_log_uniform,v6p1i_0045
spreader,388.16559200175107,388.16559200175107,388.16559200175107,0.21103946678340435,isotropic_linear,v6p1i_0045
pcb_fr4_equivalent,0.9644302234895546,0.9644302234895546,0.36166133380858295,0.9188464246690273,correlated_log_uniform_axes,v6p1i_0046
bt_substrate_with_vias,0.23637741913674645,0.23637741913674645,0.5791246768850288,0.8744504237547517,correlated_log_uniform_axes,v6p1i_0046
silicon_interposer_tsv_0p1,146.99764542281628,146.99764542281628,151.49725299328566,0.8999215140938759,correlated_linear_axes,v6p1i_0046
bump_underfill_under_interposer,0.5919370327820546,0.5919370327820546,4.8341524343867786,0.4696845607832074,correlated_log_uniform_axes,v6p1i_0046
silicon_die_lower,108.043745579198,108.043745579198,108.043745579198,0.16087491158396006,isotropic_linear,v6p1i_0046
tim_between_dies,5.133553782436865,5.133553782436865,5.133553782436865,0.7808292889967561,isotropic_log_uniform,v6p1i_0046
silicon_die_upper,120.65548524260521,120.65548524260521,120.65548524260521,0.4131097048521042,isotropic_linear,v6p1i_0046
tim_to_spreader,5.557871373449355,5.557871373449355,5.557871373449355,0.8267424060031772,isotropic_log_uniform,v6p1i_0046
spreader,390.1342585403472,390.1342585403472,390.1342585403472,0.34228390268981457,isotropic_linear,v6p1i_0046
pcb_fr4_equivalent,0.7459699275001995,0.7459699275001995,0.27973872281257484,0.3433151226490736,correlated_log_uniform_axes,v6p1i_0047
bt_substrate_with_vias,0.19050079350715496,0.19050079350715496,0.4667269440925297,0.39096479304134846,correlated_log_uniform_axes,v6p1i_0047
silicon_interposer_tsv_0p1,128.0223095510155,128.0223095510155,129.3593611428514,0.2674103183671832,correlated_linear_axes,v6p1i_0047
bump_underfill_under_interposer,0.6587719730468558,0.6587719730468558,5.379971113215987,0.7093894248828292,correlated_log_uniform_axes,v6p1i_0047
silicon_die_lower,149.44774331524968,149.44774331524968,149.44774331524968,0.9889548663049936,isotropic_linear,v6p1i_0047
tim_between_dies,2.838166621867109,2.838166621867109,2.838166621867109,0.4382082410156727,isotropic_log_uniform,v6p1i_0047
silicon_die_upper,142.39999898709357,142.39999898709357,142.39999898709357,0.8479999797418714,isotropic_linear,v6p1i_0047
tim_to_spreader,2.0753825023700565,2.0753825023700565,2.0753825023700565,0.2572471173480153,isotropic_log_uniform,v6p1i_0047
spreader,398.9196995832026,398.9196995832026,398.9196995832026,0.9279799722135067,isotropic_linear,v6p1i_0047
pcb_fr4_equivalent,0.7491303800704964,0.7491303800704964,0.2809238925264361,0.3527882909402251,correlated_log_uniform_axes,v6p1i_0048
bt_substrate_with_vias,0.23048645175818994,0.23048645175818994,0.5646918068075654,0.8179001044481993,correlated_log_uniform_axes,v6p1i_0048
silicon_interposer_tsv_0p1,136.5390938334167,136.5390938334167,139.29560947231948,0.5513031277805567,correlated_linear_axes,v6p1i_0048
bump_underfill_under_interposer,0.5046945020008826,0.5046945020008826,4.12167176634054,0.11241014022380114,correlated_log_uniform_axes,v6p1i_0048
silicon_die_lower,119.36362665146589,119.36362665146589,119.36362665146589,0.38727253302931786,isotropic_linear,v6p1i_0048
tim_between_dies,4.792268386722798,4.792268386722798,4.792268386722798,0.7410574555397034,isotropic_log_uniform,v6p1i_0048
silicon_die_upper,126.04913017712533,126.04913017712533,126.04913017712533,0.5209826035425067,isotropic_linear,v6p1i_0048
tim_to_spreader,5.952096020520466,5.952096020520466,5.952096020520466,0.8663604250177741,isotropic_log_uniform,v6p1i_0048
spreader,396.41011629719287,396.41011629719287,396.41011629719287,0.7606744198128581,isotropic_linear,v6p1i_0048
pcb_fr4_equivalent,0.956588811332243,0.956588811332243,0.35872080424959113,0.90055360365659,correlated_log_uniform_axes,v6p1i_0049
bt_substrate_with_vias,0.19270070691641594,0.19270070691641594,0.4721167319452191,0.41669236589223146,correlated_log_uniform_axes,v6p1i_0049
silicon_interposer_tsv_0p1,125.53273673169315,125.53273673169315,126.45485952030867,0.18442455772310495,correlated_linear_axes,v6p1i_0049
bump_underfill_under_interposer,0.6914568402744086,0.6914568402744086,5.646897528907669,0.8178919544443488,correlated_log_uniform_axes,v6p1i_0049
silicon_die_lower,135.7722959946841,135.7722959946841,135.7722959946841,0.715445919893682,isotropic_linear,v6p1i_0049
tim_between_dies,1.427784188013144,1.427784188013144,1.427784188013144,0.0410150857642293,isotropic_log_uniform,v6p1i_0049
silicon_die_upper,110.45538699254394,110.45538699254394,110.45538699254394,0.20910773985087872,isotropic_linear,v6p1i_0049
tim_to_spreader,2.2790847053019556,2.2790847053019556,2.2790847053019556,0.31137623731046915,isotropic_log_uniform,v6p1i_0049
spreader,392.0725609501824,392.0725609501824,392.0725609501824,0.4715040633454919,isotropic_linear,v6p1i_0049
pcb_fr4_equivalent,0.870062202536877,0.870062202536877,0.3262733259513289,0.68811428360641,correlated_log_uniform_axes,v6p1i_0050
bt_substrate_with_vias,0.20357010150669924,0.20357010150669924,0.4987467486914132,0.5396450133994222,correlated_log_uniform_axes,v6p1i_0050
silicon_interposer_tsv_0p1,143.29375212080777,143.29375212080777,147.1760441409424,0.7764584040269256,correlated_linear_axes,v6p1i_0050
bump_underfill_under_interposer,0.541247898526916,0.541247898526916,4.420191171303148,0.26908976770937443,correlated_log_uniform_axes,v6p1i_0050
silicon_die_lower,139.7466099821031,139.7466099821031,139.7466099821031,0.7949321996420622,isotropic_linear,v6p1i_0050
tim_between_dies,3.135023939573622,3.135023939573622,3.135023939573622,0.4957194495946169,isotropic_log_uniform,v6p1i_0050
silicon_die_upper,139.4670883193612,139.4670883193612,139.4670883193612,0.7893417663872242,isotropic_linear,v6p1i_0050
tim_to_spreader,1.6258021725223388,1.6258021725223388,1.6258021725223388,0.11610082723200321,isotropic_log_uniform,v6p1i_0050
spreader,386.47519507911056,386.47519507911056,386.47519507911056,0.09834633860737085,isotropic_linear,v6p1i_0050
pcb_fr4_equivalent,0.6546107791843122,0.6546107791843122,0.245479042194117,0.0505787692964077,correlated_log_uniform_axes,v6p1i_0051
bt_substrate_with_vias,0.1745480715313586,0.1745480715313586,0.42764277525182864,0.19500086270272732,correlated_log_uniform_axes,v6p1i_0051
silicon_interposer_tsv_0p1,131.8147575482726,131.8147575482726,133.78388380631804,0.393825251609087,correlated_linear_axes,v6p1i_0051
bump_underfill_under_interposer,0.6097730965044346,0.6097730965044346,4.979813621452883,0.5362037345767021,correlated_log_uniform_axes,v6p1i_0051
silicon_die_lower,106.15506605245173,106.15506605245173,106.15506605245173,0.1231013210490346,isotropic_linear,v6p1i_0051
tim_between_dies,5.178334553069028,5.178334553069028,5.178334553069028,0.78585050906986,isotropic_log_uniform,v6p1i_0051
silicon_die_upper,123.97863049991429,123.97863049991429,123.97863049991429,0.47957260999828577,isotropic_linear,v6p1i_0051
tim_to_spreader,3.513643391040903,3.513643391040903,3.513643391040903,0.5616355650126934,isotropic_log_uniform,v6p1i_0051
spreader,394.55874499399215,394.55874499399215,394.55874499399215,0.6372496662661433,isotropic_linear,v6p1i_0051
pcb_fr4_equivalent,0.692048803935051,0.692048803935051,0.2595183014756441,0.17519731633365154,correlated_log_uniform_axes,v6p1i_0052
bt_substrate_with_vias,0.2136996681344335,0.2136996681344335,0.5235641869293621,0.6484565483406186,correlated_log_uniform_axes,v6p1i_0052
silicon_interposer_tsv_0p1,120.30149510130286,120.30149510130286,120.35174428485334,0.010049836710095406,correlated_linear_axes,v6p1i_0052
bump_underfill_under_interposer,0.6515901544551698,0.6515901544551698,5.321319594717219,0.6848274599760771,correlated_log_uniform_axes,v6p1i_0052
silicon_die_lower,109.97379841282964,109.97379841282964,109.97379841282964,0.19947596825659275,isotropic_linear,v6p1i_0052
tim_between_dies,3.285754841382795,3.285754841382795,3.285754841382795,0.52286805678159,isotropic_log_uniform,v6p1i_0052
silicon_die_upper,146.1749004200101,146.1749004200101,146.1749004200101,0.9234980084002018,isotropic_linear,v6p1i_0052
tim_to_spreader,2.020548450472656,2.020548450472656,2.020548450472656,0.24176690820604563,isotropic_log_uniform,v6p1i_0052
spreader,388.4666266012937,388.4666266012937,388.4666266012937,0.23110844008624554,isotropic_linear,v6p1i_0052
pcb_fr4_equivalent,0.8226466860349109,0.8226466860349109,0.3084925072630916,0.562549602240324,correlated_log_uniform_axes,v6p1i_0053
bt_substrate_with_vias,0.1685314545239102,0.1685314545239102,0.41290206358358,0.11640173010528088,correlated_log_uniform_axes,v6p1i_0053
silicon_interposer_tsv_0p1,138.811743138358,138.811743138358,141.94703366141766,0.6270581046119332,correlated_linear_axes,v6p1i_0053
bump_underfill_under_interposer,0.5703871593505518,0.5703871593505518,4.65816180136284,0.38658803328871727,correlated_log_uniform_axes,v6p1i_0053
silicon_die_lower,145.1323722023517,145.1323722023517,145.1323722023517,0.9026474440470338,isotropic_linear,v6p1i_0053
tim_between_dies,1.8653626049865588,1.8653626049865588,1.8653626049865588,0.19556675106287003,isotropic_log_uniform,v6p1i_0053
silicon_die_upper,118.11320041306317,118.11320041306317,118.11320041306317,0.36226400826126337,isotropic_linear,v6p1i_0053
tim_to_spreader,4.3567428026212935,4.3567428026212935,4.3567428026212935,0.6859740158542991,isotropic_log_uniform,v6p1i_0053
spreader,392.5673186965287,392.5673186965287,392.5673186965287,0.5044879131019115,isotropic_linear,v6p1i_0053
pcb_fr4_equivalent,0.9048275803172269,0.9048275803172269,0.3393103426189601,0.7759046321734786,correlated_log_uniform_axes,v6p1i_0054
bt_substrate_with_vias,0.24881613662219246,0.24881613662219246,0.6095995347243717,0.989364018663764,correlated_log_uniform_axes,v6p1i_0054
silicon_interposer_tsv_0p1,128.60843491740525,128.60843491740525,130.04317407030612,0.2869478305801749,correlated_linear_axes,v6p1i_0054
bump_underfill_under_interposer,0.7389136599048025,0.7389136599048025,6.03446155588922,0.966631063260138,correlated_log_uniform_axes,v6p1i_0054
silicon_die_lower,130.41094727814198,130.41094727814198,130.41094727814198,0.6082189455628395,isotropic_linear,v6p1i_0054
tim_between_dies,2.1420084509142514,2.1420084509142514,2.1420084509142514,0.27551502641290426,isotropic_log_uniform,v6p1i_0054
silicon_die_upper,131.86573213897645,131.86573213897645,131.86573213897645,0.6373146427795291,isotropic_linear,v6p1i_0054
tim_to_spreader,7.378546578566008,7.378546578566008,7.378546578566008,0.9905613027513027,isotropic_log_uniform,v6p1i_0054
spreader,398.1687977351248,398.1687977351248,398.1687977351248,0.8779198490083218,isotropic_linear,v6p1i_0054
pcb_fr4_equivalent,0.792340900426918,0.792340900426918,0.2971278376600942,0.4784443723037839,correlated_log_uniform_axes,v6p1i_0055
bt_substrate_with_vias,0.18093792096223418,0.18093792096223418,0.44329790635747385,0.27556292433291674,correlated_log_uniform_axes,v6p1i_0055
silicon_interposer_tsv_0p1,147.5835383310914,147.5835383310914,152.18079471960664,0.9194512777030468,correlated_linear_axes,v6p1i_0055
bump_underfill_under_interposer,0.5318343658041363,0.5318343658041363,4.343313987400447,0.2297758413478732,correlated_log_uniform_axes,v6p1i_0055
silicon_die_lower,115.56930816732347,115.56930816732347,115.56930816732347,0.3113861633464694,isotropic_linear,v6p1i_0055
tim_between_dies,6.78895728571611,6.78895728571611,6.78895728571611,0.9424152914434671,isotropic_log_uniform,v6p1i_0055
silicon_die_upper,103.89405926689506,103.89405926689506,103.89405926689506,0.07788118533790112,isotropic_linear,v6p1i_0055
tim_to_spreader,2.8331203337742914,2.8331203337742914,2.8331203337742914,0.4371794108301401,isotropic_log_uniform,v6p1i_0055
spreader,390.313871325925,390.313871325925,390.313871325925,0.3542580883949995,isotropic_linear,v6p1i_0055
pcb_fr4_equivalent,0.7639892277555294,0.7639892277555294,0.2864959604083234,0.39679729007184505,correlated_log_uniform_axes,v6p1i_0056
bt_substrate_with_vias,0.20757263088845906,0.20757263088845906,0.5085529456767247,0.583273614756763,correlated_log_uniform_axes,v6p1i_0056
silicon_interposer_tsv_0p1,130.7226302102208,130.7226302102208,132.50973524525762,0.35742100700736046,correlated_linear_axes,v6p1i_0056
bump_underfill_under_interposer,0.5871595480235453,0.5871595480235453,4.795136308858953,0.4515265626832843,correlated_log_uniform_axes,v6p1i_0056
silicon_die_lower,131.38475422747433,131.38475422747433,131.38475422747433,0.6276950845494866,isotropic_linear,v6p1i_0056
tim_between_dies,5.857528362598868,5.857528362598868,5.857528362598868,0.8571013202890754,isotropic_log_uniform,v6p1i_0056
silicon_die_upper,147.70660544745624,147.70660544745624,147.70660544745624,0.9541321089491248,isotropic_linear,v6p1i_0056
tim_to_spreader,1.7376365068390007,1.7376365068390007,1.7376365068390007,0.1545604420825839,isotropic_log_uniform,v6p1i_0056
spreader,387.6717055682093,387.6717055682093,387.6717055682093,0.17811370454728603,isotropic_linear,v6p1i_0056
pcb_fr4_equivalent,0.9347701400618935,0.9347701400618935,0.35053880252321,0.8488537557423115,correlated_log_uniform_axes,v6p1i_0057
bt_substrate_with_vias,0.17354449073652498,0.17354449073652498,0.4251840023044863,0.18208050727844238,correlated_log_uniform_axes,v6p1i_0057
silicon_interposer_tsv_0p1,149.22898379154503,149.22898379154503,154.10048109013587,0.9742994597181678,correlated_linear_axes,v6p1i_0057
bump_underfill_under_interposer,0.6687065770711046,0.6687065770711046,5.461103712747353,0.7429281705990434,correlated_log_uniform_axes,v6p1i_0057
silicon_die_lower,122.79328191652894,122.79328191652894,122.79328191652894,0.4558656383305788,isotropic_linear,v6p1i_0057
tim_between_dies,2.770852473626096,2.770852473626096,2.770852473626096,0.424331309273839,isotropic_log_uniform,v6p1i_0057
silicon_die_upper,113.39495303109288,113.39495303109288,113.39495303109288,0.26789906062185764,isotropic_linear,v6p1i_0057
tim_to_spreader,4.546926340269649,4.546926340269649,4.546926340269649,0.710675504989922,isotropic_log_uniform,v6p1i_0057
spreader,393.88225903734565,393.88225903734565,393.88225903734565,0.5921506024897099,isotropic_linear,v6p1i_0057
pcb_fr4_equivalent,0.8225197150094401,0.8225197150094401,0.30844489312853995,0.5622037341818213,correlated_log_uniform_axes,v6p1i_0058
bt_substrate_with_vias,0.22916667329545032,0.22916667329545032,0.5614583495738534,0.8050327971577644,correlated_log_uniform_axes,v6p1i_0058
silicon_interposer_tsv_0p1,121.94468113593757,121.94468113593757,122.26879465859383,0.06482270453125238,correlated_linear_axes,v6p1i_0058
bump_underfill_under_interposer,0.5179951195257859,0.5179951195257859,4.230293476127251,0.1706966571509838,correlated_log_uniform_axes,v6p1i_0058
silicon_die_lower,101.57797276042402,101.57797276042402,101.57797276042402,0.03155945520848036,isotropic_linear,v6p1i_0058
tim_between_dies,1.5664793394434944,1.5664793394434944,1.5664793394434944,0.0946114482358098,isotropic_log_uniform,v6p1i_0058
silicon_die_upper,136.5351215004921,136.5351215004921,136.5351215004921,0.7307024300098419,isotropic_linear,v6p1i_0058
tim_to_spreader,6.371940711313632,6.371940711313632,6.371940711313632,0.9057659339159727,isotropic_log_uniform,v6p1i_0058
spreader,399.4173623435199,399.4173623435199,399.4173623435199,0.9611574895679951,isotropic_linear,v6p1i_0058
pcb_fr4_equivalent,0.6997671259370518,0.6997671259370518,0.2624126722263944,0.20004930812865496,correlated_log_uniform_axes,v6p1i_0059
bt_substrate_with_vias,0.19649424039132488,0.19649424039132488,0.48141088895874595,0.4603747306391597,correlated_log_uniform_axes,v6p1i_0059
silicon_interposer_tsv_0p1,140.92367922887206,140.92367922887206,144.41095910035074,0.6974559742957354,correlated_linear_axes,v6p1i_0059
bump_underfill_under_interposer,0.7168690754544205,0.7168690754544205,5.854430782877767,0.8987647574394941,correlated_log_uniform_axes,v6p1i_0059
silicon_die_lower,142.98666566610336,142.98666566610336,142.98666566610336,0.8597333133220673,isotropic_linear,v6p1i_0059
tim_between_dies,4.366695826628813,4.366695826628813,4.366695826628813,0.6872932463884354,isotropic_log_uniform,v6p1i_0059
silicon_die_upper,102.31349640525877,102.31349640525877,102.31349640525877,0.046269928105175495,isotropic_linear,v6p1i_0059
tim_to_spreader,2.944490051951415,2.944490051951415,2.944490051951415,0.4594702199101448,isotropic_log_uniform,v6p1i_0059
spreader,389.4534900877625,389.4534900877625,389.4534900877625,0.296899339184165,isotropic_linear,v6p1i_0059
pcb_fr4_equivalent,0.6616862517888291,0.6616862517888291,0.24813234442081092,0.07466791477054358,correlated_log_uniform_axes,v6p1i_0060
bt_substrate_with_vias,0.2373415089206727,0.2373415089206727,0.5814866968556482,0.8835708051919937,correlated_log_uniform_axes,v6p1i_0060
silicon_interposer_tsv_0p1,144.93868332356215,144.93868332356215,149.09513054415584,0.8312894441187382,correlated_linear_axes,v6p1i_0060
bump_underfill_under_interposer,0.6708252045496635,0.6708252045496635,5.478405837155585,0.7500160709023476,correlated_log_uniform_axes,v6p1i_0060
silicon_die_lower,146.97585585527122,146.97585585527122,146.97585585527122,0.9395171171054244,isotropic_linear,v6p1i_0060
tim_between_dies,6.166346061657573,6.166346061657573,6.166346061657573,0.8868047390133142,isotropic_log_uniform,v6p1i_0060
silicon_die_upper,130.75504377484322,130.75504377484322,130.75504377484322,0.6151008754968643,isotropic_linear,v6p1i_0060
tim_to_spreader,5.128198308946763,5.128198308946763,5.128198308946763,0.7802258552983403,isotropic_log_uniform,v6p1i_0060
spreader,397.4243347393349,397.4243347393349,397.4243347393349,0.8282889826223254,isotropic_linear,v6p1i_0060
pcb_fr4_equivalent,0.869489585706826,0.869489585706826,0.3260585946400597,0.6866391124203801,correlated_log_uniform_axes,v6p1i_0061
bt_substrate_with_vias,0.18717513622864346,0.18717513622864346,0.4585790837601765,0.3515022499486804,correlated_log_uniform_axes,v6p1i_0061
silicon_interposer_tsv_0p1,133.92843891866505,133.92843891866505,136.24984540510923,0.46428129728883505,correlated_linear_axes,v6p1i_0061
bump_underfill_under_interposer,0.49156023216077166,0.49156023216077166,4.0144085626463015,0.05332526005804539,correlated_log_uniform_axes,v6p1i_0061
silicon_die_lower,107.13428799062967,107.13428799062967,107.13428799062967,0.14268575981259346,isotropic_linear,v6p1i_0061
tim_between_dies,2.3589701751631815,2.3589701751631815,2.3589701751631815,0.33129342552274466,isotropic_log_uniform,v6p1i_0061
silicon_die_upper,108.9113483671099,108.9113483671099,108.9113483671099,0.1782269673421979,isotropic_linear,v6p1i_0061
tim_to_spreader,2.374197976806669,2.374197976806669,2.374197976806669,0.33501339983195066,isotropic_log_uniform,v6p1i_0061
spreader,391.4465263253078,391.4465263253078,391.4465263253078,0.42976842168718576,isotropic_linear,v6p1i_0061
pcb_fr4_equivalent,0.9885539119628735,0.9885539119628735,0.37070771698607746,0.9742047246545553,correlated_log_uniform_axes,v6p1i_0062
bt_substrate_with_vias,0.22107294812657782,0.22107294812657782,0.5416287229101157,0.7244639424607158,correlated_log_uniform_axes,v6p1i_0062
silicon_interposer_tsv_0p1,138.65142951719463,138.65142951719463,141.76000110339373,0.621714317239821,correlated_linear_axes,v6p1i_0062
bump_underfill_under_interposer,0.6257936978547811,0.6257936978547811,5.110648532480712,0.594313963316381,correlated_log_uniform_axes,v6p1i_0062
silicon_die_lower,117.2125528100878,117.2125528100878,117.2125528100878,0.344251056201756,isotropic_linear,v6p1i_0062
tim_between_dies,1.6548249114859872,1.6548249114859872,1.6548249114859872,0.12633012980222702,isotropic_log_uniform,v6p1i_0062
silicon_die_upper,141.05992536060512,141.05992536060512,141.05992536060512,0.8211985072121024,isotropic_linear,v6p1i_0062
tim_to_spreader,1.4020145157529587,1.4020145157529587,1.4020145157529587,0.030485324561595917,isotropic_log_uniform,v6p1i_0062
spreader,385.9146206593141,385.9146206593141,385.9146206593141,0.06097471062093973,isotropic_linear,v6p1i_0062
pcb_fr4_equivalent,0.7227479723969071,0.7227479723969071,0.27103048964884013,0.27245331183075905,correlated_log_uniform_axes,v6p1i_0063
bt_substrate_with_vias,0.16076427625931292,0.16076427625931292,0.3938724768353166,0.010677777230739594,correlated_log_uniform_axes,v6p1i_0063
silicon_interposer_tsv_0p1,127.17632247135043,127.17632247135043,128.3723762165755,0.23921074904501438,correlated_linear_axes,v6p1i_0063
bump_underfill_under_interposer,0.5571648705082797,0.5571648705082797,4.550179775817616,0.33403405267745256,correlated_log_uniform_axes,v6p1i_0063
silicon_die_lower,127.37115053460002,127.37115053460002,127.37115053460002,0.5474230106920004,isotropic_linear,v6p1i_0063
tim_between_dies,3.704670060092804,3.704670060092804,3.704670060092804,0.5922420071437955,isotropic_log_uniform,v6p1i_0063
silicon_die_upper,119.32151513174176,119.32151513174176,119.32151513174176,0.38643030263483524,isotropic_linear,v6p1i_0063
tim_to_spreader,3.656997137970664,3.656997137970664,3.656997137970664,0.5847541969269514,isotropic_log_uniform,v6p1i_0063
spreader,395.63933916855603,395.63933916855603,395.63933916855603,0.7092892779037356,isotropic_linear,v6p1i_0063
pcb_fr4_equivalent,0.7233992604303552,0.7233992604303552,0.2712747226613832,0.2744715679436922,correlated_log_uniform_axes,v6p1i_0064
bt_substrate_with_vias,0.20875223368653748,0.20875223368653748,0.5114429725320169,0.5959711745381355,correlated_log_uniform_axes,v6p1i_0064
silicon_interposer_tsv_0p1,137.610044432804,137.610044432804,140.54505183827132,0.5870014810934663,correlated_linear_axes,v6p1i_0064
bump_underfill_under_interposer,0.6682151141513185,0.6682151141513185,5.457090098902435,0.741280765272677,correlated_log_uniform_axes,v6p1i_0064
silicon_die_lower,138.3589065168053,138.3589065168053,138.3589065168053,0.7671781303361058,isotropic_linear,v6p1i_0064
tim_between_dies,6.929596597704641,6.929596597704641,6.929596597704641,0.9542693421244621,isotropic_log_uniform,v6p1i_0064
silicon_die_upper,116.03965554386377,116.03965554386377,116.03965554386377,0.32079311087727547,isotropic_linear,v6p1i_0064
tim_to_spreader,3.4389934914830995,3.4389934914830995,3.4389934914830995,0.5492204846814275,isotropic_log_uniform,v6p1i_0064
spreader,399.54113736283034,399.54113736283034,399.54113736283034,0.9694091575220227,isotropic_linear,v6p1i_0064
pcb_fr4_equivalent,0.9906279354887015,0.9906279354887015,0.371485475808263,0.9789008945226669,correlated_log_uniform_axes,v6p1i_0065
bt_substrate_with_vias,0.17017330573174116,0.17017330573174116,0.4169245990427659,0.13812531810253859,correlated_log_uniform_axes,v6p1i_0065
silicon_interposer_tsv_0p1,126.13127885386348,126.13127885386348,127.15315866284072,0.20437596179544926,correlated_linear_axes,v6p1i_0065
bump_underfill_under_interposer,0.5838896017767865,0.5838896017767865,4.768431747843756,0.43901296239346266,correlated_log_uniform_axes,v6p1i_0065
silicon_die_lower,103.20355137810111,103.20355137810111,103.20355137810111,0.06407102756202221,isotropic_linear,v6p1i_0065
tim_between_dies,2.0986288712781187,2.0986288712781187,2.0986288712781187,0.26368672121316195,isotropic_log_uniform,v6p1i_0065
silicon_die_upper,144.2935683298856,144.2935683298856,144.2935683298856,0.885871366597712,isotropic_linear,v6p1i_0065
tim_to_spreader,1.6387856743104428,1.6387856743104428,1.6387856743104428,0.12069935631006956,isotropic_log_uniform,v6p1i_0065
spreader,388.875599228777,388.875599228777,388.875599228777,0.2583732819184661,isotropic_linear,v6p1i_0065
pcb_fr4_equivalent,0.8641312317436766,0.8641312317436766,0.32404921190387864,0.6727876914665103,correlated_log_uniform_axes,v6p1i_0066
bt_substrate_with_vias,0.22510766490539816,0.22510766490539816,0.5515137790182256,0.7649895800277591,correlated_log_uniform_axes,v6p1i_0066
silicon_interposer_tsv_0p1,145.97280140966177,145.97280140966177,150.3016016446054,0.8657600469887257,correlated_linear_axes,v6p1i_0066
bump_underfill_under_interposer,0.7166151390897526,0.7166151390897526,5.852356969232978,0.8979708906263113,correlated_log_uniform_axes,v6p1i_0066
silicon_die_lower,121.24113733880222,121.24113733880222,121.24113733880222,0.42482274677604437,isotropic_linear,v6p1i_0066
tim_between_dies,1.9298555008140055,1.9298555008140055,1.9298555008140055,0.2152170930057764,isotropic_log_uniform,v6p1i_0066
silicon_die_upper,105.72676560841501,105.72676560841501,105.72676560841501,0.11453531216830015,isotropic_linear,v6p1i_0066
tim_to_spreader,2.236322599207867,2.236322599207867,2.236322599207867,0.3004258796572685,isotropic_log_uniform,v6p1i_0066
spreader,387.0941580319777,387.0941580319777,387.0941580319777,0.13961053546518087,isotropic_linear,v6p1i_0066
pcb_fr4_equivalent,0.6591126624905179,0.6591126624905179,0.2471672484339442,0.06593581382185221,correlated_log_uniform_axes,v6p1i_0067
bt_substrate_with_vias,0.19726752929442662,0.19726752929442662,0.48330544677134524,0.4691755771636963,correlated_log_uniform_axes,v6p1i_0067
silicon_interposer_tsv_0p1,134.966215537861,134.966215537861,137.46058479417115,0.498873851262033,correlated_linear_axes,v6p1i_0067
bump_underfill_under_interposer,0.5149146146019401,0.5149146146019401,4.205136019249177,0.1573314256966114,correlated_log_uniform_axes,v6p1i_0067
silicon_die_lower,136.0855659469962,136.0855659469962,136.0855659469962,0.7217113189399242,isotropic_linear,v6p1i_0067
tim_between_dies,3.1759131570447785,3.1759131570447785,3.1759131570447785,0.5032110428437591,isotropic_log_uniform,v6p1i_0067
silicon_die_upper,133.89065181836486,133.89065181836486,133.89065181836486,0.6778130363672972,isotropic_linear,v6p1i_0067
tim_to_spreader,5.984442702850169,5.984442702850169,5.984442702850169,0.8694937508553267,isotropic_log_uniform,v6p1i_0067
spreader,394.00569073390216,394.00569073390216,394.00569073390216,0.6003793822601438,isotropic_linear,v6p1i_0067
pcb_fr4_equivalent,0.6968176274632528,0.6968176274632528,0.26130661029871977,0.19058481883257627,correlated_log_uniform_axes,v6p1i_0068
bt_substrate_with_vias,0.2430987509840612,0.2430987509840612,0.59559193991095,0.937275412492454,correlated_log_uniform_axes,v6p1i_0068
silicon_interposer_tsv_0p1,123.04191338829696,123.04191338829696,123.54889895301312,0.10139711294323206,correlated_linear_axes,v6p1i_0068
bump_underfill_under_interposer,0.4921360013226716,0.4921360013226716,4.019110677468484,0.0559482891112566,correlated_log_uniform_axes,v6p1i_0068
silicon_die_lower,128.96831235848367,128.96831235848367,128.96831235848367,0.5793662471696734,isotropic_linear,v6p1i_0068
tim_between_dies,5.283274352197517,5.283274352197517,5.283274352197517,0.7974492134526372,isotropic_log_uniform,v6p1i_0068
silicon_die_upper,111.55566996894777,111.55566996894777,111.55566996894777,0.23111339937895536,isotropic_linear,v6p1i_0068
tim_to_spreader,2.7722494533926354,2.7722494533926354,2.7722494533926354,0.42462270986288786,isotropic_log_uniform,v6p1i_0068
spreader,385.1010100916028,385.1010100916028,385.1010100916028,0.006734006106853485,isotropic_linear,v6p1i_0068
pcb_fr4_equivalent,0.8170056162086983,0.8170056162086983,0.3063771060782618,0.5471316361799836,correlated_log_uniform_axes,v6p1i_0069
bt_substrate_with_vias,0.18530941457373762,0.18530941457373762,0.4540080657056572,0.3290552720427513,correlated_log_uniform_axes,v6p1i_0069
silicon_interposer_tsv_0p1,142.01724579557776,142.01724579557776,145.6867867615074,0.7339081931859255,correlated_linear_axes,v6p1i_0069
bump_underfill_under_interposer,0.6754642942224925,0.6754642942224925,5.516291736150356,0.7654583603143692,correlated_log_uniform_axes,v6p1i_0069
silicon_die_lower,112.56286166608334,112.56286166608334,112.56286166608334,0.2512572333216667,isotropic_linear,v6p1i_0069
tim_between_dies,3.0727793985095557,3.0727793985095557,3.0727793985095557,0.4841255098581314,isotropic_log_uniform,v6p1i_0069
silicon_die_upper,127.34162649139762,127.34162649139762,127.34162649139762,0.5468325298279524,isotropic_linear,v6p1i_0069
tim_to_spreader,7.439182645972099,7.439182645972099,7.439182645972099,0.9952928693965077,isotropic_log_uniform,v6p1i_0069
spreader,395.9988338407129,395.9988338407129,395.9988338407129,0.7332555893808603,isotropic_linear,v6p1i_0069
pcb_fr4_equivalent,0.9370375271915709,0.9370375271915709,0.351389072696839,0.8542822618037462,correlated_log_uniform_axes,v6p1i_0070
bt_substrate_with_vias,0.21924992359306889,0.21924992359306889,0.5371623128030188,0.705909863114357,correlated_log_uniform_axes,v6p1i_0070
silicon_interposer_tsv_0p1,129.61801651865244,129.61801651865244,131.22101927176118,0.32060055062174797,correlated_linear_axes,v6p1i_0070
bump_underfill_under_interposer,0.5580917637241405,0.5580917637241405,4.557749403747146,0.337758575566113,correlated_log_uniform_axes,v6p1i_0070
silicon_die_lower,111.90624055452645,111.90624055452645,111.90624055452645,0.23812481109052896,isotropic_linear,v6p1i_0070
tim_between_dies,1.4765008735039575,1.4765008735039575,1.4765008735039575,0.060411988757550716,isotropic_log_uniform,v6p1i_0070
silicon_die_upper,122.73516524583101,122.73516524583101,122.73516524583101,0.45470330491662025,isotropic_linear,v6p1i_0070
tim_to_spreader,4.273950831037343,4.273950831037343,4.273950831037343,0.6748820375651121,isotropic_log_uniform,v6p1i_0070
spreader,397.7844016160816,397.7844016160816,397.7844016160816,0.8522934410721064,isotropic_linear,v6p1i_0070
pcb_fr4_equivalent,0.7650943453221017,0.7650943453221017,0.2869103794957881,0.40003615617752075,correlated_log_uniform_axes,v6p1i_0071
bt_substrate_with_vias,0.1643770185266762,0.1643770185266762,0.4027236953903567,0.06047422718256712,correlated_log_uniform_axes,v6p1i_0071
silicon_interposer_tsv_0p1,148.12803578563035,148.12803578563035,152.81604174990207,0.9376011928543448,correlated_linear_axes,v6p1i_0071
bump_underfill_under_interposer,0.6298122278793311,0.6298122278793311,5.143466527681203,0.6086566662415862,correlated_log_uniform_axes,v6p1i_0071
silicon_die_lower,145.50057398155332,145.50057398155332,145.50057398155332,0.9100114796310663,isotropic_linear,v6p1i_0071
tim_between_dies,4.633957909274762,4.633957909274762,4.633957909274762,0.7216367144137621,isotropic_log_uniform,v6p1i_0071
silicon_die_upper,138.41583584435284,138.41583584435284,138.41583584435284,0.7683167168870568,isotropic_linear,v6p1i_0071
tim_to_spreader,2.031996672418321,2.031996672418321,2.031996672418321,0.24503327161073685,isotropic_log_uniform,v6p1i_0071
spreader,390.63234355300665,390.63234355300665,390.63234355300665,0.37548957020044327,isotropic_linear,v6p1i_0071
pcb_fr4_equivalent,0.7910240100225032,0.7910240100225032,0.29663400375843874,0.4747171578928828,correlated_log_uniform_axes,v6p1i_0072
bt_substrate_with_vias,0.23505016093484776,0.23505016093484776,0.575872894290377,0.8618333907797933,correlated_log_uniform_axes,v6p1i_0072
silicon_interposer_tsv_0p1,127.51120177097619,127.51120177097619,128.76306873280555,0.25037339236587286,correlated_linear_axes,v6p1i_0072
bump_underfill_under_interposer,0.6929081597905732,0.6929081597905732,5.658749971623015,0.8225901192054152,correlated_log_uniform_axes,v6p1i_0072
silicon_die_lower,101.55116245150566,101.55116245150566,101.55116245150566,0.03102324903011322,isotropic_linear,v6p1i_0072
tim_between_dies,3.580920168715392,3.580920168715392,3.580920168715392,0.5726004904136062,isotropic_log_uniform,v6p1i_0072
silicon_die_upper,106.83775693178177,106.83775693178177,106.83775693178177,0.13675513863563538,isotropic_linear,v6p1i_0072
tim_to_spreader,2.967065504371961,2.967065504371961,2.967065504371961,0.4638858223333955,isotropic_log_uniform,v6p1i_0072
spreader,386.3495746999979,386.3495746999979,386.3495746999979,0.0899716466665268,isotropic_linear,v6p1i_0072
pcb_fr4_equivalent,0.9028348244443787,0.9028348244443787,0.338563059166642,0.7709643403068185,correlated_log_uniform_axes,v6p1i_0073
bt_substrate_with_vias,0.19161237514416923,0.19161237514416923,0.4694503191032146,0.4040014501661062,correlated_log_uniform_axes,v6p1i_0073
silicon_interposer_tsv_0p1,146.48997087031603,146.48997087031603,150.9049660153687,0.8829990290105343,correlated_linear_axes,v6p1i_0073
bump_underfill_under_interposer,0.506829968245642,0.506829968245642,4.139111407339409,0.12187104392796755,correlated_log_uniform_axes,v6p1i_0073
silicon_die_lower,141.39566286467016,141.39566286467016,141.39566286467016,0.8279132572934031,isotropic_linear,v6p1i_0073
tim_between_dies,1.7120831753477448,1.7120831753477448,1.7120831753477448,0.1459954921156168,isotropic_log_uniform,v6p1i_0073
silicon_die_upper,128.8737612310797,128.8737612310797,128.8737612310797,0.577475224621594,isotropic_linear,v6p1i_0073
tim_to_spreader,6.238542999782056,6.238542999782056,6.238542999782056,0.8935342570766807,isotropic_log_uniform,v6p1i_0073
spreader,395.1384526025504,395.1384526025504,395.1384526025504,0.6758968401700258,isotropic_linear,v6p1i_0073
pcb_fr4_equivalent,0.8283793720602389,0.8283793720602389,0.3106422645225896,0.5781100336462259,correlated_log_uniform_axes,v6p1i_0074
bt_substrate_with_vias,0.20277408861280485,0.20277408861280485,0.496796517101372,0.5308660697191954,correlated_log_uniform_axes,v6p1i_0074
silicon_interposer_tsv_0p1,121.40610968694091,121.40610968694091,121.64046130143106,0.04687032289803028,correlated_linear_axes,v6p1i_0074
bump_underfill_under_interposer,0.6112868168519412,0.6112868168519412,4.9921756709575185,0.5417592525482178,correlated_log_uniform_axes,v6p1i_0074
silicon_die_lower,134.24512157216668,134.24512157216668,134.24512157216668,0.6849024314433336,isotropic_linear,v6p1i_0074
tim_between_dies,2.3111366780776716,2.3111366780776716,2.3111366780776716,0.31945009995251894,isotropic_log_uniform,v6p1i_0074
silicon_die_upper,121.1541726719588,121.1541726719588,121.1541726719588,0.4230834534391761,isotropic_linear,v6p1i_0074
tim_to_spreader,4.5701959835101436,4.5701959835101436,4.5701959835101436,0.7136266194283962,isotropic_log_uniform,v6p1i_0074
spreader,396.9894805829972,396.9894805829972,396.9894805829972,0.7992987055331469,isotropic_linear,v6p1i_0074
pcb_fr4_equivalent,0.6948267043443342,0.6948267043443342,0.26056001412912533,0.1841735765337944,correlated_log_uniform_axes,v6p1i_0075
bt_substrate_with_vias,0.1776948923171297,0.1776948923171297,0.43535248617696787,0.23503743577748537,correlated_log_uniform_axes,v6p1i_0075
silicon_interposer_tsv_0p1,139.91269203834236,139.91269203834236,143.23147404473275,0.6637564012780786,correlated_linear_axes,v6p1i_0075
bump_underfill_under_interposer,0.5433305603814008,0.5433305603814008,4.437199576448107,0.27769522555172443,correlated_log_uniform_axes,v6p1i_0075
silicon_die_lower,124.08979018218815,124.08979018218815,124.08979018218815,0.48179580364376307,isotropic_linear,v6p1i_0075
tim_between_dies,6.293918709840244,6.293918709840244,6.293918709840244,0.8986432924866676,isotropic_log_uniform,v6p1i_0075
silicon_die_upper,143.0848908610642,143.0848908610642,143.0848908610642,0.8616978172212839,isotropic_linear,v6p1i_0075
tim_to_spreader,1.7055751973522695,1.7055751973522695,1.7055751973522695,0.14379372633993626,isotropic_log_uniform,v6p1i_0075
spreader,391.9472838938236,391.9472838938236,391.9472838938236,0.4631522595882416,isotropic_linear,v6p1i_0075
pcb_fr4_equivalent,0.6570235806491632,0.6570235806491632,0.2463838427434362,0.058822521939873695,correlated_log_uniform_axes,v6p1i_0076
bt_substrate_with_vias,0.21585334260598338,0.21585334260598338,0.5288406893846593,0.6709254886955023,correlated_log_uniform_axes,v6p1i_0076
silicon_interposer_tsv_0p1,144.33513809926808,144.33513809926808,148.3909944491461,0.8111712699756026,correlated_linear_axes,v6p1i_0076
bump_underfill_under_interposer,0.5684484733529893,0.5684484733529893,4.642329199049413,0.37895912304520607,correlated_log_uniform_axes,v6p1i_0076
silicon_die_lower,117.14301807805896,117.14301807805896,117.14301807805896,0.34286036156117916,isotropic_linear,v6p1i_0076
tim_between_dies,4.222553656590703,4.222553656590703,4.222553656590703,0.6678875256329775,isotropic_log_uniform,v6p1i_0076
silicon_die_upper,114.49519018642604,114.49519018642604,114.49519018642604,0.28990380372852087,isotropic_linear,v6p1i_0076
tim_to_spreader,3.6874464302704797,3.6874464302704797,3.6874464302704797,0.5895479312166572,isotropic_log_uniform,v6p1i_0076
spreader,398.9805629430339,398.9805629430339,398.9805629430339,0.9320375295355916,isotropic_linear,v6p1i_0076
pcb_fr4_equivalent,0.875648102263794,0.875648102263794,0.3283680383489227,0.7024539187550545,correlated_log_uniform_axes,v6p1i_0077
bt_substrate_with_vias,0.16453967733997507,0.16453967733997507,0.40312220948293903,0.06269041914492846,correlated_log_uniform_axes,v6p1i_0077
silicon_interposer_tsv_0p1,132.85980205982924,132.85980205982924,135.0031024031341,0.4286600686609745,correlated_linear_axes,v6p1i_0077
bump_underfill_under_interposer,0.6485617817413843,0.6485617817413843,5.296587884221305,0.6743891146034002,correlated_log_uniform_axes,v6p1i_0077
silicon_die_lower,125.7374229375273,125.7374229375273,125.7374229375273,0.514748458750546,isotropic_linear,v6p1i_0077
tim_between_dies,1.6199717946391643,1.6199717946391643,1.6199717946391643,0.11402384843677282,isotropic_log_uniform,v6p1i_0077
silicon_die_upper,148.99915056303144,148.99915056303144,148.99915056303144,0.9799830112606287,isotropic_linear,v6p1i_0077
tim_to_spreader,1.371749737050321,1.371749737050321,1.371749737050321,0.017868840135633945,isotropic_log_uniform,v6p1i_0077
spreader,389.9561934033409,389.9561934033409,389.9561934033409,0.3304128935560584,isotropic_linear,v6p1i_0077
pcb_fr4_equivalent,0.9547941158556056,0.9547941158556056,0.3580477934458521,0.8963457671925426,correlated_log_uniform_axes,v6p1i_0078
bt_substrate_with_vias,0.24334517328840224,0.24334517328840224,0.5961956745565855,0.9395456062629819,correlated_log_uniform_axes,v6p1i_0078
silicon_interposer_tsv_0p1,135.5049748532474,135.5049748532474,138.08913732878864,0.5168324951082468,correlated_linear_axes,v6p1i_0078
bump_underfill_under_interposer,0.53028642981859,0.53028642981859,4.330672510185151,0.2232446102425456,correlated_log_uniform_axes,v6p1i_0078
silicon_die_lower,149.87894762307405,149.87894762307405,149.87894762307405,0.9975789524614811,isotropic_linear,v6p1i_0078
tim_between_dies,2.7157655996257954,2.7157655996257954,2.7157655996257954,0.4127218723297119,isotropic_log_uniform,v6p1i_0078
silicon_die_upper,101.06998160481453,101.06998160481453,101.06998160481453,0.02139963209629059,isotropic_linear,v6p1i_0078
tim_to_spreader,2.3879096599553202,2.3879096599553202,2.3879096599553202,0.3383426461368799,isotropic_log_uniform,v6p1i_0078
spreader,388.1083764741197,388.1083764741197,388.1083764741197,0.2072250982746482,isotropic_linear,v6p1i_0078
pcb_fr4_equivalent,0.7482928623376023,0.7482928623376023,0.2806098233766008,0.35028180573135614,correlated_log_uniform_axes,v6p1i_0079
bt_substrate_with_vias,0.18244293375968726,0.18244293375968726,0.4469851877112338,0.2941237073391676,correlated_log_uniform_axes,v6p1i_0079
silicon_interposer_tsv_0p1,124.49495921842754,124.49495921842754,125.24411908816546,0.14983197394758463,correlated_linear_axes,v6p1i_0079
bump_underfill_under_interposer,0.7351198540879536,0.7351198540879536,6.003478808384953,0.9550969460979104,correlated_log_uniform_axes,v6p1i_0079
silicon_die_lower,108.4735210519284,108.4735210519284,108.4735210519284,0.16947042103856802,isotropic_linear,v6p1i_0079
tim_between_dies,5.976076868639979,5.976076868639979,5.976076868639979,0.8686850043013692,isotropic_log_uniform,v6p1i_0079
silicon_die_upper,135.48391559161246,135.48391559161246,135.48391559161246,0.7096783118322492,isotropic_linear,v6p1i_0079
tim_to_spreader,5.030228106305879,5.030228106305879,5.030228106305879,0.7690743319690228,isotropic_log_uniform,v6p1i_0079
spreader,393.37965610902756,393.37965610902756,393.37965610902756,0.5586437406018376,isotropic_linear,v6p1i_0079
pcb_fr4_equivalent,0.7410875789281428,0.7410875789281428,0.2779078420980535,0.32860154658555984,correlated_log_uniform_axes,v6p1i_0080
bt_substrate_with_vias,0.24923179844120677,0.24923179844120677,0.6106179061809567,0.9931041318923235,correlated_log_uniform_axes,v6p1i_0080
silicon_interposer_tsv_0p1,148.01344938576221,148.01344938576221,152.68235761672258,0.9337816461920738,correlated_linear_axes,v6p1i_0080
bump_underfill_under_interposer,0.5653365316478516,0.5653365316478516,4.616915008457455,0.366658772341907,correlated_log_uniform_axes,v6p1i_0080
silicon_die_lower,135.43245275504887,135.43245275504887,135.43245275504887,0.7086490551009774,isotropic_linear,v6p1i_0080
tim_between_dies,1.5221866974138565,1.5221866974138565,1.5221866974138565,0.07802919391542673,isotropic_log_uniform,v6p1i_0080
silicon_die_upper,145.68243375979364,145.68243375979364,145.68243375979364,0.9136486751958728,isotropic_linear,v6p1i_0080
tim_to_spreader,2.4257437320335824,2.4257437320335824,2.4257437320335824,0.3474306892603636,isotropic_log_uniform,v6p1i_0080
spreader,394.3843428324908,394.3843428324908,394.3843428324908,0.6256228554993868,isotropic_linear,v6p1i_0080
pcb_fr4_equivalent,0.9603161041005283,0.9603161041005283,0.3601185390376981,0.9092674348503351,correlated_log_uniform_axes,v6p1i_0081
bt_substrate_with_vias,0.18074874603956634,0.18074874603956634,0.44283442779693755,0.2732189828529954,correlated_log_uniform_axes,v6p1i_0081
silicon_interposer_tsv_0p1,129.03445498086512,129.03445498086512,130.54019747767597,0.3011484993621707,correlated_linear_axes,v6p1i_0081
bump_underfill_under_interposer,0.617488050100042,0.617488050100042,5.042819075817009,0.5643757367506623,correlated_log_uniform_axes,v6p1i_0081
silicon_die_lower,119.02559408918023,119.02559408918023,119.02559408918023,0.3805118817836046,isotropic_linear,v6p1i_0081
tim_between_dies,4.033559442057297,4.033559442057297,4.033559442057297,0.6414146013557911,isotropic_log_uniform,v6p1i_0081
silicon_die_upper,117.42241745814681,117.42241745814681,117.42241745814681,0.3484483491629362,isotropic_linear,v6p1i_0081
tim_to_spreader,5.226826736868754,5.226826736868754,5.226826736868754,0.7912391498684883,isotropic_log_uniform,v6p1i_0081
spreader,386.5323954075575,386.5323954075575,386.5323954075575,0.10215969383716583,isotropic_linear,v6p1i_0081
pcb_fr4_equivalent,0.8919406181354103,0.8919406181354103,0.33447773180077883,0.7437619874253869,correlated_log_uniform_axes,v6p1i_0082
bt_substrate_with_vias,0.21350562330329384,0.21350562330329384,0.5230887770930699,0.6464210012927651,correlated_log_uniform_axes,v6p1i_0082
silicon_interposer_tsv_0p1,139.3265990819782,139.3265990819782,142.54769892897457,0.6442199693992734,correlated_linear_axes,v6p1i_0082
bump_underfill_under_interposer,0.4850227387348332,0.4850227387348332,3.9610190330011377,0.023325052112340927,correlated_log_uniform_axes,v6p1i_0082
silicon_die_lower,105.82190020941198,105.82190020941198,105.82190020941198,0.11643800418823957,isotropic_linear,v6p1i_0082
tim_between_dies,5.447180799832975,5.447180799832975,5.447180799832975,0.8151122285053134,isotropic_log_uniform,v6p1i_0082
silicon_die_upper,132.55134169012308,132.55134169012308,132.55134169012308,0.6510268338024616,isotropic_linear,v6p1i_0082
tim_to_spreader,3.7269359587500097,3.7269359587500097,3.7269359587500097,0.5957062793895602,isotropic_log_uniform,v6p1i_0082
spreader,392.2506108880043,392.2506108880043,392.2506108880043,0.48337405920028687,isotropic_linear,v6p1i_0082
pcb_fr4_equivalent,0.6430660885972934,0.6430660885972934,0.241149783223985,0.010709079913794994,correlated_log_uniform_axes,v6p1i_0083
bt_substrate_with_vias,0.1688001087050669,0.1688001087050669,0.41356026632741394,0.119970778003335,correlated_log_uniform_axes,v6p1i_0083
silicon_interposer_tsv_0p1,120.820242036134,120.820242036134,120.95694904215634,0.02734140120446682,correlated_linear_axes,v6p1i_0083
bump_underfill_under_interposer,0.6806821190521434,0.6806821190521434,5.55890397225917,0.7827008794993162,correlated_log_uniform_axes,v6p1i_0083
silicon_die_lower,139.41487595438957,139.41487595438957,139.41487595438957,0.7882975190877914,isotropic_linear,v6p1i_0083
tim_between_dies,2.674301862781694,2.674301862781694,2.674301862781694,0.4038270767778158,isotropic_log_uniform,v6p1i_0083
silicon_die_upper,104.39355899579823,104.39355899579823,104.39355899579823,0.0878711799159646,isotropic_linear,v6p1i_0083
tim_to_spreader,1.4326038869064415,1.4326038869064415,1.4326038869064415,0.0429633529856801,isotropic_log_uniform,v6p1i_0083
spreader,396.3492395263165,396.3492395263165,396.3492395263165,0.7566159684211016,isotropic_linear,v6p1i_0083
pcb_fr4_equivalent,0.6797790543634705,0.6797790543634705,0.25491714538630145,0.13511402998119593,correlated_log_uniform_axes,v6p1i_0084
bt_substrate_with_vias,0.20329112524113888,0.20329112524113888,0.4980632568407902,0.536572196520865,correlated_log_uniform_axes,v6p1i_0084
silicon_interposer_tsv_0p1,131.3364091515541,131.3364091515541,133.22581067681313,0.3778803050518036,correlated_linear_axes,v6p1i_0084
bump_underfill_under_interposer,0.7272041206751831,0.7272041206751831,5.938833652180662,0.9308382496237755,correlated_log_uniform_axes,v6p1i_0084
silicon_die_lower,144.79873138479888,144.79873138479888,144.79873138479888,0.8959746276959777,isotropic_linear,v6p1i_0084
tim_between_dies,1.785505324989868,1.785505324989868,1.785505324989868,0.1702713929116726,isotropic_log_uniform,v6p1i_0084
silicon_die_upper,125.15993434935808,125.15993434935808,125.15993434935808,0.5031986869871616,isotropic_linear,v6p1i_0084
tim_to_spreader,4.637799176178032,4.637799176178032,4.637799176178032,0.7221157476305962,isotropic_log_uniform,v6p1i_0084
spreader,390.25757579598576,390.25757579598576,390.25757579598576,0.3505050530657172,isotropic_linear,v6p1i_0084
pcb_fr4_equivalent,0.8433902440992066,0.8433902440992066,0.31627134153720243,0.6183499274775386,correlated_log_uniform_axes,v6p1i_0085
bt_substrate_with_vias,0.17474535371005293,0.17474535371005293,0.4281261165896298,0.19753198511898518,correlated_log_uniform_axes,v6p1i_0085
silicon_interposer_tsv_0p1,142.81151273287833,142.81151273287833,146.61343152169138,0.7603837577626109,correlated_linear_axes,v6p1i_0085
bump_underfill_under_interposer,0.5110231816938424,0.5110231816938424,4.173355983833046,0.14033309556543827,correlated_log_uniform_axes,v6p1i_0085
silicon_die_lower,109.64177716523409,109.64177716523409,109.64177716523409,0.19283554330468178,isotropic_linear,v6p1i_0085
tim_between_dies,3.8254681421646093,3.8254681421646093,3.8254681421646093,0.6107921609655023,isotropic_log_uniform,v6p1i_0085
silicon_die_upper,109.38008134253323,109.38008134253323,109.38008134253323,0.18760162685066462,isotropic_linear,v6p1i_0085
tim_to_spreader,1.7740484470598978,1.7740484470598978,1.7740484470598978,0.1665498297661543,isotropic_log_uniform,v6p1i_0085
spreader,398.342266487889,398.342266487889,398.342266487889,0.8894844325259328,isotropic_linear,v6p1i_0085
pcb_fr4_equivalent,0.9084645485269174,0.9084645485269174,0.340674205697594,0.7848931476473808,correlated_log_uniform_axes,v6p1i_0086
bt_substrate_with_vias,0.23077717150160096,0.23077717150160096,0.5654040701789224,0.8207246009260416,correlated_log_uniform_axes,v6p1i_0086
silicon_interposer_tsv_0p1,125.0807376857847,125.0807376857847,125.92752730008215,0.16935792285948992,correlated_linear_axes,v6p1i_0086
bump_underfill_under_interposer,0.659723834983142,0.659723834983142,5.387744652362326,0.712624697946012,correlated_log_uniform_axes,v6p1i_0086
silicon_die_lower,115.23013138212264,115.23013138212264,115.23013138212264,0.3046026276424527,isotropic_linear,v6p1i_0086
tim_between_dies,6.410427287636069,6.410427287636069,6.410427287636069,0.9092473220080137,isotropic_log_uniform,v6p1i_0086
silicon_die_upper,140.54942703805864,140.54942703805864,140.54942703805864,0.8109885407611728,isotropic_linear,v6p1i_0086
tim_to_spreader,3.0058731676661843,3.0058731676661843,3.0058731676661843,0.471398395486176,isotropic_log_uniform,v6p1i_0086
spreader,392.62726205866784,392.62726205866784,392.62726205866784,0.5084841372445226,isotropic_linear,v6p1i_0086
pcb_fr4_equivalent,0.7837167731348719,0.7837167731348719,0.2938937899255769,0.4539219681173563,correlated_log_uniform_axes,v6p1i_0087
bt_substrate_with_vias,0.19242060457802554,0.19242060457802554,0.47143048121616266,0.4134329864755273,correlated_log_uniform_axes,v6p1i_0087
silicon_interposer_tsv_0p1,136.0909857787192,136.0909857787192,138.77281674183905,0.5363661926239729,correlated_linear_axes,v6p1i_0087
bump_underfill_under_interposer,0.5956081055275378,0.5956081055275378,4.864132861808225,0.4835380734875798,correlated_log_uniform_axes,v6p1i_0087
silicon_die_lower,130.0730119459331,130.0730119459331,130.0730119459331,0.6014602389186621,isotropic_linear,v6p1i_0087
tim_between_dies,2.5280521421210347,2.5280521421210347,2.5280521421210347,0.37131364922970533,isotropic_log_uniform,v6p1i_0087
silicon_die_upper,124.86265292391181,124.86265292391181,124.86265292391181,0.4972530584782362,isotropic_linear,v6p1i_0087
tim_to_spreader,6.499970330159779,6.499970330159779,6.499970330159779,0.9172669155523181,isotropic_log_uniform,v6p1i_0087
spreader,388.28948146197945,388.28948146197945,388.28948146197945,0.21929876413196325,isotropic_linear,v6p1i_0087
pcb_fr4_equivalent,0.7723979988850059,0.7723979988850059,0.2896492495818772,0.4213247084990144,correlated_log_uniform_axes,v6p1i_0088
bt_substrate_with_vias,0.2212991143312344,0.2212991143312344,0.5421828301115243,0.7267551040276885,correlated_log_uniform_axes,v6p1i_0088
silicon_interposer_tsv_0p1,126.71702871099114,126.71702871099114,127.83653349615633,0.22390095703303814,correlated_linear_axes,v6p1i_0088
bump_underfill_under_interposer,0.5242185766752613,0.5242185766752613,4.2811183761813,0.19745725113898516,correlated_log_uniform_axes,v6p1i_0088
silicon_die_lower,123.24136700481176,123.24136700481176,123.24136700481176,0.4648273400962353,isotropic_linear,v6p1i_0088
tim_between_dies,2.935090965244826,2.935090965244826,2.935090965244826,0.4576218333095312,isotropic_log_uniform,v6p1i_0088
silicon_die_upper,129.8782258760184,129.8782258760184,129.8782258760184,0.5975645175203681,isotropic_linear,v6p1i_0088
tim_to_spreader,3.991829320904036,3.991829320904036,3.991829320904036,0.6354023013263941,isotropic_log_uniform,v6p1i_0088
spreader,389.63154094759375,389.63154094759375,389.63154094759375,0.3087693965062499,isotropic_linear,v6p1i_0088
pcb_fr4_equivalent,0.9310257821802329,0.9310257821802329,0.3491346683175873,0.8398602409288287,correlated_log_uniform_axes,v6p1i_0089
bt_substrate_with_vias,0.16049010217677556,0.16049010217677556,0.3932007503331002,0.006853114813566208,correlated_log_uniform_axes,v6p1i_0089
silicon_interposer_tsv_0p1,138.19602674804628,138.19602674804628,141.22869787272066,0.606534224934876,correlated_linear_axes,v6p1i_0089
bump_underfill_under_interposer,0.7489140830419889,0.7489140830419889,6.1161316781762425,0.9967533489689231,correlated_log_uniform_axes,v6p1i_0089
silicon_die_lower,131.8342715036124,131.8342715036124,131.8342715036124,0.636685430072248,isotropic_linear,v6p1i_0089
tim_between_dies,4.964104204711579,4.964104204711579,4.964104204711579,0.7614242834970355,isotropic_log_uniform,v6p1i_0089
silicon_die_upper,107.84832509234548,107.84832509234548,107.84832509234548,0.15696650184690952,isotropic_linear,v6p1i_0089
tim_to_spreader,1.849942501114501,1.849942501114501,1.849942501114501,0.1907677762210369,isotropic_log_uniform,v6p1i_0089
spreader,399.3564847065136,399.3564847065136,399.3564847065136,0.9570989804342389,isotropic_linear,v6p1i_0089
pcb_fr4_equivalent,0.8022912615754879,0.8022912615754879,0.3008592230908079,0.5064083933830261,correlated_log_uniform_axes,v6p1i_0090
bt_substrate_with_vias,0.23696947534192267,0.23696947534192267,0.5805752145877106,0.8800557292997837,correlated_log_uniform_axes,v6p1i_0090
silicon_interposer_tsv_0p1,133.44285123981535,133.44285123981535,135.68332644645125,0.4480950413271785,correlated_linear_axes,v6p1i_0090
bump_underfill_under_interposer,0.5780907577426663,0.5780907577426663,4.721074521565107,0.4166483227163553,correlated_log_uniform_axes,v6p1i_0090
silicon_die_lower,143.42807373031974,143.42807373031974,143.42807373031974,0.8685614746063948,isotropic_linear,v6p1i_0090
tim_between_dies,4.56296483369622,4.56296483369622,4.56296483369622,0.7127111591398716,isotropic_log_uniform,v6p1i_0090
silicon_die_upper,142.13002920150757,142.13002920150757,142.13002920150757,0.8426005840301514,isotropic_linear,v6p1i_0090
tim_to_spreader,2.593632010048639,2.593632010048639,2.593632010048639,0.3861195435747504,isotropic_log_uniform,v6p1i_0090
spreader,393.7078560097143,393.7078560097143,393.7078560097143,0.5805237339809537,isotropic_linear,v6p1i_0090
pcb_fr4_equivalent,0.7123960535533446,0.7123960535533446,0.26714852008250417,0.24012756533920765,correlated_log_uniform_axes,v6p1i_0091
bt_substrate_with_vias,0.18735222016350236,0.18735222016350236,0.45901293940058085,0.35362115409225225,correlated_log_uniform_axes,v6p1i_0091
silicon_interposer_tsv_0p1,144.4492046535015,144.4492046535015,148.52407209575176,0.8149734884500504,correlated_linear_axes,v6p1i_0091
bump_underfill_under_interposer,0.6422766995972016,0.6422766995972016,5.245259713377145,0.652568943798542,correlated_log_uniform_axes,v6p1i_0091
silicon_die_lower,102.02119112946093,102.02119112946093,102.02119112946093,0.040423822589218616,isotropic_linear,v6p1i_0091
tim_between_dies,1.345756774624626,1.345756774624626,1.345756774624626,0.006808930076658726,isotropic_log_uniform,v6p1i_0091
silicon_die_upper,120.19320749677718,120.19320749677718,120.19320749677718,0.40386414993554354,isotropic_linear,v6p1i_0091
tim_to_spreader,6.761247759589737,6.761247759589737,6.761247759589737,0.9400508040562272,isotropic_log_uniform,v6p1i_0091
spreader,387.72890681866556,387.72890681866556,387.72890681866556,0.18192712124437094,isotropic_linear,v6p1i_0091
pcb_fr4_equivalent,0.6735637104299538,0.6735637104299538,0.2525863914112326,0.11453257501125336,correlated_log_uniform_axes,v6p1i_0092
bt_substrate_with_vias,0.22890097611221352,0.22890097611221352,0.5608073914749233,0.8024333976209164,correlated_log_uniform_axes,v6p1i_0092
silicon_interposer_tsv_0p1,141.43112422898412,141.43112422898412,145.00297826714814,0.7143708076328039,correlated_linear_axes,v6p1i_0092
bump_underfill_under_interposer,0.601156363162763,0.601156363162763,4.909443632495896,0.5043143015354872,correlated_log_uniform_axes,v6p1i_0092
silicon_die_lower,107.57636176422238,107.57636176422238,107.57636176422238,0.15152723528444767,isotropic_linear,v6p1i_0092
tim_between_dies,2.2420675891860773,2.2420675891860773,2.2420675891860773,0.30190915148705244,isotropic_log_uniform,v6p1i_0092
silicon_die_upper,147.22651466727257,147.22651466727257,147.22651466727257,0.9445302933454514,isotropic_linear,v6p1i_0092
tim_to_spreader,2.084669770047301,2.084669770047301,2.084669770047301,0.25982844457030296,isotropic_log_uniform,v6p1i_0092
spreader,395.6992833968252,395.6992833968252,395.6992833968252,0.7132855597883463,isotropic_linear,v6p1i_0092
pcb_fr4_equivalent,0.8481637583180475,0.8481637583180475,0.3180614093692678,0.6309963930398226,correlated_log_uniform_axes,v6p1i_0093
bt_substrate_with_vias,0.19676050549708377,0.19676050549708377,0.4820632384678552,0.4634090131148696,correlated_log_uniform_axes,v6p1i_0093
silicon_interposer_tsv_0p1,122.45601712726057,122.45601712726057,122.86535331513733,0.08186723757535219,correlated_linear_axes,v6p1i_0093
bump_underfill_under_interposer,0.5487071551869572,0.5487071551869572,4.481108434026817,0.2997594587504864,correlated_log_uniform_axes,v6p1i_0093
silicon_die_lower,147.41917070932686,147.41917070932686,147.41917070932686,0.9483834141865373,isotropic_linear,v6p1i_0093
tim_between_dies,7.227148728578385,7.227148728578385,7.227148728578385,0.9785755258053541,isotropic_log_uniform,v6p1i_0093
silicon_die_upper,112.71645077504218,112.71645077504218,112.71645077504218,0.2543290155008435,isotropic_linear,v6p1i_0093
tim_to_spreader,5.45874548602572,5.45874548602572,5.45874548602572,0.816338324919343,isotropic_log_uniform,v6p1i_0093
spreader,385.7374745979905,385.7374745979905,385.7374745979905,0.04916497319936752,isotropic_linear,v6p1i_0093
pcb_fr4_equivalent,0.9847148222255249,0.9847148222255249,0.36926805833457177,0.9654858941212296,correlated_log_uniform_axes,v6p1i_0094
bt_substrate_with_vias,0.20788119033820945,0.20788119033820945,0.5093089163286131,0.5866019865497947,correlated_log_uniform_axes,v6p1i_0094
silicon_interposer_tsv_0p1,149.65154291130602,149.65154291130602,154.59346672985703,0.9883847637102008,correlated_linear_axes,v6p1i_0094
bump_underfill_under_interposer,0.7010050088718298,0.7010050088718298,5.724874239119942,0.8486217195168138,correlated_log_uniform_axes,v6p1i_0094
silicon_die_lower,127.81875990331173,127.81875990331173,127.81875990331173,0.5563751980662346,isotropic_linear,v6p1i_0094
tim_between_dies,3.474178410489261,3.474178410489261,3.474178410489261,0.5551053443923593,isotropic_log_uniform,v6p1i_0094
silicon_die_upper,137.2084982227534,137.2084982227534,137.2084982227534,0.7441699644550681,isotropic_linear,v6p1i_0094
tim_to_spreader,3.2220700189075564,3.2220700189075564,3.2220700189075564,0.5115527296438813,isotropic_log_uniform,v6p1i_0094
spreader,391.3902298733592,391.3902298733592,391.3902298733592,0.42601532489061356,isotropic_linear,v6p1i_0094
pcb_fr4_equivalent,0.7305933742055177,0.7305933742055177,0.2739725153270692,0.29664507042616606,correlated_log_uniform_axes,v6p1i_0095
bt_substrate_with_vias,0.17332879486966712,0.17332879486966712,0.4246555474306845,0.17929382994771004,correlated_log_uniform_axes,v6p1i_0095
silicon_interposer_tsv_0p1,131.14129833877087,131.14129833877087,132.99818139523268,0.3713766112923622,correlated_linear_axes,v6p1i_0095
bump_underfill_under_interposer,0.49754887295608474,0.49754887295608474,4.063315795808025,0.08045871090143919,correlated_log_uniform_axes,v6p1i_0095
silicon_die_lower,117.6617821212858,117.6617821212858,117.6617821212858,0.3532356424257159,isotropic_linear,v6p1i_0095
tim_between_dies,1.965682559257679,1.965682559257679,1.965682559257679,0.2258513979613781,isotropic_log_uniform,v6p1i_0095
silicon_die_upper,102.80066775158048,102.80066775158048,102.80066775158048,0.056013355031609535,isotropic_linear,v6p1i_0095
tim_to_spreader,1.48727229365228,1.48727229365228,1.48727229365228,0.0646142503246665,isotropic_log_uniform,v6p1i_0095
spreader,397.59780435822904,397.59780435822904,397.59780435822904,0.8398536238819361,isotropic_linear,v6p1i_0095
pcb_fr4_equivalent,0.7322543002034942,0.7322543002034942,0.2745953625763103,0.3017333038151264,correlated_log_uniform_axes,v6p1i_0096
bt_substrate_with_vias,0.22627707102931283,0.22627707102931283,0.5543788240218164,0.7765996577218175,correlated_log_uniform_axes,v6p1i_0096
silicon_interposer_tsv_0p1,121.53492372483015,121.53492372483015,121.79074434563518,0.05116412416100502,correlated_linear_axes,v6p1i_0096
bump_underfill_under_interposer,0.5978597717021089,0.5978597717021089,4.882521468900556,0.491992992348969,correlated_log_uniform_axes,v6p1i_0096
silicon_die_lower,146.40389382839203,146.40389382839203,146.40389382839203,0.9280778765678406,isotropic_linear,v6p1i_0096
tim_between_dies,1.3913631915773201,1.3913631915773201,1.3913631915773201,0.02607643511146307,isotropic_log_uniform,v6p1i_0096
silicon_die_upper,131.52202740311623,131.52202740311623,131.52202740311623,0.6304405480623245,isotropic_linear,v6p1i_0096
tim_to_spreader,1.9396707403101612,1.9396707403101612,1.9396707403101612,0.21814999263733625,isotropic_log_uniform,v6p1i_0096
spreader,386.80012764409184,386.80012764409184,386.80012764409184,0.12000850960612297,isotropic_linear,v6p1i_0096
pcb_fr4_equivalent,0.9757071894632098,0.9757071894632098,0.3658901960487036,0.9448947813361883,correlated_log_uniform_axes,v6p1i_0097
bt_substrate_with_vias,0.19896014991984529,0.19896014991984529,0.48745236730362096,0.4883195962756872,correlated_log_uniform_axes,v6p1i_0097
silicon_interposer_tsv_0p1,140.5139182973653,140.5139182973653,143.93290468025953,0.6837972765788436,correlated_linear_axes,v6p1i_0097
bump_underfill_under_interposer,0.6527453042115301,0.6527453042115301,5.330753317727495,0.688796310685575,correlated_log_uniform_axes,v6p1i_0097
silicon_die_lower,111.24706058762968,111.24706058762968,111.24706058762968,0.22494121175259352,isotropic_linear,v6p1i_0097
tim_between_dies,4.409840332173488,4.409840332173488,4.409840332173488,0.6929773110896349,isotropic_log_uniform,v6p1i_0097
silicon_die_upper,103.45727601088583,103.45727601088583,103.45727601088583,0.0691455202177167,isotropic_linear,v6p1i_0097
tim_to_spreader,4.073302405344247,4.073302405344247,4.073302405344247,0.6470830487087369,isotropic_log_uniform,v6p1i_0097
spreader,394.6512766648084,394.6512766648084,394.6512766648084,0.6434184443205595,isotropic_linear,v6p1i_0097
pcb_fr4_equivalent,0.8566937091752026,0.8566937091752026,0.32126014094070093,0.6534185679629445,correlated_log_uniform_axes,v6p1i_0098
bt_substrate_with_vias,0.21056744730645616,0.21056744730645616,0.5158902459008177,0.615371135994792,correlated_log_uniform_axes,v6p1i_0098
silicon_interposer_tsv_0p1,128.31979463808239,128.31979463808239,129.70642707776278,0.2773264879360795,correlated_linear_axes,v6p1i_0098
bump_underfill_under_interposer,0.512730694872136,0.512730694872136,4.1873006747891095,0.1478076372295618,correlated_log_uniform_axes,v6p1i_0098
silicon_die_lower,113.51500982418656,113.51500982418656,113.51500982418656,0.27030019648373127,isotropic_linear,v6p1i_0098
tim_between_dies,5.068130776584766,5.068130776584766,5.068130776584766,0.7734141768887639,isotropic_log_uniform,v6p1i_0098
silicon_die_upper,146.51631633751094,146.51631633751094,146.51631633751094,0.9303263267502189,isotropic_linear,v6p1i_0098
tim_to_spreader,7.089188913658039,7.089188913658039,7.089188913658039,0.9674329068511724,isotropic_log_uniform,v6p1i_0098
spreader,396.55357462354004,396.55357462354004,396.55357462354004,0.7702383082360029,isotropic_linear,v6p1i_0098
pcb_fr4_equivalent,0.6715601305198697,0.6715601305198697,0.2518350489449511,0.10785743501037359,correlated_log_uniform_axes,v6p1i_0099
bt_substrate_with_vias,0.17103896178032713,0.17103896178032713,0.41904545636180146,0.14949471224099398,correlated_log_uniform_axes,v6p1i_0099
silicon_interposer_tsv_0p1,146.82615173980594,146.82615173980594,151.2971770297736,0.8942050579935312,correlated_linear_axes,v6p1i_0099
bump_underfill_under_interposer,0.7198217610955341,0.7198217610955341,5.878544382280195,0.9079749807715416,correlated_log_uniform_axes,v6p1i_0099
silicon_die_lower,128.35796033032238,128.35796033032238,128.35796033032238,0.5671592066064477,isotropic_linear,v6p1i_0099
tim_between_dies,2.877242231849196,2.877242231849196,2.877242231849196,0.44611354172229767,isotropic_log_uniform,v6p1i_0099
silicon_die_upper,118.55379836633801,118.55379836633801,118.55379836633801,0.3710759673267603,isotropic_linear,v6p1i_0099
tim_to_spreader,2.646568443700143,2.646568443700143,2.646568443700143,0.39780040085315704,isotropic_log_uniform,v6p1i_0099
spreader,392.4491068162024,392.4491068162024,392.4491068162024,0.49660712108016014,isotropic_linear,v6p1i_0099
pcb_fr4_equivalent,0.7102189410590702,0.7102189410590702,0.2663321028971513,0.23326937574893236,correlated_log_uniform_axes,v6p1i_0100
bt_substrate_with_vias,0.21809643262950082,0.21809643262950082,0.5343362599422772,0.6940901931375265,correlated_log_uniform_axes,v6p1i_0100
silicon_interposer_tsv_0p1,135.31197387725115,135.31197387725115,137.86396952345967,0.5103991292417049,correlated_linear_axes,v6p1i_0100
bump_underfill_under_interposer,0.6878691458678955,0.6878691458678955,5.617598024587812,0.8062355350703001,correlated_log_uniform_axes,v6p1i_0100
silicon_die_lower,137.03771410509944,137.03771410509944,137.03771410509944,0.7407542821019888,isotropic_linear,v6p1i_0100
tim_between_dies,2.032489163738967,2.032489163738967,2.032489163738967,0.24517337419092655,isotropic_log_uniform,v6p1i_0100
silicon_die_upper,139.12491048686206,139.12491048686206,139.12491048686206,0.7824982097372413,isotropic_linear,v6p1i_0100
tim_to_spreader,5.722148336252391,5.722148336252391,5.722148336252391,0.8435827391222119,isotropic_log_uniform,v6p1i_0100
spreader,398.54488687124103,398.54488687124103,398.54488687124103,0.9029924580827355,isotropic_linear,v6p1i_0100
pcb_fr4_equivalent,0.8104261207494508,0.8104261207494508,0.30390979528104395,0.5290137371048331,correlated_log_uniform_axes,v6p1i_0101
bt_substrate_with_vias,0.16292283304028524,0.16292283304028524,0.39916094094869886,0.04056325275450945,correlated_log_uniform_axes,v6p1i_0101
silicon_interposer_tsv_0p1,123.83687046356499,123.83687046356499,124.47634887415916,0.12789568211883307,correlated_linear_axes,v6p1i_0101
bump_underfill_under_interposer,0.4831573791975807,0.4831573791975807,3.9457852634469086,0.014690842479467392,correlated_log_uniform_axes,v6p1i_0101
silicon_die_lower,120.63078531064093,120.63078531064093,120.63078531064093,0.4126157062128186,isotropic_linear,v6p1i_0101
tim_between_dies,3.357197658773761,3.357197658773761,3.357197658773761,0.5353036737069488,isotropic_log_uniform,v6p1i_0101
silicon_die_upper,123.54032220318913,123.54032220318913,123.54032220318913,0.4708064440637827,isotropic_linear,v6p1i_0101
tim_to_spreader,2.1277213944542974,2.1277213944542974,2.1277213944542974,0.2716460404917598,isotropic_log_uniform,v6p1i_0101
spreader,390.4577884497121,390.4577884497121,390.4577884497121,0.36385256331413984,isotropic_linear,v6p1i_0101
pcb_fr4_equivalent,0.9226348919655035,0.9226348919655035,0.34598808448706375,0.8195742405951023,correlated_log_uniform_axes,v6p1i_0102
bt_substrate_with_vias,0.24097405033185948,0.24097405033185948,0.5903864233130559,0.9176053600385785,correlated_log_uniform_axes,v6p1i_0102
silicon_interposer_tsv_0p1,143.59053167514503,143.59053167514503,147.52228695433587,0.7863510558381677,correlated_linear_axes,v6p1i_0102
bump_underfill_under_interposer,0.6237327521982704,0.6237327521982704,5.093817476285875,0.5869223857298493,correlated_log_uniform_axes,v6p1i_0102
silicon_die_lower,104.10687122493982,104.10687122493982,104.10687122493982,0.08213742449879646,isotropic_linear,v6p1i_0102
tim_between_dies,7.377715105314922,7.377715105314922,7.377715105314922,0.9904961511492729,isotropic_log_uniform,v6p1i_0102
silicon_die_upper,126.3890191912651,126.3890191912651,126.3890191912651,0.5277803838253021,isotropic_linear,v6p1i_0102
tim_to_spreader,1.5590378431327812,1.5590378431327812,1.5590378431327812,0.09185853600502014,isotropic_log_uniform,v6p1i_0102
spreader,388.5587024362758,388.5587024362758,388.5587024362758,0.237246829085052,isotropic_linear,v6p1i_0102
pcb_fr4_equivalent,0.7740485144231829,0.7740485144231829,0.29026819290869355,0.42610771022737026,correlated_log_uniform_axes,v6p1i_0103
bt_substrate_with_vias,0.1843134134889892,0.1843134134889892,0.4515678630480236,0.3169794213026762,correlated_log_uniform_axes,v6p1i_0103
silicon_interposer_tsv_0p1,132.5802836380899,132.5802836380899,134.67699757777154,0.41934278793632984,correlated_linear_axes,v6p1i_0103
bump_underfill_under_interposer,0.5634068273334721,0.5634068273334721,4.60115575655669,0.35899731051176786,correlated_log_uniform_axes,v6p1i_0103
silicon_die_lower,137.69972654990852,137.69972654990852,137.69972654990852,0.7539945309981704,isotropic_linear,v6p1i_0103
tim_between_dies,2.198075981581464,2.198075981581464,2.198075981581464,0.2904529618099332,isotropic_log_uniform,v6p1i_0103
silicon_die_upper,110.89750998653471,110.89750998653471,110.89750998653471,0.2179501997306943,isotropic_linear,v6p1i_0103
tim_to_spreader,3.288611410813996,3.288611410813996,3.288611410813996,0.5233704503625631,isotropic_log_uniform,v6p1i_0103
spreader,392.89271095301956,392.89271095301956,392.89271095301956,0.526180730201304,isotropic_linear,v6p1i_0103
pcb_fr4_equivalent,0.7820452023562914,0.7820452023562914,0.2932669508836092,0.44913770724087954,correlated_log_uniform_axes,v6p1i_0104
bt_substrate_with_vias,0.20104830756870862,0.20104830756870862,0.49256835354333617,0.5117140933871269,correlated_log_uniform_axes,v6p1i_0104
silicon_interposer_tsv_0p1,145.6955718062818,145.6955718062818,149.97816710732877,0.8565190602093935,correlated_linear_axes,v6p1i_0104
bump_underfill_under_interposer,0.4958497090288406,0.4958497090288406,4.049439290402199,0.0727934343740344,correlated_log_uniform_axes,v6p1i_0104
silicon_die_lower,108.98621664382517,108.98621664382517,108.98621664382517,0.17972433287650347,isotropic_linear,v6p1i_0104
tim_between_dies,2.552024096660113,2.552024096660113,2.552024096660113,0.3767698407173157,isotropic_log_uniform,v6p1i_0104
silicon_die_upper,140.71774650365114,140.71774650365114,140.71774650365114,0.8143549300730228,isotropic_linear,v6p1i_0104
tim_to_spreader,5.331814386460687,5.331814386460687,5.331814386460687,0.8027364974841475,isotropic_log_uniform,v6p1i_0104
spreader,399.1567310458049,399.1567310458049,399.1567310458049,0.9437820697203279,isotropic_linear,v6p1i_0104
pcb_fr4_equivalent,0.9167270270291675,0.9167270270291675,0.34377263513593775,0.8051802730187774,correlated_log_uniform_axes,v6p1i_0105
bt_substrate_with_vias,0.17677598418596113,0.17677598418596113,0.4331011612556048,0.22342005651444197,correlated_log_uniform_axes,v6p1i_0105
silicon_interposer_tsv_0p1,134.21657371334732,134.21657371334732,136.58600266557187,0.4738857904449105,correlated_linear_axes,v6p1i_0105
bump_underfill_under_interposer,0.7080955296173687,0.7080955296173687,5.7827801585418435,0.8711721831932664,correlated_log_uniform_axes,v6p1i_0105
silicon_die_lower,148.82914340123534,148.82914340123534,148.82914340123534,0.9765828680247068,isotropic_linear,v6p1i_0105
tim_between_dies,5.713235886608197,5.713235886608197,5.713235886608197,0.8426815839484334,isotropic_log_uniform,v6p1i_0105
silicon_die_upper,118.88320599682629,118.88320599682629,118.88320599682629,0.3776641199365258,isotropic_linear,v6p1i_0105
tim_to_spreader,2.5442029835911564,2.5442029835911564,2.5442029835911564,0.3749953517690301,isotropic_log_uniform,v6p1i_0105
spreader,389.42846402991563,389.42846402991563,389.42846402991563,0.2952309353277087,isotropic_linear,v6p1i_0105
pcb_fr4_equivalent,0.8349240854633538,0.8349240854633538,0.31309653204875765,0.5957434736192226,correlated_log_uniform_axes,v6p1i_0106
bt_substrate_with_vias,0.23386128961699215,0.23386128961699215,0.5729601595616308,0.8504712386056781,correlated_log_uniform_axes,v6p1i_0106
silicon_interposer_tsv_0p1,136.94966685958207,136.94966685958207,139.77461133617908,0.5649888953194022,correlated_linear_axes,v6p1i_0106
bump_underfill_under_interposer,0.5465978009172011,0.5465978009172011,4.463882040823809,0.29112906381487846,correlated_log_uniform_axes,v6p1i_0106
silicon_die_lower,126.29894684068859,126.29894684068859,126.29894684068859,0.5259789368137717,isotropic_linear,v6p1i_0106
tim_between_dies,4.00446372066252,4.00446372066252,4.00446372066252,0.6372292209416628,isotropic_log_uniform,v6p1i_0106
silicon_die_upper,131.09493381343782,131.09493381343782,131.09493381343782,0.6218986762687564,isotropic_linear,v6p1i_0106
tim_to_spreader,1.4613792843661606,1.4613792843661606,1.4613792843661606,0.05446057207882404,isotropic_log_uniform,v6p1i_0106
spreader,387.4639178114012,387.4639178114012,387.4639178114012,0.1642611874267459,isotropic_linear,v6p1i_0106
pcb_fr4_equivalent,0.6818632438156609,0.6818632438156609,0.2556987164308728,0.1419734936207533,correlated_log_uniform_axes,v6p1i_0107
bt_substrate_with_vias,0.18996124489195138,0.18996124489195138,0.465405049985281,0.38460950553417206,correlated_log_uniform_axes,v6p1i_0107
silicon_interposer_tsv_0p1,125.94331327825785,125.94331327825785,126.93386549130082,0.1981104426085949,correlated_linear_axes,v6p1i_0107
bump_underfill_under_interposer,0.607502677823087,0.607502677823087,4.961271868888542,0.5278451424092054,correlated_log_uniform_axes,v6p1i_0107
silicon_die_lower,116.14204179495573,116.14204179495573,116.14204179495573,0.3228408358991146,isotropic_linear,v6p1i_0107
tim_between_dies,1.5319294805818493,1.5319294805818493,1.5319294805818493,0.08171771373599768,isotropic_log_uniform,v6p1i_0107
silicon_die_upper,109.35347219929099,109.35347219929099,109.35347219929099,0.18706944398581982,isotropic_linear,v6p1i_0107
tim_to_spreader,3.908938733937622,3.908938733937622,3.908938733937622,0.6232710666954517,isotropic_log_uniform,v6p1i_0107
spreader,393.43817939516157,393.43817939516157,393.43817939516157,0.5625452930107713,isotropic_linear,v6p1i_0107
pcb_fr4_equivalent,0.6449849897896869,0.6449849897896869,0.24186937117113255,0.017385374754667282,correlated_log_uniform_axes,v6p1i_0108
bt_substrate_with_vias,0.24551795104831106,0.24551795104831106,0.6015189800683622,0.9594636438414454,correlated_log_uniform_axes,v6p1i_0108
silicon_interposer_tsv_0p1,129.95557067915797,129.95557067915797,131.61483245901763,0.3318523559719324,correlated_linear_axes,v6p1i_0108
bump_underfill_under_interposer,0.6357575802388911,0.6357575802388911,5.19202023861761,0.6297094896435738,correlated_log_uniform_axes,v6p1i_0108
silicon_die_lower,124.65131408534944,124.65131408534944,124.65131408534944,0.4930262817069888,isotropic_linear,v6p1i_0108
tim_between_dies,2.412171424775196,2.412171424775196,2.412171424775196,0.3441869216039777,isotropic_log_uniform,v6p1i_0108
silicon_die_upper,136.1914177890867,136.1914177890867,136.1914177890867,0.723828355781734,isotropic_linear,v6p1i_0108
tim_to_spreader,1.810878478663271,1.810878478663271,1.810878478663271,0.17842911276966333,isotropic_log_uniform,v6p1i_0108
spreader,385.4709964059293,385.4709964059293,385.4709964059293,0.03139976039528847,isotropic_linear,v6p1i_0108
pcb_fr4_equivalent,0.8830592354287734,0.8830592354287734,0.33114721328579005,0.7213385831564665,correlated_log_uniform_axes,v6p1i_0109
bt_substrate_with_vias,0.18340852764718163,0.18340852764718163,0.44935089273559503,0.3059515729546547,correlated_log_uniform_axes,v6p1i_0109
silicon_interposer_tsv_0p1,148.93067772500217,148.93067772500217,153.75245734583586,0.964355924166739,correlated_linear_axes,v6p1i_0109
bump_underfill_under_interposer,0.5800213804782481,0.5800213804782481,4.736841273905693,0.42411904968321323,correlated_log_uniform_axes,v6p1i_0109
silicon_die_lower,133.24414528906345,133.24414528906345,133.24414528906345,0.6648829057812691,isotropic_linear,v6p1i_0109
tim_between_dies,6.724138510363298,6.724138510363298,6.724138510363298,0.9368690028786659,isotropic_log_uniform,v6p1i_0109
silicon_die_upper,101.87671398743987,101.87671398743987,101.87671398743987,0.03753427974879742,isotropic_linear,v6p1i_0109
tim_to_spreader,4.8610779097243615,4.8610779097243615,4.8610779097243615,0.7492994284257293,isotropic_log_uniform,v6p1i_0109
spreader,395.4310912732035,395.4310912732035,395.4310912732035,0.6954060848802328,isotropic_linear,v6p1i_0109
pcb_fr4_equivalent,0.9691821860556321,0.9691821860556321,0.36344331977086203,0.9298597918823361,correlated_log_uniform_axes,v6p1i_0110
bt_substrate_with_vias,0.2170189810286432,0.2170189810286432,0.531696503520176,0.682993084192276,correlated_log_uniform_axes,v6p1i_0110
silicon_interposer_tsv_0p1,123.64176635630429,123.64176635630429,124.24872741568834,0.1213922118768096,correlated_linear_axes,v6p1i_0110
bump_underfill_under_interposer,0.7409908401046474,0.7409908401046474,6.051425194187953,0.9729211470112205,correlated_log_uniform_axes,v6p1i_0110
silicon_die_lower,141.90835845656693,141.90835845656693,141.90835845656693,0.8381671691313386,isotropic_linear,v6p1i_0110
tim_between_dies,3.798232986108724,3.798232986108724,3.798232986108724,0.6066615050658584,isotropic_log_uniform,v6p1i_0110
silicon_die_upper,148.04802034050226,148.04802034050226,148.04802034050226,0.9609604068100452,isotropic_linear,v6p1i_0110
tim_to_spreader,6.634911289493986,6.634911289493986,6.634911289493986,0.929146084934473,isotropic_log_uniform,v6p1i_0110
spreader,397.399764964357,397.399764964357,397.399764964357,0.8266509976238012,isotropic_linear,v6p1i_0110
pcb_fr4_equivalent,0.7394062407985154,0.7394062407985154,0.27727734029944323,0.32351217325776815,correlated_log_uniform_axes,v6p1i_0111
bt_substrate_with_vias,0.1659899270149589,0.1659899270149589,0.40667532118664934,0.08235346805304289,correlated_log_uniform_axes,v6p1i_0111
silicon_interposer_tsv_0p1,142.15201076120138,142.15201076120138,145.84401255473495,0.7384003587067127,correlated_linear_axes,v6p1i_0111
bump_underfill_under_interposer,0.5262012541946335,0.5262012541946335,4.297310242589507,0.20591598469763994,correlated_log_uniform_axes,v6p1i_0111
silicon_die_lower,100.50135822966695,100.50135822966695,100.50135822966695,0.010027164593338966,isotropic_linear,v6p1i_0111
tim_between_dies,1.796721902575464,1.796721902575464,1.796721902575464,0.17389183677732944,isotropic_log_uniform,v6p1i_0111
silicon_die_upper,113.83555014617741,113.83555014617741,113.83555014617741,0.2767110029235482,isotropic_linear,v6p1i_0111
tim_to_spreader,3.1505862753567953,3.1505862753567953,3.1505862753567953,0.49858218617737293,isotropic_log_uniform,v6p1i_0111
spreader,391.185435783118,391.185435783118,391.185435783118,0.41236238554120064,isotropic_linear,v6p1i_0111
pcb_fr4_equivalent,0.7557827901343862,0.7557827901343862,0.2834185463003948,0.37259836308658123,correlated_log_uniform_axes,v6p1i_0112
bt_substrate_with_vias,0.2116165079464067,0.2116165079464067,0.5184604444686964,0.6265067821368575,correlated_log_uniform_axes,v6p1i_0112
silicon_interposer_tsv_0p1,133.63082407973707,133.63082407973707,135.90262809302658,0.45436080265790224,correlated_linear_axes,v6p1i_0112
bump_underfill_under_interposer,0.6321222379399047,0.6321222379399047,5.162331609842554,0.6168600535020232,correlated_log_uniform_axes,v6p1i_0112
silicon_die_lower,130.58570753782988,130.58570753782988,130.58570753782988,0.6117141507565975,isotropic_linear,v6p1i_0112
tim_between_dies,6.087767226988659,6.087767226988659,6.087767226988659,0.8793902229517698,isotropic_log_uniform,v6p1i_0112
silicon_die_upper,105.19948969595134,105.19948969595134,105.19948969595134,0.10398979391902685,isotropic_linear,v6p1i_0112
tim_to_spreader,6.194163996188569,6.194163996188569,6.194163996188569,0.8894069492816925,isotropic_log_uniform,v6p1i_0112
spreader,389.1443666862324,389.1443666862324,389.1443666862324,0.27629111241549253,isotropic_linear,v6p1i_0112
pcb_fr4_equivalent,0.9518951385478208,0.9518951385478208,0.3569606769554328,0.8895321004092693,correlated_log_uniform_axes,v6p1i_0113
bt_substrate_with_vias,0.16791113786092807,0.16791113786092807,0.4113822877592738,0.10813909396529198,correlated_log_uniform_axes,v6p1i_0113
silicon_interposer_tsv_0p1,145.10958971455693,145.10958971455693,149.29452133364975,0.8369863238185644,correlated_linear_axes,v6p1i_0113
bump_underfill_under_interposer,0.552126310107149,0.552126310107149,4.509031532541717,0.31367865670472383,correlated_log_uniform_axes,v6p1i_0113
silicon_die_lower,114.18032716028392,114.18032716028392,114.18032716028392,0.28360654320567846,isotropic_linear,v6p1i_0113
tim_between_dies,2.3914457881555946,2.3914457881555946,2.3914457881555946,0.3391981301829219,isotropic_log_uniform,v6p1i_0113
silicon_die_upper,133.25813757255673,133.25813757255673,133.25813757255673,0.6651627514511347,isotropic_linear,v6p1i_0113
tim_to_spreader,2.8696007543030566,2.8696007543030566,2.8696007543030566,0.4445760902017355,isotropic_log_uniform,v6p1i_0113
spreader,399.80703932698816,399.80703932698816,399.80703932698816,0.987135955132544,isotropic_linear,v6p1i_0113
pcb_fr4_equivalent,0.8775974289558369,0.8775974289558369,0.32909903585843886,0.7074365383014083,correlated_log_uniform_axes,v6p1i_0114
bt_substrate_with_vias,0.24789356221502212,0.24789356221502212,0.6073392274268042,0.9810403473675251,correlated_log_uniform_axes,v6p1i_0114
silicon_interposer_tsv_0p1,127.46667735278606,127.46667735278606,128.7111235782504,0.2488892450928688,correlated_linear_axes,v6p1i_0114
bump_underfill_under_interposer,0.677649805705183,0.677649805705183,5.534140079925661,0.7726966291666031,correlated_log_uniform_axes,v6p1i_0114
silicon_die_lower,110.20330106839538,110.20330106839538,110.20330106839538,0.20406602136790752,isotropic_linear,v6p1i_0114
tim_between_dies,1.6768997627970326,1.6768997627970326,1.6768997627970326,0.13399117812514305,isotropic_log_uniform,v6p1i_0114
silicon_die_upper,116.76198169589043,116.76198169589043,116.76198169589043,0.33523963391780853,isotropic_linear,v6p1i_0114
tim_to_spreader,1.6934426562747125,1.6934426562747125,1.6934426562747125,0.1396665470674634,isotropic_log_uniform,v6p1i_0114
spreader,394.2096806084737,394.2096806084737,394.2096806084737,0.6139787072315812,isotropic_linear,v6p1i_0114
pcb_fr4_equivalent,0.6509732430908965,0.6509732430908965,0.24411496615908618,0.038092886097729206,correlated_log_uniform_axes,v6p1i_0115
bt_substrate_with_vias,0.17916924421754143,0.17916924421754143,0.4389646483329765,0.25355212297290564,correlated_log_uniform_axes,v6p1i_0115
silicon_interposer_tsv_0p1,138.4732633922249,138.4732633922249,141.5521406242624,0.6157754464074969,correlated_linear_axes,v6p1i_0115
bump_underfill_under_interposer,0.48708861924242813,0.48708861924242813,3.9778903904798293,0.032848747447133064,correlated_log_uniform_axes,v6p1i_0115
silicon_die_lower,143.79775510169566,143.79775510169566,143.79775510169566,0.8759551020339131,isotropic_linear,v6p1i_0115
tim_between_dies,3.6528270782527668,3.6528270782527668,3.6528270782527668,0.5840945849195123,isotropic_log_uniform,v6p1i_0115
silicon_die_upper,144.73060318268836,144.73060318268836,144.73060318268836,0.8946120636537671,isotropic_linear,v6p1i_0115
tim_to_spreader,4.420069254042833,4.420069254042833,4.420069254042833,0.6943167624995112,isotropic_log_uniform,v6p1i_0115
spreader,387.29300253558904,387.29300253558904,387.29300253558904,0.15286683570593596,isotropic_linear,v6p1i_0115
pcb_fr4_equivalent,0.6885219993003103,0.6885219993003103,0.25819574973761633,0.16374906059354544,correlated_log_uniform_axes,v6p1i_0116
bt_substrate_with_vias,0.23275853837955576,0.23275853837955576,0.5702584190299118,0.8398803882300854,correlated_log_uniform_axes,v6p1i_0116
silicon_interposer_tsv_0p1,149.51679951511323,149.51679951511323,154.43626610096544,0.9838933171704412,correlated_linear_axes,v6p1i_0116
bump_underfill_under_interposer,0.5205196619218648,0.5205196619218648,4.250910572361895,0.18159063532948494,correlated_log_uniform_axes,v6p1i_0116
silicon_die_lower,139.97639985755086,139.97639985755086,139.97639985755086,0.7995279971510172,isotropic_linear,v6p1i_0116
tim_between_dies,5.779807938852474,5.779807938852474,5.779807938852474,0.8493791176006198,isotropic_log_uniform,v6p1i_0116
silicon_die_upper,122.59088456630707,122.59088456630707,122.59088456630707,0.45181769132614136,isotropic_linear,v6p1i_0116
tim_to_spreader,1.3628894389975679,1.3628894389975679,1.3628894389975679,0.014122536405920982,isotropic_log_uniform,v6p1i_0116
spreader,396.2008767668158,396.2008767668158,396.2008767668158,0.7467251177877188,isotropic_linear,v6p1i_0116
pcb_fr4_equivalent,0.830110382433946,0.830110382433946,0.3112913934127297,0.5827874140813947,correlated_log_uniform_axes,v6p1i_0117
bt_substrate_with_vias,0.1934205068295319,0.1934205068295319,0.47388024173235316,0.42504655476659536,correlated_log_uniform_axes,v6p1i_0117
silicon_interposer_tsv_0p1,130.5414671637118,130.5414671637118,132.29837835766375,0.3513822387903929,correlated_linear_axes,v6p1i_0117
bump_underfill_under_interposer,0.7140899634675747,0.7140899634675747,5.831734701651859,0.8900612350553274,correlated_log_uniform_axes,v6p1i_0117
silicon_die_lower,104.82092392630875,104.82092392630875,104.82092392630875,0.09641847852617502,isotropic_linear,v6p1i_0117
tim_between_dies,2.810475251354386,2.810475251354386,2.810475251354386,0.43253988586366177,isotropic_log_uniform,v6p1i_0117
silicon_die_upper,138.181576365605,138.181576365605,138.181576365605,0.7636315273120999,isotropic_linear,v6p1i_0117
tim_to_spreader,3.5639625584331722,3.5639625584331722,3.5639625584331722,0.5698562413454056,isotropic_log_uniform,v6p1i_0117
spreader,385.30179684981704,385.30179684981704,385.30179684981704,0.020119789987802505,isotropic_linear,v6p1i_0117
pcb_fr4_equivalent,0.9000200825918532,0.9000200825918532,0.33750753097194486,0.7639676313847303,correlated_log_uniform_axes,v6p1i_0118
bt_substrate_with_vias,0.20432493642511274,0.20432493642511274,0.5005960942415262,0.5479381671175361,correlated_log_uniform_axes,v6p1i_0118
silicon_interposer_tsv_0p1,140.62850341200829,140.62850341200829,144.06658731400967,0.6876167804002762,correlated_linear_axes,v6p1i_0118
bump_underfill_under_interposer,0.5899892842728806,0.5899892842728806,4.818245821561857,0.4622994242236018,correlated_log_uniform_axes,v6p1i_0118
silicon_die_lower,119.538289681077,119.538289681077,119.538289681077,0.39076579362154007,isotropic_linear,v6p1i_0118
tim_between_dies,1.5868667736505502,1.5868667736505502,1.5868667736505502,0.10208711866289377,isotropic_log_uniform,v6p1i_0118
silicon_die_upper,111.8950008880347,111.8950008880347,111.8950008880347,0.23790001776069403,isotropic_linear,v6p1i_0118
tim_to_spreader,4.997738234628252,4.997738234628252,4.997738234628252,0.7653281418606639,isotropic_log_uniform,v6p1i_0118
spreader,390.90328304097056,390.90328304097056,390.90328304097056,0.3935522027313709,isotropic_linear,v6p1i_0118
pcb_fr4_equivalent,0.7990069591777001,0.7990069591777001,0.29962760969163754,0.4972168765962124,correlated_log_uniform_axes,v6p1i_0119
bt_substrate_with_vias,0.17626392809461564,0.17626392809461564,0.4318466238318084,0.21692011132836342,correlated_log_uniform_axes,v6p1i_0119
silicon_interposer_tsv_0p1,122.11848431266844,122.11848431266844,122.47156503144652,0.07061614375561476,correlated_linear_axes,v6p1i_0119
bump_underfill_under_interposer,0.6661541539878602,0.6661541539878602,5.44025892423419,0.7343591162934899,correlated_log_uniform_axes,v6p1i_0119
silicon_die_lower,134.38264853321016,134.38264853321016,134.38264853321016,0.6876529706642032,isotropic_linear,v6p1i_0119
tim_between_dies,4.30694088742269,4.30694088742269,4.30694088742269,0.6793273873627186,isotropic_log_uniform,v6p1i_0119
silicon_die_upper,127.38040657714009,127.38040657714009,127.38040657714009,0.5476081315428019,isotropic_linear,v6p1i_0119
tim_to_spreader,2.307943766557395,2.307943766557395,2.307943766557395,0.31865084636956453,isotropic_log_uniform,v6p1i_0119
spreader,398.04812864400446,398.04812864400446,398.04812864400446,0.8698752429336309,isotropic_linear,v6p1i_0119
pcb_fr4_equivalent,0.7574506507696278,0.7574506507696278,0.2840439940386104,0.37753771152347326,correlated_log_uniform_axes,v6p1i_0120
bt_substrate_with_vias,0.23822318996404487,0.23822318996404487,0.58364681541191,0.8918792176991701,correlated_log_uniform_axes,v6p1i_0120
silicon_interposer_tsv_0p1,138.9904395584017,138.9904395584017,142.15551281813532,0.6330146519467235,correlated_linear_axes,v6p1i_0120
bump_underfill_under_interposer,0.7328512935644915,0.7328512935644915,5.984952230776681,0.9481714824214578,correlated_log_uniform_axes,v6p1i_0120
silicon_die_lower,118.56510196812451,118.56510196812451,118.56510196812451,0.3713020393624902,isotropic_linear,v6p1i_0120
tim_between_dies,3.3281779170229293,3.3281779170229293,3.3281779170229293,0.5302845994010568,isotropic_log_uniform,v6p1i_0120
silicon_die_upper,120.99766409955919,120.99766409955919,120.99766409955919,0.41995328199118376,isotropic_linear,v6p1i_0120
tim_to_spreader,1.5844500257193936,1.5844500257193936,1.5844500257193936,0.1012059785425663,isotropic_log_uniform,v6p1i_0120
spreader,394.9372059572488,394.9372059572488,394.9372059572488,0.6624803971499205,isotropic_linear,v6p1i_0120
pcb_fr4_equivalent,0.9399675724864216,0.9399675724864216,0.35248783968240804,0.8612778605893254,correlated_log_uniform_axes,v6p1i_0121
bt_substrate_with_vias,0.18902413068598742,0.18902413068598742,0.4631091201806692,0.373528310097754,correlated_log_uniform_axes,v6p1i_0121
silicon_interposer_tsv_0p1,120.0116702914238,120.0116702914238,120.01361533999443,0.0003890097141265869,correlated_linear_axes,v6p1i_0121
bump_underfill_under_interposer,0.5358270516736344,0.5358270516736344,4.375920922001347,0.2465348867699504,correlated_log_uniform_axes,v6p1i_0121
silicon_die_lower,127.15957993641496,127.15957993641496,127.15957993641496,0.5431915987282991,isotropic_linear,v6p1i_0121
tim_between_dies,1.8400368442489239,1.8400368442489239,1.8400368442489239,0.18766383454203606,isotropic_log_uniform,v6p1i_0121
silicon_die_upper,142.83830812200904,142.83830812200904,142.83830812200904,0.8567661624401808,isotropic_linear,v6p1i_0121
tim_to_spreader,3.4156087741730037,3.4156087741730037,3.4156087741730037,0.5452758688479662,isotropic_log_uniform,v6p1i_0121
spreader,386.14798741415143,386.14798741415143,386.14798741415143,0.07653249427676201,isotropic_linear,v6p1i_0121
pcb_fr4_equivalent,0.8153023422619913,0.8153023422619913,0.30573837834824674,0.542455380782485,correlated_log_uniform_axes,v6p1i_0122
bt_substrate_with_vias,0.22325071812496083,0.22325071812496083,0.546964259406154,0.7464289674535394,correlated_log_uniform_axes,v6p1i_0122
silicon_interposer_tsv_0p1,147.4122449196875,147.4122449196875,151.9809524063021,0.913741497322917,correlated_linear_axes,v6p1i_0122
bump_underfill_under_interposer,0.6462775096788415,0.6462775096788415,5.277932995710538,0.666483273729682,correlated_log_uniform_axes,v6p1i_0122
silicon_die_lower,148.3713188674301,148.3713188674301,148.3713188674301,0.9674263773486018,isotropic_linear,v6p1i_0122
tim_between_dies,2.113817407217269,2.113817407217269,2.113817407217269,0.2678557662293315,isotropic_log_uniform,v6p1i_0122
silicon_die_upper,107.18945879489183,107.18945879489183,107.18945879489183,0.14378917589783669,isotropic_linear,v6p1i_0122
tim_to_spreader,5.786023399294474,5.786023399294474,5.786023399294474,0.8500004867091775,isotropic_log_uniform,v6p1i_0122
spreader,391.6830978728831,391.6830978728831,391.6830978728831,0.44553985819220543,isotropic_linear,v6p1i_0122
pcb_fr4_equivalent,0.7031978993228768,0.7031978993228768,0.2636992122460788,0.21100807562470436,correlated_log_uniform_axes,v6p1i_0123
bt_substrate_with_vias,0.16135709134971288,0.16135709134971288,0.3953248738067966,0.018925154581665993,correlated_log_uniform_axes,v6p1i_0123
silicon_interposer_tsv_0p1,128.9056625124067,128.9056625124067,130.38993959780782,0.29685541708022356,correlated_linear_axes,v6p1i_0123
bump_underfill_under_interposer,0.5746352794108411,0.5746352794108411,4.6928547818552016,0.403214517980814,correlated_log_uniform_axes,v6p1i_0123
silicon_die_lower,106.9660097360611,106.9660097360611,106.9660097360611,0.13932019472122192,isotropic_linear,v6p1i_0123
tim_between_dies,6.88533413173593,6.88533413173593,6.88533413173593,0.9505647402256727,isotropic_log_uniform,v6p1i_0123
silicon_die_upper,128.92481689341366,128.92481689341366,128.92481689341366,0.5784963378682733,isotropic_linear,v6p1i_0123
tim_to_spreader,2.221115468426995,2.221115468426995,2.221115468426995,0.29648115392774343,isotropic_log_uniform,v6p1i_0123
spreader,396.71899762935936,396.71899762935936,396.71899762935936,0.7812665086239576,isotropic_linear,v6p1i_0123
pcb_fr4_equivalent,0.665238311782889,0.665238311782889,0.24946436691858329,0.08666430972516537,correlated_log_uniform_axes,v6p1i_0124
bt_substrate_with_vias,0.20680720636628963,0.20680720636628963,0.5066776555974097,0.5749957198277116,correlated_log_uniform_axes,v6p1i_0124
silicon_interposer_tsv_0p1,125.3602631483227,125.3602631483227,126.25364033970982,0.17867543827742338,correlated_linear_axes,v6p1i_0124
bump_underfill_under_interposer,0.5377590387436896,0.5377590387436896,4.391698816406798,0.2545994985848665,correlated_log_uniform_axes,v6p1i_0124
silicon_die_lower,102.97333928756416,102.97333928756416,102.97333928756416,0.05946678575128317,isotropic_linear,v6p1i_0124
tim_between_dies,4.856692453175498,4.856692453175498,4.856692453175498,0.7487776316702366,isotropic_log_uniform,v6p1i_0124
silicon_die_upper,100.5304777994752,100.5304777994752,100.5304777994752,0.01060955598950386,isotropic_linear,v6p1i_0124
tim_to_spreader,7.190826348684673,7.190826348684673,7.190826348684673,0.9756626356393099,isotropic_log_uniform,v6p1i_0124
spreader,389.689834904857,389.689834904857,389.689834904857,0.31265566032379866,isotropic_linear,v6p1i_0124
pcb_fr4_equivalent,0.8622122950595462,0.8622122950595462,0.3233296106473298,0.6678063161671162,correlated_log_uniform_axes,v6p1i_0125
bt_substrate_with_vias,0.17185393647808184,0.17185393647808184,0.4210421443713006,0.16014599986374378,correlated_log_uniform_axes,v6p1i_0125
silicon_interposer_tsv_0p1,136.83559902012348,136.83559902012348,139.64153219014406,0.5611866340041161,correlated_linear_axes,v6p1i_0125
bump_underfill_under_interposer,0.6132636336122618,0.6132636336122618,5.008319674500138,0.548993706703186,correlated_log_uniform_axes,v6p1i_0125
silicon_die_lower,142.81772170215845,142.81772170215845,142.81772170215845,0.856354434043169,isotropic_linear,v6p1i_0125
tim_between_dies,1.4076505782639046,1.4076505782639046,1.4076505782639046,0.03280472103506327,isotropic_log_uniform,v6p1i_0125
silicon_die_upper,134.83907808549702,134.83907808549702,134.83907808549702,0.6967815617099404,isotropic_linear,v6p1i_0125
tim_to_spreader,2.7540549237925607,2.7540549237925607,2.7540549237925607,0.4208159036934376,isotropic_log_uniform,v6p1i_0125
spreader,398.71225447859615,398.71225447859615,398.71225447859615,0.9141502985730767,isotropic_linear,v6p1i_0125
pcb_fr4_equivalent,0.9936443275884167,0.9936443275884167,0.3726166228456562,0.9857133319601417,correlated_log_uniform_axes,v6p1i_0126
bt_substrate_with_vias,0.2269281035430122,0.2269281035430122,0.55597385368038,0.7830372545868158,correlated_log_uniform_axes,v6p1i_0126
silicon_interposer_tsv_0p1,131.99450539425015,131.99450539425015,133.99358962662518,0.39981684647500515,correlated_linear_axes,v6p1i_0126
bump_underfill_under_interposer,0.5014115993193464,0.5014115993193464,4.094861394441328,0.09778731036931276,correlated_log_uniform_axes,v6p1i_0126
silicon_die_lower,132.7375913504511,132.7375913504511,132.7375913504511,0.6547518270090222,isotropic_linear,v6p1i_0126
tim_between_dies,3.0947368248314135,3.0947368248314135,3.0947368248314135,0.48824199102818966,isotropic_log_uniform,v6p1i_0126
silicon_die_upper,115.22988728247583,115.22988728247583,115.22988728247583,0.3045977456495166,isotropic_linear,v6p1i_0126
tim_to_spreader,1.9641591228694757,1.9641591228694757,1.9641591228694757,0.2254031663760543,isotropic_log_uniform,v6p1i_0126
spreader,393.18035596515983,393.18035596515983,393.18035596515983,0.5453570643439889,isotropic_linear,v6p1i_0126
pcb_fr4_equivalent,0.7162306277076544,0.7162306277076544,0.2685864853903704,0.25215616542845964,correlated_log_uniform_axes,v6p1i_0127
bt_substrate_with_vias,0.19576433492081097,0.19576433492081097,0.47962262055598687,0.4520358005538583,correlated_log_uniform_axes,v6p1i_0127
silicon_interposer_tsv_0p1,143.00452097319067,143.00452097319067,146.83860780205578,0.7668173657730222,correlated_linear_axes,v6p1i_0127
bump_underfill_under_interposer,0.6954507755538503,0.6954507755538503,5.67951466702311,0.8307973211631179,correlated_log_uniform_axes,v6p1i_0127
silicon_die_lower,122.58218703791499,122.58218703791499,122.58218703791499,0.4516437407582998,isotropic_linear,v6p1i_0127
tim_between_dies,5.250160893411469,5.250160893411469,5.250160893411469,0.7938143415376544,isotropic_log_uniform,v6p1i_0127
silicon_die_upper,149.44846099242568,149.44846099242568,149.44846099242568,0.9889692198485136,isotropic_linear,v6p1i_0127
tim_to_spreader,4.245899579845819,4.245899579845819,4.245899579845819,0.6710751065984368,isotropic_log_uniform,v6p1i_0127
spreader,387.9048464866355,387.9048464866355,387.9048464866355,0.19365643244236708,isotropic_linear,v6p1i_0127
