layer_id,background_kx_W_mK,background_ky_W_mK,background_kz_W_mK,sampling_latent,distribution,sample_id
pcb_fr4_equivalent,0.7820170121777648,0.7820170121777648,0.29325637956666173,0.4490569354966283,correlated_log_uniform_axes,v6p1i3_0000
bt_substrate_with_vias,0.1891876155579028,0.1891876155579028,0.4635096581168619,0.37546543776988983,correlated_log_uniform_axes,v6p1i3_0000
silicon_interposer_tsv_0p1,135.39962542243302,135.39962542243302,137.9662296595052,0.513320847414434,correlated_linear_axes,v6p1i3_0000
bump_underfill_under_interposer,0.6041670635099479,0.6041670635099479,4.934031018664574,0.515508177690208,correlated_log_uniform_axes,v6p1i3_0000
silicon_die_lower,128.78800849430263,128.78800849430263,128.78800849430263,0.5757601698860526,isotropic_linear,v6p1i3_0000
tim_between_dies,1.4602781309164108,1.4602781309164108,1.4602781309164108,0.05402478761970997,isotropic_log_uniform,v6p1i3_0000
silicon_die_upper,145.73193327523768,145.73193327523768,145.73193327523768,0.9146386655047536,isotropic_linear,v6p1i3_0000
tim_to_spreader,1.6535943253814638,1.6535943253814638,1.6535943253814638,0.12590005435049534,isotropic_log_uniform,v6p1i3_0000
spreader,392.3194917058572,392.3194917058572,392.3194917058572,0.4879661137238145,isotropic_linear,v6p1i3_0000
pcb_fr4_equivalent,0.8983374503075271,0.8983374503075271,0.3368765438653227,0.7597745917737484,correlated_log_uniform_axes,v6p1i3_0001
bt_substrate_with_vias,0.2191406537542164,0.2191406537542164,0.5368946016978302,0.7047928590327501,correlated_log_uniform_axes,v6p1i3_0001
silicon_interposer_tsv_0p1,128.93994617275894,128.93994617275894,130.4299372015521,0.29799820575863123,correlated_linear_axes,v6p1i3_0001
bump_underfill_under_interposer,0.5656044639467512,0.5656044639467512,4.6191031222318015,0.36772046983242035,correlated_log_uniform_axes,v6p1i3_0001
silicon_die_lower,116.59989161416888,116.59989161416888,116.59989161416888,0.33199783228337765,isotropic_linear,v6p1i3_0001
tim_between_dies,5.086744547588865,5.086744547588865,5.086744547588865,0.7755335792899132,isotropic_log_uniform,v6p1i3_0001
silicon_die_upper,112.23477190360427,112.23477190360427,112.23477190360427,0.24469543807208538,isotropic_linear,v6p1i3_0001
tim_to_spreader,4.784462999105062,4.784462999105062,4.784462999105062,0.7401150660589337,isotropic_log_uniform,v6p1i3_0001
spreader,397.1705438988283,397.1705438988283,397.1705438988283,0.8113695932552218,isotropic_linear,v6p1i3_0001
pcb_fr4_equivalent,0.8659190617449248,0.8659190617449248,0.32471964815434684,0.6774187823757529,correlated_log_uniform_axes,v6p1i3_0002
bt_substrate_with_vias,0.17418378494796385,0.17418378494796385,0.4267502731225115,0.19031955301761627,correlated_log_uniform_axes,v6p1i3_0002
silicon_interposer_tsv_0p1,146.77193608134985,146.77193608134985,151.2339254282415,0.8923978693783283,correlated_linear_axes,v6p1i3_0002
bump_underfill_under_interposer,0.697472358400771,0.697472358400771,5.696024260272963,0.8373013185337186,correlated_log_uniform_axes,v6p1i3_0002
silicon_die_lower,105.80521011725068,105.80521011725068,105.80521011725068,0.11610420234501362,isotropic_linear,v6p1i3_0002
tim_between_dies,3.5816242340009197,3.5816242340009197,3.5816242340009197,0.5727141480892897,isotropic_log_uniform,v6p1i3_0002
silicon_die_upper,130.72860427200794,130.72860427200794,130.72860427200794,0.6145720854401588,isotropic_linear,v6p1i3_0002
tim_to_spreader,7.115238201035808,7.115238201035808,7.115238201035808,0.9695533458143473,isotropic_log_uniform,v6p1i3_0002
spreader,393.15269354730844,393.15269354730844,393.15269354730844,0.5435129031538963,isotropic_linear,v6p1i3_0002
pcb_fr4_equivalent,0.6733281158889309,0.6733281158889309,0.2524980434583491,0.11374869756400585,correlated_log_uniform_axes,v6p1i3_0003
bt_substrate_with_vias,0.2384192859362985,0.2384192859362985,0.5841272505439313,0.8937229234725237,correlated_log_uniform_axes,v6p1i3_0003
silicon_interposer_tsv_0p1,125.07811037823558,125.07811037823558,125.92446210794151,0.16927034594118595,correlated_linear_axes,v6p1i3_0003
bump_underfill_under_interposer,0.4897329529457825,0.4897329529457825,3.9994857823905567,0.04498033784329891,correlated_log_uniform_axes,v6p1i3_0003
silicon_die_lower,142.6039060112089,142.6039060112089,142.6039060112089,0.8520781202241778,isotropic_linear,v6p1i3_0003
tim_between_dies,2.4390619442732784,2.4390619442732784,2.4390619442732784,0.3505961336195469,isotropic_log_uniform,v6p1i3_0003
silicon_die_upper,114.42033923231065,114.42033923231065,114.42033923231065,0.28840678464621305,isotropic_linear,v6p1i3_0003
tim_to_spreader,2.6398865206347084,2.6398865206347084,2.6398865206347084,0.3963389294221997,isotropic_log_uniform,v6p1i3_0003
spreader,388.3098847325891,388.3098847325891,388.3098847325891,0.22065898217260838,isotropic_linear,v6p1i3_0003
pcb_fr4_equivalent,0.7045409559887137,0.7045409559887137,0.2642028584957676,0.21528358664363623,correlated_log_uniform_axes,v6p1i3_0004
bt_substrate_with_vias,0.16739722688539355,0.16739722688539355,0.41012320586921425,0.10127063188701868,correlated_log_uniform_axes,v6p1i3_0004
silicon_interposer_tsv_0p1,133.10573291033506,133.10573291033506,135.29002172872424,0.43685776367783546,correlated_linear_axes,v6p1i3_0004
bump_underfill_under_interposer,0.5280181378819443,0.5280181378819443,4.312148126035877,0.2136394502595067,correlated_log_uniform_axes,v6p1i3_0004
silicon_die_lower,149.12001993507147,149.12001993507147,149.12001993507147,0.9824003987014294,isotropic_linear,v6p1i3_0004
tim_between_dies,1.869419564757372,1.869419564757372,1.869419564757372,0.19682274851948023,isotropic_log_uniform,v6p1i3_0004
silicon_die_upper,133.29884600825608,133.29884600825608,133.29884600825608,0.6659769201651216,isotropic_linear,v6p1i3_0004
tim_to_spreader,5.32810021379316,5.32810021379316,5.32810021379316,0.8023336306214333,isotropic_log_uniform,v6p1i3_0004
spreader,394.6048449445516,394.6048449445516,394.6048449445516,0.6403229963034391,isotropic_linear,v6p1i3_0004
pcb_fr4_equivalent,0.810402293816131,0.810402293816131,0.3039008601810491,0.5289478581398726,correlated_log_uniform_axes,v6p1i3_0005
bt_substrate_with_vias,0.2289801650308345,0.2289801650308345,0.5610014043255446,0.8032084433361888,correlated_log_uniform_axes,v6p1i3_0005
silicon_interposer_tsv_0p1,138.8619445078075,138.8619445078075,142.0056019257754,0.6287314835935831,correlated_linear_axes,v6p1i3_0005
bump_underfill_under_interposer,0.7235696487300437,0.7235696487300437,5.9091521312953565,0.9196113925427198,correlated_log_uniform_axes,v6p1i3_0005
silicon_die_lower,111.89450123347342,111.89450123347342,111.89450123347342,0.2378900246694684,isotropic_linear,v6p1i3_0005
tim_between_dies,7.165474279723683,7.165474279723683,7.165474279723683,0.9736207826063037,isotropic_log_uniform,v6p1i3_0005
silicon_die_upper,124.80232985690236,124.80232985690236,124.80232985690236,0.4960465971380472,isotropic_linear,v6p1i3_0005
tim_to_spreader,2.2858969069540187,2.2858969069540187,2.2858969069540187,0.3131016856059432,isotropic_log_uniform,v6p1i3_0005
spreader,385.9783618338406,385.9783618338406,385.9783618338406,0.06522412225604057,isotropic_linear,v6p1i3_0005
pcb_fr4_equivalent,0.9598790504346422,0.9598790504346422,0.3599546439129908,0.9082474233582616,correlated_log_uniform_axes,v6p1i3_0006
bt_substrate_with_vias,0.18180657263244326,0.18180657263244326,0.4454261029494861,0.28629444632679224,correlated_log_uniform_axes,v6p1i3_0006
silicon_interposer_tsv_0p1,121.02961149998009,121.02961149998009,121.20121341664344,0.034320383332669735,correlated_linear_axes,v6p1i3_0006
bump_underfill_under_interposer,0.5704832296496442,0.5704832296496442,4.658946375472094,0.3869654042646289,correlated_log_uniform_axes,v6p1i3_0006
silicon_die_lower,122.9755945969373,122.9755945969373,122.9755945969373,0.459511891938746,isotropic_linear,v6p1i3_0006
tim_between_dies,4.285470175752563,4.285470175752563,4.285470175752563,0.6764381350949407,isotropic_log_uniform,v6p1i3_0006
silicon_die_upper,143.1733502075076,143.1733502075076,143.1733502075076,0.8634670041501522,isotropic_linear,v6p1i3_0006
tim_to_spreader,1.5371316229693905,1.5371316229693905,1.5371316229693905,0.08367759734392166,isotropic_log_uniform,v6p1i3_0006
spreader,389.9302906403318,389.9302906403318,389.9302906403318,0.328686042688787,isotropic_linear,v6p1i3_0006
pcb_fr4_equivalent,0.7473711623307778,0.7473711623307778,0.2802641858740416,0.3475201390683651,correlated_log_uniform_axes,v6p1i3_0007
bt_substrate_with_vias,0.2104533166205123,0.2104533166205123,0.5156106257202553,0.6141563085839152,correlated_log_uniform_axes,v6p1i3_0007
silicon_interposer_tsv_0p1,143.42667552642524,143.42667552642524,147.33112144749612,0.7808891842141747,correlated_linear_axes,v6p1i3_0007
bump_underfill_under_interposer,0.6694086063039983,0.6694086063039983,5.466836951482653,0.7452793046832085,correlated_log_uniform_axes,v6p1i3_0007
silicon_die_lower,134.81014259159565,134.81014259159565,134.81014259159565,0.696202851831913,isotropic_linear,v6p1i3_0007
tim_between_dies,2.6578046262577972,2.6578046262577972,2.6578046262577972,0.4002496814355254,isotropic_log_uniform,v6p1i3_0007
silicon_die_upper,101.86591814272106,101.86591814272106,101.86591814272106,0.03731836285442114,isotropic_linear,v6p1i3_0007
tim_to_spreader,3.3373686724641813,3.3373686724641813,3.3373686724641813,0.5318788951262832,isotropic_log_uniform,v6p1i3_0007
spreader,398.56318596284837,398.56318596284837,398.56318596284837,0.9042123975232244,isotropic_linear,v6p1i3_0007
pcb_fr4_equivalent,0.7314417336134296,0.7314417336134296,0.274290650105036,0.29924545623362064,correlated_log_uniform_axes,v6p1i3_0008
bt_substrate_with_vias,0.17045635637878584,0.17045635637878584,0.4176180731280253,0.14184921327978373,correlated_log_uniform_axes,v6p1i3_0008
silicon_interposer_tsv_0p1,122.55946476012468,122.55946476012468,122.98604222014546,0.08531549200415611,correlated_linear_axes,v6p1i3_0008
bump_underfill_under_interposer,0.7385827292624448,0.7385827292624448,6.031758955643299,0.9656273117288947,correlated_log_uniform_axes,v6p1i3_0008
silicon_die_lower,114.00939505547285,114.00939505547285,114.00939505547285,0.280187901109457,isotropic_linear,v6p1i3_0008
tim_between_dies,2.154899978128947,2.154899978128947,2.154899978128947,0.2789840139448643,isotropic_log_uniform,v6p1i3_0008
silicon_die_upper,137.39617043174803,137.39617043174803,137.39617043174803,0.7479234086349607,isotropic_linear,v6p1i3_0008
tim_to_spreader,5.490560689877306,5.490560689877306,5.490560689877306,0.8196980403736234,isotropic_log_uniform,v6p1i3_0008
spreader,396.07370655983686,396.07370655983686,396.07370655983686,0.7382471039891243,isotropic_linear,v6p1i3_0008
pcb_fr4_equivalent,0.9946663181205063,0.9946663181205063,0.3729998692951898,0.9880167795345187,correlated_log_uniform_axes,v6p1i3_0009
bt_substrate_with_vias,0.2431826512283902,0.2431826512283902,0.5957974955095561,0.938048611395061,correlated_log_uniform_axes,v6p1i3_0009
silicon_interposer_tsv_0p1,145.65965389832854,145.65965389832854,149.9362628813833,0.8553217966109514,correlated_linear_axes,v6p1i3_0009
bump_underfill_under_interposer,0.5172871043979975,0.5172871043979975,4.2245113525836455,0.1676318757236004,correlated_log_uniform_axes,v6p1i3_0009
silicon_die_lower,125.02646171487868,125.02646171487868,125.02646171487868,0.5005292342975736,isotropic_linear,v6p1i3_0009
tim_between_dies,3.4300172546858962,3.4300172546858962,3.4300172546858962,0.5477095227688551,isotropic_log_uniform,v6p1i3_0009
silicon_die_upper,121.08647478744388,121.08647478744388,121.08647478744388,0.4217294957488775,isotropic_linear,v6p1i3_0009
tim_to_spreader,2.231411288911005,2.231411288911005,2.231411288911005,0.29915482737123966,isotropic_log_uniform,v6p1i3_0009
spreader,385.9163151588291,385.9163151588291,385.9163151588291,0.061087677255272865,isotropic_linear,v6p1i3_0009
pcb_fr4_equivalent,0.8269726008334014,0.8269726008334014,0.3101147253125255,0.574301578104496,correlated_log_uniform_axes,v6p1i3_0010
bt_substrate_with_vias,0.19618849621862697,0.19618849621862697,0.48066181573563616,0.45688548032194376,correlated_log_uniform_axes,v6p1i3_0010
silicon_interposer_tsv_0p1,133.45272500999272,133.45272500999272,135.6948458449915,0.4484241669997573,correlated_linear_axes,v6p1i3_0010
bump_underfill_under_interposer,0.6372735315632483,0.6372735315632483,5.204400507766527,0.6350460583344102,correlated_log_uniform_axes,v6p1i3_0010
silicon_die_lower,139.33592145331204,139.33592145331204,139.33592145331204,0.7867184290662408,isotropic_linear,v6p1i3_0010
tim_between_dies,5.7290245379930225,5.7290245379930225,5.7290245379930225,0.8442770466208458,isotropic_log_uniform,v6p1i3_0010
silicon_die_upper,139.0676088631153,139.0676088631153,139.0676088631153,0.7813521772623062,isotropic_linear,v6p1i3_0010
tim_to_spreader,1.4215393060792165,1.4215393060792165,1.4215393060792165,0.038480912335217,isotropic_log_uniform,v6p1i3_0010
spreader,389.40670726355165,389.40670726355165,389.40670726355165,0.29378048423677683,isotropic_linear,v6p1i3_0010
pcb_fr4_equivalent,0.680787975957794,0.680787975957794,0.2552954909841727,0.13843720499426126,correlated_log_uniform_axes,v6p1i3_0011
bt_substrate_with_vias,0.21166693473694737,0.21166693473694737,0.518583990105521,0.627040664665401,correlated_log_uniform_axes,v6p1i3_0011
silicon_interposer_tsv_0p1,142.25581149570644,142.25581149570644,145.9651134116575,0.7418603831902146,correlated_linear_axes,v6p1i3_0011
bump_underfill_under_interposer,0.5992520666281486,0.5992520666281486,4.893891877463213,0.4972050879150629,correlated_log_uniform_axes,v6p1i3_0011
silicon_die_lower,102.92867086827755,102.92867086827755,102.92867086827755,0.058573417365550995,isotropic_linear,v6p1i3_0011
tim_between_dies,1.5172751227207817,1.5172751227207817,1.5172751227207817,0.07616076059639454,isotropic_log_uniform,v6p1i3_0011
silicon_die_upper,105.57187809608877,105.57187809608877,105.57187809608877,0.11143756192177534,isotropic_linear,v6p1i3_0011
tim_to_spreader,3.6301416993428726,3.6301416993428726,3.6301416993428726,0.5804930124431849,isotropic_log_uniform,v6p1i3_0011
spreader,399.55585539806634,399.55585539806634,399.55585539806634,0.9703903598710895,isotropic_linear,v6p1i3_0011
pcb_fr4_equivalent,0.6506296906561149,0.6506296906561149,0.24398613399604302,0.0369100347161293,correlated_log_uniform_axes,v6p1i3_0012
bt_substrate_with_vias,0.1883698723452925,0.1883698723452925,0.46150618724596665,0.3657592162489891,correlated_log_uniform_axes,v6p1i3_0012
silicon_interposer_tsv_0p1,149.22828887589276,149.22828887589276,154.09967035520822,0.974276295863092,correlated_linear_axes,v6p1i3_0012
bump_underfill_under_interposer,0.5389785598216312,0.5389785598216312,4.401658238543321,0.2596751907840371,correlated_log_uniform_axes,v6p1i3_0012
silicon_die_lower,109.30325980298221,109.30325980298221,109.30325980298221,0.18606519605964422,isotropic_linear,v6p1i3_0012
tim_between_dies,3.0096460324229906,3.0096460324229906,3.0096460324229906,0.47212358471006155,isotropic_log_uniform,v6p1i3_0012
silicon_die_upper,149.84082062728703,149.84082062728703,149.84082062728703,0.9968164125457406,isotropic_linear,v6p1i3_0012
tim_to_spreader,2.002103754519746,2.002103754519746,2.002103754519746,0.23646520730108023,isotropic_log_uniform,v6p1i3_0012
spreader,390.8581581572071,390.8581581572071,390.8581581572071,0.3905438771471381,isotropic_linear,v6p1i3_0012
pcb_fr4_equivalent,0.8836214769853314,0.8836214769853314,0.33135805386949924,0.722764783538878,correlated_log_uniform_axes,v6p1i3_0013
bt_substrate_with_vias,0.20345298821454963,0.20345298821454963,0.49845982112564663,0.5383555684238672,correlated_log_uniform_axes,v6p1i3_0013
silicon_interposer_tsv_0p1,126.36258806101978,126.36258806101978,127.42301940452307,0.21208626870065928,correlated_linear_axes,v6p1i3_0013
bump_underfill_under_interposer,0.634010962523297,0.634010962523297,5.177756193940258,0.6235451120883226,correlated_log_uniform_axes,v6p1i3_0013
silicon_die_lower,145.35616664215922,145.35616664215922,145.35616664215922,0.9071233328431845,isotropic_linear,v6p1i3_0013
tim_between_dies,4.4728919112896905,4.4728919112896905,4.4728919112896905,0.7011847915127873,isotropic_log_uniform,v6p1i3_0013
silicon_die_upper,108.53176722303033,108.53176722303033,108.53176722303033,0.17063534446060658,isotropic_linear,v6p1i3_0013
tim_to_spreader,3.9683445948489724,3.9683445948489724,3.9683445948489724,0.631991021335125,isotropic_log_uniform,v6p1i3_0013
spreader,397.2250625072047,397.2250625072047,397.2250625072047,0.8150041671469808,isotropic_linear,v6p1i3_0013
pcb_fr4_equivalent,0.930897576956713,0.930897576956713,0.34908659135876735,0.8395516667515039,correlated_log_uniform_axes,v6p1i3_0014
bt_substrate_with_vias,0.16367214182588696,0.16367214182588696,0.40099674747342307,0.05084501951932907,correlated_log_uniform_axes,v6p1i3_0014
silicon_interposer_tsv_0p1,138.57008937746286,138.57008937746286,141.66510427370667,0.6190029792487621,correlated_linear_axes,v6p1i3_0014
bump_underfill_under_interposer,0.5003834596745849,0.5003834596745849,4.086464920675776,0.09318803902715445,correlated_log_uniform_axes,v6p1i3_0014
silicon_die_lower,131.54140124097466,131.54140124097466,131.54140124097466,0.6308280248194933,isotropic_linear,v6p1i3_0014
tim_between_dies,6.359273930631918,6.359273930631918,6.359273930631918,0.9046155316755176,isotropic_log_uniform,v6p1i3_0014
silicon_die_upper,126.63423586636782,126.63423586636782,126.63423586636782,0.5326847173273563,isotropic_linear,v6p1i3_0014
tim_to_spreader,6.229324606005805,6.229324606005805,6.229324606005805,0.8926793551072478,isotropic_log_uniform,v6p1i3_0014
spreader,393.68340444751084,393.68340444751084,393.68340444751084,0.5788936298340559,isotropic_linear,v6p1i3_0014
pcb_fr4_equivalent,0.7653465072106422,0.7653465072106422,0.2870049402039908,0.4007745338603854,correlated_log_uniform_axes,v6p1i3_0015
bt_substrate_with_vias,0.23375844033362916,0.23375844033362916,0.5727081788173916,0.8494855854660273,correlated_log_uniform_axes,v6p1i3_0015
silicon_interposer_tsv_0p1,129.5322852395475,129.5322852395475,131.12099944613874,0.3177428413182497,correlated_linear_axes,v6p1i3_0015
bump_underfill_under_interposer,0.6826249144906927,0.6826249144906927,5.5747701350073235,0.7890871800482273,correlated_log_uniform_axes,v6p1i3_0015
silicon_die_lower,120.09676075540483,120.09676075540483,120.09676075540483,0.4019352151080966,isotropic_linear,v6p1i3_0015
tim_between_dies,1.7999971455123467,1.7999971455123467,1.7999971455123467,0.17494474444538355,isotropic_log_uniform,v6p1i3_0015
silicon_die_upper,118.13934105448425,118.13934105448425,118.13934105448425,0.36278682108968496,isotropic_linear,v6p1i3_0015
tim_to_spreader,3.028079376586992,3.028079376586992,3.028079376586992,0.47565367072820663,isotropic_log_uniform,v6p1i3_0015
spreader,387.3100877739489,387.3100877739489,387.3100877739489,0.15400585159659386,isotropic_linear,v6p1i3_0015
pcb_fr4_equivalent,0.7685867074723747,0.7685867074723747,0.2882200153021405,0.4102408653125167,correlated_log_uniform_axes,v6p1i3_0016
bt_substrate_with_vias,0.16067142207277327,0.16067142207277327,0.39364498407829446,0.009383214637637138,correlated_log_uniform_axes,v6p1i3_0016
silicon_interposer_tsv_0p1,145.2635697182268,145.2635697182268,149.4741646712646,0.8421189906075597,correlated_linear_axes,v6p1i3_0016
bump_underfill_under_interposer,0.5824792210967793,0.5824792210967793,4.75691363895703,0.43359399773180485,correlated_log_uniform_axes,v6p1i3_0016
silicon_die_lower,141.32448169402778,141.32448169402778,141.32448169402778,0.8264896338805556,isotropic_linear,v6p1i3_0016
tim_between_dies,4.829255206233371,4.829255206233371,4.829255206233371,0.7455023191869259,isotropic_log_uniform,v6p1i3_0016
silicon_die_upper,110.70272796787322,110.70272796787322,110.70272796787322,0.2140545593574643,isotropic_linear,v6p1i3_0016
tim_to_spreader,6.609470933761448,6.609470933761448,6.609470933761448,0.9269251022487879,isotropic_log_uniform,v6p1i3_0016
spreader,385.32631806563586,385.32631806563586,385.32631806563586,0.02175453770905733,isotropic_linear,v6p1i3_0016
pcb_fr4_equivalent,0.9349865464996715,0.9349865464996715,0.3506199549373768,0.8493724372237921,correlated_log_uniform_axes,v6p1i3_0017
bt_substrate_with_vias,0.23238294133021004,0.23238294133021004,0.5693382062590147,0.836261685937643,correlated_log_uniform_axes,v6p1i3_0017
silicon_interposer_tsv_0p1,122.89512419141829,122.89512419141829,123.377644889988,0.096504139713943,correlated_linear_axes,v6p1i3_0017
bump_underfill_under_interposer,0.6556219804562433,0.6556219804562433,5.354246173725986,0.698649519123137,correlated_log_uniform_axes,v6p1i3_0017
silicon_die_lower,103.91547968611121,103.91547968611121,103.91547968611121,0.07830959372222424,isotropic_linear,v6p1i3_0017
tim_between_dies,2.942400817004656,2.942400817004656,2.942400817004656,0.4590598698705435,isotropic_log_uniform,v6p1i3_0017
silicon_die_upper,144.2000205628574,144.2000205628574,144.2000205628574,0.8840004112571478,isotropic_linear,v6p1i3_0017
tim_to_spreader,2.8353011169812103,2.8353011169812103,2.8353011169812103,0.4376242505386472,isotropic_log_uniform,v6p1i3_0017
spreader,395.7114469492808,395.7114469492808,395.7114469492808,0.7140964632853866,isotropic_linear,v6p1i3_0017
pcb_fr4_equivalent,0.8799024320234754,0.8799024320234754,0.32996341200880325,0.7133140312507749,correlated_log_uniform_axes,v6p1i3_0018
bt_substrate_with_vias,0.18483019675339474,0.18483019675339474,0.45283398204581715,0.3232531975954771,correlated_log_uniform_axes,v6p1i3_0018
silicon_interposer_tsv_0p1,140.68808080628514,140.68808080628514,144.13609427399933,0.6896026935428381,correlated_linear_axes,v6p1i3_0018
bump_underfill_under_interposer,0.5316556637252579,0.5316556637252579,4.341854587089605,0.2290228120982647,correlated_log_uniform_axes,v6p1i3_0018
silicon_die_lower,118.21963461115956,118.21963461115956,118.21963461115956,0.36439269222319126,isotropic_linear,v6p1i3_0018
tim_between_dies,1.6685791733207778,1.6685791733207778,1.6685791733207778,0.13111543655395508,isotropic_log_uniform,v6p1i3_0018
silicon_die_upper,112.83959522843361,112.83959522843361,112.83959522843361,0.2567919045686722,isotropic_linear,v6p1i3_0018
tim_to_spreader,1.906175152819481,1.906175152819481,1.906175152819481,0.20807928778231144,isotropic_log_uniform,v6p1i3_0018
spreader,399.20011973008513,399.20011973008513,399.20011973008513,0.9466746486723423,isotropic_linear,v6p1i3_0018
pcb_fr4_equivalent,0.6477797885912654,0.6477797885912654,0.2429174207217245,0.02707367017865181,correlated_log_uniform_axes,v6p1i3_0019
bt_substrate_with_vias,0.20235009187916186,0.20235009187916186,0.4957577251039466,0.5261758826673031,correlated_log_uniform_axes,v6p1i3_0019
silicon_interposer_tsv_0p1,134.96003083884716,134.96003083884716,137.45336931198835,0.4986676946282387,correlated_linear_axes,v6p1i3_0019
bump_underfill_under_interposer,0.7186192992467796,0.7186192992467796,5.868724277182033,0.9042287459596992,correlated_log_uniform_axes,v6p1i3_0019
silicon_die_lower,130.2369029726833,130.2369029726833,130.2369029726833,0.6047380594536662,isotropic_linear,v6p1i3_0019
tim_between_dies,6.499117114498907,6.499117114498907,6.499117114498907,0.9171910230070353,isotropic_log_uniform,v6p1i3_0019
silicon_die_upper,129.14772941730917,129.14772941730917,129.14772941730917,0.5829545883461833,isotropic_linear,v6p1i3_0019
tim_to_spreader,4.139113461186838,4.139113461186838,4.139113461186838,0.6563490079715848,isotropic_log_uniform,v6p1i3_0019
spreader,388.8104168418795,388.8104168418795,388.8104168418795,0.25402778945863247,isotropic_linear,v6p1i3_0019
pcb_fr4_equivalent,0.6921360380841577,0.6921360380841577,0.2595510142815591,0.17547974456101656,correlated_log_uniform_axes,v6p1i3_0020
bt_substrate_with_vias,0.19846511602208908,0.19846511602208908,0.48623953425411826,0.4827375253662467,correlated_log_uniform_axes,v6p1i3_0020
silicon_interposer_tsv_0p1,126.93239377811551,126.93239377811551,128.08779274113476,0.23107979260385036,correlated_linear_axes,v6p1i3_0020
bump_underfill_under_interposer,0.7022761363560733,0.7022761363560733,5.735255113574598,0.85268110409379,correlated_log_uniform_axes,v6p1i3_0020
silicon_die_lower,136.63272876292467,136.63272876292467,136.63272876292467,0.7326545752584934,isotropic_linear,v6p1i3_0020
tim_between_dies,3.1890918241060895,3.1890918241060895,3.1890918241060895,0.505605055950582,isotropic_log_uniform,v6p1i3_0020
silicon_die_upper,123.16051502712071,123.16051502712071,123.16051502712071,0.4632103005424142,isotropic_linear,v6p1i3_0020
tim_to_spreader,1.3307623964495223,1.3307623964495223,1.3307623964495223,0.00033130496740341187,isotropic_log_uniform,v6p1i3_0020
spreader,397.80796403996646,397.80796403996646,397.80796403996646,0.8538642693310976,isotropic_linear,v6p1i3_0020
pcb_fr4_equivalent,0.840899187329468,0.840899187329468,0.3153371952485505,0.6117219217121601,correlated_log_uniform_axes,v6p1i3_0021
bt_substrate_with_vias,0.21741947358888894,0.21741947358888894,0.5326777102927779,0.6871243389323354,correlated_log_uniform_axes,v6p1i3_0021
silicon_interposer_tsv_0p1,148.59805829823017,148.59805829823017,153.3644013479352,0.9532686099410057,correlated_linear_axes,v6p1i3_0021
bump_underfill_under_interposer,0.4863832924373947,0.4863832924373947,3.9721302215720558,0.02960174437612295,correlated_log_uniform_axes,v6p1i3_0021
silicon_die_lower,124.23671470023692,124.23671470023692,124.23671470023692,0.48473429400473833,isotropic_linear,v6p1i3_0021
tim_between_dies,2.1957264446980638,2.1957264446980638,2.1957264446980638,0.28983466792851686,isotropic_log_uniform,v6p1i3_0021
silicon_die_upper,131.6569716669619,131.6569716669619,131.6569716669619,0.6331394333392382,isotropic_linear,v6p1i3_0021
tim_to_spreader,3.850846014540143,3.850846014540143,3.850846014540143,0.6146147465333343,isotropic_log_uniform,v6p1i3_0021
spreader,391.1982160061598,391.1982160061598,391.1982160061598,0.41321440041065216,isotropic_linear,v6p1i3_0021
pcb_fr4_equivalent,0.9783513263805846,0.9783513263805846,0.36688174739271917,0.9509588247165084,correlated_log_uniform_axes,v6p1i3_0022
bt_substrate_with_vias,0.17251475051666768,0.17251475051666768,0.4226611387658359,0.16874547209590673,correlated_log_uniform_axes,v6p1i3_0022
silicon_interposer_tsv_0p1,130.80544522963464,130.80544522963464,132.60635276790708,0.3601815076544881,correlated_linear_axes,v6p1i3_0022
bump_underfill_under_interposer,0.6168724667760853,0.6168724667760853,5.037791812004696,0.5621408242732286,correlated_log_uniform_axes,v6p1i3_0022
silicon_die_lower,110.41509476490319,110.41509476490319,110.41509476490319,0.20830189529806376,isotropic_linear,v6p1i3_0022
tim_between_dies,1.6305224126147082,1.6305224126147082,1.6305224126147082,0.11777688842266798,isotropic_log_uniform,v6p1i3_0022
silicon_die_upper,100.37053097039461,100.37053097039461,100.37053097039461,0.007410619407892227,isotropic_linear,v6p1i3_0022
tim_to_spreader,5.7280261141435425,5.7280261141435425,5.7280261141435425,0.844176284968853,isotropic_log_uniform,v6p1i3_0022
spreader,387.65827011782676,387.65827011782676,387.65827011782676,0.17721800785511732,isotropic_linear,v6p1i3_0022
pcb_fr4_equivalent,0.7193328751832945,0.7193328751832945,0.2697498281937354,0.2618405129760504,correlated_log_uniform_axes,v6p1i3_0023
bt_substrate_with_vias,0.24967532202449422,0.24967532202449422,0.6117045389600109,0.9970880718901753,correlated_log_uniform_axes,v6p1i3_0023
silicon_interposer_tsv_0p1,137.23650463856757,137.23650463856757,140.10925541166216,0.5745501546189189,correlated_linear_axes,v6p1i3_0023
bump_underfill_under_interposer,0.5539548244009642,0.5539548244009642,4.523964399274541,0.32108710799366236,correlated_log_uniform_axes,v6p1i3_0023
silicon_die_lower,147.42092490196228,147.42092490196228,147.42092490196228,0.9484184980392456,isotropic_linear,v6p1i3_0023
tim_between_dies,5.62725265111541,5.62725265111541,5.62725265111541,0.8339147353544831,isotropic_log_uniform,v6p1i3_0023
silicon_die_upper,141.6780229192227,141.6780229192227,141.6780229192227,0.8335604583844543,isotropic_linear,v6p1i3_0023
tim_to_spreader,2.124951617608266,2.124951617608266,2.124951617608266,0.2708929693326354,isotropic_log_uniform,v6p1i3_0023
spreader,394.2579508712515,394.2579508712515,394.2579508712515,0.6171967247501016,isotropic_linear,v6p1i3_0023
pcb_fr4_equivalent,0.7453616788286113,0.7453616788286113,0.2795106295607292,0.3414873480796814,correlated_log_uniform_axes,v6p1i3_0024
bt_substrate_with_vias,0.1808159762478122,0.1808159762478122,0.44299914180714,0.2740522688254714,correlated_log_uniform_axes,v6p1i3_0024
silicon_interposer_tsv_0p1,127.63681227341294,127.63681227341294,128.90961431898177,0.25456040911376476,correlated_linear_axes,v6p1i3_0024
bump_underfill_under_interposer,0.503829537572374,0.503829537572374,4.114607890174388,0.1085666324943304,correlated_log_uniform_axes,v6p1i3_0024
silicon_die_lower,101.42494235187769,101.42494235187769,101.42494235187769,0.028498847037553787,isotropic_linear,v6p1i3_0024
tim_between_dies,6.934688864920985,6.934688864920985,6.934688864920985,0.9546940270811319,isotropic_log_uniform,v6p1i3_0024
silicon_die_upper,119.45680812932551,119.45680812932551,119.45680812932551,0.3891361625865102,isotropic_linear,v6p1i3_0024
tim_to_spreader,1.61412588253942,1.61412588253942,1.61412588253942,0.1119338171556592,isotropic_log_uniform,v6p1i3_0024
spreader,396.5739100985229,396.5739100985229,396.5739100985229,0.7715940065681934,isotropic_linear,v6p1i3_0024
pcb_fr4_equivalent,0.9575506942675528,0.9575506942675528,0.35908151035033226,0.9028055826202035,correlated_log_uniform_axes,v6p1i3_0025
bt_substrate_with_vias,0.2065040766087746,0.2065040766087746,0.5059349876914979,0.5717089669778943,correlated_log_uniform_axes,v6p1i3_0025
silicon_interposer_tsv_0p1,136.64599657058716,136.64599657058716,139.42032933235168,0.5548665523529053,correlated_linear_axes,v6p1i3_0025
bump_underfill_under_interposer,0.6779555567463369,0.6779555567463369,5.536637046761751,0.7737073944881558,correlated_log_uniform_axes,v6p1i3_0025
silicon_die_lower,137.66133994795382,137.66133994795382,137.66133994795382,0.7532267989590764,isotropic_linear,v6p1i3_0025
tim_between_dies,2.038905878918938,2.038905878918938,2.038905878918938,0.2469956874847412,isotropic_log_uniform,v6p1i3_0025
silicon_die_upper,135.7665634714067,135.7665634714067,135.7665634714067,0.715331269428134,isotropic_linear,v6p1i3_0025
tim_to_spreader,3.1990443567292637,3.1990443567292637,3.1990443567292637,0.5074064675718546,isotropic_log_uniform,v6p1i3_0025
spreader,391.96387053467333,391.96387053467333,391.96387053467333,0.4642580356448889,isotropic_linear,v6p1i3_0025
pcb_fr4_equivalent,0.8125927701607186,0.8125927701607186,0.30472228881026947,0.5349962133914232,correlated_log_uniform_axes,v6p1i3_0026
bt_substrate_with_vias,0.166416498687021,0.166416498687021,0.40772042178320156,0.08810440357774496,correlated_log_uniform_axes,v6p1i3_0026
silicon_interposer_tsv_0p1,124.47787209413946,124.47787209413946,125.22418410982937,0.1492624031379819,correlated_linear_axes,v6p1i3_0026
bump_underfill_under_interposer,0.5503132493454914,0.5503132493454914,4.494224869654846,0.3063085526227951,correlated_log_uniform_axes,v6p1i3_0026
silicon_die_lower,126.87356066890061,126.87356066890061,126.87356066890061,0.5374712133780122,isotropic_linear,v6p1i3_0026
tim_between_dies,2.743937757135751,2.743937757135751,2.743937757135751,0.4186882134526968,isotropic_log_uniform,v6p1i3_0026
silicon_die_upper,104.08875830471516,104.08875830471516,104.08875830471516,0.08177516609430313,isotropic_linear,v6p1i3_0026
tim_to_spreader,5.022779135932136,5.022779135932136,5.022779135932136,0.7682175831869245,isotropic_log_uniform,v6p1i3_0026
spreader,387.9479683889076,387.9479683889076,387.9479683889076,0.1965312259271741,isotropic_linear,v6p1i3_0026
pcb_fr4_equivalent,0.706249180238653,0.706249180238653,0.2648434425894949,0.22070981841534376,correlated_log_uniform_axes,v6p1i3_0027
bt_substrate_with_vias,0.22477593803395696,0.22477593803395696,0.5507010481831947,0.7616851525381207,correlated_log_uniform_axes,v6p1i3_0027
silicon_interposer_tsv_0p1,147.31541172601283,147.31541172601283,151.86798034701496,0.9105137242004275,correlated_linear_axes,v6p1i3_0027
bump_underfill_under_interposer,0.6209525665211061,0.6209525665211061,5.0711126265890325,0.576912465505302,correlated_log_uniform_axes,v6p1i3_0027
silicon_die_lower,115.24619236588478,115.24619236588478,115.24619236588478,0.3049238473176956,isotropic_linear,v6p1i3_0027
tim_between_dies,3.9325552950714515,3.9325552950714515,3.9325552950714515,0.6267534159123898,isotropic_log_uniform,v6p1i3_0027
silicon_die_upper,137.5844297464937,137.5844297464937,137.5844297464937,0.7516885949298739,isotropic_linear,v6p1i3_0027
tim_to_spreader,2.4418032952845894,2.4418032952845894,2.4418032952845894,0.3512455467134714,isotropic_log_uniform,v6p1i3_0027
spreader,392.5625820690766,392.5625820690766,392.5625820690766,0.5041721379384398,isotropic_linear,v6p1i3_0027
pcb_fr4_equivalent,0.660986251301009,0.660986251301009,0.24786984423787836,0.07229620404541492,correlated_log_uniform_axes,v6p1i3_0028
bt_substrate_with_vias,0.17883925629664818,0.17883925629664818,0.4381561779267881,0.24942145310342312,correlated_log_uniform_axes,v6p1i3_0028
silicon_interposer_tsv_0p1,140.34291981719434,140.34291981719434,143.7334064533934,0.6780973272398114,correlated_linear_axes,v6p1i3_0028
bump_underfill_under_interposer,0.6506743204389142,0.6506743204389142,5.313840283584465,0.6816758438944817,correlated_log_uniform_axes,v6p1i3_0028
silicon_die_lower,121.7408190947026,121.7408190947026,121.7408190947026,0.43481638189405203,isotropic_linear,v6p1i3_0028
tim_between_dies,5.271448988044953,5.271448988044953,5.271448988044953,0.7961537623777986,isotropic_log_uniform,v6p1i3_0028
silicon_die_upper,106.98764813132584,106.98764813132584,106.98764813132584,0.13975296262651682,isotropic_linear,v6p1i3_0028
tim_to_spreader,6.821793714926205,6.821793714926205,6.821793714926205,0.9452048009261489,isotropic_log_uniform,v6p1i3_0028
spreader,386.5527938725427,386.5527938725427,386.5527938725427,0.10351959150284529,isotropic_linear,v6p1i3_0028
pcb_fr4_equivalent,0.850285945650902,0.850285945650902,0.3188572296190882,0.6365958629176021,correlated_log_uniform_axes,v6p1i3_0029
bt_substrate_with_vias,0.2412920725943673,0.2412920725943673,0.5911655778562,0.9205605573952198,correlated_log_uniform_axes,v6p1i3_0029
silicon_interposer_tsv_0p1,131.56799496151507,131.56799496151507,133.49599412176758,0.3855998320505023,correlated_linear_axes,v6p1i3_0029
bump_underfill_under_interposer,0.5869106432681642,0.5869106432681642,4.793103586690007,0.45057649444788694,correlated_log_uniform_axes,v6p1i3_0029
silicon_die_lower,132.96579038724303,132.96579038724303,132.96579038724303,0.6593158077448606,isotropic_linear,v6p1i3_0029
tim_between_dies,1.334974799863311,1.334974799863311,1.334974799863311,0.002158421091735363,isotropic_log_uniform,v6p1i3_0029
silicon_die_upper,148.2965704984963,148.2965704984963,148.2965704984963,0.9659314099699259,isotropic_linear,v6p1i3_0029
tim_to_spreader,2.7726931361444938,2.7726931361444938,2.7726931361444938,0.42471522837877274,isotropic_log_uniform,v6p1i3_0029
spreader,394.953370555304,394.953370555304,394.953370555304,0.6635580370202661,isotropic_linear,v6p1i3_0029
pcb_fr4_equivalent,0.915104809409363,0.915104809409363,0.34316430352851107,0.8012116551399231,correlated_log_uniform_axes,v6p1i3_0030
bt_substrate_with_vias,0.19432422079404288,0.19432422079404288,0.47609434094540515,0.43549138866364956,correlated_log_uniform_axes,v6p1i3_0030
silicon_interposer_tsv_0p1,143.73554745689034,143.73554745689034,147.69147203303874,0.7911849152296782,correlated_linear_axes,v6p1i3_0030
bump_underfill_under_interposer,0.7436706007348426,0.7436706007348426,6.073309906001214,0.9810099583119154,correlated_log_uniform_axes,v6p1i3_0030
silicon_die_lower,144.05223624780774,144.05223624780774,144.05223624780774,0.8810447249561548,isotropic_linear,v6p1i3_0030
tim_between_dies,2.3555894356272313,2.3555894356272313,2.3555894356272313,0.33046429324895144,isotropic_log_uniform,v6p1i3_0030
silicon_die_upper,116.54625963419676,116.54625963419676,116.54625963419676,0.33092519268393517,isotropic_linear,v6p1i3_0030
tim_to_spreader,1.7659967245290762,1.7659967245290762,1.7659967245290762,0.16391996201127768,isotropic_log_uniform,v6p1i3_0030
spreader,398.9033583085984,398.9033583085984,398.9033583085984,0.9268905539065599,isotropic_linear,v6p1i3_0030
pcb_fr4_equivalent,0.7964004233622924,0.7964004233622924,0.29865015876085965,0.4898952404037118,correlated_log_uniform_axes,v6p1i3_0031
bt_substrate_with_vias,0.22168970439118943,0.22168970439118943,0.5431397757584141,0.7307064421474934,correlated_log_uniform_axes,v6p1i3_0031
silicon_interposer_tsv_0p1,120.66397681832314,120.66397681832314,120.77463962137699,0.02213256061077118,correlated_linear_axes,v6p1i3_0031
bump_underfill_under_interposer,0.5137478865563665,0.5137478865563665,4.195607740210327,0.1522485138848424,correlated_log_uniform_axes,v6p1i3_0031
silicon_die_lower,107.43784396909177,107.43784396909177,107.43784396909177,0.14875687938183546,isotropic_linear,v6p1i3_0031
tim_between_dies,3.9144945123870656,3.9144945123870656,3.9144945123870656,0.6240921756252646,isotropic_log_uniform,v6p1i3_0031
silicon_die_upper,125.0412858556956,125.0412858556956,125.0412858556956,0.5008257171139121,isotropic_linear,v6p1i3_0031
tim_to_spreader,4.509357384043431,4.509357384043431,4.509357384043431,0.7058788910508156,isotropic_log_uniform,v6p1i3_0031
spreader,390.5128487944603,390.5128487944603,390.5128487944603,0.3675232529640198,isotropic_linear,v6p1i3_0031
pcb_fr4_equivalent,0.791594135118145,0.791594135118145,0.29684780066930433,0.476331552490592,correlated_log_uniform_axes,v6p1i3_0032
bt_substrate_with_vias,0.17519770216427988,0.17519770216427988,0.4292343703024858,0.20332482643425465,correlated_log_uniform_axes,v6p1i3_0032
silicon_interposer_tsv_0p1,134.01926868595183,134.01926868595183,136.3558134669438,0.4673089561983943,correlated_linear_axes,v6p1i3_0032
bump_underfill_under_interposer,0.5558222961931526,0.5558222961931526,4.539215418910746,0.3286282019689679,correlated_log_uniform_axes,v6p1i3_0032
silicon_die_lower,135.39793803356588,135.39793803356588,135.39793803356588,0.7079587606713176,isotropic_linear,v6p1i3_0032
tim_between_dies,4.037854092895464,4.037854092895464,4.037854092895464,0.6420298228040338,isotropic_log_uniform,v6p1i3_0032
silicon_die_upper,113.31115770153701,113.31115770153701,113.31115770153701,0.26622315403074026,isotropic_linear,v6p1i3_0032
tim_to_spreader,3.2892234823033495,3.2892234823033495,3.2892234823033495,0.523478040471673,isotropic_log_uniform,v6p1i3_0032
spreader,395.4935193946585,395.4935193946585,395.4935193946585,0.6995679596439004,isotropic_linear,v6p1i3_0032
pcb_fr4_equivalent,0.9093956102754649,0.9093956102754649,0.34102335385329924,0.7871884172782302,correlated_log_uniform_axes,v6p1i3_0033
bt_substrate_with_vias,0.23663970779356447,0.23663970779356447,0.579767284094233,0.8769353777170181,correlated_log_uniform_axes,v6p1i3_0033
silicon_interposer_tsv_0p1,141.62151879630983,141.62151879630983,145.22510526236147,0.7207172932103276,correlated_linear_axes,v6p1i3_0033
bump_underfill_under_interposer,0.610527906631518,0.610527906631518,4.985977904157396,0.5389756914228201,correlated_log_uniform_axes,v6p1i3_0033
silicon_die_lower,122.39075573161244,122.39075573161244,122.39075573161244,0.4478151146322489,isotropic_linear,v6p1i3_0033
tim_between_dies,2.815742151152044,2.815742151152044,2.815742151152044,0.43362229596823454,isotropic_log_uniform,v6p1i3_0033
silicon_die_upper,128.25216371566057,128.25216371566057,128.25216371566057,0.5650432743132114,isotropic_linear,v6p1i3_0033
tim_to_spreader,1.598894652780973,1.598894652780973,1.598894652780973,0.10645258892327547,isotropic_log_uniform,v6p1i3_0033
spreader,385.016551730223,385.016551730223,385.016551730223,0.0011034486815333366,isotropic_linear,v6p1i3_0033
pcb_fr4_equivalent,0.8554372603679965,0.8554372603679965,0.32078897263799866,0.6501298733055592,correlated_log_uniform_axes,v6p1i3_0034
bt_substrate_with_vias,0.1906942422657476,0.1906942422657476,0.46720089355108174,0.3932390231639147,correlated_log_uniform_axes,v6p1i3_0034
silicon_interposer_tsv_0p1,121.96168564260006,121.96168564260006,122.28863324970007,0.06538952142000198,correlated_linear_axes,v6p1i3_0034
bump_underfill_under_interposer,0.48126260248680564,0.48126260248680564,3.930311253642246,0.005886274389922619,correlated_log_uniform_axes,v6p1i3_0034
silicon_die_lower,111.69494679197669,111.69494679197669,111.69494679197669,0.2338989358395338,isotropic_linear,v6p1i3_0034
tim_between_dies,1.9825900683980113,1.9825900683980113,1.9825900683980113,0.23080280143767595,isotropic_log_uniform,v6p1i3_0034
silicon_die_upper,110.0268648006022,110.0268648006022,110.0268648006022,0.20053729601204395,isotropic_linear,v6p1i3_0034
tim_to_spreader,2.51093109574177,2.51093109574177,2.51093109574177,0.367385009303689,isotropic_log_uniform,v6p1i3_0034
spreader,389.0352039784193,389.0352039784193,389.0352039784193,0.2690135985612869,isotropic_linear,v6p1i3_0034
pcb_fr4_equivalent,0.6651453129871773,0.6651453129871773,0.24942949237019146,0.08635104168206453,correlated_log_uniform_axes,v6p1i3_0035
bt_substrate_with_vias,0.2177769422185854,0.2177769422185854,0.5335535084355343,0.6908053606748581,correlated_log_uniform_axes,v6p1i3_0035
silicon_interposer_tsv_0p1,146.20433242991567,146.20433242991567,150.57172116823494,0.8734777476638556,correlated_linear_axes,v6p1i3_0035
bump_underfill_under_interposer,0.7048161063887854,0.7048161063887854,5.75599820217508,0.8607706129550934,correlated_log_uniform_axes,v6p1i3_0035
silicon_die_lower,149.31032392196357,149.31032392196357,149.31032392196357,0.9862064784392715,isotropic_linear,v6p1i3_0035
tim_between_dies,6.7443161168034464,6.7443161168034464,6.7443161168034464,0.9386012321338058,isotropic_log_uniform,v6p1i3_0035
silicon_die_upper,145.28195788152516,145.28195788152516,145.28195788152516,0.9056391576305032,isotropic_linear,v6p1i3_0035
tim_to_spreader,4.976886853269977,4.976886853269977,4.976886853269977,0.7629110561683774,isotropic_log_uniform,v6p1i3_0035
spreader,399.5020973216742,399.5020973216742,399.5020973216742,0.9668064881116152,isotropic_linear,v6p1i3_0035
pcb_fr4_equivalent,0.7106924778595771,0.7106924778595771,0.2665096791973414,0.23476286605000496,correlated_log_uniform_axes,v6p1i3_0036
bt_substrate_with_vias,0.18330418699963472,0.18330418699963472,0.44909525814910517,0.3046764759346843,correlated_log_uniform_axes,v6p1i3_0036
silicon_interposer_tsv_0p1,138.1771532446146,138.1771532446146,141.2066787853837,0.60590510815382,correlated_linear_axes,v6p1i3_0036
bump_underfill_under_interposer,0.7110554221456648,0.7110554221456648,5.806952614189595,0.8805189980193973,correlated_log_uniform_axes,v6p1i3_0036
silicon_die_lower,143.19408535957336,143.19408535957336,143.19408535957336,0.8638817071914673,isotropic_linear,v6p1i3_0036
tim_between_dies,3.8139347523058116,3.8139347523058116,3.8139347523058116,0.6090465355664492,isotropic_log_uniform,v6p1i3_0036
silicon_die_upper,100.87854727171361,100.87854727171361,100.87854727171361,0.01757094543427229,isotropic_linear,v6p1i3_0036
tim_to_spreader,2.7473262264811362,2.7473262264811362,2.7473262264811362,0.41940169781446457,isotropic_log_uniform,v6p1i3_0036
spreader,391.332143926993,391.332143926993,391.332143926993,0.42214292846620083,isotropic_linear,v6p1i3_0036
pcb_fr4_equivalent,0.8175163801759399,0.8175163801759399,0.30656864256597743,0.5485320137813687,correlated_log_uniform_axes,v6p1i3_0037
bt_substrate_with_vias,0.20910930970717598,0.20910930970717598,0.5123178087825813,0.5998006919398904,correlated_log_uniform_axes,v6p1i3_0037
silicon_interposer_tsv_0p1,129.87212078645825,129.87212078645825,131.51747425086796,0.3290706928819418,correlated_linear_axes,v6p1i3_0037
bump_underfill_under_interposer,0.5335771764651691,0.5335771764651691,4.357546941132214,0.2371065989136696,correlated_log_uniform_axes,v6p1i3_0037
silicon_die_lower,105.22428122349083,105.22428122349083,105.22428122349083,0.10448562446981668,isotropic_linear,v6p1i3_0037
tim_between_dies,2.2946183991901505,2.2946183991901505,2.2946183991901505,0.3153032436966896,isotropic_log_uniform,v6p1i3_0037
silicon_die_upper,140.8188633620739,140.8188633620739,140.8188633620739,0.816377267241478,isotropic_linear,v6p1i3_0037
tim_to_spreader,7.015766268527178,7.015766268527178,7.015766268527178,0.9614140307530761,isotropic_log_uniform,v6p1i3_0037
spreader,398.0845425091684,398.0845425091684,398.0845425091684,0.8723028339445591,isotropic_linear,v6p1i3_0037
pcb_fr4_equivalent,0.9515775415818482,0.9515775415818482,0.35684157809319306,0.8887843694537878,correlated_log_uniform_axes,v6p1i3_0038
bt_substrate_with_vias,0.16839901656319997,0.16839901656319997,0.41257759057983995,0.11464020889252424,correlated_log_uniform_axes,v6p1i3_0038
silicon_interposer_tsv_0p1,149.53138151206076,149.53138151206076,154.45327843073756,0.9843793837353587,correlated_linear_axes,v6p1i3_0038
bump_underfill_under_interposer,0.6578305088760318,0.6578305088760318,5.372282489154259,0.7061848910525441,correlated_log_uniform_axes,v6p1i3_0038
silicon_die_lower,116.40272126533091,116.40272126533091,116.40272126533091,0.3280544253066182,isotropic_linear,v6p1i3_0038
tim_between_dies,1.3723470882899425,1.3723470882899425,1.3723470882899425,0.0181205403059721,isotropic_log_uniform,v6p1i3_0038
silicon_die_upper,122.47227830812335,122.47227830812335,122.47227830812335,0.449445566162467,isotropic_linear,v6p1i3_0038
tim_to_spreader,4.4675644639169105,4.4675644639169105,4.4675644639169105,0.7004958018660545,isotropic_log_uniform,v6p1i3_0038
spreader,394.13181180600077,394.13181180600077,394.13181180600077,0.6087874537333846,isotropic_linear,v6p1i3_0038
pcb_fr4_equivalent,0.7408627407163862,0.7408627407163862,0.27782352776864483,0.3279216354712844,correlated_log_uniform_axes,v6p1i3_0039
bt_substrate_with_vias,0.22720894934774705,0.22720894934774705,0.5566619259019803,0.7858086386695504,correlated_log_uniform_axes,v6p1i3_0039
silicon_interposer_tsv_0p1,125.99174640141428,125.99174640141428,126.99037080164999,0.1997248800471425,correlated_linear_axes,v6p1i3_0039
bump_underfill_under_interposer,0.5764898691456136,0.5764898691456136,4.708000598022511,0.41043458692729473,correlated_log_uniform_axes,v6p1i3_0039
silicon_die_lower,128.98222226649523,128.98222226649523,128.98222226649523,0.5796444453299046,isotropic_linear,v6p1i3_0039
tim_between_dies,5.422375265453218,5.422375265453218,5.422375265453218,0.8124735243618488,isotropic_log_uniform,v6p1i3_0039
silicon_die_upper,132.72648775018752,132.72648775018752,132.72648775018752,0.6545297550037503,isotropic_linear,v6p1i3_0039
tim_to_spreader,1.8156575178076837,1.8156575178076837,1.8156575178076837,0.17995282169431448,isotropic_log_uniform,v6p1i3_0039
spreader,387.3748319549486,387.3748319549486,387.3748319549486,0.15832213032990694,isotropic_linear,v6p1i3_0039
pcb_fr4_equivalent,0.7251112338137548,0.7251112338137548,0.27191671268015805,0.2797680953517556,correlated_log_uniform_axes,v6p1i3_0040
bt_substrate_with_vias,0.19458809799208102,0.19458809799208102,0.47674084008059847,0.4385320348665118,correlated_log_uniform_axes,v6p1i3_0040
silicon_interposer_tsv_0p1,146.38105899095535,146.38105899095535,150.77790215611458,0.8793686330318451,correlated_linear_axes,v6p1i3_0040
bump_underfill_under_interposer,0.5083544745295898,0.5083544745295898,4.15156154199165,0.12860081437975168,correlated_log_uniform_axes,v6p1i3_0040
silicon_die_lower,119.11900416016579,119.11900416016579,119.11900416016579,0.38238008320331573,isotropic_linear,v6p1i3_0040
tim_between_dies,6.681212431749996,6.681212431749996,6.681212431749996,0.9331664806231856,isotropic_log_uniform,v6p1i3_0040
silicon_die_upper,103.40965311042964,103.40965311042964,103.40965311042964,0.06819306220859289,isotropic_linear,v6p1i3_0040
tim_to_spreader,2.990866333737185,2.990866333737185,2.990866333737185,0.4685048656538129,isotropic_log_uniform,v6p1i3_0040
spreader,391.73838943243027,391.73838943243027,391.73838943243027,0.4492259621620178,isotropic_linear,v6p1i3_0040
pcb_fr4_equivalent,0.98600979962751,0.98600979962751,0.36975367486031624,0.9684306681156158,correlated_log_uniform_axes,v6p1i3_0041
bt_substrate_with_vias,0.21302430007625325,0.21302430007625325,0.5219095351868206,0.6413638824597001,correlated_log_uniform_axes,v6p1i3_0041
silicon_interposer_tsv_0p1,125.41954899206758,125.41954899206758,126.32280715741217,0.18065163306891918,correlated_linear_axes,v6p1i3_0041
bump_underfill_under_interposer,0.7463383468598463,0.7463383468598463,6.09509649935541,0.9890336040407419,correlated_log_uniform_axes,v6p1i3_0041
silicon_die_lower,132.51601052470505,132.51601052470505,132.51601052470505,0.650320210494101,isotropic_linear,v6p1i3_0041
tim_between_dies,1.7163464677086402,1.7163464677086402,1.7163464677086402,0.14743330795317888,isotropic_log_uniform,v6p1i3_0041
silicon_die_upper,138.66312485188246,138.66312485188246,138.66312485188246,0.7732624970376492,isotropic_linear,v6p1i3_0041
tim_to_spreader,6.493666148468101,6.493666148468101,6.493666148468101,0.9167059306055307,isotropic_log_uniform,v6p1i3_0041
spreader,396.27169641666114,396.27169641666114,396.27169641666114,0.7514464277774096,isotropic_linear,v6p1i3_0041
pcb_fr4_equivalent,0.834186360058126,0.834186360058126,0.3128198850217972,0.5937627432867885,correlated_log_uniform_axes,v6p1i3_0042
bt_substrate_with_vias,0.16944448932803308,0.16944448932803308,0.4151389988536811,0.12850822042673826,correlated_log_uniform_axes,v6p1i3_0042
silicon_interposer_tsv_0p1,135.70432112552226,135.70432112552226,138.32170797977597,0.5234773708507419,correlated_linear_axes,v6p1i3_0042
bump_underfill_under_interposer,0.5889035167257324,0.5889035167257324,4.809378719926814,0.45817200746387243,correlated_log_uniform_axes,v6p1i3_0042
silicon_die_lower,146.72826738096774,146.72826738096774,146.72826738096774,0.9345653476193547,isotropic_linear,v6p1i3_0042
tim_between_dies,2.8667471258069184,2.8667471258069184,2.8667471258069184,0.44400089513510466,isotropic_log_uniform,v6p1i3_0042
silicon_die_upper,119.92512764409184,119.92512764409184,119.92512764409184,0.3985025528818369,isotropic_linear,v6p1i3_0042
tim_to_spreader,4.3647673863720415,4.3647673863720415,4.3647673863720415,0.6870378749445081,isotropic_log_uniform,v6p1i3_0042
spreader,392.7802734216675,392.7802734216675,392.7802734216675,0.5186848947778344,isotropic_linear,v6p1i3_0042
pcb_fr4_equivalent,0.6867692174667013,0.6867692174667013,0.25753845655001295,0.1580375749617815,correlated_log_uniform_axes,v6p1i3_0043
bt_substrate_with_vias,0.24507484688021525,0.24507484688021525,0.6004333748565274,0.9554160172119737,correlated_log_uniform_axes,v6p1i3_0043
silicon_interposer_tsv_0p1,128.5711635556072,128.5711635556072,129.99969081487507,0.2857054518535733,correlated_linear_axes,v6p1i3_0043
bump_underfill_under_interposer,0.6439659187076031,0.6439659187076031,5.259055002778759,0.6584543846547604,correlated_log_uniform_axes,v6p1i3_0043
silicon_die_lower,107.94021878391504,107.94021878391504,107.94021878391504,0.15880437567830086,isotropic_linear,v6p1i3_0043
tim_between_dies,4.704272311813987,4.704272311813987,4.704272311813987,0.7303431639447808,isotropic_log_uniform,v6p1i3_0043
silicon_die_upper,134.86775499768555,134.86775499768555,134.86775499768555,0.697355099953711,isotropic_linear,v6p1i3_0043
tim_to_spreader,1.8726007112298821,1.8726007112298821,1.8726007112298821,0.19780569709837437,isotropic_log_uniform,v6p1i3_0043
spreader,388.25704087037593,388.25704087037593,388.25704087037593,0.21713605802506208,isotropic_linear,v6p1i3_0043
pcb_fr4_equivalent,0.6427574880510425,0.6427574880510425,0.2410340580191409,0.009633528999984264,correlated_log_uniform_axes,v6p1i3_0044
bt_substrate_with_vias,0.16272727907990706,0.16272727907990706,0.39868183374577226,0.03787214495241642,correlated_log_uniform_axes,v6p1i3_0044
silicon_interposer_tsv_0p1,121.59821421839297,121.59821421839297,121.8645832547918,0.053273807279765606,correlated_linear_axes,v6p1i3_0044
bump_underfill_under_interposer,0.6230626214920646,0.6230626214920646,5.0883447421851935,0.5845137005671859,correlated_log_uniform_axes,v6p1i3_0044
silicon_die_lower,101.9471952226013,101.9471952226013,101.9471952226013,0.03894390445202589,isotropic_linear,v6p1i3_0044
tim_between_dies,5.471734116991818,5.471734116991818,5.471734116991818,0.8177122958004475,isotropic_log_uniform,v6p1i3_0044
silicon_die_upper,115.85516161285341,115.85516161285341,115.85516161285341,0.31710323225706816,isotropic_linear,v6p1i3_0044
tim_to_spreader,3.7824783519004135,3.7824783519004135,3.7824783519004135,0.6042585140094161,isotropic_log_uniform,v6p1i3_0044
spreader,395.0797458225861,395.0797458225861,395.0797458225861,0.6719830548390746,isotropic_linear,v6p1i3_0044
pcb_fr4_equivalent,0.8728774549605844,0.8728774549605844,0.3273290456102192,0.6953528244048357,correlated_log_uniform_axes,v6p1i3_0045
bt_substrate_with_vias,0.2355133463648721,0.2355133463648721,0.5770076985939366,0.8662445470690727,correlated_log_uniform_axes,v6p1i3_0045
silicon_interposer_tsv_0p1,142.79398589394987,142.79398589394987,146.5929835429415,0.7597995297983289,correlated_linear_axes,v6p1i3_0045
bump_underfill_under_interposer,0.5446381716352221,0.5446381716352221,4.447878401687647,0.28308137133717537,correlated_log_uniform_axes,v6p1i3_0045
silicon_die_lower,140.30833737924695,140.30833737924695,140.30833737924695,0.806166747584939,isotropic_linear,v6p1i3_0045
tim_between_dies,1.5857766498320676,1.5857766498320676,1.5857766498320676,0.10168982855975628,isotropic_log_uniform,v6p1i3_0045
silicon_die_upper,126.1079404503107,126.1079404503107,126.1079404503107,0.5221588090062141,isotropic_linear,v6p1i3_0045
tim_to_spreader,1.4033696852072586,1.4033696852072586,1.4033696852072586,0.03104386478662491,isotropic_log_uniform,v6p1i3_0045
spreader,386.8369258893654,386.8369258893654,386.8369258893654,0.12246172595769167,isotropic_linear,v6p1i3_0045
pcb_fr4_equivalent,0.9423048117522421,0.9423048117522421,0.35336430440709077,0.8668424943462014,correlated_log_uniform_axes,v6p1i3_0046
bt_substrate_with_vias,0.18688431206903078,0.18688431206903078,0.4578665645691255,0.34801802970469,correlated_log_uniform_axes,v6p1i3_0046
silicon_interposer_tsv_0p1,132.50955685973167,132.50955685973167,134.5944830030203,0.4169852286577225,correlated_linear_axes,v6p1i3_0046
bump_underfill_under_interposer,0.6708365517809578,0.6708365517809578,5.478498506211154,0.7500539729371667,correlated_log_uniform_axes,v6p1i3_0046
silicon_die_lower,126.39484321698546,126.39484321698546,126.39484321698546,0.5278968643397093,isotropic_linear,v6p1i3_0046
tim_between_dies,2.254556846845313,2.254556846845313,2.254556846845313,0.305120624601841,isotropic_log_uniform,v6p1i3_0046
silicon_die_upper,107.4928036890924,107.4928036890924,107.4928036890924,0.14985607378184795,isotropic_linear,v6p1i3_0046
tim_to_spreader,2.087910006944202,2.087910006944202,2.087910006944202,0.26072633918374777,isotropic_log_uniform,v6p1i3_0046
spreader,390.3796148393303,390.3796148393303,390.3796148393303,0.3586409892886877,isotropic_linear,v6p1i3_0046
pcb_fr4_equivalent,0.774761336870929,0.774761336870929,0.29053550132659833,0.42817023396492004,correlated_log_uniform_axes,v6p1i3_0047
bt_substrate_with_vias,0.204724392022912,0.204724392022912,0.5015747604561345,0.5523144826292992,correlated_log_uniform_axes,v6p1i3_0047
silicon_interposer_tsv_0p1,139.40868208184838,139.40868208184838,142.6434624288231,0.6469560693949461,correlated_linear_axes,v6p1i3_0047
bump_underfill_under_interposer,0.5056382006391288,0.5056382006391288,4.129378638552885,0.11659600026905537,correlated_log_uniform_axes,v6p1i3_0047
silicon_die_lower,112.64416086487472,112.64416086487472,112.64416086487472,0.2528832172974944,isotropic_linear,v6p1i3_0047
tim_between_dies,3.272512692027352,3.272512692027352,3.272512692027352,0.520533399656415,isotropic_log_uniform,v6p1i3_0047
silicon_die_upper,147.43455038405955,147.43455038405955,147.43455038405955,0.948691007681191,isotropic_linear,v6p1i3_0047
tim_to_spreader,6.041097261428809,6.041097261428809,6.041097261428809,0.8749411180615425,isotropic_log_uniform,v6p1i3_0047
spreader,398.62701592966914,398.62701592966914,398.62701592966914,0.9084677286446095,isotropic_linear,v6p1i3_0047
pcb_fr4_equivalent,0.7592368920271251,0.7592368920271251,0.28471383451017185,0.382815595716238,correlated_log_uniform_axes,v6p1i3_0048
bt_substrate_with_vias,0.18602813274283145,0.18602813274283145,0.45576892521993706,0.33772900328040123,correlated_log_uniform_axes,v6p1i3_0048
silicon_interposer_tsv_0p1,124.1438730340451,124.1438730340451,124.83451853971928,0.13812910113483667,correlated_linear_axes,v6p1i3_0048
bump_underfill_under_interposer,0.6625064563510025,0.6625064563510025,5.410469393533186,0.7220558188855648,correlated_log_uniform_axes,v6p1i3_0048
silicon_die_lower,148.00805649720132,148.00805649720132,148.00805649720132,0.9601611299440265,isotropic_linear,v6p1i3_0048
tim_between_dies,1.556969494676679,1.556969494676679,1.556969494676679,0.09109103586524725,isotropic_log_uniform,v6p1i3_0048
silicon_die_upper,129.84521011821926,129.84521011821926,129.84521011821926,0.5969042023643851,isotropic_linear,v6p1i3_0048
tim_to_spreader,2.2143517506085777,2.2143517506085777,2.2143517506085777,0.29471796192228794,isotropic_log_uniform,v6p1i3_0048
spreader,396.8606698838994,396.8606698838994,396.8606698838994,0.7907113255932927,isotropic_linear,v6p1i3_0048
pcb_fr4_equivalent,0.9236793041544078,0.9236793041544078,0.34637973905790287,0.8221092643216252,correlated_log_uniform_axes,v6p1i3_0049
bt_substrate_with_vias,0.20070763123856739,0.20070763123856739,0.49173369653449006,0.5079139899462461,correlated_log_uniform_axes,v6p1i3_0049
silicon_interposer_tsv_0p1,147.71349770016968,147.71349770016968,152.3324139835313,0.9237832566723228,correlated_linear_axes,v6p1i3_0049
bump_underfill_under_interposer,0.5724208410225845,0.5724208410225845,4.6747702016844395,0.39456294383853674,correlated_log_uniform_axes,v6p1i3_0049
silicon_die_lower,109.8311104811728,109.8311104811728,109.8311104811728,0.196622209623456,isotropic_linear,v6p1i3_0049
tim_between_dies,5.882542435077043,5.882542435077043,5.882542435077043,0.8595649050548673,isotropic_log_uniform,v6p1i3_0049
silicon_die_upper,114.90414422005415,114.90414422005415,114.90414422005415,0.298082884401083,isotropic_linear,v6p1i3_0049
tim_to_spreader,5.65420029626801,5.65420029626801,5.65420029626801,0.8366766469553113,isotropic_log_uniform,v6p1i3_0049
spreader,392.10145658347756,392.10145658347756,392.10145658347756,0.4734304388985038,isotropic_linear,v6p1i3_0049
pcb_fr4_equivalent,0.8907196547579194,0.8907196547579194,0.33401987053421967,0.740692613646388,correlated_log_uniform_axes,v6p1i3_0050
bt_substrate_with_vias,0.16191498496615375,0.16191498496615375,0.39669171316707674,0.02665906772017479,correlated_log_uniform_axes,v6p1i3_0050
silicon_interposer_tsv_0p1,127.99838421866298,127.99838421866298,129.3314482551068,0.2666128072887659,correlated_linear_axes,v6p1i3_0050
bump_underfill_under_interposer,0.7261659441065209,0.7261659441065209,5.930355210203253,0.9276370648294687,correlated_log_uniform_axes,v6p1i3_0050
silicon_die_lower,124.0364889614284,124.0364889614284,124.0364889614284,0.4807297792285681,isotropic_linear,v6p1i3_0050
tim_between_dies,3.3358775636007545,3.3358775636007545,3.3358775636007545,0.5316205350682139,isotropic_log_uniform,v6p1i3_0050
silicon_die_upper,146.82611348107457,146.82611348107457,146.82611348107457,0.9365222696214914,isotropic_linear,v6p1i3_0050
tim_to_spreader,3.6028228153063577,3.6028228153063577,3.6028228153063577,0.5761258248239756,isotropic_log_uniform,v6p1i3_0050
spreader,388.6119835264981,388.6119835264981,388.6119835264981,0.24079890176653862,isotropic_linear,v6p1i3_0050
pcb_fr4_equivalent,0.6557227133951621,0.6557227133951621,0.24589601752318574,0.0543816527351737,correlated_log_uniform_axes,v6p1i3_0051
bt_substrate_with_vias,0.23098773388244057,0.23098773388244057,0.5659199480119793,0.8227681051939726,correlated_log_uniform_axes,v6p1i3_0051
silicon_interposer_tsv_0p1,136.33386310189962,136.33386310189962,139.0561736188829,0.5444621033966541,correlated_linear_axes,v6p1i3_0051
bump_underfill_under_interposer,0.522474441808096,0.522474441808096,4.2668746080994495,0.18998972419649363,correlated_log_uniform_axes,v6p1i3_0051
silicon_die_lower,136.82389478199184,136.82389478199184,136.82389478199184,0.7364778956398368,isotropic_linear,v6p1i3_0051
tim_between_dies,2.095338835703724,2.095338835703724,2.095338835703724,0.26277967635542154,isotropic_log_uniform,v6p1i3_0051
silicon_die_upper,111.57107991166413,111.57107991166413,111.57107991166413,0.23142159823328257,isotropic_linear,v6p1i3_0051
tim_to_spreader,1.4643535545015502,1.4643535545015502,1.4643535545015502,0.05563600827008486,isotropic_log_uniform,v6p1i3_0051
spreader,393.37760199792683,393.37760199792683,393.37760199792683,0.5585067998617887,isotropic_linear,v6p1i3_0051
pcb_fr4_equivalent,0.6861165247109016,0.6861165247109016,0.2572936967665881,0.15590703301131725,correlated_log_uniform_axes,v6p1i3_0052
bt_substrate_with_vias,0.1738217153463273,0.1738217153463273,0.4258632025985019,0.1856570215895772,correlated_log_uniform_axes,v6p1i3_0052
silicon_interposer_tsv_0p1,144.36102820560336,144.36102820560336,148.42119957320392,0.812034273520112,correlated_linear_axes,v6p1i3_0052
bump_underfill_under_interposer,0.49149061942994665,0.49149061942994665,4.013840058677897,0.05300791747868061,correlated_log_uniform_axes,v6p1i3_0052
silicon_die_lower,130.82775361835957,130.82775361835957,130.82775361835957,0.6165550723671913,isotropic_linear,v6p1i3_0052
tim_between_dies,1.7534184067641845,1.7534184067641845,1.7534184067641845,0.15978751704096794,isotropic_log_uniform,v6p1i3_0052
silicon_die_upper,142.3019481357187,142.3019481357187,142.3019481357187,0.8460389627143741,isotropic_linear,v6p1i3_0052
tim_to_spreader,4.087804054687154,4.087804054687154,4.087804054687154,0.6491376236081123,isotropic_log_uniform,v6p1i3_0052
spreader,386.2550479825586,386.2550479825586,386.2550479825586,0.0836698655039072,isotropic_linear,v6p1i3_0052
pcb_fr4_equivalent,0.8336163811442693,0.8336163811442693,0.31260614292910094,0.5922311982139945,correlated_log_uniform_axes,v6p1i3_0053
bt_substrate_with_vias,0.24824411435498295,0.24824411435498295,0.6081980801697083,0.9842067500576377,correlated_log_uniform_axes,v6p1i3_0053
silicon_interposer_tsv_0p1,120.08793454617262,120.08793454617262,120.10259030386806,0.0029311515390872955,correlated_linear_axes,v6p1i3_0053
bump_underfill_under_interposer,0.6901489641960548,0.6901489641960548,5.636216540934447,0.8136496851220727,correlated_log_uniform_axes,v6p1i3_0053
silicon_die_lower,117.63784368522465,117.63784368522465,117.63784368522465,0.35275687370449305,isotropic_linear,v6p1i3_0053
tim_between_dies,6.195787470393279,6.195787470393279,6.195787470393279,0.8895584549754858,isotropic_log_uniform,v6p1i3_0053
silicon_die_upper,102.36176289618015,102.36176289618015,102.36176289618015,0.04723525792360306,isotropic_linear,v6p1i3_0053
tim_to_spreader,1.987268189223727,1.987268189223727,1.987268189223727,0.23216534312814474,isotropic_log_uniform,v6p1i3_0053
spreader,394.7388804331422,394.7388804331422,394.7388804331422,0.6492586955428123,isotropic_linear,v6p1i3_0053
pcb_fr4_equivalent,0.9869544679362401,0.9869544679362401,0.37010792547609,0.9705764017999172,correlated_log_uniform_axes,v6p1i3_0054
bt_substrate_with_vias,0.19969719042244954,0.19969719042244954,0.48925811653500145,0.49660488683730364,correlated_log_uniform_axes,v6p1i3_0054
silicon_interposer_tsv_0p1,139.80362000875175,139.80362000875175,143.1042233435437,0.6601206669583917,correlated_linear_axes,v6p1i3_0054
bump_underfill_under_interposer,0.5597721430660174,0.5597721430660174,4.571472501705808,0.3444950766861439,correlated_log_uniform_axes,v6p1i3_0054
silicon_die_lower,103.71897318400443,103.71897318400443,103.71897318400443,0.07437946368008852,isotropic_linear,v6p1i3_0054
tim_between_dies,4.600924370665947,4.600924370665947,4.600924370665947,0.7175007313489914,isotropic_log_uniform,v6p1i3_0054
silicon_die_upper,134.3561909161508,134.3561909161508,134.3561909161508,0.6871238183230162,isotropic_linear,v6p1i3_0054
tim_to_spreader,3.118869599770668,3.118869599770668,3.118869599770668,0.4927327409386635,isotropic_log_uniform,v6p1i3_0054
spreader,398.27962659765035,398.27962659765035,398.27962659765035,0.8853084398433566,isotropic_linear,v6p1i3_0054
pcb_fr4_equivalent,0.7256021181194582,0.7256021181194582,0.2721007942947968,0.28128449339419603,correlated_log_uniform_axes,v6p1i3_0055
bt_substrate_with_vias,0.21569012795154663,0.21569012795154663,0.5284408134812892,0.6692305644974113,correlated_log_uniform_axes,v6p1i3_0055
silicon_interposer_tsv_0p1,132.17138168402016,132.17138168402016,134.19994529802352,0.40571272280067205,correlated_linear_axes,v6p1i3_0055
bump_underfill_under_interposer,0.606219595992081,0.606219595992081,4.950793367268661,0.5231076246127486,correlated_log_uniform_axes,v6p1i3_0055
silicon_die_lower,141.5178408846259,141.5178408846259,141.5178408846259,0.8303568176925182,isotropic_linear,v6p1i3_0055
tim_between_dies,3.0939615315239757,3.0939615315239757,3.0939615315239757,0.48809714056551456,isotropic_log_uniform,v6p1i3_0055
silicon_die_upper,124.10185025073588,124.10185025073588,124.10185025073588,0.4820370050147176,isotropic_linear,v6p1i3_0055
tim_to_spreader,6.1813010306997045,6.1813010306997045,6.1813010306997045,0.8882051473483443,isotropic_log_uniform,v6p1i3_0055
spreader,389.8040302610025,389.8040302610025,389.8040302610025,0.32026868406683207,isotropic_linear,v6p1i3_0055
pcb_fr4_equivalent,0.7518990644824133,0.7518990644824133,0.2819621491809049,0.36105438601225615,correlated_log_uniform_axes,v6p1i3_0056
bt_substrate_with_vias,0.1651676056704728,0.1651676056704728,0.4046606338926584,0.0712253050878644,correlated_log_uniform_axes,v6p1i3_0056
silicon_interposer_tsv_0p1,141.31516283378005,141.31516283378005,144.8676899727434,0.7105054277926683,correlated_linear_axes,v6p1i3_0056
bump_underfill_under_interposer,0.6850932638873275,0.6850932638873275,5.594928321746507,0.7971749007701874,correlated_log_uniform_axes,v6p1i3_0056
silicon_die_lower,106.45942352712154,106.45942352712154,106.45942352712154,0.12918847054243088,isotropic_linear,v6p1i3_0056
tim_between_dies,2.508902776842232,2.508902776842232,2.508902776842232,0.3669178122654557,isotropic_log_uniform,v6p1i3_0056
silicon_die_upper,140.1585470419377,140.1585470419377,140.1585470419377,0.8031709408387542,isotropic_linear,v6p1i3_0056
tim_to_spreader,4.69337447484688,4.69337447484688,4.69337447484688,0.7290023313835263,isotropic_log_uniform,v6p1i3_0056
spreader,385.61399469152093,385.61399469152093,385.61399469152093,0.04093297943472862,isotropic_linear,v6p1i3_0056
pcb_fr4_equivalent,0.9659187020127415,0.9659187020127415,0.362219513254778,0.9223020169883966,correlated_log_uniform_axes,v6p1i3_0057
bt_substrate_with_vias,0.2260689548879995,0.2260689548879995,0.5538689394755988,0.7745378380641341,correlated_log_uniform_axes,v6p1i3_0057
silicon_interposer_tsv_0p1,134.38604939728975,134.38604939728975,136.78372429683805,0.47953497990965843,correlated_linear_axes,v6p1i3_0057
bump_underfill_under_interposer,0.49511576973447663,0.49511576973447663,4.043445452831558,0.06947435718029737,correlated_log_uniform_axes,v6p1i3_0057
silicon_die_lower,145.0277001131326,145.0277001131326,145.0277001131326,0.9005540022626519,isotropic_linear,v6p1i3_0057
tim_between_dies,3.6819029329082307,3.6819029329082307,3.6819029329082307,0.5886781541630626,isotropic_log_uniform,v6p1i3_0057
silicon_die_upper,104.90494389086962,104.90494389086962,104.90494389086962,0.09809887781739235,isotropic_linear,v6p1i3_0057
tim_to_spreader,1.7411229790080607,1.7411229790080607,1.7411229790080607,0.15571925975382328,isotropic_log_uniform,v6p1i3_0057
spreader,395.8481187839061,395.8481187839061,395.8481187839061,0.7232079189270735,isotropic_linear,v6p1i3_0057
pcb_fr4_equivalent,0.8055115864392316,0.8055115864392316,0.3020668449147118,0.5153843993321061,correlated_log_uniform_axes,v6p1i3_0058
bt_substrate_with_vias,0.1797029960479988,0.1797029960479988,0.44027234031759716,0.26021735835820436,correlated_log_uniform_axes,v6p1i3_0058
silicon_interposer_tsv_0p1,144.7263307403773,144.7263307403773,148.84738586377352,0.8242110246792436,correlated_linear_axes,v6p1i3_0058
bump_underfill_under_interposer,0.6274906329568158,0.6274906329568158,5.124506835813995,0.6003817673772573,correlated_log_uniform_axes,v6p1i3_0058
silicon_die_lower,134.33721982873976,134.33721982873976,134.33721982873976,0.6867443965747952,isotropic_linear,v6p1i3_0058
tim_between_dies,4.955065103037534,4.955065103037534,4.955065103037534,0.7603706168010831,isotropic_log_uniform,v6p1i3_0058
silicon_die_upper,136.50953331962228,136.50953331962228,136.50953331962228,0.7301906663924456,isotropic_linear,v6p1i3_0058
tim_to_spreader,2.5887765471559065,2.5887765471559065,2.5887765471559065,0.38503623474389315,isotropic_log_uniform,v6p1i3_0058
spreader,399.8650499759242,399.8650499759242,399.8650499759242,0.9910033317282796,isotropic_linear,v6p1i3_0058
pcb_fr4_equivalent,0.7001453540032803,0.7001453540032803,0.26255450775123007,0.20126009732484818,correlated_log_uniform_axes,v6p1i3_0059
bt_substrate_with_vias,0.20815711068062273,0.20815711068062273,0.5099849211675258,0.5895741051062942,correlated_log_uniform_axes,v6p1i3_0059
silicon_interposer_tsv_0p1,123.50011219270527,123.50011219270527,124.08346422482282,0.11667040642350912,correlated_linear_axes,v6p1i3_0059
bump_underfill_under_interposer,0.5407951126232226,0.5407951126232226,4.416493419756317,0.2672144966199994,correlated_log_uniform_axes,v6p1i3_0059
silicon_die_lower,120.3786401078105,120.3786401078105,120.3786401078105,0.40757280215620995,isotropic_linear,v6p1i3_0059
tim_between_dies,1.4227602957931544,1.4227602957931544,1.4227602957931544,0.03897726442664862,isotropic_log_uniform,v6p1i3_0059
silicon_die_upper,121.56703700311482,121.56703700311482,121.56703700311482,0.4313407400622964,isotropic_linear,v6p1i3_0059
tim_to_spreader,7.491182560685084,7.491182560685084,7.491182560685084,0.9993199203163385,isotropic_log_uniform,v6p1i3_0059
spreader,389.6245208242908,389.6245208242908,389.6245208242908,0.30830138828605413,isotropic_linear,v6p1i3_0059
pcb_fr4_equivalent,0.6691278552594125,0.6691278552594125,0.2509229457222797,0.09972723666578531,correlated_log_uniform_axes,v6p1i3_0060
bt_substrate_with_vias,0.19307532928617127,0.19307532928617127,0.47303455675111966,0.4210442192852497,correlated_log_uniform_axes,v6p1i3_0060
silicon_interposer_tsv_0p1,130.47304744832218,130.47304744832218,132.21855535637587,0.34910158161073923,correlated_linear_axes,v6p1i3_0060
bump_underfill_under_interposer,0.5930897112168817,0.5930897112168817,4.843565974937866,0.4740436505526304,correlated_log_uniform_axes,v6p1i3_0060
silicon_die_lower,114.26538801752031,114.26538801752031,114.26538801752031,0.28530776035040617,isotropic_linear,v6p1i3_0060
tim_between_dies,2.584850486715294,2.584850486715294,2.584850486715294,0.3841587994247675,isotropic_log_uniform,v6p1i3_0060
silicon_die_upper,127.68871947191656,127.68871947191656,127.68871947191656,0.5537743894383311,isotropic_linear,v6p1i3_0060
tim_to_spreader,2.4063220439910293,2.4063220439910293,2.4063220439910293,0.34278329368680716,isotropic_log_uniform,v6p1i3_0060
spreader,397.5093013094738,397.5093013094738,397.5093013094738,0.8339534206315875,isotropic_linear,v6p1i3_0060
pcb_fr4_equivalent,0.8606925363517782,0.8606925363517782,0.3227597011319168,0.663853295147419,correlated_log_uniform_axes,v6p1i3_0061
bt_substrate_with_vias,0.2235006318006749,0.2235006318006749,0.5475765479116536,0.7489358838647604,correlated_log_uniform_axes,v6p1i3_0061
silicon_interposer_tsv_0p1,137.63665144331753,137.63665144331753,140.57609335053712,0.5878883814439178,correlated_linear_axes,v6p1i3_0061
bump_underfill_under_interposer,0.6394208297010251,0.6394208297010251,5.221936775891704,0.6425834568217397,correlated_log_uniform_axes,v6p1i3_0061
silicon_die_lower,127.84511456266046,127.84511456266046,127.84511456266046,0.5569022912532091,isotropic_linear,v6p1i3_0061
tim_between_dies,4.167116477457549,4.167116477457549,4.167116477457549,0.6602471321821213,isotropic_log_uniform,v6p1i3_0061
silicon_die_upper,117.43599995970726,117.43599995970726,117.43599995970726,0.3487199991941452,isotropic_linear,v6p1i3_0061
tim_to_spreader,5.2251463635313495,5.2251463635313495,5.2251463635313495,0.7910532578825951,isotropic_log_uniform,v6p1i3_0061
spreader,390.9846400981769,390.9846400981769,390.9846400981769,0.39897600654512644,isotropic_linear,v6p1i3_0061
pcb_fr4_equivalent,0.9039891555477043,0.9039891555477043,0.3389959333303891,0.7738273991271853,correlated_log_uniform_axes,v6p1i3_0062
bt_substrate_with_vias,0.1774679771947814,0.1774679771947814,0.43479654412721447,0.23217423632740974,correlated_log_uniform_axes,v6p1i3_0062
silicon_interposer_tsv_0p1,127.29602655395865,127.29602655395865,128.51203097961843,0.24320088513195515,correlated_linear_axes,v6p1i3_0062
bump_underfill_under_interposer,0.519157155753394,0.519157155753394,4.239783438652717,0.17571768909692764,correlated_log_uniform_axes,v6p1i3_0062
silicon_die_lower,139.0303852967918,139.0303852967918,139.0303852967918,0.7806077059358358,isotropic_linear,v6p1i3_0062
tim_between_dies,7.352958725181033,7.352958725181033,7.352958725181033,0.9885529484599829,isotropic_log_uniform,v6p1i3_0062
silicon_die_upper,148.96655781194568,148.96655781194568,148.96655781194568,0.9793311562389135,isotropic_linear,v6p1i3_0062
tim_to_spreader,3.514351914755347,3.514351914755347,3.514351914755347,0.5617521321401,isotropic_log_uniform,v6p1i3_0062
spreader,387.0336232986301,387.0336232986301,387.0336232986301,0.13557488657534122,isotropic_linear,v6p1i3_0062
pcb_fr4_equivalent,0.7867554412717318,0.7867554412717318,0.2950332904768994,0.46259296871721745,correlated_log_uniform_axes,v6p1i3_0063
bt_substrate_with_vias,0.2427460045149942,0.2427460045149942,0.5947277110617359,0.9340216871351004,correlated_log_uniform_axes,v6p1i3_0063
silicon_interposer_tsv_0p1,148.28752610832453,148.28752610832453,153.00211379304528,0.9429175369441509,correlated_linear_axes,v6p1i3_0063
bump_underfill_under_interposer,0.7308080647363424,0.7308080647363424,5.968265862013463,0.9419155372306705,correlated_log_uniform_axes,v6p1i3_0063
silicon_die_lower,100.05885357968509,100.05885357968509,100.05885357968509,0.0011770715937018394,isotropic_linear,v6p1i3_0063
tim_between_dies,1.9194692098010457,1.9194692098010457,1.9194692098010457,0.21209726855158806,isotropic_log_uniform,v6p1i3_0063
silicon_die_upper,109.0247514192015,109.0247514192015,109.0247514192015,0.18049502838402987,isotropic_linear,v6p1i3_0063
tim_to_spreader,1.5075715159019618,1.5075715159019618,1.5075715159019618,0.07245152443647385,isotropic_log_uniform,v6p1i3_0063
spreader,393.5500482842326,393.5500482842326,393.5500482842326,0.5700032189488411,isotropic_linear,v6p1i3_0063
pcb_fr4_equivalent,0.7843249596489803,0.7843249596489803,0.2941218598683676,0.4556601485237479,correlated_log_uniform_axes,v6p1i3_0064
bt_substrate_with_vias,0.16880168000708554,0.16880168000708554,0.4135641160173596,0.11999163590371609,correlated_log_uniform_axes,v6p1i3_0064
silicon_interposer_tsv_0p1,126.14512612111866,126.14512612111866,127.16931380797178,0.20483753737062216,correlated_linear_axes,v6p1i3_0064
bump_underfill_under_interposer,0.4962985118578547,0.4962985118578547,4.053104513505813,0.07482062559574842,correlated_log_uniform_axes,v6p1i3_0064
silicon_die_lower,122.21523798070848,122.21523798070848,122.21523798070848,0.4443047596141696,isotropic_linear,v6p1i3_0064
tim_between_dies,3.0666794385727902,3.0666794385727902,3.0666794385727902,0.4829766945913434,isotropic_log_uniform,v6p1i3_0064
silicon_die_upper,100.69134701043367,100.69134701043367,100.69134701043367,0.013826940208673477,isotropic_linear,v6p1i3_0064
tim_to_spreader,1.4552072963997935,1.4552072963997935,1.4552072963997935,0.05201374087482691,isotropic_log_uniform,v6p1i3_0064
spreader,399.3578298203647,399.3578298203647,399.3578298203647,0.9571886546909809,isotropic_linear,v6p1i3_0064
pcb_fr4_equivalent,0.9019863186936076,0.9019863186936076,0.3382448695101028,0.7688574772328138,correlated_log_uniform_axes,v6p1i3_0065
bt_substrate_with_vias,0.2278431045230463,0.2278431045230463,0.5582156060814635,0.792053896933794,correlated_log_uniform_axes,v6p1i3_0065
silicon_interposer_tsv_0p1,149.45130120031536,149.45130120031536,154.35985140036792,0.9817100400105119,correlated_linear_axes,v6p1i3_0065
bump_underfill_under_interposer,0.688582991266652,0.688582991266652,5.623427762010992,0.8085596561431885,correlated_log_uniform_axes,v6p1i3_0065
silicon_die_lower,135.57529160752892,135.57529160752892,135.57529160752892,0.7115058321505785,isotropic_linear,v6p1i3_0065
tim_between_dies,4.3971273716894625,4.3971273716894625,4.3971273716894625,0.6913082441315055,isotropic_log_uniform,v6p1i3_0065
silicon_die_upper,142.00112777762115,142.00112777762115,142.00112777762115,0.840022555552423,isotropic_linear,v6p1i3_0065
tim_to_spreader,3.5205819067256536,3.5205819067256536,3.5205819067256536,0.5627760868519545,isotropic_log_uniform,v6p1i3_0065
spreader,389.1209913883358,389.1209913883358,389.1209913883358,0.27473275922238827,isotropic_linear,v6p1i3_0065
pcb_fr4_equivalent,0.8626040743994565,0.8626040743994565,0.32347652789979614,0.6688242377713323,correlated_log_uniform_axes,v6p1i3_0066
bt_substrate_with_vias,0.1833269987398274,0.1833269987398274,0.44915114691257724,0.3049553092569113,correlated_log_uniform_axes,v6p1i3_0066
silicon_interposer_tsv_0p1,129.77642107754946,129.77642107754946,131.40582459047437,0.3258807025849819,correlated_linear_axes,v6p1i3_0066
bump_underfill_under_interposer,0.5427952538607623,0.5427952538607623,4.432827906529559,0.2754865186288953,correlated_log_uniform_axes,v6p1i3_0066
silicon_die_lower,149.87941114231944,149.87941114231944,149.87941114231944,0.9975882228463888,isotropic_linear,v6p1i3_0066
tim_between_dies,6.246286618177939,6.246286618177939,6.246286618177939,0.8942514145746827,isotropic_log_uniform,v6p1i3_0066
silicon_die_upper,122.84809132106602,122.84809132106602,122.84809132106602,0.45696182642132044,isotropic_linear,v6p1i3_0066
tim_to_spreader,5.622973006241474,5.622973006241474,5.622973006241474,0.8334748903289437,isotropic_log_uniform,v6p1i3_0066
spreader,385.1617348147556,385.1617348147556,385.1617348147556,0.010782320983707905,isotropic_linear,v6p1i3_0066
pcb_fr4_equivalent,0.6712005248993186,0.6712005248993186,0.2517001968372444,0.10665726289153099,correlated_log_uniform_axes,v6p1i3_0067
bt_substrate_with_vias,0.20941387662560682,0.20941387662560682,0.5130639977327367,0.6030619032680988,correlated_log_uniform_axes,v6p1i3_0067
silicon_interposer_tsv_0p1,138.3167410455644,138.3167410455644,141.36953121982515,0.6105580348521471,correlated_linear_axes,v6p1i3_0067
bump_underfill_under_interposer,0.6293151925556874,0.6293151925556874,5.139407405871446,0.6068876441568136,correlated_log_uniform_axes,v6p1i3_0067
silicon_die_lower,111.12764771096408,111.12764771096408,111.12764771096408,0.22255295421928167,isotropic_linear,v6p1i3_0067
tim_between_dies,1.8356549258391384,1.8356549258391384,1.8356549258391384,0.1862854240462184,isotropic_log_uniform,v6p1i3_0067
silicon_die_upper,131.3437850214541,131.3437850214541,131.3437850214541,0.6268757004290819,isotropic_linear,v6p1i3_0067
tim_to_spreader,2.1649796182557743,2.1649796182557743,2.1649796182557743,0.2816819231957197,isotropic_log_uniform,v6p1i3_0067
spreader,395.4068166250363,395.4068166250363,395.4068166250363,0.69378777500242,isotropic_linear,v6p1i3_0067
pcb_fr4_equivalent,0.6974509535760399,0.6974509535760399,0.26154410759101493,0.19262043852359056,correlated_log_uniform_axes,v6p1i3_0068
bt_substrate_with_vias,0.19156144472994702,0.19156144472994702,0.4693255395883702,0.40340579207986593,correlated_log_uniform_axes,v6p1i3_0068
silicon_interposer_tsv_0p1,145.4064205661416,145.4064205661416,149.64082399383187,0.8468806855380535,correlated_linear_axes,v6p1i3_0068
bump_underfill_under_interposer,0.6415749695827252,0.6415749695827252,5.239528918258921,0.650119480676949,correlated_log_uniform_axes,v6p1i3_0068
silicon_die_lower,105.00977002084255,105.00977002084255,105.00977002084255,0.10019540041685104,isotropic_linear,v6p1i3_0068
tim_between_dies,2.1066886494165935,2.1066886494165935,2.1066886494165935,0.26590276323258877,isotropic_log_uniform,v6p1i3_0068
silicon_die_upper,113.2466234266758,113.2466234266758,113.2466234266758,0.26493246853351593,isotropic_linear,v6p1i3_0068
tim_to_spreader,6.044187885761826,6.044187885761826,6.044187885761826,0.8752368120476604,isotropic_log_uniform,v6p1i3_0068
spreader,387.4639675440267,387.4639675440267,387.4639675440267,0.16426450293511152,isotropic_linear,v6p1i3_0068
pcb_fr4_equivalent,0.8017145407828806,0.8017145407828806,0.3006429527935802,0.5047970972955227,correlated_log_uniform_axes,v6p1i3_0069
bt_substrate_with_vias,0.21867707779512022,0.21867707779512022,0.5357588405980447,0.7000477807596326,correlated_log_uniform_axes,v6p1i3_0069
silicon_interposer_tsv_0p1,122.80348559841514,122.80348559841514,123.27073319815099,0.09344951994717121,correlated_linear_axes,v6p1i3_0069
bump_underfill_under_interposer,0.5955245918681431,0.5955245918681431,4.863450833589834,0.4832238685339689,correlated_log_uniform_axes,v6p1i3_0069
silicon_die_lower,143.40718989260495,143.40718989260495,143.40718989260495,0.8681437978520989,isotropic_linear,v6p1i3_0069
tim_between_dies,3.502591287260514,3.502591287260514,3.502591287260514,0.5598142109811306,isotropic_log_uniform,v6p1i3_0069
silicon_die_upper,129.55552055500448,129.55552055500448,129.55552055500448,0.5911104111000896,isotropic_linear,v6p1i3_0069
tim_to_spreader,3.101271117785941,3.101271117785941,3.101271117785941,0.48946137353777885,isotropic_log_uniform,v6p1i3_0069
spreader,393.9839688083157,393.9839688083157,393.9839688083157,0.598931253887713,isotropic_linear,v6p1i3_0069
pcb_fr4_equivalent,0.970492234180861,0.970492234180861,0.36393458781782284,0.9328865250572562,correlated_log_uniform_axes,v6p1i3_0070
bt_substrate_with_vias,0.1763740875991942,0.1763740875991942,0.4321165146180258,0.21832004841417074,correlated_log_uniform_axes,v6p1i3_0070
silicon_interposer_tsv_0p1,142.4789381492883,142.4789381492883,146.22542784083635,0.7492979383096099,correlated_linear_axes,v6p1i3_0070
bump_underfill_under_interposer,0.7342282317218919,0.7342282317218919,5.996197225728783,0.9523775530979037,correlated_log_uniform_axes,v6p1i3_0070
silicon_die_lower,129.5855584088713,129.5855584088713,129.5855584088713,0.5917111681774259,isotropic_linear,v6p1i3_0070
tim_between_dies,5.855173242853272,5.855173242853272,5.855173242853272,0.8568688277155161,isotropic_log_uniform,v6p1i3_0070
silicon_die_upper,110.28120392002165,110.28120392002165,110.28120392002165,0.20562407840043306,isotropic_linear,v6p1i3_0070
tim_to_spreader,1.9417802679108638,1.9417802679108638,1.9417802679108638,0.2187784044072032,isotropic_log_uniform,v6p1i3_0070
spreader,397.9944913368672,397.9944913368672,397.9944913368672,0.8662994224578142,isotropic_linear,v6p1i3_0070
pcb_fr4_equivalent,0.7548041533109235,0.7548041533109235,0.28305155749159633,0.36969506554305553,correlated_log_uniform_axes,v6p1i3_0071
bt_substrate_with_vias,0.23790854185019938,0.23790854185019938,0.5828759275329886,0.8889177041128278,correlated_log_uniform_axes,v6p1i3_0071
silicon_interposer_tsv_0p1,133.23514874093235,133.23514874093235,135.44100686442107,0.44117162469774485,correlated_linear_axes,v6p1i3_0071
bump_underfill_under_interposer,0.5201546484048959,0.5201546484048959,4.247929628639983,0.18001879006624222,correlated_log_uniform_axes,v6p1i3_0071
silicon_die_lower,115.79793076962233,115.79793076962233,115.79793076962233,0.3159586153924465,isotropic_linear,v6p1i3_0071
tim_between_dies,1.482080068942654,1.482080068942654,1.482080068942654,0.06259241700172424,isotropic_log_uniform,v6p1i3_0071
silicon_die_upper,143.77620769664645,143.77620769664645,143.77620769664645,0.875524153932929,isotropic_linear,v6p1i3_0071
tim_to_spreader,4.062546700148632,4.062546700148632,4.062546700148632,0.6455544643104076,isotropic_log_uniform,v6p1i3_0071
spreader,391.4809022843838,391.4809022843838,391.4809022843838,0.4320601522922516,isotropic_linear,v6p1i3_0071
pcb_fr4_equivalent,0.7291180432907375,0.7291180432907375,0.2734192662340265,0.2921156957745552,correlated_log_uniform_axes,v6p1i3_0072
bt_substrate_with_vias,0.18749846579972024,0.18749846579972024,0.45937124120931466,0.35536955203861,correlated_log_uniform_axes,v6p1i3_0072
silicon_interposer_tsv_0p1,139.07957788556814,139.07957788556814,142.25950753316283,0.6359859295189381,correlated_linear_axes,v6p1i3_0072
bump_underfill_under_interposer,0.5753376172103166,0.5753376172103166,4.698590540550918,0.40595151390880346,correlated_log_uniform_axes,v6p1i3_0072
silicon_die_lower,132.30177350342274,132.30177350342274,132.30177350342274,0.6460354700684547,isotropic_linear,v6p1i3_0072
tim_between_dies,1.853341080743012,1.853341080743012,1.853341080743012,0.19182889442890882,isotropic_log_uniform,v6p1i3_0072
silicon_die_upper,116.96168016642332,116.96168016642332,116.96168016642332,0.3392336033284664,isotropic_linear,v6p1i3_0072
tim_to_spreader,7.336617676414588,7.336617676414588,7.336617676414588,0.9872667025774717,isotropic_log_uniform,v6p1i3_0072
spreader,388.1120590073988,388.1120590073988,388.1120590073988,0.20747060049325228,isotropic_linear,v6p1i3_0072
pcb_fr4_equivalent,0.9908753446024923,0.9908753446024923,0.3715782542259346,0.9794604415073991,correlated_log_uniform_axes,v6p1i3_0073
bt_substrate_with_vias,0.20513497259120353,0.20513497259120353,0.5025806828484486,0.5568037899211049,correlated_log_uniform_axes,v6p1i3_0073
silicon_interposer_tsv_0p1,132.8826635889709,132.8826635889709,135.02977418713272,0.4294221196323633,correlated_linear_axes,v6p1i3_0073
bump_underfill_under_interposer,0.6640879340053327,0.6640879340053327,5.423384794376883,0.7273982726037502,correlated_log_uniform_axes,v6p1i3_0073
silicon_die_lower,119.33164377696812,119.33164377696812,119.33164377696812,0.38663287553936243,isotropic_linear,v6p1i3_0073
tim_between_dies,7.215439167452875,7.215439167452875,7.215439167452875,0.9776380741968751,isotropic_log_uniform,v6p1i3_0073
silicon_die_upper,125.45899520628154,125.45899520628154,125.45899520628154,0.5091799041256309,isotropic_linear,v6p1i3_0073
tim_to_spreader,2.578791423286145,2.578791423286145,2.578791423286145,0.3828020403161645,isotropic_log_uniform,v6p1i3_0073
spreader,392.866776981391,392.866776981391,392.866776981391,0.5244517987594008,isotropic_linear,v6p1i3_0073
pcb_fr4_equivalent,0.83031739724535,0.83031739724535,0.3113690239670062,0.5833461377769709,correlated_log_uniform_axes,v6p1i3_0074
bt_substrate_with_vias,0.1629193520277119,0.1629193520277119,0.39915241246789424,0.040515377186238766,correlated_log_uniform_axes,v6p1i3_0074
silicon_interposer_tsv_0p1,143.1825975794345,143.1825975794345,147.0463638426736,0.7727532526478171,correlated_linear_axes,v6p1i3_0074
bump_underfill_under_interposer,0.523992752904552,0.523992752904552,4.279274148720509,0.19649178627878428,correlated_log_uniform_axes,v6p1i3_0074
silicon_die_lower,108.54382910765707,108.54382910765707,108.54382910765707,0.1708765821531415,isotropic_linear,v6p1i3_0074
tim_between_dies,4.318993716259284,4.318993716259284,4.318993716259284,0.6809429964050651,isotropic_log_uniform,v6p1i3_0074
silicon_die_upper,106.57451641745865,106.57451641745865,106.57451641745865,0.13149032834917307,isotropic_linear,v6p1i3_0074
tim_to_spreader,1.7043237895310492,1.7043237895310492,1.7043237895310492,0.14336938969790936,isotropic_log_uniform,v6p1i3_0074
spreader,396.4157628081739,396.4157628081739,396.4157628081739,0.7610508538782597,isotropic_linear,v6p1i3_0074
pcb_fr4_equivalent,0.6828088112213847,0.6828088112213847,0.2560533042080192,0.14507862459868193,correlated_log_uniform_axes,v6p1i3_0075
bt_substrate_with_vias,0.23568465225426646,0.23568465225426646,0.5774273980229528,0.8678737850859761,correlated_log_uniform_axes,v6p1i3_0075
silicon_interposer_tsv_0p1,121.28278749994934,121.28278749994934,121.49658541660756,0.042759583331644535,correlated_linear_axes,v6p1i3_0075
bump_underfill_under_interposer,0.7288529238028059,0.7288529238028059,5.952298877722914,0.9359129015356302,correlated_log_uniform_axes,v6p1i3_0075
silicon_die_lower,146.1230119690299,146.1230119690299,146.1230119690299,0.9224602393805981,isotropic_linear,v6p1i3_0075
tim_between_dies,2.6327241347317667,2.6327241347317667,2.6327241347317667,0.394768257625401,isotropic_log_uniform,v6p1i3_0075
silicon_die_upper,147.88267584517598,147.88267584517598,147.88267584517598,0.9576535169035196,isotropic_linear,v6p1i3_0075
tim_to_spreader,4.671763483362944,4.671763483362944,4.671763483362944,0.726334155537188,isotropic_log_uniform,v6p1i3_0075
spreader,391.6528015676886,391.6528015676886,391.6528015676886,0.4435201045125723,isotropic_linear,v6p1i3_0075
pcb_fr4_equivalent,0.6571071975760204,0.6571071975760204,0.24641519909100765,0.059107670560479164,correlated_log_uniform_axes,v6p1i3_0076
bt_substrate_with_vias,0.17007940137133615,0.17007940137133615,0.4166945333597735,0.13688851706683636,correlated_log_uniform_axes,v6p1i3_0076
silicon_interposer_tsv_0p1,129.1932373959571,129.1932373959571,130.72544362861663,0.30644124653190374,correlated_linear_axes,v6p1i3_0076
bump_underfill_under_interposer,0.6929834933345582,0.6929834933345582,5.659365195565558,0.8228337178006768,correlated_log_uniform_axes,v6p1i3_0076
silicon_die_lower,140.13140103779733,140.13140103779733,140.13140103779733,0.8026280207559466,isotropic_linear,v6p1i3_0076
tim_between_dies,1.4686767563281564,1.4686767563281564,1.4686767563281564,0.05734029412269592,isotropic_log_uniform,v6p1i3_0076
silicon_die_upper,104.39507849514484,104.39507849514484,104.39507849514484,0.08790156990289688,isotropic_linear,v6p1i3_0076
tim_to_spreader,1.500845187968635,1.500845187968635,1.500845187968635,0.06986632570624352,isotropic_log_uniform,v6p1i3_0076
spreader,398.71726642362773,398.71726642362773,398.71726642362773,0.914484428241849,isotropic_linear,v6p1i3_0076
pcb_fr4_equivalent,0.8933823946288164,0.8933823946288164,0.3350183979858061,0.7473810566589236,correlated_log_uniform_axes,v6p1i3_0077
bt_substrate_with_vias,0.2463109270463435,0.2463109270463435,0.6034617712635416,0.966689046472311,correlated_log_uniform_axes,v6p1i3_0077
silicon_interposer_tsv_0p1,135.15543225221336,135.15543225221336,137.68133762758225,0.5051810750737786,correlated_linear_axes,v6p1i3_0077
bump_underfill_under_interposer,0.49314555881532585,0.49314555881532585,4.027355396991828,0.060540126636624336,correlated_log_uniform_axes,v6p1i3_0077
silicon_die_lower,102.12539518252015,102.12539518252015,102.12539518252015,0.04250790365040302,isotropic_linear,v6p1i3_0077
tim_between_dies,5.066206537578077,5.066206537578077,5.066206537578077,0.7731946352869272,isotropic_log_uniform,v6p1i3_0077
silicon_die_upper,137.8915128763765,137.8915128763765,137.8915128763765,0.7578302575275302,isotropic_linear,v6p1i3_0077
tim_to_spreader,3.439569908380863,3.439569908380863,3.439569908380863,0.5493173776194453,isotropic_log_uniform,v6p1i3_0077
spreader,390.2306551486254,390.2306551486254,390.2306551486254,0.3487103432416916,isotropic_linear,v6p1i3_0077
pcb_fr4_equivalent,0.9209274121964809,0.9209274121964809,0.3453477795736803,0.8154236152768135,correlated_log_uniform_axes,v6p1i3_0078
bt_substrate_with_vias,0.1957493923692931,0.1957493923692931,0.4795860113047682,0.4518647622317076,correlated_log_uniform_axes,v6p1i3_0078
silicon_interposer_tsv_0p1,124.85515516251326,124.85515516251326,125.6643476895988,0.16183850541710854,correlated_linear_axes,v6p1i3_0078
bump_underfill_under_interposer,0.6073833337078137,0.6073833337078137,4.9602972252804785,0.5274049108847976,correlated_log_uniform_axes,v6p1i3_0078
silicon_die_lower,113.21182949468493,113.21182949468493,113.21182949468493,0.2642365898936987,isotropic_linear,v6p1i3_0078
tim_between_dies,3.564159031068131,3.564159031068131,3.564159031068131,0.5698881112039089,isotropic_log_uniform,v6p1i3_0078
silicon_die_upper,119.12988857366145,119.12988857366145,119.12988857366145,0.38259777147322893,isotropic_linear,v6p1i3_0078
tim_to_spreader,5.204520396454188,5.204520396454188,5.204520396454188,0.7887666188180447,isotropic_log_uniform,v6p1i3_0078
spreader,386.7475908668712,386.7475908668712,386.7475908668712,0.11650605779141188,isotropic_linear,v6p1i3_0078
pcb_fr4_equivalent,0.7576368817705685,0.7576368817705685,0.2841138306639632,0.3780885571613908,correlated_log_uniform_axes,v6p1i3_0079
bt_substrate_with_vias,0.21439553865668942,0.21439553865668942,0.5252690697088891,0.6557411216199398,correlated_log_uniform_axes,v6p1i3_0079
silicon_interposer_tsv_0p1,146.98945535346866,146.98945535346866,151.4876979123801,0.8996485117822886,correlated_linear_axes,v6p1i3_0079
bump_underfill_under_interposer,0.5623928228368802,0.5623928228368802,4.592874719834521,0.3549609072506428,correlated_log_uniform_axes,v6p1i3_0079
silicon_die_lower,125.82839052192867,125.82839052192867,125.82839052192867,0.5165678104385734,isotropic_linear,v6p1i3_0079
tim_between_dies,2.4551576229040655,2.4551576229040655,2.4551576229040655,0.35439873300492764,isotropic_log_uniform,v6p1i3_0079
silicon_die_upper,135.43735509738326,135.43735509738326,135.43735509738326,0.7087471019476652,isotropic_linear,v6p1i3_0079
tim_to_spreader,2.35689419194418,2.35689419194418,2.35689419194418,0.3307844279333949,isotropic_log_uniform,v6p1i3_0079
spreader,395.22778981830925,395.22778981830925,395.22778981830925,0.6818526545539498,isotropic_linear,v6p1i3_0079
pcb_fr4_equivalent,0.777098019054795,0.777098019054795,0.2914117571455481,0.4349180506542325,correlated_log_uniform_axes,v6p1i3_0080
bt_substrate_with_vias,0.198891327787894,0.198891327787894,0.4872837530803403,0.48754438012838364,correlated_log_uniform_axes,v6p1i3_0080
silicon_interposer_tsv_0p1,131.31493284367025,131.31493284367025,133.20075498428196,0.37716442812234163,correlated_linear_axes,v6p1i3_0080
bump_underfill_under_interposer,0.7498323920189509,0.7498323920189509,6.123631201488099,0.9994991961866617,correlated_log_uniform_axes,v6p1i3_0080
silicon_die_lower,109.6284010913223,109.6284010913223,109.6284010913223,0.19256802182644606,isotropic_linear,v6p1i3_0080
tim_between_dies,5.160385015995603,5.160385015995603,5.160385015995603,0.7838430805131793,isotropic_log_uniform,v6p1i3_0080
silicon_die_upper,143.63073240965605,143.63073240965605,143.63073240965605,0.872614648193121,isotropic_linear,v6p1i3_0080
tim_to_spreader,4.871188419777733,4.871188419777733,4.871188419777733,0.7505006203427911,isotropic_log_uniform,v6p1i3_0080
spreader,393.2289284095168,393.2289284095168,393.2289284095168,0.5485952273011208,isotropic_linear,v6p1i3_0080
pcb_fr4_equivalent,0.9443208102159767,0.9443208102159767,0.3541203038309912,0.8716312237083912,correlated_log_uniform_axes,v6p1i3_0081
bt_substrate_with_vias,0.21471965740304172,0.21471965740304172,0.5260631606374524,0.6591260228306055,correlated_log_uniform_axes,v6p1i3_0081
silicon_interposer_tsv_0p1,140.58688388206065,140.58688388206065,144.01803119573742,0.6862294627353549,correlated_linear_axes,v6p1i3_0081
bump_underfill_under_interposer,0.509330289935772,0.509330289935772,4.1595307011421365,0.13289786223322153,correlated_log_uniform_axes,v6p1i3_0081
silicon_die_lower,148.2093115337193,148.2093115337193,148.2093115337193,0.964186230674386,isotropic_linear,v6p1i3_0081
tim_between_dies,1.3660121854989045,1.3660121854989045,1.3660121854989045,0.015445665456354618,isotropic_log_uniform,v6p1i3_0081
silicon_die_upper,102.32101152651012,102.32101152651012,102.32101152651012,0.04642023053020239,isotropic_linear,v6p1i3_0081
tim_to_spreader,2.4996353031501135,2.4996353031501135,2.4996353031501135,0.36477835290133953,isotropic_log_uniform,v6p1i3_0081
spreader,388.70194791816175,388.70194791816175,388.70194791816175,0.24679652787745,isotropic_linear,v6p1i3_0081
pcb_fr4_equivalent,0.871015070363098,0.871015070363098,0.3266306513861617,0.690566903911531,correlated_log_uniform_axes,v6p1i3_0082
bt_substrate_with_vias,0.17288060182284445,0.17288060182284445,0.423557474465969,0.17349230498075485,correlated_log_uniform_axes,v6p1i3_0082
silicon_interposer_tsv_0p1,120.88670337572694,120.88670337572694,121.03448727168143,0.02955677919089794,correlated_linear_axes,v6p1i3_0082
bump_underfill_under_interposer,0.6461342017414042,0.6461342017414042,5.2767626475548,0.665986355394125,correlated_log_uniform_axes,v6p1i3_0082
silicon_die_lower,137.414666172117,137.414666172117,137.414666172117,0.7482933234423399,isotropic_linear,v6p1i3_0082
tim_between_dies,2.4083156588467376,2.4083156588467376,2.4083156588467376,0.3432620679959655,isotropic_log_uniform,v6p1i3_0082
silicon_die_upper,132.82696795649827,132.82696795649827,132.82696795649827,0.6565393591299653,isotropic_linear,v6p1i3_0082
tim_to_spreader,1.5660714047580466,1.5660714047580466,1.5660714047580466,0.09446087572723627,isotropic_log_uniform,v6p1i3_0082
spreader,392.24921447690576,392.24921447690576,392.24921447690576,0.4832809651270509,isotropic_linear,v6p1i3_0082
pcb_fr4_equivalent,0.6408244712719575,0.6408244712719575,0.24030917672698404,0.0028847064822912216,correlated_log_uniform_axes,v6p1i3_0083
bt_substrate_with_vias,0.24658157246560683,0.24658157246560683,0.6041248525407368,0.9691497776657343,correlated_log_uniform_axes,v6p1i3_0083
silicon_interposer_tsv_0p1,143.51825684309006,143.51825684309006,147.4379663169384,0.7839418947696686,correlated_linear_axes,v6p1i3_0083
bump_underfill_under_interposer,0.5913221550797123,0.5913221550797123,4.829130933150983,0.46735580172389746,correlated_log_uniform_axes,v6p1i3_0083
silicon_die_lower,123.44431090168655,123.44431090168655,123.44431090168655,0.468886218033731,isotropic_linear,v6p1i3_0083
tim_between_dies,3.835265909783243,3.835265909783243,3.835265909783243,0.6122709633782506,isotropic_log_uniform,v6p1i3_0083
silicon_die_upper,124.33121474459767,124.33121474459767,124.33121474459767,0.48662429489195347,isotropic_linear,v6p1i3_0083
tim_to_spreader,3.276193522704884,3.276193522704884,3.276193522704884,0.5211832951754332,isotropic_log_uniform,v6p1i3_0083
spreader,396.7716209637001,396.7716209637001,396.7716209637001,0.784774730913341,isotropic_linear,v6p1i3_0083
pcb_fr4_equivalent,0.6895168448612481,0.6895168448612481,0.258568816822968,0.16698432620614767,correlated_log_uniform_axes,v6p1i3_0084
bt_substrate_with_vias,0.16146881149389813,0.16146881149389813,0.39559858816005045,0.020476036705076694,correlated_log_uniform_axes,v6p1i3_0084
silicon_interposer_tsv_0p1,136.42859229817986,136.42859229817986,139.16669101454318,0.5476197432726622,correlated_linear_axes,v6p1i3_0084
bump_underfill_under_interposer,0.5466535153163655,0.5466535153163655,4.464337041750317,0.29135744646191597,correlated_log_uniform_axes,v6p1i3_0084
silicon_die_lower,117.44971349835396,117.44971349835396,117.44971349835396,0.34899426996707916,isotropic_linear,v6p1i3_0084
tim_between_dies,7.063398913100308,7.063398913100308,7.063398913100308,0.9653258845210075,isotropic_log_uniform,v6p1i3_0084
silicon_die_upper,131.09977431595325,131.09977431595325,131.09977431595325,0.6219954863190651,isotropic_linear,v6p1i3_0084
tim_to_spreader,1.8086827214572314,1.8086827214572314,1.8086827214572314,0.1777276871725917,isotropic_log_uniform,v6p1i3_0084
spreader,389.89070548210293,389.89070548210293,389.89070548210293,0.32604703214019537,isotropic_linear,v6p1i3_0084
pcb_fr4_equivalent,0.8382506446078222,0.8382506446078222,0.3143439917279333,0.6046533193439245,correlated_log_uniform_axes,v6p1i3_0085
bt_substrate_with_vias,0.23045543928499415,0.23045543928499415,0.5646158262482358,0.8175985915586352,correlated_log_uniform_axes,v6p1i3_0085
silicon_interposer_tsv_0p1,127.85965248942375,127.85965248942375,129.16959457099438,0.26198841631412506,correlated_linear_axes,v6p1i3_0085
bump_underfill_under_interposer,0.6248733083981155,0.6248733083981155,5.103132018584608,0.5910160010680556,correlated_log_uniform_axes,v6p1i3_0085
silicon_die_lower,131.01767194457352,131.01767194457352,131.01767194457352,0.6203534388914704,isotropic_linear,v6p1i3_0085
tim_between_dies,1.9983742332843433,1.9983742332843433,1.9983742332843433,0.2353872675448656,isotropic_log_uniform,v6p1i3_0085
silicon_die_upper,114.79074633680284,114.79074633680284,114.79074633680284,0.2958149267360568,isotropic_linear,v6p1i3_0085
tim_to_spreader,4.375338700955094,4.375338700955094,4.375338700955094,0.6884363852441311,isotropic_log_uniform,v6p1i3_0085
spreader,398.13447307329625,398.13447307329625,398.13447307329625,0.8756315382197499,isotropic_linear,v6p1i3_0085
pcb_fr4_equivalent,0.9812286597167993,0.9812286597167993,0.3679607473937997,0.9575390862300992,correlated_log_uniform_axes,v6p1i3_0086
bt_substrate_with_vias,0.18575245842056035,0.18575245842056035,0.4550935231303728,0.3344060415402055,correlated_log_uniform_axes,v6p1i3_0086
silicon_interposer_tsv_0p1,147.55926101468503,147.55926101468503,152.1524711837992,0.9186420338228345,correlated_linear_axes,v6p1i3_0086
bump_underfill_under_interposer,0.5068452699993489,0.5068452699993489,4.139236371661349,0.12193869240581989,correlated_log_uniform_axes,v6p1i3_0086
silicon_die_lower,142.09877760149539,142.09877760149539,142.09877760149539,0.8419755520299077,isotropic_linear,v6p1i3_0086
tim_between_dies,2.691666410989383,2.691666410989383,2.691666410989383,0.4075687862932682,isotropic_log_uniform,v6p1i3_0086
silicon_die_upper,145.36915556527674,145.36915556527674,145.36915556527674,0.9073831113055348,isotropic_linear,v6p1i3_0086
tim_to_spreader,6.983732373726875,6.983732373726875,6.983732373726875,0.9587682662531734,isotropic_log_uniform,v6p1i3_0086
spreader,394.65312090702355,394.65312090702355,394.65312090702355,0.6435413938015699,isotropic_linear,v6p1i3_0086
pcb_fr4_equivalent,0.722222673148875,0.722222673148875,0.27083350243082815,0.2708241529762745,correlated_log_uniform_axes,v6p1i3_0087
bt_substrate_with_vias,0.20066632220967792,0.20066632220967792,0.4916324894137109,0.5074527664110065,correlated_log_uniform_axes,v6p1i3_0087
silicon_interposer_tsv_0p1,124.22492475248873,124.22492475248873,124.92907887790352,0.14083082508295774,correlated_linear_axes,v6p1i3_0087
bump_underfill_under_interposer,0.6742548779615538,0.6742548779615538,5.506414836686021,0.7614427814260125,correlated_log_uniform_axes,v6p1i3_0087
silicon_die_lower,103.13987229019403,103.13987229019403,103.13987229019403,0.06279744580388069,isotropic_linear,v6p1i3_0087
tim_between_dies,4.002158234053574,4.002158234053574,4.002158234053574,0.6368962805718184,isotropic_log_uniform,v6p1i3_0087
silicon_die_upper,111.8742830120027,111.8742830120027,111.8742830120027,0.23748566024005413,isotropic_linear,v6p1i3_0087
tim_to_spreader,2.6891519260730563,2.6891519260730563,2.6891519260730563,0.4070284627377987,isotropic_log_uniform,v6p1i3_0087
spreader,386.3992860354483,386.3992860354483,386.3992860354483,0.09328573569655418,isotropic_linear,v6p1i3_0087
pcb_fr4_equivalent,0.7373510573532506,0.7373510573532506,0.2765066465074689,0.3172754365950823,correlated_log_uniform_axes,v6p1i3_0088
bt_substrate_with_vias,0.1765630416890566,0.1765630416890566,0.43257945213818866,0.2207192936912179,correlated_log_uniform_axes,v6p1i3_0088
silicon_interposer_tsv_0p1,148.8510629720986,148.8510629720986,153.65957346744835,0.961702099069953,correlated_linear_axes,v6p1i3_0088
bump_underfill_under_interposer,0.6117008911571569,0.6117008911571569,4.995557277783447,0.5432765539735556,correlated_log_uniform_axes,v6p1i3_0088
silicon_die_lower,144.83891427516937,144.83891427516937,144.83891427516937,0.8967782855033875,isotropic_linear,v6p1i3_0088
tim_between_dies,3.203161278118313,3.203161278118313,3.203161278118313,0.5081499936059117,isotropic_log_uniform,v6p1i3_0088
silicon_die_upper,126.99091006070375,126.99091006070375,126.99091006070375,0.5398182012140751,isotropic_linear,v6p1i3_0088
tim_to_spreader,1.8620605142298712,1.8620605142298712,1.8620605142298712,0.1945424359291792,isotropic_log_uniform,v6p1i3_0088
spreader,389.4765061652288,389.4765061652288,389.4765061652288,0.2984337443485856,isotropic_linear,v6p1i3_0088
pcb_fr4_equivalent,0.9478888125229036,0.9478888125229036,0.3554583046960888,0.8800815222784877,correlated_log_uniform_axes,v6p1i3_0089
bt_substrate_with_vias,0.24183310953988457,0.24183310953988457,0.5924911183727173,0.9255791632458568,correlated_log_uniform_axes,v6p1i3_0089
silicon_interposer_tsv_0p1,126.68860159814358,126.68860159814358,127.80336853116751,0.22295338660478592,correlated_linear_axes,v6p1i3_0089
bump_underfill_under_interposer,0.5584234738974452,0.5584234738974452,4.560458370162468,0.3390899794176221,correlated_log_uniform_axes,v6p1i3_0089
silicon_die_lower,106.64942529983819,106.64942529983819,106.64942529983819,0.1329885059967637,isotropic_linear,v6p1i3_0089
tim_between_dies,2.1823924353798647,2.1823924353798647,2.1823924353798647,0.28631316777318716,isotropic_log_uniform,v6p1i3_0089
silicon_die_upper,118.49372643046081,118.49372643046081,118.49372643046081,0.3698745286092162,isotropic_linear,v6p1i3_0089
tim_to_spreader,4.267895648760048,4.267895648760048,4.267895648760048,0.674062387086451,isotropic_log_uniform,v6p1i3_0089
spreader,399.9543572263792,399.9543572263792,399.9543572263792,0.996957148425281,isotropic_linear,v6p1i3_0089
pcb_fr4_equivalent,0.8206967334038339,0.8206967334038339,0.30776127502643763,0.5572320520877838,correlated_log_uniform_axes,v6p1i3_0090
bt_substrate_with_vias,0.1918560673973176,0.1918560673973176,0.47004736512342815,0.4068493703380227,correlated_log_uniform_axes,v6p1i3_0090
silicon_interposer_tsv_0p1,137.01360709033906,137.01360709033906,139.84920827206224,0.5671202363446355,correlated_linear_axes,v6p1i3_0090
bump_underfill_under_interposer,0.7077095951924769,0.7077095951924769,5.779628360738561,0.8699505925178528,correlated_log_uniform_axes,v6p1i3_0090
silicon_die_lower,120.95892117358744,120.95892117358744,120.95892117358744,0.41917842347174883,isotropic_linear,v6p1i3_0090
tim_between_dies,1.6219933986131312,1.6219933986131312,1.6219933986131312,0.11474485788494349,isotropic_log_uniform,v6p1i3_0090
silicon_die_upper,149.46354706771672,149.46354706771672,149.46354706771672,0.9892709413543344,isotropic_linear,v6p1i3_0090
tim_to_spreader,6.4537832037068945,6.4537832037068945,6.4537832037068945,0.9131442289799452,isotropic_log_uniform,v6p1i3_0090
spreader,395.9970488026738,395.9970488026738,395.9970488026738,0.7331365868449211,isotropic_linear,v6p1i3_0090
pcb_fr4_equivalent,0.7140775185089441,0.7140775185089441,0.267779069440854,0.24541007075458765,correlated_log_uniform_axes,v6p1i3_0091
bt_substrate_with_vias,0.2221808244873395,0.2221808244873395,0.5443430199939818,0.735664906911552,correlated_log_uniform_axes,v6p1i3_0091
silicon_interposer_tsv_0p1,131.02279239334166,131.02279239334166,132.8599244588986,0.3674264131113887,correlated_linear_axes,v6p1i3_0091
bump_underfill_under_interposer,0.4828838729612112,0.4828838729612112,3.943551629183225,0.013422059826552868,correlated_log_uniform_axes,v6p1i3_0091
silicon_die_lower,133.75820238143206,133.75820238143206,133.75820238143206,0.6751640476286411,isotropic_linear,v6p1i3_0091
tim_between_dies,5.647295352029626,5.647295352029626,5.647295352029626,0.8359702033922076,isotropic_log_uniform,v6p1i3_0091
silicon_die_upper,108.15525660291314,108.15525660291314,108.15525660291314,0.16310513205826283,isotropic_linear,v6p1i3_0091
tim_to_spreader,2.9222834505477824,2.9222834505477824,2.9222834505477824,0.455093608237803,isotropic_log_uniform,v6p1i3_0091
spreader,385.5237718578428,385.5237718578428,385.5237718578428,0.03491812385618687,isotropic_linear,v6p1i3_0091
pcb_fr4_equivalent,0.6636529322005487,0.6636529322005487,0.2488698495752057,0.08131793141365051,correlated_log_uniform_axes,v6p1i3_0092
bt_substrate_with_vias,0.17933833742949962,0.17933833742949962,0.4393789267022741,0.2556658238172531,correlated_log_uniform_axes,v6p1i3_0092
silicon_interposer_tsv_0p1,123.11235747300088,123.11235747300088,123.63108371850103,0.10374524910002947,correlated_linear_axes,v6p1i3_0092
bump_underfill_under_interposer,0.5351287200848609,0.5351287200848609,4.370217880693031,0.24361271411180496,correlated_log_uniform_axes,v6p1i3_0092
silicon_die_lower,127.64344229362905,127.64344229362905,127.64344229362905,0.552868845872581,isotropic_linear,v6p1i3_0092
tim_between_dies,4.789552437345424,4.789552437345424,4.789552437345424,0.7407297175377607,isotropic_log_uniform,v6p1i3_0092
silicon_die_upper,139.53338339924812,139.53338339924812,139.53338339924812,0.7906676679849625,isotropic_linear,v6p1i3_0092
tim_to_spreader,5.903436937447282,5.903436937447282,5.903436937447282,0.8616147451102734,isotropic_log_uniform,v6p1i3_0092
spreader,393.6355495918542,393.6355495918542,393.6355495918542,0.5757033061236143,isotropic_linear,v6p1i3_0092
pcb_fr4_equivalent,0.8527721883384825,0.8527721883384825,0.31978957062693086,0.643138156272471,correlated_log_uniform_axes,v6p1i3_0093
bt_substrate_with_vias,0.20745844596176038,0.20745844596176038,0.508273192606313,0.5820406693965197,correlated_log_uniform_axes,v6p1i3_0093
silicon_interposer_tsv_0p1,145.0407860521227,145.0407860521227,149.21425039414316,0.8346928684040904,correlated_linear_axes,v6p1i3_0093
bump_underfill_under_interposer,0.71368535038633,0.71368535038633,5.82843036148836,0.8887912584468722,correlated_log_uniform_axes,v6p1i3_0093
silicon_die_lower,114.46541519835591,114.46541519835591,114.46541519835591,0.28930830396711826,isotropic_linear,v6p1i3_0093
tim_between_dies,2.97180740083968,2.97180740083968,2.97180740083968,0.46480903401970863,isotropic_log_uniform,v6p1i3_0093
silicon_die_upper,106.03688969276845,106.03688969276845,106.03688969276845,0.12073779385536909,isotropic_linear,v6p1i3_0093
tim_to_spreader,2.074788623688528,2.074788623688528,2.074788623688528,0.25708166044205427,isotropic_log_uniform,v6p1i3_0093
spreader,386.8896418996155,386.8896418996155,386.8896418996155,0.12597612664103508,isotropic_linear,v6p1i3_0093
pcb_fr4_equivalent,0.9122380505449253,0.9122380505449253,0.342089268954347,0.794181140139699,correlated_log_uniform_axes,v6p1i3_0094
bt_substrate_with_vias,0.16505210315881744,0.16505210315881744,0.4043776527391027,0.0696578174829483,correlated_log_uniform_axes,v6p1i3_0094
silicon_interposer_tsv_0p1,134.71612410619855,134.71612410619855,137.16881145723164,0.4905374702066183,correlated_linear_axes,v6p1i3_0094
bump_underfill_under_interposer,0.579426454314698,0.579426454314698,4.7319827102367,0.42181958071887493,correlated_log_uniform_axes,v6p1i3_0094
silicon_die_lower,100.65066209062934,100.65066209062934,100.65066209062934,0.013013241812586784,isotropic_linear,v6p1i3_0094
tim_between_dies,1.68383025989231,1.68383025989231,1.68383025989231,0.13637560792267323,isotropic_log_uniform,v6p1i3_0094
silicon_die_upper,136.9326847139746,136.9326847139746,136.9326847139746,0.7386536942794919,isotropic_linear,v6p1i3_0094
tim_to_spreader,1.3720942673507677,1.3720942673507677,1.3720942673507677,0.018014024943113327,isotropic_log_uniform,v6p1i3_0094
spreader,390.8982234308496,390.8982234308496,390.8982234308496,0.3932148953899741,isotropic_linear,v6p1i3_0094
pcb_fr4_equivalent,0.7933732274558922,0.7933732274558922,0.29751496029595953,0.481361853890121,correlated_log_uniform_axes,v6p1i3_0095
bt_substrate_with_vias,0.22582081273931284,0.22582081273931284,0.5532609912113166,0.7720769960433245,correlated_log_uniform_axes,v6p1i3_0095
silicon_interposer_tsv_0p1,140.94120003283024,140.94120003283024,144.43140003830194,0.6980400010943413,correlated_linear_axes,v6p1i3_0095
bump_underfill_under_interposer,0.6594020172766598,0.6594020172766598,5.385116474426054,0.7115313978865743,correlated_log_uniform_axes,v6p1i3_0095
silicon_die_lower,138.43697938136756,138.43697938136756,138.43697938136756,0.7687395876273513,isotropic_linear,v6p1i3_0095
tim_between_dies,6.451140118435439,6.451140118435439,6.451140118435439,0.9129074141383171,isotropic_log_uniform,v6p1i3_0095
silicon_die_upper,120.62527788802981,120.62527788802981,120.62527788802981,0.4125055577605963,isotropic_linear,v6p1i3_0095
tim_to_spreader,3.761529350171828,3.761529350171828,3.761529350171828,0.6010476974770427,isotropic_log_uniform,v6p1i3_0095
spreader,397.6541982917115,397.6541982917115,397.6541982917115,0.843613219447434,isotropic_linear,v6p1i3_0095
pcb_fr4_equivalent,0.7994968461855384,0.7994968461855384,0.2998113173195769,0.49859027937054634,correlated_log_uniform_axes,v6p1i3_0096
bt_substrate_with_vias,0.18223516777897636,0.18223516777897636,0.4464761610584921,0.291570533066988,correlated_log_uniform_axes,v6p1i3_0096
silicon_interposer_tsv_0p1,142.58481935597956,142.58481935597956,146.3489559153095,0.7528273118659854,correlated_linear_axes,v6p1i3_0096
bump_underfill_under_interposer,0.6766923878117432,0.6766923878117432,5.526321167129236,0.7695286022499204,correlated_log_uniform_axes,v6p1i3_0096
silicon_die_lower,117.16630863957107,117.16630863957107,117.16630863957107,0.3433261727914214,isotropic_linear,v6p1i3_0096
tim_between_dies,5.502911456433958,5.502911456433958,5.502911456433958,0.8209970500320196,isotropic_log_uniform,v6p1i3_0096
silicon_die_upper,133.8934681378305,133.8934681378305,133.8934681378305,0.6778693627566099,isotropic_linear,v6p1i3_0096
tim_to_spreader,4.234818621492176,4.234818621492176,4.234818621492176,0.6695643374696374,isotropic_log_uniform,v6p1i3_0096
spreader,388.45518136397004,388.45518136397004,388.45518136397004,0.23034542426466942,isotropic_linear,v6p1i3_0096
pcb_fr4_equivalent,0.9194663097957362,0.9194663097957362,0.3447998661734011,0.8118657814338803,correlated_log_uniform_axes,v6p1i3_0097
bt_substrate_with_vias,0.21104780174237397,0.21104780174237397,0.5170671142688164,0.6204769071191549,correlated_log_uniform_axes,v6p1i3_0097
silicon_interposer_tsv_0p1,121.82746513746679,121.82746513746679,122.13204266037792,0.060915504582226276,correlated_linear_axes,v6p1i3_0097
bump_underfill_under_interposer,0.5015099831680639,0.5015099831680639,4.095664862539188,0.09822692535817623,correlated_log_uniform_axes,v6p1i3_0097
silicon_die_lower,128.2203278504312,128.2203278504312,128.2203278504312,0.5644065570086241,isotropic_linear,v6p1i3_0097
tim_between_dies,1.5794580034493575,1.5794580034493575,1.5794580034493575,0.09938163682818413,isotropic_log_uniform,v6p1i3_0097
silicon_die_upper,123.63989041186869,123.63989041186869,123.63989041186869,0.47279780823737383,isotropic_linear,v6p1i3_0097
tim_to_spreader,1.9177605470854053,1.9177605470854053,1.9177605470854053,0.21158240549266338,isotropic_log_uniform,v6p1i3_0097
spreader,393.06610432453454,393.06610432453454,393.06610432453454,0.5377402883023024,isotropic_linear,v6p1i3_0097
pcb_fr4_equivalent,0.8462522683698481,0.8462522683698481,0.3173446006386931,0.6259408500045538,correlated_log_uniform_axes,v6p1i3_0098
bt_substrate_with_vias,0.16742140807397585,0.16742140807397585,0.4101824497812408,0.10159428790211678,correlated_log_uniform_axes,v6p1i3_0098
silicon_interposer_tsv_0p1,139.64612066745758,139.64612066745758,142.92047411203384,0.6548706889152527,correlated_linear_axes,v6p1i3_0098
bump_underfill_under_interposer,0.618447477165974,0.618447477165974,5.050654396855454,0.5678545562550426,correlated_log_uniform_axes,v6p1i3_0098
silicon_die_lower,142.42571787908673,142.42571787908673,142.42571787908673,0.8485143575817347,isotropic_linear,v6p1i3_0098
tim_between_dies,2.243680393514703,2.243680393514703,2.243680393514703,0.3023248706012964,isotropic_log_uniform,v6p1i3_0098
silicon_die_upper,142.76848561130464,142.76848561130464,142.76848561130464,0.8553697122260928,isotropic_linear,v6p1i3_0098
tim_to_spreader,2.9005958706958457,2.9005958706958457,2.9005958706958457,0.45078706834465265,isotropic_log_uniform,v6p1i3_0098
spreader,397.0261628506705,397.0261628506705,397.0261628506705,0.8017441900447011,isotropic_linear,v6p1i3_0098
pcb_fr4_equivalent,0.6584271354887857,0.6584271354887857,0.24691017580829464,0.06360409315675497,correlated_log_uniform_axes,v6p1i3_0099
bt_substrate_with_vias,0.22930908667823016,0.22930908667823016,0.561807262361664,0.8064248319715261,correlated_log_uniform_axes,v6p1i3_0099
silicon_interposer_tsv_0p1,132.24837178364396,132.24837178364396,134.28976708091795,0.4082790594547987,correlated_linear_axes,v6p1i3_0099
bump_underfill_under_interposer,0.548495466778414,0.548495466778414,4.479379645357047,0.29889483749866486,correlated_log_uniform_axes,v6p1i3_0099
silicon_die_lower,105.98218231461942,105.98218231461942,105.98218231461942,0.11964364629238844,isotropic_linear,v6p1i3_0099
tim_between_dies,3.2939358733936985,3.2939358733936985,3.2939358733936985,0.5243057161569595,isotropic_log_uniform,v6p1i3_0099
silicon_die_upper,102.82601155340672,102.82601155340672,102.82601155340672,0.05652023106813431,isotropic_linear,v6p1i3_0099
tim_to_spreader,6.647458925942389,6.647458925942389,6.647458925942389,0.9302383791655302,isotropic_log_uniform,v6p1i3_0099
spreader,392.40516556892544,392.40516556892544,392.40516556892544,0.49367770459502935,isotropic_linear,v6p1i3_0099
pcb_fr4_equivalent,0.7084540225666777,0.7084540225666777,0.2656702584625041,0.2276942040771246,correlated_log_uniform_axes,v6p1i3_0100
bt_substrate_with_vias,0.17497940455768693,0.17497940455768693,0.4286995411663331,0.20053114462643862,correlated_log_uniform_axes,v6p1i3_0100
silicon_interposer_tsv_0p1,125.15824869275093,125.15824869275093,126.01795680820942,0.1719416230916977,correlated_linear_axes,v6p1i3_0100
bump_underfill_under_interposer,0.5852408460917552,0.5852408460917552,4.779466909749334,0.44419244956225157,correlated_log_uniform_axes,v6p1i3_0100
silicon_die_lower,112.49974463135004,112.49974463135004,112.49974463135004,0.2499948926270008,isotropic_linear,v6p1i3_0100
tim_between_dies,6.623396317867927,6.623396317867927,6.623396317867927,0.9281418668106198,isotropic_log_uniform,v6p1i3_0100
silicon_die_upper,146.44807698205113,146.44807698205113,146.44807698205113,0.9289615396410227,isotropic_linear,v6p1i3_0100
tim_to_spreader,2.137471504548661,2.137471504548661,2.137471504548661,0.2742892084643245,isotropic_log_uniform,v6p1i3_0100
spreader,398.4730212436989,398.4730212436989,398.4730212436989,0.898201416246593,isotropic_linear,v6p1i3_0100
pcb_fr4_equivalent,0.8144227854765419,0.8144227854765419,0.3054085445537032,0.5400367742404342,correlated_log_uniform_axes,v6p1i3_0101
bt_substrate_with_vias,0.2393999533817102,0.2393999533817102,0.58652988578519,0.9029205208644271,correlated_log_uniform_axes,v6p1i3_0101
silicon_interposer_tsv_0p1,146.61861279979348,146.61861279979348,151.05504826642573,0.8872870933264494,correlated_linear_axes,v6p1i3_0101
bump_underfill_under_interposer,0.6483119056799233,0.6483119056799233,5.294547229719372,0.6735256537795067,correlated_log_uniform_axes,v6p1i3_0101
silicon_die_lower,148.51637394167483,148.51637394167483,148.51637394167483,0.9703274788334966,isotropic_linear,v6p1i3_0101
tim_between_dies,1.728406519009752,1.728406519009752,1.728406519009752,0.1514813592657447,isotropic_log_uniform,v6p1i3_0101
silicon_die_upper,111.19533223100007,111.19533223100007,111.19533223100007,0.22390664462000132,isotropic_linear,v6p1i3_0101
tim_to_spreader,5.8590778671461745,5.8590778671461745,5.8590778671461745,0.8572542332112789,isotropic_log_uniform,v6p1i3_0101
spreader,390.07893545087427,390.07893545087427,390.07893545087427,0.33859569672495127,isotropic_linear,v6p1i3_0101
pcb_fr4_equivalent,0.9554003177362713,0.9554003177362713,0.35827511915110166,0.8977679498493671,correlated_log_uniform_axes,v6p1i3_0102
bt_substrate_with_vias,0.19045153416626637,0.19045153416626637,0.4666062587073526,0.39038531947880983,correlated_log_uniform_axes,v6p1i3_0102
silicon_interposer_tsv_0p1,128.80030036903918,128.80030036903918,130.26701709721237,0.29334334563463926,correlated_linear_axes,v6p1i3_0102
bump_underfill_under_interposer,0.5111720133294227,0.5111720133294227,4.174571442190285,0.1409855904057622,correlated_log_uniform_axes,v6p1i3_0102
silicon_die_lower,134.59753883071244,134.59753883071244,134.59753883071244,0.6919507766142488,isotropic_linear,v6p1i3_0102
tim_between_dies,2.8893238608388394,2.8893238608388394,2.8893238608388394,0.44853603187948465,isotropic_log_uniform,v6p1i3_0102
silicon_die_upper,130.20112137310207,130.20112137310207,130.20112137310207,0.6040224274620414,isotropic_linear,v6p1i3_0102
tim_to_spreader,3.873899237554921,3.873899237554921,3.873899237554921,0.6180654047057033,isotropic_log_uniform,v6p1i3_0102
spreader,386.067610969767,386.067610969767,386.067610969767,0.07117406465113163,isotropic_linear,v6p1i3_0102
pcb_fr4_equivalent,0.7430416789124338,0.7430416789124338,0.2786406295921626,0.33450207579880953,correlated_log_uniform_axes,v6p1i3_0103
bt_substrate_with_vias,0.22032306784199343,0.22032306784199343,0.539791516212884,0.7168505256995559,correlated_log_uniform_axes,v6p1i3_0103
silicon_interposer_tsv_0p1,135.4952686931938,135.4952686931938,138.07781347539276,0.5165089564397931,correlated_linear_axes,v6p1i3_0103
bump_underfill_under_interposer,0.7419386792325233,0.7419386792325233,6.05916588039894,0.9757855217903852,correlated_log_uniform_axes,v6p1i3_0103
silicon_die_lower,123.18984344601631,123.18984344601631,123.18984344601631,0.46379686892032623,isotropic_linear,v6p1i3_0103
tim_between_dies,4.6596362140773575,4.6596362140773575,4.6596362140773575,0.7248314647004008,isotropic_log_uniform,v6p1i3_0103
silicon_die_upper,115.25929253548384,115.25929253548384,115.25929253548384,0.30518585070967674,isotropic_linear,v6p1i3_0103
tim_to_spreader,1.3616605148306848,1.3616605148306848,1.3616605148306848,0.013601001352071762,isotropic_log_uniform,v6p1i3_0103
spreader,394.4571154937148,394.4571154937148,394.4571154937148,0.630474366247654,isotropic_linear,v6p1i3_0103
pcb_fr4_equivalent,0.7177946563365485,0.7177946563365485,0.26917299612620565,0.2570438561961055,correlated_log_uniform_axes,v6p1i3_0104
bt_substrate_with_vias,0.1642155353115618,0.1642155353115618,0.4023280615133265,0.05827188212424517,correlated_log_uniform_axes,v6p1i3_0104
silicon_interposer_tsv_0p1,130.08111588656902,130.08111588656902,131.76130186766386,0.33603719621896744,correlated_linear_axes,v6p1i3_0104
bump_underfill_under_interposer,0.6526024857548117,0.6526024857548117,5.329586966997629,0.6883059972897172,correlated_log_uniform_axes,v6p1i3_0104
silicon_die_lower,125.63121635466814,125.63121635466814,125.63121635466814,0.5126243270933628,isotropic_linear,v6p1i3_0104
tim_between_dies,3.7288043707151264,3.7288043707151264,3.7288043707151264,0.5959960371255875,isotropic_log_uniform,v6p1i3_0104
silicon_die_upper,148.60454304143786,148.60454304143786,148.60454304143786,0.9720908608287573,isotropic_linear,v6p1i3_0104
tim_to_spreader,2.451788017689858,2.451788017689858,2.451788017689858,0.35360473208129406,isotropic_log_uniform,v6p1i3_0104
spreader,399.70003712456673,399.70003712456673,399.70003712456673,0.9800024749711156,isotropic_linear,v6p1i3_0104
pcb_fr4_equivalent,0.975412887872516,0.975412887872516,0.3657798329521934,0.9442188162356615,correlated_log_uniform_axes,v6p1i3_0105
bt_substrate_with_vias,0.23421937412632415,0.23421937412632415,0.5738374666094943,0.8538995524868369,correlated_log_uniform_axes,v6p1i3_0105
silicon_interposer_tsv_0p1,137.94795932248235,137.94795932248235,140.9392858762294,0.5982653107494116,correlated_linear_axes,v6p1i3_0105
bump_underfill_under_interposer,0.5813949337673946,0.5813949337673946,4.7480586257670545,0.429419020190835,correlated_log_uniform_axes,v6p1i3_0105
silicon_die_lower,113.40604708530009,113.40604708530009,113.40604708530009,0.26812094170600176,isotropic_linear,v6p1i3_0105
tim_between_dies,2.3430444541978197,2.3430444541978197,2.3430444541978197,0.3273771796375513,isotropic_log_uniform,v6p1i3_0105
silicon_die_upper,108.6634995881468,108.6634995881468,108.6634995881468,0.17326999176293612,isotropic_linear,v6p1i3_0105
tim_to_spreader,5.129570541339881,5.129570541339881,5.129570541339881,0.7803805330768228,isotropic_log_uniform,v6p1i3_0105
spreader,389.3212347337976,389.3212347337976,389.3212347337976,0.2880823155865073,isotropic_linear,v6p1i3_0105
pcb_fr4_equivalent,0.8434327360590557,0.8434327360590557,0.31628727602214585,0.618462816812098,correlated_log_uniform_axes,v6p1i3_0106
bt_substrate_with_vias,0.18858843966077773,0.18858843966077773,0.4620416771689055,0.36835762578994036,correlated_log_uniform_axes,v6p1i3_0106
silicon_interposer_tsv_0p1,125.75424992479384,125.75424992479384,126.71329157892615,0.19180833082646132,correlated_linear_axes,v6p1i3_0106
bump_underfill_under_interposer,0.7162467912275292,0.7162467912275292,5.849348795024821,0.8968188455328345,correlated_log_uniform_axes,v6p1i3_0106
silicon_die_lower,102.71557834930718,102.71557834930718,102.71557834930718,0.05431156698614359,isotropic_linear,v6p1i3_0106
tim_between_dies,1.4024916475922613,1.4024916475922613,1.4024916475922613,0.030682038515806198,isotropic_log_uniform,v6p1i3_0106
silicon_die_upper,128.060652455315,128.060652455315,128.060652455315,0.5612130491062999,isotropic_linear,v6p1i3_0106
tim_to_spreader,3.2131055743888326,3.2131055743888326,3.2131055743888326,0.5099420230835676,isotropic_log_uniform,v6p1i3_0106
spreader,385.7712179608643,385.7712179608643,385.7712179608643,0.05141453072428703,isotropic_linear,v6p1i3_0106
pcb_fr4_equivalent,0.6936183646560526,0.6936183646560526,0.2601068867460197,0.18027347326278687,correlated_log_uniform_axes,v6p1i3_0107
bt_substrate_with_vias,0.2036050471186361,0.2036050471186361,0.4988323654406585,0.5400296291336417,correlated_log_uniform_axes,v6p1i3_0107
silicon_interposer_tsv_0p1,149.79273892007768,149.79273892007768,154.7581954067573,0.9930912973359227,correlated_linear_axes,v6p1i3_0107
bump_underfill_under_interposer,0.5295099205837421,0.5295099205837421,4.32433101810056,0.21996108815073967,correlated_log_uniform_axes,v6p1i3_0107
silicon_die_lower,139.55046832561493,139.55046832561493,139.55046832561493,0.7910093665122986,isotropic_linear,v6p1i3_0107
tim_between_dies,5.296874082085653,5.296874082085653,5.296874082085653,0.7989354636520147,isotropic_log_uniform,v6p1i3_0107
silicon_die_upper,117.80564412474632,117.80564412474632,117.80564412474632,0.35611288249492645,isotropic_linear,v6p1i3_0107
tim_to_spreader,1.6486428353987639,1.6486428353987639,1.6486428353987639,0.12416632566601038,isotropic_log_uniform,v6p1i3_0107
spreader,396.1600947845727,396.1600947845727,396.1600947845727,0.7440063189715147,isotropic_linear,v6p1i3_0107
pcb_fr4_equivalent,0.6446368644784769,0.6446368644784769,0.24173882417942882,0.016175643540918827,correlated_log_uniform_axes,v6p1i3_0108
bt_substrate_with_vias,0.1969196794355012,0.1969196794355012,0.482453214616978,0.46522095426917076,correlated_log_uniform_axes,v6p1i3_0108
silicon_interposer_tsv_0p1,141.88276120461524,141.88276120461524,145.5298880720511,0.7294253734871745,correlated_linear_axes,v6p1i3_0108
bump_underfill_under_interposer,0.4846165469821619,0.4846165469821619,3.9577018003543216,0.02144773956388235,correlated_log_uniform_axes,v6p1i3_0108
silicon_die_lower,145.92345389537513,145.92345389537513,145.92345389537513,0.9184690779075027,isotropic_linear,v6p1i3_0108
tim_between_dies,4.114591165922013,4.114591165922013,4.114591165922013,0.65291369240731,isotropic_log_uniform,v6p1i3_0108
silicon_die_upper,136.03689232841134,136.03689232841134,136.03689232841134,0.7207378465682268,isotropic_linear,v6p1i3_0108
tim_to_spreader,4.606326363173646,4.606326363173646,4.606326363173646,0.7181791178882122,isotropic_log_uniform,v6p1i3_0108
spreader,387.22063741646707,387.22063741646707,387.22063741646707,0.14804249443113804,isotropic_linear,v6p1i3_0108
pcb_fr4_equivalent,0.8763990123934471,0.8763990123934471,0.32864962964754263,0.7043746113777161,correlated_log_uniform_axes,v6p1i3_0109
bt_substrate_with_vias,0.21273877147902062,0.21273877147902062,0.5212099901236005,0.6383585166186094,correlated_log_uniform_axes,v6p1i3_0109
silicon_interposer_tsv_0p1,133.7818872090429,133.7818872090429,136.07886841055006,0.4593962403014302,correlated_linear_axes,v6p1i3_0109
bump_underfill_under_interposer,0.7002793093872539,0.7002793093872539,5.7189476933292385,0.8463008739054203,correlated_log_uniform_axes,v6p1i3_0109
silicon_die_lower,108.73413672670722,108.73413672670722,108.73413672670722,0.1746827345341444,isotropic_linear,v6p1i3_0109
tim_between_dies,2.767900140826468,2.767900140826468,2.767900140826468,0.4237149888649583,isotropic_log_uniform,v6p1i3_0109
silicon_die_upper,121.09668483026326,121.09668483026326,121.09668483026326,0.42193369660526514,isotropic_linear,v6p1i3_0109
tim_to_spreader,1.7735454561346504,1.7735454561346504,1.7735454561346504,0.16638589184731245,isotropic_log_uniform,v6p1i3_0109
spreader,393.8313331082463,393.8313331082463,393.8313331082463,0.5887555405497551,isotropic_linear,v6p1i3_0109
pcb_fr4_equivalent,0.9387229440821274,0.9387229440821274,0.3520211040307977,0.8583089290186763,correlated_log_uniform_axes,v6p1i3_0110
bt_substrate_with_vias,0.171479399060712,0.171479399060712,0.4201245276987445,0.15525728091597557,correlated_log_uniform_axes,v6p1i3_0110
silicon_interposer_tsv_0p1,145.97502417862415,145.97502417862415,150.3041948750615,0.8658341392874718,correlated_linear_axes,v6p1i3_0110
bump_underfill_under_interposer,0.5526656695490003,0.5526656695490003,4.513436301316836,0.31586648616939783,correlated_log_uniform_axes,v6p1i3_0110
silicon_die_lower,119.91944285109639,119.91944285109639,119.91944285109639,0.39838885702192783,isotropic_linear,v6p1i3_0110
tim_between_dies,1.9472627610647364,1.9472627610647364,1.9472627610647364,0.2204084089025855,isotropic_log_uniform,v6p1i3_0110
silicon_die_upper,140.61516630463302,140.61516630463302,140.61516630463302,0.8123033260926604,isotropic_linear,v6p1i3_0110
tim_to_spreader,2.8314623940919614,2.8314623940919614,2.8314623940919614,0.4368409924209118,isotropic_log_uniform,v6p1i3_0110
spreader,397.31542833615094,397.31542833615094,397.31542833615094,0.8210285557433963,isotropic_linear,v6p1i3_0110
pcb_fr4_equivalent,0.7723342540855362,0.7723342540855362,0.28962534528207606,0.4211397785693407,correlated_log_uniform_axes,v6p1i3_0111
bt_substrate_with_vias,0.24473979015947162,0.24473979015947162,0.5996124858907055,0.9523505102843046,correlated_log_uniform_axes,v6p1i3_0111
silicon_interposer_tsv_0p1,122.17079507187009,122.17079507187009,122.5325942505151,0.07235983572900295,correlated_linear_axes,v6p1i3_0111
bump_underfill_under_interposer,0.6137784937537968,0.6137784937537968,5.012524365656006,0.5508740860968828,correlated_log_uniform_axes,v6p1i3_0111
silicon_die_lower,131.71693100593984,131.71693100593984,131.71693100593984,0.6343386201187968,isotropic_linear,v6p1i3_0111
tim_between_dies,6.878280601252116,6.878280601252116,6.878280601252116,0.9499721871688962,isotropic_log_uniform,v6p1i3_0111
silicon_die_upper,105.3608002141118,105.3608002141118,105.3608002141118,0.1072160042822361,isotropic_linear,v6p1i3_0111
tim_to_spreader,6.850151751329614,6.850151751329614,6.850151751329614,0.9476030794903636,isotropic_log_uniform,v6p1i3_0111
spreader,390.70931380148977,390.70931380148977,390.70931380148977,0.380620920099318,isotropic_linear,v6p1i3_0111
pcb_fr4_equivalent,0.7623207007245889,0.7623207007245889,0.2858702627717208,0.39189830236136913,correlated_log_uniform_axes,v6p1i3_0112
bt_substrate_with_vias,0.17181280349897174,0.17181280349897174,0.42094136857248077,0.15960962511599064,correlated_log_uniform_axes,v6p1i3_0112
silicon_interposer_tsv_0p1,137.37517992965877,137.37517992965877,140.27104325126857,0.579172664321959,correlated_linear_axes,v6p1i3_0112
bump_underfill_under_interposer,0.5146926644626514,0.5146926644626514,4.203323426444986,0.15636537596583366,correlated_log_uniform_axes,v6p1i3_0112
silicon_die_lower,104.50892145745456,104.50892145745456,104.50892145745456,0.09017842914909124,isotropic_linear,v6p1i3_0112
tim_between_dies,2.563733902898124,2.563733902898124,2.563733902898124,0.37941647320985794,isotropic_log_uniform,v6p1i3_0112
silicon_die_upper,122.14459581300616,122.14459581300616,122.14459581300616,0.44289191626012325,isotropic_linear,v6p1i3_0112
tim_to_spreader,2.6512078573547377,2.6512078573547377,2.6512078573547377,0.39881296548992395,isotropic_log_uniform,v6p1i3_0112
spreader,388.95805940032005,388.95805940032005,388.95805940032005,0.26387062668800354,isotropic_linear,v6p1i3_0112
pcb_fr4_equivalent,0.9264053606881791,0.9264053606881791,0.34740201025806716,0.8287125369533896,correlated_log_uniform_axes,v6p1i3_0113
bt_substrate_with_vias,0.2485602966778252,0.2485602966778252,0.6089727268606717,0.9870588704943657,correlated_log_uniform_axes,v6p1i3_0113
silicon_interposer_tsv_0p1,130.71065803058445,130.71065803058445,132.49576770234853,0.35702193435281515,correlated_linear_axes,v6p1i3_0113
bump_underfill_under_interposer,0.7368639896930066,0.7368639896930066,6.017722582492887,0.9604069283232093,correlated_log_uniform_axes,v6p1i3_0113
silicon_die_lower,140.73268501088023,140.73268501088023,140.73268501088023,0.8146537002176046,isotropic_linear,v6p1i3_0113
tim_between_dies,4.208542566015903,4.208542566015903,4.208542566015903,0.6659660208970308,isotropic_log_uniform,v6p1i3_0113
silicon_die_upper,132.3980423156172,132.3980423156172,132.3980423156172,0.6479608463123441,isotropic_linear,v6p1i3_0113
tim_to_spreader,7.268153979575402,7.268153979575402,7.268153979575402,0.9818464200943708,isotropic_log_uniform,v6p1i3_0113
spreader,399.1109554748982,399.1109554748982,399.1109554748982,0.9407303649932146,isotropic_linear,v6p1i3_0113
pcb_fr4_equivalent,0.8879050762827788,0.8879050762827788,0.332964403606042,0.7336010001599789,correlated_log_uniform_axes,v6p1i3_0114
bt_substrate_with_vias,0.1973945256646659,0.1973945256646659,0.4836165878784315,0.47061763145029545,correlated_log_uniform_axes,v6p1i3_0114
silicon_interposer_tsv_0p1,148.51706301793456,148.51706301793456,153.269906854257,0.9505687672644854,correlated_linear_axes,v6p1i3_0114
bump_underfill_under_interposer,0.5975482382130882,0.5975482382130882,4.87997727874022,0.49082509614527225,correlated_log_uniform_axes,v6p1i3_0114
silicon_die_lower,130.0368637777865,130.0368637777865,130.0368637777865,0.6007372755557299,isotropic_linear,v6p1i3_0114
tim_between_dies,7.419771185043485,7.419771185043485,7.419771185043485,0.9937823601067066,isotropic_log_uniform,v6p1i3_0114
silicon_die_upper,101.18410452269018,101.18410452269018,101.18410452269018,0.02368209045380354,isotropic_linear,v6p1i3_0114
tim_to_spreader,4.804530220451543,4.804530220451543,4.804530220451543,0.7425348022952676,isotropic_log_uniform,v6p1i3_0114
spreader,395.5628886958584,395.5628886958584,395.5628886958584,0.7041925797238946,isotropic_linear,v6p1i3_0114
pcb_fr4_equivalent,0.6532124355332988,0.6532124355332988,0.24495466332498703,0.045787167735397816,correlated_log_uniform_axes,v6p1i3_0115
bt_substrate_with_vias,0.21595905061567655,0.21595905061567655,0.5290996740084076,0.6720225438475609,correlated_log_uniform_axes,v6p1i3_0115
silicon_interposer_tsv_0p1,127.0866884663701,127.0866884663701,128.26780321076512,0.23622294887900352,correlated_linear_axes,v6p1i3_0115
bump_underfill_under_interposer,0.634958757860488,0.634958757860488,5.185496522527318,0.6268922919407487,correlated_log_uniform_axes,v6p1i3_0115
silicon_die_lower,118.42127121053636,118.42127121053636,118.42127121053636,0.3684254242107272,isotropic_linear,v6p1i3_0115
tim_between_dies,1.9054009121719526,1.9054009121719526,1.9054009121719526,0.2078444194048643,isotropic_log_uniform,v6p1i3_0115
silicon_die_upper,141.12670943140984,141.12670943140984,141.12670943140984,0.8225341886281967,isotropic_linear,v6p1i3_0115
tim_to_spreader,1.6885724352652576,1.6885724352652576,1.6885724352652576,0.13800149969756603,isotropic_log_uniform,v6p1i3_0115
spreader,385.41639779228717,385.41639779228717,385.41639779228717,0.027759852819144726,isotropic_linear,v6p1i3_0115
pcb_fr4_equivalent,0.67876109783088,0.67876109783088,0.25453541168657995,0.13175609335303307,correlated_log_uniform_axes,v6p1i3_0116
bt_substrate_with_vias,0.18432456520012522,0.18432456520012522,0.4515951847403069,0.3171149892732501,correlated_log_uniform_axes,v6p1i3_0116
silicon_interposer_tsv_0p1,134.17682519182563,134.17682519182563,136.53962939046323,0.47256083972752094,correlated_linear_axes,v6p1i3_0116
bump_underfill_under_interposer,0.6314520498878428,0.6314520498878428,5.156858407417381,0.6144831497222185,correlated_log_uniform_axes,v6p1i3_0116
silicon_die_lower,124.81574397534132,124.81574397534132,124.81574397534132,0.4963148795068264,isotropic_linear,v6p1i3_0116
tim_between_dies,2.5201034136519844,2.5201034136519844,2.5201034136519844,0.3694930328056216,isotropic_log_uniform,v6p1i3_0116
silicon_die_upper,109.61449602618814,109.61449602618814,109.61449602618814,0.1922899205237627,isotropic_linear,v6p1i3_0116
tim_to_spreader,3.4084636123566527,3.4084636123566527,3.4084636123566527,0.5440652100369334,isotropic_log_uniform,v6p1i3_0116
spreader,394.1723066801205,394.1723066801205,394.1723066801205,0.6114871120080352,isotropic_linear,v6p1i3_0116
pcb_fr4_equivalent,0.8252274767981863,0.8252274767981863,0.3094603037993199,0.5695681096985936,correlated_log_uniform_axes,v6p1i3_0117
bt_substrate_with_vias,0.2018797522647777,0.2018797522647777,0.49460539304870543,0.5209615463390946,correlated_log_uniform_axes,v6p1i3_0117
silicon_interposer_tsv_0p1,141.54458586126566,141.54458586126566,145.1353501714766,0.7181528620421886,correlated_linear_axes,v6p1i3_0117
bump_underfill_under_interposer,0.5371990751448865,0.5371990751448865,4.387125780349906,0.2522650519385934,correlated_log_uniform_axes,v6p1i3_0117
silicon_die_lower,136.05248355306685,136.05248355306685,136.05248355306685,0.721049671061337,isotropic_linear,v6p1i3_0117
tim_between_dies,3.6593521195158334,3.6593521195158334,3.6593521195158334,0.5851263711228967,isotropic_log_uniform,v6p1i3_0117
silicon_die_upper,144.86730028875172,144.86730028875172,144.86730028875172,0.8973460057750344,isotropic_linear,v6p1i3_0117
tim_to_spreader,1.5433572428922169,1.5433572428922169,1.5433572428922169,0.08601437136530876,isotropic_log_uniform,v6p1i3_0117
spreader,387.8026235057041,387.8026235057041,387.8026235057041,0.18684156704694033,isotropic_linear,v6p1i3_0117
pcb_fr4_equivalent,0.9967701586912341,0.9967701586912341,0.3737888095092127,0.9927511494606733,correlated_log_uniform_axes,v6p1i3_0118
bt_substrate_with_vias,0.16042792953368198,0.16042792953368198,0.3930484273575209,0.005984912626445293,correlated_log_uniform_axes,v6p1i3_0118
silicon_interposer_tsv_0p1,123.73783732764423,123.73783732764423,124.36081021558493,0.12459457758814096,correlated_linear_axes,v6p1i3_0118
bump_underfill_under_interposer,0.6813541330663905,0.6813541330663905,5.564392086708855,0.7849119640886784,correlated_log_uniform_axes,v6p1i3_0118
silicon_die_lower,147.23088745959103,147.23088745959103,147.23088745959103,0.9446177491918206,isotropic_linear,v6p1i3_0118
tim_between_dies,4.928883724575887,4.928883724575887,4.928883724575887,0.7573078339919448,isotropic_log_uniform,v6p1i3_0118
silicon_die_upper,113.7273411732167,113.7273411732167,113.7273411732167,0.274546823464334,isotropic_linear,v6p1i3_0118
tim_to_spreader,2.3348042477137327,2.3348042477137327,2.3348042477137327,0.325340392999351,isotropic_log_uniform,v6p1i3_0118
spreader,391.2847758922726,391.2847758922726,391.2847758922726,0.41898505948483944,isotropic_linear,v6p1i3_0118
pcb_fr4_equivalent,0.733624969888959,0.733624969888959,0.2751093637083596,0.30592365469783545,correlated_log_uniform_axes,v6p1i3_0119
bt_substrate_with_vias,0.2323429250119162,0.2323429250119162,0.5692401662791948,0.8358758026733994,correlated_log_uniform_axes,v6p1i3_0119
silicon_interposer_tsv_0p1,144.46474467404187,144.46474467404187,148.5422021197155,0.8154914891347289,correlated_linear_axes,v6p1i3_0119
bump_underfill_under_interposer,0.4980788695352779,0.4980788695352779,4.067644101204769,0.08284427877515554,correlated_log_uniform_axes,v6p1i3_0119
silicon_die_lower,110.6038685888052,110.6038685888052,110.6038685888052,0.21207737177610397,isotropic_linear,v6p1i3_0119
tim_between_dies,1.42790372263482,1.42790372263482,1.42790372263482,0.041063484735786915,isotropic_log_uniform,v6p1i3_0119
silicon_die_upper,128.66911012679338,128.66911012679338,128.66911012679338,0.5733822025358677,isotropic_linear,v6p1i3_0119
tim_to_spreader,5.351435711730059,5.351435711730059,5.351435711730059,0.8048601262271404,isotropic_log_uniform,v6p1i3_0119
spreader,397.6626951806247,397.6626951806247,397.6626951806247,0.8441796787083149,isotropic_linear,v6p1i3_0119
pcb_fr4_equivalent,0.7490333303077004,0.7490333303077004,0.2808874988653876,0.35249798838049173,correlated_log_uniform_axes,v6p1i3_0120
bt_substrate_with_vias,0.19333983343670816,0.19333983343670816,0.47368259191993506,0.4241117862984538,correlated_log_uniform_axes,v6p1i3_0120
silicon_interposer_tsv_0p1,120.34946350380778,120.34946350380778,120.40770742110908,0.011648783460259438,correlated_linear_axes,v6p1i3_0120
bump_underfill_under_interposer,0.5642872976092262,0.5642872976092262,4.60834626380868,0.3624962717294693,correlated_log_uniform_axes,v6p1i3_0120
silicon_die_lower,138.24047651141882,138.24047651141882,138.24047651141882,0.7648095302283764,isotropic_linear,v6p1i3_0120
tim_between_dies,1.7858688893403112,1.7858688893403112,1.7858688893403112,0.17038909904658794,isotropic_log_uniform,v6p1i3_0120
silicon_die_upper,107.07051670178771,107.07051670178771,107.07051670178771,0.1414103340357542,isotropic_linear,v6p1i3_0120
tim_to_spreader,3.7133520631283576,3.7133520631283576,3.7133520631283576,0.5935952793806791,isotropic_log_uniform,v6p1i3_0120
spreader,392.711398540996,392.711398540996,392.711398540996,0.514093236066401,isotropic_linear,v6p1i3_0120
pcb_fr4_equivalent,0.9628501872768094,0.9628501872768094,0.3610688202288035,0.9151724353432655,correlated_log_uniform_axes,v6p1i3_0121
bt_substrate_with_vias,0.22084857004782346,0.22084857004782346,0.5410789966171675,0.7221885779872537,correlated_log_uniform_axes,v6p1i3_0121
silicon_interposer_tsv_0p1,144.1232457384467,144.1232457384467,148.1437866948545,0.8041081912815571,correlated_linear_axes,v6p1i3_0121
bump_underfill_under_interposer,0.6011379028196823,0.6011379028196823,4.909292873027404,0.5042454926297069,correlated_log_uniform_axes,v6p1i3_0121
silicon_die_lower,100.84401764906943,100.84401764906943,100.84401764906943,0.01688035298138857,isotropic_linear,v6p1i3_0121
tim_between_dies,6.072938715351277,6.072938715351277,6.072938715351277,0.8779803104698658,isotropic_log_uniform,v6p1i3_0121
silicon_die_upper,147.01150045730174,147.01150045730174,147.01150045730174,0.9402300091460347,isotropic_linear,v6p1i3_0121
tim_to_spreader,1.4298617247319552,1.4298617247319552,1.4298617247319552,0.04185569379478693,isotropic_log_uniform,v6p1i3_0121
spreader,387.8576320083812,387.8576320083812,387.8576320083812,0.19050880055874586,isotropic_linear,v6p1i3_0121
pcb_fr4_equivalent,0.8079026268892471,0.8079026268892471,0.3029634850834676,0.522025759331882,correlated_log_uniform_axes,v6p1i3_0122
bt_substrate_with_vias,0.1777063397229122,0.1777063397229122,0.4353805323211349,0.23518178146332502,correlated_log_uniform_axes,v6p1i3_0122
silicon_interposer_tsv_0p1,131.94201576523483,131.94201576523483,133.9323517261073,0.39806719217449427,correlated_linear_axes,v6p1i3_0122
bump_underfill_under_interposer,0.4879549227750872,0.4879549227750872,3.984965202663212,0.03683038614690304,correlated_log_uniform_axes,v6p1i3_0122
silicon_die_lower,115.05626221187413,115.05626221187413,115.05626221187413,0.30112524423748255,isotropic_linear,v6p1i3_0122
tim_between_dies,4.5135180207854075,4.5135180207854075,4.5135180207854075,0.7064120639115572,isotropic_log_uniform,v6p1i3_0122
silicon_die_upper,116.26142687164247,116.26142687164247,116.26142687164247,0.3252285374328494,isotropic_linear,v6p1i3_0122
tim_to_spreader,2.283249244220202,2.283249244220202,2.283249244220202,0.31243167631328106,isotropic_log_uniform,v6p1i3_0122
spreader,391.8159694224596,391.8159694224596,391.8159694224596,0.4543979614973068,isotropic_linear,v6p1i3_0122
pcb_fr4_equivalent,0.7029772374998834,0.7029772374998834,0.26361646406245626,0.21030483581125736,correlated_log_uniform_axes,v6p1i3_0123
bt_substrate_with_vias,0.23987200225195004,0.23987200225195004,0.5876864055172778,0.9073344031348825,correlated_log_uniform_axes,v6p1i3_0123
silicon_interposer_tsv_0p1,140.01290154643357,140.01290154643357,143.34838513750583,0.6670967182144523,correlated_linear_axes,v6p1i3_0123
bump_underfill_under_interposer,0.6954880802906138,0.6954880802906138,5.679819322373346,0.8309175120666623,correlated_log_uniform_axes,v6p1i3_0123
silicon_die_lower,127.06165499985218,127.06165499985218,127.06165499985218,0.5412330999970436,isotropic_linear,v6p1i3_0123
tim_between_dies,3.148554536489071,3.148554536489071,3.148554536489071,0.49820924550294876,isotropic_log_uniform,v6p1i3_0123
silicon_die_upper,126.51649452745914,126.51649452745914,126.51649452745914,0.5303298905491829,isotropic_linear,v6p1i3_0123
tim_to_spreader,5.523352675100446,5.523352675100446,5.523352675100446,0.8231405923143029,isotropic_log_uniform,v6p1i3_0123
spreader,396.6633308958262,396.6633308958262,396.6633308958262,0.7775553930550814,isotropic_linear,v6p1i3_0123
pcb_fr4_equivalent,0.6765193528142568,0.6765193528142568,0.25369475730534624,0.1243434501811862,correlated_log_uniform_axes,v6p1i3_0124
bt_substrate_with_vias,0.16607547924855218,0.16607547924855218,0.4068849241589529,0.08350804634392262,correlated_log_uniform_axes,v6p1i3_0124
silicon_interposer_tsv_0p1,147.9228928964585,147.9228928964585,152.5767083792016,0.9307630965486169,correlated_linear_axes,v6p1i3_0124
bump_underfill_under_interposer,0.7211794927165368,0.7211794927165368,5.889632523851717,0.9121974390000105,correlated_log_uniform_axes,v6p1i3_0124
silicon_die_lower,133.5579804610461,133.5579804610461,133.5579804610461,0.671159609220922,isotropic_linear,v6p1i3_0124
tim_between_dies,1.5240859242417277,1.5240859242417277,1.5240859242417277,0.0787500711157918,isotropic_log_uniform,v6p1i3_0124
silicon_die_upper,119.61346687749028,119.61346687749028,119.61346687749028,0.39226933754980564,isotropic_linear,v6p1i3_0124
tim_to_spreader,3.0465312478426965,3.0465312478426965,3.0465312478426965,0.47916584834456444,isotropic_log_uniform,v6p1i3_0124
spreader,390.4265456739813,390.4265456739813,390.4265456739813,0.36176971159875393,isotropic_linear,v6p1i3_0124
pcb_fr4_equivalent,0.869261445938593,0.869261445938593,0.3259730422269724,0.6860511098057032,correlated_log_uniform_axes,v6p1i3_0125
bt_substrate_with_vias,0.22402597471223487,0.22402597471223487,0.5488636380449755,0.7541965395212173,correlated_log_uniform_axes,v6p1i3_0125
silicon_interposer_tsv_0p1,123.91439345665276,123.91439345665276,124.56679236609489,0.13047978188842535,correlated_linear_axes,v6p1i3_0125
bump_underfill_under_interposer,0.5258879150051212,0.5258879150051212,4.294751305875157,0.2045813025906682,correlated_log_uniform_axes,v6p1i3_0125
silicon_die_lower,121.15008337423205,121.15008337423205,121.15008337423205,0.4230016674846411,isotropic_linear,v6p1i3_0125
tim_between_dies,6.019623422264631,6.019623422264631,6.019623422264631,0.8728824323043227,isotropic_log_uniform,v6p1i3_0125
silicon_die_upper,134.5538054127246,134.5538054127246,134.5538054127246,0.6910761082544923,isotropic_linear,v6p1i3_0125
tim_to_spreader,6.373291583642275,6.373291583642275,6.373291583642275,0.9058884857222438,isotropic_log_uniform,v6p1i3_0125
spreader,399.0483688376844,399.0483688376844,399.0483688376844,0.9365579225122929,isotropic_linear,v6p1i3_0125
pcb_fr4_equivalent,0.8948829063595821,0.8948829063595821,0.33558108988484325,0.7511413628235459,correlated_log_uniform_axes,v6p1i3_0126
bt_substrate_with_vias,0.18069560625127043,0.18069560625127043,0.44270423531561265,0.2725601214915514,correlated_log_uniform_axes,v6p1i3_0126
silicon_interposer_tsv_0p1,136.09619541093707,136.09619541093707,138.77889464609325,0.5365398470312357,correlated_linear_axes,v6p1i3_0126
bump_underfill_under_interposer,0.666326680203248,0.666326680203248,5.441667888326524,0.7349393591284752,correlated_log_uniform_axes,v6p1i3_0126
silicon_die_lower,107.23655307665467,107.23655307665467,107.23655307665467,0.14473106153309345,isotropic_linear,v6p1i3_0126
tim_between_dies,3.4107274409532704,3.4107274409532704,3.4107274409532704,0.5444490620866418,isotropic_log_uniform,v6p1i3_0126
silicon_die_upper,103.73123208992183,103.73123208992183,103.73123208992183,0.07462464179843664,isotropic_linear,v6p1i3_0126
tim_to_spreader,3.991307412035943,3.991307412035943,3.991307412035943,0.6353267095983028,isotropic_log_uniform,v6p1i3_0126
spreader,395.0387583160773,395.0387583160773,395.0387583160773,0.6692505544051528,isotropic_linear,v6p1i3_0126
pcb_fr4_equivalent,0.7783291398726437,0.7783291398726437,0.2918734274522414,0.43846509605646133,correlated_log_uniform_axes,v6p1i3_0127
bt_substrate_with_vias,0.20627047400814402,0.20627047400814402,0.5053626613199529,0.5691727846860886,correlated_log_uniform_axes,v6p1i3_0127
silicon_interposer_tsv_0p1,128.25979840010405,128.25979840010405,129.63643146678805,0.27532661333680153,correlated_linear_axes,v6p1i3_0127
bump_underfill_under_interposer,0.5694202429062358,0.5694202429062358,4.650265317067592,0.3827863736078143,correlated_log_uniform_axes,v6p1i3_0127
silicon_die_lower,144.25493380986154,144.25493380986154,144.25493380986154,0.8850986761972308,isotropic_linear,v6p1i3_0127
tim_between_dies,2.0528203894012766,2.0528203894012766,2.0528203894012766,0.2509277118369937,isotropic_log_uniform,v6p1i3_0127
silicon_die_upper,138.98546677082777,138.98546677082777,138.98546677082777,0.7797093354165554,isotropic_linear,v6p1i3_0127
tim_to_spreader,2.048127851754064,2.048127851754064,2.048127851754064,0.24960466008633375,isotropic_log_uniform,v6p1i3_0127
spreader,386.4086989266798,386.4086989266798,386.4086989266798,0.09391326177865267,isotropic_linear,v6p1i3_0127
