sample_id,split_role,family,block_index,layer,k_x_W_mK,k_y_W_mK,k_z_W_mK,control_volume_count,source_power_W,power_fraction,source_volume_m3,surface_power_density_W_cm2,q_W_m3
v6p1i11_0000,train,k,0,silicon_die_lower,28.374585746733423,28.374585746733423,28.374585746733423,648,,,,,
v6p1i11_0000,train,k,1,silicon_die_lower,167.42570447606866,167.42570447606866,167.42570447606866,240,,,,,
v6p1i11_0000,train,k,2,silicon_die_lower,54.797793426960645,54.797793426960645,54.797793426960645,880,,,,,
v6p1i11_0000,train,k,3,silicon_die_lower,43.25199624643146,43.25199624643146,43.25199624643146,448,,,,,
v6p1i11_0000,train,k,4,silicon_die_lower,23.950693018195825,23.950693018195825,23.950693018195825,616,,,,,
v6p1i11_0000,train,k,5,silicon_die_lower,273.3464333943962,273.3464333943962,273.3464333943962,512,,,,,
v6p1i11_0000,train,k,6,silicon_die_lower,40.77583771515825,40.77583771515825,40.77583771515825,880,,,,,
v6p1i11_0000,train,k,7,silicon_die_upper,218.3497023224599,218.3497023224599,218.3497023224599,968,,,,,
v6p1i11_0000,train,q,0,silicon_die_upper,,,,288,1.0925637125124674,0.1487623261322658,1.2908935546875e-10,130.89169702904982,8463623577.212419
v6p1i11_0000,train,q,1,silicon_die_lower,,,,384,0.8757223327541708,0.11923743189942157,1.7578124999999997e-10,89.52701518893005,4981887048.557061
v6p1i11_0000,train,q,2,silicon_die_lower,,,,384,0.9394997392305274,0.12792129649555384,1.7578125000000015e-10,78.93975731152838,5344709627.622551
v6p1i11_0000,train,q,3,silicon_die_upper,,,,448,0.9119145305394908,0.12416532348937936,2.0080566406249996e-10,75.81898018489183,4541278926.552894
v6p1i11_0000,train,q,4,silicon_die_upper,,,,432,1.7028475703791253,0.23185793443179653,1.9363403320312493e-10,129.9561918447665,8794154324.063545
v6p1i11_0000,train,q,5,silicon_die_lower,,,,448,1.821809660735118,0.24805568755158294,2.050781249999998e-10,130.68536671632677,8883490917.108393
v6p1i11_0001,train,k,0,silicon_die_upper,278.33796566740926,278.33796566740926,278.33796566740926,480,,,,,
v6p1i11_0001,train,k,1,silicon_die_lower,130.6165963276242,130.6165963276242,130.6165963276242,576,,,,,
v6p1i11_0001,train,k,2,silicon_die_upper,258.6259290927854,258.6259290927854,258.6259290927854,360,,,,,
v6p1i11_0001,train,k,3,silicon_die_lower,194.35593594431555,194.35593594431555,194.35593594431555,392,,,,,
v6p1i11_0001,train,k,4,silicon_die_upper,26.128179449710817,26.128179449710817,26.128179449710817,576,,,,,
v6p1i11_0001,train,k,5,silicon_die_lower,27.966166420305033,27.966166420305033,27.966166420305033,792,,,,,
v6p1i11_0001,train,q,0,silicon_die_lower,,,,576,0.8222200092548199,0.1253361813531832,2.6367187499999996e-10,47.032483117251154,3118345516.581243
v6p1i11_0001,train,q,1,silicon_die_upper,,,,504,0.8588892319454626,0.13092590222290518,2.2590637207031257e-10,63.988908843045216,3801969922.646256
v6p1i11_0001,train,q,2,silicon_die_upper,,,,384,0.774706466094312,0.11809339232437462,1.7211914062499993e-10,64.64258884508945,4500989624.286955
v6p1i11_0001,train,q,3,silicon_die_lower,,,,432,0.4660868255794202,0.07104855420642907,1.9775390624999986e-10,36.787080290224985,2356903256.2633414
v6p1i11_0001,train,q,4,silicon_die_lower,,,,280,0.5588623007791299,0.08519090498100723,1.2817382812500001e-10,60.07926385736292,4360190445.697744
v6p1i11_0001,train,q,5,silicon_die_upper,,,,432,0.3688043069689486,0.05621916638101351,1.9363403320312477e-10,33.047167708187075,1904646104.138459
v6p1i11_0001,train,q,6,silicon_die_upper,,,,576,0.6587839220437801,0.10042258786753858,2.581787109374998e-10,38.760122207987536,2551658576.5402603
v6p1i11_0001,train,q,7,silicon_die_upper,,,,384,0.6465958217719029,0.09856467887866434,1.721191406249998e-10,54.25583503747439,3756675866.63506
v6p1i11_0001,train,q,8,silicon_die_lower,,,,280,0.5131772385700009,0.07822684283495908,1.2817382812499996e-10,53.63354562776242,4003759941.300427
v6p1i11_0001,train,q,9,silicon_die_upper,,,,576,0.8919908390520195,0.13597178894992526,2.581787109374997e-10,55.50700819856634,3454935675.420403
v6p1i11_0002,train,k,0,silicon_die_lower,43.50046664073201,43.50046664073201,43.50046664073201,432,,,,,
v6p1i11_0002,train,k,1,silicon_die_lower,25.456089634662522,25.456089634662522,25.456089634662522,720,,,,,
v6p1i11_0002,train,k,2,silicon_die_lower,56.25531533210566,56.25531533210566,56.25531533210566,288,,,,,
v6p1i11_0002,train,k,3,silicon_die_upper,189.20724539014986,189.20724539014986,189.20724539014986,720,,,,,
v6p1i11_0002,train,q,0,silicon_die_upper,,,,280,0.6057174812712995,0.19558392328369445,1.2550354003906224e-10,58.29358173152042,4826297975.99951
v6p1i11_0002,train,q,1,silicon_die_lower,,,,504,1.5844048034746865,0.5115984218958238,2.3071289062499994e-10,97.29957087021874,6867430767.229966
v6p1i11_0002,train,q,2,silicon_die_lower,,,,576,0.9068474001943574,0.29281765482048167,2.6367187499999996e-10,54.16764861083069,3439302732.5889707
v6p1i11_0003,train,k,0,silicon_die_lower,180.759514151562,180.759514151562,180.759514151562,704,,,,,
v6p1i11_0003,train,k,1,silicon_die_upper,41.90389293476697,41.90389293476697,41.90389293476697,480,,,,,
v6p1i11_0003,train,k,2,silicon_die_upper,77.25650453820154,77.25650453820154,77.25650453820154,432,,,,,
v6p1i11_0003,train,k,3,silicon_die_upper,182.36804163601423,182.36804163601423,182.36804163601423,448,,,,,
v6p1i11_0003,train,k,4,silicon_die_upper,195.7998408229546,195.7998408229546,195.7998408229546,400,,,,,
v6p1i11_0003,train,k,5,silicon_die_upper,355.18375429105544,355.18375429105544,355.18375429105544,320,,,,,
v6p1i11_0003,train,k,6,silicon_die_lower,106.63653262264688,106.63653262264688,106.63653262264688,560,,,,,
v6p1i11_0003,train,q,0,silicon_die_lower,,,,448,1.5904137273494325,0.20686095113004493,2.050781249999999e-10,126.0764728297581,7755160270.503903
v6p1i11_0003,train,q,1,silicon_die_upper,,,,288,1.013838369596013,0.13186730334394714,1.2908935546874995e-10,112.60408128740345,7853772031.896493
v6p1i11_0003,train,q,2,silicon_die_upper,,,,240,1.3122971684593712,0.17068705819408883,1.0757446289062495e-10,149.91526903886867,12198965564.844452
v6p1i11_0003,train,q,3,silicon_die_lower,,,,280,0.6930619283402044,0.0901447511569285,1.2817382812500001e-10,72.42220659726242,5407203159.012337
v6p1i11_0003,train,q,4,silicon_die_upper,,,,504,1.4444645467686617,0.18787772318601476,2.2590637207031226e-10,104.19883785196562,6394085007.567113
v6p1i11_0003,train,q,5,silicon_die_upper,,,,240,0.8490959959593022,0.11043969396414975,1.0757446289062498e-10,105.95126884035611,7893100027.118984
v6p1i11_0003,train,q,6,silicon_die_upper,,,,336,0.785150871836039,0.10212251902482612,1.5060424804687488e-10,77.21480922398341,5213338149.609594
v6p1i11_0004,train,k,0,silicon_die_upper,25.58593218161465,25.58593218161465,25.58593218161465,576,,,,,
v6p1i11_0004,train,k,1,silicon_die_lower,49.05915324787837,49.05915324787837,49.05915324787837,560,,,,,
v6p1i11_0004,train,q,0,silicon_die_lower,,,,336,0.7192345332212372,0.08374411631934034,1.5380859374999992e-10,62.79754302754009,4676166108.054268
v6p1i11_0004,train,q,1,silicon_die_lower,,,,432,0.9358043812790569,0.1089604396593615,1.9775390625e-10,76.85409890997042,4732166352.739527
v6p1i11_0004,train,q,2,silicon_die_lower,,,,576,1.2222086510793786,0.14230793811316025,2.636718749999999e-10,73.56760761694771,4635339476.686237
v6p1i11_0004,train,q,3,silicon_die_lower,,,,448,1.3178307004416412,0.15344169720648762,2.050781250000001e-10,101.28635039751208,6425993510.724952
v6p1i11_0004,train,q,4,silicon_die_lower,,,,384,0.6169458361615613,0.07183412569868095,1.757812499999998e-10,53.121160256197584,3509736312.385775
v6p1i11_0004,train,q,5,silicon_die_lower,,,,648,1.4371350788319235,0.1673329097106697,2.9663085937500006e-10,78.78229351689401,4844860315.140376
v6p1i11_0004,train,q,6,silicon_die_lower,,,,504,0.9537234853772665,0.11104685162739925,2.3071289062499988e-10,63.62926535394403,4133811001.1696143
v6p1i11_0004,train,q,7,silicon_die_lower,,,,280,0.7498377189919133,0.08730740010306481,1.2817382812499996e-10,80.56241522960093,5850162470.458815
v6p1i11_0004,train,q,8,silicon_die_upper,,,,288,0.635758003695795,0.07402452156183563,1.2908935546875e-10,70.460200575361,4924945216.336598
v6p1i11_0005,train,k,0,silicon_die_lower,334.71476915352395,334.71476915352395,334.71476915352395,720,,,,,
v6p1i11_0005,train,k,1,silicon_die_upper,70.31495848504214,70.31495848504214,70.31495848504214,384,,,,,
v6p1i11_0005,train,q,0,silicon_die_upper,,,,384,0.6506959547055671,0.18997719206061123,1.721191406249998e-10,63.83394703835096,3780497348.190079
v6p1i11_0005,train,q,1,silicon_die_upper,,,,384,0.6732795894469357,0.19657071009873864,1.721191406249998e-10,58.91751220414771,3911706664.361208
v6p1i11_0005,train,q,2,silicon_die_upper,,,,288,0.916548329106435,0.26759545175023325,1.2908935546874988e-10,89.53526203505028,7100107718.241062
v6p1i11_0005,train,q,3,silicon_die_lower,,,,336,0.6929503755090591,0.20231379283143852,1.5380859374999997e-10,78.43246813675692,4505277362.039852
v6p1i11_0005,train,q,4,silicon_die_lower,,,,336,0.49165246064228774,0.1435428532589783,1.5380859374999982e-10,56.6094180205971,3196521394.906052
v6p1i11_0006,train,k,0,silicon_die_lower,94.29720172136892,94.29720172136892,94.29720172136892,480,,,,,
v6p1i11_0006,train,k,1,silicon_die_lower,395.4049091792353,395.4049091792353,395.4049091792353,504,,,,,
v6p1i11_0006,train,k,2,silicon_die_upper,140.8923900773636,140.8923900773636,140.8923900773636,336,,,,,
v6p1i11_0006,train,q,0,silicon_die_lower,,,,512,0.9258034551531396,0.19722566586251505,2.3437500000000003e-10,52.370044759518954,3950094741.986728
v6p1i11_0006,train,q,1,silicon_die_upper,,,,448,0.6646034329000277,0.14158172974904218,2.0080566406249973e-10,46.07070633325742,3309684694.4176497
v6p1i11_0006,train,q,2,silicon_die_upper,,,,336,0.3828387384841845,0.08155686252328684,1.506042480468749e-10,35.268897243933736,2542018193.039466
v6p1i11_0006,train,q,3,silicon_die_upper,,,,512,0.9372111569950372,0.19965587022090897,2.2949218749999966e-10,53.55693318269361,4083847764.9485936
v6p1i11_0006,train,q,4,silicon_die_upper,,,,432,0.7061329933886724,0.1504288507818706,1.9363403320312488e-10,54.49922874344371,3646740098.8747096
v6p1i11_0006,train,q,5,silicon_die_upper,,,,384,0.4012748987042006,0.08548435269963235,1.7211914062499977e-10,37.0741987110617,2331378702.258734
v6p1i11_0006,train,q,6,silicon_die_upper,,,,320,0.3371217055891978,0.07181767630208095,1.4343261718749987e-10,36.18488084892723,2350383840.158903
v6p1i11_0006,train,q,7,silicon_die_lower,,,,288,0.3391463580737025,0.07224899186066308,1.3183593749999995e-10,40.973245961937344,2572487930.870159
v6p1i11_0007,train,k,0,silicon_die_lower,32.90075250884377,32.90075250884377,32.90075250884377,504,,,,,
v6p1i11_0007,train,k,1,silicon_die_lower,221.0306136636082,221.0306136636082,221.0306136636082,800,,,,,
v6p1i11_0007,train,k,2,silicon_die_lower,21.431265596255713,21.431265596255713,21.431265596255713,560,,,,,
v6p1i11_0007,train,k,3,silicon_die_upper,86.39826632220019,86.39826632220019,86.39826632220019,528,,,,,
v6p1i11_0007,train,q,0,silicon_die_upper,,,,336,3.160302167372271,0.27664241151250857,1.5060424804687488e-10,330.6404904472691,20984150237.174194
v6p1i11_0007,train,q,1,silicon_die_lower,,,,336,3.1596441253293626,0.2765848086859478,1.5380859374999997e-10,278.11685402819563,20542702122.776302
v6p1i11_0007,train,q,2,silicon_die_lower,,,,384,2.4668563599738174,0.21594045636641093,1.7578124999999987e-10,257.6628089998111,14033671736.73995
v6p1i11_0007,train,q,3,silicon_die_lower,,,,432,2.6369777795934306,0.2308323234351327,1.9775390624999997e-10,221.19508433298742,13334643191.62308
v6p1i11_0008,train,k,0,silicon_die_upper,50.30967768705746,50.30967768705746,50.30967768705746,432,,,,,
v6p1i11_0008,train,k,1,silicon_die_upper,95.29444467624285,95.29444467624285,95.29444467624285,336,,,,,
v6p1i11_0008,train,k,2,silicon_die_lower,362.7367612626272,362.7367612626272,362.7367612626272,968,,,,,
v6p1i11_0008,train,q,0,silicon_die_lower,,,,448,1.3339419284083418,0.2019531175301534,2.0507812499999977e-10,97.20558593099902,6504554927.0959215
v6p1i11_0008,train,q,1,silicon_die_lower,,,,576,0.9480770720833731,0.1435348243341864,2.6367187499999985e-10,63.096517201938646,3595670080.7902765
v6p1i11_0008,train,q,2,silicon_die_upper,,,,288,0.893973352926934,0.13534375205365906,1.2908935546874988e-10,90.72106357791752,6925229037.520048
v6p1i11_0008,train,q,3,silicon_die_upper,,,,280,0.6030085100354191,0.0912929160598264,1.255035400390623e-10,68.24397577497011,4804713156.678576
v6p1i11_0008,train,q,4,silicon_die_upper,,,,392,0.5590890640600599,0.08464369929406791,1.7570495605468736e-10,48.305050406110496,3181976630.676519
v6p1i11_0008,train,q,5,silicon_die_upper,,,,336,1.0713850216660656,0.16220312188458222,1.5060424804687488e-10,95.76585931386867,7113909704.144613
v6p1i11_0008,train,q,6,silicon_die_upper,,,,336,0.689379402998035,0.10436910080684629,1.5060424804687488e-10,69.5608353724998,4577423359.156966
v6p1i11_0008,train,q,7,silicon_die_lower,,,,240,0.5063515724551068,0.07665946803667821,1.0986328124999994e-10,59.63160372279211,4608924535.058041
v6p1i11_0009,train,k,0,silicon_die_upper,161.69548554103966,161.69548554103966,161.69548554103966,800,,,,,
v6p1i11_0009,train,k,1,silicon_die_upper,105.06898582269577,105.06898582269577,105.06898582269577,704,,,,,
v6p1i11_0009,train,k,2,silicon_die_lower,100.07870688354387,100.07870688354387,100.07870688354387,704,,,,,
v6p1i11_0009,train,q,0,silicon_die_upper,,,,336,1.3308426060486107,0.18643104272174577,1.5060424804687482e-10,136.682308565931,8836687034.44801
v6p1i11_0009,train,q,1,silicon_die_upper,,,,336,1.2359784270618277,0.17314199732669452,1.506042480468749e-10,133.78680478001036,8206796575.068287
v6p1i11_0009,train,q,2,silicon_die_lower,,,,512,1.8401781248641407,0.2577812921324805,2.343749999999998e-10,119.46544559595212,7851426666.087007
v6p1i11_0009,train,q,3,silicon_die_lower,,,,576,2.7315255566832444,0.38264566781907916,2.636718749999998e-10,160.91836699658631,10359563592.754238
v6p1i11_0010,train,k,0,silicon_die_lower,43.164187815541055,43.164187815541055,43.164187815541055,392,,,,,
v6p1i11_0010,train,k,1,silicon_die_upper,180.13923609689385,180.13923609689385,180.13923609689385,704,,,,,
v6p1i11_0010,train,k,2,silicon_die_lower,290.99592423123784,290.99592423123784,290.99592423123784,960,,,,,
v6p1i11_0010,train,k,3,silicon_die_lower,128.048229655453,128.048229655453,128.048229655453,640,,,,,
v6p1i11_0010,train,q,0,silicon_die_lower,,,,384,0.505434535945743,0.10476427300417501,1.7578124999999982e-10,47.004473263463126,2875360915.602452
v6p1i11_0010,train,q,1,silicon_die_lower,,,,448,0.8177705992375067,0.1695039341801185,2.0507812499999985e-10,60.51379544021945,3987605207.710512
v6p1i11_0010,train,q,2,silicon_die_lower,,,,392,0.418630147013718,0.08677183668792877,1.79443359375e-10,34.706979171054485,2332937526.759441
v6p1i11_0010,train,q,3,silicon_die_upper,,,,280,0.4537789033440044,0.09405731807485687,1.255035400390623e-10,50.84013292411799,3615666165.2951636
v6p1i11_0010,train,q,4,silicon_die_lower,,,,288,0.3656144728626936,0.07578297825967423,1.3183593750000008e-10,50.06545674917959,2773253483.047393
v6p1i11_0010,train,q,5,silicon_die_upper,,,,336,0.4626410013566479,0.09589421521891353,1.5060424804687488e-10,41.17480895495834,3071898750.2441034
v6p1i11_0010,train,q,6,silicon_die_lower,,,,288,0.3685979932957495,0.07640138940282523,1.3183593749999995e-10,35.333690846029725,2795884038.035908
v6p1i11_0010,train,q,7,silicon_die_upper,,,,448,0.891253996502354,0.18473525326266557,2.0080566406249989e-10,60.598478824987986,4438390723.00747
v6p1i11_0010,train,q,8,silicon_die_upper,,,,448,0.540771676764772,0.11208880190884239,2.0080566406249973e-10,37.896655558856615,2693010076.6304064
v6p1i11_0011,train,k,0,silicon_die_lower,311.6944840690692,311.6944840690692,311.6944840690692,480,,,,,
v6p1i11_0011,train,k,1,silicon_die_lower,31.765757072868038,31.765757072868038,31.765757072868038,288,,,,,
v6p1i11_0011,train,k,2,silicon_die_lower,197.63383710645385,197.63383710645385,197.63383710645385,384,,,,,
v6p1i11_0011,train,k,3,silicon_die_lower,53.90228661979199,53.90228661979199,53.90228661979199,880,,,,,
v6p1i11_0011,train,k,4,silicon_die_upper,311.76644953416826,311.76644953416826,311.76644953416826,640,,,,,
v6p1i11_0011,train,q,0,silicon_die_upper,,,,384,1.6780143795632825,0.1954451579788913,1.7211914062499985e-10,122.45523757809228,9749144537.150654
v6p1i11_0011,train,q,1,silicon_die_upper,,,,320,1.600548803877812,0.18642242738601467,1.4343261718749966e-10,174.98572740809337,11158890043.716652
v6p1i11_0011,train,q,2,silicon_die_upper,,,,432,2.0961803898881652,0.24415065356029386,1.9363403320312488e-10,173.54326276364614,10825475022.19944
v6p1i11_0011,train,q,3,silicon_die_lower,,,,448,1.458115041126412,0.16983258787002653,2.050781249999999e-10,100.49659269326497,7110046676.730699
v6p1i11_0011,train,q,4,silicon_die_lower,,,,384,1.7527435918906906,0.2041491732047737,1.7578124999999987e-10,159.48354441601745,9971163544.978159
v6p1i11_0012,train,k,0,silicon_die_lower,31.303355469430617,31.303355469430617,31.303355469430617,720,,,,,
v6p1i11_0012,train,k,1,silicon_die_lower,221.55312510416576,221.55312510416576,221.55312510416576,704,,,,,
v6p1i11_0012,train,k,2,silicon_die_lower,83.068321778913,83.068321778913,83.068321778913,432,,,,,
v6p1i11_0012,train,k,3,silicon_die_upper,342.2587878216723,342.2587878216723,342.2587878216723,336,,,,,
v6p1i11_0012,train,k,4,silicon_die_lower,40.758939368515385,40.758939368515385,40.758939368515385,640,,,,,
v6p1i11_0012,train,k,5,silicon_die_lower,83.40189846406868,83.40189846406868,83.40189846406868,432,,,,,
v6p1i11_0012,train,k,6,silicon_die_lower,23.581039371359125,23.581039371359125,23.581039371359125,880,,,,,
v6p1i11_0012,train,q,0,silicon_die_upper,,,,448,3.6019696614817236,0.25151400184539285,2.008056640625e-10,267.1213309938816,17937589949.45792
v6p1i11_0012,train,q,1,silicon_die_lower,,,,576,5.434496817796547,0.37947350231089605,2.6367187499999996e-10,293.63235334980374,20610832375.643204
v6p1i11_0012,train,q,2,silicon_die_lower,,,,432,5.284683178607878,0.3690124958437112,1.9775390624999994e-10,378.80747905709006,26723533703.18256
v6p1i11_0013,train,k,0,silicon_die_lower,45.35241146504529,45.35241146504529,45.35241146504529,648,,,,,
v6p1i11_0013,train,k,1,silicon_die_lower,290.9331112462008,290.9331112462008,290.9331112462008,800,,,,,
v6p1i11_0013,train,k,2,silicon_die_lower,20.109428298177953,20.109428298177953,20.109428298177953,504,,,,,
v6p1i11_0013,train,k,3,silicon_die_upper,52.39754684322003,52.39754684322003,52.39754684322003,448,,,,,
v6p1i11_0013,train,q,0,silicon_die_lower,,,,384,0.405852193124795,0.11524090027669917,1.7578124999999995e-10,32.600233396442704,2308848031.9988346
v6p1i11_0013,train,q,1,silicon_die_upper,,,,240,0.34880316109240894,0.0990419442954391,1.07574462890625e-10,46.57155793885442,3242434605.014484
v6p1i11_0013,train,q,2,silicon_die_upper,,,,384,0.6874905335455325,0.19521153109337516,1.7211914062499988e-10,53.31598269883469,3994271241.705678
v6p1i11_0013,train,q,3,silicon_die_lower,,,,384,0.4794060851969374,0.13612637751407966,1.7578124999999992e-10,44.261936479845694,2727287951.3425784
v6p1i11_0013,train,q,4,silicon_die_upper,,,,288,0.466642086701705,0.13250206624352626,1.2908935546874975e-10,50.67310386058608,3614876571.4046097
v6p1i11_0013,train,q,5,silicon_die_upper,,,,384,0.69942146786387,0.1985992954945019,1.7211914062499983e-10,58.274924556677334,4063589123.929666
v6p1i11_0013,train,q,6,silicon_die_lower,,,,448,0.4341566223826707,0.12327788508237883,2.0507812500000016e-10,31.020612571462102,2117030387.2374022
v6p1i11_0014,train,k,0,silicon_die_upper,296.4523871337587,296.4523871337587,296.4523871337587,576,,,,,
v6p1i11_0014,train,k,1,silicon_die_upper,181.45399080963816,181.45399080963816,181.45399080963816,576,,,,,
v6p1i11_0014,train,k,2,silicon_die_upper,159.83272233765166,159.83272233765166,159.83272233765166,792,,,,,
v6p1i11_0014,train,k,3,silicon_die_lower,93.35237287623897,93.35237287623897,93.35237287623897,576,,,,,
v6p1i11_0014,train,q,0,silicon_die_lower,,,,288,1.0053809071698931,0.1567132497270726,1.3183593749999998e-10,122.80926458444407,7626000362.533116
v6p1i11_0014,train,q,1,silicon_die_lower,,,,392,1.4824437223595623,0.23107517918003098,1.79443359375e-10,130.02414224813435,8261346240.523494
v6p1i11_0014,train,q,2,silicon_die_upper,,,,240,0.6424143496045259,0.10013601778178245,1.075744628906248e-10,90.34365914836562,5971810895.841459
v6p1i11_0014,train,q,3,silicon_die_upper,,,,504,1.4358652298692172,0.22381477978961714,2.2590637207031226e-10,98.9536316353733,6356019162.763196
v6p1i11_0014,train,q,4,silicon_die_upper,,,,576,1.1538820723659247,0.1798607951202281,2.5817871093749975e-10,74.27603025992485,4469315336.558706
v6p1i11_0014,train,q,5,silicon_die_lower,,,,240,0.6954311062534064,0.10839997840126879,1.0986328124999983e-10,91.9817198226371,6329968469.364349
v6p1i11_0015,train,k,0,silicon_die_upper,147.3574398481247,147.3574398481247,147.3574398481247,384,,,,,
v6p1i11_0015,train,k,1,silicon_die_lower,73.740191994668,73.740191994668,73.740191994668,384,,,,,
v6p1i11_0015,train,k,2,silicon_die_upper,34.09177086588776,34.09177086588776,34.09177086588776,384,,,,,
v6p1i11_0015,train,k,3,silicon_die_lower,123.0667842832017,123.0667842832017,123.0667842832017,704,,,,,
v6p1i11_0015,train,k,4,silicon_die_lower,21.577518114892417,21.577518114892417,21.577518114892417,880,,,,,
v6p1i11_0015,train,q,0,silicon_die_lower,,,,392,0.7643307604400202,0.10458261808904219,1.7944335937499996e-10,54.86072453783707,4259454142.5337734
v6p1i11_0015,train,q,1,silicon_die_upper,,,,384,0.7321073598571363,0.10017352222228697,1.7211914062499988e-10,61.296181032927926,4253491838.2621737
v6p1i11_0015,train,q,2,silicon_die_lower,,,,512,1.069820926877319,0.14638253385859348,2.3437499999999993e-10,79.56582328689423,4564569288.009895
v6p1i11_0015,train,q,3,silicon_die_upper,,,,392,0.9074328458395181,0.12416313416884167,1.757049560546874e-10,75.18329296915232,5164526181.93128
v6p1i11_0015,train,q,4,silicon_die_lower,,,,240,0.7072827948342134,0.09677680166962425,1.0986328125000007e-10,86.31482776617682,6437845172.535414
v6p1i11_0015,train,q,5,silicon_die_upper,,,,504,0.9635417445217402,0.13184045899468202,2.2590637207031231e-10,63.030954576976505,4265226056.668478
v6p1i11_0015,train,q,6,silicon_die_upper,,,,384,0.7232841931101491,0.09896625708787726,1.721191406249999e-10,54.93385578676563,4202229865.218684
v6p1i11_0015,train,q,7,silicon_die_lower,,,,392,0.5898710058797801,0.08071146331230936,1.7944335937499994e-10,46.63481789405372,3287226721.20215
v6p1i11_0015,train,q,8,silicon_die_lower,,,,240,0.3249192314598258,0.044458375421114124,1.0986328125000007e-10,47.3806355522913,2957487049.0209904
v6p1i11_0015,train,q,9,silicon_die_upper,,,,336,0.5258010516881657,0.07194483517562865,1.506042480468749e-10,52.407200875366854,3491276365.0897317
v6p1i11_0016,train,k,0,silicon_die_upper,68.00560365215006,68.00560365215006,68.00560365215006,792,,,,,
v6p1i11_0016,train,k,1,silicon_die_lower,32.606622256892926,32.606622256892926,32.606622256892926,512,,,,,
v6p1i11_0016,train,q,0,silicon_die_upper,,,,576,1.602764722070122,0.1705732064435062,2.5817871093749965e-10,104.372050920384,6207966242.647025
v6p1i11_0016,train,q,1,silicon_die_upper,,,,392,0.8474950488844081,0.09019411641809578,1.7570495605468746e-10,77.70752024156634,4823398655.98685
v6p1i11_0016,train,q,2,silicon_die_upper,,,,512,1.1993432251955898,0.12763933266741664,2.2949218749999974e-10,82.35372914081465,5226074308.937385
v6p1i11_0016,train,q,3,silicon_die_upper,,,,448,1.3005119915602288,0.13840615366935496,2.0080566406249984e-10,95.98935224619213,6476470659.490214
v6p1i11_0016,train,q,4,silicon_die_lower,,,,320,1.1771459112088896,0.12527699777882836,1.4648437499999986e-10,101.86286118085086,8035982753.852694
v6p1i11_0016,train,q,5,silicon_die_lower,,,,336,0.48804358320837016,0.051939724980038404,1.5380859375000008e-10,55.15202636767691,3173057963.2087035
v6p1i11_0016,train,q,6,silicon_die_upper,,,,280,0.9011809114582395,0.09590759987190943,1.2550354003906242e-10,92.1235709207472,7180521849.644647
v6p1i11_0016,train,q,7,silicon_die_upper,,,,288,0.5433792509245604,0.05782878788682107,1.2908935546874988e-10,61.48950929983304,4209326547.114897
v6p1i11_0016,train,q,8,silicon_die_upper,,,,448,1.3364805112626774,0.14223408028402915,2.0080566406249976e-10,98.11425442534673,6655591701.072259
v6p1i11_0017,test_iid,k,0,silicon_die_upper,39.605934326685315,39.605934326685315,39.605934326685315,880,,,,,
v6p1i11_0017,test_iid,k,1,silicon_die_lower,37.61152117329061,37.61152117329061,37.61152117329061,432,,,,,
v6p1i11_0017,test_iid,k,2,silicon_die_lower,360.70957016009385,360.70957016009385,360.70957016009385,560,,,,,
v6p1i11_0017,test_iid,k,3,silicon_die_upper,58.91689132972411,58.91689132972411,58.91689132972411,336,,,,,
v6p1i11_0017,test_iid,k,4,silicon_die_lower,46.432177682849805,46.432177682849805,46.432177682849805,576,,,,,
v6p1i11_0017,test_iid,k,5,silicon_die_upper,110.63343479633546,110.63343479633546,110.63343479633546,616,,,,,
v6p1i11_0017,test_iid,k,6,silicon_die_lower,225.14819699090108,225.14819699090108,225.14819699090108,480,,,,,
v6p1i11_0017,test_iid,q,0,silicon_die_lower,,,,392,0.8527601513474368,0.19265516975182306,1.79443359375e-10,81.09854814188728,4752252489.685852
v6p1i11_0017,test_iid,q,1,silicon_die_lower,,,,392,1.2036594635491853,0.271930176271778,1.79443359375e-10,98.55463129640924,6707740357.411514
v6p1i11_0017,test_iid,q,2,silicon_die_lower,,,,240,0.6317053804586426,0.1427145805454217,1.0986328125000007e-10,87.51557491950645,5749922751.907996
v6p1i11_0017,test_iid,q,3,silicon_die_lower,,,,432,0.8368527435316899,0.18906137570761056,1.9775390624999994e-10,77.2913881907948,4231788688.278769
v6p1i11_0017,test_iid,q,4,silicon_die_upper,,,,360,0.9013771440157777,0.2036386977233667,1.6136169433593744e-10,80.04727203685205,5586066431.226292
v6p1i11_0018,valid_iid,k,0,silicon_die_lower,32.363853974632946,32.363853974632946,32.363853974632946,288,,,,,
v6p1i11_0018,valid_iid,k,1,silicon_die_upper,35.33883050546476,35.33883050546476,35.33883050546476,336,,,,,
v6p1i11_0018,valid_iid,k,2,silicon_die_upper,66.06543815316279,66.06543815316279,66.06543815316279,616,,,,,
v6p1i11_0018,valid_iid,k,3,silicon_die_upper,63.4722911113422,63.4722911113422,63.4722911113422,384,,,,,
v6p1i11_0018,valid_iid,q,0,silicon_die_upper,,,,384,1.0233658034861837,0.12756653290581688,1.7211914062499985e-10,94.52357419777279,5945682739.119733
v6p1i11_0018,valid_iid,q,1,silicon_die_upper,,,,288,0.5389702217833822,0.06718473716648231,1.2908935546874988e-10,63.04671867327838,4175171684.964039
v6p1i11_0018,valid_iid,q,2,silicon_die_lower,,,,432,1.1973587957087695,0.14925543700260466,1.977539062499999e-10,91.97941835229379,6054792132.374226
v6p1i11_0018,valid_iid,q,3,silicon_die_upper,,,,336,1.1697162347967838,0.1458096841308873,1.5060424804687488e-10,103.81342400038515,7766820989.224122
v6p1i11_0018,valid_iid,q,4,silicon_die_lower,,,,320,1.2521358997125298,0.15608361634627313,1.46484375e-10,118.03906766442653,8547914408.704204
v6p1i11_0018,valid_iid,q,5,silicon_die_upper,,,,384,0.8119494063370528,0.10121265563936982,1.7211914062499985e-10,68.29968757092875,4717368465.754002
v6p1i11_0018,valid_iid,q,6,silicon_die_upper,,,,448,1.3732645690876353,0.17118277671985485,2.0080566406249973e-10,99.34170502682024,6838774072.927613
v6p1i11_0018,valid_iid,q,7,silicon_die_upper,,,,288,0.6554513231570024,0.08170456008871103,1.2908935546874988e-10,80.43709954498044,5077500935.510325
v6p1i11_0019,test_iid,k,0,silicon_die_upper,173.24888446044216,173.24888446044216,173.24888446044216,432,,,,,
v6p1i11_0019,test_iid,k,1,silicon_die_lower,79.63676266602678,79.63676266602678,79.63676266602678,704,,,,,
v6p1i11_0019,test_iid,k,2,silicon_die_lower,68.31418509046566,68.31418509046566,68.31418509046566,336,,,,,
v6p1i11_0019,test_iid,k,3,silicon_die_lower,74.72234886841329,74.72234886841329,74.72234886841329,792,,,,,
v6p1i11_0019,test_iid,k,4,silicon_die_lower,28.424503489894743,28.424503489894743,28.424503489894743,504,,,,,
v6p1i11_0019,test_iid,k,5,silicon_die_lower,187.28350861357075,187.28350861357075,187.28350861357075,800,,,,,
v6p1i11_0019,test_iid,k,6,silicon_die_lower,272.13049536279254,272.13049536279254,272.13049536279254,504,,,,,
v6p1i11_0019,test_iid,q,0,silicon_die_lower,,,,432,1.4664748095460407,0.3005858956891217,1.9775390624999997e-10,115.66240216628488,7415655333.210597
v6p1i11_0019,test_iid,q,1,silicon_die_upper,,,,432,1.3059222201341774,0.2676771518229301,1.9363403320312477e-10,97.80702501300925,6744280427.006583
v6p1i11_0019,test_iid,q,2,silicon_die_lower,,,,392,1.018087739850516,0.20867921711373463,1.7944335937499983e-10,86.22912227773932,5673588275.41186
v6p1i11_0019,test_iid,q,3,silicon_die_lower,,,,432,1.0882365230435835,0.2230577353742136,1.9775390624999992e-10,86.19704295091287,5502983701.711753
v6p1i11_0020,valid_iid,k,0,silicon_die_lower,57.575066668777616,57.575066668777616,57.575066668777616,704,,,,,
v6p1i11_0020,valid_iid,k,1,silicon_die_lower,20.483366954849078,20.483366954849078,20.483366954849078,504,,,,,
v6p1i11_0020,valid_iid,k,2,silicon_die_upper,316.4135908032719,316.4135908032719,316.4135908032719,448,,,,,
v6p1i11_0020,valid_iid,k,3,silicon_die_lower,207.86507245146845,207.86507245146845,207.86507245146845,560,,,,,
v6p1i11_0020,valid_iid,k,4,silicon_die_upper,31.46328892705654,31.46328892705654,31.46328892705654,640,,,,,
v6p1i11_0020,valid_iid,k,5,silicon_die_upper,237.80341075168997,237.80341075168997,237.80341075168997,432,,,,,
v6p1i11_0020,valid_iid,k,6,silicon_die_upper,42.36379513833074,42.36379513833074,42.36379513833074,576,,,,,
v6p1i11_0020,valid_iid,q,0,silicon_die_lower,,,,360,1.240022078098397,0.1308381011437544,1.6479492187499987e-10,116.89209654797062,7524637676.875612
v6p1i11_0020,valid_iid,q,1,silicon_die_upper,,,,320,1.1500853474860258,0.12134863215426252,1.4343261718749987e-10,117.7833901216236,8018297163.068538
v6p1i11_0020,valid_iid,q,2,silicon_die_upper,,,,448,1.7785536891953002,0.18766003572564377,2.0080566406249989e-10,120.33770865006659,8857089253.4273
v6p1i11_0020,valid_iid,q,3,silicon_die_upper,,,,392,1.3473432749414973,0.1421618524345053,1.7570495605468733e-10,121.28399799312504,7668214404.39132
v6p1i11_0020,valid_iid,q,4,silicon_die_lower,,,,448,2.043279614674992,0.21559198792636697,2.05078125e-10,146.32120022140452,9963420597.27234
v6p1i11_0020,valid_iid,q,5,silicon_die_lower,,,,320,1.9182463729054295,0.20239939061546702,1.4648437499999994e-10,184.68253297814564,13095228572.367737
v6p1i11_0021,train,k,0,silicon_die_upper,32.374526879107165,32.374526879107165,32.374526879107165,880,,,,,
v6p1i11_0021,train,k,1,silicon_die_lower,242.9688551025665,242.9688551025665,242.9688551025665,880,,,,,
v6p1i11_0021,train,k,2,silicon_die_upper,50.67319875796156,50.67319875796156,50.67319875796156,648,,,,,
v6p1i11_0021,train,k,3,silicon_die_lower,224.56012985423558,224.56012985423558,224.56012985423558,504,,,,,
v6p1i11_0021,train,k,4,silicon_die_lower,236.9164876104516,236.9164876104516,236.9164876104516,616,,,,,
v6p1i11_0021,train,k,5,silicon_die_lower,37.26422887896251,37.26422887896251,37.26422887896251,504,,,,,
v6p1i11_0021,train,k,6,silicon_die_upper,65.79248888915082,65.79248888915082,65.79248888915082,336,,,,,
v6p1i11_0021,train,k,7,silicon_die_lower,47.952829549213824,47.952829549213824,47.952829549213824,560,,,,,
v6p1i11_0021,train,q,0,silicon_die_upper,,,,336,0.3324453673856128,0.08137190446996857,1.506042480468749e-10,34.31062302173384,2207410293.514036
v6p1i11_0021,train,q,1,silicon_die_lower,,,,384,0.5873058526616285,0.14375353193597754,1.7578124999999992e-10,48.67943952132808,3341117739.586155
v6p1i11_0021,train,q,2,silicon_die_upper,,,,392,0.504783081800261,0.12355461901402563,1.7570495605468733e-10,43.04423631478267,2872901784.529912
v6p1i11_0021,train,q,3,silicon_die_lower,,,,240,0.32300598637826955,0.07906144842233104,1.0986328124999993e-10,41.93905429948834,2940072267.1230955
v6p1i11_0021,train,q,4,silicon_die_upper,,,,384,0.5441254871874714,0.13318437104805986,1.721191406249998e-10,46.6706338085414,3161330490.0991287
v6p1i11_0021,train,q,5,silicon_die_lower,,,,384,0.3954027945000909,0.09678185223107559,1.7578124999999987e-10,37.05901470890282,2249402564.2671857
v6p1i11_0021,train,q,6,silicon_die_lower,,,,288,0.25195865176026555,0.06167135220638266,1.3183593749999982e-10,29.24124744166879,1911153032.611202
v6p1i11_0021,train,q,7,silicon_die_lower,,,,512,0.4004669379135638,0.09802139121850072,2.3437499999999993e-10,27.969071404360292,1708658935.0978727
v6p1i11_0021,train,q,8,silicon_die_upper,,,,384,0.4120447219777743,0.10085525937029867,1.7211914062499988e-10,34.13839957965882,2393950611.660943
v6p1i11_0021,train,q,9,silicon_die_upper,,,,360,0.33396666916610485,0.08174427008337957,1.6136169433593734e-10,30.005440776378574,2069677506.4274108
v6p1i11_0022,valid_iid,k,0,silicon_die_lower,160.05782361343202,160.05782361343202,160.05782361343202,560,,,,,
v6p1i11_0022,valid_iid,k,1,silicon_die_lower,55.20392690486895,55.20392690486895,55.20392690486895,392,,,,,
v6p1i11_0022,valid_iid,k,2,silicon_die_upper,136.15943413049627,136.15943413049627,136.15943413049627,1056,,,,,
v6p1i11_0022,valid_iid,k,3,silicon_die_lower,40.47012304273865,40.47012304273865,40.47012304273865,704,,,,,
v6p1i11_0022,valid_iid,q,0,silicon_die_lower,,,,288,0.5523644384895275,0.22235661665210213,1.3183593749999995e-10,52.75028171873578,4189786555.653899
v6p1i11_0022,valid_iid,q,1,silicon_die_upper,,,,240,0.5837487484680904,0.23499050199395574,1.0757446289062487e-10,68.99414776019373,5426462124.766641
v6p1i11_0022,valid_iid,q,2,silicon_die_upper,,,,448,1.3480244420734704,0.5426528813539422,2.0080566406249984e-10,87.79057793619397,6713079774.751294
v6p1i11_0023,train,k,0,silicon_die_lower,148.8008745204371,148.8008745204371,148.8008745204371,576,,,,,
v6p1i11_0023,train,k,1,silicon_die_lower,32.043160395194626,32.043160395194626,32.043160395194626,560,,,,,
v6p1i11_0023,train,k,2,silicon_die_lower,138.36672581342023,138.36672581342023,138.36672581342023,336,,,,,
v6p1i11_0023,train,k,3,silicon_die_upper,33.63837139218277,33.63837139218277,33.63837139218277,448,,,,,
v6p1i11_0023,train,q,0,silicon_die_upper,,,,512,2.96897502368147,0.23348174345207348,2.2949218749999987e-10,187.47987332436384,12937150741.488626
v6p1i11_0023,train,q,1,silicon_die_lower,,,,576,1.6365515153958752,0.12869926422956543,2.636718749999997e-10,100.0281135549324,6206773154.686585
v6p1i11_0023,train,q,2,silicon_die_lower,,,,288,1.1065236825170617,0.08701759917290901,1.3183593750000008e-10,120.50772922566587,8393187043.684966
v6p1i11_0023,train,q,3,silicon_die_lower,,,,288,1.1390853285661175,0.08957826399109123,1.3183593750000008e-10,107.36765253347684,8640173158.901508
v6p1i11_0023,train,q,4,silicon_die_upper,,,,384,1.5057599222304234,0.11841374516740837,1.7211914062499988e-10,115.0407037915242,8748358356.674921
v6p1i11_0023,train,q,5,silicon_die_lower,,,,576,2.2403886825992028,0.17618533381090384,2.6367187500000006e-10,130.65062230292642,8496881522.154012
v6p1i11_0023,train,q,6,silicon_die_lower,,,,336,2.118806532806638,0.16662405017604873,1.5380859374999997e-10,193.67585221327244,13775605648.215858
v6p1i11_0024,train,k,0,silicon_die_lower,30.895398370263383,30.895398370263383,30.895398370263383,504,,,,,
v6p1i11_0024,train,k,1,silicon_die_upper,30.978666574731616,30.978666574731616,30.978666574731616,440,,,,,
v6p1i11_0024,train,k,2,silicon_die_upper,44.42196925843209,44.42196925843209,44.42196925843209,640,,,,,
v6p1i11_0024,train,k,3,silicon_die_lower,371.11197782187264,371.11197782187264,371.11197782187264,320,,,,,
v6p1i11_0024,train,k,4,silicon_die_upper,74.5620756390682,74.5620756390682,74.5620756390682,720,,,,,
v6p1i11_0024,train,k,5,silicon_die_upper,140.6054785672196,140.6054785672196,140.6054785672196,792,,,,,
v6p1i11_0024,train,k,6,silicon_die_upper,139.04779800362832,139.04779800362832,139.04779800362832,336,,,,,
v6p1i11_0024,train,q,0,silicon_die_lower,,,,288,1.2866775244104471,0.22199727602922906,1.3183593749999972e-10,179.943223199578,9759687296.268894
v6p1i11_0024,train,q,1,silicon_die_upper,,,,392,2.4061213558150176,0.4151408388294004,1.7570495605468736e-10,219.9197649348963,13694100666.495277
v6p1i11_0024,train,q,2,silicon_die_upper,,,,336,2.103116941016585,0.3628618851413706,1.506042480468749e-10,215.07847517890036,13964526022.94458
v6p1i11_0025,valid_iid,k,0,silicon_die_upper,53.51725676317188,53.51725676317188,53.51725676317188,880,,,,,
v6p1i11_0025,valid_iid,k,1,silicon_die_lower,142.73161810396098,142.73161810396098,142.73161810396098,448,,,,,
v6p1i11_0025,valid_iid,k,2,silicon_die_upper,90.67492695800584,90.67492695800584,90.67492695800584,792,,,,,
v6p1i11_0025,valid_iid,k,3,silicon_die_upper,285.4194842119008,285.4194842119008,285.4194842119008,432,,,,,
v6p1i11_0025,valid_iid,k,4,silicon_die_upper,233.23428682249408,233.23428682249408,233.23428682249408,560,,,,,
v6p1i11_0025,valid_iid,k,5,silicon_die_upper,36.23472551959556,36.23472551959556,36.23472551959556,504,,,,,
v6p1i11_0025,valid_iid,k,6,silicon_die_upper,95.2429687076276,95.2429687076276,95.2429687076276,480,,,,,
v6p1i11_0025,valid_iid,q,0,silicon_die_upper,,,,504,1.2504299271924348,0.20022636557587675,2.2590637207031231e-10,75.99825888938784,5535168909.7253275
v6p1i11_0025,valid_iid,q,1,silicon_die_lower,,,,512,0.7985072800492095,0.12786179144729232,2.34375e-10,52.20616188933202,3406964394.8766274
v6p1i11_0025,valid_iid,q,2,silicon_die_lower,,,,336,0.528734471668409,0.0846641457586888,1.5380859374999997e-10,51.23018225836918,3437613326.9107995
v6p1i11_0025,valid_iid,q,3,silicon_die_lower,,,,512,1.1779740310795745,0.18862429141903464,2.34375e-10,75.00624275296289,5026022532.606185
v6p1i11_0025,valid_iid,q,4,silicon_die_lower,,,,504,1.1693730409359244,0.18724704911271547,2.3071289062499973e-10,78.77382152607294,5068520609.178362
v6p1i11_0025,valid_iid,q,5,silicon_die_lower,,,,320,0.594504861735569,0.09519569645119598,1.4648437499999997e-10,58.1547198302522,4058486522.7814856
v6p1i11_0025,valid_iid,q,6,silicon_die_lower,,,,336,0.7255576662006196,0.11618066023519605,1.5380859374999997e-10,75.30337551236664,4717276509.139267
v6p1i11_0026,valid_iid,k,0,silicon_die_upper,130.73402456243298,130.73402456243298,130.73402456243298,792,,,,,
v6p1i11_0026,valid_iid,k,1,silicon_die_lower,136.01719068422176,136.01719068422176,136.01719068422176,704,,,,,
v6p1i11_0026,valid_iid,q,0,silicon_die_lower,,,,392,1.2350799383150703,0.15184416890741895,1.79443359375e-10,116.68472087064453,6882840037.195277
v6p1i11_0026,valid_iid,q,1,silicon_die_upper,,,,432,0.9751658114505469,0.11988960195454446,1.9363403320312457e-10,83.2394976277945,5036128181.18386
v6p1i11_0026,valid_iid,q,2,silicon_die_lower,,,,392,1.3503300353099645,0.16601333695217171,1.7944335937499988e-10,121.26242559240144,7525104523.305603
v6p1i11_0026,valid_iid,q,3,silicon_die_upper,,,,240,1.2550875804706938,0.15430396418112588,1.0757446289062493e-10,163.8677484022703,11667151726.76985
v6p1i11_0026,valid_iid,q,4,silicon_die_upper,,,,240,1.1942727676867704,0.14682722164976156,1.0757446289062493e-10,136.40534583297713,11101824128.102161
v6p1i11_0026,valid_iid,q,5,silicon_die_upper,,,,448,2.1239286519739,0.2611217063549775,2.008056640624998e-10,150.8113568422544,10577035572.626265
v6p1i11_0027,train,k,0,silicon_die_lower,60.49523144359322,60.49523144359322,60.49523144359322,560,,,,,
v6p1i11_0027,train,k,1,silicon_die_upper,384.04818782606816,384.04818782606816,384.04818782606816,640,,,,,
v6p1i11_0027,train,k,2,silicon_die_lower,70.32105812751725,70.32105812751725,70.32105812751725,512,,,,,
v6p1i11_0027,train,k,3,silicon_die_lower,34.84326177033745,34.84326177033745,34.84326177033745,720,,,,,
v6p1i11_0027,train,k,4,silicon_die_upper,22.740601759103438,22.740601759103438,22.740601759103438,392,,,,,
v6p1i11_0027,train,k,5,silicon_die_lower,31.763375597743963,31.763375597743963,31.763375597743963,616,,,,,
v6p1i11_0027,train,q,0,silicon_die_upper,,,,448,1.0123317422339446,0.1293393472062014,2.0080566406249978e-10,74.3459333049258,5041350536.401509
v6p1i11_0027,train,q,1,silicon_die_lower,,,,384,0.4327179435608313,0.05528568749712685,1.7578125e-10,38.79257961930925,2461684301.146063
v6p1i11_0027,train,q,2,silicon_die_lower,,,,504,1.0332292593432435,0.1320092933398499,2.3071289062500007e-10,62.80869831671581,4478420154.782989
v6p1i11_0027,train,q,3,silicon_die_upper,,,,576,1.006771973769998,0.1286290100768355,2.581787109374998e-10,57.8633352847481,3899515843.5573664
v6p1i11_0027,train,q,4,silicon_die_lower,,,,336,0.8292433408733455,0.10594727786265767,1.5380859374999982e-10,72.96898239047398,5391397974.94798
v6p1i11_0027,train,q,5,silicon_die_lower,,,,336,0.44585009697212513,0.056963501279672375,1.5380859374999995e-10,44.271776166377464,2898733328.8854365
v6p1i11_0027,train,q,6,silicon_die_upper,,,,432,0.6370510936871148,0.08139206660917568,1.9363403320312488e-10,48.55796186985675,3289974820.79423
v6p1i11_0027,train,q,7,silicon_die_lower,,,,576,1.2838596934784354,0.16403078924742495,2.636718749999999e-10,76.68836592989595,4869156763.414513
v6p1i11_0027,train,q,8,silicon_die_upper,,,,392,0.6936082215706229,0.08861802001469492,1.757049560546874e-10,65.3351123033697,3947573461.4721985
v6p1i11_0027,train,q,9,silicon_die_upper,,,,288,0.4522799746527455,0.05778500686636075,1.2908935546874995e-10,51.07892894582006,3503619434.8513403
v6p1i11_0028,train,k,0,silicon_die_lower,305.68754447921066,305.68754447921066,305.68754447921066,880,,,,,
v6p1i11_0028,train,k,1,silicon_die_lower,102.09160074331962,102.09160074331962,102.09160074331962,480,,,,,
v6p1i11_0028,train,k,2,silicon_die_lower,143.6066706120871,143.6066706120871,143.6066706120871,432,,,,,
v6p1i11_0028,train,k,3,silicon_die_upper,91.56418638376392,91.56418638376392,91.56418638376392,576,,,,,
v6p1i11_0028,train,q,0,silicon_die_upper,,,,432,1.173796153311171,0.10578994397118652,1.9363403320312493e-10,87.64395611772001,6061931024.696685
v6p1i11_0028,train,q,1,silicon_die_upper,,,,288,0.8750008241362053,0.07886061638470206,1.2908935546874988e-10,89.91772077120268,6778256975.247093
v6p1i11_0028,train,q,2,silicon_die_lower,,,,280,0.8939016230201534,0.08056407609472334,1.2817382812500007e-10,103.31717407141491,6974135329.315327
v6p1i11_0028,train,q,3,silicon_die_upper,,,,392,1.1425162627081251,0.10297080210827753,1.757049560546874e-10,89.65615262127169,6502470325.040359
v6p1i11_0028,train,q,4,silicon_die_upper,,,,512,2.322719711782207,0.2093382121563915,2.2949218749999982e-10,140.73584418897644,10121127595.170135
v6p1i11_0028,train,q,5,silicon_die_lower,,,,576,1.2344798609283256,0.11125914406242314,2.636718749999999e-10,82.03889521468076,4681879176.261503
v6p1i11_0028,train,q,6,silicon_die_upper,,,,512,2.4335001913896153,0.21932245064423234,2.2949218749999987e-10,130.4792305795695,10603847642.480713
v6p1i11_0028,train,q,7,silicon_die_upper,,,,432,1.0196215763436272,0.09189475457806362,1.9363403320312483e-10,85.22344037261959,5265714706.63956
v6p1i11_0029,train,k,0,silicon_die_lower,30.261716263807532,30.261716263807532,30.261716263807532,432,,,,,
v6p1i11_0029,train,k,1,silicon_die_lower,95.11872455095546,95.11872455095546,95.11872455095546,512,,,,,
v6p1i11_0029,train,k,2,silicon_die_upper,251.6944850256446,251.6944850256446,251.6944850256446,504,,,,,
v6p1i11_0029,train,q,0,silicon_die_lower,,,,448,1.8251882541904854,0.34263858077119075,2.05078125e-10,133.54990954649787,8899965582.338367
v6p1i11_0029,train,q,1,silicon_die_lower,,,,504,1.1506585219142238,0.21601059616495805,2.3071289062500007e-10,73.26813118961259,4987404556.360486
v6p1i11_0029,train,q,2,silicon_die_upper,,,,576,1.2409239530900904,0.23295592723411726,2.5817871093749954e-10,78.49803952955686,4806453439.108293
v6p1i11_0029,train,q,3,silicon_die_lower,,,,280,1.110090741228231,0.208394895829734,1.2817382812499996e-10,121.49735502995918,8660822240.134926
v6p1i11_0030,train,k,0,silicon_die_upper,96.40184016402378,96.40184016402378,96.40184016402378,280,,,,,
v6p1i11_0030,train,k,1,silicon_die_upper,22.147295023594854,22.147295023594854,22.147295023594854,704,,,,,
v6p1i11_0030,train,k,2,silicon_die_lower,298.4573734984856,298.4573734984856,298.4573734984856,512,,,,,
v6p1i11_0030,train,k,3,silicon_die_lower,170.07292256791922,170.07292256791922,170.07292256791922,792,,,,,
v6p1i11_0030,train,k,4,silicon_die_lower,138.20617528640693,138.20617528640693,138.20617528640693,240,,,,,
v6p1i11_0030,train,k,5,silicon_die_lower,283.86587912235336,283.86587912235336,283.86587912235336,384,,,,,
v6p1i11_0030,train,q,0,silicon_die_lower,,,,512,0.3572523298876619,0.1300641066054,2.3437499999999993e-10,24.239123818871175,1524276607.5206914
v6p1i11_0030,train,q,1,silicon_die_upper,,,,384,0.3411253972713327,0.12419280806498763,1.7211914062499988e-10,26.857954842369015,1981914364.8558576
v6p1i11_0030,train,q,2,silicon_die_lower,,,,384,0.3486836342140938,0.12694451953956717,1.7578125000000002e-10,27.831682228485057,1983622452.4179556
v6p1i11_0030,train,q,3,silicon_die_upper,,,,432,0.27975291133309893,0.10184905580389278,1.9363403320312457e-10,22.43904543979067,1444750732.6340435
v6p1i11_0030,train,q,4,silicon_die_lower,,,,448,0.2851697755982292,0.10382116221805789,2.05078125e-10,20.591519395033618,1390542143.8694606
v6p1i11_0030,train,q,5,silicon_die_lower,,,,392,0.24334976866605304,0.0885958399883176,1.79443359375e-10,19.72914457310727,1356136942.1172154
v6p1i11_0030,train,q,6,silicon_die_lower,,,,448,0.2165872033393318,0.07885244894931946,2.05078125e-10,15.99204113085265,1056120458.1879798
v6p1i11_0030,train,q,7,silicon_die_lower,,,,240,0.25196111435422336,0.09173095455553212,1.0986328124999997e-10,29.486206913464954,2293406054.210887
v6p1i11_0030,train,q,8,silicon_die_upper,,,,504,0.4228582167807105,0.15394910427492528,2.2590637207031224e-10,29.31808435309198,1871829523.467793
v6p1i11_0031,train,k,0,silicon_die_lower,200.29247861429764,200.29247861429764,200.29247861429764,384,,,,,
v6p1i11_0031,train,k,1,silicon_die_lower,21.576022168756882,21.576022168756882,21.576022168756882,648,,,,,
v6p1i11_0031,train,k,2,silicon_die_lower,138.2969465968795,138.2969465968795,138.2969465968795,360,,,,,
v6p1i11_0031,train,k,3,silicon_die_lower,25.837561932125162,25.837561932125162,25.837561932125162,288,,,,,
v6p1i11_0031,train,k,4,silicon_die_lower,265.9715011814851,265.9715011814851,265.9715011814851,392,,,,,
v6p1i11_0031,train,k,5,silicon_die_lower,356.9705110610186,356.9705110610186,356.9705110610186,616,,,,,
v6p1i11_0031,train,k,6,silicon_die_upper,56.10222622736407,56.10222622736407,56.10222622736407,1056,,,,,
v6p1i11_0031,train,k,7,silicon_die_lower,396.1495898818363,396.1495898818363,396.1495898818363,1056,,,,,
v6p1i11_0031,train,q,0,silicon_die_upper,,,,240,1.3041012113944257,0.11381468079370197,1.075744628906249e-10,160.49002187299055,12122776878.006407
v6p1i11_0031,train,q,1,silicon_die_upper,,,,336,2.8102333461927165,0.2452614938611567,1.5060424804687482e-10,275.68148479025245,18659721638.914497
v6p1i11_0031,train,q,2,silicon_die_upper,,,,392,1.8890615953177994,0.16486676079446494,1.757049560546873e-10,163.20193960866897,10751327894.98458
v6p1i11_0031,train,q,3,silicon_die_lower,,,,448,3.6094708409506384,0.31501448507797,2.0507812499999992e-10,265.99193846185744,17600467338.73074
v6p1i11_0031,train,q,4,silicon_die_upper,,,,336,1.845243702410498,0.16104257947270648,1.5060424804687495e-10,180.94800748540905,12252268620.179781
v6p1i11_0032,test_iid,k,0,silicon_die_upper,117.37246099655648,117.37246099655648,117.37246099655648,432,,,,,
v6p1i11_0032,test_iid,k,1,silicon_die_upper,343.1140725975694,343.1140725975694,343.1140725975694,448,,,,,
v6p1i11_0032,test_iid,k,2,silicon_die_lower,34.45928271443596,34.45928271443596,34.45928271443596,384,,,,,
v6p1i11_0032,test_iid,q,0,silicon_die_upper,,,,288,0.40494997521931336,0.095726956020223,1.290893554687499e-10,47.596311969652966,3136974181.557085
v6p1i11_0032,test_iid,q,1,silicon_die_lower,,,,576,0.6667942067552076,0.15762485148943647,2.6367187499999996e-10,40.8677566010396,2528878769.3234544
v6p1i11_0032,test_iid,q,2,silicon_die_upper,,,,384,0.3770710942675937,0.08913661011561357,1.7211914062499977e-10,39.101925630870994,2190756315.0639234
v6p1i11_0032,test_iid,q,3,silicon_die_lower,,,,336,0.5089396593970316,0.12030929095788062,1.5380859374999977e-10,47.132740819878215,3308915626.8099117
v6p1i11_0032,test_iid,q,4,silicon_die_upper,,,,320,0.4206324303706419,0.09943416379013906,1.4343261718750002e-10,40.16623376531317,2932613506.0394025
v6p1i11_0032,test_iid,q,5,silicon_die_upper,,,,280,0.5230530491914894,0.12364558414673349,1.2550354003906232e-10,53.99801830246449,4167635821.497082
v6p1i11_0032,test_iid,q,6,silicon_die_upper,,,,448,0.7680413563906415,0.18155887305611287,2.0080566406249989e-10,54.694509538230974,3824799265.3812394
v6p1i11_0032,test_iid,q,7,silicon_die_upper,,,,448,0.5607788786450403,0.13256367042386102,2.0080566406249978e-10,40.851915031788664,2792644725.7508664
v6p1i11_0033,train,k,0,silicon_die_upper,36.38309671807525,36.38309671807525,36.38309671807525,480,,,,,
v6p1i11_0033,train,k,1,silicon_die_upper,107.82285143262604,107.82285143262604,107.82285143262604,336,,,,,
v6p1i11_0033,train,k,2,silicon_die_upper,34.83232922277117,34.83232922277117,34.83232922277117,480,,,,,
v6p1i11_0033,train,k,3,silicon_die_upper,71.53417148408381,71.53417148408381,71.53417148408381,480,,,,,
v6p1i11_0033,train,k,4,silicon_die_upper,49.265549083333,49.265549083333,49.265549083333,392,,,,,
v6p1i11_0033,train,k,5,silicon_die_upper,165.60943621263652,165.60943621263652,165.60943621263652,648,,,,,
v6p1i11_0033,train,k,6,silicon_die_lower,21.7910935095885,21.7910935095885,21.7910935095885,704,,,,,
v6p1i11_0033,train,q,0,silicon_die_lower,,,,576,3.5143052365350558,0.3339161307070221,2.6367187499999996e-10,209.80054566659396,13328328008.192213
v6p1i11_0033,train,q,1,silicon_die_lower,,,,288,1.6257826123823347,0.1544757790682728,1.3183593749999985e-10,213.11281440671235,12331862185.774168
v6p1i11_0033,train,q,2,silicon_die_upper,,,,320,3.381477581974045,0.32129534410009886,1.4343261718749987e-10,315.6744307898199,23575373916.196938
v6p1i11_0033,train,q,3,silicon_die_upper,,,,384,2.002949300080055,0.19031274612460616,1.7211914062499975e-10,202.4188745165891,11636993380.323288
v6p1i11_0034,test_iid,k,0,silicon_die_lower,89.00690639200258,89.00690639200258,89.00690639200258,448,,,,,
v6p1i11_0034,test_iid,k,1,silicon_die_upper,57.678668487904474,57.678668487904474,57.678668487904474,336,,,,,
v6p1i11_0034,test_iid,k,2,silicon_die_lower,108.39710514196027,108.39710514196027,108.39710514196027,792,,,,,
v6p1i11_0034,test_iid,q,0,silicon_die_lower,,,,384,1.1610452838959113,0.11866044012739006,1.7578124999999997e-10,109.96284516461061,6605057615.052297
v6p1i11_0034,test_iid,q,1,silicon_die_lower,,,,384,0.9317095594545686,0.09522201065646578,1.7578124999999997e-10,71.70819943771866,5300392160.452658
v6p1i11_0034,test_iid,q,2,silicon_die_lower,,,,576,1.968553340821511,0.20118888477141092,2.6367187500000006e-10,111.924304056822,7465920818.523063
v6p1i11_0034,test_iid,q,3,silicon_die_lower,,,,360,1.0717413431343856,0.109533453382898,1.64794921875e-10,96.69412945989296,6503485246.634731
v6p1i11_0034,test_iid,q,4,silicon_die_upper,,,,336,0.7744707630589928,0.07915198733851843,1.5060424804687488e-10,79.75879536539637,5142423092.992319
v6p1i11_0034,test_iid,q,5,silicon_die_lower,,,,280,0.7945610837140976,0.0812052460049124,1.2817382812499996e-10,92.36596393808017,6199089902.653228
v6p1i11_0034,test_iid,q,6,silicon_die_upper,,,,504,1.2266741866141637,0.12536780511103152,2.259063720703122e-10,86.00597963644508,5430011448.425933
v6p1i11_0034,test_iid,q,7,silicon_die_upper,,,,320,0.8314186179142373,0.08497213717691168,1.4343261718749966e-10,81.44899718143033,5796579845.066765
v6p1i11_0034,test_iid,q,8,silicon_die_lower,,,,432,1.0244286987238709,0.10469803543046118,1.977539062499999e-10,75.818080338147,5180320925.892565
v6p1i11_0035,test_iid,k,0,silicon_die_upper,221.2329012077264,221.2329012077264,221.2329012077264,576,,,,,
v6p1i11_0035,test_iid,k,1,silicon_die_lower,214.61867198481443,214.61867198481443,214.61867198481443,384,,,,,
v6p1i11_0035,test_iid,k,2,silicon_die_lower,54.742764268259116,54.742764268259116,54.742764268259116,392,,,,,
v6p1i11_0035,test_iid,k,3,silicon_die_upper,151.4590411795776,151.4590411795776,151.4590411795776,968,,,,,
v6p1i11_0035,test_iid,k,4,silicon_die_lower,60.55781159964101,60.55781159964101,60.55781159964101,720,,,,,
v6p1i11_0035,test_iid,k,5,silicon_die_lower,35.910260695769125,35.910260695769125,35.910260695769125,528,,,,,
v6p1i11_0035,test_iid,q,0,silicon_die_upper,,,,448,0.9409566662968045,0.16637389458672053,2.008056640624996e-10,78.58724465062075,4685906997.144947
v6p1i11_0035,test_iid,q,1,silicon_die_upper,,,,392,1.3210321961726434,0.2335764007248818,1.757049560546873e-10,108.84076258779362,7518468606.892788
v6p1i11_0035,test_iid,q,2,silicon_die_upper,,,,336,1.0050922489671257,0.17771393505047994,1.5060424804687488e-10,107.13068494828194,6673731066.698034
v6p1i11_0035,test_iid,q,3,silicon_die_upper,,,,504,1.1372045389059977,0.20107317887878925,2.2590637207031231e-10,78.99133387977614,5033963975.801657
v6p1i11_0035,test_iid,q,4,silicon_die_lower,,,,504,1.2513892897324854,0.2212625907591284,2.3071289062499983e-10,94.98288730034052,5424011143.644724
v6p1i11_0036,train,k,0,silicon_die_lower,393.76294164474257,393.76294164474257,393.76294164474257,560,,,,,
v6p1i11_0036,train,k,1,silicon_die_upper,201.72224429848123,201.72224429848123,201.72224429848123,448,,,,,
v6p1i11_0036,train,k,2,silicon_die_lower,118.51166282814764,118.51166282814764,118.51166282814764,560,,,,,
v6p1i11_0036,train,k,3,silicon_die_lower,99.72634096686537,99.72634096686537,99.72634096686537,560,,,,,
v6p1i11_0036,train,q,0,silicon_die_lower,,,,392,1.8583085560761547,0.2990359064247047,1.79443359375e-10,154.24712915466466,10355961694.81351
v6p1i11_0036,train,q,1,silicon_die_upper,,,,504,2.273605767207894,0.3658648394134533,2.259063720703123e-10,143.37030338298695,10064372006.736689
v6p1i11_0036,train,q,2,silicon_die_lower,,,,576,2.08241819047401,0.33509925416184194,2.6367187500000006e-10,131.60540903354,7897763803.871799
v6p1i11_0037,valid_iid,k,0,silicon_die_upper,236.6936334651411,236.6936334651411,236.6936334651411,880,,,,,
v6p1i11_0037,valid_iid,k,1,silicon_die_lower,32.258711002420576,32.258711002420576,32.258711002420576,432,,,,,
v6p1i11_0037,valid_iid,k,2,silicon_die_upper,23.90664730962322,23.90664730962322,23.90664730962322,616,,,,,
v6p1i11_0037,valid_iid,k,3,silicon_die_upper,373.11484930223503,373.11484930223503,373.11484930223503,448,,,,,
v6p1i11_0037,valid_iid,k,4,silicon_die_upper,52.94197667177593,52.94197667177593,52.94197667177593,384,,,,,
v6p1i11_0037,valid_iid,k,5,silicon_die_lower,347.2272961012022,347.2272961012022,347.2272961012022,720,,,,,
v6p1i11_0037,valid_iid,k,6,silicon_die_lower,138.34824875081785,138.34824875081785,138.34824875081785,576,,,,,
v6p1i11_0037,valid_iid,q,0,silicon_die_upper,,,,280,0.8446933822223786,0.0940985456390445,1.2550354003906245e-10,83.84738789904681,6730434710.921073
v6p1i11_0037,valid_iid,q,1,silicon_die_lower,,,,280,0.8185776839667661,0.09118926604017309,1.281738281249998e-10,96.3088409536699,6386465130.529293
v6p1i11_0037,valid_iid,q,2,silicon_die_upper,,,,336,0.8881348141304717,0.0989379058720728,1.5060424804687477e-10,91.90453388881089,5897143179.215266
v6p1i11_0037,valid_iid,q,3,silicon_die_lower,,,,504,1.1785417385378991,0.1312891350936753,2.3071289062499994e-10,83.44116229468064,5108261334.445752
v6p1i11_0037,valid_iid,q,4,silicon_die_lower,,,,576,1.4927862543092338,0.1662958636077903,2.6367187499999985e-10,85.18799602516034,5661530090.417246
v6p1i11_0037,valid_iid,q,5,silicon_die_lower,,,,392,1.8619916332600863,0.20742521294634264,1.7944335937499994e-10,153.66463104209683,10376486707.256212
v6p1i11_0037,valid_iid,q,6,silicon_die_lower,,,,448,1.891963521930348,0.21076407080090137,2.0507812499999998e-10,142.0953908579348,9225574506.936554
v6p1i11_0038,train,k,0,silicon_die_lower,75.44062814363866,75.44062814363866,75.44062814363866,432,,,,,
v6p1i11_0038,train,k,1,silicon_die_upper,24.230615280904406,24.230615280904406,24.230615280904406,576,,,,,
v6p1i11_0038,train,q,0,silicon_die_lower,,,,648,1.3006274691372683,0.1961991846996358,2.9663085937500006e-10,70.6401631691184,4384666760.153293
v6p1i11_0038,train,q,1,silicon_die_lower,,,,432,1.073489307532687,0.16193547492995566,1.9775390625000002e-10,77.40708584456381,5428410127.96776
v6p1i11_0038,train,q,2,silicon_die_lower,,,,392,0.9622309713983973,0.1451521950450051,1.794433593749999e-10,73.26784179022808,5362310284.146717
v6p1i11_0038,train,q,3,silicon_die_lower,,,,288,1.0917641199334855,0.1646922237905297,1.3183593749999995e-10,132.69701770838998,8281233028.236219
v6p1i11_0038,train,q,4,silicon_die_upper,,,,336,0.8012583885138016,0.12086953896524258,1.5060424804687488e-10,69.37106191374924,5320290754.776144
v6p1i11_0038,train,q,5,silicon_die_upper,,,,512,1.3997473472522755,0.21115138256963112,2.2949218749999995e-10,78.9165056668464,6099324611.005661
v6p1i11_0039,train,k,0,silicon_die_lower,114.2280915746361,114.2280915746361,114.2280915746361,792,,,,,
v6p1i11_0039,train,k,1,silicon_die_lower,222.5177694023951,222.5177694023951,222.5177694023951,968,,,,,
v6p1i11_0039,train,k,2,silicon_die_lower,21.377200239691323,21.377200239691323,21.377200239691323,288,,,,,
v6p1i11_0039,train,k,3,silicon_die_lower,106.07024248936841,106.07024248936841,106.07024248936841,864,,,,,
v6p1i11_0039,train,k,4,silicon_die_lower,20.61591582864349,20.61591582864349,20.61591582864349,384,,,,,
v6p1i11_0039,train,k,5,silicon_die_lower,23.8615837117834,23.8615837117834,23.8615837117834,336,,,,,
v6p1i11_0039,train,k,6,silicon_die_upper,174.71091808088138,174.71091808088138,174.71091808088138,560,,,,,
v6p1i11_0039,train,q,0,silicon_die_upper,,,,280,0.3206935177618761,0.05699216897721427,1.255035400390624e-10,34.167207236688085,2555254757.451955
v6p1i11_0039,train,q,1,silicon_die_upper,,,,384,0.5641063970950658,0.10025038026568885,1.721191406249999e-10,48.497994774500185,3277418159.576441
v6p1i11_0039,train,q,2,silicon_die_upper,,,,432,0.4143268444474517,0.07363225080239613,1.936340332031248e-10,35.59964425842762,2139741850.0952108
v6p1i11_0039,train,q,3,silicon_die_lower,,,,384,0.6422888979036198,0.11414461276605029,1.757812499999997e-10,58.150187862711235,3653910174.740598
v6p1i11_0039,train,q,4,silicon_die_lower,,,,392,0.477501345332196,0.0848593309585593,1.79443359375e-10,50.191498647352354,2661014299.9737077
v6p1i11_0039,train,q,5,silicon_die_lower,,,,576,0.952064577794368,0.16919651408472344,2.6367187500000006e-10,51.12049496400888,3610793065.4127135
v6p1i11_0039,train,q,6,silicon_die_lower,,,,448,0.4502989791903139,0.0800250522411162,2.05078125e-10,33.841656056222405,2195743593.7661023
v6p1i11_0039,train,q,7,silicon_die_upper,,,,576,0.9750613621188154,0.17328339624965902,2.581787109374997e-10,59.380847858736,3776691573.7481537
v6p1i11_0039,train,q,8,silicon_die_upper,,,,200,0.3843316186747681,0.06830163798653054,8.964538574218738e-11,57.49750117313349,4287243738.1224914
v6p1i11_0039,train,q,9,silicon_die_lower,,,,288,0.4463015953372831,0.07931465566806203,1.3183593749999993e-10,53.87114033296353,3385280249.076875
v6p1i11_0040,train,k,0,silicon_die_lower,40.23100254670148,40.23100254670148,40.23100254670148,384,,,,,
v6p1i11_0040,train,k,1,silicon_die_upper,76.35743881803278,76.35743881803278,76.35743881803278,576,,,,,
v6p1i11_0040,train,k,2,silicon_die_lower,121.58336075982432,121.58336075982432,121.58336075982432,480,,,,,
v6p1i11_0040,train,k,3,silicon_die_lower,44.33840511329672,44.33840511329672,44.33840511329672,720,,,,,
v6p1i11_0040,train,k,4,silicon_die_upper,200.9299735840688,200.9299735840688,200.9299735840688,800,,,,,
v6p1i11_0040,train,k,5,silicon_die_upper,26.664054009984785,26.664054009984785,26.664054009984785,704,,,,,
v6p1i11_0040,train,k,6,silicon_die_lower,338.3654635727321,338.3654635727321,338.3654635727321,528,,,,,
v6p1i11_0040,train,q,0,silicon_die_lower,,,,448,0.6263298816581611,0.1850532290956956,2.0507812499999995e-10,40.832662876497444,3054103803.895034
v6p1i11_0040,train,q,1,silicon_die_lower,,,,360,0.47970302454781766,0.1417313723952176,1.6479492187499995e-10,42.886751353623765,2910909020.070906
v6p1i11_0040,train,q,2,silicon_die_lower,,,,240,0.35420536107999795,0.10465227310779125,1.0986328124999994e-10,46.631408345483806,3224055908.8526053
v6p1i11_0040,train,q,3,silicon_die_lower,,,,648,0.6291030722794624,0.185872586265772,2.966308593749998e-10,33.41572561719808,2120828135.026074
v6p1i11_0040,train,q,4,silicon_die_lower,,,,504,0.47277111347598527,0.13968329427342857,2.3071289062499988e-10,32.294972655307326,2049175111.955171
v6p1i11_0040,train,q,5,silicon_die_upper,,,,504,0.8224806433280011,0.24300724486209493,2.259063720703121e-10,55.789170353566774,3640803204.400133
v6p1i11_0041,train,k,0,silicon_die_upper,43.920056229376975,43.920056229376975,43.920056229376975,560,,,,,
v6p1i11_0041,train,k,1,silicon_die_lower,107.17088836610618,107.17088836610618,107.17088836610618,960,,,,,
v6p1i11_0041,train,q,0,silicon_die_upper,,,,288,1.0093474444342,0.0820149321288398,1.2908935546874977e-10,113.46023633951698,7818982756.316768
v6p1i11_0041,train,q,1,silicon_die_upper,,,,432,1.2380605811174128,0.10059910994142908,1.9363403320312477e-10,102.50062603648044,6393817040.51307
v6p1i11_0041,train,q,2,silicon_die_upper,,,,392,1.504559785979991,0.12225360990545905,1.7570495605468738e-10,119.67916203251897,8562990024.662159
v6p1i11_0041,train,q,3,silicon_die_upper,,,,240,1.0112071104115081,0.08216604003499468,1.0757446289062487e-10,140.91376587890448,9400066551.479244
v6p1i11_0041,train,q,4,silicon_die_upper,,,,240,0.6455168960975854,0.05245173474545229,1.0757446289062478e-10,90.30312172210705,6000651815.978929
v6p1i11_0041,train,q,5,silicon_die_upper,,,,392,1.4044217089580857,0.1141168502239919,1.7570495605468725e-10,120.89264155792,7993068269.064458
v6p1i11_0041,train,q,6,silicon_die_lower,,,,504,1.422048637651776,0.11554913339707042,2.3071289062500001e-10,104.02008922268034,6163715576.530872
v6p1i11_0041,train,q,7,silicon_die_lower,,,,392,1.2362648042295319,0.1004531933689047,1.7944335937499983e-10,105.86182009267826,6889443045.066895
v6p1i11_0041,train,q,8,silicon_die_upper,,,,448,1.6747755372213968,0.13608455916114268,2.008056640624998e-10,129.87987843070874,8340280365.299511
v6p1i11_0041,train,q,9,silicon_die_upper,,,,336,1.1606715988308278,0.09431083709271527,1.5060424804687495e-10,105.8175942201229,7706765339.511363
v6p1i11_0042,test_iid,k,0,silicon_die_upper,24.873991896748144,24.873991896748144,24.873991896748144,648,,,,,
v6p1i11_0042,test_iid,k,1,silicon_die_upper,42.393169962621826,42.393169962621826,42.393169962621826,528,,,,,
v6p1i11_0042,test_iid,k,2,silicon_die_lower,245.10099033908222,245.10099033908222,245.10099033908222,616,,,,,
v6p1i11_0042,test_iid,k,3,silicon_die_upper,58.0783383899939,58.0783383899939,58.0783383899939,864,,,,,
v6p1i11_0042,test_iid,k,4,silicon_die_upper,58.36282310370588,58.36282310370588,58.36282310370588,528,,,,,
v6p1i11_0042,test_iid,k,5,silicon_die_lower,24.509634059034447,24.509634059034447,24.509634059034447,648,,,,,
v6p1i11_0042,test_iid,k,6,silicon_die_upper,64.86122866777909,64.86122866777909,64.86122866777909,704,,,,,
v6p1i11_0042,test_iid,q,0,silicon_die_lower,,,,432,2.6494214896730135,0.32645797759468387,1.9775390624999994e-10,215.60288500507494,13397568421.852674
v6p1i11_0042,test_iid,q,1,silicon_die_lower,,,,392,2.5072472421713043,0.3089394674269482,1.7944335937499994e-10,191.06803082570696,13972360141.40635
v6p1i11_0042,test_iid,q,2,silicon_die_upper,,,,448,2.9589898567242265,0.3646025549783679,2.0080566406249989e-10,228.42867269469812,14735589608.683817
v6p1i11_0043,train,k,0,silicon_die_lower,198.24355939454986,198.24355939454986,198.24355939454986,880,,,,,
v6p1i11_0043,train,k,1,silicon_die_upper,103.55791698114268,103.55791698114268,103.55791698114268,528,,,,,
v6p1i11_0043,train,k,2,silicon_die_upper,337.167548679919,337.167548679919,337.167548679919,240,,,,,
v6p1i11_0043,train,k,3,silicon_die_lower,28.958046474685027,28.958046474685027,28.958046474685027,528,,,,,
v6p1i11_0043,train,q,0,silicon_die_upper,,,,384,0.5517151176123201,0.12164871916603441,1.7211914062499985e-10,42.94850529261402,3205425704.5958366
v6p1i11_0043,train,q,1,silicon_die_upper,,,,336,0.39970239204146374,0.08813114320643083,1.5060424804687488e-10,42.422735868658826,2653991485.798317
v6p1i11_0043,train,q,2,silicon_die_upper,,,,448,0.9805024093048783,0.2161928474016601,2.0080566406249958e-10,72.48163120415275,4882842393.32862
v6p1i11_0043,train,q,3,silicon_die_upper,,,,336,0.7895764387762366,0.1740952157999433,1.5060424804687488e-10,72.74711461568504,5242723555.38394
v6p1i11_0043,train,q,4,silicon_die_lower,,,,392,0.73564624103159,0.16220404357975923,1.79443359375e-10,61.25634588130595,4099601364.9869294
v6p1i11_0043,train,q,5,silicon_die_lower,,,,384,0.6420828828578682,0.14157408018132286,1.7578124999999995e-10,60.674534848999166,3652738178.0358734
v6p1i11_0043,train,q,6,silicon_die_lower,,,,384,0.43608834160876586,0.09615395066484908,1.7578124999999995e-10,39.56625157034568,2480858121.152091
v6p1i11_0044,train,k,0,silicon_die_upper,301.3538096394955,301.3538096394955,301.3538096394955,968,,,,,
v6p1i11_0044,train,k,1,silicon_die_lower,86.75942341309772,86.75942341309772,86.75942341309772,448,,,,,
v6p1i11_0044,train,k,2,silicon_die_upper,279.4725669695841,279.4725669695841,279.4725669695841,792,,,,,
v6p1i11_0044,train,k,3,silicon_die_lower,246.8039229559305,246.8039229559305,246.8039229559305,528,,,,,
v6p1i11_0044,train,k,4,silicon_die_upper,326.5655514907084,326.5655514907084,326.5655514907084,504,,,,,
v6p1i11_0044,train,q,0,silicon_die_upper,,,,504,0.7554190918101462,0.11410422927603789,2.2590637207031226e-10,52.48776016504688,3343947693.4055924
v6p1i11_0044,train,q,1,silicon_die_lower,,,,384,0.8949129416698349,0.13517443838188264,1.7578124999999987e-10,81.2892930450079,5091060290.388398
v6p1i11_0044,train,q,2,silicon_die_lower,,,,448,0.6818510370565654,0.10299195229230446,2.05078125e-10,51.560599500678684,3324835533.0758233
v6p1i11_0044,train,q,3,silicon_die_lower,,,,384,0.7778817195713859,0.11749715494603795,1.7578125e-10,62.021008564186246,4425282671.339439
v6p1i11_0044,train,q,4,silicon_die_upper,,,,280,0.4556507246215525,0.06882494143406837,1.2550354003906235e-10,56.19880008249966,3630580655.1730213
v6p1i11_0044,train,q,5,silicon_die_lower,,,,448,0.6770506459599693,0.1022668648114094,2.0507812499999995e-10,56.001324967392904,3301427911.7286134
v6p1i11_0044,train,q,6,silicon_die_upper,,,,576,0.9163794561161391,0.1384169035415454,2.581787109374997e-10,52.034488642428514,3549399765.7226577
v6p1i11_0044,train,q,7,silicon_die_lower,,,,384,0.7149452424687591,0.10799075208833912,1.7578125000000013e-10,71.07364616638891,4067244046.044493
v6p1i11_0044,train,q,8,silicon_die_upper,,,,648,0.7463393964934385,0.11273276322837468,2.9045104980468724e-10,43.622242828153205,2569587532.8917274
v6p1i11_0045,valid_iid,k,0,silicon_die_upper,25.653888582423416,25.653888582423416,25.653888582423416,480,,,,,
v6p1i11_0045,valid_iid,k,1,silicon_die_upper,396.9864606570808,396.9864606570808,396.9864606570808,288,,,,,
v6p1i11_0045,valid_iid,k,2,silicon_die_upper,345.27840211749134,345.27840211749134,345.27840211749134,880,,,,,
v6p1i11_0045,valid_iid,k,3,silicon_die_lower,53.684870995970336,53.684870995970336,53.684870995970336,616,,,,,
v6p1i11_0045,valid_iid,q,0,silicon_die_lower,,,,360,0.891682470385275,0.1789808329280681,1.6479492187499995e-10,82.49607388670249,5410861331.404574
v6p1i11_0045,valid_iid,q,1,silicon_die_upper,,,,504,0.9567094743896872,0.19203322290552022,2.2590637207031234e-10,68.46027704292811,4234982243.40443
v6p1i11_0045,valid_iid,q,2,silicon_die_upper,,,,432,0.7570661340412305,0.15196029052111495,1.9363403320312477e-10,66.39843941334509,3909778263.2408304
v6p1i11_0045,valid_iid,q,3,silicon_die_upper,,,,512,1.5092688950020814,0.3029443921031447,2.294921874999998e-10,100.75901534388908,6576558929.711204
v6p1i11_0045,valid_iid,q,4,silicon_die_upper,,,,432,0.867272806815442,0.17408126154215206,1.9363403320312488e-10,66.15108472127825,4478927554.567127
v6p1i11_0046,train,k,0,silicon_die_upper,61.46448988266218,61.46448988266218,61.46448988266218,576,,,,,
v6p1i11_0046,train,k,1,silicon_die_upper,159.48442087716603,159.48442087716603,159.48442087716603,576,,,,,
v6p1i11_0046,train,k,2,silicon_die_upper,20.475261593783802,20.475261593783802,20.475261593783802,336,,,,,
v6p1i11_0046,train,k,3,silicon_die_upper,22.137040496244964,22.137040496244964,22.137040496244964,480,,,,,
v6p1i11_0046,train,k,4,silicon_die_lower,49.00003739749417,49.00003739749417,49.00003739749417,880,,,,,
v6p1i11_0046,train,k,5,silicon_die_upper,44.45315741848793,44.45315741848793,44.45315741848793,640,,,,,
v6p1i11_0046,train,k,6,silicon_die_upper,48.28581690708679,48.28581690708679,48.28581690708679,576,,,,,
v6p1i11_0046,train,k,7,silicon_die_upper,327.4184206066524,327.4184206066524,327.4184206066524,504,,,,,
v6p1i11_0046,train,q,0,silicon_die_upper,,,,280,0.9619978513229568,0.0882253400289993,1.2550354003906245e-10,108.01375494888084,7665105311.161255
v6p1i11_0046,train,q,1,silicon_die_lower,,,,512,1.359951162945786,0.1247218521421055,2.3437500000000013e-10,92.33094222084468,5802458295.235351
v6p1i11_0046,train,q,2,silicon_die_lower,,,,384,0.83323550889291,0.07641647639359855,1.7578125000000002e-10,76.33123271030857,4740184228.368554
v6p1i11_0046,train,q,3,silicon_die_lower,,,,288,1.2990610810788537,0.11913759000501654,1.3183593750000003e-10,144.8995324891876,9853618866.84997
v6p1i11_0046,train,q,4,silicon_die_lower,,,,504,1.773980439562623,0.1626926996458159,2.3071289062499996e-10,121.57974654157188,7689125799.416408
v6p1i11_0046,train,q,5,silicon_die_upper,,,,512,1.7437116311775647,0.1599167309590128,2.2949218749999982e-10,135.03862442831974,7598130682.237564
v6p1i11_0046,train,q,6,silicon_die_lower,,,,240,0.8849237285506251,0.08115683080138048,1.098632812499999e-10,96.88075849840538,8054772426.985252
v6p1i11_0046,train,q,7,silicon_die_upper,,,,384,2.0470110100717585,0.187732480024071,1.721191406249998e-10,155.91825354388425,11892988790.43111
v6p1i11_0047,test_iid,k,0,silicon_die_upper,29.995292886110917,29.995292886110917,29.995292886110917,240,,,,,
v6p1i11_0047,test_iid,k,1,silicon_die_upper,51.972136771796556,51.972136771796556,51.972136771796556,720,,,,,
v6p1i11_0047,test_iid,k,2,silicon_die_lower,286.4324233849498,286.4324233849498,286.4324233849498,432,,,,,
v6p1i11_0047,test_iid,k,3,silicon_die_upper,205.81805128552574,205.81805128552574,205.81805128552574,720,,,,,
v6p1i11_0047,test_iid,k,4,silicon_die_upper,234.1130098051512,234.1130098051512,234.1130098051512,704,,,,,
v6p1i11_0047,test_iid,k,5,silicon_die_upper,82.66623306029727,82.66623306029727,82.66623306029727,336,,,,,
v6p1i11_0047,test_iid,k,6,silicon_die_upper,20.854604718938756,20.854604718938756,20.854604718938756,528,,,,,
v6p1i11_0047,test_iid,q,0,silicon_die_lower,,,,392,0.715098506467768,0.22630433839054226,1.7944335937499986e-10,57.764306932743594,3985093173.458476
v6p1i11_0047,test_iid,q,1,silicon_die_upper,,,,280,0.43309477690271436,0.13705975618868949,1.2550354003906235e-10,50.21157230817246,3450857057.6408906
v6p1i11_0047,test_iid,q,2,silicon_die_lower,,,,576,0.8041457634430758,0.25448476443398266,2.6367187500000006e-10,49.16690296533413,3049797265.7989235
v6p1i11_0047,test_iid,q,3,silicon_die_lower,,,,448,1.2075584237938966,0.3821511409867856,2.05078125e-10,80.31298247757432,5888284885.547381
v6p1i11_0048,train,k,0,silicon_die_upper,198.8448525233621,198.8448525233621,198.8448525233621,576,,,,,
v6p1i11_0048,train,k,1,silicon_die_lower,22.6661712127676,22.6661712127676,22.6661712127676,800,,,,,
v6p1i11_0048,train,k,2,silicon_die_upper,106.81288880294143,106.81288880294143,106.81288880294143,576,,,,,
v6p1i11_0048,train,q,0,silicon_die_upper,,,,512,2.1522222223163348,0.39600299648438664,2.2949218749999977e-10,138.33734345855294,9378193853.837996
v6p1i11_0048,train,q,1,silicon_die_upper,,,,336,0.8277319802756375,0.15230041818001902,1.5060424804687488e-10,98.35440443197903,5496073258.292222
v6p1i11_0048,train,q,2,silicon_die_lower,,,,576,2.454909274258489,0.4516965853355942,2.6367187500000016e-10,143.36612919632313,9310470729.039597
v6p1i11_0049,test_iid,k,0,silicon_die_lower,296.64606375617973,296.64606375617973,296.64606375617973,648,,,,,
v6p1i11_0049,test_iid,k,1,silicon_die_lower,26.034896804302036,26.034896804302036,26.034896804302036,432,,,,,
v6p1i11_0049,test_iid,k,2,silicon_die_lower,46.64068186612599,46.64068186612599,46.64068186612599,384,,,,,
v6p1i11_0049,test_iid,k,3,silicon_die_lower,242.64866019161053,242.64866019161053,242.64866019161053,288,,,,,
v6p1i11_0049,test_iid,k,4,silicon_die_lower,127.73103608589149,127.73103608589149,127.73103608589149,720,,,,,
v6p1i11_0049,test_iid,k,5,silicon_die_lower,42.95470760941226,42.95470760941226,42.95470760941226,640,,,,,
v6p1i11_0049,test_iid,k,6,silicon_die_lower,361.912039135764,361.912039135764,361.912039135764,648,,,,,
v6p1i11_0049,test_iid,k,7,silicon_die_upper,59.6462575205066,59.6462575205066,59.6462575205066,448,,,,,
v6p1i11_0049,test_iid,q,0,silicon_die_lower,,,,336,1.0185150626361898,0.13190420027956473,1.5380859374999997e-10,102.5181510173211,6621964597.710848
v6p1i11_0049,test_iid,q,1,silicon_die_lower,,,,448,1.4237415477607824,0.18438361606170608,2.050781249999999e-10,91.32772184689985,6942434975.747819
v6p1i11_0049,test_iid,q,2,silicon_die_lower,,,,336,0.9009698270269695,0.11668134215159864,1.5380859374999997e-10,99.08516890543554,5857733986.511853
v6p1i11_0049,test_iid,q,3,silicon_die_lower,,,,360,0.6258795221156795,0.08105539217294191,1.6479492187500002e-10,57.800697767747636,3797929663.0901084
v6p1i11_0049,test_iid,q,4,silicon_die_upper,,,,240,0.934528863522007,0.12102745153516876,1.0757446289062506e-10,114.96257347241891,8687274269.472088
v6p1i11_0049,test_iid,q,5,silicon_die_lower,,,,512,1.7186614653187688,0.22257762742106163,2.3437499999999993e-10,101.6286403437451,7332955585.360083
v6p1i11_0049,test_iid,q,6,silicon_die_upper,,,,504,1.0993309265035496,0.14237037037795824,2.2590637207031224e-10,83.38175227830786,4866312164.764384
v6p1i11_0050,train,k,0,silicon_die_lower,310.80034870932417,310.80034870932417,310.80034870932417,360,,,,,
v6p1i11_0050,train,k,1,silicon_die_lower,137.71497757834194,137.71497757834194,137.71497757834194,504,,,,,
v6p1i11_0050,train,k,2,silicon_die_lower,186.30370489389279,186.30370489389279,186.30370489389279,672,,,,,
v6p1i11_0050,train,k,3,silicon_die_lower,135.8605774437892,135.8605774437892,135.8605774437892,616,,,,,
v6p1i11_0050,train,k,4,silicon_die_upper,161.7933948890544,161.7933948890544,161.7933948890544,528,,,,,
v6p1i11_0050,train,q,0,silicon_die_lower,,,,384,2.5673244441473657,0.15781095856745112,1.7578124999999995e-10,229.9464208307054,14605223504.482796
v6p1i11_0050,train,q,1,silicon_die_upper,,,,504,2.236549699927308,0.13747855392172395,2.2590637207031231e-10,156.0159000573652,9900339151.262152
v6p1i11_0050,train,q,2,silicon_die_lower,,,,384,2.135614923126643,0.1312741904973751,1.7578124999999992e-10,178.8553755472705,12149276007.120464
v6p1i11_0050,train,q,3,silicon_die_lower,,,,432,3.384396196582661,0.20803557149634966,1.9775390624999997e-10,252.28603725762184,17114181260.743929
v6p1i11_0050,train,q,4,silicon_die_lower,,,,432,2.6730928520533723,0.1643124406360112,1.9775390625000012e-10,242.87647683003155,13517269533.346428
v6p1i11_0050,train,q,5,silicon_die_lower,,,,432,3.2713752827642257,0.20108828488108899,1.9775390624999994e-10,236.84697321735635,16542658220.002806
v6p1i11_0051,train,k,0,silicon_die_lower,29.50639875467325,29.50639875467325,29.50639875467325,432,,,,,
v6p1i11_0051,train,k,1,silicon_die_upper,80.35915827780182,80.35915827780182,80.35915827780182,640,,,,,
v6p1i11_0051,train,k,2,silicon_die_upper,35.95670443526226,35.95670443526226,35.95670443526226,448,,,,,
v6p1i11_0051,train,k,3,silicon_die_upper,61.7322926628828,61.7322926628828,61.7322926628828,792,,,,,
v6p1i11_0051,train,k,4,silicon_die_upper,118.64121451188912,118.64121451188912,118.64121451188912,720,,,,,
v6p1i11_0051,train,k,5,silicon_die_upper,125.2583293489704,125.2583293489704,125.2583293489704,648,,,,,
v6p1i11_0051,train,k,6,silicon_die_upper,168.6851565436634,168.6851565436634,168.6851565436634,392,,,,,
v6p1i11_0051,train,q,0,silicon_die_lower,,,,432,0.27050402352737823,0.09235754510858019,1.9775390625000007e-10,22.42989084771974,1367882074.528569
v6p1i11_0051,train,q,1,silicon_die_lower,,,,336,0.22308216986247262,0.0761664144485746,1.538085937500001e-10,22.023113060430138,1450388202.7883923
v6p1i11_0051,train,q,2,silicon_die_upper,,,,448,0.27055401698170156,0.09237461425473407,2.0080566406249986e-10,20.88190747180171,1347342557.5161707
v6p1i11_0051,train,q,3,silicon_die_upper,,,,448,0.47430766346471126,0.16194173695665443,2.0080566406249989e-10,36.33590305226546,2362023330.7616515
v6p1i11_0051,train,q,4,silicon_die_upper,,,,432,0.3002940461953799,0.10252868166495428,1.9363403320312465e-10,25.715096064141797,1550832987.506734
v6p1i11_0051,train,q,5,silicon_die_upper,,,,432,0.3160721041614949,0.10791574645359972,1.9363403320312483e-10,26.327203013983002,1632316896.6373324
v6p1i11_0051,train,q,6,silicon_die_upper,,,,512,0.2926790160541098,0.09992870004322298,2.2949218749999987e-10,18.236301885819277,1275333244.4230154
v6p1i11_0051,train,q,7,silicon_die_upper,,,,384,0.30177571272505715,0.10303456354266574,1.7211914062499975e-10,26.832607104193315,1753295488.3997672
v6p1i11_0051,train,q,8,silicon_die_lower,,,,288,0.20421572916230238,0.06972489049161959,1.3183593749999982e-10,26.171660342466275,1549014123.4236882
v6p1i11_0051,train,q,9,silicon_die_upper,,,,384,0.2753939674751133,0.09402710703539441,1.721191406249998e-10,25.159988490122718,1600019419.5433552
v6p1i11_0052,train,k,0,silicon_die_upper,249.07286786109233,249.07286786109233,249.07286786109233,360,,,,,
v6p1i11_0052,train,k,1,silicon_die_lower,349.64538077315325,349.64538077315325,349.64538077315325,432,,,,,
v6p1i11_0052,train,k,2,silicon_die_upper,87.97233122335437,87.97233122335437,87.97233122335437,800,,,,,
v6p1i11_0052,train,k,3,silicon_die_upper,49.55997700503865,49.55997700503865,49.55997700503865,504,,,,,
v6p1i11_0052,train,k,4,silicon_die_upper,70.24347629796185,70.24347629796185,70.24347629796185,648,,,,,
v6p1i11_0052,train,q,0,silicon_die_lower,,,,360,0.49268826763574136,0.07923734663179406,1.6479492187499995e-10,44.2240418944228,2989705398.868144
v6p1i11_0052,train,q,1,silicon_die_upper,,,,336,0.5244637377072878,0.08434768536287343,1.5060424804687477e-10,51.42688135701102,3482396708.650949
v6p1i11_0052,train,q,2,silicon_die_lower,,,,504,0.9266728172188854,0.14903357773179354,2.3071289062499988e-10,69.38613898548033,4016562814.1042924
v6p1i11_0052,train,q,3,silicon_die_lower,,,,448,0.86352351863681,0.13887749488997111,2.0507812499999998e-10,65.56433394479501,4210705157.5433025
v6p1i11_0052,train,q,4,silicon_die_upper,,,,280,0.8457527797568899,0.1360194885418833,1.255035400390624e-10,85.77808781182057,6738875887.434357
v6p1i11_0052,train,q,5,silicon_die_lower,,,,432,0.9142746583306863,0.1470396248046526,1.9775390624999997e-10,71.5639450967455,4623295062.373446
v6p1i11_0052,train,q,6,silicon_die_lower,,,,448,1.0481323638630304,0.16856749569043686,2.050781249999999e-10,78.8975109770533,5110893050.455922
v6p1i11_0052,train,q,7,silicon_die_upper,,,,432,0.6023712859183973,0.09687728634659505,1.9363403320312475e-10,50.54232119846977,3110875066.5049753
v6p1i11_0053,test_iid,k,0,silicon_die_lower,56.38321042926669,56.38321042926669,56.38321042926669,432,,,,,
v6p1i11_0053,test_iid,k,1,silicon_die_upper,106.42896843332291,106.42896843332291,106.42896843332291,880,,,,,
v6p1i11_0053,test_iid,k,2,silicon_die_upper,202.57530491297717,202.57530491297717,202.57530491297717,640,,,,,
v6p1i11_0053,test_iid,k,3,silicon_die_upper,33.245219478328686,33.245219478328686,33.245219478328686,720,,,,,
v6p1i11_0053,test_iid,k,4,silicon_die_lower,203.8830226191331,203.8830226191331,203.8830226191331,288,,,,,
v6p1i11_0053,test_iid,k,5,silicon_die_lower,41.70140491648792,41.70140491648792,41.70140491648792,400,,,,,
v6p1i11_0053,test_iid,k,6,silicon_die_lower,42.07644276811895,42.07644276811895,42.07644276811895,392,,,,,
v6p1i11_0053,test_iid,k,7,silicon_die_upper,129.07449858307874,129.07449858307874,129.07449858307874,448,,,,,
v6p1i11_0053,test_iid,q,0,silicon_die_upper,,,,320,1.176926996417079,0.13714968833854316,1.4343261718749987e-10,125.26302255906582,8205434855.020187
v6p1i11_0053,test_iid,q,1,silicon_die_lower,,,,448,2.297592564841505,0.26774311844002974,2.0507812499999998e-10,182.10924103656203,11203498982.846197
v6p1i11_0053,test_iid,q,2,silicon_die_upper,,,,384,1.5508850406721129,0.18072777718976832,1.7211914062499975e-10,127.85013418775985,9010532094.458132
v6p1i11_0053,test_iid,q,3,silicon_die_upper,,,,648,3.555927303920432,0.41437941603165873,2.9045104980468734e-10,205.59219694888856,12242776558.430761
v6p1i11_0054,train,k,0,silicon_die_lower,20.48569765847379,20.48569765847379,20.48569765847379,576,,,,,
v6p1i11_0054,train,k,1,silicon_die_lower,42.255777489597506,42.255777489597506,42.255777489597506,880,,,,,
v6p1i11_0054,train,k,2,silicon_die_upper,39.75457809162309,39.75457809162309,39.75457809162309,880,,,,,
v6p1i11_0054,train,q,0,silicon_die_lower,,,,392,0.5758065499172166,0.10415972947717385,1.7944335937499996e-10,52.25447937239508,3208848474.0964894
v6p1i11_0054,train,q,1,silicon_die_upper,,,,360,0.695883548333436,0.12588089203300548,1.6136169433593729e-10,61.42832436374955,4312569666.532399
v6p1i11_0054,train,q,2,silicon_die_upper,,,,448,0.6798456429159975,0.12297973731376677,2.0080566406249973e-10,52.8114708281024,3385589973.7190633
v6p1i11_0054,train,q,3,silicon_die_lower,,,,280,0.46619165933756274,0.084331095448804,1.2817382812499996e-10,49.04505132605079,3637182926.9460144
v6p1i11_0054,train,q,4,silicon_die_upper,,,,384,0.5313611939639369,0.09611984828222064,1.7211914062499985e-10,45.956174845762135,3087170851.7394147
v6p1i11_0054,train,q,5,silicon_die_upper,,,,576,0.8055624844082169,0.1457211114826381,2.581787109374997e-10,44.46204076924239,3120173934.880435
v6p1i11_0054,train,q,6,silicon_die_lower,,,,320,0.4846933854903972,0.08767793961238125,1.464843749999999e-10,52.256997021583764,3308840178.281114
v6p1i11_0054,train,q,7,silicon_die_lower,,,,432,0.688871431899932,0.12461244492888479,1.9775390624999994e-10,55.192933729825555,3483478253.163114
v6p1i11_0054,train,q,8,silicon_die_lower,,,,576,0.5998951386549342,0.10851720142112495,2.636718749999998e-10,39.41231879535928,2275157859.195011
v6p1i11_0055,valid_iid,k,0,silicon_die_lower,46.075338525232645,46.075338525232645,46.075338525232645,288,,,,,
v6p1i11_0055,valid_iid,k,1,silicon_die_upper,31.258907106370597,31.258907106370597,31.258907106370597,480,,,,,
v6p1i11_0055,valid_iid,q,0,silicon_die_upper,,,,576,2.382754870171047,0.2915201728719088,2.581787109375e-10,152.4889413278998,9229091203.99112
v6p1i11_0055,valid_iid,q,1,silicon_die_lower,,,,384,1.1912742415332136,0.14574746113295522,1.7578125000000002e-10,101.76105001988594,6777026796.277837
v6p1i11_0055,valid_iid,q,2,silicon_die_upper,,,,200,0.6413259688351997,0.0784635715753089,8.96453857421874e-11,87.22739730954588,7154032118.056798
v6p1i11_0055,valid_iid,q,3,silicon_die_upper,,,,392,1.6436226656768496,0.20109041413895287,1.757049560546873e-10,119.18067733340214,9354446810.056286
v6p1i11_0055,valid_iid,q,4,silicon_die_lower,,,,432,2.3145728067260665,0.28317838028087433,1.9775390624999986e-10,172.2293482433739,11704308909.074043
v6p1i11_0056,train,k,0,silicon_die_upper,121.7392350241907,121.7392350241907,121.7392350241907,648,,,,,
v6p1i11_0056,train,k,1,silicon_die_upper,65.51241248691231,65.51241248691231,65.51241248691231,392,,,,,
v6p1i11_0056,train,k,2,silicon_die_upper,211.12093542776782,211.12093542776782,211.12093542776782,616,,,,,
v6p1i11_0056,train,k,3,silicon_die_lower,82.53728243047483,82.53728243047483,82.53728243047483,504,,,,,
v6p1i11_0056,train,q,0,silicon_die_lower,,,,288,0.34648786655367647,0.10116894424875479,1.3183593749999995e-10,41.59273382883239,2628174632.229369
v6p1i11_0056,train,q,1,silicon_die_lower,,,,336,0.32873867330430984,0.09598646221795222,1.5380859375000008e-10,31.16704398470852,2137323183.8959563
v6p1i11_0056,train,q,2,silicon_die_lower,,,,432,0.29085636343339427,0.0849254304610119,1.9775390624999986e-10,23.856751630784157,1470799585.954548
v6p1i11_0056,train,q,3,silicon_die_lower,,,,448,0.3260820777493795,0.09521077858359729,2.0507812499999982e-10,23.851590461032067,1590038321.977928
v6p1i11_0056,train,q,4,silicon_die_upper,,,,576,0.5133362046617244,0.14988600434077254,2.5817871093749975e-10,30.382621581557295,1988297961.5077305
v6p1i11_0056,train,q,5,silicon_die_upper,,,,336,0.271406080391908,0.07924625727604906,1.5060424804687488e-10,24.129015329961295,1802114375.335775
v6p1i11_0056,train,q,6,silicon_die_lower,,,,288,0.3139275047469068,0.09166183665184834,1.3183593749999998e-10,40.894079584282444,2381198258.2283897
v6p1i11_0056,train,q,7,silicon_die_upper,,,,384,0.5616989271287393,0.16400714982748024,1.7211914062499988e-10,46.202841147985644,3263430929.814635
v6p1i11_0056,train,q,8,silicon_die_upper,,,,432,0.4723104488832695,0.1379071363925336,1.9363403320312493e-10,36.43846177843277,2439191298.503858
v6p1i11_0057,valid_iid,k,0,silicon_die_upper,166.1011177854561,166.1011177854561,166.1011177854561,792,,,,,
v6p1i11_0057,valid_iid,k,1,silicon_die_upper,97.86423450688905,97.86423450688905,97.86423450688905,432,,,,,
v6p1i11_0057,valid_iid,k,2,silicon_die_lower,103.32088748333629,103.32088748333629,103.32088748333629,432,,,,,
v6p1i11_0057,valid_iid,q,0,silicon_die_upper,,,,512,3.864482333817854,0.29994903114347393,2.294921874999997e-10,251.04704594516215,16839276212.040375
v6p1i11_0057,valid_iid,q,1,silicon_die_lower,,,,432,1.9411082158581447,0.15066274817617795,1.9775390624999997e-10,129.96480078925177,9815776854.512299
v6p1i11_0057,valid_iid,q,2,silicon_die_lower,,,,448,2.8970206721498335,0.22485768306139065,2.0507812499999987e-10,221.6601976878719,14126424610.863958
v6p1i11_0057,valid_iid,q,3,silicon_die_upper,,,,280,2.0613469320952365,0.15999530123914418,1.2550354003906237e-10,245.50817230195491,16424611859.184628
v6p1i11_0057,valid_iid,q,4,silicon_die_lower,,,,280,2.119838533421338,0.16453523637981327,1.2817382812499996e-10,242.47022624287177,16538778348.369148
v6p1i11_0058,train,k,0,silicon_die_upper,70.02336160421862,70.02336160421862,70.02336160421862,448,,,,,
v6p1i11_0058,train,k,1,silicon_die_lower,120.36543794929842,120.36543794929842,120.36543794929842,560,,,,,
v6p1i11_0058,train,k,2,silicon_die_upper,62.326667902918814,62.326667902918814,62.326667902918814,336,,,,,
v6p1i11_0058,train,k,3,silicon_die_upper,67.3466174545678,67.3466174545678,67.3466174545678,528,,,,,
v6p1i11_0058,train,k,4,silicon_die_upper,155.3943714639755,155.3943714639755,155.3943714639755,880,,,,,
v6p1i11_0058,train,k,5,silicon_die_upper,233.8337879386969,233.8337879386969,233.8337879386969,288,,,,,
v6p1i11_0058,train,k,6,silicon_die_upper,47.72147386886083,47.72147386886083,47.72147386886083,384,,,,,
v6p1i11_0058,train,q,0,silicon_die_lower,,,,384,1.4757215851479077,0.15392645060224389,1.7578124999999995e-10,124.90393147025902,8395216128.841434
v6p1i11_0058,train,q,1,silicon_die_upper,,,,336,0.6178228198178555,0.06444255794096866,1.5060424804687488e-10,63.754210070442014,4102293446.7662625
v6p1i11_0058,train,q,2,silicon_die_lower,,,,336,0.6781727001969915,0.07073740581371245,1.5380859374999997e-10,66.94791213231582,4409199015.883933
v6p1i11_0058,train,q,3,silicon_die_upper,,,,576,1.5109472733288412,0.1576006972936813,2.581787109374996e-10,78.61613046373998,5852330999.106329
v6p1i11_0058,train,q,4,silicon_die_upper,,,,504,1.8457740732611083,0.19252510403732592,2.2590637207031237e-10,122.43745651670677,8170526826.426212
v6p1i11_0058,train,q,5,silicon_die_upper,,,,392,1.090965216100567,0.11379409580706187,1.7570495605468736e-10,106.12267586522472,6209074806.979315
v6p1i11_0058,train,q,6,silicon_die_lower,,,,336,1.40556254691869,0.14660844980793536,1.5380859374999997e-10,125.69668166524039,9138387606.633263
v6p1i11_0058,train,q,7,silicon_die_upper,,,,288,0.9622202588593296,0.10036523869707044,1.2908935546875e-10,117.57079398561277,7453908615.201539
v6p1i11_0059,train,k,0,silicon_die_lower,326.83591664419885,326.83591664419885,326.83591664419885,576,,,,,
v6p1i11_0059,train,k,1,silicon_die_lower,116.55265245065924,116.55265245065924,116.55265245065924,768,,,,,
v6p1i11_0059,train,k,2,silicon_die_upper,88.35823322373157,88.35823322373157,88.35823322373157,576,,,,,
v6p1i11_0059,train,k,3,silicon_die_upper,28.231868616754895,28.231868616754895,28.231868616754895,448,,,,,
v6p1i11_0059,train,k,4,silicon_die_lower,280.8362087454963,280.8362087454963,280.8362087454963,720,,,,,
v6p1i11_0059,train,k,5,silicon_die_upper,59.14277632677156,59.14277632677156,59.14277632677156,640,,,,,
v6p1i11_0059,train,k,6,silicon_die_upper,299.2425441126847,299.2425441126847,299.2425441126847,504,,,,,
v6p1i11_0059,train,q,0,silicon_die_upper,,,,384,0.6249858851208323,0.22009703581549514,1.7211914062499988e-10,50.35805947905244,3631123667.311959
v6p1i11_0059,train,q,1,silicon_die_lower,,,,512,0.7192727505649055,0.2533014010573802,2.34375e-10,48.1629276753415,3068897069.0769305
v6p1i11_0059,train,q,2,silicon_die_upper,,,,504,0.9324582697178568,0.3283774979124003,2.259063720703122e-10,59.374402149176994,4127631554.490344
v6p1i11_0059,train,q,3,silicon_die_lower,,,,336,0.5628755625510893,0.19822406521472433,1.5380859374999992e-10,63.876839823571885,3659584609.855973
v6p1i11_0060,train,k,0,silicon_die_upper,55.041186340356106,55.041186340356106,55.041186340356106,576,,,,,
v6p1i11_0060,train,k,1,silicon_die_lower,58.94618710419127,58.94618710419127,58.94618710419127,448,,,,,
v6p1i11_0060,train,k,2,silicon_die_upper,129.85126633885935,129.85126633885935,129.85126633885935,336,,,,,
v6p1i11_0060,train,q,0,silicon_die_upper,,,,504,0.8308571474380464,0.16338073159347333,2.2590637207031231e-10,56.26539280915657,3677882743.2961736
v6p1i11_0060,train,q,1,silicon_die_upper,,,,448,0.9933776642789879,0.1953389581337371,2.0080566406249984e-10,76.5332549437582,4946960380.409408
v6p1i11_0060,train,q,2,silicon_die_lower,,,,288,0.6623595408610272,0.1302471630622411,1.3183593750000003e-10,67.84268457123592,5024119776.6051235
v6p1i11_0060,train,q,3,silicon_die_lower,,,,288,0.4586483525144249,0.09018915418734547,1.3183593749999995e-10,61.37482216305318,3478932688.702009
v6p1i11_0060,train,q,4,silicon_die_lower,,,,384,0.808508856361403,0.15898613721918814,1.7578124999999995e-10,81.30817004796147,4599517049.52265
v6p1i11_0060,train,q,5,silicon_die_upper,,,,576,1.33165318202222,0.26185785580401477,2.581787109374997e-10,88.26658362335411,5157873696.04068
v6p1i11_0061,train,k,0,silicon_die_upper,73.21776019349852,73.21776019349852,73.21776019349852,240,,,,,
v6p1i11_0061,train,k,1,silicon_die_lower,102.28165461107186,102.28165461107186,102.28165461107186,280,,,,,
v6p1i11_0061,train,q,0,silicon_die_lower,,,,448,0.6842957944195861,0.09856934724118231,2.0507812500000005e-10,55.7482875518563,3336756635.645981
v6p1i11_0061,train,q,1,silicon_die_upper,,,,384,0.7829231256988908,0.11277611534296016,1.7211914062499975e-10,67.15655332206966,4548727833.847747
v6p1i11_0061,train,q,2,silicon_die_upper,,,,576,1.0402062038958675,0.14983644112735048,2.581787109374998e-10,61.10672337588136,4029016180.7635713
v6p1i11_0061,train,q,3,silicon_die_upper,,,,504,0.8177982196100868,0.11779969618305179,2.2590637207031226e-10,58.82023267069941,3620075928.4273357
v6p1i11_0061,train,q,4,silicon_die_upper,,,,504,0.8369250196492156,0.12055481496362044,2.2590637207031226e-10,51.16644560891815,3704742863.068629
v6p1i11_0061,train,q,5,silicon_die_upper,,,,336,0.6613584307617826,0.0952653360495002,1.5060424804687488e-10,63.30939555080406,4391366374.711674
v6p1i11_0061,train,q,6,silicon_die_lower,,,,336,0.32583763456609655,0.04693526280259097,1.5380859374999985e-10,39.104772451986726,2118461827.274179
v6p1i11_0061,train,q,7,silicon_die_lower,,,,288,0.28995727037724445,0.041766877864801245,1.318359375e-10,34.08203183803325,2199379591.6022096
v6p1i11_0061,train,q,8,silicon_die_upper,,,,384,0.6778571276967582,0.09764188987384459,1.7211914062499964e-10,52.05916650901344,3938301836.9445777
v6p1i11_0061,train,q,9,silicon_die_upper,,,,448,0.8251190068707518,0.11885421855109787,2.0080566406249986e-10,59.834775965879814,4109042495.0062027
v6p1i11_0062,train,k,0,silicon_die_upper,50.91621951522262,50.91621951522262,50.91621951522262,288,,,,,
v6p1i11_0062,train,k,1,silicon_die_lower,130.11389847214974,130.11389847214974,130.11389847214974,704,,,,,
v6p1i11_0062,train,k,2,silicon_die_lower,285.28480997955495,285.28480997955495,285.28480997955495,704,,,,,
v6p1i11_0062,train,k,3,silicon_die_upper,300.73711420165296,300.73711420165296,300.73711420165296,432,,,,,
v6p1i11_0062,train,k,4,silicon_die_lower,55.65800649590534,55.65800649590534,55.65800649590534,560,,,,,
v6p1i11_0062,train,k,5,silicon_die_lower,180.0830355103597,180.0830355103597,180.0830355103597,880,,,,,
v6p1i11_0062,train,k,6,silicon_die_upper,26.82108864539752,26.82108864539752,26.82108864539752,640,,,,,
v6p1i11_0062,train,k,7,silicon_die_lower,108.3557824154262,108.3557824154262,108.3557824154262,864,,,,,
v6p1i11_0062,train,q,0,silicon_die_upper,,,,576,3.3992943851523374,0.5389812425034318,2.581787109374997e-10,215.13116665844782,13166439528.684624
v6p1i11_0062,train,q,1,silicon_die_upper,,,,200,1.5377177805029816,0.24381561172671845,8.964538574218744e-11,217.15374035886438,17153339993.709526
v6p1i11_0062,train,q,2,silicon_die_lower,,,,384,1.3698759356141674,0.2172031457698498,1.7578124999999995e-10,136.39419426352708,7793071989.27171
v6p1i11_0063,train,k,0,silicon_die_lower,286.6741282626153,286.6741282626153,286.6741282626153,448,,,,,
v6p1i11_0063,train,k,1,silicon_die_upper,88.2642055295894,88.2642055295894,88.2642055295894,480,,,,,
v6p1i11_0063,train,q,0,silicon_die_lower,,,,240,0.7147924451511268,0.10095707500842428,1.0986328125000001e-10,102.7428729909425,6506199678.531145
v6p1i11_0063,train,q,1,silicon_die_lower,,,,576,1.3347416339635179,0.18851851634838063,2.6367187500000006e-10,75.33825698195035,5062131233.99497
v6p1i11_0063,train,q,2,silicon_die_lower,,,,280,0.7943854703312688,0.11219877050726251,1.2817382812499996e-10,88.48300650967136,6197719783.765482
v6p1i11_0063,train,q,3,silicon_die_upper,,,,336,0.816714189383003,0.11535247222786667,1.5060424804687482e-10,70.97813856051052,5422916019.797827
v6p1i11_0063,train,q,4,silicon_die_lower,,,,576,1.0404666846819062,0.1469552089445893,2.6367187499999996e-10,63.59183098787206,3946066241.163971
v6p1i11_0063,train,q,5,silicon_die_upper,,,,448,1.6477322899878197,0.23272522467543988,2.0080566406249984e-10,129.8754388232059,8205606638.042693
v6p1i11_0063,train,q,6,silicon_die_lower,,,,336,0.7313292770451765,0.10329273228803681,1.5380859374999997e-10,68.35263609636247,4754801140.915942
v6p1i11_0064,train,k,0,silicon_die_upper,48.225335317828645,48.225335317828645,48.225335317828645,504,,,,,
v6p1i11_0064,train,k,1,silicon_die_lower,21.66572696086048,21.66572696086048,21.66572696086048,288,,,,,
v6p1i11_0064,train,k,2,silicon_die_upper,46.941328302451986,46.941328302451986,46.941328302451986,432,,,,,
v6p1i11_0064,train,k,3,silicon_die_upper,59.983565101256076,59.983565101256076,59.983565101256076,792,,,,,
v6p1i11_0064,train,k,4,silicon_die_lower,42.44681750217195,42.44681750217195,42.44681750217195,528,,,,,
v6p1i11_0064,train,k,5,silicon_die_lower,302.7918950037128,302.7918950037128,302.7918950037128,704,,,,,
v6p1i11_0064,train,k,6,silicon_die_upper,298.17739163660315,298.17739163660315,298.17739163660315,384,,,,,
v6p1i11_0064,train,q,0,silicon_die_lower,,,,384,0.6645397808362257,0.11319842773876311,1.7578125e-10,59.6323074074465,3780492975.4238615
v6p1i11_0064,train,q,1,silicon_die_upper,,,,392,0.7150907687028811,0.12180933789367668,1.7570495605468738e-10,56.32860757283856,4069838351.516461
v6p1i11_0064,train,q,2,silicon_die_lower,,,,200,0.3653958213792063,0.06224192091313448,9.155273437499994e-11,52.293706053522264,3991096758.3179464
v6p1i11_0064,train,q,3,silicon_die_upper,,,,240,0.2686485612473795,0.04576188758664967,1.0757446289062493e-10,35.938578837939346,2497326540.4125214
v6p1i11_0064,train,q,4,silicon_die_lower,,,,392,0.44416510614578286,0.07565956639774819,1.7944335937499994e-10,33.3753519651538,2475238469.079085
v6p1i11_0064,train,q,5,silicon_die_lower,,,,448,0.47316916343581833,0.08060014900537717,2.050781249999998e-10,35.02841793272538,2307262968.3727546
v6p1i11_0064,train,q,6,silicon_die_lower,,,,432,0.7026394964119443,0.11968837465366165,1.9775390624999997e-10,57.76641901396556,3553100465.8065734
v6p1i11_0064,train,q,7,silicon_die_lower,,,,576,0.7651259400024945,0.13033238329455354,2.636718749999999e-10,44.44645342409586,2901810972.453906
v6p1i11_0064,train,q,8,silicon_die_upper,,,,392,0.7473474374143598,0.127303973862098,1.7570495605468738e-10,62.509764386836764,4253422636.4209743
v6p1i11_0064,train,q,9,silicon_die_lower,,,,512,0.7244522257722991,0.12340397865433747,2.34375e-10,44.41949457273649,3090996163.295143
v6p1i11_0065,train,k,0,silicon_die_lower,112.45849965898337,112.45849965898337,112.45849965898337,880,,,,,
v6p1i11_0065,train,k,1,silicon_die_lower,118.02073997107429,118.02073997107429,118.02073997107429,392,,,,,
v6p1i11_0065,train,k,2,silicon_die_upper,202.6685347601973,202.6685347601973,202.6685347601973,288,,,,,
v6p1i11_0065,train,q,0,silicon_die_upper,,,,448,1.1499036737774588,0.15763084542872527,2.0080566406249989e-10,94.90192843428495,5726450392.452856
v6p1i11_0065,train,q,1,silicon_die_lower,,,,336,0.9482688926928493,0.12999039020190417,1.5380859374999992e-10,90.17336492623326,6165252991.222084
v6p1i11_0065,train,q,2,silicon_die_upper,,,,448,1.6618365386709641,0.22780751512386865,2.0080566406249986e-10,124.2502053601525,8275844939.083615
v6p1i11_0065,train,q,3,silicon_die_lower,,,,576,1.2753383315995752,0.1748256519237862,2.636718749999998e-10,75.02021081807719,4836838709.4739485
v6p1i11_0065,train,q,4,silicon_die_upper,,,,392,1.2687625246727472,0.17392422858817158,1.7570495605468736e-10,116.97982751984263,7220983136.513524
v6p1i11_0065,train,q,5,silicon_die_upper,,,,336,0.9908053874823924,0.1358213687335441,1.5060424804687485e-10,84.08483450833322,6578867464.442365
v6p1i11_0066,train,k,0,silicon_die_upper,90.71887457943815,90.71887457943815,90.71887457943815,448,,,,,
v6p1i11_0066,train,k,1,silicon_die_lower,44.4663494522095,44.4663494522095,44.4663494522095,448,,,,,
v6p1i11_0066,train,q,0,silicon_die_lower,,,,336,0.9050686986792263,0.15942295738060494,1.5380859374999992e-10,101.9571401671066,5884383158.397005
v6p1i11_0066,train,q,1,silicon_die_lower,,,,432,0.7136927839166916,0.12571312480393432,1.9775390625e-10,57.04436037200985,3608994620.892307
v6p1i11_0066,train,q,2,silicon_die_lower,,,,448,1.0067767219801078,0.17733827572895142,2.0507812499999998e-10,73.22663131923345,4909235063.369669
v6p1i11_0066,train,q,3,silicon_die_upper,,,,336,0.6046409654479029,0.10650423664616492,1.5060424804687488e-10,62.05173624001321,4014767002.1878214
v6p1i11_0066,train,q,4,silicon_die_upper,,,,576,1.072664787639328,0.18894410222456332,2.5817871093749954e-10,61.783856075879,4154737560.445102
v6p1i11_0066,train,q,5,silicon_die_lower,,,,200,0.6506305066640319,0.11460504565652162,9.155273437499995e-11,98.7007747073087,7106620147.455669
v6p1i11_0066,train,q,6,silicon_die_lower,,,,384,0.7236796516791879,0.12747225755925953,1.7578124999999997e-10,69.14755068796816,4116933129.552714
v6p1i11_0067,train,k,0,silicon_die_lower,63.02000655577204,63.02000655577204,63.02000655577204,288,,,,,
v6p1i11_0067,train,k,1,silicon_die_lower,119.79743762526792,119.79743762526792,119.79743762526792,864,,,,,
v6p1i11_0067,train,k,2,silicon_die_upper,212.51938945795828,212.51938945795828,212.51938945795828,528,,,,,
v6p1i11_0067,train,k,3,silicon_die_upper,349.91645466135304,349.91645466135304,349.91645466135304,616,,,,,
v6p1i11_0067,train,q,0,silicon_die_upper,,,,576,3.911821502818754,0.45068366087359735,2.581787109374999e-10,232.8923775914677,15151603664.818556
v6p1i11_0067,train,q,1,silicon_die_upper,,,,384,2.2746122651305862,0.26205965225620764,1.7211914062499998e-10,191.7208036731211,13215335940.389904
v6p1i11_0067,train,q,2,silicon_die_lower,,,,384,2.4933162261732504,0.28725668687019507,1.7578124999999997e-10,199.34799147028897,14184198975.563383
v6p1i11_0068,train,k,0,silicon_die_lower,137.44595395362043,137.44595395362043,137.44595395362043,560,,,,,
v6p1i11_0068,train,k,1,silicon_die_lower,20.484064177833606,20.484064177833606,20.484064177833606,288,,,,,
v6p1i11_0068,train,k,2,silicon_die_upper,246.78294415436173,246.78294415436173,246.78294415436173,432,,,,,
v6p1i11_0068,train,k,3,silicon_die_upper,71.04159240612016,71.04159240612016,71.04159240612016,448,,,,,
v6p1i11_0068,train,k,4,silicon_die_lower,83.68095977314533,83.68095977314533,83.68095977314533,336,,,,,
v6p1i11_0068,train,k,5,silicon_die_lower,139.51849978083342,139.51849978083342,139.51849978083342,504,,,,,
v6p1i11_0068,train,k,6,silicon_die_upper,84.52740141462466,84.52740141462466,84.52740141462466,528,,,,,
v6p1i11_0068,train,q,0,silicon_die_upper,,,,512,4.208268157604834,0.3543532370231619,2.2949218749999977e-10,228.36097420125967,18337304652.712147
v6p1i11_0068,train,q,1,silicon_die_upper,,,,512,2.5673686391427464,0.21618284620668657,2.2949218749999966e-10,158.8556573170261,11187172282.902878
v6p1i11_0068,train,q,2,silicon_die_upper,,,,392,1.577504460799209,0.1328322699903308,1.7570495605468754e-10,127.37738321656691,8978144363.25983
v6p1i11_0068,train,q,3,silicon_die_upper,,,,432,2.276461487990446,0.19168728489182144,1.9363403320312493e-10,175.41699471118315,11756515372.493454
v6p1i11_0068,train,q,4,silicon_die_lower,,,,336,1.2463100948745074,0.10494436188799927,1.5380859374999997e-10,123.72247605755608,8102993886.676164
v6p1i11_0069,train,k,0,silicon_die_lower,43.56441170138369,43.56441170138369,43.56441170138369,792,,,,,
v6p1i11_0069,train,k,1,silicon_die_upper,161.75454553913877,161.75454553913877,161.75454553913877,792,,,,,
v6p1i11_0069,train,k,2,silicon_die_upper,20.3233190286875,20.3233190286875,20.3233190286875,504,,,,,
v6p1i11_0069,train,k,3,silicon_die_lower,95.04288461524372,95.04288461524372,95.04288461524372,432,,,,,
v6p1i11_0069,train,k,4,silicon_die_lower,175.60647173788155,175.60647173788155,175.60647173788155,432,,,,,
v6p1i11_0069,train,k,5,silicon_die_lower,99.60839844047555,99.60839844047555,99.60839844047555,616,,,,,
v6p1i11_0069,train,q,0,silicon_die_lower,,,,336,0.3938579333017187,0.10808500153109055,1.5380859374999972e-10,43.74221911830864,2560701737.7838774
v6p1i11_0069,train,q,1,silicon_die_lower,,,,288,0.2760585018014694,0.07575773157532124,1.3183593749999982e-10,32.865687502477364,2093954858.1089263
v6p1i11_0069,train,q,2,silicon_die_lower,,,,432,0.43665451609060046,0.11982951224205848,1.9775390624999992e-10,35.04361579681564,2208070244.3297534
v6p1i11_0069,train,q,3,silicon_die_lower,,,,448,0.5145441116605725,0.14120447093811,2.05078125e-10,39.185993956892865,2509015096.8591723
v6p1i11_0069,train,q,4,silicon_die_lower,,,,576,0.6134286714448962,0.16834100137712554,2.6367187500000006e-10,38.0930365887535,2326485035.405828
v6p1i11_0069,train,q,5,silicon_die_upper,,,,448,0.32614221863238174,0.0895020240032332,2.0080566406249984e-10,22.782383925512313,1624168422.5145736
v6p1i11_0069,train,q,6,silicon_die_upper,,,,448,0.37976288695093513,0.1042169491761868,2.0080566406249989e-10,31.806142075092858,1891196091.1258738
v6p1i11_0069,train,q,7,silicon_die_lower,,,,336,0.2262819323027203,0.06209772847373778,1.538085937500001e-10,25.756396770450475,1471191737.6380029
v6p1i11_0069,train,q,8,silicon_die_lower,,,,448,0.477233956708435,0.1309655806831364,2.0507812499999992e-10,38.95718763626309,2327083674.6163697
v6p1i11_0070,valid_iid,k,0,silicon_die_lower,291.6428017757454,291.6428017757454,291.6428017757454,616,,,,,
v6p1i11_0070,valid_iid,k,1,silicon_die_upper,31.69032825879943,31.69032825879943,31.69032825879943,512,,,,,
v6p1i11_0070,valid_iid,k,2,silicon_die_lower,105.65674742983404,105.65674742983404,105.65674742983404,240,,,,,
v6p1i11_0070,valid_iid,q,0,silicon_die_upper,,,,392,1.0860456495429573,0.312020001369094,1.7570495605468725e-10,91.05842973756126,6181075787.099206
v6p1i11_0070,valid_iid,q,1,silicon_die_upper,,,,320,0.6196989937110305,0.17803899950937913,1.4343261718749992e-10,59.39253285059268,4320488643.813417
v6p1i11_0070,valid_iid,q,2,silicon_die_lower,,,,280,0.6642960910744317,0.1908517080601127,1.2817382812499994e-10,67.18248655563872,5182774836.268331
v6p1i11_0070,valid_iid,q,3,silicon_die_upper,,,,392,1.110651672496663,0.3190892910614142,1.7570495605468738e-10,89.26004323903119,6321117499.673588
v6p1i11_0071,train,k,0,silicon_die_lower,146.7937119715673,146.7937119715673,146.7937119715673,432,,,,,
v6p1i11_0071,train,k,1,silicon_die_lower,23.745833813955805,23.745833813955805,23.745833813955805,880,,,,,
v6p1i11_0071,train,k,2,silicon_die_upper,54.726047714462304,54.726047714462304,54.726047714462304,512,,,,,
v6p1i11_0071,train,q,0,silicon_die_lower,,,,280,0.9998787043003574,0.08846681601675223,1.2817382812499996e-10,105.19310851939207,7800958424.408124
v6p1i11_0071,train,q,1,silicon_die_lower,,,,504,1.4417513588512747,0.12756262500324625,2.3071289062499988e-10,94.19909492640923,6249114884.50246
v6p1i11_0071,train,q,2,silicon_die_upper,,,,512,1.3984552968801038,0.12373189560359009,2.2949218749999982e-10,90.07870184152122,6093694570.23501
v6p1i11_0071,train,q,3,silicon_die_upper,,,,336,1.2295676095315928,0.10878912714587993,1.5060424804687477e-10,126.49085085051733,8164229266.288003
v6p1i11_0071,train,q,4,silicon_die_lower,,,,384,1.3008790625480402,0.1150985896504421,1.7578124999999997e-10,112.9117847928622,7400556444.717741
v6p1i11_0071,train,q,5,silicon_die_upper,,,,512,1.4627472458304567,0.12942028960046909,2.2949218749999984e-10,97.92435173103127,6373843318.001654
v6p1i11_0071,train,q,6,silicon_die_upper,,,,392,1.4294506036099606,0.1264742843414038,1.7570495605468736e-10,123.72305811064274,8135516696.3250065
v6p1i11_0071,train,q,7,silicon_die_upper,,,,504,2.0395724880849677,0.18045637263821654,2.2590637207031213e-10,150.83106299271236,9028397337.327703
v6p1i11_0072,train,k,0,silicon_die_lower,142.34807642198595,142.34807642198595,142.34807642198595,704,,,,,
v6p1i11_0072,train,k,1,silicon_die_upper,90.52186506243179,90.52186506243179,90.52186506243179,792,,,,,
v6p1i11_0072,train,q,0,silicon_die_upper,,,,384,1.5530098432277044,0.2671656392176845,1.7211914062499985e-10,132.35100722549421,9022877046.610897
v6p1i11_0072,train,q,1,silicon_die_upper,,,,448,1.559153173185168,0.26822248163382767,2.0080566406249976e-10,132.97815503485248,7764488021.114232
v6p1i11_0072,train,q,2,silicon_die_lower,,,,336,0.9053585210527259,0.15574961681859997,1.5380859374999997e-10,86.46592456479189,5886267463.860263
v6p1i11_0072,train,q,3,silicon_die_upper,,,,384,1.7953885649533885,0.3088622623298879,1.7211914062499967e-10,159.00735068619494,10431080229.85687
v6p1i11_0073,train,k,0,silicon_die_lower,31.327514978603045,31.327514978603045,31.327514978603045,648,,,,,
v6p1i11_0073,train,k,1,silicon_die_upper,235.63955553144518,235.63955553144518,235.63955553144518,616,,,,,
v6p1i11_0073,train,q,0,silicon_die_lower,,,,448,1.110138467399024,0.13602170911022246,2.050781249999998e-10,88.26974746888662,5413246621.983818
v6p1i11_0073,train,q,1,silicon_die_lower,,,,384,1.4179839239417749,0.17374102644805756,1.7578124999999992e-10,113.20878885284827,8066752989.535434
v6p1i11_0073,train,q,2,silicon_die_upper,,,,280,0.8769699104061907,0.1074523129814334,1.2550354003906237e-10,93.42463777757038,6987610948.131328
v6p1i11_0073,train,q,3,silicon_die_lower,,,,384,0.9014781573301804,0.11045522994341109,1.7578124999999992e-10,75.46882320963687,5128409072.811695
v6p1i11_0073,train,q,4,silicon_die_upper,,,,504,1.1646531554623736,0.1427012191531099,2.2590637207031231e-10,82.13086786819086,5155468368.549961
v6p1i11_0073,train,q,5,silicon_die_lower,,,,336,1.0971979371790914,0.1344361474086883,1.5380859374999987e-10,121.46123411449823,7133528175.691369
v6p1i11_0073,train,q,6,silicon_die_upper,,,,432,0.9994432046948978,0.12245857328024108,1.9363403320312483e-10,80.95517243451964,5161505899.360511
v6p1i11_0073,train,q,7,silicon_die_lower,,,,288,0.5936153092386757,0.07273378167483621,1.3183593750000008e-10,73.6620930459979,4502682049.336322
v6p1i11_0074,test_iid,k,0,silicon_die_upper,27.872413782178747,27.872413782178747,27.872413782178747,616,,,,,
v6p1i11_0074,test_iid,k,1,silicon_die_upper,223.58369604242327,223.58369604242327,223.58369604242327,880,,,,,
v6p1i11_0074,test_iid,k,2,silicon_die_upper,227.5893921739441,227.5893921739441,227.5893921739441,384,,,,,
v6p1i11_0074,test_iid,k,3,silicon_die_upper,24.7961690918525,24.7961690918525,24.7961690918525,576,,,,,
v6p1i11_0074,test_iid,k,4,silicon_die_upper,317.59354793979423,317.59354793979423,317.59354793979423,640,,,,,
v6p1i11_0074,test_iid,k,5,silicon_die_upper,344.32340523283284,344.32340523283284,344.32340523283284,528,,,,,
v6p1i11_0074,test_iid,k,6,silicon_die_upper,163.79261383891685,163.79261383891685,163.79261383891685,320,,,,,
v6p1i11_0074,test_iid,k,7,silicon_die_lower,123.56895465882769,123.56895465882769,123.56895465882769,792,,,,,
v6p1i11_0074,test_iid,q,0,silicon_die_upper,,,,448,1.0668969865006044,0.20664866369977702,2.0080566406249984e-10,71.68099348440576,5313082135.813349
v6p1i11_0074,test_iid,q,1,silicon_die_upper,,,,576,0.9636233944554062,0.18664546745717142,2.581787109374999e-10,57.33873834272364,3732389053.134133
v6p1i11_0074,test_iid,q,2,silicon_die_upper,,,,512,1.3006393154320828,0.2519225191281205,2.2949218749999966e-10,78.74833932154438,5667466634.052999
v6p1i11_0074,test_iid,q,3,silicon_die_upper,,,,432,0.7590132799852254,0.14701426850383428,1.9363403320312483e-10,58.40946964316691,3919834067.5422993
v6p1i11_0074,test_iid,q,4,silicon_die_lower,,,,504,1.0726815391081455,0.20776908121109663,2.3071289062499996e-10,74.00861050017039,4649421782.208428
v6p1i11_0075,train,k,0,silicon_die_upper,172.33594571043923,172.33594571043923,172.33594571043923,720,,,,,
v6p1i11_0075,train,k,1,silicon_die_upper,229.36510395960127,229.36510395960127,229.36510395960127,576,,,,,
v6p1i11_0075,train,k,2,silicon_die_upper,199.5145340858804,199.5145340858804,199.5145340858804,528,,,,,
v6p1i11_0075,train,k,3,silicon_die_upper,124.5108838302461,124.5108838302461,124.5108838302461,448,,,,,
v6p1i11_0075,train,k,4,silicon_die_upper,210.74602442420377,210.74602442420377,210.74602442420377,504,,,,,
v6p1i11_0075,train,k,5,silicon_die_upper,21.091731515213155,21.091731515213155,21.091731515213155,392,,,,,
v6p1i11_0075,train,k,6,silicon_die_upper,50.48516544258612,50.48516544258612,50.48516544258612,616,,,,,
v6p1i11_0075,train,k,7,silicon_die_lower,204.23784659994865,204.23784659994865,204.23784659994865,336,,,,,
v6p1i11_0075,train,q,0,silicon_die_lower,,,,288,0.6927809717909716,0.09848893190358526,1.3183593749999995e-10,78.32695484121861,5254871963.8070755
v6p1i11_0075,train,q,1,silicon_die_lower,,,,240,0.48929527855004906,0.06956046908344024,1.0986328124999998e-10,72.99184635082268,4453674357.646669
v6p1i11_0075,train,q,2,silicon_die_lower,,,,288,0.8876818365293538,0.12619693598681544,1.3183593749999998e-10,87.4798419673989,6733231115.600433
v6p1i11_0075,train,q,3,silicon_die_lower,,,,320,0.8813088012292786,0.12529091595271202,1.4648437500000007e-10,80.17264301850807,6016401416.391872
v6p1i11_0075,train,q,4,silicon_die_lower,,,,384,0.6401363405204721,0.09100472879262858,1.7578124999999995e-10,58.91221670356362,3641664514.960909
v6p1i11_0075,train,q,5,silicon_die_lower,,,,448,1.0174629671694089,0.1446472189166926,2.0507812499999995e-10,75.60888363748938,4961343230.387976
v6p1i11_0075,train,q,6,silicon_die_lower,,,,392,0.5825806062621247,0.08282234067452425,1.7944335937499994e-10,48.52693426651343,3246598861.5641685
v6p1i11_0075,train,q,7,silicon_die_lower,,,,432,0.9636240742870819,0.1369932340776693,1.9775390624999992e-10,86.28695805869081,4872844701.58011
v6p1i11_0075,train,q,8,silicon_die_upper,,,,504,0.8792288788414903,0.12499522461193219,2.2590637207031226e-10,58.82289305353696,3892005660.5036116
v6p1i11_0076,valid_iid,k,0,silicon_die_upper,131.74298253492015,131.74298253492015,131.74298253492015,640,,,,,
v6p1i11_0076,valid_iid,k,1,silicon_die_upper,116.15388955220189,116.15388955220189,116.15388955220189,648,,,,,
v6p1i11_0076,valid_iid,k,2,silicon_die_upper,93.58672215414477,93.58672215414477,93.58672215414477,528,,,,,
v6p1i11_0076,valid_iid,k,3,silicon_die_upper,24.341847576421344,24.341847576421344,24.341847576421344,1056,,,,,
v6p1i11_0076,valid_iid,k,4,silicon_die_lower,28.766340227774705,28.766340227774705,28.766340227774705,720,,,,,
v6p1i11_0076,valid_iid,q,0,silicon_die_lower,,,,240,1.1486800179007655,0.08450137679980946,1.0986328125000001e-10,127.55401185631597,10455540785.158966
v6p1i11_0076,valid_iid,q,1,silicon_die_upper,,,,384,3.0282447732470805,0.22276948204762062,1.721191406249998e-10,208.6928845475869,17593887363.432705
v6p1i11_0076,valid_iid,q,2,silicon_die_upper,,,,576,2.516680657440449,0.18513683289086302,2.581787109374998e-10,148.69726445743095,9747824087.826088
v6p1i11_0076,valid_iid,q,3,silicon_die_lower,,,,512,1.8402927271975005,0.13537910187299804,2.343749999999999e-10,118.998772991415,7851915636.042673
v6p1i11_0076,valid_iid,q,4,silicon_die_upper,,,,384,1.8441570731459418,0.1356633782145251,1.721191406249999e-10,157.6454363214765,10714421803.696144
v6p1i11_0076,valid_iid,q,5,silicon_die_lower,,,,336,1.2998287285337584,0.09562046475377724,1.5380859374999982e-10,157.63394931203982,8450949955.673461
v6p1i11_0076,valid_iid,q,6,silicon_die_upper,,,,336,1.915740900648389,0.14092936342040635,1.5060424804687472e-10,179.2703905731966,12720364302.420774
v6p1i11_0077,train,k,0,silicon_die_upper,44.57618751715315,44.57618751715315,44.57618751715315,504,,,,,
v6p1i11_0077,train,k,1,silicon_die_upper,94.49584518846379,94.49584518846379,94.49584518846379,880,,,,,
v6p1i11_0077,train,k,2,silicon_die_lower,151.77988738272302,151.77988738272302,151.77988738272302,640,,,,,
v6p1i11_0077,train,k,3,silicon_die_upper,195.06410830405903,195.06410830405903,195.06410830405903,616,,,,,
v6p1i11_0077,train,k,4,silicon_die_upper,240.01297759023376,240.01297759023376,240.01297759023376,560,,,,,
v6p1i11_0077,train,k,5,silicon_die_upper,29.07310299685531,29.07310299685531,29.07310299685531,480,,,,,
v6p1i11_0077,train,k,6,silicon_die_lower,32.696362925078375,32.696362925078375,32.696362925078375,384,,,,,
v6p1i11_0077,train,q,0,silicon_die_upper,,,,392,0.9659907396388318,0.4576068077149111,1.7570495605468736e-10,75.26813104632183,5497800183.497224
v6p1i11_0077,train,q,1,silicon_die_lower,,,,384,0.6059263855108945,0.2870379886742434,1.7578125e-10,57.809381284771895,3447047882.0175333
v6p1i11_0077,train,q,2,silicon_die_lower,,,,336,0.5390452192755425,0.2553552036108456,1.5380859374999985e-10,60.81814246281935,3504649552.6232133
v6p1i11_0078,valid_iid,k,0,silicon_die_lower,55.04055058687448,55.04055058687448,55.04055058687448,792,,,,,
v6p1i11_0078,valid_iid,k,1,silicon_die_upper,40.803405067566224,40.803405067566224,40.803405067566224,448,,,,,
v6p1i11_0078,valid_iid,k,2,silicon_die_lower,77.72218703813874,77.72218703813874,77.72218703813874,504,,,,,
v6p1i11_0078,valid_iid,k,3,silicon_die_lower,119.49534005455854,119.49534005455854,119.49534005455854,616,,,,,
v6p1i11_0078,valid_iid,k,4,silicon_die_upper,198.1513439869401,198.1513439869401,198.1513439869401,704,,,,,
v6p1i11_0078,valid_iid,k,5,silicon_die_lower,286.031547224779,286.031547224779,286.031547224779,384,,,,,
v6p1i11_0078,valid_iid,q,0,silicon_die_upper,,,,504,0.834407794439634,0.15081370371985398,2.259063720703123e-10,56.86334571467055,3693600082.161155
v6p1i11_0078,valid_iid,q,1,silicon_die_upper,,,,448,0.5538217911243367,0.10009963482701766,2.0080566406249984e-10,38.20521300997674,2757998852.8210154
v6p1i11_0078,valid_iid,q,2,silicon_die_lower,,,,384,0.636113256309136,0.11497327422942481,1.757812500000001e-10,51.88675139534403,3618777635.8919716
v6p1i11_0078,valid_iid,q,3,silicon_die_upper,,,,576,0.6199992524199113,0.11206077434089946,2.581787109374997e-10,40.73358787219294,2401434456.654335
v6p1i11_0078,valid_iid,q,4,silicon_die_lower,,,,320,0.3715951606326341,0.06716337363197535,1.4648437499999984e-10,33.88136778621786,2536756296.5854516
v6p1i11_0078,valid_iid,q,5,silicon_die_lower,,,,448,0.7320591966595272,0.13231486993065425,2.0507812499999998e-10,52.25317509609467,3569660082.758838
v6p1i11_0078,valid_iid,q,6,silicon_die_lower,,,,280,0.33270833679998996,0.06013483678562302,1.2817382812499996e-10,37.47953138545439,2595758757.205256
v6p1i11_0078,valid_iid,q,7,silicon_die_upper,,,,288,0.37084208443974487,0.06702726007863882,1.2908935546874988e-10,42.14432610436368,2872754946.3171563
v6p1i11_0078,valid_iid,q,8,silicon_die_lower,,,,392,0.6566432776480631,0.11868394013667531,1.7944335937499983e-10,51.23882073652082,3659334510.5394135
v6p1i11_0078,valid_iid,q,9,silicon_die_upper,,,,280,0.4245152593059608,0.07672833231923738,1.255035400390624e-10,42.68296030070264,3382496295.911911
v6p1i11_0079,test_iid,k,0,silicon_die_upper,160.3854334920519,160.3854334920519,160.3854334920519,792,,,,,
v6p1i11_0079,test_iid,k,1,silicon_die_upper,38.37419141177562,38.37419141177562,38.37419141177562,528,,,,,
v6p1i11_0079,test_iid,k,2,silicon_die_upper,174.7338035311769,174.7338035311769,174.7338035311769,336,,,,,
v6p1i11_0079,test_iid,k,3,silicon_die_upper,141.90834490444053,141.90834490444053,141.90834490444053,320,,,,,
v6p1i11_0079,test_iid,k,4,silicon_die_lower,60.1355833925222,60.1355833925222,60.1355833925222,576,,,,,
v6p1i11_0079,test_iid,q,0,silicon_die_lower,,,,360,1.3931983476802947,0.1612038270564071,1.6479492187500008e-10,122.26575594427453,8454133973.479237
v6p1i11_0079,test_iid,q,1,silicon_die_lower,,,,288,1.6013006339647404,0.1852828715256293,1.3183593749999995e-10,179.86103143850625,12146161845.776999
v6p1i11_0079,test_iid,q,2,silicon_die_upper,,,,432,1.8022597664089033,0.20853539783379887,1.936340332031248e-10,147.41870431063322,9307556820.439243
v6p1i11_0079,test_iid,q,3,silicon_die_lower,,,,288,1.165868480982615,0.13490000278263736,1.318359375e-10,160.85628449550305,8843328329.823687
v6p1i11_0079,test_iid,q,4,silicon_die_lower,,,,432,1.3758498861738189,0.15919647584683874,1.9775390624999992e-10,115.6924240507139,6957384115.762919
v6p1i11_0079,test_iid,q,5,silicon_die_upper,,,,240,1.3039873542764353,0.15088142495468845,1.0757446289062495e-10,156.0668770338966,12121718475.157518
v6p1i11_0080,train,k,0,silicon_die_lower,164.4745067481023,164.4745067481023,164.4745067481023,880,,,,,
v6p1i11_0080,train,k,1,silicon_die_lower,262.17120708388325,262.17120708388325,262.17120708388325,432,,,,,
v6p1i11_0080,train,k,2,silicon_die_lower,27.81097413177772,27.81097413177772,27.81097413177772,560,,,,,
v6p1i11_0080,train,k,3,silicon_die_upper,66.18998684432903,66.18998684432903,66.18998684432903,392,,,,,
v6p1i11_0080,train,q,0,silicon_die_lower,,,,336,1.374619290149818,0.1407750741871024,1.5380859374999997e-10,132.4097068034747,8937207321.35501
v6p1i11_0080,train,q,1,silicon_die_lower,,,,288,1.3047299142450677,0.1336176873030516,1.3183593750000003e-10,151.60883800750935,9896618016.199623
v6p1i11_0080,train,q,2,silicon_die_lower,,,,432,2.6694127030405417,0.2733751621262126,1.9775390624999994e-10,205.81088708048532,13498659792.165508
v6p1i11_0080,train,q,3,silicon_die_upper,,,,288,1.8155461410031994,0.18593049328005365,1.2908935546874988e-10,191.6372688157157,14064259089.454586
v6p1i11_0080,train,q,4,silicon_die_lower,,,,576,2.600341681547157,0.26630158310357976,2.6367187499999996e-10,162.6142165850832,9862036599.645515
v6p1i11_0081,train,k,0,silicon_die_lower,118.88357499974906,118.88357499974906,118.88357499974906,528,,,,,
v6p1i11_0081,train,k,1,silicon_die_lower,109.11689491223011,109.11689491223011,109.11689491223011,560,,,,,
v6p1i11_0081,train,k,2,silicon_die_upper,64.51557202510512,64.51557202510512,64.51557202510512,968,,,,,
v6p1i11_0081,train,k,3,silicon_die_lower,157.63748121344773,157.63748121344773,157.63748121344773,432,,,,,
v6p1i11_0081,train,k,4,silicon_die_upper,98.1676434366015,98.1676434366015,98.1676434366015,560,,,,,
v6p1i11_0081,train,k,5,silicon_die_lower,223.69744627456913,223.69744627456913,223.69744627456913,480,,,,,
v6p1i11_0081,train,q,0,silicon_die_upper,,,,320,0.4095985000743312,0.11904832085827557,1.4343261718750002e-10,35.576972696664384,2855685883.0714216
v6p1i11_0081,train,q,1,silicon_die_upper,,,,504,0.5080152789198045,0.1476528012548289,2.2590637207031234e-10,33.167409630100025,2248786850.3403125
v6p1i11_0081,train,q,2,silicon_die_upper,,,,384,0.2829011791698357,0.08222420331833072,1.7211914062499985e-10,23.328672713142655,1643635787.0633307
v6p1i11_0081,train,q,3,silicon_die_lower,,,,448,0.577829301563327,0.1679439941341112,2.0507812499999992e-10,40.763167013184116,2817605737.1468906
v6p1i11_0081,train,q,4,silicon_die_lower,,,,240,0.2718429706557766,0.07901017505636072,1.0986328124999997e-10,35.56404229327414,2474375128.457914
v6p1i11_0081,train,q,5,silicon_die_lower,,,,288,0.39694691248982183,0.11537118273922993,1.3183593749999995e-10,41.82419991078698,3010915839.9227977
v6p1i11_0081,train,q,6,silicon_die_lower,,,,504,0.4001640419744958,0.11630622977447194,2.307128906249999e-10,28.07389850618665,1734467635.9021537
v6p1i11_0081,train,q,7,silicon_die_lower,,,,432,0.29249024927431516,0.08501123182142192,1.9775390624999994e-10,22.435620745938675,1479061803.737772
v6p1i11_0081,train,q,8,silicon_die_lower,,,,384,0.30081868340285756,0.08743186104296888,1.7578124999999992e-10,23.585708790457293,1711324065.5807016
v6p1i11_0082,train,k,0,silicon_die_upper,270.7875567246688,270.7875567246688,270.7875567246688,800,,,,,
v6p1i11_0082,train,k,1,silicon_die_upper,48.42474427770954,48.42474427770954,48.42474427770954,480,,,,,
v6p1i11_0082,train,k,2,silicon_die_lower,36.36564802427994,36.36564802427994,36.36564802427994,616,,,,,
v6p1i11_0082,train,q,0,silicon_die_lower,,,,512,2.8334309945577205,0.34476466380193505,2.3437499999999993e-10,189.85781705627153,12089305576.779612
v6p1i11_0082,train,q,1,silicon_die_lower,,,,320,1.6702430869424212,0.20323092301991807,1.46484375e-10,154.7493350408804,11402192806.860262
v6p1i11_0082,train,q,2,silicon_die_upper,,,,280,1.94121479985685,0.23620207060820086,1.255035400390624e-10,207.90554215697944,15467410714.09345
v6p1i11_0082,train,q,3,silicon_die_upper,,,,240,1.773560664230741,0.21580234256994602,1.0757446289062493e-10,207.43966285986542,16486818679.578146
v6p1i11_0083,train,k,0,silicon_die_lower,165.37881215473854,165.37881215473854,165.37881215473854,640,,,,,
v6p1i11_0083,train,k,1,silicon_die_upper,195.24301801967005,195.24301801967005,195.24301801967005,792,,,,,
v6p1i11_0083,train,k,2,silicon_die_lower,109.13849643614506,109.13849643614506,109.13849643614506,400,,,,,
v6p1i11_0083,train,k,3,silicon_die_upper,51.73946722558811,51.73946722558811,51.73946722558811,720,,,,,
v6p1i11_0083,train,k,4,silicon_die_upper,263.67430082080955,263.67430082080955,263.67430082080955,720,,,,,
v6p1i11_0083,train,q,0,silicon_die_upper,,,,336,0.880160868581092,0.13733437038563007,1.5060424804687498e-10,90.19657390811678,5844196827.085153
v6p1i11_0083,train,q,1,silicon_die_upper,,,,504,0.8261075859128105,0.12890026043196653,2.2590637207031247e-10,61.03306112017344,3656858274.2574778
v6p1i11_0083,train,q,2,silicon_die_lower,,,,576,1.1707803860374095,0.1826806813571474,2.6367187500000006e-10,70.33228883029507,4440293019.638174
v6p1i11_0083,train,q,3,silicon_die_lower,,,,576,1.133431907990644,0.17685307654022014,2.6367187499999985e-10,64.18238045779349,4298645458.453408
v6p1i11_0083,train,q,4,silicon_die_upper,,,,280,0.5901821280055959,0.09208804192029611,1.2550354003906235e-10,72.03544172454279,4702513792.215778
v6p1i11_0083,train,q,5,silicon_die_lower,,,,336,0.49151832512495475,0.07669320703027355,1.5380859374999982e-10,57.231393263343556,3195649301.129868
v6p1i11_0083,train,q,6,silicon_die_lower,,,,448,0.7867655273746151,0.12276159075022089,2.0507812500000003e-10,52.38618199161918,3836418571.5790753
v6p1i11_0083,train,q,7,silicon_die_lower,,,,240,0.5299432386454368,0.08268877158424519,1.0986328124999988e-10,72.6670519780867,4823661123.314915
v6p1i11_0084,test_iid,k,0,silicon_die_lower,32.46215916015001,32.46215916015001,32.46215916015001,448,,,,,
v6p1i11_0084,test_iid,k,1,silicon_die_lower,40.5354680917358,40.5354680917358,40.5354680917358,576,,,,,
v6p1i11_0084,test_iid,k,2,silicon_die_lower,73.85868655296962,73.85868655296962,73.85868655296962,640,,,,,
v6p1i11_0084,test_iid,k,3,silicon_die_upper,51.473372192533084,51.473372192533084,51.473372192533084,576,,,,,
v6p1i11_0084,test_iid,q,0,silicon_die_upper,,,,392,1.1401260066184296,0.12082378565781222,1.7570495605468736e-10,101.61859776492257,6488866519.300518
v6p1i11_0084,test_iid,q,1,silicon_die_lower,,,,240,0.537997940251167,0.057013827804917594,1.0986328125000006e-10,72.85975110705235,4896976807.263953
v6p1i11_0084,test_iid,q,2,silicon_die_upper,,,,392,1.0112653304036006,0.10716789619268233,1.7570495605468725e-10,96.51338026007328,5755474137.501559
v6p1i11_0084,test_iid,q,3,silicon_die_upper,,,,448,1.4601063369792198,0.15473340145974962,2.0080566406249989e-10,102.65425912855191,7271240797.892873
v6p1i11_0084,test_iid,q,4,silicon_die_upper,,,,288,0.5753733744784325,0.06097465443963019,1.2908935546874988e-10,73.08733894308546,4457171332.129857
v6p1i11_0084,test_iid,q,5,silicon_die_upper,,,,320,0.9320048759432071,0.09876834377016805,1.4343261718749987e-10,88.3524257051027,6497858675.512136
v6p1i11_0084,test_iid,q,6,silicon_die_lower,,,,240,0.657549647924324,0.0696832080480447,1.0986328124999998e-10,86.90774893144788,5985163017.551182
v6p1i11_0084,test_iid,q,7,silicon_die_upper,,,,432,0.7746464950067575,0.08209243673940335,1.9363403320312483e-10,67.65641433296685,4000569952.463586
v6p1i11_0084,test_iid,q,8,silicon_die_lower,,,,432,1.151428220748832,0.12202152721411677,1.9775390624999997e-10,94.42340727242778,5822530854.552119
v6p1i11_0084,test_iid,q,9,silicon_die_upper,,,,504,1.195772952946425,0.12672091867347518,2.2590637207031231e-10,77.38502092521342,5293223657.162916
v6p1i11_0085,train,k,0,silicon_die_lower,49.60378280743081,49.60378280743081,49.60378280743081,528,,,,,
v6p1i11_0085,train,k,1,silicon_die_lower,20.965676946016828,20.965676946016828,20.965676946016828,640,,,,,
v6p1i11_0085,train,k,2,silicon_die_lower,21.040870854157806,21.040870854157806,21.040870854157806,448,,,,,
v6p1i11_0085,train,k,3,silicon_die_lower,114.00002070610753,114.00002070610753,114.00002070610753,504,,,,,
v6p1i11_0085,train,k,4,silicon_die_upper,43.2336291660671,43.2336291660671,43.2336291660671,792,,,,,
v6p1i11_0085,train,q,0,silicon_die_lower,,,,576,1.3005620511801286,0.2349312462945977,2.6367187499999985e-10,80.10635844910415,4932502001.512787
v6p1i11_0085,train,q,1,silicon_die_upper,,,,576,1.1593052474080796,0.2094148651825652,2.5817871093749965e-10,71.33745472110826,4490320844.807093
v6p1i11_0085,train,q,2,silicon_die_lower,,,,576,0.9060165979111281,0.16366124808709542,2.6367187499999985e-10,56.041226365769944,3436151838.003688
v6p1i11_0085,train,q,3,silicon_die_lower,,,,392,0.7179337049973445,0.1296862844174776,1.79443359375e-10,57.463099028967285,4000893136.9647937
v6p1i11_0085,train,q,4,silicon_die_upper,,,,648,0.8381075678779722,0.15139428008978228,2.904510498046873e-10,46.758822008333944,2885538091.329174
v6p1i11_0085,train,q,5,silicon_die_lower,,,,384,0.614001071570144,0.11091207592848178,1.7578125e-10,63.20823595531617,3492983873.821264
v6p1i11_0086,train,k,0,silicon_die_upper,26.684580779264437,26.684580779264437,26.684580779264437,336,,,,,
v6p1i11_0086,train,k,1,silicon_die_upper,38.553905193582736,38.553905193582736,38.553905193582736,504,,,,,
v6p1i11_0086,train,k,2,silicon_die_upper,40.758116974315804,40.758116974315804,40.758116974315804,720,,,,,
v6p1i11_0086,train,k,3,silicon_die_upper,70.86439897325616,70.86439897325616,70.86439897325616,616,,,,,
v6p1i11_0086,train,k,4,silicon_die_upper,174.23059007567198,174.23059007567198,174.23059007567198,392,,,,,
v6p1i11_0086,train,k,5,silicon_die_upper,276.6672396967918,276.6672396967918,276.6672396967918,640,,,,,
v6p1i11_0086,train,k,6,silicon_die_upper,24.844852753977722,24.844852753977722,24.844852753977722,448,,,,,
v6p1i11_0086,train,k,7,silicon_die_lower,41.377839736684244,41.377839736684244,41.377839736684244,392,,,,,
v6p1i11_0086,train,q,0,silicon_die_upper,,,,432,0.45519294257005355,0.12629925884284676,1.9363403320312483e-10,38.761347202630496,2350789967.239642
v6p1i11_0086,train,q,1,silicon_die_lower,,,,448,0.5194396195537648,0.14412534296520713,2.0507812499999995e-10,44.21136982053748,2532886525.824073
v6p1i11_0086,train,q,2,silicon_die_lower,,,,336,0.5168119953321775,0.14339627412281636,1.5380859374999997e-10,55.330696364122154,3360098306.1596813
v6p1i11_0086,train,q,3,silicon_die_upper,,,,384,0.36878326235913605,0.10232375846301231,1.7211914062499985e-10,35.57031337729325,2142604599.4652803
v6p1i11_0086,train,q,4,silicon_die_lower,,,,392,0.5736698492418781,0.15917223226409374,1.7944335937499986e-10,51.93720689906476,3196941091.8295712
v6p1i11_0086,train,q,5,silicon_die_lower,,,,448,0.5090736503812677,0.14124916870757856,2.050781250000001e-10,34.24771230842226,2482340085.668657
v6p1i11_0086,train,q,6,silicon_die_upper,,,,320,0.6611111331471865,0.1834339646344452,1.4343261718749976e-10,61.532826542253396,4609210555.524902
v6p1i11_0087,train,k,0,silicon_die_lower,296.4141568963269,296.4141568963269,296.4141568963269,800,,,,,
v6p1i11_0087,train,k,1,silicon_die_upper,21.75630560110633,21.75630560110633,21.75630560110633,448,,,,,
v6p1i11_0087,train,k,2,silicon_die_upper,206.63852300361768,206.63852300361768,206.63852300361768,480,,,,,
v6p1i11_0087,train,q,0,silicon_die_lower,,,,336,4.46758507308042,0.38666910158595663,1.5380859374999982e-10,441.035587206985,29046394379.900665
v6p1i11_0087,train,q,1,silicon_die_upper,,,,384,4.909395347415639,0.42490774260882436,1.7211914062499985e-10,403.3671380969438,28523238784.417698
v6p1i11_0087,train,q,2,silicon_die_upper,,,,336,2.177046148361485,0.188423155805219,1.5060424804687475e-10,220.94780374817407,14455409967.47908
v6p1i11_0088,valid_iid,k,0,silicon_die_upper,392.4972653151179,392.4972653151179,392.4972653151179,576,,,,,
v6p1i11_0088,valid_iid,k,1,silicon_die_upper,214.35429311245372,214.35429311245372,214.35429311245372,800,,,,,
v6p1i11_0088,valid_iid,k,2,silicon_die_upper,116.16980273201948,116.16980273201948,116.16980273201948,512,,,,,
v6p1i11_0088,valid_iid,k,3,silicon_die_upper,59.837097995340564,59.837097995340564,59.837097995340564,704,,,,,
v6p1i11_0088,valid_iid,k,4,silicon_die_upper,30.46084902962104,30.46084902962104,30.46084902962104,512,,,,,
v6p1i11_0088,valid_iid,k,5,silicon_die_upper,342.1604520611034,342.1604520611034,342.1604520611034,648,,,,,
v6p1i11_0088,valid_iid,k,6,silicon_die_lower,181.08681178628115,181.08681178628115,181.08681178628115,648,,,,,
v6p1i11_0088,valid_iid,q,0,silicon_die_upper,,,,384,1.1191898647204341,0.14806906333821326,1.721191406249998e-10,87.93825767627563,6502413738.858019
v6p1i11_0088,valid_iid,q,1,silicon_die_lower,,,,384,0.8521645147188714,0.11274155126128221,1.7578124999999992e-10,60.78807743921833,4847869239.289582
v6p1i11_0088,valid_iid,q,2,silicon_die_upper,,,,384,1.0679692091745943,0.14129255943184857,1.721191406249998e-10,87.57970994696531,6204825362.807295
v6p1i11_0088,valid_iid,q,3,silicon_die_upper,,,,360,0.9683619994362965,0.1281145038466447,1.6136169433593729e-10,80.19600791513051,6001188841.140162
v6p1i11_0088,valid_iid,q,4,silicon_die_upper,,,,504,0.9984984316741423,0.13210156040824786,2.2590637207031231e-10,60.8929601076641,4419965769.550601
v6p1i11_0088,valid_iid,q,5,silicon_die_lower,,,,392,0.7262991283867789,0.09608953318251716,1.794433593749999e-10,61.17381537802664,4047511877.3772078
v6p1i11_0088,valid_iid,q,6,silicon_die_lower,,,,504,1.8260833713786873,0.24159122853124612,2.3071289062499988e-10,110.97738796655385,7914960305.996939
v6p1i11_0089,valid_iid,k,0,silicon_die_lower,82.12416787715594,82.12416787715594,82.12416787715594,432,,,,,
v6p1i11_0089,valid_iid,k,1,silicon_die_upper,155.25421145278688,155.25421145278688,155.25421145278688,448,,,,,
v6p1i11_0089,valid_iid,q,0,silicon_die_lower,,,,384,2.056834553719051,0.4381474381104225,1.7578125e-10,161.21032554411704,11701103238.935045
v6p1i11_0089,valid_iid,q,1,silicon_die_upper,,,,384,1.0822074051963677,0.23053210635418186,1.721191406249996e-10,95.32250697574747,6287548271.892671
v6p1i11_0089,valid_iid,q,2,silicon_die_lower,,,,320,1.5553471320934498,0.3313204555353955,1.4648437500000012e-10,159.09851581518805,10617836421.757942
v6p1i11_0090,train,k,0,silicon_die_upper,22.376510386186936,22.376510386186936,22.376510386186936,880,,,,,
v6p1i11_0090,train,k,1,silicon_die_upper,138.06801193006055,138.06801193006055,138.06801193006055,392,,,,,
v6p1i11_0090,train,k,2,silicon_die_upper,45.05503884043728,45.05503884043728,45.05503884043728,448,,,,,
v6p1i11_0090,train,k,3,silicon_die_upper,97.05419538491881,97.05419538491881,97.05419538491881,576,,,,,
v6p1i11_0090,train,k,4,silicon_die_upper,152.5408357084398,152.5408357084398,152.5408357084398,384,,,,,
v6p1i11_0090,train,k,5,silicon_die_upper,356.5986326979902,356.5986326979902,356.5986326979902,720,,,,,
v6p1i11_0090,train,k,6,silicon_die_lower,140.2311603442291,140.2311603442291,140.2311603442291,336,,,,,
v6p1i11_0090,train,q,0,silicon_die_upper,,,,288,0.3116187865118453,0.05811748210352439,1.290893554687499e-10,35.148848318435896,2413977398.6808877
v6p1i11_0090,train,q,1,silicon_die_upper,,,,432,0.523141523569504,0.09756686518803777,1.9363403320312485e-10,40.474274999883605,2701702355.2916503
v6p1i11_0090,train,q,2,silicon_die_upper,,,,448,0.4372875701016053,0.08155494350629489,2.008056640624998e-10,34.96318010469978,2177665516.274987
v6p1i11_0090,train,q,3,silicon_die_upper,,,,384,0.847208179670427,0.15800589807535204,1.7211914062499988e-10,69.61542818095658,4922219438.198683
v6p1i11_0090,train,q,4,silicon_die_upper,,,,288,0.4050992104024419,0.07555175467516571,1.2908935546874988e-10,41.64349407822928,3138130242.6636477
v6p1i11_0090,train,q,5,silicon_die_upper,,,,576,0.5945749189962907,0.11088932602803092,2.581787109374998e-10,38.09346557884401,2302958740.622987
v6p1i11_0090,train,q,6,silicon_die_lower,,,,200,0.35811081444094967,0.06678833160965186,9.155273437499995e-11,51.23293060325969,3911525055.867015
v6p1i11_0090,train,q,7,silicon_die_lower,,,,448,0.7607951813088186,0.14188971348324703,2.0507812499999998e-10,57.028070305646445,3709782217.4296684
v6p1i11_0090,train,q,8,silicon_die_upper,,,,392,0.527783752775554,0.09843264955175682,1.7570495605468736e-10,40.97505762889781,3003806862.5183444
v6p1i11_0090,train,q,9,silicon_die_lower,,,,432,0.5962569920723506,0.11120303577893845,1.977539062499998e-10,51.39281684004548,3015146468.5535192
v6p1i11_0091,train,k,0,silicon_die_lower,54.92394431865164,54.92394431865164,54.92394431865164,880,,,,,
v6p1i11_0091,train,k,1,silicon_die_upper,89.76493108806562,89.76493108806562,89.76493108806562,504,,,,,
v6p1i11_0091,train,k,2,silicon_die_upper,135.8646974014977,135.8646974014977,135.8646974014977,648,,,,,
v6p1i11_0091,train,k,3,silicon_die_upper,20.846127374859943,20.846127374859943,20.846127374859943,800,,,,,
v6p1i11_0091,train,k,4,silicon_die_upper,23.012131095634572,23.012131095634572,23.012131095634572,616,,,,,
v6p1i11_0091,train,k,5,silicon_die_upper,177.42411286136524,177.42411286136524,177.42411286136524,880,,,,,
v6p1i11_0091,train,k,6,silicon_die_upper,28.748859193033834,28.748859193033834,28.748859193033834,336,,,,,
v6p1i11_0091,train,k,7,silicon_die_upper,43.59775156436574,43.59775156436574,43.59775156436574,528,,,,,
v6p1i11_0091,train,q,0,silicon_die_lower,,,,512,1.5476623055182706,0.22970910190506283,2.3437500000000003e-10,99.30953220607785,6603359170.211287
v6p1i11_0091,train,q,1,silicon_die_upper,,,,504,0.9249823841598445,0.1372889111440941,2.2590637207031219e-10,61.56087889316239,4094538705.052324
v6p1i11_0091,train,q,2,silicon_die_lower,,,,448,0.8815530411586235,0.1308429859951989,2.0507812499999998e-10,72.23863944114345,4298620543.554432
v6p1i11_0091,train,q,3,silicon_die_lower,,,,384,1.1895617342637368,0.17655864374550806,1.7578125e-10,97.6311592399366,6767284532.70037
v6p1i11_0091,train,q,4,silicon_die_upper,,,,336,1.278147420526883,0.18970682107114026,1.5060424804687488e-10,104.48758085217078,8486795273.723392
v6p1i11_0091,train,q,5,silicon_die_lower,,,,576,0.9155810618807408,0.13589353613899585,2.63671875e-10,56.62014842844864,3472425953.206958
v6p1i11_0092,train,k,0,silicon_die_upper,305.8118263629429,305.8118263629429,305.8118263629429,448,,,,,
v6p1i11_0092,train,k,1,silicon_die_lower,130.1962124382253,130.1962124382253,130.1962124382253,720,,,,,
v6p1i11_0092,train,q,0,silicon_die_lower,,,,504,2.4226897815346944,0.3038012955416601,2.3071289062499996e-10,156.14725761440374,10500886079.540857
v6p1i11_0092,train,q,1,silicon_die_lower,,,,432,1.1676534176267876,0.1464218092313711,1.9775390625e-10,93.41795259241721,5904578269.875707
v6p1i11_0092,train,q,2,silicon_die_lower,,,,384,1.8897605117901015,0.2369728456862614,1.7578125000000002e-10,151.87972654674513,10750637578.183687
v6p1i11_0092,train,q,3,silicon_die_upper,,,,576,2.494483024154925,0.3128040495407075,2.581787109374999e-10,140.2040308200797,9661846304.433641
v6p1i11_0093,train,k,0,silicon_die_lower,89.70986793598608,89.70986793598608,89.70986793598608,640,,,,,
v6p1i11_0093,train,k,1,silicon_die_upper,189.15013136978314,189.15013136978314,189.15013136978314,704,,,,,
v6p1i11_0093,train,k,2,silicon_die_lower,213.14439446310917,213.14439446310917,213.14439446310917,560,,,,,
v6p1i11_0093,train,q,0,silicon_die_upper,,,,200,0.34530314918830757,0.07137017801773626,8.964538574218753e-11,52.99623938529488,3851878669.8221135
v6p1i11_0093,train,q,1,silicon_die_upper,,,,360,0.8806619765550041,0.1820226725065455,1.6136169433593734e-10,79.87752016982516,5457689200.520927
v6p1i11_0093,train,q,2,silicon_die_lower,,,,336,0.4283083115836695,0.08852638765692912,1.5380859374999992e-10,44.17629113709257,2784683879.7566843
v6p1i11_0093,train,q,3,silicon_die_upper,,,,384,0.8213030952210065,0.16975387641331674,1.7211914062499985e-10,64.51518836149503,4771712734.787582
v6p1i11_0093,train,q,4,silicon_die_upper,,,,512,0.8785993933019269,0.1815963603391223,2.2949218749999982e-10,64.8002910888861,3828450122.3028674
v6p1i11_0093,train,q,5,silicon_die_upper,,,,432,0.5066970287961984,0.1047284313254889,1.9363403320312483e-10,47.034049943780786,2616776712.3079343
v6p1i11_0093,train,q,6,silicon_die_upper,,,,336,0.4818253857818404,0.09958774959785055,1.5060424804687482e-10,50.029395437828775,3199281507.86208
v6p1i11_0093,train,q,7,silicon_die_upper,,,,288,0.4955010136845713,0.1024143441430105,1.2908935546874988e-10,57.511921311434556,3838434330.121997
v6p1i11_0094,train,k,0,silicon_die_lower,99.38108038656925,99.38108038656925,99.38108038656925,512,,,,,
v6p1i11_0094,train,k,1,silicon_die_lower,398.319259032645,398.319259032645,398.319259032645,704,,,,,
v6p1i11_0094,train,k,2,silicon_die_lower,68.32148550192082,68.32148550192082,68.32148550192082,616,,,,,
v6p1i11_0094,train,k,3,silicon_die_upper,309.43156465582825,309.43156465582825,309.43156465582825,704,,,,,
v6p1i11_0094,train,q,0,silicon_die_upper,,,,432,0.8311881760666104,0.2210973921676118,1.9363403320312483e-10,57.88190926680895,4292572758.605314
v6p1i11_0094,train,q,1,silicon_die_lower,,,,336,0.788571648542917,0.20976132727877153,1.5380859375000013e-10,80.15648369357734,5126967416.558389
v6p1i11_0094,train,q,2,silicon_die_lower,,,,448,0.5667112346757958,0.15074610022949197,2.05078125e-10,41.142857289815616,2763391925.2762613
v6p1i11_0094,train,q,3,silicon_die_upper,,,,448,0.6297191943584417,0.16750631888125325,2.0080566406249968e-10,50.460207239271156,3135963307.102956
v6p1i11_0094,train,q,4,silicon_die_upper,,,,448,0.943185503427557,0.25088886144287154,2.0080566406249986e-10,76.63983215109171,4697006470.564469
v6p1i11_0095,valid_iid,k,0,silicon_die_upper,343.73938946703225,343.73938946703225,343.73938946703225,432,,,,,
v6p1i11_0095,valid_iid,k,1,silicon_die_upper,26.71889000014921,26.71889000014921,26.71889000014921,528,,,,,
v6p1i11_0095,valid_iid,k,2,silicon_die_lower,32.47636641694218,32.47636641694218,32.47636641694218,792,,,,,
v6p1i11_0095,valid_iid,k,3,silicon_die_lower,35.53238624374335,35.53238624374335,35.53238624374335,616,,,,,
v6p1i11_0095,valid_iid,k,4,silicon_die_upper,20.838110844884806,20.838110844884806,20.838110844884806,384,,,,,
v6p1i11_0095,valid_iid,k,5,silicon_die_lower,56.70986032723583,56.70986032723583,56.70986032723583,576,,,,,
v6p1i11_0095,valid_iid,q,0,silicon_die_upper,,,,392,1.4706845282982837,0.12823954585187075,1.757049560546874e-10,128.62820352193825,8370193768.697905
v6p1i11_0095,valid_iid,q,1,silicon_die_upper,,,,448,1.3982684635138352,0.12192506910199784,2.0080566406249984e-10,100.51508068481338,6963291947.176503
v6p1i11_0095,valid_iid,q,2,silicon_die_upper,,,,200,0.6110430177234115,0.05328122896585881,8.964538574218742e-11,91.15951139817331,6816223865.450474
v6p1i11_0095,valid_iid,q,3,silicon_die_lower,,,,288,1.1528431036536768,0.10052466943544523,1.3183593749999985e-10,127.2986458602513,8744528430.676788
v6p1i11_0095,valid_iid,q,4,silicon_die_lower,,,,336,1.0057823652247042,0.08770138752427033,1.538085937500001e-10,96.29123751947073,6539181853.905375
v6p1i11_0095,valid_iid,q,5,silicon_die_lower,,,,448,1.6531083513012526,0.14414638906965568,2.050781249999998e-10,137.84763491727676,8060871198.726116
v6p1i11_0095,valid_iid,q,6,silicon_die_lower,,,,512,2.063466918278676,0.1799284995447691,2.3437499999999993e-10,136.70116577271529,8804125517.98902
v6p1i11_0095,valid_iid,q,7,silicon_die_upper,,,,240,0.5425472942944471,0.0473085949329915,1.0757446289062477e-10,74.18604124970923,5043458082.110775
v6p1i11_0095,valid_iid,q,8,silicon_die_upper,,,,648,1.570516536215853,0.13694461557314064,2.9045104980468724e-10,85.08449286604942,5407164261.488954
v6p1i11_0096,train,k,0,silicon_die_upper,71.59298228840844,71.59298228840844,71.59298228840844,960,,,,,
v6p1i11_0096,train,k,1,silicon_die_lower,132.15110291848842,132.15110291848842,132.15110291848842,528,,,,,
v6p1i11_0096,train,k,2,silicon_die_lower,143.95802763136123,143.95802763136123,143.95802763136123,720,,,,,
v6p1i11_0096,train,k,3,silicon_die_upper,376.5969045113887,376.5969045113887,376.5969045113887,336,,,,,
v6p1i11_0096,train,k,4,silicon_die_lower,64.34568646378409,64.34568646378409,64.34568646378409,720,,,,,
v6p1i11_0096,train,k,5,silicon_die_upper,44.86845737204732,44.86845737204732,44.86845737204732,384,,,,,
v6p1i11_0096,train,k,6,silicon_die_upper,362.22388477555216,362.22388477555216,362.22388477555216,336,,,,,
v6p1i11_0096,train,q,0,silicon_die_lower,,,,384,0.6618798630163106,0.22188488996038466,1.7578124999999997e-10,60.195543388679226,3765360998.49279
v6p1i11_0096,train,q,1,silicon_die_lower,,,,384,0.6196563241464804,0.20773010780222217,1.7578125000000007e-10,47.938769702561686,3525155977.3666425
v6p1i11_0096,train,q,2,silicon_die_lower,,,,288,0.4352156394543989,0.1458992479833127,1.3183593750000008e-10,47.18791258759449,3301191220.7504015
v6p1i11_0096,train,q,3,silicon_die_upper,,,,576,1.266235717665265,0.4244857542540804,2.581787109374996e-10,68.3914744549526,4904493143.7890625
v6p1i11_0097,test_iid,k,0,silicon_die_lower,267.43410964266667,267.43410964266667,267.43410964266667,792,,,,,
v6p1i11_0097,test_iid,k,1,silicon_die_lower,124.72061545998822,124.72061545998822,124.72061545998822,240,,,,,
v6p1i11_0097,test_iid,k,2,silicon_die_lower,111.09920874006448,111.09920874006448,111.09920874006448,720,,,,,
v6p1i11_0097,test_iid,k,3,silicon_die_lower,125.72010159361893,125.72010159361893,125.72010159361893,512,,,,,
v6p1i11_0097,test_iid,k,4,silicon_die_lower,99.915527717789,99.915527717789,99.915527717789,528,,,,,
v6p1i11_0097,test_iid,k,5,silicon_die_lower,161.94587912679074,161.94587912679074,161.94587912679074,560,,,,,
v6p1i11_0097,test_iid,k,6,silicon_die_upper,117.43351566233174,117.43351566233174,117.43351566233174,512,,,,,
v6p1i11_0097,test_iid,q,0,silicon_die_upper,,,,448,1.7437547502841566,0.14699208030482389,2.0080566406249978e-10,136.16377709787633,8683792653.086824
v6p1i11_0097,test_iid,q,1,silicon_die_upper,,,,280,1.0291475561460057,0.08675333512001926,1.255035400390624e-10,100.85823116705973,8200147627.913032
v6p1i11_0097,test_iid,q,2,silicon_die_upper,,,,576,1.4829235862098291,0.1250049772392314,2.581787109374996e-10,91.06589177871163,5743787242.662382
v6p1i11_0097,test_iid,q,3,silicon_die_upper,,,,336,0.9818515198451412,0.08276645407215191,1.506042480468747e-10,108.14991423414932,6519414509.075107
v6p1i11_0097,test_iid,q,4,silicon_die_lower,,,,576,2.0455579219981535,0.1724329721765766,2.6367187499999996e-10,117.35900312988677,7757967822.689295
v6p1i11_0097,test_iid,q,5,silicon_die_upper,,,,384,1.588137709927723,0.13387413898357767,1.721191406249998e-10,129.4401132247013,9226967460.799944
v6p1i11_0097,test_iid,q,6,silicon_die_lower,,,,336,1.4134403387485381,0.11914779629735545,1.5380859374999997e-10,150.44388275204662,9189605757.958752
v6p1i11_0097,test_iid,q,7,silicon_die_upper,,,,360,1.5781029499385097,0.13302824580626377,1.6136169433593729e-10,146.48038693901034,9779910631.410904
v6p1i11_0098,train,k,0,silicon_die_upper,230.2388469556983,230.2388469556983,230.2388469556983,704,,,,,
v6p1i11_0098,train,k,1,silicon_die_upper,128.94454489852407,128.94454489852407,128.94454489852407,640,,,,,
v6p1i11_0098,train,k,2,silicon_die_lower,21.79813956171594,21.79813956171594,21.79813956171594,288,,,,,
v6p1i11_0098,train,q,0,silicon_die_lower,,,,336,1.4970093635730954,0.15505519435292875,1.5380859374999997e-10,172.99841460018456,9732937068.564127
v6p1i11_0098,train,q,1,silicon_die_upper,,,,512,2.354308874715741,0.24385139399834474,2.2949218749999964e-10,143.49124951390573,10258775692.378393
v6p1i11_0098,train,q,2,silicon_die_upper,,,,448,2.0513221235462926,0.21246904547594864,2.0080566406249978e-10,159.23252273809473,10215459474.827505
v6p1i11_0098,train,q,3,silicon_die_lower,,,,448,1.8415968799652127,0.1907464102036063,2.05078125e-10,131.27128912358148,8979977167.068466
v6p1i11_0098,train,q,4,silicon_die_upper,,,,336,1.9104497218990415,0.1978779559691716,1.5060424804687467e-10,178.30033869648793,12685231304.394716
v6p1i11_0099,test_iid,k,0,silicon_die_lower,37.514955746191745,37.514955746191745,37.514955746191745,336,,,,,
v6p1i11_0099,test_iid,k,1,silicon_die_upper,64.45527011461364,64.45527011461364,64.45527011461364,720,,,,,
v6p1i11_0099,test_iid,q,0,silicon_die_lower,,,,576,0.5572624703424987,0.13150645588290183,2.636718749999998e-10,31.924741263529267,2113469517.1508112
v6p1i11_0099,test_iid,q,1,silicon_die_lower,,,,336,0.4312731782772785,0.10177467568871469,1.5380859374999997e-10,49.166408571875564,2803960219.402751
v6p1i11_0099,test_iid,q,2,silicon_die_lower,,,,320,0.5520550465543258,0.13027757383340363,1.4648437499999994e-10,50.25243943872546,3768695784.4775324
v6p1i11_0099,test_iid,q,3,silicon_die_upper,,,,240,0.42554335141682936,0.10042251353292263,1.0757446289062487e-10,54.06301227235771,3955802706.1635976
v6p1i11_0099,test_iid,q,4,silicon_die_upper,,,,392,0.4010932963254833,0.09465262903087023,1.7570495605468733e-10,31.475589173175006,2282765980.719661
v6p1i11_0099,test_iid,q,5,silicon_die_lower,,,,240,0.26399294432439746,0.06229878797482358,1.0986328125e-10,30.933343425247696,2402922444.3394046
v6p1i11_0099,test_iid,q,6,silicon_die_lower,,,,336,0.5970761482350437,0.1409019489475866,1.5380859374999995e-10,55.219938607180865,3881942703.445619
v6p1i11_0099,test_iid,q,7,silicon_die_lower,,,,392,0.5280267806130112,0.12460722590379689,1.7944335937499983e-10,49.53839905841823,2942581895.7699265
v6p1i11_0099,test_iid,q,8,silicon_die_lower,,,,288,0.48120616299123997,0.11355818920497991,1.3183593749999998e-10,53.87195577583663,3650037858.5409617
v6p1i11_0100,train,k,0,silicon_die_lower,240.83853347597122,240.83853347597122,240.83853347597122,640,,,,,
v6p1i11_0100,train,k,1,silicon_die_lower,396.72614953696393,396.72614953696393,396.72614953696393,576,,,,,
v6p1i11_0100,train,k,2,silicon_die_upper,240.39387635352097,240.39387635352097,240.39387635352097,616,,,,,
v6p1i11_0100,train,k,3,silicon_die_lower,22.328346306519233,22.328346306519233,22.328346306519233,432,,,,,
v6p1i11_0100,train,k,4,silicon_die_lower,48.82082730386547,48.82082730386547,48.82082730386547,528,,,,,
v6p1i11_0100,train,k,5,silicon_die_lower,239.34331939917422,239.34331939917422,239.34331939917422,616,,,,,
v6p1i11_0100,train,k,6,silicon_die_lower,70.75898134315526,70.75898134315526,70.75898134315526,616,,,,,
v6p1i11_0100,train,k,7,silicon_die_upper,300.6763509818451,300.6763509818451,300.6763509818451,528,,,,,
v6p1i11_0100,train,q,0,silicon_die_upper,,,,576,1.053502274810877,0.17480011703154247,2.5817871093749965e-10,59.57070867791298,4080515666.785209
v6p1i11_0100,train,q,1,silicon_die_lower,,,,392,0.7587027529056829,0.12588613538957452,1.7944335937499996e-10,59.804502828303086,4228090443.403643
v6p1i11_0100,train,q,2,silicon_die_upper,,,,504,1.3142108002183508,0.21805762282148322,2.2590637207031216e-10,99.6652678923659,5817502127.869637
v6p1i11_0100,train,q,3,silicon_die_lower,,,,384,0.631517187162101,0.10478314177649276,1.7578124999999987e-10,55.02786452309324,3592631109.188844
v6p1i11_0100,train,q,4,silicon_die_lower,,,,576,0.9194868984655672,0.15256390166751607,2.6367187499999996e-10,57.790371734572204,3487239200.106448
v6p1i11_0100,train,q,5,silicon_die_upper,,,,360,0.7331093479130901,0.12163960427625159,1.6136169433593734e-10,61.41538667444327,4543267538.991236
v6p1i11_0100,train,q,6,silicon_die_lower,,,,240,0.6163675890611869,0.10226947703713943,1.0986328125000009e-10,70.20197609846983,5610314766.210266
v6p1i11_0101,train,k,0,silicon_die_upper,201.46760198655556,201.46760198655556,201.46760198655556,392,,,,,
v6p1i11_0101,train,k,1,silicon_die_lower,211.21618709043872,211.21618709043872,211.21618709043872,448,,,,,
v6p1i11_0101,train,k,2,silicon_die_lower,60.76417013037672,60.76417013037672,60.76417013037672,640,,,,,
v6p1i11_0101,train,k,3,silicon_die_lower,307.91838147537464,307.91838147537464,307.91838147537464,704,,,,,
v6p1i11_0101,train,q,0,silicon_die_lower,,,,336,1.6231947940485467,0.23550960673057583,1.5380859374999997e-10,175.50522086453833,10553342660.988647
v6p1i11_0101,train,q,1,silicon_die_lower,,,,448,2.0199722190579568,0.293078110317547,2.050781250000001e-10,173.17151800631916,9849769296.739746
v6p1i11_0101,train,q,2,silicon_die_upper,,,,448,3.249098727481691,0.47141228295187715,2.0080566406250004e-10,233.08571324218292,16180314149.258362
v6p1i11_0102,train,k,0,silicon_die_lower,306.87866236319434,306.87866236319434,306.87866236319434,560,,,,,
v6p1i11_0102,train,k,1,silicon_die_upper,312.33966248156753,312.33966248156753,312.33966248156753,448,,,,,
v6p1i11_0102,train,k,2,silicon_die_upper,97.36033481125732,97.36033481125732,97.36033481125732,528,,,,,
v6p1i11_0102,train,k,3,silicon_die_lower,342.7170881373799,342.7170881373799,342.7170881373799,512,,,,,
v6p1i11_0102,train,k,4,silicon_die_lower,278.5702169759972,278.5702169759972,278.5702169759972,792,,,,,
v6p1i11_0102,train,k,5,silicon_die_lower,86.05521661701168,86.05521661701168,86.05521661701168,432,,,,,
v6p1i11_0102,train,q,0,silicon_die_upper,,,,448,0.786661156563042,0.12501577120990726,2.008056640624998e-10,70.09800859211416,3917524738.3370495
v6p1i11_0102,train,q,1,silicon_die_upper,,,,648,1.0220123511702355,0.16241765746489914,2.9045104980468724e-10,56.69549203895512,3518707719.7947264
v6p1i11_0102,train,q,2,silicon_die_lower,,,,240,0.44013662963228445,0.06994627830820042,1.0986328125000001e-10,57.339280241474775,4006221411.052971
v6p1i11_0102,train,q,3,silicon_die_lower,,,,392,0.5028877901304556,0.0799186592482613,1.7944335937499983e-10,46.48311286948658,2802487603.2304053
v6p1i11_0102,train,q,4,silicon_die_upper,,,,512,0.7548494698630961,0.11996027493542841,2.294921874999999e-10,46.2574944882136,3289216413.3608966
v6p1i11_0102,train,q,5,silicon_die_upper,,,,432,0.9562386455713421,0.1519649352703718,1.9363403320312485e-10,75.78616513827585,4938381077.711862
v6p1i11_0102,train,q,6,silicon_die_upper,,,,384,0.5257494247963698,0.08355181802956611,1.7211914062499964e-10,46.44912931246317,3054566870.873667
v6p1i11_0102,train,q,7,silicon_die_upper,,,,288,0.3053239599651361,0.04852192078565585,1.2908935546874988e-10,39.86104400601825,2365214070.954513
v6p1i11_0102,train,q,8,silicon_die_lower,,,,240,0.4236575287358223,0.06732742838758407,1.0986328124999983e-10,56.18361093565783,3856224972.6709576
v6p1i11_0102,train,q,9,silicon_die_upper,,,,392,0.5749783739589847,0.09137525636012568,1.7570495605468725e-10,47.01347204288672,3272408399.1121206
v6p1i11_0103,train,k,0,silicon_die_upper,260.6963040289202,260.6963040289202,260.6963040289202,336,,,,,
v6p1i11_0103,train,k,1,silicon_die_upper,73.69690353312352,73.69690353312352,73.69690353312352,560,,,,,
v6p1i11_0103,train,k,2,silicon_die_upper,36.480082815310936,36.480082815310936,36.480082815310936,504,,,,,
v6p1i11_0103,train,k,3,silicon_die_upper,165.67547528033293,165.67547528033293,165.67547528033293,880,,,,,
v6p1i11_0103,train,k,4,silicon_die_upper,68.3415538823487,68.3415538823487,68.3415538823487,384,,,,,
v6p1i11_0103,train,k,5,silicon_die_lower,201.5084590639445,201.5084590639445,201.5084590639445,720,,,,,
v6p1i11_0103,train,k,6,silicon_die_upper,114.26520938631403,114.26520938631403,114.26520938631403,704,,,,,
v6p1i11_0103,train,k,7,silicon_die_lower,31.354020648714716,31.354020648714716,31.354020648714716,648,,,,,
v6p1i11_0103,train,q,0,silicon_die_lower,,,,280,1.1105185897812382,0.15670203983242081,1.28173828125e-10,115.44636306592714,8664160273.798004
v6p1i11_0103,train,q,1,silicon_die_lower,,,,240,1.0682788615016137,0.15074171494971153,1.0986328124999981e-10,125.31325256760528,9723711592.69026
v6p1i11_0103,train,q,2,silicon_die_upper,,,,392,0.9783586237964084,0.13805333242259185,1.7570495605468736e-10,77.40987514458025,5568190253.50599
v6p1i11_0103,train,q,3,silicon_die_lower,,,,448,1.8940546902657944,0.26726453411039364,2.0507812500000016e-10,133.32112914102044,9235771442.057962
v6p1i11_0103,train,q,4,silicon_die_lower,,,,336,0.7858110096293085,0.11088350007355013,1.5380859374999982e-10,83.20633402795585,5109018881.653415
v6p1i11_0103,train,q,5,silicon_die_lower,,,,336,1.2497946504457589,0.1763548786113319,1.5380859374999997e-10,126.80096798837234,8125649028.929888
v6p1i11_0104,train,k,0,silicon_die_lower,20.410985700293967,20.410985700293967,20.410985700293967,560,,,,,
v6p1i11_0104,train,k,1,silicon_die_upper,170.3335288813948,170.3335288813948,170.3335288813948,528,,,,,
v6p1i11_0104,train,q,0,silicon_die_upper,,,,320,0.16858590532723078,0.06786509848326501,1.4343261718749987e-10,16.679557779417372,1175366584.2048304
v6p1i11_0104,train,q,1,silicon_die_upper,,,,448,0.28664911628017054,0.11539203392320865,2.0080566406249989e-10,19.297267276507746,1427495173.5970566
v6p1i11_0104,train,q,2,silicon_die_lower,,,,448,0.30531173257430344,0.12290476335511649,2.0507812499999987e-10,23.831081997841775,1488758162.648033
v6p1i11_0104,train,q,3,silicon_die_lower,,,,432,0.3000208863927215,0.12077490679044159,1.9775390625e-10,21.54841714304069,1517142655.141466
v6p1i11_0104,train,q,4,silicon_die_upper,,,,384,0.2915136213711204,0.1173502647517519,1.7211914062499964e-10,26.740437323219886,1693673465.4412932
v6p1i11_0104,train,q,5,silicon_die_upper,,,,336,0.15114099211251142,0.06084256150989852,1.5060424804687488e-10,14.905729790700436,1003563937.0907352
v6p1i11_0104,train,q,6,silicon_die_upper,,,,320,0.16143342885402384,0.06498583334356522,1.4343261718749982e-10,15.021396130852526,1125500126.955034
v6p1i11_0104,train,q,7,silicon_die_lower,,,,392,0.27393822584951966,0.11027520147383083,1.7944335937500004e-10,20.91496248824548,1526599963.3736494
v6p1i11_0104,train,q,8,silicon_die_lower,,,,448,0.32378028231524747,0.13033937032643722,2.0507812499999987e-10,24.852650734783754,1578814329.0038743
v6p1i11_0104,train,q,9,silicon_die_lower,,,,280,0.2217584351920529,0.08926996604248458,1.2817382812499996e-10,21.578428363891778,1730138191.5174265
v6p1i11_0105,train,k,0,silicon_die_upper,26.586276979597642,26.586276979597642,26.586276979597642,704,,,,,
v6p1i11_0105,train,k,1,silicon_die_upper,51.59839312095488,51.59839312095488,51.59839312095488,448,,,,,
v6p1i11_0105,train,k,2,silicon_die_lower,234.52248870413376,234.52248870413376,234.52248870413376,440,,,,,
v6p1i11_0105,train,k,3,silicon_die_upper,222.58043665293758,222.58043665293758,222.58043665293758,576,,,,,
v6p1i11_0105,train,q,0,silicon_die_lower,,,,432,2.3985423171212714,0.1969036122029309,1.9775390624999992e-10,179.00345804011755,12128925099.912014
v6p1i11_0105,train,q,1,silicon_die_lower,,,,280,1.3394490722844496,0.10995943611752333,1.28173828125e-10,143.97899579988444,10450254095.384964
v6p1i11_0105,train,q,2,silicon_die_upper,,,,384,1.3843288328669237,0.1136437517580737,1.721191406249997e-10,121.34037499852397,8042852339.606992
v6p1i11_0105,train,q,3,silicon_die_upper,,,,448,1.920185060307199,0.15763381441040206,2.0080566406249984e-10,152.4428264955144,9562404871.754765
v6p1i11_0105,train,q,4,silicon_die_lower,,,,504,2.743536179613479,0.2252252045416006,2.3071289062500012e-10,194.23154501356265,11891559991.213549
v6p1i11_0105,train,q,5,silicon_die_lower,,,,512,2.395260293963944,0.19663418096946944,2.3437499999999993e-10,144.95443915154584,10219777254.246164
v6p1i11_0106,train,k,0,silicon_die_upper,83.2929238678881,83.2929238678881,83.2929238678881,880,,,,,
v6p1i11_0106,train,k,1,silicon_die_upper,386.19228693293866,386.19228693293866,386.19228693293866,720,,,,,
v6p1i11_0106,train,k,2,silicon_die_upper,246.51231732406427,246.51231732406427,246.51231732406427,448,,,,,
v6p1i11_0106,train,k,3,silicon_die_lower,367.8114888841502,367.8114888841502,367.8114888841502,384,,,,,
v6p1i11_0106,train,k,4,silicon_die_upper,34.468158551746626,34.468158551746626,34.468158551746626,576,,,,,
v6p1i11_0106,train,q,0,silicon_die_upper,,,,392,1.8287914494432975,0.1640573203223786,1.7570495605468754e-10,137.6300565159272,10408308851.994434
v6p1i11_0106,train,q,1,silicon_die_upper,,,,336,0.9643260704818502,0.08650781426631268,1.5060424804687482e-10,93.47002046902631,6403046945.805329
v6p1i11_0106,train,q,2,silicon_die_lower,,,,576,2.178236455778303,0.19540535148077515,2.6367187499999996e-10,139.74437933814139,8261163447.0999365
v6p1i11_0106,train,q,3,silicon_die_lower,,,,280,0.8436620696715144,0.07568328168314303,1.28173828125e-10,90.00556854058328,6582171118.808616
v6p1i11_0106,train,q,4,silicon_die_lower,,,,448,2.354115996598291,0.21118316265505702,2.0507812499999985e-10,172.72031474004763,11479118002.460247
v6p1i11_0106,train,q,5,silicon_die_upper,,,,384,1.204696826019249,0.10807100675025363,1.7211914062499988e-10,97.15347529915026,6999203119.6806345
v6p1i11_0106,train,q,6,silicon_die_upper,,,,320,1.7734423775066643,0.1590920628420799,1.434326171874999e-10,166.88559533375405,12364289324.710302
v6p1i11_0107,train,k,0,silicon_die_lower,337.2147156105894,337.2147156105894,337.2147156105894,432,,,,,
v6p1i11_0107,train,k,1,silicon_die_lower,26.445236254336077,26.445236254336077,26.445236254336077,480,,,,,
v6p1i11_0107,train,k,2,silicon_die_lower,324.04309572741266,324.04309572741266,324.04309572741266,384,,,,,
v6p1i11_0107,train,k,3,silicon_die_lower,33.77254839537663,33.77254839537663,33.77254839537663,384,,,,,
v6p1i11_0107,train,k,4,silicon_die_lower,95.24364976894007,95.24364976894007,95.24364976894007,336,,,,,
v6p1i11_0107,train,k,5,silicon_die_lower,74.68136186914766,74.68136186914766,74.68136186914766,400,,,,,
v6p1i11_0107,train,k,6,silicon_die_upper,22.225188358835652,22.225188358835652,22.225188358835652,400,,,,,
v6p1i11_0107,train,q,0,silicon_die_lower,,,,280,1.3957645737146436,0.2874295677204911,1.2817382812499996e-10,143.52527656795155,10889622274.16225
v6p1i11_0107,train,q,1,silicon_die_lower,,,,384,2.4432770660194523,0.5031436419383835,1.7578125e-10,200.222687443013,13899531753.355106
v6p1i11_0107,train,q,2,silicon_die_upper,,,,240,1.0169812975857875,0.2094267903411255,1.0757446289062487e-10,106.49466530352011,9453742740.224432
v6p1i11_0108,train,k,0,silicon_die_lower,44.46275220647651,44.46275220647651,44.46275220647651,480,,,,,
v6p1i11_0108,train,k,1,silicon_die_upper,39.33839101645815,39.33839101645815,39.33839101645815,384,,,,,
v6p1i11_0108,train,q,0,silicon_die_lower,,,,240,1.6015649924235509,0.15281211018591084,1.0986328125000001e-10,195.37989143069362,14577800464.37081
v6p1i11_0108,train,q,1,silicon_die_upper,,,,512,3.253614640508015,0.31044117553758055,2.2949218749999982e-10,218.91651759909257,14177452731.405148
v6p1i11_0108,train,q,2,silicon_die_upper,,,,576,1.955121574896434,0.18654644359940747,2.581787109374999e-10,110.47229226483917,7572745126.029121
v6p1i11_0108,train,q,3,silicon_die_upper,,,,280,1.0599118512355732,0.10113068615046823,1.2550354003906235e-10,113.91927769725909,8445274538.914846
v6p1i11_0108,train,q,4,silicon_die_upper,,,,432,2.6104025837352265,0.24906958452663291,1.9363403320312483e-10,212.2528295101284,13481114556.948145
v6p1i11_0109,train,k,0,silicon_die_upper,327.8608234609183,327.8608234609183,327.8608234609183,480,,,,,
v6p1i11_0109,train,k,1,silicon_die_lower,253.35428674513852,253.35428674513852,253.35428674513852,384,,,,,
v6p1i11_0109,train,k,2,silicon_die_upper,399.7004580265075,399.7004580265075,399.7004580265075,448,,,,,
v6p1i11_0109,train,k,3,silicon_die_upper,254.9265476553556,254.9265476553556,254.9265476553556,576,,,,,
v6p1i11_0109,train,k,4,silicon_die_upper,132.37379086120265,132.37379086120265,132.37379086120265,792,,,,,
v6p1i11_0109,train,k,5,silicon_die_upper,250.4453262358534,250.4453262358534,250.4453262358534,504,,,,,
v6p1i11_0109,train,k,6,silicon_die_upper,114.03601224843047,114.03601224843047,114.03601224843047,576,,,,,
v6p1i11_0109,train,q,0,silicon_die_upper,,,,512,0.5666574751757754,0.09820246598378815,2.2949218749999977e-10,39.486743483122524,2469179806.723381
v6p1i11_0109,train,q,1,silicon_die_lower,,,,336,0.49232044923413454,0.08531976420860113,1.5380859375000003e-10,48.433454883079676,3200864381.0524044
v6p1i11_0109,train,q,2,silicon_die_lower,,,,336,0.32344526448659167,0.05605347846776231,1.5380859374999997e-10,33.998651624860244,2102907624.3445709
v6p1i11_0109,train,q,3,silicon_die_upper,,,,512,0.5750536133935094,0.09965752748715304,2.2949218749999972e-10,40.09067550752714,2505765532.404061
v6p1i11_0109,train,q,4,silicon_die_upper,,,,384,0.6292411181718464,0.1090482914457337,1.7211914062499985e-10,57.19316021265675,3655846269.548773
v6p1i11_0109,train,q,5,silicon_die_upper,,,,432,0.8738106876051314,0.15143251097004473,1.9363403320312493e-10,66.09045038681978,4512691664.530332
v6p1i11_0109,train,q,6,silicon_die_lower,,,,384,0.7510912152811406,0.13016506928897129,1.7578124999999997e-10,64.7955173891776,4272874469.154934
v6p1i11_0109,train,q,7,silicon_die_lower,,,,576,0.694497684589633,0.12035733795901522,2.6367187500000006e-10,41.82917063461655,2633946774.1473484
v6p1i11_0109,train,q,8,silicon_die_lower,,,,512,0.8641803099329476,0.14976355418893053,2.3437499999999993e-10,53.82182468194226,3687169322.3805776
v6p1i11_0110,train,k,0,silicon_die_upper,236.35517072992334,236.35517072992334,236.35517072992334,512,,,,,
v6p1i11_0110,train,k,1,silicon_die_upper,132.05135617108627,132.05135617108627,132.05135617108627,616,,,,,
v6p1i11_0110,train,k,2,silicon_die_upper,215.73475724992446,215.73475724992446,215.73475724992446,576,,,,,
v6p1i11_0110,train,k,3,silicon_die_lower,30.42044532970632,30.42044532970632,30.42044532970632,432,,,,,
v6p1i11_0110,train,k,4,silicon_die_upper,131.0611289850786,131.0611289850786,131.0611289850786,448,,,,,
v6p1i11_0110,train,k,5,silicon_die_upper,376.9569064432732,376.9569064432732,376.9569064432732,640,,,,,
v6p1i11_0110,train,k,6,silicon_die_upper,42.83867780527814,42.83867780527814,42.83867780527814,720,,,,,
v6p1i11_0110,train,k,7,silicon_die_lower,21.50603212835882,21.50603212835882,21.50603212835882,384,,,,,
v6p1i11_0110,train,q,0,silicon_die_lower,,,,448,2.3406067626580214,0.27335704332275773,2.0507812499999977e-10,170.06546008094085,11413244404.580078
v6p1i11_0110,train,q,1,silicon_die_upper,,,,384,2.2396851606344437,0.2615705137883252,1.721191406249998e-10,206.5294378863169,13012411940.36694
v6p1i11_0110,train,q,2,silicon_die_lower,,,,336,1.650502227978371,0.1927604483742627,1.5380859375000003e-10,164.92280042583226,10730884326.665724
v6p1i11_0110,train,q,3,silicon_die_lower,,,,288,2.331658581635058,0.2723119945146545,1.3183593749999998e-10,258.350353082144,17686062130.328144
v6p1i11_0111,train,k,0,silicon_die_upper,41.49191915982806,41.49191915982806,41.49191915982806,616,,,,,
v6p1i11_0111,train,k,1,silicon_die_lower,58.713414149362684,58.713414149362684,58.713414149362684,704,,,,,
v6p1i11_0111,train,k,2,silicon_die_lower,108.62277529294344,108.62277529294344,108.62277529294344,504,,,,,
v6p1i11_0111,train,k,3,silicon_die_upper,211.83014494994904,211.83014494994904,211.83014494994904,704,,,,,
v6p1i11_0111,train,k,4,silicon_die_upper,30.83060589734861,30.83060589734861,30.83060589734861,480,,,,,
v6p1i11_0111,train,q,0,silicon_die_upper,,,,432,0.531162679291502,0.13075605123606424,1.9363403320312483e-10,40.51725490308288,2743126662.7303314
v6p1i11_0111,train,q,1,silicon_die_lower,,,,432,0.6630746559601826,0.1632287565905657,1.9775390624999976e-10,57.41925939198524,3353029371.3739643
v6p1i11_0111,train,q,2,silicon_die_upper,,,,320,0.3461333576856016,0.08520747563141824,1.4343261718749976e-10,34.29779867623338,2413212311.6259174
v6p1i11_0111,train,q,3,silicon_die_upper,,,,576,0.675496568466932,0.16628665258271064,2.581787109374997e-10,39.76424637622097,2616391436.823221
v6p1i11_0111,train,q,4,silicon_die_lower,,,,384,0.4039905598638061,0.09945015416914899,1.7578124999999997e-10,33.9638914337704,2298257407.2252083
v6p1i11_0111,train,q,5,silicon_die_upper,,,,392,0.4480690780947846,0.11030094096747482,1.7570495605468725e-10,34.57759899197122,2550122023.623087
v6p1i11_0111,train,q,6,silicon_die_lower,,,,392,0.406093800190033,0.09996790778885868,1.7944335937499996e-10,31.12615478883385,2263075109.6304426
v6p1i11_0111,train,q,7,silicon_die_upper,,,,384,0.5882209655197136,0.14480206103375867,1.7211914062499975e-10,52.62901298973991,3417522091.870568
v6p1i11_0112,train,k,0,silicon_die_lower,52.45861768881348,52.45861768881348,52.45861768881348,720,,,,,
v6p1i11_0112,train,k,1,silicon_die_lower,87.98767564400232,87.98767564400232,87.98767564400232,448,,,,,
v6p1i11_0112,train,k,2,silicon_die_lower,62.802496277394674,62.802496277394674,62.802496277394674,576,,,,,
v6p1i11_0112,train,k,3,silicon_die_upper,55.6712800155723,55.6712800155723,55.6712800155723,792,,,,,
v6p1i11_0112,train,q,0,silicon_die_lower,,,,384,1.275856261640332,0.17820030754381463,1.7578125000000002e-10,126.2528045164587,7258204510.664999
v6p1i11_0112,train,q,1,silicon_die_lower,,,,320,0.7492606253716052,0.10465009099068108,1.4648437499999997e-10,70.79177943065855,5114952535.870159
v6p1i11_0112,train,q,2,silicon_die_lower,,,,384,0.7573200945938727,0.1057757663016299,1.7578124999999976e-10,72.04210757730058,4308309871.467371
v6p1i11_0112,train,q,3,silicon_die_lower,,,,576,1.3272050899356542,0.18537225729188156,2.6367187499999985e-10,82.43588558602175,5033548192.941151
v6p1i11_0112,train,q,4,silicon_die_lower,,,,336,1.1179042438079951,0.15613896803312352,1.5380859374999997e-10,131.6339976685421,7268152035.932617
v6p1i11_0112,train,q,5,silicon_die_lower,,,,240,0.9930521033593243,0.13870072636407205,1.0986328124999998e-10,139.28854423589237,9038980923.02176
v6p1i11_0112,train,q,6,silicon_die_upper,,,,320,0.9390764394652596,0.1311618834747973,1.4343261718749997e-10,79.49520358934153,6547161014.552689
v6p1i11_0113,test_iid,k,0,silicon_die_upper,71.6578815224875,71.6578815224875,71.6578815224875,792,,,,,
v6p1i11_0113,test_iid,k,1,silicon_die_lower,140.81485578595283,140.81485578595283,140.81485578595283,880,,,,,
v6p1i11_0113,test_iid,k,2,silicon_die_lower,361.9328735376424,361.9328735376424,361.9328735376424,512,,,,,
v6p1i11_0113,test_iid,k,3,silicon_die_upper,339.1387931432071,339.1387931432071,339.1387931432071,800,,,,,
v6p1i11_0113,test_iid,q,0,silicon_die_upper,,,,432,2.6471691300202753,0.3358092521332893,1.9363403320312483e-10,217.7590415382103,13670991024.823399
v6p1i11_0113,test_iid,q,1,silicon_die_upper,,,,384,2.873962316156142,0.36457932555305145,1.7211914062499975e-10,243.9086180351579,16697517229.752588
v6p1i11_0113,test_iid,q,2,silicon_die_lower,,,,336,2.3618232764932294,0.2996114223136591,1.5380859374999997e-10,249.55493861022796,15355600223.041697
v6p1i11_0114,train,k,0,silicon_die_upper,186.35306719675256,186.35306719675256,186.35306719675256,392,,,,,
v6p1i11_0114,train,k,1,silicon_die_lower,21.265327160460888,21.265327160460888,21.265327160460888,880,,,,,
v6p1i11_0114,train,k,2,silicon_die_lower,32.28962208554876,32.28962208554876,32.28962208554876,560,,,,,
v6p1i11_0114,train,k,3,silicon_die_upper,207.265698166716,207.265698166716,207.265698166716,720,,,,,
v6p1i11_0114,train,k,4,silicon_die_lower,54.26647466825052,54.26647466825052,54.26647466825052,720,,,,,
v6p1i11_0114,train,k,5,silicon_die_lower,72.32681551307662,72.32681551307662,72.32681551307662,528,,,,,
v6p1i11_0114,train,q,0,silicon_die_upper,,,,576,1.804110286087987,0.1559144553439865,2.5817871093749965e-10,123.0337837645326,6987835207.391399
v6p1i11_0114,train,q,1,silicon_die_lower,,,,336,0.9287142179190911,0.08026115286502478,1.5380859374999992e-10,81.78168100650848,6038116566.026348
v6p1i11_0114,train,q,2,silicon_die_upper,,,,392,1.0768168184607123,0.09306044594402266,1.757049560546874e-10,103.76460612737768,6128551195.366156
v6p1i11_0114,train,q,3,silicon_die_upper,,,,280,0.6238087318292852,0.053910672430611324,1.255035400390625e-10,72.00452278876163,4970447300.810217
v6p1i11_0114,train,q,4,silicon_die_upper,,,,448,1.5242344820853369,0.13172708504765346,2.0080566406249968e-10,113.96671503483678,7590595062.15386
v6p1i11_0114,train,q,5,silicon_die_upper,,,,336,0.9421482667664125,0.08142214752552109,1.5060424804687488e-10,81.18941492071164,6255788126.727828
v6p1i11_0114,train,q,6,silicon_die_upper,,,,336,1.4766337717984448,0.1276133460619617,1.5060424804687488e-10,123.44382145902568,9804728558.113775
v6p1i11_0114,train,q,7,silicon_die_upper,,,,392,0.776788371894737,0.06713144803587871,1.7570495605468733e-10,63.848566428697374,4420981566.695053
v6p1i11_0114,train,q,8,silicon_die_lower,,,,504,1.2434090484605835,0.10745764605161258,2.30712890625e-10,92.11037964113947,5389421653.433387
v6p1i11_0114,train,q,9,silicon_die_lower,,,,384,1.1744907260968178,0.10150160069372709,1.7578125000000013e-10,106.39855145418043,6681547241.795225
v6p1i11_0115,train,k,0,silicon_die_upper,61.119892880531246,61.119892880531246,61.119892880531246,400,,,,,
v6p1i11_0115,train,k,1,silicon_die_lower,81.44433246700505,81.44433246700505,81.44433246700505,504,,,,,
v6p1i11_0115,train,k,2,silicon_die_upper,168.05469281733187,168.05469281733187,168.05469281733187,288,,,,,
v6p1i11_0115,train,k,3,silicon_die_lower,358.84312272740596,358.84312272740596,358.84312272740596,880,,,,,
v6p1i11_0115,train,k,4,silicon_die_lower,47.88604321031164,47.88604321031164,47.88604321031164,960,,,,,
v6p1i11_0115,train,k,5,silicon_die_upper,38.8442612206703,38.8442612206703,38.8442612206703,432,,,,,
v6p1i11_0115,train,k,6,silicon_die_upper,121.12643833419183,121.12643833419183,121.12643833419183,360,,,,,
v6p1i11_0115,train,k,7,silicon_die_upper,249.79517441678658,249.79517441678658,249.79517441678658,448,,,,,
v6p1i11_0115,train,q,0,silicon_die_lower,,,,336,0.28221353904267366,0.10253580826388721,1.5380859374999992e-10,27.475233826386695,1834835961.77586
v6p1i11_0115,train,q,1,silicon_die_upper,,,,448,0.6094502144934303,0.22142973916724132,2.0080566406249976e-10,43.764769425157894,3035025019.5320287
v6p1i11_0115,train,q,2,silicon_die_lower,,,,200,0.2572264264722482,0.09345731475049876,9.155273437500004e-11,34.837638102865654,2809598514.214208
v6p1i11_0115,train,q,3,silicon_die_lower,,,,448,0.4088816463164478,0.14855775605785637,2.0507812499999998e-10,28.503033831113104,1993784789.6573458
v6p1i11_0115,train,q,4,silicon_die_lower,,,,448,0.7216710397556874,0.26220259882995955,2.050781249999999e-10,56.86301893803396,3519005450.999163
v6p1i11_0115,train,q,5,silicon_die_lower,,,,432,0.4728984264011206,0.17181678293055683,1.9775390624999992e-10,37.585831450061455,2391348092.0234456
v6p1i11_0116,train,k,0,silicon_die_lower,85.86179509764003,85.86179509764003,85.86179509764003,480,,,,,
v6p1i11_0116,train,k,1,silicon_die_lower,45.950867053812466,45.950867053812466,45.950867053812466,384,,,,,
v6p1i11_0116,train,k,2,silicon_die_lower,94.11190186568808,94.11190186568808,94.11190186568808,432,,,,,
v6p1i11_0116,train,k,3,silicon_die_upper,362.5428509030963,362.5428509030963,362.5428509030963,968,,,,,
v6p1i11_0116,train,k,4,silicon_die_lower,238.21783503154933,238.21783503154933,238.21783503154933,432,,,,,
v6p1i11_0116,train,k,5,silicon_die_upper,62.28342752976005,62.28342752976005,62.28342752976005,800,,,,,
v6p1i11_0116,train,k,6,silicon_die_upper,24.452669534755227,24.452669534755227,24.452669534755227,432,,,,,
v6p1i11_0116,train,q,0,silicon_die_upper,,,,392,0.6476121654297093,0.18627031157354984,1.7570495605468725e-10,60.826662219979674,3685793388.9363
v6p1i11_0116,train,q,1,silicon_die_lower,,,,432,1.1018201097038787,0.316912476460914,1.9775390624999997e-10,85.30763304202648,5571673048.576652
v6p1i11_0116,train,q,2,silicon_die_upper,,,,288,0.7925045956751529,0.2279451897910699,1.290893554687499e-10,83.86313625910063,6139193993.163931
v6p1i11_0116,train,q,3,silicon_die_lower,,,,384,0.9347962701781215,0.2688720221744663,1.7578124999999995e-10,90.68719883572773,5317952114.791093
v6p1i11_0117,valid_iid,k,0,silicon_die_upper,23.80676704772185,23.80676704772185,23.80676704772185,480,,,,,
v6p1i11_0117,valid_iid,k,1,silicon_die_upper,121.3651128321078,121.3651128321078,121.3651128321078,576,,,,,
v6p1i11_0117,valid_iid,k,2,silicon_die_upper,30.787428183831732,30.787428183831732,30.787428183831732,648,,,,,
v6p1i11_0117,valid_iid,k,3,silicon_die_upper,37.24995165136999,37.24995165136999,37.24995165136999,864,,,,,
v6p1i11_0117,valid_iid,k,4,silicon_die_lower,169.03391298046893,169.03391298046893,169.03391298046893,360,,,,,
v6p1i11_0117,valid_iid,k,5,silicon_die_upper,29.86884708666787,29.86884708666787,29.86884708666787,704,,,,,
v6p1i11_0117,valid_iid,k,6,silicon_die_upper,216.58236948106932,216.58236948106932,216.58236948106932,504,,,,,
v6p1i11_0117,valid_iid,k,7,silicon_die_upper,34.081805612971145,34.081805612971145,34.081805612971145,384,,,,,
v6p1i11_0117,valid_iid,q,0,silicon_die_lower,,,,576,0.9598733649134723,0.12492435159591177,2.636718749999999e-10,57.924792521382365,3640408613.597763
v6p1i11_0117,valid_iid,q,1,silicon_die_upper,,,,280,0.9381416135648301,0.12209603585603555,1.2550354003906237e-10,104.06031388507479,7475021129.068057
v6p1i11_0117,valid_iid,q,2,silicon_die_lower,,,,504,0.9469380024126773,0.12324085684323097,2.307128906249998e-10,63.475888378038086,4104400061.2511425
v6p1i11_0117,valid_iid,q,3,silicon_die_upper,,,,384,0.9566118889102032,0.1244998812544613,1.72119140625e-10,73.19520125391283,5557847229.753464
v6p1i11_0117,valid_iid,q,4,silicon_die_upper,,,,512,1.2144778841929282,0.15806028978005132,2.2949218749999977e-10,74.92690083768396,5292022780.483233
v6p1i11_0117,valid_iid,q,5,silicon_die_upper,,,,432,1.1381585945256574,0.1481275860251098,1.9363403320312477e-10,84.95357071071034,5877885078.867893
v6p1i11_0117,valid_iid,q,6,silicon_die_upper,,,,384,0.8215870629817239,0.10692684563846973,1.7211914062499977e-10,65.98978464942029,4773362567.337795
v6p1i11_0117,valid_iid,q,7,silicon_die_upper,,,,336,0.7078485467941932,0.09212415300672946,1.5060424804687477e-10,64.79240753808612,4700056976.971055
v6p1i11_0118,test_iid,k,0,silicon_die_upper,36.71846290269173,36.71846290269173,36.71846290269173,384,,,,,
v6p1i11_0118,test_iid,k,1,silicon_die_upper,265.0089781730686,265.0089781730686,265.0089781730686,432,,,,,
v6p1i11_0118,test_iid,k,2,silicon_die_upper,51.768983365830856,51.768983365830856,51.768983365830856,432,,,,,
v6p1i11_0118,test_iid,k,3,silicon_die_upper,103.01550366630954,103.01550366630954,103.01550366630954,704,,,,,
v6p1i11_0118,test_iid,k,4,silicon_die_lower,139.15787986454293,139.15787986454293,139.15787986454293,640,,,,,
v6p1i11_0118,test_iid,q,0,silicon_die_upper,,,,360,1.5657821875646327,0.22717549927834696,1.6136169433593736e-10,141.09313758172635,9703555692.126322
v6p1i11_0118,test_iid,q,1,silicon_die_lower,,,,336,0.8922187458338499,0.12944983067253005,1.5380859374999985e-10,103.10743423025994,5800838068.151512
v6p1i11_0118,test_iid,q,2,silicon_die_lower,,,,384,1.5316244100425873,0.2222196310711101,1.7578125e-10,130.4902218360773,8713241088.242275
v6p1i11_0118,test_iid,q,3,silicon_die_lower,,,,512,1.7049151598864396,0.24736196116577486,2.3437500000000003e-10,97.71766707746684,7274304682.182141
v6p1i11_0118,test_iid,q,4,silicon_die_upper,,,,336,1.1978497083746633,0.17379307781223802,1.5060424804687503e-10,119.55214700629634,7953624973.459161
v6p1i11_0119,train,k,0,silicon_die_upper,31.244508996277048,31.244508996277048,31.244508996277048,392,,,,,
v6p1i11_0119,train,k,1,silicon_die_lower,356.4393547013655,356.4393547013655,356.4393547013655,528,,,,,
v6p1i11_0119,train,q,0,silicon_die_lower,,,,336,0.6215915723436195,0.0831335453815162,1.5380859374999997e-10,59.68888013601563,4041331873.5229616
v6p1i11_0119,train,q,1,silicon_die_upper,,,,576,0.9240058385836323,0.1235793481321752,2.581787109374998e-10,56.81632244061358,3578938926.561287
v6p1i11_0119,train,q,2,silicon_die_upper,,,,448,0.7859041062322565,0.1051092028719811,2.0080566406249986e-10,62.96233739973221,3913754673.7110333
v6p1i11_0119,train,q,3,silicon_die_upper,,,,384,0.5427276231975064,0.07258604122121261,1.7211914062499985e-10,47.9262374839695,3153208999.456721
v6p1i11_0119,train,q,4,silicon_die_lower,,,,512,0.9854939756495287,0.13180295839432785,2.343749999999999e-10,61.90093300761037,4204774296.104658
v6p1i11_0119,train,q,5,silicon_die_upper,,,,512,1.2550330792214186,0.16785193700966172,2.2949218749999972e-10,73.8568515710168,5468739885.628656
v6p1i11_0119,train,q,6,silicon_die_upper,,,,336,0.7289710683388377,0.09749480541228767,1.5060424804687488e-10,72.93750322000537,4840308807.969008
v6p1i11_0119,train,q,7,silicon_die_lower,,,,280,0.7336990361362041,0.09812713818984248,1.2817382812500001e-10,80.09422593126232,5724250003.835984
v6p1i11_0119,train,q,8,silicon_die_upper,,,,512,0.8995984018300962,0.12031502338699528,2.294921874999997e-10,54.15006659138287,3919952184.9958286
v6p1i11_0120,train,k,0,silicon_die_upper,53.597878989191486,53.597878989191486,53.597878989191486,720,,,,,
v6p1i11_0120,train,k,1,silicon_die_upper,28.30577606247737,28.30577606247737,28.30577606247737,576,,,,,
v6p1i11_0120,train,k,2,silicon_die_lower,190.11536246711427,190.11536246711427,190.11536246711427,528,,,,,
v6p1i11_0120,train,k,3,silicon_die_upper,60.87403834585796,60.87403834585796,60.87403834585796,616,,,,,
v6p1i11_0120,train,k,4,silicon_die_upper,222.83834603505366,222.83834603505366,222.83834603505366,336,,,,,
v6p1i11_0120,train,k,5,silicon_die_lower,84.23391238274681,84.23391238274681,84.23391238274681,640,,,,,
v6p1i11_0120,train,q,0,silicon_die_upper,,,,384,0.7310807917640469,0.1797208431316983,1.7211914062499988e-10,64.5127889726069,4247527550.447572
v6p1i11_0120,train,q,1,silicon_die_upper,,,,280,0.48045421809321565,0.11810956892129905,1.2550354003906235e-10,58.7228469674143,3828212478.657388
v6p1i11_0120,train,q,2,silicon_die_lower,,,,512,1.159954734352886,0.2851504856932255,2.34375e-10,84.87555197820305,4949140199.905647
v6p1i11_0120,train,q,3,silicon_die_upper,,,,360,0.7617380160084464,0.1872572772048551,1.613616943359374e-10,69.66383440776517,4720686772.305397
v6p1i11_0120,train,q,4,silicon_die_lower,,,,448,0.9346409356138384,0.2297618250489221,2.0507812499999977e-10,76.84014098297013,4557487228.89796
v6p1i11_0121,train,k,0,silicon_die_upper,43.0558298175021,43.0558298175021,43.0558298175021,880,,,,,
v6p1i11_0121,train,k,1,silicon_die_upper,260.213208698086,260.213208698086,260.213208698086,240,,,,,
v6p1i11_0121,train,k,2,silicon_die_upper,26.272387951501344,26.272387951501344,26.272387951501344,448,,,,,
v6p1i11_0121,train,k,3,silicon_die_lower,24.731793206340022,24.731793206340022,24.731793206340022,792,,,,,
v6p1i11_0121,train,q,0,silicon_die_lower,,,,504,0.891368743837892,0.08212650539065275,2.3071289062499988e-10,63.69647268804166,3863541137.312177
v6p1i11_0121,train,q,1,silicon_die_upper,,,,576,1.4504713722735816,0.1336395804738671,2.5817871093749985e-10,76.26750477066261,5618090535.066282
v6p1i11_0121,train,q,2,silicon_die_upper,,,,240,0.4538809036211823,0.04181844240742019,1.0757446289062494e-10,57.38599413664491,4219225375.846499
v6p1i11_0121,train,q,3,silicon_die_lower,,,,504,1.071755385179503,0.09874647840962793,2.3071289062499973e-10,71.60013185119884,4645407468.460581
v6p1i11_0121,train,q,4,silicon_die_lower,,,,448,1.322554528741479,0.12185392676711668,2.0507812499999995e-10,105.62006199436877,6449027797.291785
v6p1i11_0121,train,q,5,silicon_die_lower,,,,384,1.2917730623883352,0.11901786786348138,1.7578125e-10,101.13328216867285,7348753421.586974
v6p1i11_0121,train,q,6,silicon_die_upper,,,,360,1.0879595831134157,0.10023945666152488,1.613616943359374e-10,94.17714587331841,6742365885.47715
v6p1i11_0121,train,q,7,silicon_die_lower,,,,576,1.527366857457999,0.1407243672382361,2.6367187499999985e-10,95.71030448095088,5792680229.766637
v6p1i11_0121,train,q,8,silicon_die_lower,,,,512,1.756475711583238,0.161833374788073,2.343749999999999e-10,101.55919221379959,7494296369.421819
v6p1i11_0122,train,k,0,silicon_die_lower,21.854913712993802,21.854913712993802,21.854913712993802,528,,,,,
v6p1i11_0122,train,k,1,silicon_die_lower,22.5598274730572,22.5598274730572,22.5598274730572,320,,,,,
v6p1i11_0122,train,k,2,silicon_die_upper,25.89713816058194,25.89713816058194,25.89713816058194,800,,,,,
v6p1i11_0122,train,k,3,silicon_die_upper,96.02985740830655,96.02985740830655,96.02985740830655,560,,,,,
v6p1i11_0122,train,k,4,silicon_die_upper,29.951224010922132,29.951224010922132,29.951224010922132,504,,,,,
v6p1i11_0122,train,k,5,silicon_die_lower,24.737974652952236,24.737974652952236,24.737974652952236,504,,,,,
v6p1i11_0122,train,k,6,silicon_die_upper,161.21375922388685,161.21375922388685,161.21375922388685,384,,,,,
v6p1i11_0122,train,k,7,silicon_die_upper,386.30417832246377,386.30417832246377,386.30417832246377,448,,,,,
v6p1i11_0122,train,q,0,silicon_die_upper,,,,240,1.3451739910103961,0.13019716543161583,1.0757446289062491e-10,176.5152087883951,12504584776.575516
v6p1i11_0122,train,q,1,silicon_die_lower,,,,384,2.1673403510797087,0.2097732874125726,1.7578124999999987e-10,179.39536819464277,12329758441.697908
v6p1i11_0122,train,q,2,silicon_die_lower,,,,504,4.175198269233031,0.4041105339546577,2.3071289062499988e-10,300.2644499850595,18096944032.569847
v6p1i11_0122,train,q,3,silicon_die_lower,,,,384,2.644109794725552,0.2559190132011539,1.7578124999999987e-10,234.59600856135665,15042046832.216484
v6p1i11_0123,train,k,0,silicon_die_lower,78.32780493016568,78.32780493016568,78.32780493016568,720,,,,,
v6p1i11_0123,train,k,1,silicon_die_lower,20.570817246097373,20.570817246097373,20.570817246097373,792,,,,,
v6p1i11_0123,train,k,2,silicon_die_lower,25.154385938453142,25.154385938453142,25.154385938453142,720,,,,,
v6p1i11_0123,train,k,3,silicon_die_lower,169.65502404643917,169.65502404643917,169.65502404643917,640,,,,,
v6p1i11_0123,train,k,4,silicon_die_lower,97.02159915434801,97.02159915434801,97.02159915434801,336,,,,,
v6p1i11_0123,train,k,5,silicon_die_lower,28.273473104009025,28.273473104009025,28.273473104009025,616,,,,,
v6p1i11_0123,train,k,6,silicon_die_lower,78.27917195426633,78.27917195426633,78.27917195426633,800,,,,,
v6p1i11_0123,train,k,7,silicon_die_upper,110.14981533741498,110.14981533741498,110.14981533741498,448,,,,,
v6p1i11_0123,train,q,0,silicon_die_lower,,,,576,1.0966859821126933,0.23137207611369168,2.6367187499999996e-10,65.25803475570231,4159283132.1607337
v6p1i11_0123,train,q,1,silicon_die_upper,,,,384,0.6787167342883463,0.14319149005887702,1.7211914062499977e-10,57.77838319229034,3943296090.2766953
v6p1i11_0123,train,q,2,silicon_die_upper,,,,504,0.4664883552261117,0.09841684948284114,2.259063720703123e-10,36.916647208762974,2064963245.396723
v6p1i11_0123,train,q,3,silicon_die_upper,,,,320,0.5649338216974048,0.11918626965684982,1.4343261718749987e-10,54.097345922387646,3938670525.400123
v6p1i11_0123,train,q,4,silicon_die_upper,,,,288,0.3197121020956773,0.06745089663501155,1.2908935546874988e-10,35.08913228273044,2476672851.4116225
v6p1i11_0123,train,q,5,silicon_die_upper,,,,392,0.4295832600804852,0.0906308390639175,1.757049560546871e-10,37.73264382981355,2444912595.105058
v6p1i11_0123,train,q,6,silicon_die_lower,,,,504,0.6391316794431813,0.1348400781944195,2.30712890625e-10,45.74879350580708,2770246940.739969
v6p1i11_0123,train,q,7,silicon_die_lower,,,,448,0.5446717435461679,0.11491150079439179,2.05078125e-10,43.03855885381783,2655923168.5298853
v6p1i11_0124,train,k,0,silicon_die_upper,292.0182113394786,292.0182113394786,292.0182113394786,528,,,,,
v6p1i11_0124,train,k,1,silicon_die_lower,82.79971556591542,82.79971556591542,82.79971556591542,560,,,,,
v6p1i11_0124,train,k,2,silicon_die_upper,370.13637819641013,370.13637819641013,370.13637819641013,440,,,,,
v6p1i11_0124,train,k,3,silicon_die_lower,120.25436881989313,120.25436881989313,120.25436881989313,640,,,,,
v6p1i11_0124,train,q,0,silicon_die_lower,,,,448,0.4443186334177594,0.09418509858575809,2.05078125e-10,30.777217206241907,2166582288.6656456
v6p1i11_0124,train,q,1,silicon_die_lower,,,,336,0.5236277703243168,0.11099677002262143,1.5380859374999997e-10,54.59331819321231,3404411662.299051
v6p1i11_0124,train,q,2,silicon_die_upper,,,,432,0.4217771801322257,0.08940684073140408,1.936340332031247e-10,37.215112763682825,2178218225.1493764
v6p1i11_0124,train,q,3,silicon_die_lower,,,,288,0.2633050654936462,0.0558144801645794,1.3183593749999995e-10,30.247321626986434,1997217681.9666207
v6p1i11_0124,train,q,4,silicon_die_upper,,,,336,0.34971208252688935,0.07413073522500019,1.5060424804687482e-10,34.051819592492656,2322059882.5209975
v6p1i11_0124,train,q,5,silicon_die_lower,,,,392,0.47676184373129477,0.10106229601120524,1.7944335937499986e-10,34.39676225823306,2656893213.501204
v6p1i11_0124,train,q,6,silicon_die_upper,,,,360,0.5776961733753866,0.12245799961942629,1.613616943359374e-10,52.241717719008385,3580132049.014597
v6p1i11_0124,train,q,7,silicon_die_lower,,,,512,0.6425926532239417,0.1362145267886524,2.343749999999998e-10,43.451876459096546,2741728653.7554865
v6p1i11_0124,train,q,8,silicon_die_upper,,,,448,0.5303932158457455,0.11243088532971732,2.0080566406250002e-10,39.57678232419439,2641325972.163129
v6p1i11_0124,train,q,9,silicon_die_lower,,,,448,0.4873199563195634,0.10330036752163554,2.0507812499999995e-10,31.807124889285006,2376264929.863014
v6p1i11_0125,train,k,0,silicon_die_upper,53.67718406633199,53.67718406633199,53.67718406633199,576,,,,,
v6p1i11_0125,train,k,1,silicon_die_lower,268.53798991871383,268.53798991871383,268.53798991871383,720,,,,,
v6p1i11_0125,train,q,0,silicon_die_upper,,,,200,0.689306891937102,0.08332759699484368,8.964538574218738e-11,90.8929844256584,7689262377.870635
v6p1i11_0125,train,q,1,silicon_die_lower,,,,576,1.9417700799707835,0.23473294199300573,2.6367187500000006e-10,121.60359465702504,7364342821.815118
v6p1i11_0125,train,q,2,silicon_die_lower,,,,448,1.8162107488549462,0.2195545686667786,2.050781250000001e-10,145.31732645417472,8856189556.321257
v6p1i11_0125,train,q,3,silicon_die_upper,,,,512,1.3823470881685664,0.16710649845122486,2.2949218749999977e-10,90.19511986763027,6023503907.5941
v6p1i11_0125,train,q,4,silicon_die_lower,,,,448,1.0487806094903802,0.12678295979027485,2.05078125e-10,83.8880603119437,5114054019.610235
v6p1i11_0125,train,q,5,silicon_die_upper,,,,288,1.3938367140830925,0.16849543410387244,1.2908935546874988e-10,152.18287129489548,10797456606.87348
v6p1i11_0126,train,k,0,silicon_die_lower,344.1619571226362,344.1619571226362,344.1619571226362,288,,,,,
v6p1i11_0126,train,k,1,silicon_die_lower,163.9607504561403,163.9607504561403,163.9607504561403,448,,,,,
v6p1i11_0126,train,k,2,silicon_die_upper,56.260615377960484,56.260615377960484,56.260615377960484,720,,,,,
v6p1i11_0126,train,q,0,silicon_die_lower,,,,432,0.9297728073961292,0.12917415881601607,1.977539062499997e-10,71.00064297113146,4701665949.499446
v6p1i11_0126,train,q,1,silicon_die_lower,,,,384,1.1907521974635769,0.1654322563986835,1.7578124999999976e-10,124.03415361645706,6774056945.57058
v6p1i11_0126,train,q,2,silicon_die_lower,,,,512,1.3731869596720934,0.1907780793348073,2.3437499999999993e-10,84.29602610934293,5858931027.934267
v6p1i11_0126,train,q,3,silicon_die_lower,,,,336,0.6387637391302576,0.08874401147028821,1.5380859374999992e-10,62.51311047809145,4152978215.043709
v6p1i11_0126,train,q,4,silicon_die_lower,,,,384,1.504832774150315,0.2090677488235263,1.7578125e-10,117.74747640168303,8560826448.499569
v6p1i11_0126,train,q,5,silicon_die_lower,,,,288,0.6814963704236445,0.09468089374669839,1.3183593749999998e-10,69.0246147089052,5169276172.694904
v6p1i11_0126,train,q,6,silicon_die_upper,,,,512,0.8790187406167111,0.12212285140998005,2.2949218749999966e-10,62.91589937561024,3830277405.9213343
v6p1i11_0127,train,k,0,silicon_die_upper,156.8223803176469,156.8223803176469,156.8223803176469,672,,,,,
v6p1i11_0127,train,k,1,silicon_die_upper,86.56653767520206,86.56653767520206,86.56653767520206,792,,,,,
v6p1i11_0127,train,k,2,silicon_die_lower,218.38941077132634,218.38941077132634,218.38941077132634,504,,,,,
v6p1i11_0127,train,q,0,silicon_die_upper,,,,392,1.5491108826045004,0.25665460793897277,1.7570495605468736e-10,120.96160996745597,8816546313.709824
v6p1i11_0127,train,q,1,silicon_die_upper,,,,504,1.6471358997590302,0.27289526096679745,2.2590637207031237e-10,122.82486468297341,7291232578.629373
v6p1i11_0127,train,q,2,silicon_die_lower,,,,448,2.8395337362268354,0.4704501310942296,2.0507812499999992e-10,193.4555754560612,13846107361.41086
