layer_id,background_kx_W_mK,background_ky_W_mK,background_kz_W_mK,sampling_latent,distribution,sample_id
pcb_fr4_equivalent,0.7406571150241321,0.7406571150241321,0.2777464181340495,0.3272996423766017,correlated_log_uniform_axes,v6p1i6_0000
bt_substrate_with_vias,0.16232002615569122,0.16232002615569122,0.3976840640814435,0.03225735481828451,correlated_log_uniform_axes,v6p1i6_0000
silicon_interposer_tsv_0p1,141.6759933438152,141.6759933438152,145.28865890111774,0.7225331114605069,correlated_linear_axes,v6p1i6_0000
bump_underfill_under_interposer,0.7155899798123222,0.7155899798123222,5.8439848351339645,0.8947631306946278,correlated_log_uniform_axes,v6p1i6_0000
silicon_die_lower,114.28969400003552,114.28969400003552,114.28969400003552,0.2857938800007105,isotropic_linear,v6p1i6_0000
tim_between_dies,3.959584813902724,3.959584813902724,3.959584813902724,0.6307134451344609,isotropic_log_uniform,v6p1i6_0000
silicon_die_upper,128.55788352899253,128.55788352899253,128.55788352899253,0.5711576705798507,isotropic_linear,v6p1i6_0000
tim_to_spreader,1.9518302217178938,1.9518302217178938,1.9518302217178938,0.2217628639191389,isotropic_log_uniform,v6p1i6_0000
spreader,389.42706253379583,389.42706253379583,389.42706253379583,0.2951375022530556,isotropic_linear,v6p1i6_0000
pcb_fr4_equivalent,0.8599368153576654,0.8599368153576654,0.32247630575912445,0.6618850016966462,correlated_log_uniform_axes,v6p1i6_0001
bt_substrate_with_vias,0.21103539517292566,0.21103539517292566,0.5170367181736678,0.6203451817855239,correlated_log_uniform_axes,v6p1i6_0001
silicon_interposer_tsv_0p1,121.62532517686486,121.62532517686486,121.89621270634234,0.054177505895495415,correlated_linear_axes,v6p1i6_0001
bump_underfill_under_interposer,0.5891888094706834,0.5891888094706834,4.811708610677248,0.4592572506517172,correlated_log_uniform_axes,v6p1i6_0001
silicon_die_lower,143.76429771073163,143.76429771073163,143.76429771073163,0.8752859542146325,isotropic_linear,v6p1i6_0001
tim_between_dies,2.66575365149615,2.66575365149615,2.66575365149615,0.40197617653757334,isotropic_log_uniform,v6p1i6_0001
silicon_die_upper,117.66781620681286,117.66781620681286,117.66781620681286,0.35335632413625717,isotropic_linear,v6p1i6_0001
tim_to_spreader,7.095549216255492,7.095549216255492,7.095549216255492,0.9679513601586223,isotropic_log_uniform,v6p1i6_0001
spreader,396.7570752603933,396.7570752603933,396.7570752603933,0.7838050173595548,isotropic_linear,v6p1i6_0001
pcb_fr4_equivalent,0.9770435811512269,0.9770435811512269,0.36639134293171005,0.9479617029428482,correlated_log_uniform_axes,v6p1i6_0002
bt_substrate_with_vias,0.1862455528736283,0.1862455528736283,0.45630160454038926,0.34034630097448826,correlated_log_uniform_axes,v6p1i6_0002
silicon_interposer_tsv_0p1,144.59602740593255,144.59602740593255,148.6953653069213,0.8198675801977515,correlated_linear_axes,v6p1i6_0002
bump_underfill_under_interposer,0.6213236656567128,0.6213236656567128,5.074143269529822,0.5782511783763766,correlated_log_uniform_axes,v6p1i6_0002
silicon_die_lower,132.3759122285992,132.3759122285992,132.3759122285992,0.6475182445719838,isotropic_linear,v6p1i6_0002
tim_between_dies,1.640011382496478,1.640011382496478,1.640011382496478,0.12113159708678722,isotropic_log_uniform,v6p1i6_0002
silicon_die_upper,139.7692948114127,139.7692948114127,139.7692948114127,0.7953858962282538,isotropic_linear,v6p1i6_0002
tim_to_spreader,3.4257773709442985,3.4257773709442985,3.4257773709442985,0.5469944514334202,isotropic_log_uniform,v6p1i6_0002
spreader,394.33474987745285,394.33474987745285,394.33474987745285,0.6223166584968567,isotropic_linear,v6p1i6_0002
pcb_fr4_equivalent,0.6490821453815093,0.6490821453815093,0.24340580451806598,0.031574079766869545,correlated_log_uniform_axes,v6p1i6_0003
bt_substrate_with_vias,0.22425963212984346,0.22425963212984346,0.5494360987181165,0.7565323654562235,correlated_log_uniform_axes,v6p1i6_0003
silicon_interposer_tsv_0p1,131.8119814619422,131.8119814619422,133.78064503893256,0.3937327153980732,correlated_linear_axes,v6p1i6_0003
bump_underfill_under_interposer,0.48385475270034867,0.48385475270034867,3.9514804803861803,0.017922678031027317,correlated_log_uniform_axes,v6p1i6_0003
silicon_die_lower,102.53349943086505,102.53349943086505,102.53349943086505,0.05066998861730099,isotropic_linear,v6p1i6_0003
tim_between_dies,5.746204213438874,5.746204213438874,5.746204213438874,0.8460080865770578,isotropic_log_uniform,v6p1i6_0003
silicon_die_upper,100.75417757034302,100.75417757034302,100.75417757034302,0.015083551406860352,isotropic_linear,v6p1i6_0003
tim_to_spreader,2.0919971648648765,2.0919971648648765,2.0919971648648765,0.2618569368496537,isotropic_log_uniform,v6p1i6_0003
spreader,386.6684258310124,386.6684258310124,386.6684258310124,0.11122838873416185,isotropic_linear,v6p1i6_0003
pcb_fr4_equivalent,0.6872796773299401,0.6872796773299401,0.2577298789987275,0.15970242489129305,correlated_log_uniform_axes,v6p1i6_0004
bt_substrate_with_vias,0.19172177935452864,0.19172177935452864,0.4697183594185952,0.4052804550155997,correlated_log_uniform_axes,v6p1i6_0004
silicon_interposer_tsv_0p1,123.81448832340539,123.81448832340539,124.45023637730628,0.1271496107801795,correlated_linear_axes,v6p1i6_0004
bump_underfill_under_interposer,0.5181898090255005,0.5181898090255005,4.23188344037492,0.17153867427259684,correlated_log_uniform_axes,v6p1i6_0004
silicon_die_lower,110.62883706763387,110.62883706763387,110.62883706763387,0.21257674135267735,isotropic_linear,v6p1i6_0004
tim_between_dies,3.2518220868025933,3.2518220868025933,3.2518220868025933,0.5168665628880262,isotropic_log_uniform,v6p1i6_0004
silicon_die_upper,143.86646784842014,143.86646784842014,143.86646784842014,0.8773293569684029,isotropic_linear,v6p1i6_0004
tim_to_spreader,4.388383063378908,4.388383063378908,4.388383063378908,0.6901574125513434,isotropic_log_uniform,v6p1i6_0004
spreader,395.68916202522814,395.68916202522814,395.68916202522814,0.7126108016818762,isotropic_linear,v6p1i6_0004
pcb_fr4_equivalent,0.9235102931287954,0.9235102931287954,0.3463163599232982,0.8216992309316993,correlated_log_uniform_axes,v6p1i6_0005
bt_substrate_with_vias,0.24367423698460636,0.24367423698460636,0.5970018806122857,0.9425735613331199,correlated_log_uniform_axes,v6p1i6_0005
silicon_interposer_tsv_0p1,137.53675069659948,137.53675069659948,140.45954247936606,0.5845583565533161,correlated_linear_axes,v6p1i6_0005
bump_underfill_under_interposer,0.6655383360046963,0.6655383360046963,5.435229744038352,0.7322867615148425,correlated_log_uniform_axes,v6p1i6_0005
silicon_die_lower,131.11579944379628,131.11579944379628,131.11579944379628,0.6223159888759255,isotropic_linear,v6p1i6_0005
tim_between_dies,2.1021704057547708,2.1021704057547708,2.1021704057547708,0.26466151513159275,isotropic_log_uniform,v6p1i6_0005
silicon_die_upper,107.97902601771057,107.97902601771057,107.97902601771057,0.15958052035421133,isotropic_linear,v6p1i6_0005
tim_to_spreader,3.1504123368256036,3.1504123368256036,3.1504123368256036,0.4985502678900957,isotropic_log_uniform,v6p1i6_0005
spreader,388.12125705648214,388.12125705648214,388.12125705648214,0.20808380376547575,isotropic_linear,v6p1i6_0005
pcb_fr4_equivalent,0.813393840538369,0.813393840538369,0.3050226902018884,0.5372040625661612,correlated_log_uniform_axes,v6p1i6_0006
bt_substrate_with_vias,0.17660339585506174,0.17660339585506174,0.43267831984490124,0.22123135812580585,correlated_log_uniform_axes,v6p1i6_0006
silicon_interposer_tsv_0p1,128.62511350773275,128.62511350773275,130.0626324256882,0.28750378359109163,correlated_linear_axes,v6p1i6_0006
bump_underfill_under_interposer,0.5624533251630497,0.5624533251630497,4.593368822164906,0.3552019502967596,correlated_log_uniform_axes,v6p1i6_0006
silicon_die_lower,142.67684579826891,142.67684579826891,142.67684579826891,0.8535369159653783,isotropic_linear,v6p1i6_0006
tim_between_dies,1.9700395303126488,1.9700395303126488,1.9700395303126488,0.22713140863925219,isotropic_log_uniform,v6p1i6_0006
silicon_die_upper,136.1706830561161,136.1706830561161,136.1706830561161,0.7234136611223221,isotropic_linear,v6p1i6_0006
tim_to_spreader,1.3703547319473963,1.3703547319473963,1.3703547319473963,0.01728061307221651,isotropic_log_uniform,v6p1i6_0006
spreader,390.783312888816,390.783312888816,390.783312888816,0.38555419258773327,isotropic_linear,v6p1i6_0006
pcb_fr4_equivalent,0.7824069174799445,0.7824069174799445,0.29340259405497915,0.45017385110259056,correlated_log_uniform_axes,v6p1i6_0007
bt_substrate_with_vias,0.21676757535342633,0.21676757535342633,0.5310805596158946,0.6803958285599947,correlated_log_uniform_axes,v6p1i6_0007
silicon_interposer_tsv_0p1,149.61211094632745,149.61211094632745,154.54746277071536,0.9870703648775816,correlated_linear_axes,v6p1i6_0007
bump_underfill_under_interposer,0.6831397436375071,0.6831397436375071,5.578974573039641,0.790776465088129,correlated_log_uniform_axes,v6p1i6_0007
silicon_die_lower,122.60289518162608,122.60289518162608,122.60289518162608,0.45205790363252163,isotropic_linear,v6p1i6_0007
tim_between_dies,7.38466016933866,7.38466016933866,7.38466016933866,0.9910401189699769,isotropic_log_uniform,v6p1i6_0007
silicon_die_upper,122.15828816406429,122.15828816406429,122.15828816406429,0.44316576328128576,isotropic_linear,v6p1i6_0007
tim_to_spreader,5.256114229588782,5.256114229588782,5.256114229588782,0.794469527900219,isotropic_log_uniform,v6p1i6_0007
spreader,398.2190689118579,398.2190689118579,398.2190689118579,0.8812712607905269,isotropic_linear,v6p1i6_0007
pcb_fr4_equivalent,0.7702177223520795,0.7702177223520795,0.2888316458820298,0.41499082930386066,correlated_log_uniform_axes,v6p1i6_0008
bt_substrate_with_vias,0.17966682559121844,0.17966682559121844,0.44018372269848516,0.25976630486547947,correlated_log_uniform_axes,v6p1i6_0008
silicon_interposer_tsv_0p1,130.54053431376815,130.54053431376815,132.2972900327295,0.3513511437922716,correlated_linear_axes,v6p1i6_0008
bump_underfill_under_interposer,0.6502943757734273,0.6502943757734273,5.310737402149655,0.6803670562803745,correlated_log_uniform_axes,v6p1i6_0008
silicon_die_lower,148.30516097135842,148.30516097135842,148.30516097135842,0.9661032194271684,isotropic_linear,v6p1i6_0008
tim_between_dies,4.885901084178236,4.885901084178236,4.885901084178236,0.7522441307082772,isotropic_log_uniform,v6p1i6_0008
silicon_die_upper,147.25064528174698,147.25064528174698,147.25064528174698,0.9450129056349397,isotropic_linear,v6p1i6_0008
tim_to_spreader,4.265795449614313,4.265795449614313,4.265795449614313,0.6737778251990676,isotropic_log_uniform,v6p1i6_0008
spreader,395.24109611753374,395.24109611753374,395.24109611753374,0.6827397411689162,isotropic_linear,v6p1i6_0008
pcb_fr4_equivalent,0.8233708396933833,0.8233708396933833,0.3087640648850187,0.5645211711525917,correlated_log_uniform_axes,v6p1i6_0009
bt_substrate_with_vias,0.2315611117691104,0.2315611117691104,0.5673247238343205,0.8283232990652323,correlated_log_uniform_axes,v6p1i6_0009
silicon_interposer_tsv_0p1,147.75666411034763,147.75666411034763,152.38277479540557,0.9252221370115876,correlated_linear_axes,v6p1i6_0009
bump_underfill_under_interposer,0.5354383636585176,0.5354383636585176,4.37274663654456,0.24490888975560665,correlated_log_uniform_axes,v6p1i6_0009
silicon_die_lower,118.44024145975709,118.44024145975709,118.44024145975709,0.3688048291951418,isotropic_linear,v6p1i6_0009
tim_between_dies,1.39451155769563,1.39451155769563,1.39451155769563,0.027383138425648212,isotropic_log_uniform,v6p1i6_0009
silicon_die_upper,111.26609249040484,111.26609249040484,111.26609249040484,0.22532184980809689,isotropic_linear,v6p1i6_0009
tim_to_spreader,2.6041749752717633,2.6041749752717633,2.6041749752717633,0.38846483267843723,isotropic_log_uniform,v6p1i6_0009
spreader,387.6882991101593,387.6882991101593,387.6882991101593,0.1792199406772852,isotropic_linear,v6p1i6_0009
pcb_fr4_equivalent,0.912295023027419,0.912295023027419,0.3421106336352821,0.7943210760131478,correlated_log_uniform_axes,v6p1i6_0010
bt_substrate_with_vias,0.16855713388741572,0.16855713388741572,0.4129649780241685,0.1167431240901351,correlated_log_uniform_axes,v6p1i6_0010
silicon_interposer_tsv_0p1,125.73079951107502,125.73079951107502,126.68593276292086,0.19102665036916733,correlated_linear_axes,v6p1i6_0010
bump_underfill_under_interposer,0.7082829297880181,0.7082829297880181,5.784310593268813,0.8717651171609759,correlated_log_uniform_axes,v6p1i6_0010
silicon_die_lower,105.41420793160796,105.41420793160796,105.41420793160796,0.10828415863215923,isotropic_linear,v6p1i6_0010
tim_between_dies,3.1349873351585087,3.1349873351585087,3.1349873351585087,0.4957126993685961,isotropic_log_uniform,v6p1i6_0010
silicon_die_upper,132.86540140397847,132.86540140397847,132.86540140397847,0.6573080280795693,isotropic_linear,v6p1i6_0010
tim_to_spreader,1.5720135981704646,1.5720135981704646,1.5720135981704646,0.0966503294184804,isotropic_log_uniform,v6p1i6_0010
spreader,392.1534842858091,392.1534842858091,392.1534842858091,0.4768989523872733,isotropic_linear,v6p1i6_0010
pcb_fr4_equivalent,0.6981373059664886,0.6981373059664886,0.26180148973743317,0.19482440780848265,correlated_log_uniform_axes,v6p1i6_0011
bt_substrate_with_vias,0.20402517744946613,0.20402517744946613,0.4998616847511921,0.5446484750136733,correlated_log_uniform_axes,v6p1i6_0011
silicon_interposer_tsv_0p1,135.68041347898543,135.68041347898543,138.293815725483,0.5226804492995143,correlated_linear_axes,v6p1i6_0011
bump_underfill_under_interposer,0.5515548900248639,0.5515548900248639,4.504364935203055,0.3113584453240037,correlated_log_uniform_axes,v6p1i6_0011
silicon_die_lower,134.86630492843688,134.86630492843688,134.86630492843688,0.6973260985687375,isotropic_linear,v6p1i6_0011
tim_between_dies,4.6566795519254995,4.6566795519254995,4.6566795519254995,0.7244645114988089,isotropic_log_uniform,v6p1i6_0011
silicon_die_upper,118.75589555129409,118.75589555129409,118.75589555129409,0.37511791102588177,isotropic_linear,v6p1i6_0011
tim_to_spreader,5.711849500486954,5.711849500486954,5.711849500486954,0.8425412774085999,isotropic_log_uniform,v6p1i6_0011
spreader,399.60434827022254,399.60434827022254,399.60434827022254,0.9736232180148363,isotropic_linear,v6p1i6_0011
pcb_fr4_equivalent,0.6593564969940753,0.6593564969940753,0.24725868637277823,0.06676459684967995,correlated_log_uniform_axes,v6p1i6_0012
bt_substrate_with_vias,0.17306021410871875,0.17306021410871875,0.42399752456636103,0.17581905610859394,correlated_log_uniform_axes,v6p1i6_0012
silicon_interposer_tsv_0p1,142.67997331917286,142.67997331917286,146.45996887236834,0.7559991106390953,correlated_linear_axes,v6p1i6_0012
bump_underfill_under_interposer,0.5682272494361124,0.5682272494361124,4.6405225370615835,0.37808693293482065,correlated_log_uniform_axes,v6p1i6_0012
silicon_die_lower,126.57484454102814,126.57484454102814,126.57484454102814,0.5314968908205628,isotropic_linear,v6p1i6_0012
tim_between_dies,6.2790915705106904,6.2790915705106904,6.2790915705106904,0.897279741242528,isotropic_log_uniform,v6p1i6_0012
silicon_die_upper,125.63750175759196,125.63750175759196,125.63750175759196,0.5127500351518393,isotropic_linear,v6p1i6_0012
tim_to_spreader,1.6973217993536769,1.6973217993536769,1.6973217993536769,0.14098933897912502,isotropic_log_uniform,v6p1i6_0012
spreader,389.8732384061441,389.8732384061441,389.8732384061441,0.3248825604096055,isotropic_linear,v6p1i6_0012
pcb_fr4_equivalent,0.9652078335185711,0.9652078335185711,0.3619529375694642,0.9206523578613997,correlated_log_uniform_axes,v6p1i6_0013
bt_substrate_with_vias,0.22188149069399868,0.22188149069399868,0.5436096522002968,0.7326440680772066,correlated_log_uniform_axes,v6p1i6_0013
silicon_interposer_tsv_0p1,133.66714560426772,133.66714560426772,135.945003204979,0.4555715201422572,correlated_linear_axes,v6p1i6_0013
bump_underfill_under_interposer,0.7297897653738704,0.7297897653738704,5.959949750553275,0.938791180960834,correlated_log_uniform_axes,v6p1i6_0013
silicon_die_lower,106.47838721051812,106.47838721051812,106.47838721051812,0.12956774421036243,isotropic_linear,v6p1i6_0013
tim_between_dies,1.675148229257319,1.675148229257319,1.675148229257319,0.13338700495660305,isotropic_log_uniform,v6p1i6_0013
silicon_die_upper,114.64956668205559,114.64956668205559,114.64956668205559,0.29299133364111185,isotropic_linear,v6p1i6_0013
tim_to_spreader,6.512201065894005,6.512201065894005,6.512201065894005,0.9183537317439914,isotropic_log_uniform,v6p1i6_0013
spreader,397.18814669176936,397.18814669176936,397.18814669176936,0.8125431127846241,isotropic_linear,v6p1i6_0013
pcb_fr4_equivalent,0.8705054053931868,0.8705054053931868,0.326439527022445,0.6892553931102157,correlated_log_uniform_axes,v6p1i6_0014
bt_substrate_with_vias,0.19530621459605585,0.19530621459605585,0.4785002257603369,0.44678603019565344,correlated_log_uniform_axes,v6p1i6_0014
silicon_interposer_tsv_0p1,139.7589415870607,139.7589415870607,143.05209851823747,0.6586313862353563,correlated_linear_axes,v6p1i6_0014
bump_underfill_under_interposer,0.4951297608788941,0.4951297608788941,4.043559713844302,0.06953767500817776,correlated_log_uniform_axes,v6p1i6_0014
silicon_die_lower,119.7221009992063,119.7221009992063,119.7221009992063,0.3944420199841261,isotropic_linear,v6p1i6_0014
tim_between_dies,2.4722158181703042,2.4722158181703042,2.4722158181703042,0.35840161237865686,isotropic_log_uniform,v6p1i6_0014
silicon_die_upper,142.7571221254766,142.7571221254766,142.7571221254766,0.855142442509532,isotropic_linear,v6p1i6_0014
tim_to_spreader,3.5387656058066965,3.5387656058066965,3.5387656058066965,0.565754409879446,isotropic_log_uniform,v6p1i6_0014
spreader,392.9663505544886,392.9663505544886,392.9663505544886,0.5310900369659066,isotropic_linear,v6p1i6_0014
pcb_fr4_equivalent,0.729135767304755,0.729135767304755,0.27342591273928313,0.2921701641753316,correlated_log_uniform_axes,v6p1i6_0015
bt_substrate_with_vias,0.23847346476809264,0.23847346476809264,0.584259988681827,0.8942320486530662,correlated_log_uniform_axes,v6p1i6_0015
silicon_interposer_tsv_0p1,123.48148698918521,123.48148698918521,124.06173482071608,0.1160495663061738,correlated_linear_axes,v6p1i6_0015
bump_underfill_under_interposer,0.6013904378849045,0.6013904378849045,4.911355242726719,0.5051866061985493,correlated_log_uniform_axes,v6p1i6_0015
silicon_die_lower,140.18655666150153,140.18655666150153,140.18655666150153,0.8037311332300305,isotropic_linear,v6p1i6_0015
tim_between_dies,3.824340238527227,3.824340238527227,3.824340238527227,0.6106216805055737,isotropic_log_uniform,v6p1i6_0015
silicon_die_upper,103.64413713105023,103.64413713105023,103.64413713105023,0.07288274262100458,isotropic_linear,v6p1i6_0015
tim_to_spreader,2.5417813448335056,2.5417813448335056,2.5417813448335056,0.3744448134675622,isotropic_log_uniform,v6p1i6_0015
spreader,385.28492206707597,385.28492206707597,385.28492206707597,0.018994804471731186,isotropic_linear,v6p1i6_0015
pcb_fr4_equivalent,0.720825076661824,0.720825076661824,0.27030940374818396,0.26648388151079416,correlated_log_uniform_axes,v6p1i6_0016
bt_substrate_with_vias,0.19918892594273896,0.19918892594273896,0.4880128685597105,0.490894615650177,correlated_log_uniform_axes,v6p1i6_0016
silicon_interposer_tsv_0p1,146.33288031443954,146.33288031443954,150.72169370017946,0.8777626771479845,correlated_linear_axes,v6p1i6_0016
bump_underfill_under_interposer,0.5539611331296592,0.5539611331296592,4.524015920558884,0.3211126262322068,correlated_log_uniform_axes,v6p1i6_0016
silicon_die_lower,101.34780970402062,101.34780970402062,101.34780970402062,0.026956194080412388,isotropic_linear,v6p1i6_0016
tim_between_dies,1.8106907286257288,1.8106907286257288,1.8106907286257288,0.17836917005479336,isotropic_log_uniform,v6p1i6_0016
silicon_die_upper,116.24804749153554,116.24804749153554,116.24804749153554,0.3249609498307109,isotropic_linear,v6p1i6_0016
tim_to_spreader,3.8372384161220556,3.8372384161220556,3.8372384161220556,0.6125682219862938,isotropic_log_uniform,v6p1i6_0016
spreader,386.92530939821154,386.92530939821154,386.92530939821154,0.12835395988076925,isotropic_linear,v6p1i6_0016
pcb_fr4_equivalent,0.8920969237718233,0.8920969237718233,0.33453634641443364,0.7441546199843287,correlated_log_uniform_axes,v6p1i6_0017
bt_substrate_with_vias,0.24107828294466885,0.24107828294466885,0.5906417932144388,0.9185743629932404,correlated_log_uniform_axes,v6p1i6_0017
silicon_interposer_tsv_0p1,130.03255541436374,130.03255541436374,131.70464798342437,0.33441851381212473,correlated_linear_axes,v6p1i6_0017
bump_underfill_under_interposer,0.6739465557399472,0.6739465557399472,5.503896871876235,0.7604179186746478,correlated_log_uniform_axes,v6p1i6_0017
silicon_die_lower,134.34900576248765,134.34900576248765,134.34900576248765,0.686980115249753,isotropic_linear,v6p1i6_0017
tim_between_dies,6.4736224429933005,6.4736224429933005,6.4736224429933005,0.9149186927825212,isotropic_log_uniform,v6p1i6_0017
silicon_die_upper,130.36062996834517,130.36062996834517,130.36062996834517,0.6072125993669033,isotropic_linear,v6p1i6_0017
tim_to_spreader,2.3440731322374297,2.3440731322374297,2.3440731322374297,0.32763094175606966,isotropic_log_uniform,v6p1i6_0017
spreader,394.60631160996854,394.60631160996854,394.60631160996854,0.6404207739979029,isotropic_linear,v6p1i6_0017
pcb_fr4_equivalent,0.9546207276750843,0.9546207276750843,0.35798277287815655,0.8959388229995966,correlated_log_uniform_axes,v6p1i6_0018
bt_substrate_with_vias,0.1700036223721664,0.1700036223721664,0.4165088748118077,0.13588994462043047,correlated_log_uniform_axes,v6p1i6_0018
silicon_interposer_tsv_0p1,136.12802870571613,136.12802870571613,138.81603349000216,0.5376009568572044,correlated_linear_axes,v6p1i6_0018
bump_underfill_under_interposer,0.5103771145273437,0.5103771145273437,4.1680797686399735,0.13749845884740353,correlated_log_uniform_axes,v6p1i6_0018
silicon_die_lower,145.71271305903792,145.71271305903792,145.71271305903792,0.9142542611807585,isotropic_linear,v6p1i6_0018
tim_between_dies,3.612018219704465,3.612018219704465,3.612018219704465,0.5775994854047894,isotropic_log_uniform,v6p1i6_0018
silicon_die_upper,102.07037753425539,102.07037753425539,102.07037753425539,0.04140755068510771,isotropic_linear,v6p1i6_0018
tim_to_spreader,1.7436369092962716,1.7436369092962716,1.7436369092962716,0.1565533895045519,isotropic_log_uniform,v6p1i6_0018
spreader,399.2982006678358,399.2982006678358,399.2982006678358,0.9532133778557181,isotropic_linear,v6p1i6_0018
pcb_fr4_equivalent,0.6765914003244734,0.6765914003244734,0.25372177512167754,0.12458206713199615,correlated_log_uniform_axes,v6p1i6_0019
bt_substrate_with_vias,0.2190810479347101,0.2190810479347101,0.5367485674400396,0.7041833074763417,correlated_log_uniform_axes,v6p1i6_0019
silicon_interposer_tsv_0p1,127.09409737028182,127.09409737028182,128.27644693199545,0.23646991234272718,correlated_linear_axes,v6p1i6_0019
bump_underfill_under_interposer,0.6565651044935955,0.6565651044935955,5.361948353364363,0.7018705047667027,correlated_log_uniform_axes,v6p1i6_0019
silicon_die_lower,113.1285818759352,113.1285818759352,113.1285818759352,0.26257163751870394,isotropic_linear,v6p1i6_0019
tim_between_dies,2.3507902961824003,2.3507902961824003,2.3507902961824003,0.32928525004535913,isotropic_log_uniform,v6p1i6_0019
silicon_die_upper,138.057910092175,138.057910092175,138.057910092175,0.7611582018435001,isotropic_linear,v6p1i6_0019
tim_to_spreader,6.339220988265568,6.339220988265568,6.339220988265568,0.9027896216139197,isotropic_log_uniform,v6p1i6_0019
spreader,391.9828638713807,391.9828638713807,391.9828638713807,0.4655242580920458,isotropic_linear,v6p1i6_0019
pcb_fr4_equivalent,0.7143921780280066,0.7143921780280066,0.26789706676050246,0.24639722611755133,correlated_log_uniform_axes,v6p1i6_0020
bt_substrate_with_vias,0.16514666626581315,0.16514666626581315,0.4046093323512423,0.07094121724367142,correlated_log_uniform_axes,v6p1i6_0020
silicon_interposer_tsv_0p1,134.1567999869585,134.1567999869585,136.5162666514516,0.4718933328986168,correlated_linear_axes,v6p1i6_0020
bump_underfill_under_interposer,0.6309186019783566,0.6309186019783566,5.152501916156578,0.6125894077122211,correlated_log_uniform_axes,v6p1i6_0020
silicon_die_lower,123.75811827369034,123.75811827369034,123.75811827369034,0.47516236547380686,isotropic_linear,v6p1i6_0020
tim_between_dies,1.4091660147682403,1.4091660147682403,1.4091660147682403,0.03342678118497133,isotropic_log_uniform,v6p1i6_0020
silicon_die_upper,106.56695272773504,106.56695272773504,106.56695272773504,0.13133905455470085,isotropic_linear,v6p1i6_0020
tim_to_spreader,1.5299341119761691,1.5299341119761691,1.5299341119761691,0.08096420112997293,isotropic_log_uniform,v6p1i6_0020
spreader,397.9620995139703,397.9620995139703,397.9620995139703,0.864139967598021,isotropic_linear,v6p1i6_0020
pcb_fr4_equivalent,0.9033103921657147,0.9033103921657147,0.338741397062143,0.772144322283566,correlated_log_uniform_axes,v6p1i6_0021
bt_substrate_with_vias,0.20162698274635324,0.20162698274635324,0.49398610772856544,0.5181542411446571,correlated_log_uniform_axes,v6p1i6_0021
silicon_interposer_tsv_0p1,144.12940585054457,144.12940585054457,148.150973492302,0.8043135283514857,correlated_linear_axes,v6p1i6_0021
bump_underfill_under_interposer,0.4904025402598207,0.4904025402598207,4.004954078788536,0.04804185591638088,correlated_log_uniform_axes,v6p1i6_0021
silicon_die_lower,140.74652651324868,140.74652651324868,140.74652651324868,0.8149305302649736,isotropic_linear,v6p1i6_0021
tim_between_dies,5.390542563763393,5.390542563763393,5.390542563763393,0.8090695599094033,isotropic_log_uniform,v6p1i6_0021
silicon_die_upper,145.67681341432035,145.67681341432035,145.67681341432035,0.913536268286407,isotropic_linear,v6p1i6_0021
tim_to_spreader,5.868949480192141,5.868949480192141,5.868949480192141,0.8582274653017521,isotropic_log_uniform,v6p1i6_0021
spreader,390.5117225460708,390.5117225460708,390.5117225460708,0.3674481697380543,isotropic_linear,v6p1i6_0021
pcb_fr4_equivalent,0.8436395688455235,0.8436395688455235,0.3163648383170713,0.6190122328698635,correlated_log_uniform_axes,v6p1i6_0022
bt_substrate_with_vias,0.18308038100754723,0.18308038100754723,0.4485469334684907,0.30193900037556887,correlated_log_uniform_axes,v6p1i6_0022
silicon_interposer_tsv_0p1,122.09253972396255,122.09253972396255,122.44129634462297,0.06975132413208485,correlated_linear_axes,v6p1i6_0022
bump_underfill_under_interposer,0.7266222488350277,0.7266222488350277,5.9340816988193925,0.9290446294471622,correlated_log_uniform_axes,v6p1i6_0022
silicon_die_lower,129.16123112663627,129.16123112663627,129.16123112663627,0.5832246225327253,isotropic_linear,v6p1i6_0022
tim_between_dies,4.579191816866797,4.579191816866797,4.579191816866797,0.714763468131423,isotropic_log_uniform,v6p1i6_0022
silicon_die_upper,123.47899917513132,123.47899917513132,123.47899917513132,0.4695799835026264,isotropic_linear,v6p1i6_0022
tim_to_spreader,3.9331574710975303,3.9331574710975303,3.9331574710975303,0.6268419353291392,isotropic_log_uniform,v6p1i6_0022
spreader,385.5800458183512,385.5800458183512,385.5800458183512,0.038669721223413944,isotropic_linear,v6p1i6_0022
pcb_fr4_equivalent,0.7629634726518052,0.7629634726518052,0.2861113022444269,0.3937868233770132,correlated_log_uniform_axes,v6p1i6_0023
bt_substrate_with_vias,0.23470156275893816,0.23470156275893816,0.5750188287593985,0.8585077719762921,correlated_log_uniform_axes,v6p1i6_0023
silicon_interposer_tsv_0p1,139.32965154759586,139.32965154759586,142.55126013886184,0.6443217182531953,correlated_linear_axes,v6p1i6_0023
bump_underfill_under_interposer,0.5971753802064751,0.5971753802064751,4.876932271686213,0.4894265020266175,correlated_log_uniform_axes,v6p1i6_0023
silicon_die_lower,111.80820860899985,111.80820860899985,111.80820860899985,0.23616417217999697,isotropic_linear,v6p1i6_0023
tim_between_dies,2.861998630923666,2.861998630923666,2.861998630923666,0.4430424887686968,isotropic_log_uniform,v6p1i6_0023
silicon_die_upper,134.4639068003744,134.4639068003744,134.4639068003744,0.6892781360074878,isotropic_linear,v6p1i6_0023
tim_to_spreader,2.824417528783729,2.824417528783729,2.824417528783729,0.43540078215301037,isotropic_log_uniform,v6p1i6_0023
spreader,393.1333320774138,393.1333320774138,393.1333320774138,0.5422221384942532,isotropic_linear,v6p1i6_0023
pcb_fr4_equivalent,0.7969412737589675,0.7969412737589675,0.2988529776596127,0.49141643196344376,correlated_log_uniform_axes,v6p1i6_0024
bt_substrate_with_vias,0.17622698169139298,0.17622698169139298,0.4317561051439128,0.21645039040595293,correlated_log_uniform_axes,v6p1i6_0024
silicon_interposer_tsv_0p1,120.19810809753835,120.19810809753835,120.23112611379474,0.0066036032512784,correlated_linear_axes,v6p1i6_0024
bump_underfill_under_interposer,0.5014636441680794,0.5014636441680794,4.095286427372647,0.09801987651735544,correlated_log_uniform_axes,v6p1i6_0024
silicon_die_lower,136.05793165042996,136.05793165042996,136.05793165042996,0.7211586330085993,isotropic_linear,v6p1i6_0024
tim_between_dies,2.227145215721055,2.227145215721055,2.227145215721055,0.29804849065840244,isotropic_log_uniform,v6p1i6_0024
silicon_die_upper,109.55475033260882,109.55475033260882,109.55475033260882,0.19109500665217638,isotropic_linear,v6p1i6_0024
tim_to_spreader,1.4077478356562312,1.4077478356562312,1.4077478356562312,0.032844663597643375,isotropic_log_uniform,v6p1i6_0024
spreader,396.5791102871299,396.5791102871299,396.5791102871299,0.7719406858086586,isotropic_linear,v6p1i6_0024
pcb_fr4_equivalent,0.8104724080441463,0.8104724080441463,0.3039271530165548,0.5291417110711336,correlated_log_uniform_axes,v6p1i6_0025
bt_substrate_with_vias,0.21217493522146974,0.21217493522146974,0.5198285912926008,0.6324119241908193,correlated_log_uniform_axes,v6p1i6_0025
silicon_interposer_tsv_0p1,141.16412350907922,141.16412350907922,144.6914774272591,0.7054707836359739,correlated_linear_axes,v6p1i6_0025
bump_underfill_under_interposer,0.610057069774058,0.610057069774058,4.98213273648814,0.5372469974681735,correlated_log_uniform_axes,v6p1i6_0025
silicon_die_lower,103.44747905619442,103.44747905619442,103.44747905619442,0.06894958112388849,isotropic_linear,v6p1i6_0025
tim_between_dies,3.421941480047226,3.421941480047226,3.421941480047226,0.546346751973033,isotropic_log_uniform,v6p1i6_0025
silicon_die_upper,148.56679076328874,148.56679076328874,148.56679076328874,0.9713358152657747,isotropic_linear,v6p1i6_0025
tim_to_spreader,5.116498907786155,5.116498907786155,5.116498907786155,0.7789054177701473,isotropic_log_uniform,v6p1i6_0025
spreader,389.14292223285884,389.14292223285884,389.14292223285884,0.27619481552392244,isotropic_linear,v6p1i6_0025
pcb_fr4_equivalent,0.9402511709183672,0.9402511709183672,0.35259418909438767,0.8619538052007556,correlated_log_uniform_axes,v6p1i6_0026
bt_substrate_with_vias,0.1918199441634006,0.1918199441634006,0.4699588632003314,0.40642744302749634,correlated_log_uniform_axes,v6p1i6_0026
silicon_interposer_tsv_0p1,132.2634878475219,132.2634878475219,134.30740248877555,0.40878292825073004,correlated_linear_axes,v6p1i6_0026
bump_underfill_under_interposer,0.5754794434011534,0.5754794434011534,4.699748787776086,0.40650380216538906,correlated_log_uniform_axes,v6p1i6_0026
silicon_die_lower,116.49766848422587,116.49766848422587,116.49766848422587,0.3299533696845174,isotropic_linear,v6p1i6_0026
tim_between_dies,6.833327794192718,6.833327794192718,6.833327794192718,0.9461814546957612,isotropic_log_uniform,v6p1i6_0026
silicon_die_upper,120.55859961546957,120.55859961546957,120.55859961546957,0.4111719923093915,isotropic_linear,v6p1i6_0026
tim_to_spreader,4.758515807835838,4.758515807835838,4.758515807835838,0.7369712246581912,isotropic_log_uniform,v6p1i6_0026
spreader,386.0116317868233,386.0116317868233,386.0116317868233,0.06744211912155151,isotropic_linear,v6p1i6_0026
pcb_fr4_equivalent,0.6839152463881214,0.6839152463881214,0.25646821739554554,0.14870657119899988,correlated_log_uniform_axes,v6p1i6_0027
bt_substrate_with_vias,0.24935955995050485,0.24935955995050485,0.6109309218787369,0.994252473115921,correlated_log_uniform_axes,v6p1i6_0027
silicon_interposer_tsv_0p1,145.96275832504034,145.96275832504034,150.28988471254706,0.8654252775013447,correlated_linear_axes,v6p1i6_0027
bump_underfill_under_interposer,0.7403305436567306,0.7403305436567306,6.046032773196632,0.9709235616028309,correlated_log_uniform_axes,v6p1i6_0027
silicon_die_lower,149.4725431315601,149.4725431315601,149.4725431315601,0.9894508626312017,isotropic_linear,v6p1i6_0027
tim_between_dies,1.9112516879852008,1.9112516879852008,1.9112516879852008,0.20961691159754992,isotropic_log_uniform,v6p1i6_0027
silicon_die_upper,131.44568698480725,131.44568698480725,131.44568698480725,0.6289137396961451,isotropic_linear,v6p1i6_0027
tim_to_spreader,2.9053627800175543,2.9053627800175543,2.9053627800175543,0.4517363961786032,isotropic_log_uniform,v6p1i6_0027
spreader,393.5791069595143,393.5791069595143,393.5791069595143,0.5719404639676213,isotropic_linear,v6p1i6_0027
pcb_fr4_equivalent,0.6477469920481429,0.6477469920481429,0.24290512201805353,0.0269602220505476,correlated_log_uniform_axes,v6p1i6_0028
bt_substrate_with_vias,0.18682771862239614,0.18682771862239614,0.4577279106248706,0.3473393814638257,correlated_log_uniform_axes,v6p1i6_0028
silicon_interposer_tsv_0p1,138.02297201938927,138.02297201938927,141.02680068928748,0.6007657339796424,correlated_linear_axes,v6p1i6_0028
bump_underfill_under_interposer,0.6994114670939935,0.6994114670939935,5.711860314600946,0.8435222841799259,correlated_log_uniform_axes,v6p1i6_0028
silicon_die_lower,139.0376997180283,139.0376997180283,139.0376997180283,0.7807539943605661,isotropic_linear,v6p1i6_0028
tim_between_dies,2.7114463850584305,2.7114463850584305,2.7114463850584305,0.4118016744032502,isotropic_log_uniform,v6p1i6_0028
silicon_die_upper,112.94274786487222,112.94274786487222,112.94274786487222,0.25885495729744434,isotropic_linear,v6p1i6_0028
tim_to_spreader,3.1586422790302024,3.1586422790302024,3.1586422790302024,0.5000585615634918,isotropic_log_uniform,v6p1i6_0028
spreader,388.3101886603981,388.3101886603981,388.3101886603981,0.2206792440265417,isotropic_linear,v6p1i6_0028
pcb_fr4_equivalent,0.9936902293925024,0.9936902293925024,0.37263383602218836,0.985816840082407,correlated_log_uniform_axes,v6p1i6_0029
bt_substrate_with_vias,0.22929339080582664,0.22929339080582664,0.5617688074742753,0.8062714533880353,correlated_log_uniform_axes,v6p1i6_0029
silicon_interposer_tsv_0p1,125.2600296959281,125.2600296959281,126.13670131191611,0.17533432319760323,correlated_linear_axes,v6p1i6_0029
bump_underfill_under_interposer,0.5436589608173256,0.5436589608173256,4.439881513341492,0.27904914878308773,correlated_log_uniform_axes,v6p1i6_0029
silicon_die_lower,121.65835578925908,121.65835578925908,121.65835578925908,0.4331671157851815,isotropic_linear,v6p1i6_0029
tim_between_dies,4.338192248040311,4.338192248040311,4.338192248040311,0.6835071565583348,isotropic_log_uniform,v6p1i6_0029
silicon_die_upper,126.95826725102961,126.95826725102961,126.95826725102961,0.5391653450205922,isotropic_linear,v6p1i6_0029
tim_to_spreader,2.2689233706324248,2.2689233706324248,2.2689233706324248,0.30879288632422686,isotropic_log_uniform,v6p1i6_0029
spreader,395.97699843812734,395.97699843812734,395.97699843812734,0.7317998958751559,isotropic_linear,v6p1i6_0029
pcb_fr4_equivalent,0.8570451719875992,0.8570451719875992,0.32139193949534967,0.6543376417830586,correlated_log_uniform_axes,v6p1i6_0030
bt_substrate_with_vias,0.1621165396550137,0.1621165396550137,0.3971855221547836,0.029446609318256378,correlated_log_uniform_axes,v6p1i6_0030
silicon_interposer_tsv_0p1,148.22705461643636,148.22705461643636,152.93156371917576,0.9409018205478787,correlated_linear_axes,v6p1i6_0030
bump_underfill_under_interposer,0.6421701496935244,0.6421701496935244,5.244389555830448,0.6521971924230456,correlated_log_uniform_axes,v6p1i6_0030
silicon_die_lower,108.43922705389559,108.43922705389559,108.43922705389559,0.16878454107791185,isotropic_linear,v6p1i6_0030
tim_between_dies,5.690026955772072,5.690026955772072,5.690026955772072,0.8403282705694437,isotropic_log_uniform,v6p1i6_0030
silicon_die_upper,105.45452507212758,105.45452507212758,105.45452507212758,0.10909050144255161,isotropic_linear,v6p1i6_0030
tim_to_spreader,1.8995838461369363,1.8995838461369363,1.8995838461369363,0.20607673563063145,isotropic_log_uniform,v6p1i6_0030
spreader,398.86484262533486,398.86484262533486,398.86484262533486,0.9243228416889906,isotropic_linear,v6p1i6_0030
pcb_fr4_equivalent,0.7529441916025967,0.7529441916025967,0.2823540718509738,0.3641667729243636,correlated_log_uniform_axes,v6p1i6_0031
bt_substrate_with_vias,0.20602317641194529,0.20602317641194529,0.504756782209266,0.5664847865700722,correlated_log_uniform_axes,v6p1i6_0031
silicon_interposer_tsv_0p1,128.19925675168633,128.19925675168633,129.56579954363406,0.2733085583895445,correlated_linear_axes,v6p1i6_0031
bump_underfill_under_interposer,0.5277579940460805,0.5277579940460805,4.31002361804299,0.2125352257862687,correlated_log_uniform_axes,v6p1i6_0031
silicon_die_lower,125.40131388232112,125.40131388232112,125.40131388232112,0.5080262776464224,isotropic_linear,v6p1i6_0031
tim_between_dies,1.4874181603848804,1.4874181603848804,1.4874181603848804,0.06467094831168652,isotropic_log_uniform,v6p1i6_0031
silicon_die_upper,141.34499453939497,141.34499453939497,141.34499453939497,0.8268998907878995,isotropic_linear,v6p1i6_0031
tim_to_spreader,7.290706780854465,7.290706780854465,7.290706780854465,0.9836375480517745,isotropic_log_uniform,v6p1i6_0031
spreader,391.535313394852,391.535313394852,391.535313394852,0.43568755965679884,isotropic_linear,v6p1i6_0031
pcb_fr4_equivalent,0.7505320200147748,0.7505320200147748,0.28144950750554054,0.35697679314762354,correlated_log_uniform_axes,v6p1i6_0032
bt_substrate_with_vias,0.18408002580176067,0.18408002580176067,0.4509960632143137,0.3141403142362833,correlated_log_uniform_axes,v6p1i6_0032
silicon_interposer_tsv_0p1,126.47321116179228,126.47321116179228,127.55207968875766,0.21577370539307594,correlated_linear_axes,v6p1i6_0032
bump_underfill_under_interposer,0.5942592720693031,0.5942592720693031,4.853117388565975,0.47845793422311544,correlated_log_uniform_axes,v6p1i6_0032
silicon_die_lower,123.24657565914094,123.24657565914094,123.24657565914094,0.4649315131828189,isotropic_linear,v6p1i6_0032
tim_between_dies,1.8478040792641066,1.8478040792641066,1.8478040792641066,0.19009910989552736,isotropic_log_uniform,v6p1i6_0032
silicon_die_upper,102.37038028426468,102.37038028426468,102.37038028426468,0.047407605685293674,isotropic_linear,v6p1i6_0032
tim_to_spreader,4.87665582432893,4.87665582432893,4.87665582432893,0.7511491440236568,isotropic_log_uniform,v6p1i6_0032
spreader,394.84043661970645,394.84043661970645,394.84043661970645,0.6560291079804301,isotropic_linear,v6p1i6_0032
pcb_fr4_equivalent,0.8486345486131607,0.8486345486131607,0.31823795572993524,0.632239799015224,correlated_log_uniform_axes,v6p1i6_0033
bt_substrate_with_vias,0.226314526487592,0.226314526487592,0.5544705898946005,0.7769705299288034,correlated_log_uniform_axes,v6p1i6_0033
silicon_interposer_tsv_0p1,135.2442450542003,135.2442450542003,137.78495256323367,0.5081415018066764,correlated_linear_axes,v6p1i6_0033
bump_underfill_under_interposer,0.7228961713323117,0.7228961713323117,5.903652065880544,0.917524834163487,correlated_log_uniform_axes,v6p1i6_0033
silicon_die_lower,143.4072144329548,143.4072144329548,143.4072144329548,0.8681442886590958,isotropic_linear,v6p1i6_0033
tim_between_dies,7.068663373897852,7.068663373897852,7.068663373897852,0.9657566109672189,isotropic_log_uniform,v6p1i6_0033
silicon_die_upper,138.35452599450946,138.35452599450946,138.35452599450946,0.7670905198901892,isotropic_linear,v6p1i6_0033
tim_to_spreader,1.474570081359384,1.474570081359384,1.474570081359384,0.05965548846870661,isotropic_log_uniform,v6p1i6_0033
spreader,387.15900455601513,387.15900455601513,387.15900455601513,0.1439336370676756,isotropic_linear,v6p1i6_0033
pcb_fr4_equivalent,0.9896393666247592,0.9896393666247592,0.3711147624842846,0.976663725450635,correlated_log_uniform_axes,v6p1i6_0034
bt_substrate_with_vias,0.16424983916994593,0.16424983916994593,0.4024121059663675,0.05873990710824728,correlated_log_uniform_axes,v6p1i6_0034
silicon_interposer_tsv_0p1,131.03475714102387,131.03475714102387,132.87388333119452,0.36782523803412914,correlated_linear_axes,v6p1i6_0034
bump_underfill_under_interposer,0.4897045253948806,0.4897045253948806,3.999253624058191,0.044850267469882965,correlated_log_uniform_axes,v6p1i6_0034
silicon_die_lower,130.4563781246543,130.4563781246543,130.4563781246543,0.6091275624930859,isotropic_linear,v6p1i6_0034
tim_between_dies,3.492093043443443,3.492093043443443,3.492093043443443,0.5580788012593985,isotropic_log_uniform,v6p1i6_0034
silicon_die_upper,116.70831670053303,116.70831670053303,116.70831670053303,0.33416633401066065,isotropic_linear,v6p1i6_0034
tim_to_spreader,2.922969357335884,2.922969357335884,2.922969357335884,0.45522928796708584,isotropic_log_uniform,v6p1i6_0034
spreader,391.74915552604944,391.74915552604944,391.74915552604944,0.449943701736629,isotropic_linear,v6p1i6_0034
pcb_fr4_equivalent,0.6408286268862942,0.6408286268862942,0.2403107350823603,0.0028992369771003723,correlated_log_uniform_axes,v6p1i6_0035
bt_substrate_with_vias,0.20909911863836314,0.20909911863836314,0.5122928406639897,0.5996914869174361,correlated_log_uniform_axes,v6p1i6_0035
silicon_interposer_tsv_0p1,147.53938942216337,147.53938942216337,152.1292876591906,0.9179796474054456,correlated_linear_axes,v6p1i6_0035
bump_underfill_under_interposer,0.629901003336123,0.629901003336123,5.144191527245003,0.6089724842458963,correlated_log_uniform_axes,v6p1i6_0035
silicon_die_lower,109.92793026380241,109.92793026380241,109.92793026380241,0.19855860527604818,isotropic_linear,v6p1i6_0035
tim_between_dies,2.1826201897446045,2.1826201897446045,2.1826201897446045,0.2863734979182482,isotropic_log_uniform,v6p1i6_0035
silicon_die_upper,130.81741398200393,130.81741398200393,130.81741398200393,0.6163482796400785,isotropic_linear,v6p1i6_0035
tim_to_spreader,4.7221143171142765,4.7221143171142765,4.7221143171142765,0.7325316919013858,isotropic_log_uniform,v6p1i6_0035
spreader,399.064060235396,399.064060235396,399.064060235396,0.9376040156930685,isotropic_linear,v6p1i6_0035
pcb_fr4_equivalent,0.6770563702696623,0.6770563702696623,0.2538961388511234,0.12612140830606222,correlated_log_uniform_axes,v6p1i6_0036
bt_substrate_with_vias,0.1788574927130661,0.1788574927130661,0.43820085714701196,0.2496499288827181,correlated_log_uniform_axes,v6p1i6_0036
silicon_interposer_tsv_0p1,140.54076517000794,140.54076517000794,143.96422603167593,0.6846921723335981,correlated_linear_axes,v6p1i6_0036
bump_underfill_under_interposer,0.6576265517074829,0.6576265517074829,5.370616838944443,0.7054900620132685,correlated_log_uniform_axes,v6p1i6_0036
silicon_die_lower,101.61696723662317,101.61696723662317,101.61696723662317,0.03233934473246336,isotropic_linear,v6p1i6_0036
tim_between_dies,1.5384917198137276,1.5384917198137276,1.5384917198137276,0.0841889139264822,isotropic_log_uniform,v6p1i6_0036
silicon_die_upper,124.7170808725059,124.7170808725059,124.7170808725059,0.49434161745011806,isotropic_linear,v6p1i6_0036
tim_to_spreader,2.165196919156625,2.165196919156625,2.165196919156625,0.281739947386086,isotropic_log_uniform,v6p1i6_0036
spreader,390.27757074218243,390.27757074218243,390.27757074218243,0.3518380494788289,isotropic_linear,v6p1i6_0036
pcb_fr4_equivalent,0.9374435943386665,0.9374435943386665,0.3515413478769999,0.8552530677989125,correlated_log_uniform_axes,v6p1i6_0037
bt_substrate_with_vias,0.2149676409268819,0.2149676409268819,0.5266707202708607,0.6617123652249575,correlated_log_uniform_axes,v6p1i6_0037
silicon_interposer_tsv_0p1,123.09746115468442,123.09746115468442,123.61370468046516,0.10324870515614748,correlated_linear_axes,v6p1i6_0037
bump_underfill_under_interposer,0.5111043246142902,0.5111043246142902,4.174018651016703,0.14068885892629623,correlated_log_uniform_axes,v6p1i6_0037
silicon_die_lower,131.53996467590332,131.53996467590332,131.53996467590332,0.6307992935180664,isotropic_linear,v6p1i6_0037
tim_between_dies,5.500590464766667,5.500590464766667,5.500590464766667,0.8207531590014696,isotropic_log_uniform,v6p1i6_0037
silicon_die_upper,135.70537832565606,135.70537832565606,135.70537832565606,0.7141075665131211,isotropic_linear,v6p1i6_0037
tim_to_spreader,3.3153797584808062,3.3153797584808062,3.3153797584808062,0.528057187795639,isotropic_log_uniform,v6p1i6_0037
spreader,397.7284311503172,397.7284311503172,397.7284311503172,0.8485620766878128,isotropic_linear,v6p1i6_0037
pcb_fr4_equivalent,0.8016416643512813,0.8016416643512813,0.30061562413173043,0.5045934058725834,correlated_log_uniform_axes,v6p1i6_0038
bt_substrate_with_vias,0.18932860172265883,0.18932860172265883,0.46385507422051414,0.3771346351131797,correlated_log_uniform_axes,v6p1i6_0038
silicon_interposer_tsv_0p1,143.24101399630308,143.24101399630308,147.11451632902026,0.774700466543436,correlated_linear_axes,v6p1i6_0038
bump_underfill_under_interposer,0.6774195323438991,0.6774195323438991,5.532259514141842,0.771935080178082,correlated_log_uniform_axes,v6p1i6_0038
silicon_die_lower,144.66356318444014,144.66356318444014,144.66356318444014,0.8932712636888027,isotropic_linear,v6p1i6_0038
tim_between_dies,4.251043114877447,4.251043114877447,4.251043114877447,0.6717750327661633,isotropic_log_uniform,v6p1i6_0038
silicon_die_upper,107.64477094635367,107.64477094635367,107.64477094635367,0.15289541892707348,isotropic_linear,v6p1i6_0038
tim_to_spreader,7.343829649707695,7.343829649707695,7.343829649707695,0.9878347283229232,isotropic_log_uniform,v6p1i6_0038
spreader,393.3670136285946,393.3670136285946,393.3670136285946,0.5578009085729718,isotropic_linear,v6p1i6_0038
pcb_fr4_equivalent,0.7938657906179439,0.7938657906179439,0.29769967148172893,0.4827525597065687,correlated_log_uniform_axes,v6p1i6_0039
bt_substrate_with_vias,0.24569131764157814,0.24569131764157814,0.6019437282218665,0.9610453089699149,correlated_log_uniform_axes,v6p1i6_0039
silicon_interposer_tsv_0p1,133.53319776244462,133.53319776244462,135.78873072285205,0.4511065920814872,correlated_linear_axes,v6p1i6_0039
bump_underfill_under_interposer,0.5566797882539997,0.5566797882539997,4.546218270740996,0.3320823824033141,correlated_log_uniform_axes,v6p1i6_0039
silicon_die_lower,115.15357750467956,115.15357750467956,115.15357750467956,0.3030715500935912,isotropic_linear,v6p1i6_0039
tim_between_dies,2.766758435161465,2.766758435161465,2.766758435161465,0.42347647342830896,isotropic_log_uniform,v6p1i6_0039
silicon_die_upper,146.75811384804547,146.75811384804547,146.75811384804547,0.9351622769609094,isotropic_linear,v6p1i6_0039
tim_to_spreader,1.888932557889165,1.888932557889165,1.888932557889165,0.20282595790922642,isotropic_log_uniform,v6p1i6_0039
spreader,385.8142130449414,385.8142130449414,385.8142130449414,0.05428086966276169,isotropic_linear,v6p1i6_0039
pcb_fr4_equivalent,0.7600216975475821,0.7600216975475821,0.2850081365803433,0.3851305693387985,correlated_log_uniform_axes,v6p1i6_0040
bt_substrate_with_vias,0.167612318981037,0.167612318981037,0.4106501815035407,0.10414791759103537,correlated_log_uniform_axes,v6p1i6_0040
silicon_interposer_tsv_0p1,145.10432132519782,145.10432132519782,149.28837487939745,0.8368107108399272,correlated_linear_axes,v6p1i6_0040
bump_underfill_under_interposer,0.5231449987867935,0.5231449987867935,4.27235082342548,0.1928636645898223,correlated_log_uniform_axes,v6p1i6_0040
silicon_die_lower,139.35433514416218,139.35433514416218,139.35433514416218,0.7870867028832436,isotropic_linear,v6p1i6_0040
tim_between_dies,2.30380862187384,2.30380862187384,2.30380862187384,0.3176140869036317,isotropic_log_uniform,v6p1i6_0040
silicon_die_upper,121.87030795030296,121.87030795030296,121.87030795030296,0.43740615900605917,isotropic_linear,v6p1i6_0040
tim_to_spreader,2.3611432053135326,2.3611432053135326,2.3611432053135326,0.3318257378414273,isotropic_log_uniform,v6p1i6_0040
spreader,388.909229952842,388.909229952842,388.909229952842,0.2606153301894665,isotropic_linear,v6p1i6_0040
pcb_fr4_equivalent,0.8344502822942137,0.8344502822942137,0.3129188558603301,0.5944715533405542,correlated_log_uniform_axes,v6p1i6_0041
bt_substrate_with_vias,0.20428020212424872,0.20428020212424872,0.5004864952044094,0.547447538934648,correlated_log_uniform_axes,v6p1i6_0041
silicon_interposer_tsv_0p1,131.60901479423046,131.60901479423046,133.54385059326887,0.38696715980768204,correlated_linear_axes,v6p1i6_0041
bump_underfill_under_interposer,0.6363669443751397,0.6363669443751397,5.196996712396974,0.6318561481311917,correlated_log_uniform_axes,v6p1i6_0041
silicon_die_lower,118.8033805694431,118.8033805694431,118.8033805694431,0.37606761138886213,isotropic_linear,v6p1i6_0041
tim_between_dies,3.6860908713279823,3.6860908713279823,3.6860908713279823,0.5893353642895818,isotropic_log_uniform,v6p1i6_0041
silicon_die_upper,132.76001624763012,132.76001624763012,132.76001624763012,0.6552003249526024,isotropic_linear,v6p1i6_0041
tim_to_spreader,3.8157318122295627,3.8157318122295627,3.8157318122295627,0.6093188747763634,isotropic_log_uniform,v6p1i6_0041
spreader,396.3449823996052,396.3449823996052,396.3449823996052,0.756332159973681,isotropic_linear,v6p1i6_0041
pcb_fr4_equivalent,0.9006100522342099,0.9006100522342099,0.33772876958782866,0.7654359517619014,correlated_log_uniform_axes,v6p1i6_0042
bt_substrate_with_vias,0.18070189285123567,0.18070189285123567,0.4427196374855274,0.272638076916337,correlated_log_uniform_axes,v6p1i6_0042
silicon_interposer_tsv_0p1,142.40296016447246,142.40296016447246,146.1367868585512,0.7467653388157487,correlated_linear_axes,v6p1i6_0042
bump_underfill_under_interposer,0.5369815210658446,0.5369815210658446,4.385349088704397,0.25135742872953415,correlated_log_uniform_axes,v6p1i6_0042
silicon_die_lower,107.33989323489368,107.33989323489368,107.33989323489368,0.1467978646978736,isotropic_linear,v6p1i6_0042
tim_between_dies,6.696614352266513,6.696614352266513,6.696614352266513,0.9344976786524057,isotropic_log_uniform,v6p1i6_0042
silicon_die_upper,110.60853893868625,110.60853893868625,110.60853893868625,0.21217077877372503,isotropic_linear,v6p1i6_0042
tim_to_spreader,6.04940121323697,6.04940121323697,6.04940121323697,0.8757352521643043,isotropic_log_uniform,v6p1i6_0042
spreader,393.81324803456664,393.81324803456664,393.81324803456664,0.5875498689711094,isotropic_linear,v6p1i6_0042
pcb_fr4_equivalent,0.707225242095992,0.707225242095992,0.26520946578599697,0.22380442265421152,correlated_log_uniform_axes,v6p1i6_0043
bt_substrate_with_vias,0.231249784812176,0.231249784812176,0.5665619727898313,0.8253087047487497,correlated_log_uniform_axes,v6p1i6_0043
silicon_interposer_tsv_0p1,121.17439052090049,121.17439052090049,121.3701222743839,0.03914635069668293,correlated_linear_axes,v6p1i6_0043
bump_underfill_under_interposer,0.6907263444420059,0.6907263444420059,5.640931812943047,0.8155234847217798,correlated_log_uniform_axes,v6p1i6_0043
silicon_die_lower,127.47802529484034,127.47802529484034,127.47802529484034,0.5495605058968067,isotropic_linear,v6p1i6_0043
tim_between_dies,1.750593026985678,1.750593026985678,1.750593026985678,0.15885519795119762,isotropic_log_uniform,v6p1i6_0043
silicon_die_upper,149.62329268455505,149.62329268455505,149.62329268455505,0.9924658536911011,isotropic_linear,v6p1i6_0043
tim_to_spreader,1.8301668389766244,1.8301668389766244,1.8301668389766244,0.18455439992249012,isotropic_log_uniform,v6p1i6_0043
spreader,386.24533948954195,386.24533948954195,386.24533948954195,0.08302263263612986,isotropic_linear,v6p1i6_0043
pcb_fr4_equivalent,0.6693672403184457,0.6693672403184457,0.2510127151194171,0.10052872262895107,correlated_log_uniform_axes,v6p1i6_0044
bt_substrate_with_vias,0.19625872649196252,0.19625872649196252,0.48083387990530824,0.4576874515041709,correlated_log_uniform_axes,v6p1i6_0044
silicon_interposer_tsv_0p1,129.17093108408153,129.17093108408153,130.69941959809512,0.3056977028027177,correlated_linear_axes,v6p1i6_0044
bump_underfill_under_interposer,0.7496388298449503,0.7496388298449503,6.1220504437337615,0.9989207033067942,correlated_log_uniform_axes,v6p1i6_0044
silicon_die_lower,135.59277020394802,135.59277020394802,135.59277020394802,0.7118554040789604,isotropic_linear,v6p1i6_0044
tim_between_dies,2.9203626715546287,2.9203626715546287,2.9203626715546287,0.4547134879976511,isotropic_log_uniform,v6p1i6_0044
silicon_die_upper,105.72972930967808,105.72972930967808,105.72972930967808,0.11459458619356155,isotropic_linear,v6p1i6_0044
tim_to_spreader,5.904539823540556,5.904539823540556,5.904539823540556,0.8617227412760258,isotropic_log_uniform,v6p1i6_0044
spreader,396.21066744439304,396.21066744439304,396.21066744439304,0.7473778296262026,isotropic_linear,v6p1i6_0044
pcb_fr4_equivalent,0.9507323737794443,0.9507323737794443,0.3565246401672916,0.8867933414876461,correlated_log_uniform_axes,v6p1i6_0045
bt_substrate_with_vias,0.23794717705022872,0.23794717705022872,0.5829705837730604,0.8892815550789237,correlated_log_uniform_axes,v6p1i6_0045
silicon_interposer_tsv_0p1,149.46317514404655,149.46317514404655,154.37370433472097,0.9821058381348848,correlated_linear_axes,v6p1i6_0045
bump_underfill_under_interposer,0.5826361690779093,0.5826361690779093,4.758195380802925,0.43419767171144485,correlated_log_uniform_axes,v6p1i6_0045
silicon_die_lower,106.06027781032026,106.06027781032026,106.06027781032026,0.12120555620640516,isotropic_linear,v6p1i6_0045
tim_between_dies,4.487171795937201,4.487171795937201,4.487171795937201,0.7030275445431471,isotropic_log_uniform,v6p1i6_0045
silicon_die_upper,141.61758082918823,141.61758082918823,141.61758082918823,0.8323516165837646,isotropic_linear,v6p1i6_0045
tim_to_spreader,1.5182267307464472,1.5182267307464472,1.5182267307464472,0.0765232378616929,isotropic_log_uniform,v6p1i6_0045
spreader,388.54433982167393,388.54433982167393,388.54433982167393,0.23628932144492865,isotropic_linear,v6p1i6_0045
pcb_fr4_equivalent,0.8833393133796962,0.8833393133796962,0.331252242517386,0.7220491515472531,correlated_log_uniform_axes,v6p1i6_0046
bt_substrate_with_vias,0.17224125748982969,0.17224125748982969,0.4219910808500827,0.16519038565456867,correlated_log_uniform_axes,v6p1i6_0046
silicon_interposer_tsv_0p1,124.61016126908362,124.61016126908362,125.37852148059756,0.1536720423027873,correlated_linear_axes,v6p1i6_0046
bump_underfill_under_interposer,0.6156208035616919,0.6156208035616919,5.0275698957538175,0.5575896995142102,correlated_log_uniform_axes,v6p1i6_0046
silicon_die_lower,117.7415348123759,117.7415348123759,117.7415348123759,0.35483069624751806,isotropic_linear,v6p1i6_0046
tim_between_dies,5.211042473444256,5.211042473444256,5.211042473444256,0.7894906485453248,isotropic_log_uniform,v6p1i6_0046
silicon_die_upper,113.4758748114109,113.4758748114109,113.4758748114109,0.2695174962282181,isotropic_linear,v6p1i6_0046
tim_to_spreader,2.69202564525113,2.69202564525113,2.69202564525113,0.4076459389179945,isotropic_log_uniform,v6p1i6_0046
spreader,391.3011490460485,391.3011490460485,391.3011490460485,0.42007660306990147,isotropic_linear,v6p1i6_0046
pcb_fr4_equivalent,0.7185133606719669,0.7185133606719669,0.26944251025198757,0.25928628351539373,correlated_log_uniform_axes,v6p1i6_0047
bt_substrate_with_vias,0.22235123451851682,0.22235123451851682,0.5447605245703663,0.7373828459531069,correlated_log_uniform_axes,v6p1i6_0047
silicon_interposer_tsv_0p1,137.16725461184978,137.16725461184978,140.02846371382475,0.5722418203949928,correlated_linear_axes,v6p1i6_0047
bump_underfill_under_interposer,0.5058849719855002,0.5058849719855002,4.131393937881585,0.11768928822129965,correlated_log_uniform_axes,v6p1i6_0047
silicon_die_lower,147.64202553778887,147.64202553778887,147.64202553778887,0.9528405107557774,isotropic_linear,v6p1i6_0047
tim_between_dies,1.4575430460789698,1.4575430460789698,1.4575430460789698,0.052940947003662586,isotropic_log_uniform,v6p1i6_0047
silicon_die_upper,127.48867790214717,127.48867790214717,127.48867790214717,0.5497735580429435,isotropic_linear,v6p1i6_0047
tim_to_spreader,4.11983756420868,4.11983756420868,4.11983756420868,0.6536503760144114,isotropic_log_uniform,v6p1i6_0047
spreader,398.6311581963673,398.6311581963673,398.6311581963673,0.9087438797578216,isotropic_linear,v6p1i6_0047
pcb_fr4_equivalent,0.7314024319874287,0.7314024319874287,0.2742759119952857,0.29912505578249693,correlated_log_uniform_axes,v6p1i6_0048
bt_substrate_with_vias,0.17081193969291653,0.17081193969291653,0.4184892522476455,0.14651861507445574,correlated_log_uniform_axes,v6p1i6_0048
silicon_interposer_tsv_0p1,133.06552299298346,133.06552299298346,135.2431101584807,0.4355174330994487,correlated_linear_axes,v6p1i6_0048
bump_underfill_under_interposer,0.6865304967823334,0.6865304967823334,5.606665723722388,0.801870683208108,correlated_log_uniform_axes,v6p1i6_0048
silicon_die_lower,111.09204329550266,111.09204329550266,111.09204329550266,0.22184086591005325,isotropic_linear,v6p1i6_0048
tim_between_dies,4.751924269597679,4.751924269597679,4.751924269597679,0.7361698430031538,isotropic_log_uniform,v6p1i6_0048
silicon_die_upper,140.06738723255694,140.06738723255694,140.06738723255694,0.8013477446511388,isotropic_linear,v6p1i6_0048
tim_to_spreader,2.620518789072985,2.620518789072985,2.620518789072985,0.39208182133734226,isotropic_log_uniform,v6p1i6_0048
spreader,396.99075611308217,396.99075611308217,396.99075611308217,0.7993837408721447,isotropic_linear,v6p1i6_0048
pcb_fr4_equivalent,0.8792321306486008,0.8792321306486008,0.3297120489932253,0.7116064289584756,correlated_log_uniform_axes,v6p1i6_0049
bt_substrate_with_vias,0.21861821277411764,0.21861821277411764,0.5356146212965883,0.6994445296004415,correlated_log_uniform_axes,v6p1i6_0049
silicon_interposer_tsv_0p1,145.58690004050732,145.58690004050732,149.85138338059187,0.8528966680169106,correlated_linear_axes,v6p1i6_0049
bump_underfill_under_interposer,0.5653225228514693,0.5653225228514693,4.6168006032869995,0.366603247821331,correlated_log_uniform_axes,v6p1i6_0049
silicon_die_lower,128.50486054085195,128.50486054085195,128.50486054085195,0.570097210817039,isotropic_linear,v6p1i6_0049
tim_between_dies,3.0718470819244157,3.0718470819244157,3.0718470819244157,0.4839500728994608,isotropic_log_uniform,v6p1i6_0049
silicon_die_upper,101.05575555935502,101.05575555935502,101.05575555935502,0.02111511118710041,isotropic_linear,v6p1i6_0049
tim_to_spreader,4.232256330279801,4.232256330279801,4.232256330279801,0.6692144339904189,isotropic_log_uniform,v6p1i6_0049
spreader,389.661230458878,389.661230458878,389.661230458878,0.31074869725853205,isotropic_linear,v6p1i6_0049
pcb_fr4_equivalent,0.9690483544114922,0.9690483544114922,0.3633931329043095,0.9295503571629524,correlated_log_uniform_axes,v6p1i6_0050
bt_substrate_with_vias,0.1982221927692151,0.1982221927692151,0.485644372284577,0.47999319434165955,correlated_log_uniform_axes,v6p1i6_0050
silicon_interposer_tsv_0p1,120.75218330137432,120.75218330137432,120.8775471849367,0.025072776712477207,correlated_linear_axes,v6p1i6_0050
bump_underfill_under_interposer,0.666449607851873,0.666449607851873,5.4426717974569625,0.7353526996448636,correlated_log_uniform_axes,v6p1i6_0050
silicon_die_lower,141.4311199914664,141.4311199914664,141.4311199914664,0.8286223998293281,isotropic_linear,v6p1i6_0050
tim_between_dies,1.3481556687052958,1.3481556687052958,1.3481556687052958,0.007838559336960316,isotropic_log_uniform,v6p1i6_0050
silicon_die_upper,129.01319065131247,129.01319065131247,129.01319065131247,0.5802638130262494,isotropic_linear,v6p1i6_0050
tim_to_spreader,5.445264994311693,5.445264994311693,5.445264994311693,0.8149088621139526,isotropic_log_uniform,v6p1i6_0050
spreader,386.43427109345794,386.43427109345794,386.43427109345794,0.09561807289719582,isotropic_linear,v6p1i6_0050
pcb_fr4_equivalent,0.6665442447240774,0.6665442447240774,0.249954091771529,0.0910587478429079,correlated_log_uniform_axes,v6p1i6_0051
bt_substrate_with_vias,0.24161149599191054,0.24161149599191054,0.5919481651801808,0.9235248565673828,correlated_log_uniform_axes,v6p1i6_0051
silicon_interposer_tsv_0p1,141.00693007931113,141.00693007931113,144.50808509252965,0.7002310026437044,correlated_linear_axes,v6p1i6_0051
bump_underfill_under_interposer,0.5190543883310904,0.5190543883310904,4.23894417137057,0.17527409549802542,correlated_log_uniform_axes,v6p1i6_0051
silicon_die_lower,124.43536762148142,124.43536762148142,124.43536762148142,0.48870735242962837,isotropic_linear,v6p1i6_0051
tim_between_dies,5.053401908586542,5.053401908586542,5.053401908586542,0.7717315936461091,isotropic_log_uniform,v6p1i6_0051
silicon_die_upper,118.12651054933667,118.12651054933667,118.12651054933667,0.36253021098673344,isotropic_linear,v6p1i6_0051
tim_to_spreader,1.6462797086995222,1.6462797086995222,1.6462797086995222,0.12333705741912127,isotropic_log_uniform,v6p1i6_0051
spreader,394.10108444746584,394.10108444746584,394.10108444746584,0.6067389631643891,isotropic_linear,v6p1i6_0051
pcb_fr4_equivalent,0.7052900371529148,0.7052900371529148,0.2644837639323431,0.21766468603163958,correlated_log_uniform_axes,v6p1i6_0052
bt_substrate_with_vias,0.18203168967763184,0.18203168967763184,0.44597763971019805,0.2890672283247113,correlated_log_uniform_axes,v6p1i6_0052
silicon_interposer_tsv_0p1,148.94765208475292,148.94765208475292,153.77226076554507,0.9649217361584306,correlated_linear_axes,v6p1i6_0052
bump_underfill_under_interposer,0.483048341393505,0.483048341393505,3.9448947880469576,0.014185107313096523,correlated_log_uniform_axes,v6p1i6_0052
silicon_die_lower,113.9711033552885,113.9711033552885,113.9711033552885,0.2794220671057701,isotropic_linear,v6p1i6_0052
tim_between_dies,3.7476863958240023,3.7476863958240023,3.7476863958240023,0.5989161850884557,isotropic_log_uniform,v6p1i6_0052
silicon_die_upper,137.41067508235574,137.41067508235574,137.41067508235574,0.7482135016471148,isotropic_linear,v6p1i6_0052
tim_to_spreader,6.561016355413529,6.561016355413529,6.561016355413529,0.9226711941882968,isotropic_log_uniform,v6p1i6_0052
spreader,387.8875457774848,387.8875457774848,387.8875457774848,0.1925030518323183,isotropic_linear,v6p1i6_0052
pcb_fr4_equivalent,0.9149320696154363,0.9149320696154363,0.34309952610578853,0.8007886474952102,correlated_log_uniform_axes,v6p1i6_0053
bt_substrate_with_vias,0.23501753677543646,0.23501753677543646,0.5757929650998195,0.8615223662927747,correlated_log_uniform_axes,v6p1i6_0053
silicon_interposer_tsv_0p1,127.75469144806266,127.75469144806266,129.04714002273977,0.25848971493542194,correlated_linear_axes,v6p1i6_0053
bump_underfill_under_interposer,0.6204745559485813,0.6204745559485813,5.06720887358008,0.5751868980005383,correlated_log_uniform_axes,v6p1i6_0053
silicon_die_lower,146.6211327817291,146.6211327817291,146.6211327817291,0.932422655634582,isotropic_linear,v6p1i6_0053
tim_between_dies,2.5230307608907694,2.5230307608907694,2.5230307608907694,0.37016419414430857,isotropic_log_uniform,v6p1i6_0053
silicon_die_upper,123.3947976026684,123.3947976026684,123.3947976026684,0.4678959520533681,isotropic_linear,v6p1i6_0053
tim_to_spreader,1.6874542049349448,1.6874542049349448,1.6874542049349448,0.13761851750314236,isotropic_log_uniform,v6p1i6_0053
spreader,395.4550245264545,395.4550245264545,395.4550245264545,0.6970016350969672,isotropic_linear,v6p1i6_0053
pcb_fr4_equivalent,0.83252828980033,0.83252828980033,0.31219810867512376,0.5893045645207167,correlated_log_uniform_axes,v6p1i6_0054
bt_substrate_with_vias,0.16607758251931565,0.16607758251931565,0.4068900771723234,0.08353642374277115,correlated_log_uniform_axes,v6p1i6_0054
silicon_interposer_tsv_0p1,138.52301546372473,138.52301546372473,141.61018470767885,0.6174338487908244,correlated_linear_axes,v6p1i6_0054
bump_underfill_under_interposer,0.5861990448652147,0.5861990448652147,4.787292199732586,0.447858102619648,correlated_log_uniform_axes,v6p1i6_0054
silicon_die_lower,133.47338656894863,133.47338656894863,133.47338656894863,0.6694677313789725,isotropic_linear,v6p1i6_0054
tim_between_dies,1.7327478731359445,1.7327478731359445,1.7327478731359445,0.15293165855109692,isotropic_log_uniform,v6p1i6_0054
silicon_die_upper,144.94924815371633,144.94924815371633,144.94924815371633,0.8989849630743265,isotropic_linear,v6p1i6_0054
tim_to_spreader,2.426084582185814,2.426084582185814,2.426084582185814,0.34751191828399897,isotropic_log_uniform,v6p1i6_0054
spreader,398.4531932231039,398.4531932231039,398.4531932231039,0.8968795482069254,isotropic_linear,v6p1i6_0054
pcb_fr4_equivalent,0.7731142271001533,0.7731142271001533,0.2899178351625575,0.42340150848031044,correlated_log_uniform_axes,v6p1i6_0055
bt_substrate_with_vias,0.2013752703671428,0.2013752703671428,0.49336941239949994,0.5153551772236824,correlated_log_uniform_axes,v6p1i6_0055
silicon_interposer_tsv_0p1,125.06531350314617,125.06531350314617,125.9095324203372,0.16884378343820572,correlated_linear_axes,v6p1i6_0055
bump_underfill_under_interposer,0.7120551759657558,0.7120551759657558,5.815117270387005,0.883667254820466,correlated_log_uniform_axes,v6p1i6_0055
silicon_die_lower,100.45874286442995,100.45874286442995,100.45874286442995,0.009174857288599014,isotropic_linear,v6p1i6_0055
tim_between_dies,6.070965885301442,6.070965885301442,6.070965885301442,0.8777924720197916,isotropic_log_uniform,v6p1i6_0055
silicon_die_upper,109.05841612257063,109.05841612257063,109.05841612257063,0.18116832245141268,isotropic_linear,v6p1i6_0055
tim_to_spreader,3.7135927728051374,3.7135927728051374,3.7135927728051374,0.5936327539384365,isotropic_log_uniform,v6p1i6_0055
spreader,391.0170087451115,391.0170087451115,391.0170087451115,0.40113391634076834,isotropic_linear,v6p1i6_0055
pcb_fr4_equivalent,0.7853519340296019,0.7853519340296019,0.2945069752611007,0.4585921559482813,correlated_log_uniform_axes,v6p1i6_0056
bt_substrate_with_vias,0.19424461320728242,0.19424461320728242,0.47589930235784195,0.4345732629299164,correlated_log_uniform_axes,v6p1i6_0056
silicon_interposer_tsv_0p1,136.69731985777617,136.69731985777617,139.48020650073886,0.5565773285925388,correlated_linear_axes,v6p1i6_0056
bump_underfill_under_interposer,0.6067254721018185,0.6067254721018185,4.954924688831517,0.5249766651540995,correlated_log_uniform_axes,v6p1i6_0056
silicon_die_lower,126.3075468596071,126.3075468596071,126.3075468596071,0.526150937192142,isotropic_linear,v6p1i6_0056
tim_between_dies,5.94315899737724,5.94315899737724,5.94315899737724,0.8654917199164629,isotropic_log_uniform,v6p1i6_0056
silicon_die_upper,134.1782511677593,134.1782511677593,134.1782511677593,0.683565023355186,isotropic_linear,v6p1i6_0056
tim_to_spreader,6.772602050427502,6.772602050427502,6.772602050427502,0.94102084916085,isotropic_log_uniform,v6p1i6_0056
spreader,387.4541283072904,387.4541283072904,387.4541283072904,0.16360855381935835,isotropic_linear,v6p1i6_0056
pcb_fr4_equivalent,0.8224431236646986,0.8224431236646986,0.3084161713742619,0.5619950741529465,correlated_log_uniform_axes,v6p1i6_0057
bt_substrate_with_vias,0.2473123636969485,0.2473123636969485,0.6059152910575238,0.975780725479126,correlated_log_uniform_axes,v6p1i6_0057
silicon_interposer_tsv_0p1,126.9518990535289,126.9518990535289,128.11054889578372,0.2317299684509635,correlated_linear_axes,v6p1i6_0057
bump_underfill_under_interposer,0.4996169680826328,0.4996169680826328,4.080205239341501,0.08975306898355484,correlated_log_uniform_axes,v6p1i6_0057
silicon_die_lower,109.2854730784893,109.2854730784893,109.2854730784893,0.18570946156978607,isotropic_linear,v6p1i6_0057
tim_between_dies,1.5854841675355493,1.5854841675355493,1.5854841675355493,0.10158318839967251,isotropic_log_uniform,v6p1i6_0057
silicon_die_upper,120.066031627357,120.066031627357,120.066031627357,0.4013206325471401,isotropic_linear,v6p1i6_0057
tim_to_spreader,2.0482522657376117,2.0482522657376117,2.0482522657376117,0.24963977746665478,isotropic_log_uniform,v6p1i6_0057
spreader,395.00741814263165,395.00741814263165,395.00741814263165,0.6671612095087767,isotropic_linear,v6p1i6_0057
pcb_fr4_equivalent,0.9261766000020137,0.9261766000020137,0.3473162250007551,0.8281591618433595,correlated_log_uniform_axes,v6p1i6_0058
bt_substrate_with_vias,0.1740060365148695,0.1740060365148695,0.4263147894614303,0.1880318196490407,correlated_log_uniform_axes,v6p1i6_0058
silicon_interposer_tsv_0p1,147.1210732497275,147.1210732497275,151.64125212468207,0.9040357749909163,correlated_linear_axes,v6p1i6_0058
bump_underfill_under_interposer,0.7388257292975661,0.7388257292975661,6.033743455930122,0.9663644032552838,correlated_log_uniform_axes,v6p1i6_0058
silicon_die_lower,120.77320571988821,120.77320571988821,120.77320571988821,0.4154641143977642,isotropic_linear,v6p1i6_0058
tim_between_dies,2.6120467027333634,2.6120467027333634,2.6120467027333634,0.39020972047001123,isotropic_log_uniform,v6p1i6_0058
silicon_die_upper,148.30862707458436,148.30862707458436,148.30862707458436,0.9661725414916873,isotropic_linear,v6p1i6_0058
tim_to_spreader,2.1076839363332187,2.1076839363332187,2.1076839363332187,0.26617582980543375,isotropic_log_uniform,v6p1i6_0058
spreader,399.838013057597,399.838013057597,399.838013057597,0.9892008705064654,isotropic_linear,v6p1i6_0058
pcb_fr4_equivalent,0.6943188019752768,0.6943188019752768,0.2603695507407288,0.18253506999462843,correlated_log_uniform_axes,v6p1i6_0059
bt_substrate_with_vias,0.21395148618843532,0.21395148618843532,0.5241811411616666,0.6510953875258565,correlated_log_uniform_axes,v6p1i6_0059
silicon_interposer_tsv_0p1,129.64216022752225,129.64216022752225,131.2491869321093,0.32140534091740847,correlated_linear_axes,v6p1i6_0059
bump_underfill_under_interposer,0.5754043464893759,0.5754043464893759,4.699135496329903,0.40621138270944357,correlated_log_uniform_axes,v6p1i6_0059
silicon_die_lower,138.15970155410469,138.15970155410469,138.15970155410469,0.7631940310820937,isotropic_linear,v6p1i6_0059
tim_between_dies,4.040544840519345,4.040544840519345,4.040544840519345,0.642414947040379,isotropic_log_uniform,v6p1i6_0059
silicon_die_upper,112.32145298272371,112.32145298272371,112.32145298272371,0.24642905965447426,isotropic_linear,v6p1i6_0059
tim_to_spreader,3.405847136307429,3.405847136307429,3.405847136307429,0.5436212457716465,isotropic_log_uniform,v6p1i6_0059
spreader,392.38763966597617,392.38763966597617,392.38763966597617,0.4925093110650778,isotropic_linear,v6p1i6_0059
pcb_fr4_equivalent,0.6561601260534645,0.6561601260534645,0.24606004727004915,0.05587586387991905,correlated_log_uniform_axes,v6p1i6_0060
bt_substrate_with_vias,0.16021179131776583,0.16021179131776583,0.39251888872852636,0.0029640570282936096,correlated_log_uniform_axes,v6p1i6_0060
silicon_interposer_tsv_0p1,122.57850492373109,122.57850492373109,123.00825574435294,0.08595016412436962,correlated_linear_axes,v6p1i6_0060
bump_underfill_under_interposer,0.5446755593718596,0.5446755593718596,4.448183734870186,0.283235183916986,correlated_log_uniform_axes,v6p1i6_0060
silicon_die_lower,148.81856343708932,148.81856343708932,148.81856343708932,0.9763712687417865,isotropic_linear,v6p1i6_0060
tim_between_dies,7.1399364259952485,7.1399364259952485,7.1399364259952485,0.971556649543345,isotropic_log_uniform,v6p1i6_0060
silicon_die_upper,143.03118493407965,143.03118493407965,143.03118493407965,0.8606236986815929,isotropic_linear,v6p1i6_0060
tim_to_spreader,3.0033633182755266,3.0033633182755266,3.0033633182755266,0.4709154684096575,isotropic_log_uniform,v6p1i6_0060
spreader,397.4222835479304,397.4222835479304,397.4222835479304,0.8281522365286946,isotropic_linear,v6p1i6_0060
pcb_fr4_equivalent,0.9809345408515241,0.9809345408515241,0.3678504528193215,0.9568673428148031,correlated_log_uniform_axes,v6p1i6_0061
bt_substrate_with_vias,0.207930969446465,0.207930969446465,0.5094308751438393,0.5871384814381599,correlated_log_uniform_axes,v6p1i6_0061
silicon_interposer_tsv_0p1,139.12063448689878,139.12063448689878,142.3074069013819,0.637354482896626,correlated_linear_axes,v6p1i6_0061
bump_underfill_under_interposer,0.699619687131335,0.699619687131335,5.713560778239235,0.8441892610862851,correlated_log_uniform_axes,v6p1i6_0061
silicon_die_lower,115.77759832143784,115.77759832143784,115.77759832143784,0.3155519664287567,isotropic_linear,v6p1i6_0061
tim_between_dies,2.037792347387593,2.037792347387593,2.037792347387593,0.24667986202985048,isotropic_log_uniform,v6p1i6_0061
silicon_die_upper,103.92091660760343,103.92091660760343,103.92091660760343,0.07841833215206861,isotropic_linear,v6p1i6_0061
tim_to_spreader,4.595713342376865,4.595713342376865,4.595713342376865,0.7168455710634589,isotropic_log_uniform,v6p1i6_0061
spreader,390.106950327754,390.106950327754,390.106950327754,0.3404633551836014,isotropic_linear,v6p1i6_0061
pcb_fr4_equivalent,0.8685546385930515,0.8685546385930515,0.32570798947239427,0.6842284193262458,correlated_log_uniform_axes,v6p1i6_0062
bt_substrate_with_vias,0.18902556969662276,0.18902556969662276,0.4631126457567258,0.37354536820203066,correlated_log_uniform_axes,v6p1i6_0062
silicon_interposer_tsv_0p1,134.89284943789244,134.89284943789244,137.3749910108745,0.49642831459641457,correlated_linear_axes,v6p1i6_0062
bump_underfill_under_interposer,0.5306291525253387,0.5306291525253387,4.333471412290266,0.22469230741262436,correlated_log_uniform_axes,v6p1i6_0062
silicon_die_lower,104.12101577967405,104.12101577967405,104.12101577967405,0.08242031559348106,isotropic_linear,v6p1i6_0062
tim_between_dies,2.145393383337351,2.145393383337351,2.145393383337351,0.2764278966933489,isotropic_log_uniform,v6p1i6_0062
silicon_die_upper,126.1664355173707,126.1664355173707,126.1664355173707,0.523328710347414,isotropic_linear,v6p1i6_0062
tim_to_spreader,5.289088538735575,5.289088538735575,5.289088538735575,0.7980850860476494,isotropic_log_uniform,v6p1i6_0062
spreader,385.0512233329937,385.0512233329937,385.0512233329937,0.0034148888662457466,isotropic_linear,v6p1i6_0062
pcb_fr4_equivalent,0.7429570676616604,0.7429570676616604,0.2786089003731226,0.3342469083145261,correlated_log_uniform_axes,v6p1i6_0063
bt_substrate_with_vias,0.22721144890687492,0.22721144890687492,0.5566680498218435,0.7858332889154553,correlated_log_uniform_axes,v6p1i6_0063
silicon_interposer_tsv_0p1,143.69959962554276,143.69959962554276,147.64953289646655,0.7899866541847587,correlated_linear_axes,v6p1i6_0063
bump_underfill_under_interposer,0.6445769908604909,0.6445769908604909,5.264045425360676,0.6605796311050653,correlated_log_uniform_axes,v6p1i6_0063
silicon_die_lower,136.74472379498184,136.74472379498184,136.74472379498184,0.7348944758996367,isotropic_linear,v6p1i6_0063
tim_between_dies,3.186664557940993,3.186664557940993,3.186664557940993,0.5051648672670126,isotropic_log_uniform,v6p1i6_0063
silicon_die_upper,115.1811187621206,115.1811187621206,115.1811187621206,0.3036223752424121,isotropic_linear,v6p1i6_0063
tim_to_spreader,1.3595861487975183,1.3595861487975183,1.3595861487975183,0.012719606049358845,isotropic_log_uniform,v6p1i6_0063
spreader,392.7322291210294,392.7322291210294,392.7322291210294,0.5154819414019585,isotropic_linear,v6p1i6_0063
pcb_fr4_equivalent,0.7435433070156088,0.7435433070156088,0.27882874013085324,0.3360142707824707,correlated_log_uniform_axes,v6p1i6_0064
bt_substrate_with_vias,0.1903794851526439,0.1903794851526439,0.46642973862397763,0.3895374843850732,correlated_log_uniform_axes,v6p1i6_0064
silicon_interposer_tsv_0p1,133.947216225788,133.947216225788,136.27175226341933,0.4649072075262666,correlated_linear_axes,v6p1i6_0064
bump_underfill_under_interposer,0.49733812589736476,0.49733812589736476,4.061594694828479,0.07950941100716591,correlated_log_uniform_axes,v6p1i6_0064
silicon_die_lower,143.17224803380668,143.17224803380668,143.17224803380668,0.8634449606761336,isotropic_linear,v6p1i6_0064
tim_between_dies,6.32460703736286,6.32460703736286,6.32460703736286,0.901455313898623,isotropic_log_uniform,v6p1i6_0064
silicon_die_upper,123.92329974099994,123.92329974099994,123.92329974099994,0.47846599481999874,isotropic_linear,v6p1i6_0064
tim_to_spreader,1.6227437256426964,1.6227437256426964,1.6227437256426964,0.11501223500818014,isotropic_log_uniform,v6p1i6_0064
spreader,399.2330231703818,399.2330231703818,399.2330231703818,0.9488682113587856,isotropic_linear,v6p1i6_0064
pcb_fr4_equivalent,0.8648957118399693,0.8648957118399693,0.32433589193998846,0.674769127741456,correlated_log_uniform_axes,v6p1i6_0065
bt_substrate_with_vias,0.24533895162362057,0.24533895162362057,0.6010804314778706,0.9578294167295098,correlated_log_uniform_axes,v6p1i6_0065
silicon_interposer_tsv_0p1,142.7551264129579,142.7551264129579,146.54764748178422,0.7585042137652636,correlated_linear_axes,v6p1i6_0065
bump_underfill_under_interposer,0.6050072577689967,0.6050072577689967,4.940892605113471,0.5186220910400152,correlated_log_uniform_axes,v6p1i6_0065
silicon_die_lower,122.69425000995398,122.69425000995398,122.69425000995398,0.4538850001990795,isotropic_linear,v6p1i6_0065
tim_between_dies,1.6659155408623214,1.6659155408623214,1.6659155408623214,0.1301918076351285,isotropic_log_uniform,v6p1i6_0065
silicon_die_upper,134.81317651458085,134.81317651458085,134.81317651458085,0.6962635302916169,isotropic_linear,v6p1i6_0065
tim_to_spreader,5.514951569000882,5.514951569000882,5.514951569000882,0.822260582819581,isotropic_log_uniform,v6p1i6_0065
spreader,391.66511529590935,391.66511529590935,391.66511529590935,0.4443410197272897,isotropic_linear,v6p1i6_0065
pcb_fr4_equivalent,0.9850864609659099,0.9850864609659099,0.3694074228622162,0.9663313953205943,correlated_log_uniform_axes,v6p1i6_0066
bt_substrate_with_vias,0.17790666481169923,0.17790666481169923,0.43587132878866314,0.2377062700688839,correlated_log_uniform_axes,v6p1i6_0066
silicon_interposer_tsv_0p1,123.52343880571425,123.52343880571425,124.11067860666662,0.11744796019047499,correlated_linear_axes,v6p1i6_0066
bump_underfill_under_interposer,0.5727784856448672,0.5727784856448672,4.677690966099748,0.395962486974895,correlated_log_uniform_axes,v6p1i6_0066
silicon_die_lower,109.74174216389656,109.74174216389656,109.74174216389656,0.1948348432779312,isotropic_linear,v6p1i6_0066
tim_between_dies,2.4216886287303723,2.4216886287303723,2.4216886287303723,0.34646342881023884,isotropic_log_uniform,v6p1i6_0066
silicon_die_upper,106.9989806972444,106.9989806972444,106.9989806972444,0.13997961394488811,isotropic_linear,v6p1i6_0066
tim_to_spreader,4.186284761864512,4.186284761864512,4.186284761864512,0.6629003556445241,isotropic_log_uniform,v6p1i6_0066
spreader,387.2391530685127,387.2391530685127,387.2391530685127,0.14927687123417854,isotropic_linear,v6p1i6_0066
pcb_fr4_equivalent,0.655641943773894,0.655641943773894,0.24586572891521025,0.054105632938444614,correlated_log_uniform_axes,v6p1i6_0067
bt_substrate_with_vias,0.21532023275296916,0.21532023275296916,0.5275345702447746,0.6653845869004726,correlated_log_uniform_axes,v6p1i6_0067
silicon_interposer_tsv_0p1,140.06489105522633,140.06489105522633,143.4090395644307,0.6688297018408775,correlated_linear_axes,v6p1i6_0067
bump_underfill_under_interposer,0.7367329461534512,0.7367329461534512,6.016652393586517,0.9600084060803056,correlated_log_uniform_axes,v6p1i6_0067
silicon_die_lower,129.85517508350313,129.85517508350313,129.85517508350313,0.5971035016700625,isotropic_linear,v6p1i6_0067
tim_between_dies,3.8975694746734635,3.8975694746734635,3.8975694746734635,0.6215871181339025,isotropic_log_uniform,v6p1i6_0067
silicon_die_upper,146.0139058995992,146.0139058995992,146.0139058995992,0.9202781179919839,isotropic_linear,v6p1i6_0067
tim_to_spreader,2.66273951960919,2.66273951960919,2.66273951960919,0.4013221263885498,isotropic_log_uniform,v6p1i6_0067
spreader,394.6749084210023,394.6749084210023,394.6749084210023,0.6449938947334886,isotropic_linear,v6p1i6_0067
pcb_fr4_equivalent,0.6924490516421264,0.6924490516421264,0.2596683943657974,0.17649286054074764,correlated_log_uniform_axes,v6p1i6_0068
bt_substrate_with_vias,0.16344783846057157,0.16344783846057157,0.40044720422840036,0.047772147692739964,correlated_log_uniform_axes,v6p1i6_0068
silicon_interposer_tsv_0p1,148.0660178605467,148.0660178605467,152.74368750397116,0.9355339286848903,correlated_linear_axes,v6p1i6_0068
bump_underfill_under_interposer,0.7028271940389685,0.7028271940389685,5.739755417984909,0.8544386411085725,correlated_log_uniform_axes,v6p1i6_0068
silicon_die_lower,131.69564860872924,131.69564860872924,131.69564860872924,0.6339129721745849,isotropic_linear,v6p1i6_0068
tim_between_dies,4.996473540454227,4.996473540454227,4.996473540454227,0.7651818264275789,isotropic_log_uniform,v6p1i6_0068
silicon_die_upper,101.72382858581841,101.72382858581841,101.72382858581841,0.0344765717163682,isotropic_linear,v6p1i6_0068
tim_to_spreader,3.642326101605797,3.642326101605797,3.642326101605797,0.5824302192777395,isotropic_log_uniform,v6p1i6_0068
spreader,385.8813220541924,385.8813220541924,385.8813220541924,0.058754803612828255,isotropic_linear,v6p1i6_0068
pcb_fr4_equivalent,0.93197046587175,0.93197046587175,0.34948892470190623,0.8421326689422131,correlated_log_uniform_axes,v6p1i6_0069
bt_substrate_with_vias,0.20953366888889663,0.20953366888889663,0.5133574887777969,0.6043433034792542,correlated_log_uniform_axes,v6p1i6_0069
silicon_interposer_tsv_0p1,130.58640606701374,130.58640606701374,132.3508070781827,0.35288020223379135,correlated_linear_axes,v6p1i6_0069
bump_underfill_under_interposer,0.5462228972658433,0.5462228972658433,4.460820327671053,0.28959166537970304,correlated_log_uniform_axes,v6p1i6_0069
silicon_die_lower,102.23649423569441,102.23649423569441,102.23649423569441,0.04472988471388817,isotropic_linear,v6p1i6_0069
tim_between_dies,1.3706059230452632,1.3706059230452632,1.3706059230452632,0.017386576160788536,isotropic_log_uniform,v6p1i6_0069
silicon_die_upper,137.6110794954002,137.6110794954002,137.6110794954002,0.7522215899080038,isotropic_linear,v6p1i6_0069
tim_to_spreader,2.4444968608108146,2.4444968608108146,2.4444968608108146,0.3518829299136996,isotropic_log_uniform,v6p1i6_0069
spreader,393.21133411023766,393.21133411023766,393.21133411023766,0.5474222740158439,isotropic_linear,v6p1i6_0069
pcb_fr4_equivalent,0.817328429811097,0.817328429811097,0.3064981611791613,0.5480168061330914,correlated_log_uniform_axes,v6p1i6_0070
bt_substrate_with_vias,0.18502086153851632,0.18502086153851632,0.4533011107693651,0.3255634494125843,correlated_log_uniform_axes,v6p1i6_0070
silicon_interposer_tsv_0p1,135.75170452706516,135.75170452706516,138.37698861490935,0.5250568175688386,correlated_linear_axes,v6p1i6_0070
bump_underfill_under_interposer,0.6475303530876279,0.6475303530876279,5.288164550215628,0.6708228047937155,correlated_log_uniform_axes,v6p1i6_0070
silicon_die_lower,115.3580367565155,115.3580367565155,115.3580367565155,0.30716073513031006,isotropic_linear,v6p1i6_0070
tim_between_dies,3.1072964894599275,3.1072964894599275,3.1072964894599275,0.4905835101380944,isotropic_log_uniform,v6p1i6_0070
silicon_die_upper,115.91377113945782,115.91377113945782,115.91377113945782,0.31827542278915644,isotropic_linear,v6p1i6_0070
tim_to_spreader,1.6717411384790437,1.6717411384790437,1.6717411384790437,0.13220995292067528,isotropic_log_uniform,v6p1i6_0070
spreader,397.88067816756666,397.88067816756666,397.88067816756666,0.8587118778377771,isotropic_linear,v6p1i6_0070
pcb_fr4_equivalent,0.7874735487394506,0.7874735487394506,0.29530258077729393,0.4646372338756919,correlated_log_uniform_axes,v6p1i6_0071
bt_substrate_with_vias,0.2258915580591797,0.2258915580591797,0.5534343172449904,0.772778857499361,correlated_log_uniform_axes,v6p1i6_0071
silicon_interposer_tsv_0p1,126.00740795955062,126.00740795955062,127.00864261947572,0.20024693198502064,correlated_linear_axes,v6p1i6_0071
bump_underfill_under_interposer,0.532136018799923,0.532136018799923,4.345777486866037,0.2310463972389698,correlated_log_uniform_axes,v6p1i6_0071
silicon_die_lower,145.23420981131494,145.23420981131494,145.23420981131494,0.9046841962262988,isotropic_linear,v6p1i6_0071
tim_between_dies,4.674522295112711,4.674522295112711,4.674522295112711,0.7266754554584622,isotropic_log_uniform,v6p1i6_0071
silicon_die_upper,129.92597660049796,129.92597660049796,129.92597660049796,0.5985195320099592,isotropic_linear,v6p1i6_0071
tim_to_spreader,6.678805339137806,6.678805339137806,6.678805339137806,0.9329581568017602,isotropic_log_uniform,v6p1i6_0071
spreader,390.2143512153998,390.2143512153998,390.2143512153998,0.3476234143599868,isotropic_linear,v6p1i6_0071
pcb_fr4_equivalent,0.7779103325928488,0.7779103325928488,0.29171637472231826,0.43725907895714045,correlated_log_uniform_axes,v6p1i6_0072
bt_substrate_with_vias,0.17199838824255115,0.17199838824255115,0.42139605119425033,0.16202863678336143,correlated_log_uniform_axes,v6p1i6_0072
silicon_interposer_tsv_0p1,137.57898459210992,137.57898459210992,140.50881535746157,0.5859661530703306,correlated_linear_axes,v6p1i6_0072
bump_underfill_under_interposer,0.5669235671853416,0.5669235671853416,4.629875798680289,0.37294017150998116,correlated_log_uniform_axes,v6p1i6_0072
silicon_die_lower,119.42289266735315,119.42289266735315,119.42289266735315,0.38845785334706306,isotropic_linear,v6p1i6_0072
tim_between_dies,3.314152856224623,3.314152856224623,3.314152856224623,0.5278432043269277,isotropic_log_uniform,v6p1i6_0072
silicon_die_upper,105.01060895621777,105.01060895621777,105.01060895621777,0.10021217912435532,isotropic_linear,v6p1i6_0072
tim_to_spreader,3.3741691118672703,3.3741691118672703,3.3741691118672703,0.5382188837975264,isotropic_log_uniform,v6p1i6_0072
spreader,386.38775285799056,386.38775285799056,386.38775285799056,0.09251685719937086,isotropic_linear,v6p1i6_0072
pcb_fr4_equivalent,0.8302405656674319,0.8302405656674319,0.3113402121252869,0.583138789050281,correlated_log_uniform_axes,v6p1i6_0073
bt_substrate_with_vias,0.22359195732084955,0.22359195732084955,0.5478002954360816,0.7498512826859951,correlated_log_uniform_axes,v6p1i6_0073
silicon_interposer_tsv_0p1,124.12015392445028,124.12015392445028,124.80684624519199,0.1373384641483426,correlated_linear_axes,v6p1i6_0073
bump_underfill_under_interposer,0.6896813677919519,0.6896813677919519,5.6323978369676055,0.8121310230344534,correlated_log_uniform_axes,v6p1i6_0073
silicon_die_lower,139.5100041758269,139.5100041758269,139.5100041758269,0.7902000835165381,isotropic_linear,v6p1i6_0073
tim_between_dies,2.059139117433652,2.059139117433652,2.059139117433652,0.25270449463278055,isotropic_log_uniform,v6p1i6_0073
silicon_die_upper,140.99535229615867,140.99535229615867,140.99535229615867,0.8199070459231734,isotropic_linear,v6p1i6_0073
tim_to_spreader,2.1455317450848472,2.1455317450848472,2.1455317450848472,0.27646518032997847,isotropic_log_uniform,v6p1i6_0073
spreader,393.7026568967849,393.7026568967849,393.7026568967849,0.5801771264523268,isotropic_linear,v6p1i6_0073
pcb_fr4_equivalent,0.9174512053589374,0.9174512053589374,0.3440442020096015,0.8069496471434832,correlated_log_uniform_axes,v6p1i6_0074
bt_substrate_with_vias,0.19657621643581713,0.19657621643581713,0.481611730267752,0.46130934450775385,correlated_log_uniform_axes,v6p1i6_0074
silicon_interposer_tsv_0p1,149.8923572525382,149.8923572525382,154.8744167946279,0.9964119084179401,correlated_linear_axes,v6p1i6_0074
bump_underfill_under_interposer,0.5205258388920662,0.5205258388920662,4.25096101761854,0.18161722552031279,correlated_log_uniform_axes,v6p1i6_0074
silicon_die_lower,128.04866298101842,128.04866298101842,128.04866298101842,0.5609732596203685,isotropic_linear,v6p1i6_0074
tim_between_dies,1.9592227422071715,1.9592227422071715,1.9592227422071715,0.22394837252795696,isotropic_log_uniform,v6p1i6_0074
silicon_die_upper,112.5110924243927,112.5110924243927,112.5110924243927,0.250221848487854,isotropic_linear,v6p1i6_0074
tim_to_spreader,2.0089364483404877,2.0089364483404877,2.0089364483404877,0.23843485489487648,isotropic_log_uniform,v6p1i6_0074
spreader,396.4516841666773,396.4516841666773,396.4516841666773,0.7634456111118197,isotropic_linear,v6p1i6_0074
pcb_fr4_equivalent,0.7009425553531348,0.7009425553531348,0.2628534582574255,0.2038099691271782,correlated_log_uniform_axes,v6p1i6_0075
bt_substrate_with_vias,0.23667489058067723,0.23667489058067723,0.5798534819226593,0.8772684941068292,correlated_log_uniform_axes,v6p1i6_0075
silicon_interposer_tsv_0p1,128.70009270496666,128.70009270496666,130.15010815579444,0.2900030901655555,correlated_linear_axes,v6p1i6_0075
bump_underfill_under_interposer,0.669509031076797,0.669509031076797,5.467657087127176,0.7456154311075807,correlated_log_uniform_axes,v6p1i6_0075
silicon_die_lower,107.5443435460329,107.5443435460329,107.5443435460329,0.1508868709206581,isotropic_linear,v6p1i6_0075
tim_between_dies,7.43793503534265,7.43793503534265,7.43793503534265,0.9951959047466516,isotropic_log_uniform,v6p1i6_0075
silicon_die_upper,126.62079031579196,126.62079031579196,126.62079031579196,0.5324158063158393,isotropic_linear,v6p1i6_0075
tim_to_spreader,6.823928131987144,6.823928131987144,6.823928131987144,0.9453856581822038,isotropic_log_uniform,v6p1i6_0075
spreader,388.77024919725955,388.77024919725955,388.77024919725955,0.2513499464839697,isotropic_linear,v6p1i6_0075
pcb_fr4_equivalent,0.663699757778469,0.663699757778469,0.2488874091669259,0.08147602435201406,correlated_log_uniform_axes,v6p1i6_0076
bt_substrate_with_vias,0.18107286105195644,0.18107286105195644,0.44362850957729333,0.27723338082432747,correlated_log_uniform_axes,v6p1i6_0076
silicon_interposer_tsv_0p1,121.69689919799566,121.69689919799566,121.97971573099494,0.05656330659985542,correlated_linear_axes,v6p1i6_0076
bump_underfill_under_interposer,0.6187206986797876,0.6187206986797876,5.052885705884933,0.5688442522659898,correlated_log_uniform_axes,v6p1i6_0076
silicon_die_lower,105.5079372599721,105.5079372599721,105.5079372599721,0.11015874519944191,isotropic_linear,v6p1i6_0076
tim_between_dies,3.974777859725884,3.974777859725884,3.974777859725884,0.6329274903982878,isotropic_log_uniform,v6p1i6_0076
silicon_die_upper,120.90476411394775,120.90476411394775,120.90476411394775,0.418095282278955,isotropic_linear,v6p1i6_0076
tim_to_spreader,1.344821403278528,1.344821403278528,1.344821403278528,0.006406961940228939,isotropic_log_uniform,v6p1i6_0076
spreader,398.72848245780915,398.72848245780915,398.72848245780915,0.9152321638539433,isotropic_linear,v6p1i6_0076
pcb_fr4_equivalent,0.9697628740858069,0.9697628740858069,0.36366107778217754,0.9312019171193242,correlated_log_uniform_axes,v6p1i6_0077
bt_substrate_with_vias,0.23011365707448592,0.23011365707448592,0.5637784598324905,0.8142729885876179,correlated_log_uniform_axes,v6p1i6_0077
silicon_interposer_tsv_0p1,141.95232060737908,141.95232060737908,145.61104070860893,0.7317440202459693,correlated_linear_axes,v6p1i6_0077
bump_underfill_under_interposer,0.48084108254080477,0.48084108254080477,3.926868840749906,0.003922860138118267,correlated_log_uniform_axes,v6p1i6_0077
silicon_die_lower,135.35778890363872,135.35778890363872,135.35778890363872,0.7071557780727744,isotropic_linear,v6p1i6_0077
tim_between_dies,2.642088712673023,2.642088712673023,2.642088712673023,0.39682100154459476,isotropic_log_uniform,v6p1i6_0077
silicon_die_upper,131.89289011061192,131.89289011061192,131.89289011061192,0.6378578022122383,isotropic_linear,v6p1i6_0077
tim_to_spreader,5.3743529719428755,5.3743529719428755,5.3743529719428755,0.8073306400328875,isotropic_log_uniform,v6p1i6_0077
spreader,391.17567896842957,391.17567896842957,391.17567896842957,0.4117119312286377,isotropic_linear,v6p1i6_0077
pcb_fr4_equivalent,0.8785861864815439,0.8785861864815439,0.3294698199305789,0.7099596448242664,correlated_log_uniform_axes,v6p1i6_0078
bt_substrate_with_vias,0.1673029961527033,0.1673029961527033,0.40989234057412316,0.100008943118155,correlated_log_uniform_axes,v6p1i6_0078
silicon_interposer_tsv_0p1,132.12151000276208,132.12151000276208,134.1417616698891,0.40405033342540264,correlated_linear_axes,v6p1i6_0078
bump_underfill_under_interposer,0.7100441131478227,0.7100441131478227,5.7986935907072175,0.8773298468440771,correlated_log_uniform_axes,v6p1i6_0078
silicon_die_lower,147.04081355594099,147.04081355594099,147.04081355594099,0.9408162711188197,isotropic_linear,v6p1i6_0078
tim_between_dies,1.6119085238114306,1.6119085238114306,1.6119085238114306,0.11113908607512712,isotropic_log_uniform,v6p1i6_0078
silicon_die_upper,109.8886541556567,109.8886541556567,109.8886541556567,0.1977730831131339,isotropic_linear,v6p1i6_0078
tim_to_spreader,4.5299697508295695,4.5299697508295695,4.5299697508295695,0.7085154997184873,isotropic_log_uniform,v6p1i6_0078
spreader,388.66637505125254,388.66637505125254,388.66637505125254,0.24442500341683626,isotropic_linear,v6p1i6_0078
pcb_fr4_equivalent,0.7345361438700122,0.7345361438700122,0.2754510539512545,0.30870492570102215,correlated_log_uniform_axes,v6p1i6_0079
bt_substrate_with_vias,0.20533085804068682,0.20533085804068682,0.5030606021996827,0.5589424455538392,correlated_log_uniform_axes,v6p1i6_0079
silicon_interposer_tsv_0p1,144.641722580418,144.641722580418,148.748676343821,0.8213907526805997,correlated_linear_axes,v6p1i6_0079
bump_underfill_under_interposer,0.5835208159855416,0.5835208159855416,4.765419997215256,0.43759727850556374,correlated_log_uniform_axes,v6p1i6_0079
silicon_die_lower,117.55533777177334,117.55533777177334,117.55533777177334,0.35110675543546677,isotropic_linear,v6p1i6_0079
tim_between_dies,5.875972272898791,5.875972272898791,5.875972272898791,0.8589188391342759,isotropic_log_uniform,v6p1i6_0079
silicon_die_upper,149.00182858109474,149.00182858109474,149.00182858109474,0.9800365716218948,isotropic_linear,v6p1i6_0079
tim_to_spreader,3.0417917531479577,3.0417917531479577,3.0417917531479577,0.47826575487852097,isotropic_log_uniform,v6p1i6_0079
spreader,396.11723478883505,396.11723478883505,396.11723478883505,0.7411489859223366,isotropic_linear,v6p1i6_0079
pcb_fr4_equivalent,0.717985489138211,0.717985489138211,0.2692445584268291,0.257639491930604,correlated_log_uniform_axes,v6p1i6_0080
bt_substrate_with_vias,0.166348483527661,0.166348483527661,0.40755378464276953,0.08718842826783657,correlated_log_uniform_axes,v6p1i6_0080
silicon_interposer_tsv_0p1,125.54021487012506,125.54021487012506,126.4635840151459,0.1846738290041685,correlated_linear_axes,v6p1i6_0080
bump_underfill_under_interposer,0.6381747631225897,0.6381747631225897,5.211760565501148,0.6382126295939088,correlated_log_uniform_axes,v6p1i6_0080
silicon_die_lower,128.6666238680482,128.6666238680482,128.6666238680482,0.5733324773609638,isotropic_linear,v6p1i6_0080
tim_between_dies,2.723953515814529,2.723953515814529,2.723953515814529,0.4144622776657343,isotropic_log_uniform,v6p1i6_0080
silicon_die_upper,136.61763900890946,136.61763900890946,136.61763900890946,0.7323527801781893,isotropic_linear,v6p1i6_0080
tim_to_spreader,4.654562507030443,4.654562507030443,4.654562507030443,0.7242016205564141,isotropic_log_uniform,v6p1i6_0080
spreader,394.0080821188167,394.0080821188167,394.0080821188167,0.6005388079211116,isotropic_linear,v6p1i6_0080
pcb_fr4_equivalent,0.8871239996538411,0.8871239996538411,0.33267149987019035,0.7316290140151978,correlated_log_uniform_axes,v6p1i6_0081
bt_substrate_with_vias,0.2003012975575156,0.2003012975575156,0.4907381790159133,0.5033730622380972,correlated_log_uniform_axes,v6p1i6_0081
silicon_interposer_tsv_0p1,138.09801056049764,138.09801056049764,141.11434565391392,0.6032670186832547,correlated_linear_axes,v6p1i6_0081
bump_underfill_under_interposer,0.5255434321473281,0.5255434321473281,4.2919380292031795,0.20311304461210966,correlated_log_uniform_axes,v6p1i6_0081
silicon_die_lower,111.71769793145359,111.71769793145359,111.71769793145359,0.2343539586290717,isotropic_linear,v6p1i6_0081
tim_between_dies,4.296417229451994,4.296417229451994,4.296417229451994,0.6779130529612303,isotropic_log_uniform,v6p1i6_0081
silicon_die_upper,122.50486672855914,122.50486672855914,122.50486672855914,0.45009733457118273,isotropic_linear,v6p1i6_0081
tim_to_spreader,2.9603691407383756,2.9603691407383756,2.9603691407383756,0.4625795744359493,isotropic_log_uniform,v6p1i6_0081
spreader,386.5577080566436,386.5577080566436,386.5577080566436,0.10384720377624035,isotropic_linear,v6p1i6_0081
pcb_fr4_equivalent,0.946675106845511,0.946675106845511,0.35500316506706664,0.8772106105461717,correlated_log_uniform_axes,v6p1i6_0082
bt_substrate_with_vias,0.18177744730428969,0.18177744730428969,0.4453547458955097,0.2859354568645358,correlated_log_uniform_axes,v6p1i6_0082
silicon_interposer_tsv_0p1,128.24155177921057,128.24155177921057,129.61514374241233,0.27471839264035225,correlated_linear_axes,v6p1i6_0082
bump_underfill_under_interposer,0.6926878503797272,0.6926878503797272,5.656950778101105,0.8218775745481253,correlated_log_uniform_axes,v6p1i6_0082
silicon_die_lower,124.64590682648122,124.64590682648122,124.64590682648122,0.49291813652962446,isotropic_linear,v6p1i6_0082
tim_between_dies,5.587399298144541,5.587399298144541,5.587399298144541,0.8298057550564408,isotropic_log_uniform,v6p1i6_0082
silicon_die_upper,144.30118696764112,144.30118696764112,144.30118696764112,0.8860237393528223,isotropic_linear,v6p1i6_0082
tim_to_spreader,1.4585566407837764,1.4585566407837764,1.4585566407837764,0.0533428443595767,isotropic_log_uniform,v6p1i6_0082
spreader,389.53436188865453,389.53436188865453,389.53436188865453,0.30229079257696867,isotropic_linear,v6p1i6_0082
pcb_fr4_equivalent,0.6698607904100995,0.6698607904100995,0.2511977964037873,0.10218027513474226,correlated_log_uniform_axes,v6p1i6_0083
bt_substrate_with_vias,0.2363322126249011,0.2363322126249011,0.5790139209310078,0.8740218533203006,correlated_log_uniform_axes,v6p1i6_0083
silicon_interposer_tsv_0p1,148.5326608736068,148.5326608736068,153.28810435254127,0.9510886957868934,correlated_linear_axes,v6p1i6_0083
bump_underfill_under_interposer,0.5394418957976036,0.5394418957976036,4.405442149013763,0.2616006024181843,correlated_log_uniform_axes,v6p1i6_0083
silicon_die_lower,142.00789369642735,142.00789369642735,142.00789369642735,0.8401578739285469,isotropic_linear,v6p1i6_0083
tim_between_dies,1.5224240534370357,1.5224240534370357,1.5224240534370357,0.07811933476477861,isotropic_log_uniform,v6p1i6_0083
silicon_die_upper,108.31346311606467,108.31346311606467,108.31346311606467,0.16626926232129335,isotropic_linear,v6p1i6_0083
tim_to_spreader,4.955271504849922,4.955271504849922,4.955271504849922,0.7603946980088949,isotropic_log_uniform,v6p1i6_0083
spreader,397.0876488182694,397.0876488182694,397.0876488182694,0.8058432545512915,isotropic_linear,v6p1i6_0083
pcb_fr4_equivalent,0.7091724888946437,0.7091724888946437,0.26593968333549134,0.2299654297530651,correlated_log_uniform_axes,v6p1i6_0084
bt_substrate_with_vias,0.19785901829591362,0.19785901829591362,0.4847545948249884,0.47588409297168255,correlated_log_uniform_axes,v6p1i6_0084
silicon_interposer_tsv_0p1,141.47359158843756,141.47359158843756,145.05252351984382,0.7157863862812519,correlated_linear_axes,v6p1i6_0084
bump_underfill_under_interposer,0.5809861743726235,0.5809861743726235,4.7447204240430905,0.4278430975973606,correlated_log_uniform_axes,v6p1i6_0084
silicon_die_lower,146.39229346066713,146.39229346066713,146.39229346066713,0.9278458692133427,isotropic_linear,v6p1i6_0084
tim_between_dies,2.2717969552620088,2.2717969552620088,2.2717969552620088,0.30952461902052164,isotropic_log_uniform,v6p1i6_0084
silicon_die_upper,139.42009047605097,139.42009047605097,139.42009047605097,0.7884018095210195,isotropic_linear,v6p1i6_0084
tim_to_spreader,1.852674852349799,1.852674852349799,1.852674852349799,0.19162103533744812,isotropic_log_uniform,v6p1i6_0084
spreader,390.88120612781495,390.88120612781495,390.88120612781495,0.39208040852099657,isotropic_linear,v6p1i6_0084
pcb_fr4_equivalent,0.8950586003413993,0.8950586003413993,0.3356469751280247,0.7515812423080206,correlated_log_uniform_axes,v6p1i6_0085
bt_substrate_with_vias,0.2428575344537879,0.2428575344537879,0.5950009594117806,0.9350509475916624,correlated_log_uniform_axes,v6p1i6_0085
silicon_interposer_tsv_0p1,120.24386552162468,120.24386552162468,120.2845097752288,0.008128850720822811,correlated_linear_axes,v6p1i6_0085
bump_underfill_under_interposer,0.7462195933131697,0.7462195933131697,6.094126678724219,0.9886770453304052,correlated_log_uniform_axes,v6p1i6_0085
silicon_die_lower,113.4248576592654,113.4248576592654,113.4248576592654,0.268497153185308,isotropic_linear,v6p1i6_0085
tim_between_dies,3.348955669071726,3.348955669071726,3.348955669071726,0.5338826151564717,isotropic_log_uniform,v6p1i6_0085
silicon_die_upper,100.31003812327981,100.31003812327981,100.31003812327981,0.006200762465596199,isotropic_linear,v6p1i6_0085
tim_to_spreader,7.399484772621231,7.399484772621231,7.399484772621231,0.9921995373442769,isotropic_log_uniform,v6p1i6_0085
spreader,398.5622090101242,398.5622090101242,398.5622090101242,0.9041472673416138,isotropic_linear,v6p1i6_0085
pcb_fr4_equivalent,0.8396268960472894,0.8396268960472894,0.31486008601773346,0.6083291312679648,correlated_log_uniform_axes,v6p1i6_0086
bt_substrate_with_vias,0.1711649126517202,0.1711649126517202,0.4193540359967145,0.15114413481205702,correlated_log_uniform_axes,v6p1i6_0086
silicon_interposer_tsv_0p1,146.03439280763268,146.03439280763268,150.37345827557147,0.8678130935877562,correlated_linear_axes,v6p1i6_0086
bump_underfill_under_interposer,0.5044520122221215,0.5044520122221215,4.1196914331473256,0.11133329104632139,correlated_log_uniform_axes,v6p1i6_0086
silicon_die_lower,100.27868240140378,100.27868240140378,100.27868240140378,0.005573648028075695,isotropic_linear,v6p1i6_0086
tim_between_dies,6.790202765893473,6.790202765893473,6.790202765893473,0.9425213430076838,isotropic_log_uniform,v6p1i6_0086
silicon_die_upper,128.2209160272032,128.2209160272032,128.2209160272032,0.564418320544064,isotropic_linear,v6p1i6_0086
tim_to_spreader,3.2845431775027683,3.2845431775027683,3.2845431775027683,0.5226548258215189,isotropic_log_uniform,v6p1i6_0086
spreader,395.34211612772197,395.34211612772197,395.34211612772197,0.6894744085147977,isotropic_linear,v6p1i6_0086
pcb_fr4_equivalent,0.7579332185106917,0.7579332185106917,0.2842249569415094,0.3789648013189435,correlated_log_uniform_axes,v6p1i6_0087
bt_substrate_with_vias,0.21754713527341177,0.21754713527341177,0.5329904814198588,0.6884396253153682,correlated_log_uniform_axes,v6p1i6_0087
silicon_interposer_tsv_0p1,132.53975286148489,132.53975286148489,134.62971167173237,0.4179917620494962,correlated_linear_axes,v6p1i6_0087
bump_underfill_under_interposer,0.6128114146980166,0.6128114146980166,5.004626553367134,0.5473408037796617,correlated_log_uniform_axes,v6p1i6_0087
silicon_die_lower,132.87826292216778,132.87826292216778,132.87826292216778,0.6575652584433556,isotropic_linear,v6p1i6_0087
tim_between_dies,1.9266037476073932,1.9266037476073932,1.9266037476073932,0.21424214355647564,isotropic_log_uniform,v6p1i6_0087
silicon_die_upper,117.2358182258904,117.2358182258904,117.2358182258904,0.34471636451780796,isotropic_linear,v6p1i6_0087
tim_to_spreader,2.2040774920419604,2.2040774920419604,2.2040774920419604,0.2920292979106307,isotropic_log_uniform,v6p1i6_0087
spreader,388.0267822369933,388.0267822369933,388.0267822369933,0.20178548246622086,isotropic_linear,v6p1i6_0087
pcb_fr4_equivalent,0.7889288137978905,0.7889288137978905,0.2958483051742089,0.4687742842361331,correlated_log_uniform_axes,v6p1i6_0088
bt_substrate_with_vias,0.18802328256007275,0.18802328256007275,0.4606570422721782,0.3616326404735446,correlated_log_uniform_axes,v6p1i6_0088
silicon_interposer_tsv_0p1,144.1712963115424,144.1712963115424,148.19984569679946,0.8057098770514131,correlated_linear_axes,v6p1i6_0088
bump_underfill_under_interposer,0.7195929429863591,0.7195929429863591,5.876675701055266,0.9072625869885087,correlated_log_uniform_axes,v6p1i6_0088
silicon_die_lower,108.739212481305,108.739212481305,108.739212481305,0.17478424962610006,isotropic_linear,v6p1i6_0088
tim_between_dies,1.4423035077650428,1.4423035077650428,1.4423035077650428,0.04686444066464901,isotropic_log_uniform,v6p1i6_0088
silicon_die_upper,142.30978172272444,142.30978172272444,142.30978172272444,0.8461956344544888,isotropic_linear,v6p1i6_0088
tim_to_spreader,1.813124875359404,1.813124875359404,1.813124875359404,0.17914583534002304,isotropic_log_uniform,v6p1i6_0088
spreader,392.32301795855165,392.32301795855165,392.32301795855165,0.48820119723677635,isotropic_linear,v6p1i6_0088
pcb_fr4_equivalent,0.8038072828140114,0.8038072828140114,0.3014277310552542,0.5106384763494134,correlated_log_uniform_axes,v6p1i6_0089
bt_substrate_with_vias,0.22758718000492648,0.22758718000492648,0.5575885910120699,0.7895356072112918,correlated_log_uniform_axes,v6p1i6_0089
silicon_interposer_tsv_0p1,134.462809022516,134.462809022516,136.87327719293535,0.4820936340838671,correlated_linear_axes,v6p1i6_0089
bump_underfill_under_interposer,0.5925795159312398,0.5925795159312398,4.839399380105125,0.4721152884885669,correlated_log_uniform_axes,v6p1i6_0089
silicon_die_lower,126.07869263738394,126.07869263738394,126.07869263738394,0.5215738527476788,isotropic_linear,v6p1i6_0089
tim_between_dies,5.29348463660375,5.29348463660375,5.29348463660375,0.7985654044896364,isotropic_log_uniform,v6p1i6_0089
silicon_die_upper,103.29793109558523,103.29793109558523,103.29793109558523,0.06595862191170454,isotropic_linear,v6p1i6_0089
tim_to_spreader,6.158005243839586,6.158005243839586,6.158005243839586,0.8860222147777677,isotropic_log_uniform,v6p1i6_0089
spreader,399.9898319831118,399.9898319831118,399.9898319831118,0.9993221322074533,isotropic_linear,v6p1i6_0089
pcb_fr4_equivalent,0.9349191234093684,0.9349191234093684,0.3505946712785131,0.8492108508944511,correlated_log_uniform_axes,v6p1i6_0090
bt_substrate_with_vias,0.16110329310069854,0.16110329310069854,0.39470306809671146,0.015397971495985985,correlated_log_uniform_axes,v6p1i6_0090
silicon_interposer_tsv_0p1,139.60978352464736,139.60978352464736,142.87808077875525,0.6536594508215785,correlated_linear_axes,v6p1i6_0090
bump_underfill_under_interposer,0.6270231087485298,0.6270231087485298,5.120688721446327,0.5987116601318121,correlated_log_uniform_axes,v6p1i6_0090
silicon_die_lower,137.56456896662712,137.56456896662712,137.56456896662712,0.7512913793325424,isotropic_linear,v6p1i6_0090
tim_between_dies,4.535004414185346,4.535004414185346,4.535004414185346,0.7091576801612973,isotropic_log_uniform,v6p1i6_0090
silicon_die_upper,125.20241010934114,125.20241010934114,125.20241010934114,0.5040482021868229,isotropic_linear,v6p1i6_0090
tim_to_spreader,3.7425050151401167,3.7425050151401167,3.7425050151401167,0.5981163401156664,isotropic_log_uniform,v6p1i6_0090
spreader,394.85216526314616,394.85216526314616,394.85216526314616,0.6568110175430775,isotropic_linear,v6p1i6_0090
pcb_fr4_equivalent,0.6812918170488824,0.6812918170488824,0.2554844313933309,0.1400949079543352,correlated_log_uniform_axes,v6p1i6_0091
bt_substrate_with_vias,0.2076355378538102,0.2076355378538102,0.5087070677418352,0.5839525815099478,correlated_log_uniform_axes,v6p1i6_0091
silicon_interposer_tsv_0p1,122.16763325035572,122.16763325035572,122.52890545874834,0.07225444167852402,correlated_linear_axes,v6p1i6_0091
bump_underfill_under_interposer,0.4883214492007366,0.4883214492007366,3.9879585018060157,0.038512859493494034,correlated_log_uniform_axes,v6p1i6_0091
silicon_die_lower,120.59313631616533,120.59313631616533,120.59313631616533,0.41186272632330656,isotropic_linear,v6p1i6_0091
tim_between_dies,2.875296252652992,2.875296252652992,2.875296252652992,0.44572240207344294,isotropic_log_uniform,v6p1i6_0091
silicon_die_upper,114.31551403366029,114.31551403366029,114.31551403366029,0.28631028067320585,isotropic_linear,v6p1i6_0091
tim_to_spreader,2.3790626244834083,2.3790626244834083,2.3790626244834083,0.336196749471128,isotropic_log_uniform,v6p1i6_0091
spreader,387.5226425146684,387.5226425146684,387.5226425146684,0.16817616764456034,isotropic_linear,v6p1i6_0091
pcb_fr4_equivalent,0.64354101110163,0.64354101110163,0.24132787916311121,0.012363296933472157,correlated_log_uniform_axes,v6p1i6_0092
bt_substrate_with_vias,0.17489781685074207,0.17489781685074207,0.4284996512843181,0.19948612432926893,correlated_log_uniform_axes,v6p1i6_0092
silicon_interposer_tsv_0p1,130.10378622449934,130.10378622449934,131.78775059524924,0.33679287414997816,correlated_linear_axes,v6p1i6_0092
bump_underfill_under_interposer,0.5134500671659549,0.5134500671659549,4.193175548521964,0.15094919875264168,correlated_log_uniform_axes,v6p1i6_0092
silicon_die_lower,116.40323805622756,116.40323805622756,116.40323805622756,0.3280647611245513,isotropic_linear,v6p1i6_0092
tim_between_dies,1.825223739297217,1.825223739297217,1.825223739297217,0.1829908238723874,isotropic_log_uniform,v6p1i6_0092
silicon_die_upper,133.214990189299,133.214990189299,133.214990189299,0.6642998037859797,isotropic_linear,v6p1i6_0092
tim_to_spreader,4.075087109684491,4.075087109684491,4.075087109684491,0.6473362976685166,isotropic_log_uniform,v6p1i6_0092
spreader,392.5643801968545,392.5643801968545,392.5643801968545,0.5042920131236315,isotropic_linear,v6p1i6_0092
pcb_fr4_equivalent,0.9888578326590367,0.9888578326590367,0.3708216872471387,0.9748935019597411,correlated_log_uniform_axes,v6p1i6_0093
bt_substrate_with_vias,0.2135544692140407,0.2135544692140407,0.5232084495743997,0.6469335732981563,correlated_log_uniform_axes,v6p1i6_0093
silicon_interposer_tsv_0p1,146.6095507889986,146.6095507889986,151.04447592049837,0.8869850262999535,correlated_linear_axes,v6p1i6_0093
bump_underfill_under_interposer,0.6594890093698885,0.6594890093698885,5.38582690985409,0.7118269857019186,correlated_log_uniform_axes,v6p1i6_0093
silicon_die_lower,148.98031186312437,148.98031186312437,148.98031186312437,0.9796062372624874,isotropic_linear,v6p1i6_0093
tim_between_dies,6.433061963500929,6.433061963500929,6.433061963500929,0.9112850436940789,isotropic_log_uniform,v6p1i6_0093
silicon_die_upper,119.19966246932745,119.19966246932745,119.19966246932745,0.383993249386549,isotropic_linear,v6p1i6_0093
tim_to_spreader,2.7353984651059764,2.7353984651059764,2.7353984651059764,0.41688624396920204,isotropic_log_uniform,v6p1i6_0093
spreader,385.12819862458855,385.12819862458855,385.12819862458855,0.008546574972569942,isotropic_linear,v6p1i6_0093
pcb_fr4_equivalent,0.8493041768989625,0.8493041768989625,0.31848906633711094,0.6340071689337492,correlated_log_uniform_axes,v6p1i6_0094
bt_substrate_with_vias,0.19329881303214544,0.19329881303214544,0.4735820919287564,0.42363633029162884,correlated_log_uniform_axes,v6p1i6_0094
silicon_interposer_tsv_0p1,127.40351135842502,127.40351135842502,128.63742991816252,0.2467837119475007,correlated_linear_axes,v6p1i6_0094
bump_underfill_under_interposer,0.5592352989077153,0.5592352989077153,4.567088274413008,0.34234511386603117,correlated_log_uniform_axes,v6p1i6_0094
silicon_die_lower,137.32148855924606,137.32148855924606,137.32148855924606,0.7464297711849213,isotropic_linear,v6p1i6_0094
tim_between_dies,3.534950618143295,3.534950618143295,3.534950618143295,0.5651308204978704,isotropic_log_uniform,v6p1i6_0094
silicon_die_upper,147.58798531256616,147.58798531256616,147.58798531256616,0.9517597062513232,isotropic_linear,v6p1i6_0094
tim_to_spreader,1.4965214528265147,1.4965214528265147,1.4965214528265147,0.06819841545075178,isotropic_log_uniform,v6p1i6_0094
spreader,390.02608477137983,390.02608477137983,390.02608477137983,0.33507231809198856,isotropic_linear,v6p1i6_0094
pcb_fr4_equivalent,0.7473702850972134,0.7473702850972134,0.280263856911455,0.3475175090134144,correlated_log_uniform_axes,v6p1i6_0095
bt_substrate_with_vias,0.2478296723904233,0.2478296723904233,0.6071826973565372,0.9804627727717161,correlated_log_uniform_axes,v6p1i6_0095
silicon_interposer_tsv_0p1,136.17383843287826,136.17383843287826,138.8694781716913,0.5391279477626085,correlated_linear_axes,v6p1i6_0095
bump_underfill_under_interposer,0.6793399271489374,0.6793399271489374,5.5479427383829885,0.7782782102003694,correlated_log_uniform_axes,v6p1i6_0095
silicon_die_lower,104.33154604397714,104.33154604397714,104.33154604397714,0.08663092087954283,isotropic_linear,v6p1i6_0095
tim_between_dies,2.3980347133402717,2.3980347133402717,2.3980347133402717,0.34078879840672016,isotropic_log_uniform,v6p1i6_0095
silicon_die_upper,111.6977060213685,111.6977060213685,111.6977060213685,0.23395412042737007,isotropic_linear,v6p1i6_0095
tim_to_spreader,5.980104034988169,5.980104034988169,5.980104034988169,0.8690744619816542,isotropic_log_uniform,v6p1i6_0095
spreader,397.5935641909018,397.5935641909018,397.5935641909018,0.8395709460601211,isotropic_linear,v6p1i6_0095
pcb_fr4_equivalent,0.7548548742638759,0.7548548742638759,0.28307057784895345,0.36984563060104847,correlated_log_uniform_axes,v6p1i6_0096
bt_substrate_with_vias,0.17750905574886688,0.17750905574886688,0.434897186584724,0.23269283398985863,correlated_log_uniform_axes,v6p1i6_0096
silicon_interposer_tsv_0p1,149.15735118091106,149.15735118091106,154.0169097110629,0.9719117060303688,correlated_linear_axes,v6p1i6_0096
bump_underfill_under_interposer,0.6117905348356724,0.6117905348356724,4.996289367824656,0.5436049019917846,correlated_log_uniform_axes,v6p1i6_0096
silicon_die_lower,144.36546368524432,144.36546368524432,144.36546368524432,0.8873092737048864,isotropic_linear,v6p1i6_0096
tim_between_dies,2.974025075424501,2.974025075424501,2.974025075424501,0.46524029318243265,isotropic_log_uniform,v6p1i6_0096
silicon_die_upper,144.6115355938673,144.6115355938673,144.6115355938673,0.892230711877346,isotropic_linear,v6p1i6_0096
tim_to_spreader,6.291562638594921,6.291562638594921,6.291562638594921,0.8984268354251981,isotropic_log_uniform,v6p1i6_0096
spreader,386.79228904191405,386.79228904191405,386.79228904191405,0.11948593612760305,isotropic_linear,v6p1i6_0096
pcb_fr4_equivalent,0.8519473198753611,0.8519473198753611,0.31948024495326033,0.6409697160124779,correlated_log_uniform_axes,v6p1i6_0097
bt_substrate_with_vias,0.21636464387200904,0.21636464387200904,0.5300933774864222,0.6762268804013729,correlated_log_uniform_axes,v6p1i6_0097
silicon_interposer_tsv_0p1,129.12885376252234,129.12885376252234,130.6503293896094,0.3042951254174113,correlated_linear_axes,v6p1i6_0097
bump_underfill_under_interposer,0.503762138551274,0.503762138551274,4.114057464835405,0.1082668649032712,correlated_log_uniform_axes,v6p1i6_0097
silicon_die_lower,114.47584466077387,114.47584466077387,114.47584466077387,0.28951689321547747,isotropic_linear,v6p1i6_0097
tim_between_dies,4.384021203667212,4.384021203667212,4.384021203667212,0.6895824940875173,isotropic_log_uniform,v6p1i6_0097
silicon_die_upper,108.62719896249473,108.62719896249473,108.62719896249473,0.17254397924989462,isotropic_linear,v6p1i6_0097
tim_to_spreader,1.77773172128302,1.77773172128302,1.77773172128302,0.16774889081716537,isotropic_log_uniform,v6p1i6_0097
spreader,394.24315235577524,394.24315235577524,394.24315235577524,0.6162101570516825,isotropic_linear,v6p1i6_0097
pcb_fr4_equivalent,0.9996341070818772,0.9996341070818772,0.3748627901557039,0.9991799900308251,correlated_log_uniform_axes,v6p1i6_0098
bt_substrate_with_vias,0.1907875707230592,0.1907875707230592,0.46742954827149513,0.39433539006859064,correlated_log_uniform_axes,v6p1i6_0098
silicon_interposer_tsv_0p1,137.09200462326407,137.09200462326407,139.94067206047475,0.5697334874421358,correlated_linear_axes,v6p1i6_0098
bump_underfill_under_interposer,0.7424324427395862,0.7424324427395862,6.063198282373286,0.9772762283682823,correlated_log_uniform_axes,v6p1i6_0098
silicon_die_lower,103.0858859885484,103.0858859885484,103.0858859885484,0.06171771977096796,isotropic_linear,v6p1i6_0098
tim_between_dies,5.187145749100137,5.187145749100137,5.187145749100137,0.7868333850055933,isotropic_log_uniform,v6p1i6_0098
silicon_die_upper,137.06068992614746,137.06068992614746,137.06068992614746,0.7412137985229492,isotropic_linear,v6p1i6_0098
tim_to_spreader,2.3027605211234814,2.3027605211234814,2.3027605211234814,0.31735101249068975,isotropic_log_uniform,v6p1i6_0098
spreader,396.85256539378315,396.85256539378315,396.85256539378315,0.7901710262522101,isotropic_linear,v6p1i6_0098
pcb_fr4_equivalent,0.6461082428339072,0.6461082428339072,0.2422905910627152,0.021284217946231365,correlated_log_uniform_axes,v6p1i6_0099
bt_substrate_with_vias,0.24418481627433328,0.24418481627433328,0.5982527998721167,0.9472636887803674,correlated_log_uniform_axes,v6p1i6_0099
silicon_interposer_tsv_0p1,124.330187542364,124.330187542364,125.05188546609133,0.1443395847454667,correlated_linear_axes,v6p1i6_0099
bump_underfill_under_interposer,0.5781168273213054,0.5781168273213054,4.721287423123995,0.4167493674904108,correlated_log_uniform_axes,v6p1i6_0099
silicon_die_lower,132.6109399087727,132.6109399087727,132.6109399087727,0.6522187981754541,isotropic_linear,v6p1i6_0099
tim_between_dies,1.4717259902854543,1.4717259902854543,1.4717259902854543,0.05853934399783611,isotropic_log_uniform,v6p1i6_0099
silicon_die_upper,122.95140321366489,122.95140321366489,122.95140321366489,0.4590280642732978,isotropic_linear,v6p1i6_0099
tim_to_spreader,3.873250364704633,3.873250364704633,3.873250364704633,0.6179685611277819,isotropic_log_uniform,v6p1i6_0099
spreader,389.29976548068225,389.29976548068225,389.29976548068225,0.2866510320454836,isotropic_linear,v6p1i6_0099
pcb_fr4_equivalent,0.6832634686201217,0.6832634686201217,0.2562238007325456,0.1465701349079609,correlated_log_uniform_axes,v6p1i6_0100
bt_substrate_with_vias,0.1852573353363075,0.1852573353363075,0.45388047157395345,0.32842545583844185,correlated_log_uniform_axes,v6p1i6_0100
silicon_interposer_tsv_0p1,131.33250257000327,131.33250257000327,133.22125299833715,0.3777500856667757,correlated_linear_axes,v6p1i6_0100
bump_underfill_under_interposer,0.5421199261318761,0.5421199261318761,4.427312730076988,0.2726969663053751,correlated_log_uniform_axes,v6p1i6_0100
silicon_die_lower,130.54511277005076,130.54511277005076,130.54511277005076,0.6109022554010153,isotropic_linear,v6p1i6_0100
tim_between_dies,2.3184268851050334,2.3184268851050334,2.3184268851050334,0.32127086259424686,isotropic_log_uniform,v6p1i6_0100
silicon_die_upper,129.44865482859313,129.44865482859313,129.44865482859313,0.5889730965718627,isotropic_linear,v6p1i6_0100
tim_to_spreader,2.788689842868959,2.788689842868959,2.788689842868959,0.42804107442498207,isotropic_log_uniform,v6p1i6_0100
spreader,398.3275976544246,398.3275976544246,398.3275976544246,0.8885065102949739,isotropic_linear,v6p1i6_0100
pcb_fr4_equivalent,0.9444881322723536,0.9444881322723536,0.3541830496021326,0.8720282148569822,correlated_log_uniform_axes,v6p1i6_0101
bt_substrate_with_vias,0.2246312934468713,0.2246312934468713,0.5503466689448346,0.7602427788078785,correlated_log_uniform_axes,v6p1i6_0101
silicon_interposer_tsv_0p1,145.03293405286968,145.03293405286968,149.20508972834796,0.8344311350956559,correlated_linear_axes,v6p1i6_0101
bump_underfill_under_interposer,0.6962208843648781,0.6962208843648781,5.685803888979837,0.833277203142643,correlated_log_uniform_axes,v6p1i6_0101
silicon_die_lower,110.42433739639819,110.42433739639819,110.42433739639819,0.20848674792796373,isotropic_linear,v6p1i6_0101
tim_between_dies,3.6566912811968044,3.6566912811968044,3.6566912811968044,0.5847058426588774,isotropic_log_uniform,v6p1i6_0101
silicon_die_upper,118.46016682684422,118.46016682684422,118.46016682684422,0.3692033365368843,isotropic_linear,v6p1i6_0101
tim_to_spreader,3.990253469153762,3.990253469153762,3.990253469153762,0.635174029506743,isotropic_log_uniform,v6p1i6_0101
spreader,390.64616626128554,390.64616626128554,390.64616626128554,0.3764110840857029,isotropic_linear,v6p1i6_0101
pcb_fr4_equivalent,0.8068383591521646,0.8068383591521646,0.3025643846820617,0.5190720772370696,correlated_log_uniform_axes,v6p1i6_0102
bt_substrate_with_vias,0.16322378055061454,0.16322378055061454,0.3998982623490057,0.04469842556864023,correlated_log_uniform_axes,v6p1i6_0102
silicon_interposer_tsv_0p1,121.128393933177,121.128393933177,121.3164595887065,0.03761313110589981,correlated_linear_axes,v6p1i6_0102
bump_underfill_under_interposer,0.526262515483143,0.526262515483143,4.297810543112334,0.20617683697491884,correlated_log_uniform_axes,v6p1i6_0102
silicon_die_lower,121.98343207128346,121.98343207128346,121.98343207128346,0.4396686414256692,isotropic_linear,v6p1i6_0102
tim_between_dies,6.564944909518022,6.564944909518022,6.564944909518022,0.9230172568932176,isotropic_log_uniform,v6p1i6_0102
silicon_die_upper,140.51512400619686,140.51512400619686,140.51512400619686,0.8103024801239371,isotropic_linear,v6p1i6_0102
tim_to_spreader,5.7758180343383465,5.7758180343383465,5.7758180343383465,0.848979888483882,isotropic_log_uniform,v6p1i6_0102
spreader,388.2618352910504,388.2618352910504,388.2618352910504,0.21745568607002497,isotropic_linear,v6p1i6_0102
pcb_fr4_equivalent,0.7977004750235741,0.7977004750235741,0.2991376781338403,0.4935500146821141,correlated_log_uniform_axes,v6p1i6_0103
bt_substrate_with_vias,0.21073488042707317,0.21073488042707317,0.5163004570463293,0.617152133025229,correlated_log_uniform_axes,v6p1i6_0103
silicon_interposer_tsv_0p1,142.09373124875128,142.09373124875128,145.77601979020983,0.7364577082917094,correlated_linear_axes,v6p1i6_0103
bump_underfill_under_interposer,0.6392400087225003,0.6392400087225003,5.220460071233751,0.6419497197493911,correlated_log_uniform_axes,v6p1i6_0103
silicon_die_lower,142.52122612670064,142.52122612670064,142.52122612670064,0.8504245225340128,isotropic_linear,v6p1i6_0103
tim_between_dies,1.788734423586104,1.788734423586104,1.788734423586104,0.17131599504500628,isotropic_log_uniform,v6p1i6_0103
silicon_die_upper,101.40158906579018,101.40158906579018,101.40158906579018,0.028031781315803528,isotropic_linear,v6p1i6_0103
tim_to_spreader,1.546756409238589,1.546756409238589,1.546756409238589,0.08728626649826765,isotropic_log_uniform,v6p1i6_0103
spreader,395.5767429061234,395.5767429061234,395.5767429061234,0.70511619374156,isotropic_linear,v6p1i6_0103
pcb_fr4_equivalent,0.7663576462806309,0.7663576462806309,0.28738411735523656,0.403732898645103,correlated_log_uniform_axes,v6p1i6_0104
bt_substrate_with_vias,0.1949490856554697,0.1949490856554697,0.4776252598559007,0.4426850089803338,correlated_log_uniform_axes,v6p1i6_0104
silicon_interposer_tsv_0p1,123.02260768599808,123.02260768599808,123.52637563366443,0.1007535895332694,correlated_linear_axes,v6p1i6_0104
bump_underfill_under_interposer,0.6708662835134963,0.6708662835134963,5.478741315360219,0.7501532798632979,correlated_log_uniform_axes,v6p1i6_0104
silicon_die_lower,118.23573284782469,118.23573284782469,118.23573284782469,0.36471465695649385,isotropic_linear,v6p1i6_0104
tim_between_dies,1.553470676357186,1.553470676357186,1.553470676357186,0.0897904084995389,isotropic_log_uniform,v6p1i6_0104
silicon_die_upper,126.50300664827228,126.50300664827228,126.50300664827228,0.5300601329654455,isotropic_linear,v6p1i6_0104
tim_to_spreader,2.8592283440769717,2.8592283440769717,2.8592283440769717,0.4424826167523861,isotropic_log_uniform,v6p1i6_0104
spreader,399.7547610476613,399.7547610476613,399.7547610476613,0.9836507365107536,isotropic_linear,v6p1i6_0104
pcb_fr4_equivalent,0.8427901707157025,0.8427901707157025,0.3160463140183884,0.6167550915852189,correlated_log_uniform_axes,v6p1i6_0105
bt_substrate_with_vias,0.23970244981548083,0.23970244981548083,0.5872710020479281,0.9057500073686242,correlated_log_uniform_axes,v6p1i6_0105
silicon_interposer_tsv_0p1,140.26039313524961,140.26039313524961,143.63712532445788,0.6753464378416538,correlated_linear_axes,v6p1i6_0105
bump_underfill_under_interposer,0.5523956360855351,0.5523956360855351,4.51123102803187,0.31477140355855227,correlated_log_uniform_axes,v6p1i6_0105
silicon_die_lower,147.7344653569162,147.7344653569162,147.7344653569162,0.9546893071383238,isotropic_linear,v6p1i6_0105
tim_between_dies,5.475119797781386,5.475119797781386,5.475119797781386,0.8180699059739709,isotropic_log_uniform,v6p1i6_0105
silicon_die_upper,115.61348927207291,115.61348927207291,115.61348927207291,0.3122697854414582,isotropic_linear,v6p1i6_0105
tim_to_spreader,4.810817907543939,4.810817907543939,4.810817907543939,0.7432909021154046,isotropic_log_uniform,v6p1i6_0105
spreader,392.08843767177314,392.08843767177314,392.08843767177314,0.4725625114515424,isotropic_linear,v6p1i6_0105
pcb_fr4_equivalent,0.9042227062642673,0.9042227062642673,0.33908351484910015,0.774406224489212,correlated_log_uniform_axes,v6p1i6_0106
bt_substrate_with_vias,0.17341728087251884,0.17341728087251884,0.42487233813767117,0.18043744191527367,correlated_log_uniform_axes,v6p1i6_0106
silicon_interposer_tsv_0p1,133.22743504308164,133.22743504308164,135.43200755026191,0.4409145014360547,correlated_linear_axes,v6p1i6_0106
bump_underfill_under_interposer,0.653566084426186,0.653566084426186,5.337456356147186,0.69161207228899,correlated_log_uniform_axes,v6p1i6_0106
silicon_die_lower,134.7106703557074,134.7106703557074,134.7106703557074,0.6942134071141481,isotropic_linear,v6p1i6_0106
tim_between_dies,4.153349753201147,4.153349753201147,4.153349753201147,0.6583340372890234,isotropic_log_uniform,v6p1i6_0106
silicon_die_upper,143.38001674041152,143.38001674041152,143.38001674041152,0.8676003348082304,isotropic_linear,v6p1i6_0106
tim_to_spreader,5.051798228908832,5.051798228908832,5.051798228908832,0.7715480979532003,isotropic_log_uniform,v6p1i6_0106
spreader,387.75723598897457,387.75723598897457,387.75723598897457,0.18381573259830475,isotropic_linear,v6p1i6_0106
pcb_fr4_equivalent,0.7112272473172544,0.7112272473172544,0.26671021774397036,0.23644828237593174,correlated_log_uniform_axes,v6p1i6_0107
bt_substrate_with_vias,0.220795132029634,0.220795132029634,0.5409480734726034,0.7216463349759579,correlated_log_uniform_axes,v6p1i6_0107
silicon_interposer_tsv_0p1,143.19887721911073,143.19887721911073,147.06535675562918,0.7732959073036909,correlated_linear_axes,v6p1i6_0107
bump_underfill_under_interposer,0.5089353293616541,0.5089353293616541,4.156305189786841,0.13115962781012058,correlated_log_uniform_axes,v6p1i6_0107
silicon_die_lower,104.79472992010415,104.79472992010415,104.79472992010415,0.09589459840208292,isotropic_linear,v6p1i6_0107
tim_between_dies,2.817467031473962,2.817467031473962,2.817467031473962,0.4339763391762972,isotropic_log_uniform,v6p1i6_0107
silicon_die_upper,104.3654524255544,104.3654524255544,104.3654524255544,0.0873090485110879,isotropic_linear,v6p1i6_0107
tim_to_spreader,1.428198843575962,1.428198843575962,1.428198843575962,0.041182960383594036,isotropic_log_uniform,v6p1i6_0107
spreader,395.0872516212985,395.0872516212985,395.0872516212985,0.6724834414198995,isotropic_linear,v6p1i6_0107
pcb_fr4_equivalent,0.6725307289534201,0.6725307289534201,0.2521990233575325,0.11109357047826052,correlated_log_uniform_axes,v6p1i6_0108
bt_substrate_with_vias,0.16883154082278556,0.16883154082278556,0.41363727501582465,0.12038797978311777,correlated_log_uniform_axes,v6p1i6_0108
silicon_interposer_tsv_0p1,135.19864588044584,135.19864588044584,137.7317535271868,0.5066215293481946,correlated_linear_axes,v6p1i6_0108
bump_underfill_under_interposer,0.49265295790639124,0.49265295790639124,4.023332489568862,0.058300772681832314,correlated_log_uniform_axes,v6p1i6_0108
silicon_die_lower,106.66452893055975,106.66452893055975,106.66452893055975,0.1332905786111951,isotropic_linear,v6p1i6_0108
tim_between_dies,1.8881000834074972,1.8881000834074972,1.8881000834074972,0.20257111452519894,isotropic_log_uniform,v6p1i6_0108
silicon_die_upper,147.87430432625115,147.87430432625115,147.87430432625115,0.957486086525023,isotropic_linear,v6p1i6_0108
tim_to_spreader,7.162195524148077,7.162195524148077,7.162195524148077,0.9733561845496297,isotropic_log_uniform,v6p1i6_0108
spreader,385.36323555745184,385.36323555745184,385.36323555745184,0.024215703830122948,isotropic_linear,v6p1i6_0108
pcb_fr4_equivalent,0.9569884329619688,0.9569884329619688,0.3588706623607383,0.9014894803985953,correlated_log_uniform_axes,v6p1i6_0109
bt_substrate_with_vias,0.2029377203115007,0.2029377203115007,0.4971974147631767,0.5326735163107514,correlated_log_uniform_axes,v6p1i6_0109
silicon_interposer_tsv_0p1,126.1635866202414,126.1635866202414,127.1908510569483,0.20545288734138012,correlated_linear_axes,v6p1i6_0109
bump_underfill_under_interposer,0.6327060956426831,0.6327060956426831,5.167099781081911,0.6189287230372429,correlated_log_uniform_axes,v6p1i6_0109
silicon_die_lower,127.17600157484412,127.17600157484412,127.17600157484412,0.5435200314968824,isotropic_linear,v6p1i6_0109
tim_between_dies,6.929452930064203,6.929452930064203,6.929452930064203,0.9542573560029268,isotropic_log_uniform,v6p1i6_0109
silicon_die_upper,111.98664335533977,111.98664335533977,111.98664335533977,0.2397328671067953,isotropic_linear,v6p1i6_0109
tim_to_spreader,1.9173937677102892,1.9173937677102892,1.9173937677102892,0.211471825838089,isotropic_log_uniform,v6p1i6_0109
spreader,392.7989944862202,392.7989944862202,392.7989944862202,0.5199329657480121,isotropic_linear,v6p1i6_0109
pcb_fr4_equivalent,0.889887877157604,0.889887877157604,0.33370795393410146,0.7385992016643286,correlated_log_uniform_axes,v6p1i6_0110
bt_substrate_with_vias,0.1794165343871706,0.1794165343871706,0.439570509248568,0.2566426284611225,correlated_log_uniform_axes,v6p1i6_0110
silicon_interposer_tsv_0p1,147.262937547639,147.262937547639,151.80676047224551,0.9087645849213004,correlated_linear_axes,v6p1i6_0110
bump_underfill_under_interposer,0.5999171721224246,0.5999171721224246,4.899323572333134,0.4996906565502286,correlated_log_uniform_axes,v6p1i6_0110
silicon_die_lower,140.42156944051385,140.42156944051385,140.42156944051385,0.808431388810277,isotropic_linear,v6p1i6_0110
tim_between_dies,3.464313595302361,3.464313595302361,3.464313595302361,0.5534614371135831,isotropic_log_uniform,v6p1i6_0110
silicon_die_upper,133.73166774399579,133.73166774399579,133.73166774399579,0.6746333548799157,isotropic_linear,v6p1i6_0110
tim_to_spreader,2.251886019098303,2.251886019098303,2.251886019098303,0.30443534906953573,isotropic_log_uniform,v6p1i6_0110
spreader,397.35893671400845,397.35893671400845,397.35893671400845,0.82392911426723,isotropic_linear,v6p1i6_0110
pcb_fr4_equivalent,0.725178272682836,0.725178272682836,0.27194185225606343,0.2799752466380596,correlated_log_uniform_axes,v6p1i6_0111
bt_substrate_with_vias,0.2328556089910544,0.2328556089910544,0.5704962420280835,0.8408146686851978,correlated_log_uniform_axes,v6p1i6_0111
silicon_interposer_tsv_0p1,130.96330773085356,130.96330773085356,132.79052568599582,0.3654435910284519,correlated_linear_axes,v6p1i6_0111
bump_underfill_under_interposer,0.7286813490725157,0.7286813490725157,5.950897684092211,0.9353853678330779,correlated_log_uniform_axes,v6p1i6_0111
silicon_die_lower,120.27447265572846,120.27447265572846,120.27447265572846,0.4054894531145692,isotropic_linear,v6p1i6_0111
tim_between_dies,2.196394292058606,2.196394292058606,2.196394292058606,0.2900104830041528,isotropic_log_uniform,v6p1i6_0111
silicon_die_upper,119.7190566919744,119.7190566919744,119.7190566919744,0.39438113383948803,isotropic_linear,v6p1i6_0111
tim_to_spreader,3.2204138809642826,3.2204138809642826,3.2204138809642826,0.5112554971128702,isotropic_log_uniform,v6p1i6_0111
spreader,389.7910324158147,389.7910324158147,389.7910324158147,0.3194021610543132,isotropic_linear,v6p1i6_0111
pcb_fr4_equivalent,0.7273302493025773,0.7273302493025773,0.27274884348846645,0.2866147384047508,correlated_log_uniform_axes,v6p1i6_0112
bt_substrate_with_vias,0.18345556930154705,0.18345556930154705,0.4494661447887903,0.30652620922774076,correlated_log_uniform_axes,v6p1i6_0112
silicon_interposer_tsv_0p1,138.81492507643998,138.81492507643998,141.9507459225133,0.6271641692146659,correlated_linear_axes,v6p1i6_0112
bump_underfill_under_interposer,0.5329957951906416,0.5329957951906416,4.352798994056906,0.2346638087183237,correlated_log_uniform_axes,v6p1i6_0112
silicon_die_lower,133.77219163812697,133.77219163812697,133.77219163812697,0.6754438327625394,isotropic_linear,v6p1i6_0112
tim_between_dies,7.288853154446434,7.288853154446434,7.288853154446434,0.9834905434399843,isotropic_log_uniform,v6p1i6_0112
silicon_die_upper,107.31123965233564,107.31123965233564,107.31123965233564,0.14622479304671288,isotropic_linear,v6p1i6_0112
tim_to_spreader,2.076288352673368,2.076288352673368,2.076288352673368,0.2574993995949626,isotropic_log_uniform,v6p1i6_0112
spreader,391.90017122775316,391.90017122775316,391.90017122775316,0.46001141518354416,isotropic_linear,v6p1i6_0112
pcb_fr4_equivalent,0.875762545704587,0.875762545704587,0.3284109546392201,0.7027467507869005,correlated_log_uniform_axes,v6p1i6_0113
bt_substrate_with_vias,0.23354932254910907,0.23354932254910907,0.5721958402453173,0.8474801732227206,correlated_log_uniform_axes,v6p1i6_0113
silicon_interposer_tsv_0p1,122.53631304949522,122.53631304949522,122.95903189107776,0.08454376831650734,correlated_linear_axes,v6p1i6_0113
bump_underfill_under_interposer,0.6484534687486201,0.6484534687486201,5.29570332811373,0.6740148738026619,correlated_log_uniform_axes,v6p1i6_0113
silicon_die_lower,101.1372304521501,101.1372304521501,101.1372304521501,0.02274460904300213,isotropic_linear,v6p1i6_0113
tim_between_dies,1.9994938776718514,1.9994938776718514,1.9994938776718514,0.2357110884040594,isotropic_log_uniform,v6p1i6_0113
silicon_die_upper,146.3226796593517,146.3226796593517,146.3226796593517,0.9264535931870341,isotropic_linear,v6p1i6_0113
tim_to_spreader,3.4927731676755833,3.4927731676755833,3.4927731676755833,0.5581913869827986,isotropic_log_uniform,v6p1i6_0113
spreader,399.46764707099646,399.46764707099646,399.46764707099646,0.9645098047330976,isotropic_linear,v6p1i6_0113
pcb_fr4_equivalent,0.9594149813285596,0.9594149813285596,0.3597806179982098,0.9071638537570834,correlated_log_uniform_axes,v6p1i6_0114
bt_substrate_with_vias,0.16484241963324114,0.16484241963324114,0.40386392810144084,0.0668093916028738,correlated_log_uniform_axes,v6p1i6_0114
silicon_interposer_tsv_0p1,143.62469284795225,143.62469284795225,147.5621416559443,0.7874897615984082,correlated_linear_axes,v6p1i6_0114
bump_underfill_under_interposer,0.5490382149944194,0.5490382149944194,4.483812089121091,0.30111097265034914,correlated_log_uniform_axes,v6p1i6_0114
silicon_die_lower,112.50299150124192,112.50299150124192,112.50299150124192,0.25005983002483845,isotropic_linear,v6p1i6_0114
tim_between_dies,2.1299416089296397,2.1299416089296397,2.1299416089296397,0.2722489843145013,isotropic_log_uniform,v6p1i6_0114
silicon_die_upper,124.37131274491549,124.37131274491549,124.37131274491549,0.4874262548983097,isotropic_linear,v6p1i6_0114
tim_to_spreader,6.97047794755524,6.97047794755524,6.97047794755524,0.9576699966564775,isotropic_log_uniform,v6p1i6_0114
spreader,394.4402977079153,394.4402977079153,394.4402977079153,0.6293531805276871,isotropic_linear,v6p1i6_0114
pcb_fr4_equivalent,0.6609918687396179,0.6609918687396179,0.2478719507773567,0.07231524679809809,correlated_log_uniform_axes,v6p1i6_0115
bt_substrate_with_vias,0.20266334534071753,0.20266334534071753,0.4965251960847579,0.529641991481185,correlated_log_uniform_axes,v6p1i6_0115
silicon_interposer_tsv_0p1,134.61253250017762,134.61253250017762,137.04795458354056,0.4870844166725874,correlated_linear_axes,v6p1i6_0115
bump_underfill_under_interposer,0.706275907724985,0.706275907724985,5.767919913087376,0.8654067283496261,correlated_log_uniform_axes,v6p1i6_0115
silicon_die_lower,145.5510136205703,145.5510136205703,145.5510136205703,0.911020272411406,isotropic_linear,v6p1i6_0115
tim_between_dies,3.204301609292708,3.204301609292708,3.204301609292708,0.5083557711914182,isotropic_log_uniform,v6p1i6_0115
silicon_die_upper,135.25780267082155,135.25780267082155,135.25780267082155,0.705156053416431,isotropic_linear,v6p1i6_0115
tim_to_spreader,1.9701299894506998,1.9701299894506998,1.9701299894506998,0.22715795412659645,isotropic_log_uniform,v6p1i6_0115
spreader,387.0041125593707,387.0041125593707,387.0041125593707,0.13360750395804644,isotropic_linear,v6p1i6_0115
pcb_fr4_equivalent,0.698842404248898,0.698842404248898,0.26206590159333676,0.19708631746470928,correlated_log_uniform_axes,v6p1i6_0116
bt_substrate_with_vias,0.16976444880031705,0.16976444880031705,0.41592289956077677,0.1327353296801448,correlated_log_uniform_axes,v6p1i6_0116
silicon_interposer_tsv_0p1,126.67550115846097,126.67550115846097,127.78808468487114,0.2225167052820325,correlated_linear_axes,v6p1i6_0116
bump_underfill_under_interposer,0.733134808820455,0.733134808820455,5.987267605367049,0.9490381693467498,correlated_log_uniform_axes,v6p1i6_0116
silicon_die_lower,141.34161272086203,141.34161272086203,141.34161272086203,0.8268322544172406,isotropic_linear,v6p1i6_0116
tim_between_dies,5.996156389584816,5.996156389584816,5.996156389584816,0.8706242451444268,isotropic_log_uniform,v6p1i6_0116
silicon_die_upper,117.1395996119827,117.1395996119827,117.1395996119827,0.34279199223965406,isotropic_linear,v6p1i6_0116
tim_to_spreader,5.1896480453795695,5.1896480453795695,5.1896480453795695,0.787112208083272,isotropic_log_uniform,v6p1i6_0116
spreader,392.976251328364,392.976251328364,392.976251328364,0.531750088557601,isotropic_linear,v6p1i6_0116
pcb_fr4_equivalent,0.9082533377081182,0.9082533377081182,0.34059500164054435,0.7843721397221088,correlated_log_uniform_axes,v6p1i6_0117
bt_substrate_with_vias,0.2203028179932759,0.2203028179932759,0.5397419040835258,0.7166445730254054,correlated_log_uniform_axes,v6p1i6_0117
silicon_interposer_tsv_0p1,136.62581825628877,136.62581825628877,139.39678796567023,0.5541939418762922,correlated_linear_axes,v6p1i6_0117
bump_underfill_under_interposer,0.5698418558930451,0.5698418558930451,4.653708489793201,0.3844448374584317,correlated_log_uniform_axes,v6p1i6_0117
silicon_die_lower,123.93814167007804,123.93814167007804,123.93814167007804,0.4787628334015608,isotropic_linear,v6p1i6_0117
tim_between_dies,1.57944406275429,1.57944406275429,1.57944406275429,0.09937653411179781,isotropic_log_uniform,v6p1i6_0117
silicon_die_upper,131.15528728812933,131.15528728812933,131.15528728812933,0.6231057457625866,isotropic_linear,v6p1i6_0117
tim_to_spreader,1.390262512848251,1.390262512848251,1.390262512848251,0.02561890985816717,isotropic_log_uniform,v6p1i6_0117
spreader,385.64672500360757,385.64672500360757,385.64672500360757,0.04311500024050474,isotropic_linear,v6p1i6_0117
pcb_fr4_equivalent,0.827033748586313,0.827033748586313,0.31013765571986734,0.5744672538712621,correlated_log_uniform_axes,v6p1i6_0118
bt_substrate_with_vias,0.19951043665346146,0.19951043665346146,0.4888005698009807,0.4945084284991026,correlated_log_uniform_axes,v6p1i6_0118
silicon_interposer_tsv_0p1,129.59650707431138,129.59650707431138,131.19592492002994,0.3198835691437125,correlated_linear_axes,v6p1i6_0118
bump_underfill_under_interposer,0.6041465701652112,0.6041465701652112,4.933863656349225,0.515432171523571,correlated_log_uniform_axes,v6p1i6_0118
silicon_die_lower,112.35451558604836,112.35451558604836,112.35451558604836,0.2470903117209673,isotropic_linear,v6p1i6_0118
tim_between_dies,2.5542608183446895,2.5542608183446895,2.5542608183446895,0.3772763181477785,isotropic_log_uniform,v6p1i6_0118
silicon_die_upper,102.81390002928674,102.81390002928674,102.81390002928674,0.056278000585734844,isotropic_linear,v6p1i6_0118
tim_to_spreader,3.1003867437604846,3.1003867437604846,3.1003867437604846,0.48929648846387863,isotropic_log_uniform,v6p1i6_0118
spreader,390.448935078457,390.448935078457,390.448935078457,0.36326233856379986,isotropic_linear,v6p1i6_0118
pcb_fr4_equivalent,0.7694422497940666,0.7694422497940666,0.28854084367277494,0.41273369546979666,correlated_log_uniform_axes,v6p1i6_0119
bt_substrate_with_vias,0.23979012495612453,0.23979012495612453,0.5874858061425051,0.9065694343298674,correlated_log_uniform_axes,v6p1i6_0119
silicon_interposer_tsv_0p1,146.8115008994937,146.8115008994937,151.28008438274264,0.8937166966497898,correlated_linear_axes,v6p1i6_0119
bump_underfill_under_interposer,0.4965355015972839,0.4965355015972839,4.0550399297111515,0.07589034177362919,correlated_log_uniform_axes,v6p1i6_0119
silicon_die_lower,129.39013135619462,129.39013135619462,129.39013135619462,0.5878026271238923,isotropic_linear,v6p1i6_0119
tim_between_dies,4.111042375287009,4.111042375287009,4.111042375287009,0.6524148490279913,isotropic_log_uniform,v6p1i6_0119
silicon_die_upper,138.7045407667756,138.7045407667756,138.7045407667756,0.7740908153355122,isotropic_linear,v6p1i6_0119
tim_to_spreader,4.436616936671967,4.436616936671967,4.436616936671967,0.6964770900085568,isotropic_log_uniform,v6p1i6_0119
spreader,398.11574552673846,398.11574552673846,398.11574552673846,0.8743830351158977,isotropic_linear,v6p1i6_0119
pcb_fr4_equivalent,0.7788987078698695,0.7788987078698695,0.292087015451201,0.44010420981794596,correlated_log_uniform_axes,v6p1i6_0120
bt_substrate_with_vias,0.16132444020939535,0.16132444020939535,0.39524487851301865,0.018471693620085716,correlated_log_uniform_axes,v6p1i6_0120
silicon_interposer_tsv_0p1,127.6794945448637,127.6794945448637,128.95941030234098,0.2559831514954567,correlated_linear_axes,v6p1i6_0120
bump_underfill_under_interposer,0.5908580759350396,0.5908580759350396,4.82534095346949,0.46559656597673893,correlated_log_uniform_axes,v6p1i6_0120
silicon_die_lower,103.6274935118854,103.6274935118854,103.6274935118854,0.07254987023770809,isotropic_linear,v6p1i6_0120
tim_between_dies,3.768405203687822,3.768405203687822,3.768405203687822,0.6021035145968199,isotropic_log_uniform,v6p1i6_0120
silicon_die_upper,113.81054753437638,113.81054753437638,113.81054753437638,0.27621095068752766,isotropic_linear,v6p1i6_0120
tim_to_spreader,5.621210996223972,5.621210996223972,5.621210996223972,0.8332937005907297,isotropic_log_uniform,v6p1i6_0120
spreader,393.46803369466215,393.46803369466215,393.46803369466215,0.5645355796441436,isotropic_linear,v6p1i6_0120
pcb_fr4_equivalent,0.8141687125336106,0.8141687125336106,0.30531326720010393,0.5393376378342509,correlated_log_uniform_axes,v6p1i6_0121
bt_substrate_with_vias,0.2064519929024475,0.2064519929024475,0.5058073826109964,0.571143751963973,correlated_log_uniform_axes,v6p1i6_0121
silicon_interposer_tsv_0p1,148.6676234845072,148.6676234845072,153.44556073192507,0.9555874494835734,correlated_linear_axes,v6p1i6_0121
bump_underfill_under_interposer,0.7188737644302109,0.7188737644302109,5.870802409513389,0.9050220474600792,correlated_log_uniform_axes,v6p1i6_0121
silicon_die_lower,136.6530089173466,136.6530089173466,136.6530089173466,0.7330601783469319,isotropic_linear,v6p1i6_0121
tim_between_dies,2.504973801125062,2.504973801125062,2.504973801125062,0.3660117480903864,isotropic_log_uniform,v6p1i6_0121
silicon_die_upper,127.92295874096453,127.92295874096453,127.92295874096453,0.5584591748192906,isotropic_linear,v6p1i6_0121
tim_to_spreader,1.5892985778581399,1.5892985778581399,1.5892985778581399,0.10297239478677511,isotropic_log_uniform,v6p1i6_0121
spreader,386.1526962276548,386.1526962276548,386.1526962276548,0.07684641517698765,isotropic_linear,v6p1i6_0121
pcb_fr4_equivalent,0.9226301759229006,0.9226301759229006,0.34598631597108775,0.8195627871900797,correlated_log_uniform_axes,v6p1i6_0122
bt_substrate_with_vias,0.18778327813801066,0.18778327813801066,0.46006903143812616,0.35877063404768705,correlated_log_uniform_axes,v6p1i6_0122
silicon_interposer_tsv_0p1,124.75943645462394,124.75943645462394,125.55267586372793,0.15864788182079792,correlated_linear_axes,v6p1i6_0122
bump_underfill_under_interposer,0.48522589903916824,0.48522589903916824,3.9626781754865403,0.024263416416943073,correlated_log_uniform_axes,v6p1i6_0122
silicon_die_lower,149.70142845995724,149.70142845995724,149.70142845995724,0.9940285691991448,isotropic_linear,v6p1i6_0122
tim_between_dies,1.700169111936781,1.700169111936781,1.700169111936781,0.14195835310965776,isotropic_log_uniform,v6p1i6_0122
silicon_die_upper,106.0766507871449,106.0766507871449,106.0766507871449,0.12153301574289799,isotropic_linear,v6p1i6_0122
tim_to_spreader,2.5712332644108766,2.5712332644108766,2.5712332644108766,0.38110512495040894,isotropic_log_uniform,v6p1i6_0122
spreader,389.00529264006764,389.00529264006764,389.00529264006764,0.26701950933784246,isotropic_linear,v6p1i6_0122
pcb_fr4_equivalent,0.6903766958329539,0.6903766958329539,0.25889126093735765,0.1697768270969391,correlated_log_uniform_axes,v6p1i6_0123
bt_substrate_with_vias,0.22886402823374685,0.22886402823374685,0.5607168691726799,0.8020716859027743,correlated_log_uniform_axes,v6p1i6_0123
silicon_interposer_tsv_0p1,138.48099301569164,138.48099301569164,141.5611585183069,0.6160331005230546,correlated_linear_axes,v6p1i6_0123
bump_underfill_under_interposer,0.6241763288108715,0.6241763288108715,5.097440018622116,0.5885153328999877,correlated_log_uniform_axes,v6p1i6_0123
silicon_die_lower,117.04396056011319,117.04396056011319,117.04396056011319,0.34087921120226383,isotropic_linear,v6p1i6_0123
tim_between_dies,6.197881146363753,6.197881146363753,6.197881146363753,0.8897537821903825,isotropic_log_uniform,v6p1i6_0123
silicon_die_upper,142.0640150550753,142.0640150550753,142.0640150550753,0.8412803011015058,isotropic_linear,v6p1i6_0123
tim_to_spreader,4.327720213748279,4.327720213748279,4.327720213748279,0.6821099193766713,isotropic_log_uniform,v6p1i6_0123
spreader,396.6862919460982,396.6862919460982,396.6862919460982,0.7790861297398806,isotropic_linear,v6p1i6_0123
pcb_fr4_equivalent,0.6529647105168587,0.6529647105168587,0.244861766443822,0.04493723716586828,correlated_log_uniform_axes,v6p1i6_0124
bt_substrate_with_vias,0.1928853560334643,0.1928853560334643,0.4725691222819876,0.4188384246081114,correlated_log_uniform_axes,v6p1i6_0124
silicon_interposer_tsv_0p1,145.54095765575767,145.54095765575767,149.79778393171728,0.8513652551919222,correlated_linear_axes,v6p1i6_0124
bump_underfill_under_interposer,0.6636575212047835,0.6636575212047835,5.419869756505732,0.725945538841188,correlated_log_uniform_axes,v6p1i6_0124
silicon_die_lower,121.44776759669185,121.44776759669185,121.44776759669185,0.42895535193383694,isotropic_linear,v6p1i6_0124
tim_between_dies,4.834743880377397,4.834743880377397,4.834743880377397,0.7461590142920613,isotropic_log_uniform,v6p1i6_0124
silicon_die_upper,110.17611459828913,110.17611459828913,110.17611459828913,0.20352229196578264,isotropic_linear,v6p1i6_0124
tim_to_spreader,2.4969842679882266,2.4969842679882266,2.4969842679882266,0.3641648842021823,isotropic_log_uniform,v6p1i6_0124
spreader,391.4102789526805,391.4102789526805,391.4102789526805,0.4273519301787019,isotropic_linear,v6p1i6_0124
pcb_fr4_equivalent,0.9745717405691986,0.9745717405691986,0.36546440271344943,0.9422857062891126,correlated_log_uniform_axes,v6p1i6_0125
bt_substrate_with_vias,0.24900103508967786,0.24900103508967786,0.6100525359697108,0.9910285007208586,correlated_log_uniform_axes,v6p1i6_0125
silicon_interposer_tsv_0p1,132.75624166242778,132.75624166242778,134.88228193949908,0.42520805541425943,correlated_linear_axes,v6p1i6_0125
bump_underfill_under_interposer,0.5158214228928365,0.5158214228928365,4.212541620291497,0.16127403546124697,correlated_log_uniform_axes,v6p1i6_0125
silicon_die_lower,138.4608766529709,138.4608766529709,138.4608766529709,0.7692175330594182,isotropic_linear,v6p1i6_0125
tim_between_dies,3.003984487881461,3.003984487881461,3.003984487881461,0.47103502694517374,isotropic_log_uniform,v6p1i6_0125
silicon_die_upper,149.28657272830606,149.28657272830606,149.28657272830606,0.9857314545661211,isotropic_linear,v6p1i6_0125
tim_to_spreader,3.5719764285970332,3.5719764285970332,3.5719764285970332,0.5711547490209341,isotropic_log_uniform,v6p1i6_0125
spreader,398.9635623060167,398.9635623060167,398.9635623060167,0.9309041537344456,isotropic_linear,v6p1i6_0125
pcb_fr4_equivalent,0.8621190069990072,0.8621190069990072,0.32329462762462763,0.6675638668239117,correlated_log_uniform_axes,v6p1i6_0126
bt_substrate_with_vias,0.17528957690352395,0.17528957690352395,0.4294594634136338,0.2044995604082942,correlated_log_uniform_axes,v6p1i6_0126
silicon_interposer_tsv_0p1,140.7303636521101,140.7303636521101,144.18542426079512,0.6910121217370033,correlated_linear_axes,v6p1i6_0126
bump_underfill_under_interposer,0.6812099142614745,0.6812099142614745,5.563214299802041,0.7844376340508461,correlated_log_uniform_axes,v6p1i6_0126
silicon_die_lower,125.2395995426923,125.2395995426923,125.2395995426923,0.5047919908538461,isotropic_linear,v6p1i6_0126
tim_between_dies,1.3429925627082995,1.3429925627082995,1.3429925627082995,0.00562022440135479,isotropic_log_uniform,v6p1i6_0126
silicon_die_upper,121.4256348554045,121.4256348554045,121.4256348554045,0.4285126971080899,isotropic_linear,v6p1i6_0126
tim_to_spreader,6.463242249645381,6.463242249645381,6.463242249645381,0.9139909455552697,isotropic_log_uniform,v6p1i6_0126
spreader,395.8821681281552,395.8821681281552,395.8821681281552,0.7254778752103448,isotropic_linear,v6p1i6_0126
pcb_fr4_equivalent,0.7362515615439418,0.7362515615439418,0.2760943355789781,0.3139317240566015,correlated_log_uniform_axes,v6p1i6_0127
bt_substrate_with_vias,0.21252362305462963,0.21252362305462963,0.5206828764838427,0.636091279797256,correlated_log_uniform_axes,v6p1i6_0127
silicon_interposer_tsv_0p1,120.68084844388068,120.68084844388068,120.79432318452746,0.022694948129355907,correlated_linear_axes,v6p1i6_0127
bump_underfill_under_interposer,0.5598841834319396,0.5598841834319396,4.572387498027505,0.344943517819047,correlated_log_uniform_axes,v6p1i6_0127
silicon_die_lower,107.81362177804112,107.81362177804112,107.81362177804112,0.1562724355608225,isotropic_linear,v6p1i6_0127
tim_between_dies,5.098635330724657,5.098635330724657,5.098635330724657,0.7768834326416254,isotropic_log_uniform,v6p1i6_0127
silicon_die_upper,132.41114290431142,132.41114290431142,132.41114290431142,0.6482228580862284,isotropic_linear,v6p1i6_0127
tim_to_spreader,1.7305109726967267,1.7305109726967267,1.7305109726967267,0.1521848402917385,isotropic_log_uniform,v6p1i6_0127
spreader,388.4317904897034,388.4317904897034,388.4317904897034,0.22878603264689445,isotropic_linear,v6p1i6_0127
