sample_id,split_role,family,block_index,layer,k_x_W_mK,k_y_W_mK,k_z_W_mK,control_volume_count,source_power_W,power_fraction,source_volume_m3,surface_power_density_W_cm2,q_W_m3
v6p1i9_0000,test_iid,k,0,silicon_die_lower,203.46107915587208,203.46107915587208,203.46107915587208,616,,,,,
v6p1i9_0000,test_iid,k,1,silicon_die_upper,30.986617796537185,30.986617796537185,30.986617796537185,640,,,,,
v6p1i9_0000,test_iid,k,2,silicon_die_upper,199.11941902537978,199.11941902537978,199.11941902537978,384,,,,,
v6p1i9_0000,test_iid,q,0,silicon_die_upper,,,,280,0.3446722954120912,0.09167972823256092,1.255035400390624e-10,38.2621754556682,2746315325.4865446
v6p1i9_0000,test_iid,q,1,silicon_die_upper,,,,448,0.47842204707992864,0.12725595831342423,2.0080566406249976e-10,37.29303881499258,2382512711.05093
v6p1i9_0000,test_iid,q,2,silicon_die_upper,,,,336,0.3326903871050929,0.08849264847037781,1.5060424804687488e-10,37.18013750020586,2209037204.59163
v6p1i9_0000,test_iid,q,3,silicon_die_upper,,,,576,0.7076239054355548,0.1882215896221963,2.581787109374998e-10,42.89157726390442,2740829802.991995
v6p1i9_0000,test_iid,q,4,silicon_die_lower,,,,448,0.48424884481000907,0.12880583406343538,2.05078125e-10,35.13452214823997,2361289605.168806
v6p1i9_0000,test_iid,q,5,silicon_die_upper,,,,448,0.48961758286659246,0.13023387006322726,2.0080566406249989e-10,38.043490919320455,2438265798.6888313
v6p1i9_0000,test_iid,q,6,silicon_die_lower,,,,240,0.5373210209498657,0.1429225552214132,1.0986328125000006e-10,67.55171351881282,4890815337.356997
v6p1i9_0000,test_iid,q,7,silicon_die_upper,,,,384,0.3849296267331618,0.10238781601336501,1.7211914062499964e-10,35.13170395289905,2236413831.3461475
v6p1i9_0001,train,k,0,silicon_die_upper,315.82861265559575,315.82861265559575,315.82861265559575,448,,,,,
v6p1i9_0001,train,k,1,silicon_die_lower,298.26029911785116,298.26029911785116,298.26029911785116,704,,,,,
v6p1i9_0001,train,k,2,silicon_die_lower,223.15647319561091,223.15647319561091,223.15647319561091,648,,,,,
v6p1i9_0001,train,k,3,silicon_die_lower,299.1440614679411,299.1440614679411,299.1440614679411,576,,,,,
v6p1i9_0001,train,k,4,silicon_die_lower,176.1560067046575,176.1560067046575,176.1560067046575,720,,,,,
v6p1i9_0001,train,k,5,silicon_die_lower,44.75041680101201,44.75041680101201,44.75041680101201,504,,,,,
v6p1i9_0001,train,k,6,silicon_die_upper,180.64563523915194,180.64563523915194,180.64563523915194,560,,,,,
v6p1i9_0001,train,k,7,silicon_die_lower,47.03120451062823,47.03120451062823,47.03120451062823,384,,,,,
v6p1i9_0001,train,q,0,silicon_die_lower,,,,576,6.1200930541523615,0.5085567677102272,2.6367187500000006e-10,331.84049864050826,23211019583.155617
v6p1i9_0001,train,q,1,silicon_die_lower,,,,336,2.0600910960434637,0.17118583977765792,1.5380859374999997e-10,208.93779864979544,13393862110.149252
v6p1i9_0001,train,q,2,silicon_die_upper,,,,576,3.8540536040435525,0.3202573925121149,2.581787109374998e-10,214.8974429987688,14927852068.238678
v6p1i9_0002,train,k,0,silicon_die_upper,40.81127396202866,40.81127396202866,40.81127396202866,336,,,,,
v6p1i9_0002,train,k,1,silicon_die_lower,300.43804192011794,300.43804192011794,300.43804192011794,504,,,,,
v6p1i9_0002,train,k,2,silicon_die_upper,32.98435831017908,32.98435831017908,32.98435831017908,880,,,,,
v6p1i9_0002,train,k,3,silicon_die_upper,24.25531474240025,24.25531474240025,24.25531474240025,880,,,,,
v6p1i9_0002,train,q,0,silicon_die_upper,,,,384,0.8155880030508086,0.07942362423787606,1.7211914062499985e-10,72.42485391587013,4738508454.604418
v6p1i9_0002,train,q,1,silicon_die_upper,,,,504,2.0606972751502766,0.2006749062484121,2.2590637207031234e-10,134.74681331515663,9121908586.575388
v6p1i9_0002,train,q,2,silicon_die_lower,,,,280,0.7909087912448157,0.07702031222539663,1.2817382812499996e-10,79.2330410366862,6170595064.645268
v6p1i9_0002,train,q,3,silicon_die_upper,,,,448,1.6646103918680073,0.16210315719657786,2.0080566406249978e-10,107.46265492448543,8289658559.381599
v6p1i9_0002,train,q,4,silicon_die_upper,,,,288,1.0007361863798045,0.09745373219194253,1.290893554687499e-10,138.102888330935,7752275024.892071
v6p1i9_0002,train,q,5,silicon_die_upper,,,,336,1.0166334573316547,0.09900184088133529,1.5060424804687485e-10,93.62572775596472,6750363754.78089
v6p1i9_0002,train,q,6,silicon_die_upper,,,,280,0.8336334806694805,0.08118092967667262,1.2550354003906237e-10,96.02270351002392,6642310491.08269
v6p1i9_0002,train,q,7,silicon_die_upper,,,,504,1.0334166674179215,0.10063622413171514,2.259063720703124e-10,78.18765886464043,4574535272.941637
v6p1i9_0002,train,q,8,silicon_die_upper,,,,448,1.0526096219078263,0.10250527321007177,2.0080566406249989e-10,73.96481534951774,5241931928.674114
v6p1i9_0003,test_iid,k,0,silicon_die_lower,115.98924601095992,115.98924601095992,115.98924601095992,432,,,,,
v6p1i9_0003,test_iid,k,1,silicon_die_upper,58.10996161400781,58.10996161400781,58.10996161400781,504,,,,,
v6p1i9_0003,test_iid,k,2,silicon_die_lower,59.7119987614947,59.7119987614947,59.7119987614947,432,,,,,
v6p1i9_0003,test_iid,k,3,silicon_die_lower,193.08705337436498,193.08705337436498,193.08705337436498,576,,,,,
v6p1i9_0003,test_iid,k,4,silicon_die_lower,25.757726904849413,25.757726904849413,25.757726904849413,720,,,,,
v6p1i9_0003,test_iid,k,5,silicon_die_upper,85.12873429994083,85.12873429994083,85.12873429994083,512,,,,,
v6p1i9_0003,test_iid,q,0,silicon_die_lower,,,,320,0.9793920852380111,0.1453532157557214,1.4648437499999997e-10,96.13693983070728,6685983301.891491
v6p1i9_0003,test_iid,q,1,silicon_die_lower,,,,280,1.1321485757717744,0.16802406174407244,1.2817382812499996e-10,120.46078689494799,8832915364.497503
v6p1i9_0003,test_iid,q,2,silicon_die_lower,,,,384,1.2171064907414506,0.18063280785390295,1.7578124999999997e-10,94.63189434346728,6923983591.773587
v6p1i9_0003,test_iid,q,3,silicon_die_lower,,,,288,0.5636641202774804,0.08365433387032206,1.3183593749999995e-10,76.61731261725777,4275496734.5491858
v6p1i9_0003,test_iid,q,4,silicon_die_lower,,,,512,1.3740440055387169,0.20392416663892945,2.343749999999998e-10,91.9362523447024,5862587756.965197
v6p1i9_0003,test_iid,q,5,silicon_die_upper,,,,576,1.471659290228326,0.21841141413705153,2.5817871093749975e-10,98.27034829849917,5700157402.151517
v6p1i9_0004,test_iid,k,0,silicon_die_upper,113.99280703203637,113.99280703203637,113.99280703203637,640,,,,,
v6p1i9_0004,test_iid,k,1,silicon_die_upper,20.93145842217127,20.93145842217127,20.93145842217127,528,,,,,
v6p1i9_0004,test_iid,k,2,silicon_die_lower,37.823011814022685,37.823011814022685,37.823011814022685,720,,,,,
v6p1i9_0004,test_iid,k,3,silicon_die_lower,101.55616497839695,101.55616497839695,101.55616497839695,640,,,,,
v6p1i9_0004,test_iid,k,4,silicon_die_upper,61.84634323314657,61.84634323314657,61.84634323314657,648,,,,,
v6p1i9_0004,test_iid,q,0,silicon_die_lower,,,,384,1.673929081493906,0.22773459746670288,1.7578124999999992e-10,169.08252626231277,9522796552.49867
v6p1i9_0004,test_iid,q,1,silicon_die_upper,,,,448,2.2244759530181857,0.30263536331111945,2.0080566406249978e-10,168.79498860178822,11077755019.528873
v6p1i9_0004,test_iid,q,2,silicon_die_lower,,,,432,1.7977854267286137,0.24458499766439237,1.977539062499998e-10,144.0955220561494,9091023589.975813
v6p1i9_0004,test_iid,q,3,silicon_die_lower,,,,384,1.654159903238506,0.2250450415577852,1.7578124999999992e-10,139.07155725422277,9410331893.979061
v6p1i9_0005,train,k,0,silicon_die_upper,140.08412075652697,140.08412075652697,140.08412075652697,616,,,,,
v6p1i9_0005,train,k,1,silicon_die_lower,225.58060932605875,225.58060932605875,225.58060932605875,336,,,,,
v6p1i9_0005,train,k,2,silicon_die_upper,30.047926452790314,30.047926452790314,30.047926452790314,616,,,,,
v6p1i9_0005,train,k,3,silicon_die_upper,34.17689317732651,34.17689317732651,34.17689317732651,640,,,,,
v6p1i9_0005,train,q,0,silicon_die_upper,,,,448,1.3957566053466564,0.14277531074881644,2.0080566406249989e-10,106.92550467080234,6950783046.200496
v6p1i9_0005,train,q,1,silicon_die_lower,,,,384,1.2301908378714217,0.12583918892779744,1.7578124999999995e-10,102.67097938016917,6998418988.779646
v6p1i9_0005,train,q,2,silicon_die_upper,,,,320,1.436285018783554,0.14692105994351393,1.4343261718749992e-10,145.96315950036197,10013656913.93607
v6p1i9_0005,train,q,3,silicon_die_upper,,,,448,1.0122106333609049,0.10354146788040182,2.008056640624997e-10,73.96679311767281,5040747421.576015
v6p1i9_0005,train,q,4,silicon_die_lower,,,,504,1.3898010051916032,0.14216609803968352,2.3071289062499988e-10,90.04665802288218,6023941711.391333
v6p1i9_0005,train,q,5,silicon_die_upper,,,,576,2.3253281724351313,0.23786342915421593,2.581787109374997e-10,136.57098686273952,9006661176.637644
v6p1i9_0005,train,q,6,silicon_die_upper,,,,336,0.9863238397651297,0.10089344530557094,1.5060424804687488e-10,92.9969492118504,6549110350.845755
v6p1i9_0006,train,k,0,silicon_die_upper,33.428054225683454,33.428054225683454,33.428054225683454,576,,,,,
v6p1i9_0006,train,k,1,silicon_die_upper,394.387573044956,394.387573044956,394.387573044956,560,,,,,
v6p1i9_0006,train,k,2,silicon_die_lower,217.6970520953818,217.6970520953818,217.6970520953818,504,,,,,
v6p1i9_0006,train,q,0,silicon_die_lower,,,,576,1.5746281945930642,0.25349237741921427,2.6367187499999996e-10,91.33277574324478,5971923226.901104
v6p1i9_0006,train,q,1,silicon_die_upper,,,,648,1.7791774671679805,0.2864218534583415,2.9045104980468714e-10,97.83987325971572,6125567349.005565
v6p1i9_0006,train,q,2,silicon_die_upper,,,,288,0.7441113966008649,0.11979117841074374,1.2908935546874988e-10,69.64068648320422,5764312587.190819
v6p1i9_0006,train,q,3,silicon_die_upper,,,,448,1.455775608951318,0.23435882919481382,2.0080566406249984e-10,110.52465330781342,7249674035.580066
v6p1i9_0006,train,q,4,silicon_die_lower,,,,280,0.6580451791034121,0.10593576151688662,1.2817382812499996e-10,70.2399090555383,5134005816.395384
v6p1i9_0007,train,k,0,silicon_die_lower,259.43767319045264,259.43767319045264,259.43767319045264,704,,,,,
v6p1i9_0007,train,k,1,silicon_die_lower,90.14893448593867,90.14893448593867,90.14893448593867,432,,,,,
v6p1i9_0007,train,k,2,silicon_die_lower,234.3823714839158,234.3823714839158,234.3823714839158,448,,,,,
v6p1i9_0007,train,k,3,silicon_die_lower,50.228220492802805,50.228220492802805,50.228220492802805,288,,,,,
v6p1i9_0007,train,k,4,silicon_die_lower,23.584827128195755,23.584827128195755,23.584827128195755,560,,,,,
v6p1i9_0007,train,k,5,silicon_die_lower,381.5136137426302,381.5136137426302,381.5136137426302,640,,,,,
v6p1i9_0007,train,k,6,silicon_die_upper,123.25489511276994,123.25489511276994,123.25489511276994,576,,,,,
v6p1i9_0007,train,q,0,silicon_die_upper,,,,288,0.23773035920469487,0.06895908856337418,1.290893554687499e-10,27.188375982382386,1841595368.8934865
v6p1i9_0007,train,q,1,silicon_die_lower,,,,240,0.29189151053934226,0.08466976028437372,1.0986328125000007e-10,42.55189214314135,2656861393.7092113
v6p1i9_0007,train,q,2,silicon_die_lower,,,,576,0.4187670878966096,0.1214729023179733,2.6367187499999996e-10,27.145997348880723,1588212955.578253
v6p1i9_0007,train,q,3,silicon_die_lower,,,,336,0.3332194674109468,0.09665787256244579,1.5380859374999992e-10,31.80436036322517,2166455457.9606967
v6p1i9_0007,train,q,4,silicon_die_upper,,,,320,0.41078841154320694,0.11915850607883309,1.4343261718750002e-10,42.06832215995551,2863981844.563362
v6p1i9_0007,train,q,5,silicon_die_lower,,,,432,0.36809315280094135,0.10677377684738908,1.9775390624999986e-10,26.275489506896857,1861369819.5958726
v6p1i9_0007,train,q,6,silicon_die_lower,,,,384,0.3094942046379216,0.08977582139225575,1.7578125000000002e-10,27.525754048939433,1760678141.940176
v6p1i9_0007,train,q,7,silicon_die_upper,,,,200,0.15251118664791422,0.04423933258731688,8.964538574218748e-11,22.85672767057041,1701272021.8140779
v6p1i9_0007,train,q,8,silicon_die_lower,,,,448,0.6098122622008597,0.17688989297295507,2.0507812499999998e-10,40.22478355418362,2973560745.208002
v6p1i9_0007,train,q,9,silicon_die_upper,,,,336,0.3151039189194268,0.09140304639308308,1.5060424804687488e-10,32.650652044494706,2092264481.2870893
v6p1i9_0008,train,k,0,silicon_die_lower,113.06468896031001,113.06468896031001,113.06468896031001,560,,,,,
v6p1i9_0008,train,k,1,silicon_die_upper,47.4852042995182,47.4852042995182,47.4852042995182,336,,,,,
v6p1i9_0008,train,q,0,silicon_die_lower,,,,448,1.1150652750199814,0.2495376776092324,2.05078125e-10,81.52049816440278,5437270674.383147
v6p1i9_0008,train,q,1,silicon_die_upper,,,,576,1.4154913149200725,0.31676927200056876,2.581787109374998e-10,84.00138744550677,5482602766.820446
v6p1i9_0008,train,q,2,silicon_die_upper,,,,432,0.8431422676315854,0.18868470579464283,1.9363403320312483e-10,74.82752119202968,4354308246.769396
v6p1i9_0008,train,q,3,silicon_die_upper,,,,384,0.5914344498849676,0.1323556408657279,1.7211914062499985e-10,57.71437445881073,3436192208.1259995
v6p1i9_0008,train,q,4,silicon_die_upper,,,,280,0.5033913887062553,0.11265270372982818,1.2550354003906235e-10,54.800020319803934,4010973623.131087
v6p1i9_0009,valid_iid,k,0,silicon_die_upper,146.8782960114967,146.8782960114967,146.8782960114967,968,,,,,
v6p1i9_0009,valid_iid,k,1,silicon_die_upper,69.61996663131937,69.61996663131937,69.61996663131937,792,,,,,
v6p1i9_0009,valid_iid,k,2,silicon_die_upper,33.516843467711155,33.516843467711155,33.516843467711155,968,,,,,
v6p1i9_0009,valid_iid,k,3,silicon_die_upper,227.240172597506,227.240172597506,227.240172597506,336,,,,,
v6p1i9_0009,valid_iid,k,4,silicon_die_upper,70.59553908798806,70.59553908798806,70.59553908798806,648,,,,,
v6p1i9_0009,valid_iid,k,5,silicon_die_upper,190.49837245644898,190.49837245644898,190.49837245644898,400,,,,,
v6p1i9_0009,valid_iid,k,6,silicon_die_lower,164.89108173069948,164.89108173069948,164.89108173069948,440,,,,,
v6p1i9_0009,valid_iid,q,0,silicon_die_lower,,,,288,0.48040066160471095,0.062068374900859646,1.318359375e-10,54.29290151640796,3643927981.357215
v6p1i9_0009,valid_iid,q,1,silicon_die_lower,,,,240,0.48574912218448735,0.06275940279265965,1.0986328124999996e-10,57.601189480506804,4421396454.37258
v6p1i9_0009,valid_iid,q,2,silicon_die_lower,,,,448,1.222789227201369,0.1579859193472908,2.0507812499999977e-10,88.4377524727017,5962553184.067635
v6p1i9_0009,valid_iid,q,3,silicon_die_upper,,,,504,0.772033153610086,0.09974766282398033,2.259063720703125e-10,54.78000630535149,3417491709.219223
v6p1i9_0009,valid_iid,q,4,silicon_die_lower,,,,240,0.3530659648271882,0.04561657054431656,1.0986328125000006e-10,43.455623223775184,3213684870.9603605
v6p1i9_0009,valid_iid,q,5,silicon_die_lower,,,,576,1.0639676777791596,0.1374659736857996,2.6367187499999996e-10,60.836415114999014,4035195933.503184
v6p1i9_0009,valid_iid,q,6,silicon_die_upper,,,,504,0.7094663864265908,0.0916639571335927,2.259063720703122e-10,51.47204493312524,3140532867.3321924
v6p1i9_0009,valid_iid,q,7,silicon_die_upper,,,,432,0.7859192004270068,0.10154175768813918,1.9363403320312483e-10,61.396635854094875,4058786502.6938033
v6p1i9_0009,valid_iid,q,8,silicon_die_upper,,,,336,0.7093772868433258,0.09165244535440586,1.5060424804687488e-10,75.07047002119424,4710207686.987258
v6p1i9_0009,valid_iid,q,9,silicon_die_lower,,,,448,1.1570934046113428,0.14949793572895576,2.0507812499999992e-10,82.09906412786515,5642207839.628645
v6p1i9_0010,train,k,0,silicon_die_upper,66.98547341575085,66.98547341575085,66.98547341575085,672,,,,,
v6p1i9_0010,train,k,1,silicon_die_upper,89.46908936660891,89.46908936660891,89.46908936660891,392,,,,,
v6p1i9_0010,train,k,2,silicon_die_upper,61.08517364096301,61.08517364096301,61.08517364096301,384,,,,,
v6p1i9_0010,train,k,3,silicon_die_lower,25.758425215638784,25.758425215638784,25.758425215638784,576,,,,,
v6p1i9_0010,train,q,0,silicon_die_lower,,,,504,4.0514637123290225,0.2766425687384054,2.307128906249999e-10,275.2121254357627,17560630016.613422
v6p1i9_0010,train,q,1,silicon_die_upper,,,,384,3.529949849716082,0.2410324917810593,1.7211914062499988e-10,344.4540483683907,20508758275.79728
v6p1i9_0010,train,q,2,silicon_die_lower,,,,512,3.6682012227748313,0.2504725899012021,2.3437500000000003e-10,256.4700097581476,15650991883.839277
v6p1i9_0010,train,q,3,silicon_die_upper,,,,384,3.39550556236751,0.23185234957933326,1.7211914062499983e-10,246.73458510402054,19727646501.35792
v6p1i9_0011,train,k,0,silicon_die_lower,62.59670849480721,62.59670849480721,62.59670849480721,792,,,,,
v6p1i9_0011,train,k,1,silicon_die_lower,369.3717533388599,369.3717533388599,369.3717533388599,432,,,,,
v6p1i9_0011,train,k,2,silicon_die_lower,344.45004445400474,344.45004445400474,344.45004445400474,880,,,,,
v6p1i9_0011,train,k,3,silicon_die_upper,24.585785190907234,24.585785190907234,24.585785190907234,448,,,,,
v6p1i9_0011,train,k,4,silicon_die_upper,43.55113050257797,43.55113050257797,43.55113050257797,800,,,,,
v6p1i9_0011,train,q,0,silicon_die_upper,,,,320,0.6930406032185963,0.10376711159130728,1.4343261718749987e-10,64.87360305689587,4831820103.461061
v6p1i9_0011,train,q,1,silicon_die_lower,,,,432,1.0857233849380443,0.1625624517797875,1.9775390624999992e-10,87.99558969452427,5490275289.760779
v6p1i9_0011,train,q,2,silicon_die_upper,,,,288,0.4692829339443043,0.07026447562861646,1.2908935546874993e-10,61.20916229693954,3635334084.9851
v6p1i9_0011,train,q,3,silicon_die_lower,,,,384,1.1179364439678228,0.16738562675036867,1.7578125000000007e-10,100.59162307150949,6359816214.5725
v6p1i9_0011,train,q,4,silicon_die_lower,,,,336,0.8946937097886442,0.13396009063901232,1.5380859374999997e-10,85.79268420582359,5816929262.371884
v6p1i9_0011,train,q,5,silicon_die_upper,,,,512,1.3113480055304296,0.19634462135834505,2.294921874999999e-10,93.22889398513541,5714129181.545364
v6p1i9_0011,train,q,6,silicon_die_upper,,,,448,1.106782804757978,0.1657156222525628,2.0080566406249984e-10,78.53531216472143,5511711086.065267
v6p1i9_0012,train,k,0,silicon_die_upper,120.49952339773064,120.49952339773064,120.49952339773064,720,,,,,
v6p1i9_0012,train,k,1,silicon_die_upper,50.32914132763097,50.32914132763097,50.32914132763097,448,,,,,
v6p1i9_0012,train,k,2,silicon_die_upper,364.4143247164258,364.4143247164258,364.4143247164258,576,,,,,
v6p1i9_0012,train,k,3,silicon_die_upper,369.90631744525655,369.90631744525655,369.90631744525655,800,,,,,
v6p1i9_0012,train,k,4,silicon_die_lower,49.46794782857735,49.46794782857735,49.46794782857735,672,,,,,
v6p1i9_0012,train,k,5,silicon_die_upper,59.18156739290344,59.18156739290344,59.18156739290344,432,,,,,
v6p1i9_0012,train,k,6,silicon_die_upper,292.0534064851735,292.0534064851735,292.0534064851735,448,,,,,
v6p1i9_0012,train,k,7,silicon_die_upper,233.85912114287794,233.85912114287794,233.85912114287794,392,,,,,
v6p1i9_0012,train,q,0,silicon_die_upper,,,,384,0.5424863462736711,0.08128815126083058,1.7211914062499985e-10,46.16058780992186,3151807197.641076
v6p1i9_0012,train,q,1,silicon_die_upper,,,,448,0.6925272548330066,0.10377083336713902,2.0080566406249984e-10,51.74926579381987,3448743630.147109
v6p1i9_0012,train,q,2,silicon_die_lower,,,,448,0.6842236499630574,0.10252659064413769,2.0507812499999998e-10,49.04270709091989,3336404845.534147
v6p1i9_0012,train,q,3,silicon_die_upper,,,,240,0.34468824349979116,0.051649355357795655,1.0757446289062482e-10,42.20348223630339,3204182798.014518
v6p1i9_0012,train,q,4,silicon_die_upper,,,,448,0.7022517348210485,0.105227985248713,2.0080566406249984e-10,61.139117457666146,3497170949.3337593
v6p1i9_0012,train,q,5,silicon_die_upper,,,,392,0.7194486356444031,0.10780483217757772,1.7570495605468738e-10,60.036936667901124,4094640537.176868
v6p1i9_0012,train,q,6,silicon_die_upper,,,,504,1.2642082491440774,0.18943361816846732,2.259063720703123e-10,81.11870744334605,5596160203.708634
v6p1i9_0012,train,q,7,silicon_die_upper,,,,512,1.098698397656734,0.16463301270571973,2.2949218749999972e-10,68.42156835902095,4787519826.385094
v6p1i9_0012,train,q,8,silicon_die_lower,,,,448,0.625088893736427,0.09366562106961925,2.0507812499999992e-10,44.346722295389135,3048052510.410007
v6p1i9_0013,train,k,0,silicon_die_upper,245.83437367900586,245.83437367900586,245.83437367900586,336,,,,,
v6p1i9_0013,train,k,1,silicon_die_upper,30.609973717495382,30.609973717495382,30.609973717495382,560,,,,,
v6p1i9_0013,train,k,2,silicon_die_lower,75.20629903879035,75.20629903879035,75.20629903879035,448,,,,,
v6p1i9_0013,train,q,0,silicon_die_lower,,,,448,1.111021794044167,0.15402768899053992,2.050781249999998e-10,87.47342114200256,5417553890.958229
v6p1i9_0013,train,q,1,silicon_die_upper,,,,240,0.5448482692517151,0.07553561974500832,1.0757446289062487e-10,67.25891329711483,5064847684.209992
v6p1i9_0013,train,q,2,silicon_die_lower,,,,576,1.438455182485336,0.19942176531766023,2.636718749999998e-10,88.2570697012574,5455474469.870316
v6p1i9_0013,train,q,3,silicon_die_lower,,,,448,1.6141741933525404,0.223782757424808,2.05078125e-10,120.32127589846905,7871020828.538102
v6p1i9_0013,train,q,4,silicon_die_lower,,,,432,0.9320127554449823,0.1292105803868588,1.9775390624999994e-10,71.57405980396298,4712992896.669936
v6p1i9_0013,train,q,5,silicon_die_lower,,,,432,1.5726181284530072,0.2180215881351248,1.9775390625e-10,121.9305701178011,7952399819.930268
v6p1i9_0014,train,k,0,silicon_die_lower,231.91573804060562,231.91573804060562,231.91573804060562,792,,,,,
v6p1i9_0014,train,k,1,silicon_die_upper,223.67158759200038,223.67158759200038,223.67158759200038,640,,,,,
v6p1i9_0014,train,k,2,silicon_die_upper,222.19105241762716,222.19105241762716,222.19105241762716,280,,,,,
v6p1i9_0014,train,k,3,silicon_die_lower,136.09319204238673,136.09319204238673,136.09319204238673,392,,,,,
v6p1i9_0014,train,q,0,silicon_die_lower,,,,336,1.0618362492536566,0.12212440823640479,1.5380859374999997e-10,108.41195137831377,6903621074.512664
v6p1i9_0014,train,q,1,silicon_die_upper,,,,432,1.488042441221684,0.17114343449150946,1.9363403320312485e-10,120.1381587883295,7684818709.842739
v6p1i9_0014,train,q,2,silicon_die_upper,,,,504,0.982664293907263,0.11301864621105161,2.2590637207031216e-10,68.95363543057204,4349874175.312832
v6p1i9_0014,train,q,3,silicon_die_lower,,,,336,0.9333629148247361,0.10734837289920694,1.5380859374999992e-10,86.28738747035499,6068340474.797017
v6p1i9_0014,train,q,4,silicon_die_lower,,,,360,0.9376483765815156,0.10784125443478673,1.6479492187499992e-10,83.45021059327544,5689789259.967244
v6p1i9_0014,train,q,5,silicon_die_upper,,,,448,1.6225110568817267,0.18660900192282845,2.0080566406249968e-10,113.1431219224932,8080006430.380016
v6p1i9_0014,train,q,6,silicon_die_lower,,,,320,0.6901988779501874,0.0793814767525059,1.4648437499999994e-10,68.69295295823241,4711757673.473281
v6p1i9_0014,train,q,7,silicon_die_lower,,,,360,0.9784452630021104,0.11253340505170617,1.6479492187499992e-10,92.19199392196509,5937350810.750587
v6p1i9_0015,train,k,0,silicon_die_upper,63.118760571595026,63.118760571595026,63.118760571595026,616,,,,,
v6p1i9_0015,train,k,1,silicon_die_lower,198.164414129251,198.164414129251,198.164414129251,320,,,,,
v6p1i9_0015,train,k,2,silicon_die_upper,195.34509869350723,195.34509869350723,195.34509869350723,432,,,,,
v6p1i9_0015,train,k,3,silicon_die_upper,243.34917549096318,243.34917549096318,243.34917549096318,640,,,,,
v6p1i9_0015,train,q,0,silicon_die_upper,,,,448,1.6101469638121813,0.35513775830841576,2.0080566406249973e-10,117.06920123785821,8018433998.510278
v6p1i9_0015,train,q,1,silicon_die_lower,,,,432,1.6918791970780556,0.37316480972418264,1.9775390624999986e-10,135.96689209021045,8555478013.866322
v6p1i9_0015,train,q,2,silicon_die_upper,,,,448,1.231839715499808,0.27169743196740165,2.008056640624998e-10,101.8659010115199,6134486899.315767
v6p1i9_0016,train,k,0,silicon_die_lower,364.057004247061,364.057004247061,364.057004247061,720,,,,,
v6p1i9_0016,train,k,1,silicon_die_lower,110.91540541380876,110.91540541380876,110.91540541380876,720,,,,,
v6p1i9_0016,train,k,2,silicon_die_lower,105.78542271781119,105.78542271781119,105.78542271781119,704,,,,,
v6p1i9_0016,train,k,3,silicon_die_lower,26.619350001226557,26.619350001226557,26.619350001226557,960,,,,,
v6p1i9_0016,train,k,4,silicon_die_upper,31.339765320097914,31.339765320097914,31.339765320097914,336,,,,,
v6p1i9_0016,train,q,0,silicon_die_upper,,,,576,1.3281823417961518,0.21993533403926585,2.5817871093749965e-10,83.39358714141079,5144430139.004298
v6p1i9_0016,train,q,1,silicon_die_lower,,,,384,1.8746364225532968,0.31042333181366216,1.757812500000002e-10,156.20702745360782,10664598314.969854
v6p1i9_0016,train,q,2,silicon_die_upper,,,,392,1.4134271267036507,0.23405112195012004,1.7570495605468725e-10,124.30867059861782,8044321335.271436
v6p1i9_0016,train,q,3,silicon_die_lower,,,,448,1.4227216427358402,0.23559021219695203,2.0507812499999987e-10,105.04680487453996,6937461724.578578
v6p1i9_0017,valid_iid,k,0,silicon_die_lower,124.7216106571744,124.7216106571744,124.7216106571744,528,,,,,
v6p1i9_0017,valid_iid,k,1,silicon_die_upper,29.133542758416464,29.133542758416464,29.133542758416464,384,,,,,
v6p1i9_0017,valid_iid,q,0,silicon_die_lower,,,,240,0.8915704047862543,0.07250237281195544,1.0986328124999997e-10,132.84036759527905,8115271951.121108
v6p1i9_0017,valid_iid,q,1,silicon_die_upper,,,,360,2.6768560458258546,0.21768153581200522,1.6136169433593736e-10,246.49519576539817,16589166696.855164
v6p1i9_0017,valid_iid,q,2,silicon_die_upper,,,,448,2.426151143424179,0.197294250408483,2.0080566406249978e-10,182.07193590905766,12082085207.860727
v6p1i9_0017,valid_iid,q,3,silicon_die_upper,,,,240,1.4606747083671117,0.11878185019882499,1.0757446289062494e-10,175.31195502071208,13578266338.65916
v6p1i9_0017,valid_iid,q,4,silicon_die_lower,,,,240,2.0495474937656932,0.1666688975891186,1.0986328124999983e-10,241.58701402409747,18655436743.253983
v6p1i9_0017,valid_iid,q,5,silicon_die_upper,,,,280,1.66469047639623,0.13537238213411362,1.2550354003906245e-10,194.08809876559187,13264091800.742052
v6p1i9_0017,valid_iid,q,6,silicon_die_upper,,,,336,1.1276300864974194,0.09169871104549916,1.5060424804687477e-10,123.58725677612215,7487372375.754305
v6p1i9_0018,test_iid,k,0,silicon_die_lower,343.05304434895413,343.05304434895413,343.05304434895413,288,,,,,
v6p1i9_0018,test_iid,k,1,silicon_die_upper,188.6127639008211,188.6127639008211,188.6127639008211,392,,,,,
v6p1i9_0018,test_iid,k,2,silicon_die_upper,123.78970407693969,123.78970407693969,123.78970407693969,576,,,,,
v6p1i9_0018,test_iid,k,3,silicon_die_lower,45.29035717016706,45.29035717016706,45.29035717016706,792,,,,,
v6p1i9_0018,test_iid,k,4,silicon_die_lower,34.82466960005014,34.82466960005014,34.82466960005014,968,,,,,
v6p1i9_0018,test_iid,k,5,silicon_die_lower,27.899840577051535,27.899840577051535,27.899840577051535,392,,,,,
v6p1i9_0018,test_iid,k,6,silicon_die_upper,40.866778294143046,40.866778294143046,40.866778294143046,800,,,,,
v6p1i9_0018,test_iid,k,7,silicon_die_lower,40.653414089637515,40.653414089637515,40.653414089637515,968,,,,,
v6p1i9_0018,test_iid,q,0,silicon_die_upper,,,,392,1.655745861664229,0.16214325838257032,1.7570495605468736e-10,132.77321744700953,9423444271.82171
v6p1i9_0018,test_iid,q,1,silicon_die_lower,,,,392,1.4832886685167597,0.14525493519489407,1.79443359375e-10,126.57873080953009,8266054947.27163
v6p1i9_0018,test_iid,q,2,silicon_die_lower,,,,288,1.6433948711533954,0.16093375522629133,1.3183593749999995e-10,191.24297368620964,12465454430.082056
v6p1i9_0018,test_iid,q,3,silicon_die_upper,,,,576,2.763403505033114,0.27061353973823116,2.5817871093749975e-10,156.48156749028487,10703452252.118813
v6p1i9_0018,test_iid,q,4,silicon_die_lower,,,,576,2.665790309921676,0.2610545114580133,2.636718749999999e-10,171.48534395229962,10110256582.814064
v6p1i9_0019,train,k,0,silicon_die_upper,83.8011814134785,83.8011814134785,83.8011814134785,384,,,,,
v6p1i9_0019,train,k,1,silicon_die_upper,22.629208591443454,22.629208591443454,22.629208591443454,384,,,,,
v6p1i9_0019,train,k,2,silicon_die_upper,110.50390531470342,110.50390531470342,110.50390531470342,792,,,,,
v6p1i9_0019,train,k,3,silicon_die_upper,135.4139420084659,135.4139420084659,135.4139420084659,968,,,,,
v6p1i9_0019,train,k,4,silicon_die_lower,52.19540212016863,52.19540212016863,52.19540212016863,360,,,,,
v6p1i9_0019,train,k,5,silicon_die_upper,85.7830369603406,85.7830369603406,85.7830369603406,616,,,,,
v6p1i9_0019,train,k,6,silicon_die_upper,62.84340980879969,62.84340980879969,62.84340980879969,336,,,,,
v6p1i9_0019,train,k,7,silicon_die_lower,42.94840922523887,42.94840922523887,42.94840922523887,616,,,,,
v6p1i9_0019,train,q,0,silicon_die_lower,,,,432,0.26636551019056515,0.11085936476895304,1.9775390625e-10,19.01421778697323,1346954481.1611788
v6p1i9_0019,train,q,1,silicon_die_lower,,,,512,0.3279479655293027,0.13648952940581108,2.3437499999999993e-10,23.887683132068766,1399244652.9250255
v6p1i9_0019,train,q,2,silicon_die_lower,,,,504,0.23373976514874753,0.09728076982300035,2.3071289062499986e-10,16.09669279909937,1013119659.3113973
v6p1i9_0019,train,q,3,silicon_die_lower,,,,288,0.18849632234950406,0.07845078194245134,1.3183593749999985e-10,22.10648964615327,1429779511.747351
v6p1i9_0019,train,q,4,silicon_die_lower,,,,448,0.31663140183587685,0.1317796588917079,2.050781249999999e-10,23.771865735812046,1543955026.094943
v6p1i9_0019,train,q,5,silicon_die_upper,,,,280,0.2235380098258578,0.09303487434721326,1.2550354003906235e-10,22.010496391289816,1781129119.9936092
v6p1i9_0019,train,q,6,silicon_die_lower,,,,392,0.1418492265199757,0.05903660400222805,1.79443359375e-10,12.07353422631454,790495825.6133612
v6p1i9_0019,train,q,7,silicon_die_lower,,,,384,0.26562443772920813,0.11055093586516956,1.7578124999999997e-10,23.324008571805248,1511107912.415051
v6p1i9_0019,train,q,8,silicon_die_upper,,,,336,0.178572089206648,0.07432038915530369,1.5060424804687482e-10,16.094947932151292,1185704198.403941
v6p1i9_0019,train,q,9,silicon_die_lower,,,,504,0.259968777721375,0.10819709179816181,2.3071289062500001e-10,16.37167550388615,1126806469.3616424
v6p1i9_0020,train,k,0,silicon_die_upper,32.3953990632748,32.3953990632748,32.3953990632748,968,,,,,
v6p1i9_0020,train,k,1,silicon_die_upper,22.19960645021019,22.19960645021019,22.19960645021019,640,,,,,
v6p1i9_0020,train,k,2,silicon_die_upper,116.4086170344775,116.4086170344775,116.4086170344775,336,,,,,
v6p1i9_0020,train,k,3,silicon_die_upper,57.48072769169966,57.48072769169966,57.48072769169966,384,,,,,
v6p1i9_0020,train,k,4,silicon_die_upper,253.6559221701186,253.6559221701186,253.6559221701186,504,,,,,
v6p1i9_0020,train,k,5,silicon_die_upper,129.72227686840938,129.72227686840938,129.72227686840938,288,,,,,
v6p1i9_0020,train,k,6,silicon_die_upper,52.33905940498086,52.33905940498086,52.33905940498086,792,,,,,
v6p1i9_0020,train,k,7,silicon_die_lower,37.542031109084675,37.542031109084675,37.542031109084675,336,,,,,
v6p1i9_0020,train,q,0,silicon_die_lower,,,,432,1.3895910616472633,0.17940963878045366,1.9775390624999992e-10,103.45204452162852,7026870356.18172
v6p1i9_0020,train,q,1,silicon_die_lower,,,,432,1.1187405458635753,0.14444021896952944,1.9775390624999997e-10,83.58886616858399,5657236143.0335865
v6p1i9_0020,train,q,2,silicon_die_lower,,,,280,0.672857861993844,0.08687245428003984,1.2817382812499994e-10,81.53759471793177,5249572957.574831
v6p1i9_0020,train,q,3,silicon_die_upper,,,,336,0.6192356787049398,0.07994931206935424,1.5060424804687482e-10,53.66655302883004,4111674715.259066
v6p1i9_0020,train,q,4,silicon_die_lower,,,,288,0.7806661065031585,0.1007915407931918,1.3183593749999998e-10,91.74846553093987,5921496985.623959
v6p1i9_0020,train,q,5,silicon_die_lower,,,,576,1.5811859251399034,0.20414638774216398,2.6367187499999996e-10,81.3318345451134,5996794027.197265
v6p1i9_0020,train,q,6,silicon_die_lower,,,,448,0.7007617042182565,0.09047511004851756,2.0507812499999995e-10,61.49867041086204,3417047548.1880703
v6p1i9_0020,train,q,7,silicon_die_lower,,,,336,0.8823145489613129,0.1139153373167495,1.538085937500001e-10,90.32343724245645,5736445067.532596
v6p1i9_0021,train,k,0,silicon_die_upper,228.94103924531248,228.94103924531248,228.94103924531248,880,,,,,
v6p1i9_0021,train,k,1,silicon_die_upper,135.26940566590375,135.26940566590375,135.26940566590375,384,,,,,
v6p1i9_0021,train,k,2,silicon_die_upper,52.86272702878644,52.86272702878644,52.86272702878644,392,,,,,
v6p1i9_0021,train,k,3,silicon_die_upper,37.35553641084825,37.35553641084825,37.35553641084825,576,,,,,
v6p1i9_0021,train,k,4,silicon_die_upper,383.90830219601315,383.90830219601315,383.90830219601315,640,,,,,
v6p1i9_0021,train,k,5,silicon_die_upper,171.3229466818177,171.3229466818177,171.3229466818177,448,,,,,
v6p1i9_0021,train,k,6,silicon_die_upper,239.6278365806443,239.6278365806443,239.6278365806443,720,,,,,
v6p1i9_0021,train,k,7,silicon_die_lower,238.8880719156045,238.8880719156045,238.8880719156045,864,,,,,
v6p1i9_0021,train,q,0,silicon_die_upper,,,,448,2.580808952332546,0.34917045718237044,2.0080566406249973e-10,233.33242391360346,12852271694.533888
v6p1i9_0021,train,q,1,silicon_die_upper,,,,384,1.4447762977002316,0.1954709588008432,1.7211914062499985e-10,137.62238114089962,8394047823.234261
v6p1i9_0021,train,q,2,silicon_die_lower,,,,512,3.365672799569623,0.4553585840167863,2.34375e-10,221.67888958778494,14360203944.830393
v6p1i9_0022,train,k,0,silicon_die_lower,52.81651062320053,52.81651062320053,52.81651062320053,648,,,,,
v6p1i9_0022,train,k,1,silicon_die_upper,36.870545698116715,36.870545698116715,36.870545698116715,384,,,,,
v6p1i9_0022,train,k,2,silicon_die_upper,128.09842541612176,128.09842541612176,128.09842541612176,504,,,,,
v6p1i9_0022,train,k,3,silicon_die_upper,64.10766906558223,64.10766906558223,64.10766906558223,480,,,,,
v6p1i9_0022,train,k,4,silicon_die_upper,137.5677007811856,137.5677007811856,137.5677007811856,704,,,,,
v6p1i9_0022,train,k,5,silicon_die_upper,46.61277676594307,46.61277676594307,46.61277676594307,512,,,,,
v6p1i9_0022,train,k,6,silicon_die_upper,220.69362974381667,220.69362974381667,220.69362974381667,384,,,,,
v6p1i9_0022,train,k,7,silicon_die_lower,118.31601188103362,118.31601188103362,118.31601188103362,640,,,,,
v6p1i9_0022,train,q,0,silicon_die_lower,,,,288,0.5261762554948696,0.06837123926079955,1.3183593749999995e-10,62.968225978812704,3991144337.975901
v6p1i9_0022,train,q,1,silicon_die_lower,,,,240,0.4240217921003882,0.05509730835767696,1.0986328125000009e-10,52.279792582028115,3859540578.7626414
v6p1i9_0022,train,q,2,silicon_die_upper,,,,432,0.9887785831180939,0.12848169482437,1.9363403320312488e-10,75.66815961433171,5106429726.022651
v6p1i9_0022,train,q,3,silicon_die_upper,,,,448,1.0230733763884965,0.13293795352400495,2.0080566406249984e-10,70.52461452684258,5094843221.504298
v6p1i9_0022,train,q,4,silicon_die_upper,,,,392,0.6600726181496196,0.08576970631744908,1.7570495605468738e-10,61.929409488362865,3756710299.874381
v6p1i9_0022,train,q,5,silicon_die_lower,,,,648,1.0543483956978472,0.13700182338843783,2.9663085937499995e-10,55.5092696580246,3554412369.3649244
v6p1i9_0022,train,q,6,silicon_die_lower,,,,512,1.3623719376709704,0.17702634191483244,2.34375e-10,88.04872681787023,5812786934.062808
v6p1i9_0022,train,q,7,silicon_die_lower,,,,360,0.9717065352839738,0.12626335628296118,1.6479492187500008e-10,85.41375659871778,5896459212.626896
v6p1i9_0022,train,q,8,silicon_die_upper,,,,384,0.6853217698560746,0.08905057612946798,1.7211914062499985e-10,59.804608230479154,3981670878.482956
v6p1i9_0023,train,k,0,silicon_die_lower,323.60141407469223,323.60141407469223,323.60141407469223,432,,,,,
v6p1i9_0023,train,k,1,silicon_die_upper,20.140883548856245,20.140883548856245,20.140883548856245,704,,,,,
v6p1i9_0023,train,k,2,silicon_die_upper,32.03460155905846,32.03460155905846,32.03460155905846,560,,,,,
v6p1i9_0023,train,k,3,silicon_die_upper,28.99864166930445,28.99864166930445,28.99864166930445,448,,,,,
v6p1i9_0023,train,k,4,silicon_die_upper,38.264821904983826,38.264821904983826,38.264821904983826,792,,,,,
v6p1i9_0023,train,k,5,silicon_die_upper,24.215018013935453,24.215018013935453,24.215018013935453,880,,,,,
v6p1i9_0023,train,k,6,silicon_die_upper,232.58974867281475,232.58974867281475,232.58974867281475,880,,,,,
v6p1i9_0023,train,q,0,silicon_die_upper,,,,576,1.1892599932625352,0.1577108466030712,2.5817871093749965e-10,75.21052845068857,4606344144.116644
v6p1i9_0023,train,q,1,silicon_die_lower,,,,504,1.1949158254311427,0.1584608811494356,2.3071289062499986e-10,79.08011775232303,5179233038.05922
v6p1i9_0023,train,q,2,silicon_die_lower,,,,360,0.8464327963150022,0.11224764446437993,1.6479492187500013e-10,78.06847722608005,5136279605.490735
v6p1i9_0023,train,q,3,silicon_die_lower,,,,336,1.6915349401357427,0.2243188276565457,1.5380859374999997e-10,146.36916700854746,10997662086.977783
v6p1i9_0023,train,q,4,silicon_die_lower,,,,448,1.6780487494819931,0.2225303889993111,2.050781249999999e-10,116.1422906308166,8182485330.807437
v6p1i9_0023,train,q,5,silicon_die_upper,,,,336,0.9405699122912385,0.12473141112725657,1.5060424804687495e-10,90.09358129029037,6245307980.944137
v6p1i9_0024,train,k,0,silicon_die_lower,49.407613063649784,49.407613063649784,49.407613063649784,648,,,,,
v6p1i9_0024,train,k,1,silicon_die_upper,315.61555582403446,315.61555582403446,315.61555582403446,392,,,,,
v6p1i9_0024,train,k,2,silicon_die_upper,28.802867978995586,28.802867978995586,28.802867978995586,648,,,,,
v6p1i9_0024,train,k,3,silicon_die_lower,318.52418564262695,318.52418564262695,318.52418564262695,240,,,,,
v6p1i9_0024,train,k,4,silicon_die_upper,48.12762773691798,48.12762773691798,48.12762773691798,384,,,,,
v6p1i9_0024,train,k,5,silicon_die_upper,208.41116435579724,208.41116435579724,208.41116435579724,432,,,,,
v6p1i9_0024,train,q,0,silicon_die_lower,,,,336,0.30193922820678387,0.07606261279369815,1.5380859374999995e-10,28.25555388191422,1963084251.960297
v6p1i9_0024,train,q,1,silicon_die_lower,,,,240,0.23144537709168883,0.05830424951792022,1.0986328124999998e-10,29.333222729745657,2106667254.5945725
v6p1i9_0024,train,q,2,silicon_die_upper,,,,504,0.5519450048331657,0.13904248028775246,2.2590637207031226e-10,35.202131351175865,2443246729.9389653
v6p1i9_0024,train,q,3,silicon_die_upper,,,,384,0.48668141538342696,0.12260169131401012,1.7211914062499983e-10,40.41669195526552,2827584506.965275
v6p1i9_0024,train,q,4,silicon_die_upper,,,,384,0.5068981914181225,0.1276945731385965,1.7211914062499985e-10,48.36752516383188,2945042541.912953
v6p1i9_0024,train,q,5,silicon_die_lower,,,,448,0.4338029676599332,0.1092808885875443,2.0507812499999995e-10,33.84220059739428,2115305899.446532
v6p1i9_0024,train,q,6,silicon_die_lower,,,,384,0.3593508710107414,0.09052538923511126,1.7578124999999976e-10,32.85212473933362,2044307177.305554
v6p1i9_0024,train,q,7,silicon_die_upper,,,,576,0.732694149741363,0.18457565695908157,2.5817871093749975e-10,39.608252312998914,2837934030.5821524
v6p1i9_0024,train,q,8,silicon_die_lower,,,,432,0.36485699954308987,0.09191245816628547,1.9775390624999997e-10,28.346274213225197,1845005271.7635758
v6p1i9_0025,train,k,0,silicon_die_upper,156.71613640752875,156.71613640752875,156.71613640752875,792,,,,,
v6p1i9_0025,train,k,1,silicon_die_upper,198.01563155855493,198.01563155855493,198.01563155855493,616,,,,,
v6p1i9_0025,train,k,2,silicon_die_upper,54.02571498958612,54.02571498958612,54.02571498958612,504,,,,,
v6p1i9_0025,train,k,3,silicon_die_upper,94.10729411024974,94.10729411024974,94.10729411024974,288,,,,,
v6p1i9_0025,train,k,4,silicon_die_lower,124.40621955507493,124.40621955507493,124.40621955507493,448,,,,,
v6p1i9_0025,train,q,0,silicon_die_upper,,,,576,3.901153704743372,0.3069760959787958,2.5817871093749996e-10,229.66329071922814,15110284231.327522
v6p1i9_0025,train,q,1,silicon_die_upper,,,,648,2.8835805741552663,0.2269047502584132,2.9045104980468714e-10,153.2092233641251,9927939926.863134
v6p1i9_0025,train,q,2,silicon_die_lower,,,,336,1.6291937800166383,0.12819888269830274,1.5380859374999997e-10,148.40391100766772,10592345591.981194
v6p1i9_0025,train,q,3,silicon_die_lower,,,,448,1.5824613645427592,0.12452157707448494,2.05078125e-10,120.12672752997086,7716383034.722788
v6p1i9_0025,train,q,4,silicon_die_upper,,,,384,1.4359573589140306,0.11299339051816439,1.7211914062499988e-10,126.51025644631903,8342810414.343083
v6p1i9_0025,train,q,5,silicon_die_upper,,,,336,1.275983787487165,0.10040530347183903,1.5060424804687482e-10,117.54392714031167,8472428925.710125
v6p1i9_0026,train,k,0,silicon_die_lower,39.46484355319244,39.46484355319244,39.46484355319244,560,,,,,
v6p1i9_0026,train,k,1,silicon_die_lower,21.305708032006773,21.305708032006773,21.305708032006773,288,,,,,
v6p1i9_0026,train,k,2,silicon_die_upper,52.778088706901116,52.778088706901116,52.778088706901116,480,,,,,
v6p1i9_0026,train,q,0,silicon_die_lower,,,,280,0.8532933437375831,0.08936765846176381,1.2817382812500007e-10,91.44572130461007,6657313401.807883
v6p1i9_0026,train,q,1,silicon_die_lower,,,,336,1.2453313813592004,0.13042683430945848,1.5380859374999992e-10,106.51051914251565,8096630695.313154
v6p1i9_0026,train,q,2,silicon_die_lower,,,,320,1.1444118680694988,0.11985726797920113,1.46484375e-10,116.1022333800646,7812518352.687778
v6p1i9_0026,train,q,3,silicon_die_lower,,,,360,1.0600442884000394,0.11102122923533787,1.6479492187499987e-10,97.38340712623122,6432505785.609726
v6p1i9_0026,train,q,4,silicon_die_lower,,,,392,1.4867591345880748,0.15571219854216525,1.79443359375e-10,135.79543871990478,8285395122.820075
v6p1i9_0026,train,q,5,silicon_die_lower,,,,288,0.7765836627037679,0.08133365160391927,1.3183593749999995e-10,84.77127833339708,5890530893.397471
v6p1i9_0026,train,q,6,silicon_die_lower,,,,504,1.7157525380453056,0.17969528058581968,2.3071289062499996e-10,120.03544320067529,7436743276.014362
v6p1i9_0026,train,q,7,silicon_die_upper,,,,320,1.2659462070791039,0.13258587928233442,1.4343261718749987e-10,116.07837371247501,8826069215.65279
v6p1i9_0027,train,k,0,silicon_die_upper,101.3680587421475,101.3680587421475,101.3680587421475,648,,,,,
v6p1i9_0027,train,k,1,silicon_die_upper,23.51182493597375,23.51182493597375,23.51182493597375,792,,,,,
v6p1i9_0027,train,k,2,silicon_die_upper,26.532601671671454,26.532601671671454,26.532601671671454,704,,,,,
v6p1i9_0027,train,k,3,silicon_die_lower,254.34944541213954,254.34944541213954,254.34944541213954,504,,,,,
v6p1i9_0027,train,q,0,silicon_die_upper,,,,360,1.4709512143841617,0.37652300486147605,1.6136169433593734e-10,130.48803746610398,9115863714.976881
v6p1i9_0027,train,q,1,silicon_die_upper,,,,384,1.4439271018994124,0.36960557623639934,1.7211914062499975e-10,121.70754292769814,8389114055.858159
v6p1i9_0027,train,q,2,silicon_die_lower,,,,360,0.9917919147301438,0.2538714189021247,1.6479492187500002e-10,80.21841096309161,6018340270.718027
v6p1i9_0028,test_iid,k,0,silicon_die_lower,86.48304342958598,86.48304342958598,86.48304342958598,800,,,,,
v6p1i9_0028,test_iid,k,1,silicon_die_lower,135.7761846660485,135.7761846660485,135.7761846660485,400,,,,,
v6p1i9_0028,test_iid,k,2,silicon_die_upper,273.6756267149664,273.6756267149664,273.6756267149664,560,,,,,
v6p1i9_0028,test_iid,k,3,silicon_die_upper,78.3328162944231,78.3328162944231,78.3328162944231,648,,,,,
v6p1i9_0028,test_iid,k,4,silicon_die_upper,176.16636728213157,176.16636728213157,176.16636728213157,432,,,,,
v6p1i9_0028,test_iid,k,5,silicon_die_lower,218.55401557442653,218.55401557442653,218.55401557442653,448,,,,,
v6p1i9_0028,test_iid,k,6,silicon_die_lower,290.81801852900577,290.81801852900577,290.81801852900577,528,,,,,
v6p1i9_0028,test_iid,k,7,silicon_die_upper,211.41768359896986,211.41768359896986,211.41768359896986,720,,,,,
v6p1i9_0028,test_iid,q,0,silicon_die_upper,,,,384,1.4060831414338866,0.2359203311167776,1.721191406249997e-10,116.59424742822803,8169243329.522284
v6p1i9_0028,test_iid,q,1,silicon_die_lower,,,,336,0.8601808380045225,0.144325852534856,1.5380859374999987e-10,95.44062757227243,5592540813.438931
v6p1i9_0028,test_iid,q,2,silicon_die_lower,,,,392,1.4607986365297727,0.2451007965813419,1.79443359375e-10,114.88938021763232,8140722741.804013
v6p1i9_0028,test_iid,q,3,silicon_die_upper,,,,288,0.8732984354479708,0.14652679488394,1.2908935546874988e-10,92.83584632489604,6765069298.524618
v6p1i9_0028,test_iid,q,4,silicon_die_lower,,,,384,1.3596303354130432,0.22812622488308437,1.7578124999999992e-10,142.05180980409597,7734785908.127539
v6p1i9_0029,train,k,0,silicon_die_upper,23.144463155540798,23.144463155540798,23.144463155540798,528,,,,,
v6p1i9_0029,train,k,1,silicon_die_lower,45.885045283343274,45.885045283343274,45.885045283343274,504,,,,,
v6p1i9_0029,train,k,2,silicon_die_upper,38.86803235930777,38.86803235930777,38.86803235930777,704,,,,,
v6p1i9_0029,train,q,0,silicon_die_lower,,,,384,0.4922453287500656,0.06748155981725122,1.7578124999999982e-10,46.09555349652705,2800328981.3337092
v6p1i9_0029,train,q,1,silicon_die_upper,,,,504,0.7133461001297471,0.09779210632336953,2.2590637207031234e-10,49.86887253264411,3157706857.0147343
v6p1i9_0029,train,q,2,silicon_die_lower,,,,384,0.721135738144293,0.09885998222372208,1.7578124999999987e-10,74.62673372657046,4102461088.109759
v6p1i9_0029,train,q,3,silicon_die_lower,,,,512,1.2765532433192779,0.17500177049459592,2.3437499999999993e-10,73.8176228018178,5446627171.495587
v6p1i9_0029,train,q,4,silicon_die_lower,,,,504,0.7545244593840661,0.10343721812209926,2.3071289062499996e-10,49.818295804544306,3270404429.2456455
v6p1i9_0029,train,q,5,silicon_die_lower,,,,576,0.9643678697156454,0.13220450105905202,2.6367187499999996e-10,61.90730222970622,3657454439.2178555
v6p1i9_0029,train,q,6,silicon_die_upper,,,,240,0.28220274546446905,0.038686972402580774,1.0757446289062493e-10,41.653216065953785,2623324698.8311286
v6p1i9_0029,train,q,7,silicon_die_lower,,,,512,0.5662466214192192,0.07762634406637293,2.3437499999999993e-10,39.71857259335671,2415985584.722003
v6p1i9_0029,train,q,8,silicon_die_lower,,,,384,0.8295696408762158,0.1137251083428519,1.7578124999999997e-10,75.2466468697537,4719329512.540251
v6p1i9_0029,train,q,9,silicon_die_upper,,,,280,0.6943244151846157,0.09518443714810443,1.2550354003906224e-10,73.53756948161443,5532309407.117212
v6p1i9_0030,train,k,0,silicon_die_lower,215.61913285043696,215.61913285043696,215.61913285043696,320,,,,,
v6p1i9_0030,train,k,1,silicon_die_lower,45.9988780955718,45.9988780955718,45.9988780955718,616,,,,,
v6p1i9_0030,train,k,2,silicon_die_lower,88.16130176924234,88.16130176924234,88.16130176924234,432,,,,,
v6p1i9_0030,train,k,3,silicon_die_upper,83.47376825131181,83.47376825131181,83.47376825131181,720,,,,,
v6p1i9_0030,train,q,0,silicon_die_lower,,,,448,1.6037177561272202,0.19309133396957534,2.0507812499999995e-10,113.01113363245399,7820033248.925114
v6p1i9_0030,train,q,1,silicon_die_lower,,,,320,1.4297435668833,0.1721444384519335,1.4648437499999992e-10,131.34267854996125,9760382749.923334
v6p1i9_0030,train,q,2,silicon_die_upper,,,,576,3.9995438539586727,0.4815543477523442,2.5817871093749985e-10,221.45345912390403,15491377423.938282
v6p1i9_0030,train,q,3,silicon_die_upper,,,,336,1.2724828175355845,0.15320987982614712,1.5060424804687488e-10,126.99080127596399,8449182768.99819
v6p1i9_0031,valid_iid,k,0,silicon_die_lower,29.875260233561917,29.875260233561917,29.875260233561917,480,,,,,
v6p1i9_0031,valid_iid,k,1,silicon_die_lower,272.4750303789817,272.4750303789817,272.4750303789817,448,,,,,
v6p1i9_0031,valid_iid,k,2,silicon_die_upper,339.31041007039545,339.31041007039545,339.31041007039545,528,,,,,
v6p1i9_0031,valid_iid,k,3,silicon_die_upper,43.56058516531318,43.56058516531318,43.56058516531318,616,,,,,
v6p1i9_0031,valid_iid,q,0,silicon_die_upper,,,,336,1.2582623456612314,0.13583976595071198,1.5060424804687488e-10,115.49476656768222,8354759988.374319
v6p1i9_0031,valid_iid,q,1,silicon_die_upper,,,,504,0.9915749456869578,0.10704866835534393,2.2590637207031226e-10,73.39577389300581,4389318179.030093
v6p1i9_0031,valid_iid,q,2,silicon_die_lower,,,,336,1.2230051764834233,0.13203346464501625,1.5380859374999997e-10,136.73325229467295,7951474925.200163
v6p1i9_0031,valid_iid,q,3,silicon_die_lower,,,,392,1.629500949362139,0.17591802563359188,1.7944335937500014e-10,119.05905701522099,9080865154.540565
v6p1i9_0031,valid_iid,q,4,silicon_die_upper,,,,336,1.1354612994826565,0.1225823833159054,1.5060424804687493e-10,119.85161309963111,7539370995.227499
v6p1i9_0031,valid_iid,q,5,silicon_die_lower,,,,448,1.5399042741723317,0.1662453278613721,2.0507812499999995e-10,104.57849001139303,7508866555.964133
v6p1i9_0031,valid_iid,q,6,silicon_die_lower,,,,448,1.4851334239252858,0.16033236423805844,2.05078125e-10,114.04688050070543,7241793457.6166315
v6p1i9_0032,train,k,0,silicon_die_lower,342.80803084626626,342.80803084626626,342.80803084626626,704,,,,,
v6p1i9_0032,train,k,1,silicon_die_upper,354.30140608283074,354.30140608283074,354.30140608283074,576,,,,,
v6p1i9_0032,train,k,2,silicon_die_upper,120.60996962490765,120.60996962490765,120.60996962490765,384,,,,,
v6p1i9_0032,train,k,3,silicon_die_lower,201.5693766746526,201.5693766746526,201.5693766746526,336,,,,,
v6p1i9_0032,train,k,4,silicon_die_lower,22.231056527923535,22.231056527923535,22.231056527923535,616,,,,,
v6p1i9_0032,train,k,5,silicon_die_upper,91.15468262753433,91.15468262753433,91.15468262753433,880,,,,,
v6p1i9_0032,train,k,6,silicon_die_upper,101.538139290603,101.538139290603,101.538139290603,384,,,,,
v6p1i9_0032,train,q,0,silicon_die_upper,,,,240,0.8591477809075474,0.11505306850898774,1.0757446289062491e-10,105.72809346755615,7986540279.369798
v6p1i9_0032,train,q,1,silicon_die_upper,,,,512,1.9344599212352196,0.25905386103734457,2.2949218749999987e-10,125.75522099881432,8429306209.978153
v6p1i9_0032,train,q,2,silicon_die_upper,,,,336,1.892694204897436,0.25346079086953016,1.5060424804687477e-10,178.18929486414135,12567336110.654362
v6p1i9_0032,train,q,3,silicon_die_lower,,,,288,1.6101364386562114,0.2156219711000632,1.3183593749999998e-10,180.0160511916378,12213183060.621931
v6p1i9_0032,train,q,4,silicon_die_upper,,,,240,1.1709659751230022,0.15681030848407432,1.07574462890625e-10,160.95659753213732,10885166829.171782
v6p1i9_0033,train,k,0,silicon_die_upper,111.1917166070781,111.1917166070781,111.1917166070781,288,,,,,
v6p1i9_0033,train,k,1,silicon_die_lower,32.9551455030845,32.9551455030845,32.9551455030845,968,,,,,
v6p1i9_0033,train,q,0,silicon_die_lower,,,,512,0.8510495732415894,0.09834124726408096,2.34375e-10,49.228264629147716,3631144845.8307815
v6p1i9_0033,train,q,1,silicon_die_lower,,,,336,0.5806105443336125,0.06709123287256016,1.5380859374999997e-10,54.313707447722564,3774890142.2071066
v6p1i9_0033,train,q,2,silicon_die_lower,,,,512,1.0748270810999923,0.12419938752331584,2.343750000000002e-10,74.62121019981087,4585928879.359963
v6p1i9_0033,train,q,3,silicon_die_upper,,,,512,1.227089906651244,0.1417937987626393,2.2949218749999997e-10,72.3679360879576,5346978997.493081
v6p1i9_0033,train,q,4,silicon_die_lower,,,,576,1.2177960953307008,0.1407198719012251,2.6367187499999996e-10,70.69513691953921,4618604450.439399
v6p1i9_0033,train,q,5,silicon_die_lower,,,,432,0.8610276572485127,0.09949424381962715,1.9775390624999992e-10,63.732298667117234,4354036153.197419
v6p1i9_0033,train,q,6,silicon_die_lower,,,,504,0.8628061128160611,0.09969974952013565,2.3071289062499996e-10,65.61855400593484,3739739511.211203
v6p1i9_0033,train,q,7,silicon_die_upper,,,,448,0.8567463154082293,0.09899952234889817,2.0080566406249978e-10,59.25110733173203,4266544568.890105
v6p1i9_0033,train,q,8,silicon_die_lower,,,,392,0.5516573197228961,0.06374560376932265,1.79443359375e-10,45.06238097043351,3074269906.9183435
v6p1i9_0033,train,q,9,silicon_die_lower,,,,504,0.570434333766659,0.06591534221819514,2.3071289062499994e-10,42.49042872840405,2472485747.2044826
v6p1i9_0034,train,k,0,silicon_die_lower,78.65023867503001,78.65023867503001,78.65023867503001,648,,,,,
v6p1i9_0034,train,k,1,silicon_die_upper,180.55360307692754,180.55360307692754,180.55360307692754,640,,,,,
v6p1i9_0034,train,k,2,silicon_die_lower,34.01940245135121,34.01940245135121,34.01940245135121,616,,,,,
v6p1i9_0034,train,k,3,silicon_die_lower,125.88437348892445,125.88437348892445,125.88437348892445,480,,,,,
v6p1i9_0034,train,k,4,silicon_die_upper,197.07336738520726,197.07336738520726,197.07336738520726,504,,,,,
v6p1i9_0034,train,k,5,silicon_die_upper,259.82510881891835,259.82510881891835,259.82510881891835,504,,,,,
v6p1i9_0034,train,k,6,silicon_die_lower,63.371264338028304,63.371264338028304,63.371264338028304,576,,,,,
v6p1i9_0034,train,k,7,silicon_die_lower,284.43955813097347,284.43955813097347,284.43955813097347,968,,,,,
v6p1i9_0034,train,q,0,silicon_die_lower,,,,384,1.5169793201122694,0.34654089221222006,1.7578124999999987e-10,123.78976929382081,8629926798.860916
v6p1i9_0034,train,q,1,silicon_die_upper,,,,360,1.1027312355510535,0.2519094763993646,1.6136169433593734e-10,94.31194100619228,6833909622.040086
v6p1i9_0034,train,q,2,silicon_die_lower,,,,432,1.097392547857771,0.25068989906436473,1.9775390625e-10,90.35884311985609,5549283797.56226
v6p1i9_0034,train,q,3,silicon_die_lower,,,,336,0.6603869826511264,0.15085973232405062,1.5380859374999987e-10,75.92124172300646,4293563620.5381207
v6p1i9_0035,test_iid,k,0,silicon_die_lower,63.931580650347634,63.931580650347634,63.931580650347634,880,,,,,
v6p1i9_0035,test_iid,k,1,silicon_die_lower,60.573297202619344,60.573297202619344,60.573297202619344,400,,,,,
v6p1i9_0035,test_iid,k,2,silicon_die_lower,76.81705494723012,76.81705494723012,76.81705494723012,528,,,,,
v6p1i9_0035,test_iid,k,3,silicon_die_lower,63.81342209483421,63.81342209483421,63.81342209483421,504,,,,,
v6p1i9_0035,test_iid,k,4,silicon_die_lower,22.619485250764367,22.619485250764367,22.619485250764367,384,,,,,
v6p1i9_0035,test_iid,k,5,silicon_die_upper,170.28529565372781,170.28529565372781,170.28529565372781,968,,,,,
v6p1i9_0035,test_iid,q,0,silicon_die_upper,,,,384,0.9619064362233336,0.14804608909416178,1.721191406249999e-10,85.69309027569601,5588608174.142945
v6p1i9_0035,test_iid,q,1,silicon_die_lower,,,,384,0.791885008766075,0.12187825566528793,1.7578125e-10,70.57440349216964,4504945827.647005
v6p1i9_0035,test_iid,q,2,silicon_die_upper,,,,384,0.8890190796223152,0.13682806654764568,1.7211914062499985e-10,85.52535991501014,5165137801.6071005
v6p1i9_0035,test_iid,q,3,silicon_die_upper,,,,448,0.8782953065459249,0.13517758100715363,2.0080566406249984e-10,69.31427970738845,4373857234.786761
v6p1i9_0035,test_iid,q,4,silicon_die_upper,,,,512,1.073805704198843,0.16526839718195943,2.2949218749999984e-10,79.79750277286122,4679051238.721769
v6p1i9_0035,test_iid,q,5,silicon_die_lower,,,,288,0.7280261463769186,0.11204979992916075,1.3183593749999982e-10,86.34046829783384,5522213139.925672
v6p1i9_0035,test_iid,q,6,silicon_die_upper,,,,432,1.1744067743672313,0.1807518105746309,1.9363403320312488e-10,89.35000851723112,6065084504.722689
v6p1i9_0036,train,k,0,silicon_die_lower,73.25292941520549,73.25292941520549,73.25292941520549,504,,,,,
v6p1i9_0036,train,k,1,silicon_die_lower,248.97595350423134,248.97595350423134,248.97595350423134,640,,,,,
v6p1i9_0036,train,k,2,silicon_die_upper,88.7651030816663,88.7651030816663,88.7651030816663,704,,,,,
v6p1i9_0036,train,k,3,silicon_die_lower,321.39500493950885,321.39500493950885,321.39500493950885,880,,,,,
v6p1i9_0036,train,k,4,silicon_die_lower,23.11727225627892,23.11727225627892,23.11727225627892,648,,,,,
v6p1i9_0036,train,k,5,silicon_die_lower,307.05060165485463,307.05060165485463,307.05060165485463,448,,,,,
v6p1i9_0036,train,k,6,silicon_die_lower,92.09346502183656,92.09346502183656,92.09346502183656,432,,,,,
v6p1i9_0036,train,k,7,silicon_die_upper,308.5941115549911,308.5941115549911,308.5941115549911,616,,,,,
v6p1i9_0036,train,q,0,silicon_die_lower,,,,280,0.8081917879694972,0.07216860702393432,1.2817382812499996e-10,88.06362212995691,6305435359.091546
v6p1i9_0036,train,q,1,silicon_die_upper,,,,504,1.934137685141548,0.17271150809370828,2.2590637207031226e-10,131.8675756271114,8561678306.885283
v6p1i9_0036,train,q,2,silicon_die_lower,,,,320,1.1423687003114233,0.10200939806174977,1.4648437500000007e-10,110.59250244072447,7798570327.459313
v6p1i9_0036,train,q,3,silicon_die_lower,,,,448,1.1886275638307846,0.10614014746108491,2.0507812499999995e-10,89.84760593259436,5795974406.489161
v6p1i9_0036,train,q,4,silicon_die_lower,,,,576,1.7483740903572826,0.15612349016170105,2.6367187499999985e-10,107.78657738516515,6630870624.169846
v6p1i9_0036,train,q,5,silicon_die_upper,,,,648,1.9479553692037672,0.1739453773632446,2.9045104980468734e-10,114.16453725947044,6706656321.310122
v6p1i9_0036,train,q,6,silicon_die_upper,,,,336,0.7176297141723128,0.06408174099481771,1.5060424804687498e-10,77.29972674915494,4765003135.5619755
v6p1i9_0036,train,q,7,silicon_die_lower,,,,336,0.9592199026235816,0.0856548720643404,1.5380859374999997e-10,105.89306564564004,6236451938.327287
v6p1i9_0036,train,q,8,silicon_die_upper,,,,320,0.7521565060057517,0.06716485877541892,1.4343261718749992e-10,71.40168655623275,5243971146.5524435
v6p1i9_0037,train,k,0,silicon_die_upper,253.29558202906438,253.29558202906438,253.29558202906438,448,,,,,
v6p1i9_0037,train,k,1,silicon_die_upper,63.93529296685377,63.93529296685377,63.93529296685377,880,,,,,
v6p1i9_0037,train,k,2,silicon_die_lower,36.30455306740019,36.30455306740019,36.30455306740019,640,,,,,
v6p1i9_0037,train,k,3,silicon_die_upper,181.26557438411163,181.26557438411163,181.26557438411163,384,,,,,
v6p1i9_0037,train,k,4,silicon_die_upper,342.2192601233978,342.2192601233978,342.2192601233978,720,,,,,
v6p1i9_0037,train,k,5,silicon_die_upper,83.43247311230677,83.43247311230677,83.43247311230677,432,,,,,
v6p1i9_0037,train,q,0,silicon_die_upper,,,,392,0.6743031709890861,0.14358747115394715,1.757049560546873e-10,53.74957895226495,3837701486.2302036
v6p1i9_0037,train,q,1,silicon_die_lower,,,,336,0.557299918396011,0.11867256361764834,1.5380859374999982e-10,62.40930627959978,3623334072.6191487
v6p1i9_0037,train,q,2,silicon_die_upper,,,,384,0.8984205107857604,0.19131146749219838,1.721191406249998e-10,71.84322692346697,5219759449.898551
v6p1i9_0037,train,q,3,silicon_die_upper,,,,432,1.0231951472285123,0.217881229109496,1.9363403320312483e-10,79.40028900259941,5284169989.658617
v6p1i9_0037,train,q,4,silicon_die_lower,,,,288,0.7680833730364829,0.16355721567782375,1.3183593749999998e-10,84.57338199776163,5826054622.143397
v6p1i9_0037,train,q,5,silicon_die_upper,,,,392,0.7748121405788336,0.1649900529488864,1.7570495605468738e-10,76.67644155138426,4409734124.617845
v6p1i9_0038,train,k,0,silicon_die_lower,308.46765501393025,308.46765501393025,308.46765501393025,504,,,,,
v6p1i9_0038,train,k,1,silicon_die_lower,32.896417692454975,32.896417692454975,32.896417692454975,640,,,,,
v6p1i9_0038,train,k,2,silicon_die_upper,334.08902965736036,334.08902965736036,334.08902965736036,480,,,,,
v6p1i9_0038,train,q,0,silicon_die_lower,,,,576,0.6854036688288556,0.14689886918050196,2.6367187499999996e-10,38.09428720206069,2599456877.336105
v6p1i9_0038,train,q,1,silicon_die_upper,,,,336,0.4111140116164775,0.08811184730585406,1.5060424804687493e-10,38.890221644817004,2729763714.8224397
v6p1i9_0038,train,q,2,silicon_die_upper,,,,240,0.28104825431784847,0.06023555551575993,1.0757446289062494e-10,34.39120445360762,2612592680.138231
v6p1i9_0038,train,q,3,silicon_die_lower,,,,432,0.8246251903584898,0.17673746650408717,1.9775390624999994e-10,64.1746423550678,4169956518.158488
v6p1i9_0038,train,q,4,silicon_die_upper,,,,504,0.5891789315328106,0.12627554056579995,2.2590637207031237e-10,38.30834888727485,2608066900.1644244
v6p1i9_0038,train,q,5,silicon_die_lower,,,,320,0.4168451921649756,0.08934018030133134,1.4648437499999994e-10,41.6924756105947,2845663178.5129013
v6p1i9_0038,train,q,6,silicon_die_lower,,,,504,0.6923671338837963,0.1483913110635409,2.3071289062499996e-10,43.81271027681694,3000990243.7968574
v6p1i9_0038,train,q,7,silicon_die_lower,,,,384,0.7652375289984898,0.16400922956312478,1.7578124999999995e-10,70.08057872750283,4353351276.080299
v6p1i9_0039,test_iid,k,0,silicon_die_upper,63.46033371263167,63.46033371263167,63.46033371263167,448,,,,,
v6p1i9_0039,test_iid,k,1,silicon_die_upper,22.37232463818955,22.37232463818955,22.37232463818955,432,,,,,
v6p1i9_0039,test_iid,k,2,silicon_die_upper,140.65833208818302,140.65833208818302,140.65833208818302,288,,,,,
v6p1i9_0039,test_iid,k,3,silicon_die_upper,30.331521883605753,30.331521883605753,30.331521883605753,384,,,,,
v6p1i9_0039,test_iid,k,4,silicon_die_upper,67.04733924127957,67.04733924127957,67.04733924127957,480,,,,,
v6p1i9_0039,test_iid,k,5,silicon_die_upper,184.33741676162785,184.33741676162785,184.33741676162785,336,,,,,
v6p1i9_0039,test_iid,k,6,silicon_die_lower,178.00009333732666,178.00009333732666,178.00009333732666,792,,,,,
v6p1i9_0039,test_iid,k,7,silicon_die_lower,20.96907918004448,20.96907918004448,20.96907918004448,480,,,,,
v6p1i9_0039,test_iid,q,0,silicon_die_upper,,,,280,2.553900343376957,0.188621774178849,1.2550354003906235e-10,278.25321870415513,20349229532.346806
v6p1i9_0039,test_iid,q,1,silicon_die_lower,,,,504,6.050616829073061,0.44687651346139823,2.3071289062499976e-10,428.3576168670791,26225742361.78125
v6p1i9_0039,test_iid,q,2,silicon_die_upper,,,,576,4.93527882668727,0.36450171235975265,2.581787109374998e-10,276.4890077458795,19115746642.185413
v6p1i9_0040,train,k,0,silicon_die_lower,204.390787696567,204.390787696567,204.390787696567,336,,,,,
v6p1i9_0040,train,k,1,silicon_die_lower,52.05754077545514,52.05754077545514,52.05754077545514,720,,,,,
v6p1i9_0040,train,k,2,silicon_die_upper,363.71430849696037,363.71430849696037,363.71430849696037,384,,,,,
v6p1i9_0040,train,k,3,silicon_die_upper,40.6049594161245,40.6049594161245,40.6049594161245,800,,,,,
v6p1i9_0040,train,k,4,silicon_die_lower,53.359026236103595,53.359026236103595,53.359026236103595,288,,,,,
v6p1i9_0040,train,k,5,silicon_die_lower,21.008431229728256,21.008431229728256,21.008431229728256,880,,,,,
v6p1i9_0040,train,k,6,silicon_die_upper,38.53994662781147,38.53994662781147,38.53994662781147,560,,,,,
v6p1i9_0040,train,q,0,silicon_die_lower,,,,392,1.110961455524482,0.1558916708996762,1.79443359375e-10,77.10839093470105,6191153907.249358
v6p1i9_0040,train,q,1,silicon_die_lower,,,,336,1.2219892399706853,0.17147124546325682,1.5380859374999997e-10,105.61989473928539,7944869725.269727
v6p1i9_0040,train,q,2,silicon_die_upper,,,,432,1.1189852588952545,0.15701758225170387,1.9363403320312475e-10,88.39029464113017,5778866660.910913
v6p1i9_0040,train,q,3,silicon_die_lower,,,,336,0.8463575684225901,0.11876208203613692,1.5380859374999997e-10,85.66389667307998,5502667619.458619
v6p1i9_0040,train,q,4,silicon_die_upper,,,,336,0.8323142173165416,0.11679149929623513,1.5060424804687488e-10,79.23995651230302,5526498940.836567
v6p1i9_0040,train,q,5,silicon_die_lower,,,,288,0.5241262883201114,0.07354613649498216,1.318359374999999e-10,61.79893439275823,3975594957.3318114
v6p1i9_0040,train,q,6,silicon_die_lower,,,,280,0.7319160558144922,0.10270348834501708,1.2817382812499996e-10,70.69788879867396,5710339361.173639
v6p1i9_0040,train,q,7,silicon_die_upper,,,,240,0.7398464701248145,0.10381629521299182,1.075744628906249e-10,89.91587187050726,6877528832.070907
v6p1i9_0041,train,k,0,silicon_die_upper,95.0897865472022,95.0897865472022,95.0897865472022,720,,,,,
v6p1i9_0041,train,k,1,silicon_die_upper,284.1692957369806,284.1692957369806,284.1692957369806,384,,,,,
v6p1i9_0041,train,k,2,silicon_die_lower,293.2740915116788,293.2740915116788,293.2740915116788,720,,,,,
v6p1i9_0041,train,k,3,silicon_die_upper,75.86148830127266,75.86148830127266,75.86148830127266,288,,,,,
v6p1i9_0041,train,k,4,silicon_die_lower,21.644532325834245,21.644532325834245,21.644532325834245,480,,,,,
v6p1i9_0041,train,k,5,silicon_die_upper,139.226829867038,139.226829867038,139.226829867038,968,,,,,
v6p1i9_0041,train,k,6,silicon_die_upper,30.096879868437785,30.096879868437785,30.096879868437785,384,,,,,
v6p1i9_0041,train,q,0,silicon_die_upper,,,,392,1.943325375712591,0.29469014065856614,1.7570495605468736e-10,206.4567564897029,11060162555.162872
v6p1i9_0041,train,q,1,silicon_die_upper,,,,392,2.7846977768797965,0.42227770491567446,1.7570495605468736e-10,235.88662218631296,15848715024.367737
v6p1i9_0041,train,q,2,silicon_die_lower,,,,320,1.8664471319230571,0.28303215442575946,1.4648437499999994e-10,169.8460504873628,12741612420.594742
v6p1i9_0042,train,k,0,silicon_die_upper,43.199301611423564,43.199301611423564,43.199301611423564,576,,,,,
v6p1i9_0042,train,k,1,silicon_die_upper,283.5821122670478,283.5821122670478,283.5821122670478,720,,,,,
v6p1i9_0042,train,k,2,silicon_die_lower,86.22674299732103,86.22674299732103,86.22674299732103,560,,,,,
v6p1i9_0042,train,q,0,silicon_die_lower,,,,448,0.3754484867819815,0.07769629553085766,2.0507812499999985e-10,27.18838121877216,1830758335.5464256
v6p1i9_0042,train,q,1,silicon_die_upper,,,,512,0.759892860302977,0.15725422348065865,2.2949218749999972e-10,42.907202000325675,3311192718.9372315
v6p1i9_0042,train,q,2,silicon_die_lower,,,,576,0.6656411336454396,0.13774952372425767,2.6367187499999985e-10,42.23514128956355,2524505632.788632
v6p1i9_0042,train,q,3,silicon_die_lower,,,,504,0.6945825325433104,0.14373873279290725,2.3071289062499996e-10,50.42056219720946,3010592648.991957
v6p1i9_0042,train,q,4,silicon_die_upper,,,,392,0.5464965301455327,0.11309342668207911,1.757049560546873e-10,40.77558535411294,3110307998.2299323
v6p1i9_0042,train,q,5,silicon_die_lower,,,,504,0.5831744443608382,0.12068365054142478,2.3071289062499988e-10,42.67577569779476,2527706374.7111053
v6p1i9_0042,train,q,6,silicon_die_upper,,,,432,0.4056122705587302,0.083938468135506,1.936340332031246e-10,35.33268622221587,2094736466.772025
v6p1i9_0042,train,q,7,silicon_die_lower,,,,448,0.41068988428794595,0.08498924285104181,2.0507812499999985e-10,29.66615691975975,2002602102.4326522
v6p1i9_0042,train,q,8,silicon_die_upper,,,,392,0.390719099713316,0.08085643626126703,1.7570495605468738e-10,32.73150444120388,2223722702.458697
v6p1i9_0043,test_iid,k,0,silicon_die_upper,31.832644935838875,31.832644935838875,31.832644935838875,480,,,,,
v6p1i9_0043,test_iid,k,1,silicon_die_upper,354.3594732641758,354.3594732641758,354.3594732641758,800,,,,,
v6p1i9_0043,test_iid,k,2,silicon_die_upper,75.35711052274041,75.35711052274041,75.35711052274041,280,,,,,
v6p1i9_0043,test_iid,k,3,silicon_die_lower,324.12679974902164,324.12679974902164,324.12679974902164,704,,,,,
v6p1i9_0043,test_iid,q,0,silicon_die_upper,,,,384,1.4520988041368637,0.20109258610991929,1.7211914062499977e-10,140.1128047914062,8436591066.3043995
v6p1i9_0043,test_iid,q,1,silicon_die_lower,,,,288,1.0471398541295989,0.14501221313989718,1.3183593749999995e-10,126.58854973558415,7942749708.360812
v6p1i9_0043,test_iid,q,2,silicon_die_lower,,,,200,0.8716547449435593,0.12071031692631404,9.155273437499983e-11,116.34961011407384,9520794227.436869
v6p1i9_0043,test_iid,q,3,silicon_die_upper,,,,448,1.1956471735713814,0.16557811460453692,2.008056640624996e-10,103.023838462717,5954250240.666733
v6p1i9_0043,test_iid,q,4,silicon_die_upper,,,,384,1.5792882605725285,0.218706302647456,1.721191406249999e-10,130.7748845079326,9175552787.66678
v6p1i9_0043,test_iid,q,5,silicon_die_lower,,,,384,1.075217110820068,0.1489004665718767,1.7578125e-10,86.98195834926021,6116790674.887499
v6p1i9_0044,train,k,0,silicon_die_lower,327.4462422828831,327.4462422828831,327.4462422828831,336,,,,,
v6p1i9_0044,train,k,1,silicon_die_lower,26.26081162947388,26.26081162947388,26.26081162947388,720,,,,,
v6p1i9_0044,train,k,2,silicon_die_lower,338.90160261835814,338.90160261835814,338.90160261835814,560,,,,,
v6p1i9_0044,train,k,3,silicon_die_upper,96.80193996288162,96.80193996288162,96.80193996288162,768,,,,,
v6p1i9_0044,train,k,4,silicon_die_upper,126.32852496954753,126.32852496954753,126.32852496954753,704,,,,,
v6p1i9_0044,train,k,5,silicon_die_lower,26.337937140583442,26.337937140583442,26.337937140583442,576,,,,,
v6p1i9_0044,train,k,6,silicon_die_lower,34.728085955118324,34.728085955118324,34.728085955118324,480,,,,,
v6p1i9_0044,train,q,0,silicon_die_upper,,,,384,2.63537777963175,0.23887818000840474,1.7211914062499964e-10,206.38467827174804,15311357993.434992
v6p1i9_0044,train,q,1,silicon_die_lower,,,,504,3.6799394526822065,0.3335602378497265,2.307128906249998e-10,259.3652754964828,15950298410.779186
v6p1i9_0044,train,q,2,silicon_die_lower,,,,392,1.9651831591442388,0.17812982262646965,1.7944335937499988e-10,145.72894498096247,10951551319.53035
v6p1i9_0044,train,q,3,silicon_die_lower,,,,512,2.7518081247027446,0.24943175951539906,2.3437499999999993e-10,182.51389796064518,11741047998.731714
v6p1i9_0045,valid_iid,k,0,silicon_die_upper,225.68750579578608,225.68750579578608,225.68750579578608,792,,,,,
v6p1i9_0045,valid_iid,k,1,silicon_die_lower,101.57090516343544,101.57090516343544,101.57090516343544,704,,,,,
v6p1i9_0045,valid_iid,k,2,silicon_die_lower,44.81752155501217,44.81752155501217,44.81752155501217,528,,,,,
v6p1i9_0045,valid_iid,k,3,silicon_die_upper,283.52643125819174,283.52643125819174,283.52643125819174,560,,,,,
v6p1i9_0045,valid_iid,q,0,silicon_die_lower,,,,504,0.6731987628596631,0.21793841605492736,2.3071289062500014e-10,48.718459233765316,2917907018.701776
v6p1i9_0045,valid_iid,q,1,silicon_die_upper,,,,320,0.2884015801083964,0.0933658631361223,1.4343261718749987e-10,29.679610584405186,2010711271.7004132
v6p1i9_0045,valid_iid,q,2,silicon_die_upper,,,,240,0.3845302981497454,0.12448615286798215,1.0757446289062477e-10,42.72623036452165,3574550016.956279
v6p1i9_0045,valid_iid,q,3,silicon_die_upper,,,,336,0.3189878507426582,0.10326772829514659,1.5060424804687488e-10,35.25814616337607,2118053473.7863083
v6p1i9_0045,valid_iid,q,4,silicon_die_upper,,,,360,0.34620977411800213,0.11208043442251632,1.6136169433593742e-10,29.97736573094482,2145551182.6569645
v6p1i9_0045,valid_iid,q,5,silicon_die_upper,,,,448,0.6960440895950166,0.22533426197391065,2.0080566406249973e-10,51.89760564340459,3466257253.4725738
v6p1i9_0045,valid_iid,q,6,silicon_die_upper,,,,240,0.38156797466180686,0.12352714324939464,1.07574462890625e-10,49.4300452187541,3547012593.962578
v6p1i9_0046,train,k,0,silicon_die_upper,217.25525308574967,217.25525308574967,217.25525308574967,432,,,,,
v6p1i9_0046,train,k,1,silicon_die_upper,342.40777694747044,342.40777694747044,342.40777694747044,576,,,,,
v6p1i9_0046,train,k,2,silicon_die_upper,112.60840784330728,112.60840784330728,112.60840784330728,448,,,,,
v6p1i9_0046,train,k,3,silicon_die_upper,264.79352741675876,264.79352741675876,264.79352741675876,336,,,,,
v6p1i9_0046,train,k,4,silicon_die_upper,24.512426516835266,24.512426516835266,24.512426516835266,720,,,,,
v6p1i9_0046,train,k,5,silicon_die_lower,26.971157671157428,26.971157671157428,26.971157671157428,640,,,,,
v6p1i9_0046,train,q,0,silicon_die_upper,,,,336,0.8117151312150396,0.11038416023731021,1.506042480468749e-10,92.54536179655167,5389722678.754698
v6p1i9_0046,train,q,1,silicon_die_upper,,,,512,1.3496227532338014,0.18353356802635815,2.2949218749999982e-10,87.07166572187762,5880909358.771974
v6p1i9_0046,train,q,2,silicon_die_upper,,,,432,1.3607545122481342,0.1850473624888587,1.9363403320312483e-10,107.44860457619147,7027455296.666178
v6p1i9_0046,train,q,3,silicon_die_upper,,,,648,2.0298892136219586,0.2760421822924894,2.9045104980468745e-10,109.85868718148907,6988748069.552336
v6p1i9_0046,train,q,4,silicon_die_lower,,,,448,1.8015655786071572,0.24499272695498364,2.0507812499999995e-10,133.30128630245602,8784776916.636806
v6p1i9_0047,train,k,0,silicon_die_lower,20.193253813951426,20.193253813951426,20.193253813951426,360,,,,,
v6p1i9_0047,train,k,1,silicon_die_lower,223.7262016939159,223.7262016939159,223.7262016939159,528,,,,,
v6p1i9_0047,train,k,2,silicon_die_lower,342.5987117192687,342.5987117192687,342.5987117192687,648,,,,,
v6p1i9_0047,train,k,3,silicon_die_upper,259.367340268912,259.367340268912,259.367340268912,640,,,,,
v6p1i9_0047,train,q,0,silicon_die_lower,,,,448,1.582277392387549,0.12356471822863256,2.050781249999999e-10,124.22847037308858,7715485951.451672
v6p1i9_0047,train,q,1,silicon_die_lower,,,,240,1.3103782271873987,0.10233130877957182,1.0986328124999994e-10,168.07245213001406,11927353819.021307
v6p1i9_0047,train,q,2,silicon_die_lower,,,,448,1.3160488522675031,0.1027741446524563,2.05078125e-10,103.90852974680618,6417304879.628205
v6p1i9_0047,train,q,3,silicon_die_upper,,,,336,0.8468770961924014,0.06613513551337276,1.5060424804687485e-10,97.1202950424488,5623195276.197089
v6p1i9_0047,train,q,4,silicon_die_lower,,,,336,1.3509026059289526,0.10549597729135197,1.5380859374999985e-10,118.55406307612658,8783011228.388882
v6p1i9_0047,train,q,5,silicon_die_lower,,,,504,1.5557669545404997,0.12149443978159906,2.3071289062499994e-10,104.55014355501736,6743303117.246443
v6p1i9_0047,train,q,6,silicon_die_upper,,,,392,1.0367846214103622,0.08096557545768988,1.7570495605468725e-10,98.16873119273974,5900713586.51755
v6p1i9_0047,train,q,7,silicon_die_lower,,,,336,0.9480412469580064,0.07403534305241163,1.5380859374999997e-10,92.0645109185293,6163772932.603167
v6p1i9_0047,train,q,8,silicon_die_lower,,,,448,1.4852288076619327,0.11598590740582634,2.0507812499999987e-10,104.83420805251986,7242258566.884857
v6p1i9_0047,train,q,9,silicon_die_upper,,,,504,1.3729464962058953,0.10721744983708759,2.2590637207031226e-10,96.16910313806679,6077502301.610918
v6p1i9_0048,train,k,0,silicon_die_lower,313.41381965786,313.41381965786,313.41381965786,640,,,,,
v6p1i9_0048,train,k,1,silicon_die_lower,44.31058443877047,44.31058443877047,44.31058443877047,880,,,,,
v6p1i9_0048,train,k,2,silicon_die_upper,169.60623813171517,169.60623813171517,169.60623813171517,640,,,,,
v6p1i9_0048,train,k,3,silicon_die_upper,79.3726210282283,79.3726210282283,79.3726210282283,384,,,,,
v6p1i9_0048,train,k,4,silicon_die_lower,20.047522802645023,20.047522802645023,20.047522802645023,720,,,,,
v6p1i9_0048,train,q,0,silicon_die_upper,,,,504,1.2885726142520413,0.14381727590887664,2.2590637207031231e-10,77.25330854207081,5704011810.038626
v6p1i9_0048,train,q,1,silicon_die_upper,,,,240,0.5830067208749765,0.06506923824504453,1.0757446289062498e-10,64.01078423107826,5419564320.462762
v6p1i9_0048,train,q,2,silicon_die_upper,,,,448,0.7568086216381128,0.08446722609538236,2.0080566406249986e-10,60.79823236402763,3768860929.1546655
v6p1i9_0048,train,q,3,silicon_die_lower,,,,288,0.5200395055585353,0.05804148266633797,1.3183593749999995e-10,68.20233950457481,3944595953.273632
v6p1i9_0048,train,q,4,silicon_die_lower,,,,336,0.8883692439895295,0.09915067514139507,1.5380859374999997e-10,102.13110862169096,5775810195.843038
v6p1i9_0048,train,q,5,silicon_die_upper,,,,240,0.7050740792140713,0.07869314640478096,1.0757446289062494e-10,93.87980966249397,6554288631.967858
v6p1i9_0048,train,q,6,silicon_die_upper,,,,384,1.2456226874663299,0.13902364503197634,1.7211914062499985e-10,110.94918115033794,7236979472.144811
v6p1i9_0048,train,q,7,silicon_die_lower,,,,504,1.1755209773031003,0.13119961021956392,2.3071289062500001e-10,79.99209295213413,5095168172.522221
v6p1i9_0048,train,q,8,silicon_die_upper,,,,576,1.7967757147491734,0.20053770028664222,2.5817871093749975e-10,96.25755172533621,6959426314.527302
v6p1i9_0049,train,k,0,silicon_die_upper,194.74091145964047,194.74091145964047,194.74091145964047,800,,,,,
v6p1i9_0049,train,k,1,silicon_die_lower,34.82766344075907,34.82766344075907,34.82766344075907,864,,,,,
v6p1i9_0049,train,k,2,silicon_die_lower,51.77709634364461,51.77709634364461,51.77709634364461,448,,,,,
v6p1i9_0049,train,k,3,silicon_die_upper,223.33228824944044,223.33228824944044,223.33228824944044,616,,,,,
v6p1i9_0049,train,k,4,silicon_die_upper,70.5843657801066,70.5843657801066,70.5843657801066,864,,,,,
v6p1i9_0049,train,k,5,silicon_die_lower,36.36014789286674,36.36014789286674,36.36014789286674,720,,,,,
v6p1i9_0049,train,k,6,silicon_die_lower,60.730490823007365,60.730490823007365,60.730490823007365,448,,,,,
v6p1i9_0049,train,k,7,silicon_die_lower,66.88602368296863,66.88602368296863,66.88602368296863,448,,,,,
v6p1i9_0049,train,q,0,silicon_die_lower,,,,240,0.6429424176595967,0.1005363378967533,1.0986328124999996e-10,89.35335181308375,5852204761.630465
v6p1i9_0049,train,q,1,silicon_die_lower,,,,576,1.0169904590388792,0.15902589970637146,2.6367187500000027e-10,62.422841697535176,3857030481.68819
v6p1i9_0049,train,q,2,silicon_die_lower,,,,432,1.172166709158088,0.1832906728602804,1.9775390625e-10,91.70125777868124,5927401037.915468
v6p1i9_0049,train,q,3,silicon_die_upper,,,,448,0.9851793910283602,0.1540516311023432,2.0080566406249978e-10,69.81101267930254,4906133477.996556
v6p1i9_0049,train,q,4,silicon_die_lower,,,,512,1.4250863176903854,0.22283948862620512,2.3437500000000003e-10,95.44800045427155,6080368288.81231
v6p1i9_0049,train,q,5,silicon_die_lower,,,,512,1.152759404713739,0.18025596980804648,2.343749999999998e-10,79.45033758588224,4918440126.778624
v6p1i9_0050,train,k,0,silicon_die_lower,286.5155936332879,286.5155936332879,286.5155936332879,336,,,,,
v6p1i9_0050,train,k,1,silicon_die_lower,20.211910705499886,20.211910705499886,20.211910705499886,288,,,,,
v6p1i9_0050,train,k,2,silicon_die_upper,154.35000694359593,154.35000694359593,154.35000694359593,384,,,,,
v6p1i9_0050,train,q,0,silicon_die_lower,,,,384,0.9422258329272133,0.12186933984138237,1.7578125000000007e-10,79.48103243396935,5360218071.7637
v6p1i9_0050,train,q,1,silicon_die_lower,,,,280,0.801820366374296,0.10370902102931351,1.2817382812499996e-10,82.13128384408813,6255726134.607842
v6p1i9_0050,train,q,2,silicon_die_lower,,,,336,0.6005659070179349,0.07767837397552091,1.5380859374999997e-10,65.16927507555712,3904631674.8340664
v6p1i9_0050,train,q,3,silicon_die_lower,,,,336,1.040606340564786,0.1345940679267959,1.5380859375e-10,94.44485462924675,6765592969.767244
v6p1i9_0050,train,q,4,silicon_die_lower,,,,288,0.8558691735760072,0.11069979990917418,1.3183593750000003e-10,103.60707086398028,6491926175.865417
v6p1i9_0050,train,q,5,silicon_die_upper,,,,448,1.2211160065022557,0.15794154265527457,2.0080566406249978e-10,95.21236798931909,6081083480.405161
v6p1i9_0050,train,q,6,silicon_die_upper,,,,576,1.555504678938943,0.20119203031563934,2.5817871093749965e-10,87.94934308828456,6024914576.769664
v6p1i9_0050,train,q,7,silicon_die_upper,,,,288,0.7137345176467708,0.09231582434689921,1.2908935546874988e-10,101.41825864789959,5528995904.077874
v6p1i9_0051,valid_iid,k,0,silicon_die_lower,31.66492129455334,31.66492129455334,31.66492129455334,704,,,,,
v6p1i9_0051,valid_iid,k,1,silicon_die_lower,293.251491159179,293.251491159179,293.251491159179,1056,,,,,
v6p1i9_0051,valid_iid,k,2,silicon_die_lower,67.7492717407447,67.7492717407447,67.7492717407447,512,,,,,
v6p1i9_0051,valid_iid,k,3,silicon_die_lower,24.16792730096149,24.16792730096149,24.16792730096149,720,,,,,
v6p1i9_0051,valid_iid,k,4,silicon_die_upper,112.4158055557268,112.4158055557268,112.4158055557268,720,,,,,
v6p1i9_0051,valid_iid,k,5,silicon_die_upper,21.81936176329154,21.81936176329154,21.81936176329154,448,,,,,
v6p1i9_0051,valid_iid,k,6,silicon_die_upper,47.897305423475395,47.897305423475395,47.897305423475395,792,,,,,
v6p1i9_0051,valid_iid,k,7,silicon_die_upper,36.43511611419117,36.43511611419117,36.43511611419117,704,,,,,
v6p1i9_0051,valid_iid,q,0,silicon_die_upper,,,,448,2.685709419075975,0.3460547953670383,2.0080566406249989e-10,199.85666000426716,13374669641.988085
v6p1i9_0051,valid_iid,q,1,silicon_die_upper,,,,448,2.7194100633051637,0.35039713763967395,2.0080566406249978e-10,197.4768476140624,13542496801.57807
v6p1i9_0051,valid_iid,q,2,silicon_die_lower,,,,448,2.355817383780227,0.3035480669932878,2.0507812499999987e-10,162.79658202228504,11487414290.433115
v6p1i9_0052,train,k,0,silicon_die_upper,22.979522055721972,22.979522055721972,22.979522055721972,720,,,,,
v6p1i9_0052,train,k,1,silicon_die_upper,56.06313947913338,56.06313947913338,56.06313947913338,648,,,,,
v6p1i9_0052,train,k,2,silicon_die_upper,278.5360451931514,278.5360451931514,278.5360451931514,576,,,,,
v6p1i9_0052,train,k,3,silicon_die_lower,79.19304327079442,79.19304327079442,79.19304327079442,528,,,,,
v6p1i9_0052,train,q,0,silicon_die_lower,,,,432,4.506717690711832,0.3201680514618781,1.9775390624999994e-10,312.9273975436491,22789525507.59959
v6p1i9_0052,train,q,1,silicon_die_upper,,,,288,2.2224383935188747,0.157887362550685,1.2908935546874975e-10,268.92244438506356,17216279262.133957
v6p1i9_0052,train,q,2,silicon_die_lower,,,,240,1.5136813178524104,0.10753555721270545,1.0986328124999988e-10,201.1659948268246,13777863728.718845
v6p1i9_0052,train,q,3,silicon_die_lower,,,,320,3.006930171635793,0.213619543092015,1.46484375e-10,267.21291215066344,20527309971.700348
v6p1i9_0052,train,q,4,silicon_die_upper,,,,392,2.826332993262364,0.2007894856827165,1.7570495605468738e-10,197.43080963817243,16085675991.875156
v6p1i9_0053,train,k,0,silicon_die_upper,23.13564760012348,23.13564760012348,23.13564760012348,648,,,,,
v6p1i9_0053,train,k,1,silicon_die_lower,304.34890773199936,304.34890773199936,304.34890773199936,504,,,,,
v6p1i9_0053,train,k,2,silicon_die_upper,68.02029662269348,68.02029662269348,68.02029662269348,800,,,,,
v6p1i9_0053,train,k,3,silicon_die_lower,47.63431428040847,47.63431428040847,47.63431428040847,432,,,,,
v6p1i9_0053,train,k,4,silicon_die_upper,81.77591873126859,81.77591873126859,81.77591873126859,432,,,,,
v6p1i9_0053,train,k,5,silicon_die_upper,26.166725184949577,26.166725184949577,26.166725184949577,512,,,,,
v6p1i9_0053,train,q,0,silicon_die_lower,,,,392,0.7298673368418461,0.13601126731464785,1.7944335937499983e-10,60.142572478892035,4067396750.617965
v6p1i9_0053,train,q,1,silicon_die_lower,,,,576,0.5794310741446397,0.10797736895160877,2.6367187499999996e-10,35.112354723454125,2197545999.7189302
v6p1i9_0053,train,q,2,silicon_die_lower,,,,576,0.598589866653719,0.11154762277424683,2.63671875e-10,37.85214669809754,2270207494.2718825
v6p1i9_0053,train,q,3,silicon_die_upper,,,,448,0.5145011656748112,0.09587763699782895,2.0080566406249989e-10,41.91415448902985,2562184528.3939548
v6p1i9_0053,train,q,4,silicon_die_lower,,,,392,0.4301695957630249,0.08016239243301934,1.7944335937499983e-10,40.083381223426564,2397244441.1501384
v6p1i9_0053,train,q,5,silicon_die_upper,,,,280,0.5407180986348059,0.10076318002325237,1.255035400390625e-10,58.0362759326928,4308389217.280321
v6p1i9_0053,train,q,6,silicon_die_lower,,,,512,0.5740373926012813,0.10697225278162352,2.34375e-10,40.264590064693046,2449226208.4321337
v6p1i9_0053,train,q,7,silicon_die_lower,,,,384,0.4925030785289175,0.09177827871697003,1.7578124999999997e-10,40.413254305269675,2801795291.1867313
v6p1i9_0053,train,q,8,silicon_die_lower,,,,280,0.4428525221616453,0.08252586426640618,1.28173828125e-10,56.20001621111511,3455093201.474475
v6p1i9_0053,train,q,9,silicon_die_lower,,,,504,0.4635568827718534,0.08638413574039609,2.3071289062499996e-10,31.867876979882002,2009237028.3952508
v6p1i9_0054,train,k,0,silicon_die_lower,225.30812411178343,225.30812411178343,225.30812411178343,448,,,,,
v6p1i9_0054,train,k,1,silicon_die_upper,188.2038175137888,188.2038175137888,188.2038175137888,1056,,,,,
v6p1i9_0054,train,k,2,silicon_die_lower,127.92794457174523,127.92794457174523,127.92794457174523,640,,,,,
v6p1i9_0054,train,k,3,silicon_die_upper,23.44759841119292,23.44759841119292,23.44759841119292,720,,,,,
v6p1i9_0054,train,k,4,silicon_die_lower,94.49844711463874,94.49844711463874,94.49844711463874,512,,,,,
v6p1i9_0054,train,k,5,silicon_die_upper,21.789990801496707,21.789990801496707,21.789990801496707,792,,,,,
v6p1i9_0054,train,q,0,silicon_die_lower,,,,288,0.4961980793317646,0.13456122068182455,1.3183593749999985e-10,65.66814608148027,3763754320.264648
v6p1i9_0054,train,q,1,silicon_die_upper,,,,448,0.796522147573859,0.2160044485097336,2.0080566406249976e-10,61.38082738457157,3966631874.118578
v6p1i9_0054,train,q,2,silicon_die_lower,,,,384,0.8358381771328885,0.22666634574430247,1.7578124999999992e-10,59.462484627749326,4754990518.800435
v6p1i9_0054,train,q,3,silicon_die_lower,,,,576,1.5589681865907827,0.4227679850641395,2.636718749999998e-10,87.85437814534363,5912531196.551714
v6p1i9_0055,train,k,0,silicon_die_upper,239.46311858245198,239.46311858245198,239.46311858245198,704,,,,,
v6p1i9_0055,train,k,1,silicon_die_lower,259.1901910100931,259.1901910100931,259.1901910100931,880,,,,,
v6p1i9_0055,train,k,2,silicon_die_lower,204.21447895935532,204.21447895935532,204.21447895935532,432,,,,,
v6p1i9_0055,train,k,3,silicon_die_lower,98.62519260157285,98.62519260157285,98.62519260157285,336,,,,,
v6p1i9_0055,train,q,0,silicon_die_upper,,,,504,1.088565913363899,0.15344272847409607,2.2590637207031231e-10,74.62638725899549,4818659621.628945
v6p1i9_0055,train,q,1,silicon_die_lower,,,,432,0.7885455611484211,0.11115227929087532,1.9775390624999997e-10,63.80559652506876,3987509405.511029
v6p1i9_0055,train,q,2,silicon_die_upper,,,,360,0.9644930789434074,0.1359535952858601,1.6136169433593734e-10,86.00090383688837,5977212143.889854
v6p1i9_0055,train,q,3,silicon_die_upper,,,,240,0.4168054415400328,0.05875231201674883,1.0757446289062495e-10,50.360959798957346,3874576087.484766
v6p1i9_0055,train,q,4,silicon_die_upper,,,,512,1.7485374766561863,0.24647139687502376,2.294921874999997e-10,101.55363868042014,7619159047.216754
v6p1i9_0055,train,q,5,silicon_die_lower,,,,384,0.9289295876362508,0.13094061529701242,1.7578125000000018e-10,76.98558889610918,5284577209.663999
v6p1i9_0055,train,q,6,silicon_die_lower,,,,448,1.1584044631344752,0.1632870727603835,2.0507812499999995e-10,93.22827428280516,5648600810.712871
v6p1i9_0056,train,k,0,silicon_die_upper,318.34504609942553,318.34504609942553,318.34504609942553,792,,,,,
v6p1i9_0056,train,k,1,silicon_die_upper,43.71734036559481,43.71734036559481,43.71734036559481,560,,,,,
v6p1i9_0056,train,k,2,silicon_die_lower,20.37179218809726,20.37179218809726,20.37179218809726,288,,,,,
v6p1i9_0056,train,k,3,silicon_die_upper,103.67533796734526,103.67533796734526,103.67533796734526,576,,,,,
v6p1i9_0056,train,k,4,silicon_die_lower,44.22209151727027,44.22209151727027,44.22209151727027,880,,,,,
v6p1i9_0056,train,k,5,silicon_die_upper,33.53606601895257,33.53606601895257,33.53606601895257,528,,,,,
v6p1i9_0056,train,k,6,silicon_die_upper,44.473847078859244,44.473847078859244,44.473847078859244,560,,,,,
v6p1i9_0056,train,q,0,silicon_die_lower,,,,336,1.587681481646485,0.22910170930954965,1.5380859375000013e-10,161.8885762551949,10322449760.038092
v6p1i9_0056,train,q,1,silicon_die_lower,,,,432,1.7424994308170307,0.25144186833816556,1.9775390624999986e-10,130.20734379271505,8811453911.884645
v6p1i9_0056,train,q,2,silicon_die_upper,,,,648,2.497221985474817,0.3603479866782601,2.9045104980468714e-10,134.1210156286495,8597737853.431984
v6p1i9_0056,train,q,3,silicon_die_lower,,,,432,1.1026260679359332,0.15910843567402466,1.9775390625000012e-10,93.46390493130686,5575748610.204419
v6p1i9_0057,train,k,0,silicon_die_lower,38.96906341383746,38.96906341383746,38.96906341383746,448,,,,,
v6p1i9_0057,train,k,1,silicon_die_upper,85.3156427833331,85.3156427833331,85.3156427833331,640,,,,,
v6p1i9_0057,train,k,2,silicon_die_lower,157.20554232095225,157.20554232095225,157.20554232095225,448,,,,,
v6p1i9_0057,train,k,3,silicon_die_lower,245.0140820590284,245.0140820590284,245.0140820590284,384,,,,,
v6p1i9_0057,train,k,4,silicon_die_lower,28.992088375835873,28.992088375835873,28.992088375835873,528,,,,,
v6p1i9_0057,train,k,5,silicon_die_lower,247.67369161349183,247.67369161349183,247.67369161349183,448,,,,,
v6p1i9_0057,train,k,6,silicon_die_upper,38.24303099743942,38.24303099743942,38.24303099743942,504,,,,,
v6p1i9_0057,train,q,0,silicon_die_upper,,,,448,1.1880662451766897,0.21724074467846477,2.0080566406249978e-10,75.55160728819894,5916497678.107874
v6p1i9_0057,train,q,1,silicon_die_upper,,,,280,0.5358746590643908,0.09798595866357063,1.2550354003906235e-10,59.07856760245317,4269797161.877685
v6p1i9_0057,train,q,2,silicon_die_lower,,,,336,0.571616626308998,0.10452146256498565,1.5380859374999997e-10,66.34231170337783,3716415398.986756
v6p1i9_0057,train,q,3,silicon_die_upper,,,,336,0.6775209592629214,0.12388632226787606,1.5060424804687488e-10,60.18398875453798,4498684253.926531
v6p1i9_0057,train,q,4,silicon_die_lower,,,,512,1.5761352656894412,0.28820009003912245,2.34375e-10,93.3435653295938,6724843800.27495
v6p1i9_0057,train,q,5,silicon_die_upper,,,,336,0.5133858123357371,0.09387381943722131,1.5060424804687488e-10,45.98794393370552,3408840182.090668
v6p1i9_0057,train,q,6,silicon_die_upper,,,,240,0.40629277524014856,0.07429160234875912,1.0757446289062485e-10,53.70838573998933,3776851534.487718
v6p1i9_0058,train,k,0,silicon_die_upper,357.361769287473,357.361769287473,357.361769287473,336,,,,,
v6p1i9_0058,train,k,1,silicon_die_lower,121.25312935583455,121.25312935583455,121.25312935583455,640,,,,,
v6p1i9_0058,train,k,2,silicon_die_lower,112.7434398761063,112.7434398761063,112.7434398761063,640,,,,,
v6p1i9_0058,train,k,3,silicon_die_lower,89.59973319834752,89.59973319834752,89.59973319834752,448,,,,,
v6p1i9_0058,train,q,0,silicon_die_lower,,,,320,1.913601451118034,0.24651585360252576,1.4648437499999994e-10,188.34853645629326,13063519239.63245
v6p1i9_0058,train,q,1,silicon_die_lower,,,,336,1.6661378692184183,0.21463685597118487,1.5380859374999992e-10,172.89971702235275,10832540813.204199
v6p1i9_0058,train,q,2,silicon_die_lower,,,,448,1.761604863004589,0.22693519920786823,2.0507812499999995e-10,148.93729284206958,8589920855.793808
v6p1i9_0058,train,q,3,silicon_die_upper,,,,392,1.139306586192543,0.146768876793097,1.7570495605468736e-10,94.35541761539976,6484202903.40552
v6p1i9_0058,train,q,4,silicon_die_upper,,,,384,1.2819390321083965,0.1651432144253242,1.7211914062499995e-10,105.9479676650031,7447974858.887935
v6p1i9_0059,train,k,0,silicon_die_lower,45.75023082946759,45.75023082946759,45.75023082946759,792,,,,,
v6p1i9_0059,train,k,1,silicon_die_upper,128.44640040137884,128.44640040137884,128.44640040137884,800,,,,,
v6p1i9_0059,train,q,0,silicon_die_upper,,,,432,1.0429557120934667,0.09562391868650663,1.9363403320312483e-10,83.59722357605807,5386221083.353624
v6p1i9_0059,train,q,1,silicon_die_upper,,,,512,1.7355848359988277,0.1591279680495318,2.294921874999997e-10,117.14637653157406,7562718604.522562
v6p1i9_0059,train,q,2,silicon_die_upper,,,,320,0.8134682614401845,0.07458324642555778,1.4343261718749992e-10,85.02316837266463,5671431487.41957
v6p1i9_0059,train,q,3,silicon_die_upper,,,,280,0.8413968011669632,0.07714388862819335,1.2550354003906237e-10,93.62213915203232,6704167873.711631
v6p1i9_0059,train,q,4,silicon_die_lower,,,,320,0.9940822877635186,0.09114293421145418,1.464843749999999e-10,96.35174967740011,6786268417.798959
v6p1i9_0059,train,q,5,silicon_die_upper,,,,336,0.863275739362058,0.0791498700736714,1.5060424804687488e-10,100.91369739088711,5732080937.672936
v6p1i9_0059,train,q,6,silicon_die_lower,,,,512,0.7892139193988459,0.07235947488448219,2.343749999999999e-10,59.67607739517359,3367312722.7684107
v6p1i9_0059,train,q,7,silicon_die_upper,,,,336,0.9289077391440398,0.0851673729624447,1.5060424804687485e-10,103.27767853222457,6167872096.509003
v6p1i9_0059,train,q,8,silicon_die_lower,,,,320,1.3471234391746212,0.12351168962846326,1.4648437500000005e-10,123.79214646071358,9196362678.098745
v6p1i9_0059,train,q,9,silicon_die_upper,,,,504,1.5508409984941198,0.14218963644969468,2.2590637207031231e-10,108.03737747062193,6864972352.40194
v6p1i9_0060,train,k,0,silicon_die_upper,27.308722426294224,27.308722426294224,27.308722426294224,432,,,,,
v6p1i9_0060,train,k,1,silicon_die_upper,128.0873935043743,128.0873935043743,128.0873935043743,800,,,,,
v6p1i9_0060,train,k,2,silicon_die_upper,49.09413720096538,49.09413720096538,49.09413720096538,672,,,,,
v6p1i9_0060,train,k,3,silicon_die_upper,237.4721356699605,237.4721356699605,237.4721356699605,616,,,,,
v6p1i9_0060,train,k,4,silicon_die_upper,356.7311740576195,356.7311740576195,356.7311740576195,392,,,,,
v6p1i9_0060,train,k,5,silicon_die_upper,113.00057086069106,113.00057086069106,113.00057086069106,384,,,,,
v6p1i9_0060,train,k,6,silicon_die_upper,92.55109354101639,92.55109354101639,92.55109354101639,576,,,,,
v6p1i9_0060,train,k,7,silicon_die_lower,54.55179421828802,54.55179421828802,54.55179421828802,448,,,,,
v6p1i9_0060,train,q,0,silicon_die_upper,,,,432,1.1548907912176853,0.11996250396050148,1.9363403320312477e-10,102.16379133024328,5964296524.2901745
v6p1i9_0060,train,q,1,silicon_die_lower,,,,360,1.4158206463886849,0.14706619118564623,1.6479492187499992e-10,121.01216328845658,8591409433.493416
v6p1i9_0060,train,q,2,silicon_die_lower,,,,336,0.6450703948027267,0.06700569472004578,1.5380859375000013e-10,65.29465744016375,4193981487.4793115
v6p1i9_0060,train,q,3,silicon_die_lower,,,,448,1.2920138665637297,0.13420595242711533,2.050781249999999e-10,79.77326797617812,6300105711.244095
v6p1i9_0060,train,q,4,silicon_die_upper,,,,384,1.2705709975368722,0.13197860740010484,1.7211914062499995e-10,115.64349197621652,7381927384.270965
v6p1i9_0060,train,q,5,silicon_die_upper,,,,576,1.8549258218393587,0.19267756565468833,2.5817871093749965e-10,122.70027107991262,7184658313.242576
v6p1i9_0060,train,q,6,silicon_die_upper,,,,504,1.3867002396602837,0.14404135374296134,2.2590637207031234e-10,93.50279911950376,6138384796.107829
v6p1i9_0060,train,q,7,silicon_die_lower,,,,288,0.6071053192193697,0.0630621309089367,1.3183593750000003e-10,71.71497825335818,4605006273.189885
v6p1i9_0061,train,k,0,silicon_die_lower,30.139799255315697,30.139799255315697,30.139799255315697,616,,,,,
v6p1i9_0061,train,k,1,silicon_die_upper,49.531238869471494,49.531238869471494,49.531238869471494,384,,,,,
v6p1i9_0061,train,k,2,silicon_die_upper,348.83414642030453,348.83414642030453,348.83414642030453,560,,,,,
v6p1i9_0061,train,k,3,silicon_die_upper,51.81404288557433,51.81404288557433,51.81404288557433,800,,,,,
v6p1i9_0061,train,k,4,silicon_die_upper,44.7268186246837,44.7268186246837,44.7268186246837,576,,,,,
v6p1i9_0061,train,q,0,silicon_die_lower,,,,336,1.6791647209806198,0.28600544205639766,1.5380859374999997e-10,165.59920775537094,10917236027.200983
v6p1i9_0061,train,q,1,silicon_die_upper,,,,360,2.2711248524485197,0.38683165461603736,1.6136169433593744e-10,188.27278215772722,14074745941.377422
v6p1i9_0061,train,q,2,silicon_die_upper,,,,384,1.9208040285223362,0.32716290332756504,1.7211914062499995e-10,165.8600798560491,11159735178.47871
v6p1i9_0062,train,k,0,silicon_die_lower,215.6966411827841,215.6966411827841,215.6966411827841,448,,,,,
v6p1i9_0062,train,k,1,silicon_die_upper,38.6708214717738,38.6708214717738,38.6708214717738,576,,,,,
v6p1i9_0062,train,q,0,silicon_die_upper,,,,504,0.3137398511735621,0.10869053268394753,2.2590637207031231e-10,21.28399348162313,1388804788.011522
v6p1i9_0062,train,q,1,silicon_die_lower,,,,336,0.2548651159525566,0.08829425115050141,1.5380859374999997e-10,25.70681014832227,1657027801.4947176
v6p1i9_0062,train,q,2,silicon_die_upper,,,,512,0.31788016092550375,0.11012488178155747,2.294921874999998e-10,20.854271534088852,1385145892.7136858
v6p1i9_0062,train,q,3,silicon_die_lower,,,,504,0.5082453423065479,0.17607408425420001,2.3071289062500001e-10,31.249660830670788,2202934309.087429
v6p1i9_0062,train,q,4,silicon_die_upper,,,,336,0.3269716851748466,0.11327450593632717,1.5060424804687488e-10,28.306940792871583,2171065487.296734
v6p1i9_0062,train,q,5,silicon_die_upper,,,,336,0.2492977771302097,0.0863655289305812,1.5060424804687488e-10,21.932495689565012,1655317033.6378355
v6p1i9_0062,train,q,6,silicon_die_lower,,,,448,0.3002475356045212,0.10401631944373117,2.05078125e-10,22.888769161022314,1464064173.6144273
v6p1i9_0062,train,q,7,silicon_die_upper,,,,504,0.2724516050153557,0.09438683026382103,2.2590637207031234e-10,18.530624637497773,1206037716.0612202
v6p1i9_0062,train,q,8,silicon_die_upper,,,,384,0.3428435116710159,0.11877306555533294,1.7211914062499985e-10,34.71833444946838,1991896487.6659324
v6p1i9_0063,train,k,0,silicon_die_lower,29.379783263128466,29.379783263128466,29.379783263128466,880,,,,,
v6p1i9_0063,train,k,1,silicon_die_upper,59.64034001393982,59.64034001393982,59.64034001393982,448,,,,,
v6p1i9_0063,train,k,2,silicon_die_lower,75.92080819423624,75.92080819423624,75.92080819423624,800,,,,,
v6p1i9_0063,train,k,3,silicon_die_lower,20.4851877854656,20.4851877854656,20.4851877854656,360,,,,,
v6p1i9_0063,train,k,4,silicon_die_upper,102.3134529359351,102.3134529359351,102.3134529359351,880,,,,,
v6p1i9_0063,train,k,5,silicon_die_lower,26.366278475042193,26.366278475042193,26.366278475042193,336,,,,,
v6p1i9_0063,train,k,6,silicon_die_lower,124.04675360232618,124.04675360232618,124.04675360232618,336,,,,,
v6p1i9_0063,train,k,7,silicon_die_upper,347.20302656107833,347.20302656107833,347.20302656107833,616,,,,,
v6p1i9_0063,train,q,0,silicon_die_lower,,,,392,2.1367390130567085,0.20626079598966776,1.7944335937500004e-10,184.67542173544092,11907595914.939152
v6p1i9_0063,train,q,1,silicon_die_upper,,,,512,1.622188831331651,0.1565909348551475,2.2949218749999982e-10,117.89228712283298,7068601545.887711
v6p1i9_0063,train,q,2,silicon_die_lower,,,,392,1.897338996082632,0.18315135784149905,1.79443359375e-10,166.21193992324518,10573470106.060492
v6p1i9_0063,train,q,3,silicon_die_upper,,,,288,1.5006875196260512,0.14486233481880761,1.2908935546874977e-10,181.16608575411294,11625184076.384523
v6p1i9_0063,train,q,4,silicon_die_upper,,,,320,1.6681664366176674,0.16102918276752407,1.4343261718749992e-10,170.09519151232158,11630314424.486757
v6p1i9_0063,train,q,5,silicon_die_lower,,,,432,1.5342836785969467,0.14810539372735407,1.9775390625000002e-10,124.72911382907901,7758550552.509992
v6p1i9_0064,valid_iid,k,0,silicon_die_upper,43.729933619322615,43.729933619322615,43.729933619322615,704,,,,,
v6p1i9_0064,valid_iid,k,1,silicon_die_upper,79.02904824877403,79.02904824877403,79.02904824877403,448,,,,,
v6p1i9_0064,valid_iid,k,2,silicon_die_upper,35.329315684009764,35.329315684009764,35.329315684009764,504,,,,,
v6p1i9_0064,valid_iid,k,3,silicon_die_upper,63.871416151838446,63.871416151838446,63.871416151838446,288,,,,,
v6p1i9_0064,valid_iid,k,4,silicon_die_lower,68.83538229929677,68.83538229929677,68.83538229929677,336,,,,,
v6p1i9_0064,valid_iid,k,5,silicon_die_upper,30.231072983992373,30.231072983992373,30.231072983992373,448,,,,,
v6p1i9_0064,valid_iid,k,6,silicon_die_upper,212.52449166145124,212.52449166145124,212.52449166145124,504,,,,,
v6p1i9_0064,valid_iid,k,7,silicon_die_upper,258.10774932916576,258.10774932916576,258.10774932916576,560,,,,,
v6p1i9_0064,valid_iid,q,0,silicon_die_lower,,,,448,0.9193687370428526,0.2752229886888311,2.0507812499999985e-10,74.14338418622829,4483017079.675628
v6p1i9_0064,valid_iid,q,1,silicon_die_lower,,,,576,0.8965702785051006,0.26839802320605766,2.6367187499999996e-10,54.64580147651265,3400325796.997123
v6p1i9_0064,valid_iid,q,2,silicon_die_upper,,,,504,1.524511364061494,0.4563789881051111,2.2590637207031226e-10,109.9912887367348,6748421260.056344
v6p1i9_0065,train,k,0,silicon_die_upper,140.03696561635766,140.03696561635766,140.03696561635766,448,,,,,
v6p1i9_0065,train,k,1,silicon_die_lower,21.439706393984387,21.439706393984387,21.439706393984387,968,,,,,
v6p1i9_0065,train,k,2,silicon_die_upper,30.311365893894163,30.311365893894163,30.311365893894163,392,,,,,
v6p1i9_0065,train,k,3,silicon_die_upper,21.717456127540565,21.717456127540565,21.717456127540565,336,,,,,
v6p1i9_0065,train,k,4,silicon_die_upper,107.50663813506623,107.50663813506623,107.50663813506623,288,,,,,
v6p1i9_0065,train,k,5,silicon_die_upper,106.20541084627654,106.20541084627654,106.20541084627654,768,,,,,
v6p1i9_0065,train,k,6,silicon_die_lower,166.27936628328496,166.27936628328496,166.27936628328496,504,,,,,
v6p1i9_0065,train,q,0,silicon_die_upper,,,,384,1.2748343088486092,0.11460293856859115,1.7211914062499964e-10,118.4368348130635,7406696920.629665
v6p1i9_0065,train,q,1,silicon_die_upper,,,,288,0.9279313808408324,0.08341763497910264,1.2908935546874988e-10,120.5959887350455,7188287349.265348
v6p1i9_0065,train,q,2,silicon_die_lower,,,,392,1.8360710989865563,0.16505607191789967,1.7944335937499994e-10,143.9724441862024,10232037035.98495
v6p1i9_0065,train,q,3,silicon_die_lower,,,,336,1.0763765624375714,0.09676231350654153,1.5380859374999997e-10,108.0805748115123,6998156190.070307
v6p1i9_0065,train,q,4,silicon_die_lower,,,,280,1.413037951542093,0.12702694023188316,1.2817382812499976e-10,144.76220839049316,11024387522.888426
v6p1i9_0065,train,q,5,silicon_die_lower,,,,384,1.1205323227334623,0.1007317547504078,1.7578124999999997e-10,92.56702204854462,6374583880.439253
v6p1i9_0065,train,q,6,silicon_die_lower,,,,432,1.2043251893679892,0.10826442678531395,1.9775390624999976e-10,108.73156345389441,6090019723.026283
v6p1i9_0065,train,q,7,silicon_die_upper,,,,512,2.2708145747431177,0.20413791926026015,2.2949218749999977e-10,150.48023583090483,9894953721.433851
v6p1i9_0066,valid_iid,k,0,silicon_die_upper,34.93140000993769,34.93140000993769,34.93140000993769,448,,,,,
v6p1i9_0066,valid_iid,k,1,silicon_die_upper,58.37999592508316,58.37999592508316,58.37999592508316,528,,,,,
v6p1i9_0066,valid_iid,k,2,silicon_die_upper,187.41040212131242,187.41040212131242,187.41040212131242,576,,,,,
v6p1i9_0066,valid_iid,k,3,silicon_die_lower,20.79536869854329,20.79536869854329,20.79536869854329,528,,,,,
v6p1i9_0066,valid_iid,q,0,silicon_die_lower,,,,280,1.0115339641269776,0.09769349536218798,1.2817382812500004e-10,128.141377337447,7891891651.550665
v6p1i9_0066,valid_iid,q,1,silicon_die_lower,,,,336,2.459165147639535,0.23750506405696864,1.5380859374999997e-10,210.48561878827246,15988476896.399263
v6p1i9_0066,valid_iid,q,2,silicon_die_upper,,,,448,1.6637181702322477,0.16068115269648925,2.0080566406249986e-10,114.00961775733083,8285215349.87391
v6p1i9_0066,valid_iid,q,3,silicon_die_upper,,,,384,2.13585110404004,0.20627953912249145,1.7211914062499985e-10,181.24789096346478,12409143435.670937
v6p1i9_0066,valid_iid,q,4,silicon_die_lower,,,,280,1.2166579515739653,0.1175042778242688,1.2817382812500004e-10,134.01699183878398,9492249465.99421
v6p1i9_0066,valid_iid,q,5,silicon_die_upper,,,,504,1.8672324564484537,0.18033647093759395,2.2590637207031237e-10,121.06495527056835,8265514776.481319
v6p1i9_0067,train,k,0,silicon_die_lower,99.66415852171082,99.66415852171082,99.66415852171082,800,,,,,
v6p1i9_0067,train,k,1,silicon_die_lower,141.89398470105027,141.89398470105027,141.89398470105027,384,,,,,
v6p1i9_0067,train,k,2,silicon_die_lower,20.614973931089416,20.614973931089416,20.614973931089416,576,,,,,
v6p1i9_0067,train,k,3,silicon_die_lower,35.126050597483335,35.126050597483335,35.126050597483335,480,,,,,
v6p1i9_0067,train,k,4,silicon_die_upper,183.0058058416498,183.0058058416498,183.0058058416498,640,,,,,
v6p1i9_0067,train,q,0,silicon_die_upper,,,,576,0.9515386035805765,0.20154249858323037,2.581787109374998e-10,52.794062096135676,3685581201.197205
v6p1i9_0067,train,q,1,silicon_die_upper,,,,448,0.6880415334933042,0.14573198529988524,2.0080566406249989e-10,52.53897130369331,3426405010.5636177
v6p1i9_0067,train,q,2,silicon_die_lower,,,,288,0.23606751921685643,0.050000743509804546,1.3183593749999998e-10,29.50755064742185,1790615849.4671187
v6p1i9_0067,train,q,3,silicon_die_lower,,,,384,0.5046409475523806,0.10688646479964191,1.7578124999999997e-10,41.13685021803076,2870846279.409099
v6p1i9_0067,train,q,4,silicon_die_upper,,,,504,0.49995727839295456,0.10589443107512889,2.2590637207031237e-10,35.66000667004217,2213117203.428618
v6p1i9_0067,train,q,5,silicon_die_lower,,,,288,0.48694779391916115,0.10313893172254163,1.3183593749999998e-10,50.8683039854928,3693589192.3942304
v6p1i9_0067,train,q,6,silicon_die_lower,,,,448,0.3798671707739991,0.08045851050020103,2.05078125e-10,32.66919094865802,1852304680.3455956
v6p1i9_0067,train,q,7,silicon_die_lower,,,,432,0.6487698852608397,0.1374139768885929,1.9775390625000002e-10,52.268762732898864,3280693148.1832085
v6p1i9_0067,train,q,8,silicon_die_upper,,,,240,0.3254494457850099,0.06893245762097357,1.0757446289062489e-10,48.33780569095174,3025341117.583891
v6p1i9_0068,train,k,0,silicon_die_lower,192.95119719720836,192.95119719720836,192.95119719720836,480,,,,,
v6p1i9_0068,train,k,1,silicon_die_lower,59.71606800901097,59.71606800901097,59.71606800901097,640,,,,,
v6p1i9_0068,train,k,2,silicon_die_lower,43.624889045088715,43.624889045088715,43.624889045088715,480,,,,,
v6p1i9_0068,train,k,3,silicon_die_lower,25.215587330214188,25.215587330214188,25.215587330214188,432,,,,,
v6p1i9_0068,train,k,4,silicon_die_lower,38.843837692617356,38.843837692617356,38.843837692617356,528,,,,,
v6p1i9_0068,train,k,5,silicon_die_lower,237.5000815007224,237.5000815007224,237.5000815007224,336,,,,,
v6p1i9_0068,train,k,6,silicon_die_lower,44.644404110122785,44.644404110122785,44.644404110122785,504,,,,,
v6p1i9_0068,train,k,7,silicon_die_upper,37.40631278150425,37.40631278150425,37.40631278150425,392,,,,,
v6p1i9_0068,train,q,0,silicon_die_upper,,,,576,1.6049056654627172,0.20189561351236007,2.5817871093749985e-10,93.79856536759463,6216258728.827701
v6p1i9_0068,train,q,1,silicon_die_lower,,,,576,1.1715892814241804,0.14738482257737093,2.636718749999999e-10,70.64545136530059,4443360830.290227
v6p1i9_0068,train,q,2,silicon_die_upper,,,,512,1.3015694058122587,0.16373619918627452,2.2949218749999972e-10,91.86546791591687,5671519453.411721
v6p1i9_0068,train,q,3,silicon_die_upper,,,,336,1.1677013950406547,0.14689573015059457,1.5060424804687488e-10,116.9901725904183,7753442616.553638
v6p1i9_0068,train,q,4,silicon_die_lower,,,,576,1.0310179696216848,0.129701084617346,2.636718749999998e-10,63.43155061581424,3910231114.4170594
v6p1i9_0068,train,q,5,silicon_die_upper,,,,336,0.6592598191263884,0.08293426119110534,1.5060424804687488e-10,64.81982629811235,4377431763.55289
v6p1i9_0068,train,q,6,silicon_die_lower,,,,384,1.0131418744396536,0.12745228876494868,1.7578124999999992e-10,72.1907982714282,5763651552.36781
v6p1i9_0069,train,k,0,silicon_die_lower,354.0385334002234,354.0385334002234,354.0385334002234,288,,,,,
v6p1i9_0069,train,k,1,silicon_die_lower,38.39113488149447,38.39113488149447,38.39113488149447,800,,,,,
v6p1i9_0069,train,k,2,silicon_die_lower,69.44690980808831,69.44690980808831,69.44690980808831,560,,,,,
v6p1i9_0069,train,k,3,silicon_die_upper,185.2719088974026,185.2719088974026,185.2719088974026,792,,,,,
v6p1i9_0069,train,q,0,silicon_die_lower,,,,280,2.4224335581027967,0.23998153710613598,1.281738281249999e-10,254.41477635746003,18899595912.36012
v6p1i9_0069,train,q,1,silicon_die_upper,,,,288,2.4873348377913964,0.24641106695133164,1.2908935546874988e-10,257.44463234648566,19268318667.789257
v6p1i9_0069,train,q,2,silicon_die_lower,,,,280,2.447095199439824,0.24242467474176843,1.2817382812499996e-10,300.7781380768728,19092003689.34385
v6p1i9_0069,train,q,3,silicon_die_lower,,,,392,2.7373861011809004,0.27118272120076387,1.7944335937500001e-10,209.7580615538686,15254875469.98227
v6p1i9_0070,train,k,0,silicon_die_upper,26.053460330791665,26.053460330791665,26.053460330791665,880,,,,,
v6p1i9_0070,train,k,1,silicon_die_lower,251.44113295637075,251.44113295637075,251.44113295637075,880,,,,,
v6p1i9_0070,train,k,2,silicon_die_upper,22.687315932196963,22.687315932196963,22.687315932196963,720,,,,,
v6p1i9_0070,train,k,3,silicon_die_lower,60.57260921126823,60.57260921126823,60.57260921126823,576,,,,,
v6p1i9_0070,train,k,4,silicon_die_lower,71.8240548308419,71.8240548308419,71.8240548308419,560,,,,,
v6p1i9_0070,train,k,5,silicon_die_upper,72.09904076382861,72.09904076382861,72.09904076382861,800,,,,,
v6p1i9_0070,train,k,6,silicon_die_upper,30.192998997861388,30.192998997861388,30.192998997861388,480,,,,,
v6p1i9_0070,train,q,0,silicon_die_upper,,,,280,0.5711745926618077,0.09189527029114937,1.2550354003906235e-10,58.990789651632504,4551063599.353711
v6p1i9_0070,train,q,1,silicon_die_lower,,,,432,0.843773319632491,0.13575319747809375,1.9775390625000002e-10,62.26409733849579,4266784589.1539297
v6p1i9_0070,train,q,2,silicon_die_lower,,,,432,0.6218758151392316,0.10005250032818865,1.9775390624999986e-10,51.831154673189644,3144695480.012709
v6p1i9_0070,train,q,3,silicon_die_upper,,,,336,0.5575071230286126,0.08969633526799753,1.50604248046875e-10,55.45034531748519,3701802108.895963
v6p1i9_0070,train,q,4,silicon_die_upper,,,,320,0.4479559704363848,0.07207084403027622,1.4343261718750002e-10,38.8367937085815,3123110901.9700966
v6p1i9_0070,train,q,5,silicon_die_lower,,,,360,0.6143448595874652,0.09884085820532207,1.6479492187500013e-10,52.0499399452199,3727935622.0300083
v6p1i9_0070,train,q,6,silicon_die_upper,,,,336,0.6150808574405741,0.09895927159855433,1.5060424804687488e-10,60.67677456912515,4084087038.8273044
v6p1i9_0070,train,q,7,silicon_die_upper,,,,512,1.0656302309174426,0.17144736365848906,2.2949218749999997e-10,67.3906967192151,4643427048.763665
v6p1i9_0070,train,q,8,silicon_die_lower,,,,384,0.4789343303584714,0.07705489758376162,1.7578124999999982e-10,40.73634843624839,2724604190.4837513
v6p1i9_0070,train,q,9,silicon_die_lower,,,,384,0.39921789691832243,0.0642294615581673,1.7578124999999992e-10,41.99783183832937,2271106258.0242352
v6p1i9_0071,test_iid,k,0,silicon_die_lower,181.49446892278573,181.49446892278573,181.49446892278573,512,,,,,
v6p1i9_0071,test_iid,k,1,silicon_die_lower,27.766174401620535,27.766174401620535,27.766174401620535,448,,,,,
v6p1i9_0071,test_iid,k,2,silicon_die_lower,63.81502802688399,63.81502802688399,63.81502802688399,504,,,,,
v6p1i9_0071,test_iid,k,3,silicon_die_upper,49.39977832930655,49.39977832930655,49.39977832930655,1056,,,,,
v6p1i9_0071,test_iid,k,4,silicon_die_lower,48.65599380029009,48.65599380029009,48.65599380029009,280,,,,,
v6p1i9_0071,test_iid,k,5,silicon_die_lower,397.54839256487566,397.54839256487566,397.54839256487566,288,,,,,
v6p1i9_0071,test_iid,k,6,silicon_die_lower,120.2415664833719,120.2415664833719,120.2415664833719,480,,,,,
v6p1i9_0071,test_iid,k,7,silicon_die_lower,52.45692653573643,52.45692653573643,52.45692653573643,448,,,,,
v6p1i9_0071,test_iid,q,0,silicon_die_lower,,,,392,1.5925439413919678,0.22864418367336375,1.7944335937500014e-10,129.2279860456031,8874911542.777544
v6p1i9_0071,test_iid,q,1,silicon_die_upper,,,,280,1.3334603047010969,0.19144711483610868,1.255035400390624e-10,133.16881528468025,10624882009.59163
v6p1i9_0071,test_iid,q,2,silicon_die_upper,,,,432,1.5308830775316802,0.2197914308446995,1.9363403320312488e-10,112.41173321644456,7906064095.281029
v6p1i9_0071,test_iid,q,3,silicon_die_upper,,,,432,1.1081836538040364,0.15910377120440528,1.9363403320312483e-10,87.59972456462891,5723083052.458738
v6p1i9_0071,test_iid,q,4,silicon_die_upper,,,,336,1.4000917299989408,0.20101349944142272,1.5060424804687488e-10,127.60599779739397,9296495604.580614
v6p1i9_0072,train,k,0,silicon_die_lower,370.9764428514375,370.9764428514375,370.9764428514375,560,,,,,
v6p1i9_0072,train,k,1,silicon_die_upper,81.67981142911448,81.67981142911448,81.67981142911448,384,,,,,
v6p1i9_0072,train,k,2,silicon_die_lower,58.85207999313041,58.85207999313041,58.85207999313041,968,,,,,
v6p1i9_0072,train,k,3,silicon_die_lower,168.01702462650786,168.01702462650786,168.01702462650786,384,,,,,
v6p1i9_0072,train,k,4,silicon_die_upper,133.20658772161033,133.20658772161033,133.20658772161033,480,,,,,
v6p1i9_0072,train,k,5,silicon_die_lower,87.59876200818209,87.59876200818209,87.59876200818209,704,,,,,
v6p1i9_0072,train,k,6,silicon_die_lower,386.1195352121604,386.1195352121604,386.1195352121604,384,,,,,
v6p1i9_0072,train,k,7,silicon_die_lower,24.26597727776284,24.26597727776284,24.26597727776284,512,,,,,
v6p1i9_0072,train,q,0,silicon_die_upper,,,,384,0.2261984512654354,0.0852104231948704,1.7211914062499988e-10,16.514494655553772,1314196959.4088285
v6p1i9_0072,train,q,1,silicon_die_lower,,,,432,0.2206430871953369,0.08311768153034335,1.9775390624999976e-10,18.552336426257682,1115745784.1383963
v6p1i9_0072,train,q,2,silicon_die_lower,,,,336,0.2968463253291223,0.11182393541437055,1.5380859374999997e-10,29.327095963185762,1929972299.2826748
v6p1i9_0072,train,q,3,silicon_die_upper,,,,576,0.524526232645589,0.19759243270898288,2.581787109374997e-10,31.325553426762596,2031640140.8192291
v6p1i9_0072,train,q,4,silicon_die_upper,,,,336,0.16433838770333534,0.061907336168855964,1.5060424804687475e-10,16.640778921376672,1091193574.1160893
v6p1i9_0072,train,q,5,silicon_die_lower,,,,336,0.23639142832658372,0.08905018374202309,1.5380859374999992e-10,22.7311019628291,1536919508.6122022
v6p1i9_0072,train,q,6,silicon_die_upper,,,,432,0.32951083396941844,0.12412886760608555,1.9363403320312467e-10,27.44171269034646,1701719622.9330058
v6p1i9_0072,train,q,7,silicon_die_lower,,,,280,0.19271951353279676,0.07259869028355506,1.281738281249999e-10,21.096076917886272,1503579290.3434973
v6p1i9_0072,train,q,8,silicon_die_lower,,,,448,0.2842944794690412,0.10709557369645932,2.05078125e-10,22.625737315088404,1386274033.2204676
v6p1i9_0072,train,q,9,silicon_die_lower,,,,360,0.17911790365669833,0.06747487565445384,1.6479492187500008e-10,15.990338175067192,1086913975.3745718
v6p1i9_0073,valid_iid,k,0,silicon_die_upper,65.73222511237783,65.73222511237783,65.73222511237783,504,,,,,
v6p1i9_0073,valid_iid,k,1,silicon_die_upper,25.741795515260275,25.741795515260275,25.741795515260275,704,,,,,
v6p1i9_0073,valid_iid,k,2,silicon_die_upper,158.2683077633003,158.2683077633003,158.2683077633003,448,,,,,
v6p1i9_0073,valid_iid,k,3,silicon_die_upper,48.46025375445435,48.46025375445435,48.46025375445435,512,,,,,
v6p1i9_0073,valid_iid,k,4,silicon_die_lower,36.767809727081286,36.767809727081286,36.767809727081286,512,,,,,
v6p1i9_0073,valid_iid,q,0,silicon_die_lower,,,,320,1.2555484320998287,0.1467830601632248,1.4648437499999997e-10,113.68720192863289,8571210629.801499
v6p1i9_0073,valid_iid,q,1,silicon_die_upper,,,,360,2.1397234356893775,0.25014977181579867,1.613616943359373e-10,192.07398437814345,13260417501.781485
v6p1i9_0073,valid_iid,q,2,silicon_die_upper,,,,512,2.3510658636031443,0.27485729206623366,2.294921874999998e-10,150.7340422769921,10244644443.955837
v6p1i9_0073,valid_iid,q,3,silicon_die_lower,,,,288,1.1854898624754726,0.13859268615835826,1.3183593750000008e-10,142.79012145988796,8992160142.036171
v6p1i9_0073,valid_iid,q,4,silicon_die_lower,,,,384,1.6219416946566263,0.18961718979638462,1.7578124999999997e-10,133.148745698875,9227046085.157698
v6p1i9_0074,train,k,0,silicon_die_upper,64.83442155602475,64.83442155602475,64.83442155602475,432,,,,,
v6p1i9_0074,train,k,1,silicon_die_upper,108.8693395707824,108.8693395707824,108.8693395707824,504,,,,,
v6p1i9_0074,train,k,2,silicon_die_upper,80.1467572290545,80.1467572290545,80.1467572290545,320,,,,,
v6p1i9_0074,train,k,3,silicon_die_lower,45.44249494465291,45.44249494465291,45.44249494465291,384,,,,,
v6p1i9_0074,train,k,4,silicon_die_lower,350.8970457278158,350.8970457278158,350.8970457278158,720,,,,,
v6p1i9_0074,train,k,5,silicon_die_upper,207.4709340085152,207.4709340085152,207.4709340085152,704,,,,,
v6p1i9_0074,train,k,6,silicon_die_lower,40.65059608579976,40.65059608579976,40.65059608579976,968,,,,,
v6p1i9_0074,train,k,7,silicon_die_upper,137.4834903734048,137.4834903734048,137.4834903734048,640,,,,,
v6p1i9_0074,train,q,0,silicon_die_upper,,,,512,2.370768054039416,0.15761719085065856,2.2949218749999972e-10,163.46881871248172,10330495690.793043
v6p1i9_0074,train,q,1,silicon_die_upper,,,,448,2.0279947191469634,0.13482838616257153,2.0080566406249984e-10,156.06040273402095,10099290418.998138
v6p1i9_0074,train,q,2,silicon_die_upper,,,,448,2.5063170987898156,0.16662897908512792,2.0080566406249973e-10,182.77716631614015,12481306792.271244
v6p1i9_0074,train,q,3,silicon_die_lower,,,,200,1.1359446290950297,0.07552168635594206,9.155273437499994e-11,147.2755726904692,12407544535.395319
v6p1i9_0074,train,q,4,silicon_die_lower,,,,384,2.0286560444313464,0.1348723534470916,1.7578124999999992e-10,181.49827414554753,11540798830.542776
v6p1i9_0074,train,q,5,silicon_die_upper,,,,448,1.9578092648465666,0.13016220461581196,2.0080566406250004e-10,156.01868832873768,9749771123.17512
v6p1i9_0074,train,q,6,silicon_die_lower,,,,384,3.0138140045735984,0.20036919948279625,1.7578124999999982e-10,249.76351477025776,17145253003.796488
v6p1i9_0075,valid_iid,k,0,silicon_die_lower,68.61514876027093,68.61514876027093,68.61514876027093,576,,,,,
v6p1i9_0075,valid_iid,k,1,silicon_die_upper,21.044992094286567,21.044992094286567,21.044992094286567,528,,,,,
v6p1i9_0075,valid_iid,k,2,silicon_die_lower,27.66353970917837,27.66353970917837,27.66353970917837,560,,,,,
v6p1i9_0075,valid_iid,k,3,silicon_die_lower,332.5650014309269,332.5650014309269,332.5650014309269,880,,,,,
v6p1i9_0075,valid_iid,k,4,silicon_die_upper,139.75600362681726,139.75600362681726,139.75600362681726,392,,,,,
v6p1i9_0075,valid_iid,q,0,silicon_die_lower,,,,288,1.0508816336698108,0.21085006255466887,1.3183593750000003e-10,117.33196317169636,7971131799.095452
v6p1i9_0075,valid_iid,q,1,silicon_die_lower,,,,336,1.5652912544188633,0.31406178235121124,1.5380859374999997e-10,159.75294957655004,10176877743.01534
v6p1i9_0075,valid_iid,q,2,silicon_die_lower,,,,320,1.4127056231844417,0.2834468311902795,1.4648437500000005e-10,153.20910179576157,9644070387.605785
v6p1i9_0075,valid_iid,q,3,silicon_die_upper,,,,336,0.9551448318422779,0.19164132390384023,1.5060424804687488e-10,111.18129194353938,6342084265.411913
v6p1i9_0076,train,k,0,silicon_die_lower,129.0401130747555,129.0401130747555,129.0401130747555,704,,,,,
v6p1i9_0076,train,k,1,silicon_die_lower,91.10988000377588,91.10988000377588,91.10988000377588,504,,,,,
v6p1i9_0076,train,k,2,silicon_die_lower,138.1042752401686,138.1042752401686,138.1042752401686,864,,,,,
v6p1i9_0076,train,k,3,silicon_die_lower,21.576650694296053,21.576650694296053,21.576650694296053,800,,,,,
v6p1i9_0076,train,k,4,silicon_die_upper,44.091134441721564,44.091134441721564,44.091134441721564,336,,,,,
v6p1i9_0076,train,q,0,silicon_die_lower,,,,280,0.8997860273637664,0.1005288521958026,1.28173828125e-10,96.6988577775982,7020044891.584739
v6p1i9_0076,train,q,1,silicon_die_lower,,,,320,1.1185947080414012,0.12497531485476063,1.4648437499999994e-10,121.67143866168871,7636273206.895968
v6p1i9_0076,train,q,2,silicon_die_upper,,,,280,0.9443987007190463,0.10551321593273737,1.2550354003906245e-10,100.15412553087356,7524876990.920783
v6p1i9_0076,train,q,3,silicon_die_lower,,,,504,1.8047099172128338,0.20163173355262745,2.3071289062499973e-10,120.69462069165266,7822319387.199763
v6p1i9_0076,train,q,4,silicon_die_lower,,,,512,2.2729437784952147,0.2539452961135367,2.3437500000000003e-10,140.01482643565546,9697893454.912914
v6p1i9_0076,train,q,5,silicon_die_upper,,,,432,1.910092092620021,0.21340558735053528,1.9363403320312477e-10,138.87833304772656,9864444080.531588
v6p1i9_0077,test_iid,k,0,silicon_die_lower,294.6635479583991,294.6635479583991,294.6635479583991,720,,,,,
v6p1i9_0077,test_iid,k,1,silicon_die_lower,51.99672388837985,51.99672388837985,51.99672388837985,704,,,,,
v6p1i9_0077,test_iid,k,2,silicon_die_upper,398.6479038443476,398.6479038443476,398.6479038443476,504,,,,,
v6p1i9_0077,test_iid,k,3,silicon_die_lower,137.63392483107097,137.63392483107097,137.63392483107097,640,,,,,
v6p1i9_0077,test_iid,k,4,silicon_die_upper,284.3455061566942,284.3455061566942,284.3455061566942,448,,,,,
v6p1i9_0077,test_iid,k,5,silicon_die_upper,110.37533892188915,110.37533892188915,110.37533892188915,336,,,,,
v6p1i9_0077,test_iid,q,0,silicon_die_upper,,,,448,0.5251913952335582,0.08170480142349792,2.0080566406249973e-10,41.87033623689501,2615421221.7345376
v6p1i9_0077,test_iid,q,1,silicon_die_upper,,,,448,1.0190556606261287,0.1585359949660294,2.0080566406249978e-10,72.30353401602649,5074835241.2457485
v6p1i9_0077,test_iid,q,2,silicon_die_upper,,,,448,0.720610430277139,0.11210642947284326,2.0080566406249976e-10,54.55227709809715,3588596136.6749725
v6p1i9_0077,test_iid,q,3,silicon_die_upper,,,,384,0.9801843323630752,0.15248872498859956,1.721191406249998e-10,80.3312078459929,5694801454.410157
v6p1i9_0077,test_iid,q,4,silicon_die_upper,,,,336,0.3955287259594967,0.061532988364057774,1.5060424804687488e-10,43.39298190727062,2626278681.305126
v6p1i9_0077,test_iid,q,5,silicon_die_lower,,,,504,0.8472912639803615,0.13181435396631674,2.3071289062499994e-10,57.1312464589273,3672492081.7603827
v6p1i9_0077,test_iid,q,6,silicon_die_lower,,,,504,1.0114338022829776,0.15735025120088592,2.3071289062499996e-10,70.35726347231123,4383950110.21278
v6p1i9_0077,test_iid,q,7,silicon_die_upper,,,,336,0.5315090196603659,0.08268764359103004,1.5060424804687488e-10,51.60872139701466,3529176809.7732286
v6p1i9_0077,test_iid,q,8,silicon_die_lower,,,,336,0.39710885919690664,0.06177881202673952,1.5380859374999997e-10,41.44139698048439,2581837916.3024282
v6p1i9_0078,test_iid,k,0,silicon_die_lower,109.46622961549389,109.46622961549389,109.46622961549389,880,,,,,
v6p1i9_0078,test_iid,k,1,silicon_die_lower,27.291109743727542,27.291109743727542,27.291109743727542,240,,,,,
v6p1i9_0078,test_iid,k,2,silicon_die_lower,29.112220360740903,29.112220360740903,29.112220360740903,968,,,,,
v6p1i9_0078,test_iid,k,3,silicon_die_lower,251.05716377203257,251.05716377203257,251.05716377203257,616,,,,,
v6p1i9_0078,test_iid,k,4,silicon_die_upper,67.0982771263114,67.0982771263114,67.0982771263114,480,,,,,
v6p1i9_0078,test_iid,q,0,silicon_die_upper,,,,320,2.4453098484855524,0.2813657751125793,1.4343261718749987e-10,205.11927730099038,17048492152.16482
v6p1i9_0078,test_iid,q,1,silicon_die_upper,,,,576,4.4965164827662045,0.5173846767367963,2.581787109374997e-10,290.30835123561224,17416294575.32898
v6p1i9_0078,test_iid,q,2,silicon_die_lower,,,,336,1.7490311389119164,0.2012495481506242,1.5380859375000003e-10,192.45104665242982,11371478642.83049
v6p1i9_0079,train,k,0,silicon_die_upper,207.6108544008594,207.6108544008594,207.6108544008594,400,,,,,
v6p1i9_0079,train,k,1,silicon_die_upper,107.13799497665413,107.13799497665413,107.13799497665413,616,,,,,
v6p1i9_0079,train,k,2,silicon_die_upper,293.91257171314425,293.91257171314425,293.91257171314425,720,,,,,
v6p1i9_0079,train,k,3,silicon_die_lower,29.0298483628031,29.0298483628031,29.0298483628031,616,,,,,
v6p1i9_0079,train,q,0,silicon_die_upper,,,,504,1.2465084801671487,0.1825430815545711,2.2590637207031231e-10,88.5569462321457,5517810182.791916
v6p1i9_0079,train,q,1,silicon_die_upper,,,,336,0.5891296584671165,0.08627421714560567,1.5060424804687488e-10,59.65930767815423,3911773181.0841923
v6p1i9_0079,train,q,2,silicon_die_lower,,,,648,1.239292177572268,0.181486300847453,2.966308593749999e-10,72.05872545735595,4177893629.083137
v6p1i9_0079,train,q,3,silicon_die_lower,,,,384,0.5556162783968541,0.08136640001586187,1.7578125e-10,48.06571982776853,3160839272.657659
v6p1i9_0079,train,q,4,silicon_die_lower,,,,336,0.8193084352710421,0.11998240597446638,1.5380859374999997e-10,89.38939826817129,5326805318.84157
v6p1i9_0079,train,q,5,silicon_die_lower,,,,392,0.663886320945019,0.09722184546308123,1.7944335937499996e-10,48.10567048217272,3699698463.388841
v6p1i9_0079,train,q,6,silicon_die_upper,,,,336,0.9050138517175332,0.13253340829252716,1.5060424804687493e-10,85.23713814901757,6009218620.684933
v6p1i9_0079,train,q,7,silicon_die_lower,,,,392,0.8098162752295187,0.11859234070643346,1.79443359375e-10,74.88033785369781,4512935324.272257
v6p1i9_0080,valid_iid,k,0,silicon_die_lower,370.93470277408005,370.93470277408005,370.93470277408005,576,,,,,
v6p1i9_0080,valid_iid,k,1,silicon_die_lower,31.931210660498028,31.931210660498028,31.931210660498028,384,,,,,
v6p1i9_0080,valid_iid,k,2,silicon_die_lower,153.0489587487182,153.0489587487182,153.0489587487182,336,,,,,
v6p1i9_0080,valid_iid,k,3,silicon_die_lower,319.5226929667515,319.5226929667515,319.5226929667515,792,,,,,
v6p1i9_0080,valid_iid,k,4,silicon_die_lower,129.42740501286994,129.42740501286994,129.42740501286994,448,,,,,
v6p1i9_0080,valid_iid,k,5,silicon_die_lower,344.29604288285555,344.29604288285555,344.29604288285555,336,,,,,
v6p1i9_0080,valid_iid,k,6,silicon_die_upper,25.029727706273228,25.029727706273228,25.029727706273228,432,,,,,
v6p1i9_0080,valid_iid,q,0,silicon_die_lower,,,,384,1.4250456900024604,0.17742275531074642,1.7578124999999987e-10,119.02165729257106,8106926592.014003
v6p1i9_0080,valid_iid,q,1,silicon_die_upper,,,,288,0.8626156020978328,0.10739840692263822,1.2908935546874988e-10,94.70882253713592,6682313959.702557
v6p1i9_0080,valid_iid,q,2,silicon_die_lower,,,,576,1.112782356363398,0.13854496954889786,2.6367187500000016e-10,64.61851050528772,4220330121.9115515
v6p1i9_0080,valid_iid,q,3,silicon_die_upper,,,,432,1.1112020049268958,0.13834821073043285,1.9363403320312485e-10,82.38960301181824,5738670968.864389
v6p1i9_0080,valid_iid,q,4,silicon_die_lower,,,,320,1.142406768087874,0.1422333037472262,1.4648437500000002e-10,106.01137051556513,7798830203.479885
v6p1i9_0080,valid_iid,q,5,silicon_die_upper,,,,288,0.7520662162133765,0.09363465409763419,1.2908935546874985e-10,79.17681228499151,5825935170.893605
v6p1i9_0080,valid_iid,q,6,silicon_die_lower,,,,576,1.625803127397253,0.20241769964242418,2.636718749999999e-10,99.50643754155242,6166008897.980696
v6p1i9_0081,train,k,0,silicon_die_upper,302.21874646621916,302.21874646621916,302.21874646621916,704,,,,,
v6p1i9_0081,train,k,1,silicon_die_upper,100.02736583769988,100.02736583769988,100.02736583769988,480,,,,,
v6p1i9_0081,train,k,2,silicon_die_upper,181.75917490518214,181.75917490518214,181.75917490518214,720,,,,,
v6p1i9_0081,train,k,3,silicon_die_lower,94.34778932240164,94.34778932240164,94.34778932240164,616,,,,,
v6p1i9_0081,train,q,0,silicon_die_upper,,,,384,2.4766390544577317,0.2041764556149787,1.721191406249998e-10,194.59700458148546,14389097258.239548
v6p1i9_0081,train,q,1,silicon_die_lower,,,,504,5.635179564278943,0.4645695092781115,2.3071289062499996e-10,367.77972597900765,24425074598.18683
v6p1i9_0081,train,q,2,silicon_die_upper,,,,336,1.7478348928796401,0.14409315430362057,1.5060424804687488e-10,190.5669735737926,11605482020.239128
v6p1i9_0081,train,q,3,silicon_die_lower,,,,360,2.270241911428935,0.1871608808032892,1.6479492187499995e-10,221.9068589931413,13776164250.685808
v6p1i9_0082,train,k,0,silicon_die_upper,82.4673281688912,82.4673281688912,82.4673281688912,432,,,,,
v6p1i9_0082,train,k,1,silicon_die_lower,52.94364948846423,52.94364948846423,52.94364948846423,576,,,,,
v6p1i9_0082,train,k,2,silicon_die_lower,74.32445042245494,74.32445042245494,74.32445042245494,280,,,,,
v6p1i9_0082,train,k,3,silicon_die_lower,50.28750637995505,50.28750637995505,50.28750637995505,616,,,,,
v6p1i9_0082,train,k,4,silicon_die_upper,23.048326559749537,23.048326559749537,23.048326559749537,616,,,,,
v6p1i9_0082,train,k,5,silicon_die_lower,41.18021252321863,41.18021252321863,41.18021252321863,432,,,,,
v6p1i9_0082,train,q,0,silicon_die_lower,,,,576,0.849265624761998,0.09327587175300849,2.6367187499999996e-10,51.1145396766162,3220918517.6158743
v6p1i9_0082,train,q,1,silicon_die_upper,,,,448,1.2109904064263386,0.1330045424546674,2.0080566406249973e-10,81.64298433219142,6030658607.565094
v6p1i9_0082,train,q,2,silicon_die_upper,,,,392,0.9890971408912075,0.10863373646012187,1.7570495605468738e-10,76.4579195737582,5629307010.459941
v6p1i9_0082,train,q,3,silicon_die_upper,,,,320,0.5113680148896971,0.05616416817625122,1.4343261718749995e-10,48.30872910782139,3565214279.128851
v6p1i9_0082,train,q,4,silicon_die_lower,,,,392,0.5270002753973396,0.05788107827340617,1.794433593750002e-10,48.841919536176796,2936861398.676872
v6p1i9_0082,train,q,5,silicon_die_lower,,,,512,1.06516059732889,0.11698787796886374,2.3437499999999993e-10,65.19878619368323,4544685215.269932
v6p1i9_0082,train,q,6,silicon_die_lower,,,,512,1.193061801143075,0.13103542203067675,2.3437499999999993e-10,69.87762188146938,5090397018.210455
v6p1i9_0082,train,q,7,silicon_die_lower,,,,432,0.6001549383995912,0.06591574347752867,1.977539062499998e-10,48.18723564622784,3034857565.042874
v6p1i9_0082,train,q,8,silicon_die_upper,,,,280,0.8241166107717635,0.09051372509915666,1.255035400390624e-10,89.0967427137696,6566480997.390679
v6p1i9_0082,train,q,9,silicon_die_lower,,,,576,1.3346646495496184,0.14658783430631897,2.636718749999998e-10,78.23592687795275,5061839263.477075
v6p1i9_0083,train,k,0,silicon_die_lower,116.8418974207518,116.8418974207518,116.8418974207518,392,,,,,
v6p1i9_0083,train,k,1,silicon_die_upper,60.66573512506481,60.66573512506481,60.66573512506481,576,,,,,
v6p1i9_0083,train,q,0,silicon_die_upper,,,,240,0.7295379272689445,0.18471469750379207,1.0757446289062493e-10,96.03209692551115,6781701787.4464655
v6p1i9_0083,train,q,1,silicon_die_upper,,,,384,0.759414631219896,0.19227930261400164,1.7211914062499998e-10,70.941908369656,4412145148.193893
v6p1i9_0083,train,q,2,silicon_die_upper,,,,336,0.9223692820656959,0.2335384584614557,1.5060424804687498e-10,100.2384457091818,6124457271.474919
v6p1i9_0083,train,q,3,silicon_die_upper,,,,448,0.7413315813026438,0.18770078109982155,2.0080566406249968e-10,67.00752949272058,3691786209.1375484
v6p1i9_0083,train,q,4,silicon_die_lower,,,,384,0.796885716759375,0.20176676032092905,1.7578124999999997e-10,64.35065159154375,4533394299.786668
v6p1i9_0084,train,k,0,silicon_die_lower,23.474739683905987,23.474739683905987,23.474739683905987,720,,,,,
v6p1i9_0084,train,k,1,silicon_die_lower,58.86526352480416,58.86526352480416,58.86526352480416,576,,,,,
v6p1i9_0084,train,k,2,silicon_die_lower,88.25931107063086,88.25931107063086,88.25931107063086,576,,,,,
v6p1i9_0084,train,k,3,silicon_die_lower,371.1299631531577,371.1299631531577,371.1299631531577,432,,,,,
v6p1i9_0084,train,k,4,silicon_die_lower,20.047550657024555,20.047550657024555,20.047550657024555,640,,,,,
v6p1i9_0084,train,k,5,silicon_die_lower,100.83894017164239,100.83894017164239,100.83894017164239,720,,,,,
v6p1i9_0084,train,k,6,silicon_die_lower,26.04840007049717,26.04840007049717,26.04840007049717,616,,,,,
v6p1i9_0084,train,k,7,silicon_die_upper,25.249464878692454,25.249464878692454,25.249464878692454,576,,,,,
v6p1i9_0084,train,q,0,silicon_die_upper,,,,240,1.3197919327914491,0.25671888295874473,1.0757446289062498e-10,186.33758950504088,12268636043.605734
v6p1i9_0084,train,q,1,silicon_die_upper,,,,336,1.9768521548759963,0.3845267305892425,1.5060424804687485e-10,190.5004390229821,13126138077.198929
v6p1i9_0084,train,q,2,silicon_die_lower,,,,384,1.8443565180555952,0.35875438645201274,1.7578124999999987e-10,197.25425381739166,10492339302.716282
v6p1i9_0085,valid_iid,k,0,silicon_die_upper,29.12016569355954,29.12016569355954,29.12016569355954,648,,,,,
v6p1i9_0085,valid_iid,k,1,silicon_die_upper,333.2146235298633,333.2146235298633,333.2146235298633,504,,,,,
v6p1i9_0085,valid_iid,k,2,silicon_die_lower,29.83186093047715,29.83186093047715,29.83186093047715,640,,,,,
v6p1i9_0085,valid_iid,k,3,silicon_die_lower,283.31055569463877,283.31055569463877,283.31055569463877,648,,,,,
v6p1i9_0085,valid_iid,k,4,silicon_die_lower,236.66663563022908,236.66663563022908,236.66663563022908,528,,,,,
v6p1i9_0085,valid_iid,k,5,silicon_die_upper,72.54053890527074,72.54053890527074,72.54053890527074,720,,,,,
v6p1i9_0085,valid_iid,k,6,silicon_die_upper,67.14227581087522,67.14227581087522,67.14227581087522,800,,,,,
v6p1i9_0085,valid_iid,k,7,silicon_die_lower,92.1689929517436,92.1689929517436,92.1689929517436,504,,,,,
v6p1i9_0085,valid_iid,q,0,silicon_die_lower,,,,504,1.0760749630815287,0.14763998768432607,2.307128906249999e-10,72.93485670517184,4664130210.351263
v6p1i9_0085,valid_iid,q,1,silicon_die_lower,,,,512,0.8531008637296656,0.11704742265710817,2.3437499999999993e-10,57.67365940321518,3639897018.579908
v6p1i9_0085,valid_iid,q,2,silicon_die_lower,,,,360,0.6414069620854691,0.08800252699101681,1.6479492187499995e-10,51.61202768393677,3892152469.18827
v6p1i9_0085,valid_iid,q,3,silicon_die_lower,,,,576,1.1468469887213606,0.1573500742046347,2.636718749999999e-10,72.30400613623131,4349523394.261754
v6p1i9_0085,valid_iid,q,4,silicon_die_lower,,,,360,0.871513705578831,0.11957370738364748,1.6479492187500002e-10,82.74376002680434,5288474278.593913
v6p1i9_0085,valid_iid,q,5,silicon_die_upper,,,,432,0.8977282902902962,0.12317040937629221,1.9363403320312488e-10,71.83965663967447,4636211287.03427
v6p1i9_0085,valid_iid,q,6,silicon_die_upper,,,,512,1.0922332943814819,0.14985694831994267,2.2949218749999972e-10,66.46686493725129,4759348482.751655
v6p1i9_0085,valid_iid,q,7,silicon_die_lower,,,,360,0.7096011150384004,0.09735892338303193,1.6479492187499977e-10,60.25641355299142,4305964692.144136
v6p1i9_0086,train,k,0,silicon_die_upper,24.262637027786276,24.262637027786276,24.262637027786276,504,,,,,
v6p1i9_0086,train,k,1,silicon_die_lower,243.18612099140077,243.18612099140077,243.18612099140077,528,,,,,
v6p1i9_0086,train,q,0,silicon_die_upper,,,,504,1.9972466469938048,0.22859352544783224,2.259063720703123e-10,130.67716376270957,8841037234.541447
v6p1i9_0086,train,q,1,silicon_die_upper,,,,320,0.9735744397687485,0.11142980953685223,1.4343261718749987e-10,92.78334048775785,6787678136.6685915
v6p1i9_0086,train,q,2,silicon_die_lower,,,,576,2.276668429154844,0.26057455811961033,2.6367187499999985e-10,142.6700526921082,8634475820.20208
v6p1i9_0086,train,q,3,silicon_die_upper,,,,288,0.85351365581887,0.09768833303346554,1.290893554687499e-10,105.12366339484149,6611805076.565662
v6p1i9_0086,train,q,4,silicon_die_lower,,,,280,1.0561816311328192,0.1208845602205895,1.2817382812499994e-10,110.62296261999316,8240228497.371485
v6p1i9_0086,train,q,5,silicon_die_lower,,,,384,1.5799246278597385,0.18082921364165008,1.7578125e-10,130.80900796980757,8988015660.713179
v6p1i9_0087,test_iid,k,0,silicon_die_lower,29.148676183964085,29.148676183964085,29.148676183964085,792,,,,,
v6p1i9_0087,test_iid,k,1,silicon_die_lower,273.9696050766377,273.9696050766377,273.9696050766377,448,,,,,
v6p1i9_0087,test_iid,k,2,silicon_die_lower,330.0125547178673,330.0125547178673,330.0125547178673,480,,,,,
v6p1i9_0087,test_iid,k,3,silicon_die_lower,23.412475636248317,23.412475636248317,23.412475636248317,288,,,,,
v6p1i9_0087,test_iid,k,4,silicon_die_upper,21.10339697426362,21.10339697426362,21.10339697426362,792,,,,,
v6p1i9_0087,test_iid,q,0,silicon_die_lower,,,,448,0.6746134120348687,0.1210969250404481,2.0507812499999995e-10,56.817303861337294,3289543494.874789
v6p1i9_0087,test_iid,q,1,silicon_die_upper,,,,432,0.5503017276758175,0.09878227422870026,1.9363403320312483e-10,46.82030496231823,2841968008.2712693
v6p1i9_0087,test_iid,q,2,silicon_die_upper,,,,392,0.522319950946278,0.0937593869592422,1.7570495605468738e-10,50.57289780662472,2972710404.2740164
v6p1i9_0087,test_iid,q,3,silicon_die_lower,,,,512,0.6854232991669009,0.12303736095288403,2.3437499999999993e-10,43.83733832915045,2924472743.1121116
v6p1i9_0087,test_iid,q,4,silicon_die_upper,,,,504,0.5158004374050034,0.09258909738520818,2.259063720703123e-10,34.80996307317309,2283248731.2242036
v6p1i9_0087,test_iid,q,5,silicon_die_upper,,,,576,0.7197876989026214,0.12920596517067484,2.581787109374995e-10,44.994640665024455,2787943654.567511
v6p1i9_0087,test_iid,q,6,silicon_die_upper,,,,448,0.6360167497738877,0.11416860574935767,2.0080566406249984e-10,49.672044577756466,3167324750.241758
v6p1i9_0087,test_iid,q,7,silicon_die_upper,,,,384,0.6265967413572826,0.11247766093154689,1.7211914062499975e-10,53.46261337114518,3640482627.800615
v6p1i9_0087,test_iid,q,8,silicon_die_upper,,,,448,0.639994996682064,0.11488272358193781,2.0080566406249976e-10,41.63555073923545,3187136178.0057597
v6p1i9_0088,valid_iid,k,0,silicon_die_lower,321.5667157867647,321.5667157867647,321.5667157867647,480,,,,,
v6p1i9_0088,valid_iid,k,1,silicon_die_lower,61.43144493820122,61.43144493820122,61.43144493820122,480,,,,,
v6p1i9_0088,valid_iid,k,2,silicon_die_upper,75.89165570109715,75.89165570109715,75.89165570109715,704,,,,,
v6p1i9_0088,valid_iid,k,3,silicon_die_lower,23.60892976143433,23.60892976143433,23.60892976143433,280,,,,,
v6p1i9_0088,valid_iid,k,4,silicon_die_lower,226.68336957299107,226.68336957299107,226.68336957299107,448,,,,,
v6p1i9_0088,valid_iid,k,5,silicon_die_upper,272.5618594451982,272.5618594451982,272.5618594451982,288,,,,,
v6p1i9_0088,valid_iid,q,0,silicon_die_lower,,,,320,0.585033493928166,0.10197202142048946,1.4648437500000005e-10,58.54473847222191,3993828651.882945
v6p1i9_0088,valid_iid,q,1,silicon_die_upper,,,,320,0.9527523293783742,0.16606584400400495,1.4343261718749987e-10,95.09371655901796,6642508155.121403
v6p1i9_0088,valid_iid,q,2,silicon_die_lower,,,,576,1.0948844805526394,0.19083964399068062,2.636718749999998e-10,69.9724413036851,4152450770.688532
v6p1i9_0088,valid_iid,q,3,silicon_die_lower,,,,288,0.5142143396613847,0.08962816010173925,1.3183593749999995e-10,59.19664020109472,3900410991.2093196
v6p1i9_0088,valid_iid,q,4,silicon_die_lower,,,,576,1.5269708473895653,0.26615280248824613,2.636718749999999e-10,89.90612498426843,5791178324.914502
v6p1i9_0088,valid_iid,q,5,silicon_die_upper,,,,360,1.0633407103472272,0.18534152799483947,1.6136169433593729e-10,85.27473609536611,6589796387.074797
v6p1i9_0089,train,k,0,silicon_die_lower,82.95451848181459,82.95451848181459,82.95451848181459,648,,,,,
v6p1i9_0089,train,k,1,silicon_die_upper,30.569358058629994,30.569358058629994,30.569358058629994,880,,,,,
v6p1i9_0089,train,k,2,silicon_die_lower,286.8928829537547,286.8928829537547,286.8928829537547,704,,,,,
v6p1i9_0089,train,q,0,silicon_die_upper,,,,432,1.6056676534068608,0.12865111013602515,1.9363403320312483e-10,123.59966673361502,8292280168.138071
v6p1i9_0089,train,q,1,silicon_die_lower,,,,504,1.6532951302921477,0.13246717242093775,2.3071289062499996e-10,111.39791507325953,7166028416.589035
v6p1i9_0089,train,q,2,silicon_die_upper,,,,360,1.536219547249942,0.12308671084394564,1.613616943359371e-10,134.71388650179946,9520348392.299995
v6p1i9_0089,train,q,3,silicon_die_upper,,,,288,0.5650271214907656,0.045271738695436284,1.2908935546874995e-10,79.19369690020585,4377023337.354471
v6p1i9_0089,train,q,4,silicon_die_upper,,,,504,1.2088237089583358,0.09685473316116612,2.2590637207031231e-10,79.7713137511159,5350994298.567616
v6p1i9_0089,train,q,5,silicon_die_upper,,,,320,1.546976499064999,0.12394859143906786,1.4343261718749984e-10,151.33494754296717,10785388493.906797
v6p1i9_0089,train,q,6,silicon_die_lower,,,,448,1.8417251047443386,0.14756477082166644,2.05078125e-10,144.45544830543352,8980602415.515251
v6p1i9_0089,train,q,7,silicon_die_lower,,,,448,1.396732163266469,0.11191054573819154,2.05078125e-10,96.57899792873843,6810732072.308878
v6p1i9_0089,train,q,8,silicon_die_upper,,,,384,1.1263243504288982,0.09024462674356322,1.7211914062500006e-10,96.38145737180669,6543864594.832292
v6p1i9_0090,test_iid,k,0,silicon_die_upper,198.53639481056666,198.53639481056666,198.53639481056666,880,,,,,
v6p1i9_0090,test_iid,k,1,silicon_die_upper,25.284938469446498,25.284938469446498,25.284938469446498,792,,,,,
v6p1i9_0090,test_iid,k,2,silicon_die_upper,29.3118536316515,29.3118536316515,29.3118536316515,528,,,,,
v6p1i9_0090,test_iid,k,3,silicon_die_upper,56.83464797722317,56.83464797722317,56.83464797722317,480,,,,,
v6p1i9_0090,test_iid,k,4,silicon_die_lower,21.14556602495107,21.14556602495107,21.14556602495107,360,,,,,
v6p1i9_0090,test_iid,q,0,silicon_die_upper,,,,336,3.466402888423212,0.33371441584926553,1.5060424804687475e-10,345.3243817008422,23016634214.35704
v6p1i9_0090,test_iid,q,1,silicon_die_upper,,,,240,3.1589458697821207,0.3041151907513312,1.0757446289062493e-10,380.9206609162802,29365202343.551945
v6p1i9_0090,test_iid,q,2,silicon_die_lower,,,,240,3.7619846136587727,0.3621703933994032,1.0986328124999998e-10,424.3998063281272,34242419950.102966
v6p1i9_0091,valid_iid,k,0,silicon_die_upper,182.4066269178247,182.4066269178247,182.4066269178247,648,,,,,
v6p1i9_0091,valid_iid,k,1,silicon_die_upper,26.179959369506292,26.179959369506292,26.179959369506292,504,,,,,
v6p1i9_0091,valid_iid,k,2,silicon_die_upper,23.86951954548232,23.86951954548232,23.86951954548232,504,,,,,
v6p1i9_0091,valid_iid,k,3,silicon_die_lower,63.17499278804227,63.17499278804227,63.17499278804227,504,,,,,
v6p1i9_0091,valid_iid,k,4,silicon_die_lower,70.07829116667104,70.07829116667104,70.07829116667104,648,,,,,
v6p1i9_0091,valid_iid,k,5,silicon_die_lower,77.84711357274858,77.84711357274858,77.84711357274858,792,,,,,
v6p1i9_0091,valid_iid,k,6,silicon_die_upper,255.70364705283384,255.70364705283384,255.70364705283384,448,,,,,
v6p1i9_0091,valid_iid,k,7,silicon_die_upper,33.99904400929208,33.99904400929208,33.99904400929208,616,,,,,
v6p1i9_0091,valid_iid,q,0,silicon_die_lower,,,,448,0.6617799259050183,0.153540686999952,2.0507812499999995e-10,44.09466375892563,3226964972.03209
v6p1i9_0091,valid_iid,q,1,silicon_die_lower,,,,576,0.4556119050737285,0.10570729357604819,2.6367187500000006e-10,28.886311070784828,1727950336.2796218
v6p1i9_0091,valid_iid,q,2,silicon_die_lower,,,,288,0.5194595025101921,0.12052068332987702,1.318359375e-10,55.459867910661735,3940196522.7439756
v6p1i9_0091,valid_iid,q,3,silicon_die_lower,,,,448,0.8510605451195581,0.1974560056313423,2.0507812500000005e-10,58.21637735567249,4149933324.7734632
v6p1i9_0091,valid_iid,q,4,silicon_die_upper,,,,336,0.4786496695254591,0.11105232451820685,1.5060424804687482e-10,48.27084902587142,3178195009.323255
v6p1i9_0091,valid_iid,q,5,silicon_die_upper,,,,336,0.3386375269328942,0.07856786900590246,1.5060424804687493e-10,39.52978493502158,2248525731.0105534
v6p1i9_0091,valid_iid,q,6,silicon_die_upper,,,,240,0.3208131509375187,0.07443240519301522,1.075744628906249e-10,43.19869826853596,2982242646.785992
v6p1i9_0091,valid_iid,q,7,silicon_die_upper,,,,448,0.6841151990814991,0.15872273174565596,2.0080566406249984e-10,50.72942773094507,3406852103.875772
v6p1i9_0092,train,k,0,silicon_die_lower,26.857860244081305,26.857860244081305,26.857860244081305,504,,,,,
v6p1i9_0092,train,k,1,silicon_die_upper,32.40480296512983,32.40480296512983,32.40480296512983,288,,,,,
v6p1i9_0092,train,q,0,silicon_die_lower,,,,504,0.3767819891370604,0.14733140139403827,2.3071289062499986e-10,24.15195678063865,1633120664.0268786
v6p1i9_0092,train,q,1,silicon_die_upper,,,,384,0.16777737900388684,0.06560524941087208,1.721191406249998e-10,14.376949229391109,974774672.9076898
v6p1i9_0092,train,q,2,silicon_die_upper,,,,288,0.18251111880147625,0.0713665187781409,1.2908935546874988e-10,21.74811848548147,1413835541.5807989
v6p1i9_0092,train,q,3,silicon_die_upper,,,,448,0.3037062479580497,0.11875691623759613,2.0080566406249976e-10,24.253570822450087,1512438652.4451952
v6p1i9_0092,train,q,4,silicon_die_lower,,,,648,0.3795166168642845,0.1484007108275005,2.9663085937499985e-10,21.22281324548095,1279423919.8980331
v6p1i9_0092,train,q,5,silicon_die_upper,,,,392,0.32477795371406326,0.12699649251327363,1.7570495605468736e-10,24.495334542799,1848427961.32044
v6p1i9_0092,train,q,6,silicon_die_lower,,,,384,0.20518424832795804,0.08023229273611521,1.7578125e-10,18.07353319309113,1167270390.4879391
v6p1i9_0092,train,q,7,silicon_die_upper,,,,200,0.1125759727684867,0.044020086706545905,8.964538574218753e-11,15.957006332562383,1255792161.9328582
v6p1i9_0092,train,q,8,silicon_die_upper,,,,240,0.11608573076963555,0.04539249191637958,1.0757446289062491e-10,15.446852762246987,1079119780.3856514
v6p1i9_0092,train,q,9,silicon_die_lower,,,,648,0.3884600944754066,0.1518978394795378,2.966308593749999e-10,21.05510785661264,1309574112.7335522
v6p1i9_0093,train,k,0,silicon_die_lower,129.0805738991608,129.0805738991608,129.0805738991608,512,,,,,
v6p1i9_0093,train,k,1,silicon_die_lower,59.84592369750845,59.84592369750845,59.84592369750845,576,,,,,
v6p1i9_0093,train,k,2,silicon_die_upper,105.05853877032197,105.05853877032197,105.05853877032197,528,,,,,
v6p1i9_0093,train,k,3,silicon_die_lower,153.08934940723165,153.08934940723165,153.08934940723165,640,,,,,
v6p1i9_0093,train,k,4,silicon_die_upper,25.512600803270736,25.512600803270736,25.512600803270736,792,,,,,
v6p1i9_0093,train,k,5,silicon_die_upper,51.877491861046416,51.877491861046416,51.877491861046416,800,,,,,
v6p1i9_0093,train,k,6,silicon_die_lower,296.0118505727331,296.0118505727331,296.0118505727331,576,,,,,
v6p1i9_0093,train,q,0,silicon_die_upper,,,,392,1.1752211033111613,0.1601121984977258,1.7570495605468736e-10,104.71667553015479,6688605317.116833
v6p1i9_0093,train,q,1,silicon_die_lower,,,,392,1.4295869849219918,0.19476702252426395,1.79443359375e-10,131.49434547701728,7966786789.442828
v6p1i9_0093,train,q,2,silicon_die_lower,,,,504,1.851515110807665,0.2522505374588096,2.3071289062500004e-10,121.14152838674495,8025191422.082746
v6p1i9_0093,train,q,3,silicon_die_lower,,,,384,1.788298631112417,0.24363792021021252,1.7578124999999997e-10,171.0932053331027,10173432212.55064
v6p1i9_0093,train,q,4,silicon_die_lower,,,,240,1.0953629701170207,0.14923232130898825,1.0986328124999996e-10,137.6346685225291,9970237167.998486
v6p1i9_0094,train,k,0,silicon_die_upper,283.1318237184797,283.1318237184797,283.1318237184797,720,,,,,
v6p1i9_0094,train,k,1,silicon_die_upper,83.35782011092479,83.35782011092479,83.35782011092479,880,,,,,
v6p1i9_0094,train,k,2,silicon_die_lower,62.4134767687688,62.4134767687688,62.4134767687688,648,,,,,
v6p1i9_0094,train,k,3,silicon_die_lower,132.22511374747347,132.22511374747347,132.22511374747347,384,,,,,
v6p1i9_0094,train,k,4,silicon_die_lower,34.34631332283135,34.34631332283135,34.34631332283135,720,,,,,
v6p1i9_0094,train,q,0,silicon_die_upper,,,,432,1.3610357726110236,0.1706907968528793,1.9363403320312488e-10,126.68068608827912,7028907832.453593
v6p1i9_0094,train,q,1,silicon_die_upper,,,,240,0.7031733454988098,0.08818667450499068,1.07574462890625e-10,89.44919836005847,6536619627.03688
v6p1i9_0094,train,q,2,silicon_die_lower,,,,448,0.8623407465677102,0.10814824426544768,2.050781249999999e-10,72.56781802968281,4204937735.6444554
v6p1i9_0094,train,q,3,silicon_die_upper,,,,432,1.347716907726216,0.1690204457084694,1.9363403320312498e-10,109.49682141207188,6960124134.337691
v6p1i9_0094,train,q,4,silicon_die_upper,,,,504,1.1817802352356486,0.1482099252030506,2.259063720703124e-10,85.38803294305795,5231283316.204222
v6p1i9_0094,train,q,5,silicon_die_upper,,,,392,1.0182973444931775,0.12770713941725798,1.757049560546875e-10,87.32796616242257,5795495854.859303
v6p1i9_0094,train,q,6,silicon_die_lower,,,,432,1.499347245218843,0.18803677404790417,1.977539062499999e-10,107.37250020651729,7581884341.254795
v6p1i9_0095,train,k,0,silicon_die_lower,55.57112120616473,55.57112120616473,55.57112120616473,704,,,,,
v6p1i9_0095,train,k,1,silicon_die_lower,309.26207820965766,309.26207820965766,309.26207820965766,384,,,,,
v6p1i9_0095,train,k,2,silicon_die_lower,39.16203706278025,39.16203706278025,39.16203706278025,384,,,,,
v6p1i9_0095,train,k,3,silicon_die_upper,398.4951012010897,398.4951012010897,398.4951012010897,560,,,,,
v6p1i9_0095,train,k,4,silicon_die_upper,45.60286404843988,45.60286404843988,45.60286404843988,360,,,,,
v6p1i9_0095,train,q,0,silicon_die_lower,,,,336,1.4053777401637704,0.16156137999390213,1.5380859374999987e-10,135.39458936352617,9137186069.382235
v6p1i9_0095,train,q,1,silicon_die_lower,,,,512,2.9412191208444316,0.3381207816573954,2.3437500000000003e-10,169.78835221361982,12549201582.269573
v6p1i9_0095,train,q,2,silicon_die_upper,,,,448,2.2724614878692413,0.26124080627630203,2.0080566406249989e-10,173.56120766551462,11316720066.033335
v6p1i9_0095,train,q,3,silicon_die_lower,,,,448,2.0796649488364913,0.23907703207240047,2.05078125e-10,144.76313993488222,10140842417.183653
v6p1i9_0096,train,k,0,silicon_die_lower,32.03842065797056,32.03842065797056,32.03842065797056,480,,,,,
v6p1i9_0096,train,k,1,silicon_die_upper,62.78152279302098,62.78152279302098,62.78152279302098,704,,,,,
v6p1i9_0096,train,k,2,silicon_die_upper,38.16783495793894,38.16783495793894,38.16783495793894,512,,,,,
v6p1i9_0096,train,k,3,silicon_die_upper,366.87661173311045,366.87661173311045,366.87661173311045,432,,,,,
v6p1i9_0096,train,k,4,silicon_die_upper,129.42319680363255,129.42319680363255,129.42319680363255,720,,,,,
v6p1i9_0096,train,k,5,silicon_die_upper,132.06898267365827,132.06898267365827,132.06898267365827,880,,,,,
v6p1i9_0096,train,k,6,silicon_die_lower,195.1633135446308,195.1633135446308,195.1633135446308,880,,,,,
v6p1i9_0096,train,k,7,silicon_die_upper,97.48468266334875,97.48468266334875,97.48468266334875,616,,,,,
v6p1i9_0096,train,q,0,silicon_die_lower,,,,384,1.1308626030851607,0.12001616094715876,1.7578124999999995e-10,98.67620827714873,6433351697.551139
v6p1i9_0096,train,q,1,silicon_die_lower,,,,384,0.6931201078095411,0.0735594352378788,1.757812500000001e-10,62.193350997785025,3943083279.9831653
v6p1i9_0096,train,q,2,silicon_die_lower,,,,384,0.6245307493441951,0.0662801853428149,1.7578124999999997e-10,51.72177067713174,3552886040.7136436
v6p1i9_0096,train,q,3,silicon_die_lower,,,,504,1.1940208768442513,0.12671902080647,2.3071289062499996e-10,86.05861503161198,5175353980.48048
v6p1i9_0096,train,q,4,silicon_die_upper,,,,360,1.073414667164487,0.11391932769373972,1.6136169433593747e-10,99.90961824686772,6652227293.36093
v6p1i9_0096,train,q,5,silicon_die_lower,,,,576,1.1957021148910705,0.12689744720015128,2.636718749999998e-10,75.36748127095552,4534810983.883174
v6p1i9_0096,train,q,6,silicon_die_lower,,,,432,1.1050496299963377,0.11727668231880803,1.9775390625000002e-10,97.71318261330772,5588004054.895061
v6p1i9_0096,train,q,7,silicon_die_lower,,,,360,0.6353911553297223,0.06743277826538091,1.6479492187500008e-10,55.86980509441557,3855647662.563765
v6p1i9_0096,train,q,8,silicon_die_upper,,,,448,0.8188273003704186,0.08690048534727535,2.0080566406249984e-10,58.96630507578175,4077710179.109103
v6p1i9_0096,train,q,9,silicon_die_lower,,,,384,0.951666838248311,0.10099847684032212,1.7578125e-10,66.73197285967822,5413926902.034836
v6p1i9_0097,train,k,0,silicon_die_upper,61.796497682037455,61.796497682037455,61.796497682037455,968,,,,,
v6p1i9_0097,train,k,1,silicon_die_upper,24.100447888301996,24.100447888301996,24.100447888301996,448,,,,,
v6p1i9_0097,train,k,2,silicon_die_lower,84.97362426059316,84.97362426059316,84.97362426059316,504,,,,,
v6p1i9_0097,train,q,0,silicon_die_upper,,,,320,1.6764213164601796,0.1790544549005664,1.4343261718749976e-10,173.45654689057218,11687866744.2058
v6p1i9_0097,train,q,1,silicon_die_upper,,,,384,2.3145147769967265,0.2472076545945655,1.721191406249999e-10,170.2505345591336,13447166704.366804
v6p1i9_0097,train,q,2,silicon_die_upper,,,,280,1.4196863604397338,0.15163322304625662,1.2550354003906235e-10,153.04051326384462,11311922834.98827
v6p1i9_0097,train,q,3,silicon_die_upper,,,,320,2.1866584301928493,0.23355163133969192,1.434326171874999e-10,239.44487555665262,15245196476.714754
v6p1i9_0097,train,q,4,silicon_die_lower,,,,448,1.7653530553516714,0.18855303611891958,2.05078125e-10,144.77005223735162,8608197755.61958
v6p1i9_0098,train,k,0,silicon_die_lower,44.3386057613858,44.3386057613858,44.3386057613858,560,,,,,
v6p1i9_0098,train,k,1,silicon_die_upper,156.3275406393112,156.3275406393112,156.3275406393112,512,,,,,
v6p1i9_0098,train,k,2,silicon_die_upper,99.13286596188854,99.13286596188854,99.13286596188854,576,,,,,
v6p1i9_0098,train,k,3,silicon_die_lower,21.071718325766465,21.071718325766465,21.071718325766465,336,,,,,
v6p1i9_0098,train,k,4,silicon_die_upper,20.4991518357832,20.4991518357832,20.4991518357832,560,,,,,
v6p1i9_0098,train,q,0,silicon_die_upper,,,,240,0.44504906984628895,0.09758760828883889,1.0757446289062498e-10,51.48546297909241,4137125651.268993
v6p1i9_0098,train,q,1,silicon_die_lower,,,,504,0.9084179535330873,0.19919227208485937,2.3071289062499988e-10,58.94603528049824,3937439087.483098
v6p1i9_0098,train,q,2,silicon_die_upper,,,,392,1.1288322184488822,0.2475233492699077,1.757049560546873e-10,82.09611876213285,6424589515.264092
v6p1i9_0098,train,q,3,silicon_die_lower,,,,384,0.5306125735247526,0.11634944433464489,1.757812499999998e-10,45.2487707814834,3018595973.829707
v6p1i9_0098,train,q,4,silicon_die_upper,,,,280,0.40516558384117995,0.08884220407800832,1.2550354003906237e-10,44.01070381896715,3228319963.8438416
v6p1i9_0098,train,q,5,silicon_die_lower,,,,576,0.7534209607877401,0.16520548986508057,2.6367187499999996e-10,47.29185138907575,2857418754.987578
v6p1i9_0098,train,q,6,silicon_die_lower,,,,336,0.38900965584152036,0.08529963207866004,1.5380859374999995e-10,41.22795217207009,2529180238.614076
v6p1i9_0099,test_iid,k,0,silicon_die_upper,74.97764804257712,74.97764804257712,74.97764804257712,528,,,,,
v6p1i9_0099,test_iid,k,1,silicon_die_upper,108.16445871211032,108.16445871211032,108.16445871211032,504,,,,,
v6p1i9_0099,test_iid,k,2,silicon_die_lower,197.50363451952865,197.50363451952865,197.50363451952865,648,,,,,
v6p1i9_0099,test_iid,k,3,silicon_die_upper,351.6744467184413,351.6744467184413,351.6744467184413,576,,,,,
v6p1i9_0099,test_iid,k,4,silicon_die_lower,40.08282067690865,40.08282067690865,40.08282067690865,800,,,,,
v6p1i9_0099,test_iid,k,5,silicon_die_upper,168.72579472733574,168.72579472733574,168.72579472733574,720,,,,,
v6p1i9_0099,test_iid,k,6,silicon_die_upper,29.542841769013062,29.542841769013062,29.542841769013062,648,,,,,
v6p1i9_0099,test_iid,q,0,silicon_die_lower,,,,576,3.7089090952183255,0.44626233125532816,2.636718749999999e-10,190.95206135535167,14066381161.124321
v6p1i9_0099,test_iid,q,1,silicon_die_upper,,,,280,1.2554844590704182,0.1510620527965835,1.255035400390625e-10,146.57229805861468,10003578055.883152
v6p1i9_0099,test_iid,q,2,silicon_die_lower,,,,336,1.828481463485296,0.2200060394049829,1.5380859374999997e-10,216.91691315969456,11888031864.183767
v6p1i9_0099,test_iid,q,3,silicon_die_upper,,,,504,1.5181762080491867,0.18266957654310553,2.2590637207031231e-10,122.12014087917244,6720377978.433744
v6p1i9_0100,valid_iid,k,0,silicon_die_upper,79.91311610410742,79.91311610410742,79.91311610410742,720,,,,,
v6p1i9_0100,valid_iid,k,1,silicon_die_upper,167.4886112001722,167.4886112001722,167.4886112001722,448,,,,,
v6p1i9_0100,valid_iid,k,2,silicon_die_upper,326.5003239486675,326.5003239486675,326.5003239486675,616,,,,,
v6p1i9_0100,valid_iid,k,3,silicon_die_upper,42.12631524952602,42.12631524952602,42.12631524952602,792,,,,,
v6p1i9_0100,valid_iid,k,4,silicon_die_upper,34.41315432243033,34.41315432243033,34.41315432243033,512,,,,,
v6p1i9_0100,valid_iid,k,5,silicon_die_upper,75.23113719369998,75.23113719369998,75.23113719369998,504,,,,,
v6p1i9_0100,valid_iid,k,6,silicon_die_lower,84.20383315905983,84.20383315905983,84.20383315905983,448,,,,,
v6p1i9_0100,valid_iid,q,0,silicon_die_lower,,,,512,1.8953354648043137,0.21838335014213697,2.3437500000000003e-10,115.29947067534712,8086764649.8317375
v6p1i9_0100,valid_iid,q,1,silicon_die_lower,,,,384,0.9815190317839613,0.11309207175700617,1.757812499999999e-10,95.53049045319008,5583752714.148761
v6p1i9_0100,valid_iid,q,2,silicon_die_upper,,,,448,1.6828449410741015,0.19389987832019642,2.0080566406249973e-10,112.1622220170904,8380465505.944716
v6p1i9_0100,valid_iid,q,3,silicon_die_lower,,,,448,1.3311146836518057,0.15337299883706085,2.0507812499999985e-10,83.2263532030298,6490768743.140239
v6p1i9_0100,valid_iid,q,4,silicon_die_lower,,,,432,1.4434343906806404,0.16631464128686999,1.977539062499997e-10,111.62215888333759,7299144770.651743
v6p1i9_0100,valid_iid,q,5,silicon_die_lower,,,,288,1.3446890698799665,0.15493705965672958,1.3183593749999995e-10,143.88999318953122,10199715611.533972
v6p1i9_0101,train,k,0,silicon_die_lower,296.43065504779366,296.43065504779366,296.43065504779366,576,,,,,
v6p1i9_0101,train,k,1,silicon_die_upper,82.53998571344388,82.53998571344388,82.53998571344388,576,,,,,
v6p1i9_0101,train,k,2,silicon_die_upper,23.022220669110695,23.022220669110695,23.022220669110695,720,,,,,
v6p1i9_0101,train,q,0,silicon_die_upper,,,,288,0.332094207408974,0.09733785844209737,1.2908935546875e-10,37.04757849842609,2572591723.020629
v6p1i9_0101,train,q,1,silicon_die_upper,,,,432,0.28519157420762875,0.08359054888577057,1.9363403320312483e-10,24.47160322646008,1472838062.0387056
v6p1i9_0101,train,q,2,silicon_die_upper,,,,200,0.35140640926177136,0.10299832564753048,8.964538574218751e-11,45.723379071038735,3919960925.511395
v6p1i9_0101,train,q,3,silicon_die_upper,,,,288,0.18444691026587925,0.05406197049210332,1.290893554687499e-10,24.14143847085755,1428831289.7381408
v6p1i9_0101,train,q,4,silicon_die_lower,,,,384,0.4576109766009075,0.13412721892819562,1.7578124999999992e-10,40.83567940798953,2603298000.2184973
v6p1i9_0101,train,q,5,silicon_die_upper,,,,448,0.661881340454526,0.19399950611992323,2.0080566406249989e-10,41.683984473531474,3296128839.5157933
v6p1i9_0101,train,q,6,silicon_die_upper,,,,320,0.24663464356533965,0.07228939104233062,1.4343261718749976e-10,23.689792052603348,1719515744.7551198
v6p1i9_0101,train,q,7,silicon_die_upper,,,,392,0.44442031561770623,0.1302609946373294,1.757049560546873e-10,41.24556034402417,2529355606.106993
v6p1i9_0101,train,q,8,silicon_die_upper,,,,576,0.44808179508558205,0.13133418580471956,2.581787109374999e-10,28.835739329777425,1735548967.064345
v6p1i9_0102,train,k,0,silicon_die_lower,21.25482897478027,21.25482897478027,21.25482897478027,648,,,,,
v6p1i9_0102,train,k,1,silicon_die_lower,85.79374519607175,85.79374519607175,85.79374519607175,576,,,,,
v6p1i9_0102,train,k,2,silicon_die_lower,37.271605855599844,37.271605855599844,37.271605855599844,480,,,,,
v6p1i9_0102,train,k,3,silicon_die_lower,28.305455987043388,28.305455987043388,28.305455987043388,432,,,,,
v6p1i9_0102,train,k,4,silicon_die_upper,136.46233324070408,136.46233324070408,136.46233324070408,504,,,,,
v6p1i9_0102,train,k,5,silicon_die_upper,310.7312876786841,310.7312876786841,310.7312876786841,576,,,,,
v6p1i9_0102,train,k,6,silicon_die_upper,91.89557145313984,91.89557145313984,91.89557145313984,432,,,,,
v6p1i9_0102,train,k,7,silicon_die_upper,213.2829241554398,213.2829241554398,213.2829241554398,616,,,,,
v6p1i9_0102,train,q,0,silicon_die_upper,,,,320,1.226283622360754,0.24429097392515445,1.4343261718749987e-10,118.50537556913098,8549545050.53558
v6p1i9_0102,train,q,1,silicon_die_lower,,,,448,2.0597881627121946,0.4103354616934094,2.05078125e-10,152.4976590696496,10043919421.987082
v6p1i9_0102,train,q,2,silicon_die_lower,,,,432,1.7336946134042266,0.3453735643814361,1.9775390625000002e-10,134.3070915900844,8766929798.15273
v6p1i9_0103,train,k,0,silicon_die_lower,34.394495136153886,34.394495136153886,34.394495136153886,528,,,,,
v6p1i9_0103,train,k,1,silicon_die_lower,67.39858413874856,67.39858413874856,67.39858413874856,480,,,,,
v6p1i9_0103,train,k,2,silicon_die_upper,23.184498130114243,23.184498130114243,23.184498130114243,880,,,,,
v6p1i9_0103,train,q,0,silicon_die_lower,,,,448,1.8843808078472062,0.17257861143504027,2.0507812499999995e-10,145.39089724775022,9188599748.740665
v6p1i9_0103,train,q,1,silicon_die_upper,,,,392,1.4767329304327954,0.1352447008233138,1.7570495605468723e-10,132.70603626402075,8404617397.207454
v6p1i9_0103,train,q,2,silicon_die_upper,,,,448,1.2290921624145756,0.11256483712415187,2.008056640624998e-10,96.70801885398431,6120804251.975814
v6p1i9_0103,train,q,3,silicon_die_upper,,,,288,1.809073045099741,0.1656816460917747,1.2908935546875e-10,171.0430173365957,14014114785.3022
v6p1i9_0103,train,q,4,silicon_die_upper,,,,392,1.2062554813797621,0.11047336883580969,1.7570495605468738e-10,100.40020004244502,6865233107.0520315
v6p1i9_0103,train,q,5,silicon_die_upper,,,,392,0.9147214264547496,0.08377359447201507,1.7570495605468738e-10,84.3888972331641,5206008111.518759
v6p1i9_0103,train,q,6,silicon_die_upper,,,,280,1.2733171108237777,0.11661512258421543,1.255035400390625e-10,139.4330828759031,10145666890.571075
v6p1i9_0103,train,q,7,silicon_die_lower,,,,384,1.125397771133009,0.10306811863367912,1.7578125e-10,98.53488220117782,6402262875.778895
v6p1i9_0104,train,k,0,silicon_die_upper,171.54987098738374,171.54987098738374,171.54987098738374,800,,,,,
v6p1i9_0104,train,k,1,silicon_die_lower,182.54254565926726,182.54254565926726,182.54254565926726,880,,,,,
v6p1i9_0104,train,k,2,silicon_die_lower,188.89418900213076,188.89418900213076,188.89418900213076,720,,,,,
v6p1i9_0104,train,k,3,silicon_die_upper,318.18537975657745,318.18537975657745,318.18537975657745,616,,,,,
v6p1i9_0104,train,q,0,silicon_die_upper,,,,448,4.127487944079273,0.45735827163897613,2.0080566406249973e-10,285.98581859452156,20554639050.393585
v6p1i9_0104,train,q,1,silicon_die_lower,,,,504,3.1862042621143,0.3530566034722615,2.3071289062499994e-10,214.26930020817352,13810256780.550451
v6p1i9_0104,train,q,2,silicon_die_lower,,,,240,1.7109350937306718,0.18958512488876228,1.0986328125000003e-10,215.18792909511336,15573311430.935177
v6p1i9_0105,train,k,0,silicon_die_lower,66.10759223979613,66.10759223979613,66.10759223979613,384,,,,,
v6p1i9_0105,train,k,1,silicon_die_lower,78.43467776086464,78.43467776086464,78.43467776086464,504,,,,,
v6p1i9_0105,train,k,2,silicon_die_lower,79.17519908702174,79.17519908702174,79.17519908702174,1056,,,,,
v6p1i9_0105,train,k,3,silicon_die_lower,58.755950700062755,58.755950700062755,58.755950700062755,704,,,,,
v6p1i9_0105,train,k,4,silicon_die_lower,138.61140621612506,138.61140621612506,138.61140621612506,528,,,,,
v6p1i9_0105,train,k,5,silicon_die_lower,24.733069836636137,24.733069836636137,24.733069836636137,432,,,,,
v6p1i9_0105,train,k,6,silicon_die_upper,30.422058550405097,30.422058550405097,30.422058550405097,392,,,,,
v6p1i9_0105,train,q,0,silicon_die_lower,,,,432,0.9050580758425935,0.13716929374733777,1.9775390624999994e-10,78.73178136551212,4576688739.075634
v6p1i9_0105,train,q,1,silicon_die_upper,,,,336,0.6062628750220281,0.09188432500818357,1.5060424804687488e-10,65.83203356311994,4025536350.298244
v6p1i9_0105,train,q,2,silicon_die_lower,,,,648,1.190581445929122,0.1804428030043729,2.96630859375e-10,63.725143401166484,4013680331.296859
v6p1i9_0105,train,q,3,silicon_die_upper,,,,448,1.0542564719654302,0.15978158700305187,2.0080566406249984e-10,73.12526066141,5250133141.848517
v6p1i9_0105,train,q,4,silicon_die_upper,,,,240,0.4645595952081958,0.07040798074635381,1.0757446289062491e-10,60.98691122870485,4318493281.072956
v6p1i9_0105,train,q,5,silicon_die_upper,,,,288,0.7185578814259028,0.1089035938605519,1.2908935546874985e-10,75.45236211760972,5566360439.376835
v6p1i9_0105,train,q,6,silicon_die_upper,,,,280,0.6127290888872179,0.09286433503492308,1.2550354003906245e-10,72.89661373783782,4882165783.503067
v6p1i9_0105,train,q,7,silicon_die_lower,,,,432,1.0461044714954089,0.15854608159522512,1.9775390624999994e-10,76.55445016353758,5289930759.561971
v6p1i9_0106,train,k,0,silicon_die_lower,289.5082568543924,289.5082568543924,289.5082568543924,616,,,,,
v6p1i9_0106,train,k,1,silicon_die_upper,56.983666777015934,56.983666777015934,56.983666777015934,768,,,,,
v6p1i9_0106,train,q,0,silicon_die_upper,,,,512,1.4554569583227235,0.1858107704849924,2.2949218749999984e-10,105.13247981818533,6342076277.967957
v6p1i9_0106,train,q,1,silicon_die_lower,,,,384,1.8956894326630869,0.24201300634084638,1.7578124999999995e-10,139.74424503051503,10784366550.26112
v6p1i9_0106,train,q,2,silicon_die_upper,,,,384,1.166120333410736,0.1488726385141376,1.7211914062499985e-10,107.877567929413,6775076433.546637
v6p1i9_0106,train,q,3,silicon_die_lower,,,,240,1.1226276246783882,0.14332014610010568,1.0986328124999985e-10,141.98892621440203,10218406112.628187
v6p1i9_0106,train,q,4,silicon_die_lower,,,,448,1.2096011493926082,0.1544236126413412,2.050781250000002e-10,90.29237696339932,5898245604.657284
v6p1i9_0106,train,q,5,silicon_die_lower,,,,384,0.9835109226552743,0.12555982591857667,1.7578125e-10,88.80109618748331,5595084359.99445
v6p1i9_0107,train,k,0,silicon_die_upper,261.3015749689974,261.3015749689974,261.3015749689974,792,,,,,
v6p1i9_0107,train,k,1,silicon_die_lower,97.8350014199821,97.8350014199821,97.8350014199821,384,,,,,
v6p1i9_0107,train,k,2,silicon_die_upper,66.65600746408967,66.65600746408967,66.65600746408967,432,,,,,
v6p1i9_0107,train,k,3,silicon_die_upper,70.00240171924135,70.00240171924135,70.00240171924135,360,,,,,
v6p1i9_0107,train,k,4,silicon_die_upper,42.46012170555106,42.46012170555106,42.46012170555106,448,,,,,
v6p1i9_0107,train,k,5,silicon_die_upper,364.2308927556908,364.2308927556908,364.2308927556908,880,,,,,
v6p1i9_0107,train,k,6,silicon_die_upper,78.29986618558878,78.29986618558878,78.29986618558878,480,,,,,
v6p1i9_0107,train,q,0,silicon_die_lower,,,,240,0.6362525317039931,0.08409580252056582,1.0986328125000005e-10,75.92460465013069,5791311933.021233
v6p1i9_0107,train,q,1,silicon_die_upper,,,,384,0.5826318752838461,0.07700856607176901,1.7211914062499975e-10,50.10456043483068,3385049873.9895563
v6p1i9_0107,train,q,2,silicon_die_upper,,,,512,0.8190910138593092,0.10826222720623903,2.294921874999997e-10,55.347756621814085,3569145524.2209945
v6p1i9_0107,train,q,3,silicon_die_lower,,,,336,0.8567594179098565,0.11324099665775843,1.5380859374999992e-10,84.22302003484462,5570296151.9980545
v6p1i9_0107,train,q,4,silicon_die_upper,,,,320,0.746433758760419,0.09865885453262693,1.4343261718749982e-10,68.82706013434166,5204072639.800306
v6p1i9_0107,train,q,5,silicon_die_upper,,,,512,0.8632245244562765,0.11409551321574533,2.2949218749999974e-10,58.58733854810501,3761454949.1201196
v6p1i9_0107,train,q,6,silicon_die_lower,,,,448,1.1933699551857908,0.1577320310482796,2.050781250000001e-10,81.28117604757607,5819099210.048805
v6p1i9_0107,train,q,7,silicon_die_upper,,,,432,1.025862053340527,0.13559190471119925,1.9363403320312488e-10,77.27334656840122,5297942909.986195
v6p1i9_0107,train,q,8,silicon_die_upper,,,,448,0.8421809220481594,0.11131410403581671,2.0080566406249984e-10,62.14536995937396,4194009795.391202
v6p1i9_0108,test_iid,k,0,silicon_die_lower,21.273446315813242,21.273446315813242,21.273446315813242,880,,,,,
v6p1i9_0108,test_iid,k,1,silicon_die_lower,197.64154303032333,197.64154303032333,197.64154303032333,432,,,,,
v6p1i9_0108,test_iid,k,2,silicon_die_lower,296.78425561316385,296.78425561316385,296.78425561316385,432,,,,,
v6p1i9_0108,test_iid,k,3,silicon_die_lower,351.66581940280776,351.66581940280776,351.66581940280776,336,,,,,
v6p1i9_0108,test_iid,k,4,silicon_die_lower,21.827938971441814,21.827938971441814,21.827938971441814,528,,,,,
v6p1i9_0108,test_iid,k,5,silicon_die_lower,26.24204757355103,26.24204757355103,26.24204757355103,384,,,,,
v6p1i9_0108,test_iid,k,6,silicon_die_upper,117.02493429821861,117.02493429821861,117.02493429821861,392,,,,,
v6p1i9_0108,test_iid,q,0,silicon_die_lower,,,,336,0.610072518921126,0.07303678206693799,1.5380859374999997e-10,59.739939221584656,3966439742.0649724
v6p1i9_0108,test_iid,q,1,silicon_die_lower,,,,648,1.7431995332303918,0.20869270530803335,2.966308593750001e-10,96.61006852407017,5876662788.569285
v6p1i9_0108,test_iid,q,2,silicon_die_upper,,,,384,1.283273989454233,0.15363124840582504,1.721191406249999e-10,106.5306604504389,7455730866.3894205
v6p1i9_0108,test_iid,q,3,silicon_die_lower,,,,448,1.4733078270084172,0.17638175682625637,2.0507812500000005e-10,103.96079305786489,7184129594.555327
v6p1i9_0108,test_iid,q,4,silicon_die_upper,,,,336,0.680039937134005,0.0814131552312913,1.5060424804687488e-10,76.22995730278667,4515410062.818053
v6p1i9_0108,test_iid,q,5,silicon_die_upper,,,,504,1.5278240907444005,0.18290834563348554,2.2590637207031237e-10,106.48565327661713,6763085417.8335085
v6p1i9_0108,test_iid,q,6,silicon_die_lower,,,,432,1.0352311472097675,0.12393600652817033,1.977539062499999e-10,81.79214380292493,5234946640.705197
v6p1i9_0109,train,k,0,silicon_die_lower,143.5426163041776,143.5426163041776,143.5426163041776,576,,,,,
v6p1i9_0109,train,k,1,silicon_die_lower,383.4729975259733,383.4729975259733,383.4729975259733,576,,,,,
v6p1i9_0109,train,k,2,silicon_die_upper,94.6445865141335,94.6445865141335,94.6445865141335,448,,,,,
v6p1i9_0109,train,k,3,silicon_die_lower,28.319071748003513,28.319071748003513,28.319071748003513,640,,,,,
v6p1i9_0109,train,k,4,silicon_die_upper,95.93615568209488,95.93615568209488,95.93615568209488,648,,,,,
v6p1i9_0109,train,k,5,silicon_die_upper,374.3568178231862,374.3568178231862,374.3568178231862,968,,,,,
v6p1i9_0109,train,k,6,silicon_die_lower,253.97245000936172,253.97245000936172,253.97245000936172,800,,,,,
v6p1i9_0109,train,k,7,silicon_die_upper,259.23015474317793,259.23015474317793,259.23015474317793,336,,,,,
v6p1i9_0109,train,q,0,silicon_die_upper,,,,512,0.9378709243487094,0.3189015552138481,2.2949218749999987e-10,68.64373630719116,4086722666.0982084
v6p1i9_0109,train,q,1,silicon_die_upper,,,,240,0.5974123218971858,0.2031363950100377,1.0757446289062491e-10,77.64329461240816,5553477152.887093
v6p1i9_0109,train,q,2,silicon_die_lower,,,,336,0.7553843917593646,0.2568511839554178,1.5380859375000003e-10,69.1158076579796,4911197569.279931
v6p1i9_0109,train,q,3,silicon_die_upper,,,,360,0.6502741950309401,0.22111086582069636,1.6136169433593734e-10,54.947785610246726,4029916751.352031
v6p1i9_0110,test_iid,k,0,silicon_die_upper,34.06792416602701,34.06792416602701,34.06792416602701,392,,,,,
v6p1i9_0110,test_iid,k,1,silicon_die_upper,177.15988674267314,177.15988674267314,177.15988674267314,288,,,,,
v6p1i9_0110,test_iid,k,2,silicon_die_lower,45.6215386105421,45.6215386105421,45.6215386105421,560,,,,,
v6p1i9_0110,test_iid,q,0,silicon_die_lower,,,,384,0.37861228160920896,0.06082641337773638,1.7578125e-10,34.15656015984824,2153883202.0435
v6p1i9_0110,test_iid,q,1,silicon_die_lower,,,,384,0.6410399051383097,0.10298704018749753,1.7578124999999997e-10,54.54338258867838,3646804793.675718
v6p1i9_0110,test_iid,q,2,silicon_die_lower,,,,392,0.5226654343232818,0.08396944660980801,1.7944335937499996e-10,46.35483682116311,2912704243.52131
v6p1i9_0110,test_iid,q,3,silicon_die_lower,,,,384,0.6591570400779656,0.1058976703825243,1.7578125000000002e-10,62.250202739594656,3749871161.332426
v6p1i9_0110,test_iid,q,4,silicon_die_lower,,,,336,0.3945477852145319,0.06338655095584131,1.5380859374999985e-10,42.84351962445749,2565186870.220197
v6p1i9_0110,test_iid,q,5,silicon_die_upper,,,,512,0.7822039375818198,0.12566591831311483,2.294921874999998e-10,62.138058747924966,3408412051.420358
v6p1i9_0110,test_iid,q,6,silicon_die_lower,,,,448,0.7419768358168274,0.11920318469405257,2.0507812500000013e-10,56.64018125259784,3618020380.363956
v6p1i9_0110,test_iid,q,7,silicon_die_lower,,,,432,0.7430339440672717,0.11937301569676925,1.9775390624999992e-10,57.1926801224879,3757366709.7525263
v6p1i9_0110,test_iid,q,8,silicon_die_lower,,,,240,0.447629466171482,0.07191445252033729,1.0986328124999994e-10,59.04478825058948,4074422874.307536
v6p1i9_0110,test_iid,q,9,silicon_die_lower,,,,448,0.9136049537173739,0.14677630726231847,2.05078125e-10,61.32668067644735,4454911774.3171
v6p1i9_0111,train,k,0,silicon_die_lower,150.86260664465007,150.86260664465007,150.86260664465007,560,,,,,
v6p1i9_0111,train,k,1,silicon_die_lower,170.161054774457,170.161054774457,170.161054774457,384,,,,,
v6p1i9_0111,train,k,2,silicon_die_lower,388.5949500391558,388.5949500391558,388.5949500391558,640,,,,,
v6p1i9_0111,train,k,3,silicon_die_upper,37.34836873085163,37.34836873085163,37.34836873085163,360,,,,,
v6p1i9_0111,train,k,4,silicon_die_upper,54.951492280878824,54.951492280878824,54.951492280878824,448,,,,,
v6p1i9_0111,train,k,5,silicon_die_lower,57.678599451941615,57.678599451941615,57.678599451941615,968,,,,,
v6p1i9_0111,train,q,0,silicon_die_upper,,,,384,2.710313682223808,0.22146528602669427,1.7211914062499995e-10,210.60667896621217,15746730272.891802
v6p1i9_0111,train,q,1,silicon_die_upper,,,,336,3.1463698945088545,0.2570963328722344,1.5060424804687482e-10,283.6021181260156,20891641074.623356
v6p1i9_0111,train,q,2,silicon_die_upper,,,,448,2.3464129833554024,0.1917302140721889,2.0080566406249965e-10,166.22942120359212,11684994018.022789
v6p1i9_0111,train,q,3,silicon_die_upper,,,,336,1.9700315724038253,0.1609753175529311,1.506042480468748e-10,163.81988512379735,13080849962.41715
v6p1i9_0111,train,q,4,silicon_die_lower,,,,240,2.0649690015985542,0.16873284947595132,1.0986328124999996e-10,275.89374630664963,18795806734.550404
v6p1i9_0112,train,k,0,silicon_die_upper,42.490164708182995,42.490164708182995,42.490164708182995,288,,,,,
v6p1i9_0112,train,k,1,silicon_die_lower,316.5380385852136,316.5380385852136,316.5380385852136,880,,,,,
v6p1i9_0112,train,k,2,silicon_die_lower,20.281085680009472,20.281085680009472,20.281085680009472,504,,,,,
v6p1i9_0112,train,k,3,silicon_die_upper,65.51831469244041,65.51831469244041,65.51831469244041,616,,,,,
v6p1i9_0112,train,q,0,silicon_die_lower,,,,448,1.1327713020606203,0.1343912535293064,2.0507812500000016e-10,88.56604725007614,5523608634.809877
v6p1i9_0112,train,q,1,silicon_die_lower,,,,384,1.1700860710448546,0.13881825355113372,1.7578124999999997e-10,103.0543530955214,6656489648.610729
v6p1i9_0112,train,q,2,silicon_die_upper,,,,448,1.6811369209141438,0.19944899534889485,2.0080566406249958e-10,132.16155870858015,8371959669.379146
v6p1i9_0112,train,q,3,silicon_die_upper,,,,512,1.2561203064735473,0.1490252995141314,2.2949218749999982e-10,79.15109563387921,5473477420.548568
v6p1i9_0112,train,q,4,silicon_die_lower,,,,448,1.4165204017254087,0.16805506291642158,2.0507812499999992e-10,105.8106358544152,6907223292.222948
v6p1i9_0112,train,q,5,silicon_die_lower,,,,576,1.7722714356070046,0.21026113514011205,2.636718749999999e-10,110.06317017220962,6721503518.746568
v6p1i9_0113,train,k,0,silicon_die_lower,170.27756698693415,170.27756698693415,170.27756698693415,336,,,,,
v6p1i9_0113,train,k,1,silicon_die_lower,123.93195865308408,123.93195865308408,123.93195865308408,504,,,,,
v6p1i9_0113,train,k,2,silicon_die_lower,21.588610855558738,21.588610855558738,21.588610855558738,480,,,,,
v6p1i9_0113,train,k,3,silicon_die_upper,29.368377961082317,29.368377961082317,29.368377961082317,968,,,,,
v6p1i9_0113,train,q,0,silicon_die_upper,,,,432,0.45769597335587237,0.11843700799437194,1.9363403320312465e-10,34.84530109643585,2363716572.8802605
v6p1i9_0113,train,q,1,silicon_die_lower,,,,392,0.5412610611004114,0.1400609670007908,1.79443359375e-10,41.61378846688814,3016333750.023517
v6p1i9_0113,train,q,2,silicon_die_upper,,,,392,0.3954630802412485,0.10233313536187517,1.7570495605468736e-10,32.91220949154594,2250722399.191531
v6p1i9_0113,train,q,3,silicon_die_upper,,,,392,0.3685988526216852,0.09538153664447294,1.757049560546873e-10,33.16821110009124,2097828432.9496124
v6p1i9_0113,train,q,4,silicon_die_upper,,,,336,0.5000551541526148,0.1293982026010766,1.5060424804687493e-10,47.528835724656766,3320325692.2538786
v6p1i9_0113,train,q,5,silicon_die_upper,,,,336,0.3917250053492278,0.1013658417179663,1.5060424804687472e-10,40.74868732273515,2601022284.7585654
v6p1i9_0113,train,q,6,silicon_die_lower,,,,360,0.3423515742306969,0.08858958455926874,1.6479492187499987e-10,31.4852996827009,2077440071.1836083
v6p1i9_0113,train,q,7,silicon_die_upper,,,,288,0.2986682707658641,0.07728574956209638,1.2908935546874985e-10,32.76730562590633,2313655294.670413
v6p1i9_0113,train,q,8,silicon_die_upper,,,,448,0.5686485717868401,0.14714797455808132,2.0080566406249978e-10,39.18161232028578,2831835319.196231
v6p1i9_0114,train,k,0,silicon_die_lower,24.66957219322276,24.66957219322276,24.66957219322276,528,,,,,
v6p1i9_0114,train,k,1,silicon_die_upper,22.9143005444467,22.9143005444467,22.9143005444467,504,,,,,
v6p1i9_0114,train,k,2,silicon_die_upper,27.483710640238527,27.483710640238527,27.483710640238527,672,,,,,
v6p1i9_0114,train,k,3,silicon_die_lower,39.55893199222246,39.55893199222246,39.55893199222246,240,,,,,
v6p1i9_0114,train,k,4,silicon_die_lower,51.08862040368241,51.08862040368241,51.08862040368241,616,,,,,
v6p1i9_0114,train,k,5,silicon_die_lower,71.68127156530021,71.68127156530021,71.68127156530021,448,,,,,
v6p1i9_0114,train,k,6,silicon_die_lower,194.84703939927465,194.84703939927465,194.84703939927465,480,,,,,
v6p1i9_0114,train,k,7,silicon_die_upper,70.60603060479194,70.60603060479194,70.60603060479194,792,,,,,
v6p1i9_0114,train,q,0,silicon_die_upper,,,,576,4.011433397127942,0.5230250268575616,2.581787109374997e-10,254.48473906744798,15537429025.660587
v6p1i9_0114,train,q,1,silicon_die_upper,,,,200,1.6165521462083141,0.21077184786181447,8.964538574218746e-11,241.24252966618795,18032742375.133297
v6p1i9_0114,train,q,2,silicon_die_lower,,,,336,2.0416921797918945,0.26620312528062406,1.5380859374999982e-10,194.3963786253035,13274239949.885096
v6p1i9_0115,train,k,0,silicon_die_lower,35.37008703471715,35.37008703471715,35.37008703471715,448,,,,,
v6p1i9_0115,train,k,1,silicon_die_lower,45.79830018708095,45.79830018708095,45.79830018708095,480,,,,,
v6p1i9_0115,train,k,2,silicon_die_upper,58.970774314233296,58.970774314233296,58.970774314233296,320,,,,,
v6p1i9_0115,train,q,0,silicon_die_lower,,,,240,0.3358814061680878,0.05417434902476986,1.0986328125e-10,47.00787739006441,3057267199.2544174
v6p1i9_0115,train,q,1,silicon_die_lower,,,,384,0.7955200310656857,0.12830951350007436,1.7578124999999997e-10,69.74004944744676,4525625065.618124
v6p1i9_0115,train,q,2,silicon_die_lower,,,,432,1.045705866601551,0.1686620144914239,1.9775390624999992e-10,92.48501671113675,5287915098.271549
v6p1i9_0115,train,q,3,silicon_die_lower,,,,448,0.8300320521032126,0.13387596117744752,2.0507812499999995e-10,63.18618039567034,4047394387.3985233
v6p1i9_0115,train,q,4,silicon_die_upper,,,,448,0.6360588762166253,0.10259000625720323,2.0080566406249965e-10,49.79767594149025,3167534537.365716
v6p1i9_0115,train,q,5,silicon_die_upper,,,,432,0.960782881049639,0.15496477679076823,1.9363403320312503e-10,84.18832833493175,4961849242.905369
v6p1i9_0115,train,q,6,silicon_die_upper,,,,504,0.7424337488097392,0.11974722118335744,2.259063720703124e-10,49.86135387983554,3286466610.063836
v6p1i9_0115,train,q,7,silicon_die_upper,,,,432,0.8535933007880144,0.1376761575749554,1.9363403320312477e-10,71.71041048103532,4408281368.041244
v6p1i9_0116,train,k,0,silicon_die_lower,152.9310759160261,152.9310759160261,152.9310759160261,704,,,,,
v6p1i9_0116,train,k,1,silicon_die_lower,346.32203303151687,346.32203303151687,346.32203303151687,960,,,,,
v6p1i9_0116,train,k,2,silicon_die_lower,315.21478699717375,315.21478699717375,315.21478699717375,960,,,,,
v6p1i9_0116,train,k,3,silicon_die_upper,30.793820335760056,30.793820335760056,30.793820335760056,792,,,,,
v6p1i9_0116,train,k,4,silicon_die_upper,32.6306172799991,32.6306172799991,32.6306172799991,448,,,,,
v6p1i9_0116,train,q,0,silicon_die_upper,,,,288,1.0947360738334702,0.07329065331914071,1.2908935546874988e-10,137.38492608087174,8480451930.821557
v6p1i9_0116,train,q,1,silicon_die_upper,,,,336,1.1344439249613751,0.07594902406312519,1.5060424804687488e-10,109.4646362777228,7532615710.86816
v6p1i9_0116,train,q,2,silicon_die_upper,,,,384,1.0640620296796977,0.07123708005184365,1.72119140625e-10,92.62248479256877,6182124927.046867
v6p1i9_0116,train,q,3,silicon_die_lower,,,,648,2.766241949267718,0.18519502969396517,2.9663085937499985e-10,145.3786976358282,9325536645.432575
v6p1i9_0116,train,q,4,silicon_die_lower,,,,432,2.3493194997908313,0.15728280551871096,1.9775390625000012e-10,159.51486410848926,11880015643.386715
v6p1i9_0116,train,q,5,silicon_die_lower,,,,360,1.0499076812423653,0.07028947133676203,1.6479492187499992e-10,90.65624270626869,6370995351.657378
v6p1i9_0116,train,q,6,silicon_die_upper,,,,240,0.8812890411682444,0.05900075016624062,1.0757446289062506e-10,104.19543389814109,8192362922.269792
v6p1i9_0116,train,q,7,silicon_die_upper,,,,432,1.373527686393442,0.09195526108424969,1.9363403320312483e-10,99.93649675048286,7093420839.67539
v6p1i9_0116,train,q,8,silicon_die_upper,,,,512,1.687329140165563,0.11296371609836062,2.2949218749999982e-10,113.23222228143909,7352446976.721437
v6p1i9_0116,train,q,9,silicon_die_lower,,,,240,1.5360554480865594,0.10283620866760133,1.0986328125000001e-10,157.51211133306222,13981518034.138992
v6p1i9_0117,valid_iid,k,0,silicon_die_lower,243.79315488285894,243.79315488285894,243.79315488285894,720,,,,,
v6p1i9_0117,valid_iid,k,1,silicon_die_upper,116.66040350656766,116.66040350656766,116.66040350656766,616,,,,,
v6p1i9_0117,valid_iid,k,2,silicon_die_upper,22.692816134870604,22.692816134870604,22.692816134870604,616,,,,,
v6p1i9_0117,valid_iid,k,3,silicon_die_lower,264.21436450213827,264.21436450213827,264.21436450213827,480,,,,,
v6p1i9_0117,valid_iid,k,4,silicon_die_lower,33.19706389737001,33.19706389737001,33.19706389737001,448,,,,,
v6p1i9_0117,valid_iid,q,0,silicon_die_lower,,,,576,1.4998194811929553,0.23897347308787734,2.6367187499999996e-10,94.3400605100517,5688204254.598469
v6p1i9_0117,valid_iid,q,1,silicon_die_lower,,,,504,1.5424325625841468,0.2457632209120152,2.3071289062499988e-10,117.8404387648886,6685506641.63457
v6p1i9_0117,valid_iid,q,2,silicon_die_upper,,,,280,1.0107168977129148,0.16104239902454376,1.255035400390624e-10,99.9793062116503,8053293934.165792
v6p1i9_0117,valid_iid,q,3,silicon_die_upper,,,,280,0.8403500982863815,0.13389703502017622,1.2550354003906237e-10,94.62943695152497,6695827846.966123
v6p1i9_0117,valid_iid,q,4,silicon_die_upper,,,,384,1.3827728703973674,0.22032387195538736,1.721191406249998e-10,136.1446607897616,8033812308.010814
v6p1i9_0118,train,k,0,silicon_die_upper,28.479269316572264,28.479269316572264,28.479269316572264,576,,,,,
v6p1i9_0118,train,k,1,silicon_die_upper,134.72288200434247,134.72288200434247,134.72288200434247,704,,,,,
v6p1i9_0118,train,k,2,silicon_die_upper,24.31199485298932,24.31199485298932,24.31199485298932,336,,,,,
v6p1i9_0118,train,k,3,silicon_die_upper,59.728866162755295,59.728866162755295,59.728866162755295,560,,,,,
v6p1i9_0118,train,k,4,silicon_die_lower,35.29939289819353,35.29939289819353,35.29939289819353,720,,,,,
v6p1i9_0118,train,k,5,silicon_die_upper,52.08365264665308,52.08365264665308,52.08365264665308,576,,,,,
v6p1i9_0118,train,k,6,silicon_die_upper,40.651712330397224,40.651712330397224,40.651712330397224,392,,,,,
v6p1i9_0118,train,k,7,silicon_die_upper,73.7126844407078,73.7126844407078,73.7126844407078,528,,,,,
v6p1i9_0118,train,q,0,silicon_die_upper,,,,504,0.6181614557292783,0.16043889632247166,2.2590637207031226e-10,43.66464852885633,2736361307.8469453
v6p1i9_0118,train,q,1,silicon_die_lower,,,,648,0.7723786093168732,0.20046473372509144,2.966308593750001e-10,39.86543520860633,2603837682.108569
v6p1i9_0118,train,q,2,silicon_die_lower,,,,512,0.611114773703233,0.15860998596820133,2.3437499999999993e-10,41.25142706947466,2607423034.4671283
v6p1i9_0118,train,q,3,silicon_die_upper,,,,448,0.3539255259311161,0.0918585593366512,2.0080566406249976e-10,31.17596011746095,1762527603.9074204
v6p1i9_0118,train,q,4,silicon_die_upper,,,,576,0.6187047825159395,0.1605799124747834,2.581787109374998e-10,37.58790508519465,2396420604.4305344
v6p1i9_0118,train,q,5,silicon_die_upper,,,,200,0.2368143050075845,0.06146327205724304,8.964538574218743e-11,35.30044606689125,2641678688.16631
v6p1i9_0118,train,q,6,silicon_die_lower,,,,448,0.6418406383760937,0.1665846401155578,2.05078125e-10,50.63732946957414,3129737208.081524
v6p1i9_0119,train,k,0,silicon_die_lower,76.56746434726097,76.56746434726097,76.56746434726097,384,,,,,
v6p1i9_0119,train,k,1,silicon_die_lower,40.63766102199835,40.63766102199835,40.63766102199835,560,,,,,
v6p1i9_0119,train,k,2,silicon_die_lower,50.4862064997861,50.4862064997861,50.4862064997861,576,,,,,
v6p1i9_0119,train,k,3,silicon_die_upper,128.15405903595527,128.15405903595527,128.15405903595527,960,,,,,
v6p1i9_0119,train,k,4,silicon_die_upper,127.5899621051164,127.5899621051164,127.5899621051164,448,,,,,
v6p1i9_0119,train,k,5,silicon_die_upper,329.9421132913021,329.9421132913021,329.9421132913021,384,,,,,
v6p1i9_0119,train,k,6,silicon_die_upper,54.784675436935736,54.784675436935736,54.784675436935736,336,,,,,
v6p1i9_0119,train,q,0,silicon_die_lower,,,,336,2.4556794637183565,0.2665377057824743,1.5380859375000005e-10,226.12409612456193,15965814418.079977
v6p1i9_0119,train,q,1,silicon_die_lower,,,,504,3.6506438177739127,0.39623828850410175,2.3071289062499996e-10,226.3229319718762,15823319658.838041
v6p1i9_0119,train,q,2,silicon_die_lower,,,,280,1.5513340507743065,0.1683806966278558,1.2817382812499996e-10,183.54755046096764,12103360518.041069
v6p1i9_0119,train,q,3,silicon_die_upper,,,,240,1.5555962166420936,0.16884330908556808,1.0757446289062487e-10,184.6732008678935,14460645908.348421
v6p1i9_0120,train,k,0,silicon_die_lower,344.42931025629963,344.42931025629963,344.42931025629963,392,,,,,
v6p1i9_0120,train,k,1,silicon_die_lower,140.71162671925768,140.71162671925768,140.71162671925768,392,,,,,
v6p1i9_0120,train,k,2,silicon_die_lower,190.7163997050073,190.7163997050073,190.7163997050073,360,,,,,
v6p1i9_0120,train,k,3,silicon_die_upper,57.82257213575368,57.82257213575368,57.82257213575368,968,,,,,
v6p1i9_0120,train,q,0,silicon_die_upper,,,,280,0.6533607519827208,0.11982187641456293,1.2550354003906237e-10,71.56331951302721,5205914923.032174
v6p1i9_0120,train,q,1,silicon_die_upper,,,,336,0.9305108126990955,0.17064929483948282,1.5060424804687477e-10,92.73925085249195,6178516374.979536
v6p1i9_0120,train,q,2,silicon_die_lower,,,,384,1.1824181232216235,0.2168473661771893,1.7578125000000007e-10,95.9081627413079,6726645323.216345
v6p1i9_0120,train,q,3,silicon_die_lower,,,,288,0.5042229727401842,0.09247103157285412,1.318359375000002e-10,56.08090731057287,3824624622.858873
v6p1i9_0120,train,q,4,silicon_die_upper,,,,448,0.8984715834030793,0.16477352014460703,2.008056640625e-10,62.93838914818011,4474333867.013998
v6p1i9_0120,train,q,5,silicon_die_upper,,,,384,0.580758420323862,0.10650710722305974,1.72119140625e-10,54.60336456966945,3374165233.5411897
v6p1i9_0120,train,q,6,silicon_die_upper,,,,320,0.703024155289359,0.12892980362824408,1.434326171874999e-10,57.96405688529411,4901424578.834412
v6p1i9_0121,train,k,0,silicon_die_upper,57.208076738582896,57.208076738582896,57.208076738582896,792,,,,,
v6p1i9_0121,train,k,1,silicon_die_upper,249.8498306082631,249.8498306082631,249.8498306082631,792,,,,,
v6p1i9_0121,train,k,2,silicon_die_upper,59.106177674331484,59.106177674331484,59.106177674331484,504,,,,,
v6p1i9_0121,train,k,3,silicon_die_lower,25.960322983142557,25.960322983142557,25.960322983142557,800,,,,,
v6p1i9_0121,train,k,4,silicon_die_lower,28.897342488702954,28.897342488702954,28.897342488702954,576,,,,,
v6p1i9_0121,train,k,5,silicon_die_lower,139.33418257967475,139.33418257967475,139.33418257967475,400,,,,,
v6p1i9_0121,train,k,6,silicon_die_lower,167.08585960990843,167.08585960990843,167.08585960990843,528,,,,,
v6p1i9_0121,train,k,7,silicon_die_lower,87.55235493542963,87.55235493542963,87.55235493542963,720,,,,,
v6p1i9_0121,train,q,0,silicon_die_lower,,,,360,1.6326181674725422,0.3237676362866701,1.647949218749999e-10,138.123443110329,9906968909.581537
v6p1i9_0121,train,q,1,silicon_die_lower,,,,392,1.3243863683568753,0.2626415977454228,1.7944335937499994e-10,100.53066868428289,7380525938.489473
v6p1i9_0121,train,q,2,silicon_die_upper,,,,384,1.0180624308025745,0.20189391088517014,1.7211914062499995e-10,79.90562209880851,5914870519.953683
v6p1i9_0121,train,q,3,silicon_die_upper,,,,512,1.0674943782795498,0.21169685508273695,2.2949218749999984e-10,79.9518286355769,4651549971.737276
v6p1i9_0122,train,k,0,silicon_die_upper,44.219068580254124,44.219068580254124,44.219068580254124,640,,,,,
v6p1i9_0122,train,k,1,silicon_die_upper,322.4132105271037,322.4132105271037,322.4132105271037,528,,,,,
v6p1i9_0122,train,k,2,silicon_die_lower,50.16958916308628,50.16958916308628,50.16958916308628,560,,,,,
v6p1i9_0122,train,k,3,silicon_die_upper,306.7783770269581,306.7783770269581,306.7783770269581,768,,,,,
v6p1i9_0122,train,q,0,silicon_die_upper,,,,336,0.5420924111804222,0.07460343813071386,1.5060424804687477e-10,49.135495133843385,3599449671.643384
v6p1i9_0122,train,q,1,silicon_die_upper,,,,384,0.8644881774929677,0.11897194820324652,1.7211914062499988e-10,71.30717644801011,5022615000.015884
v6p1i9_0122,train,q,2,silicon_die_upper,,,,240,0.4280902151079736,0.05891431279701544,1.075744628906249e-10,55.959640285791885,3979478062.0306644
v6p1i9_0122,train,q,3,silicon_die_lower,,,,288,0.5625577498438319,0.0774199037282956,1.318359375e-10,66.58123250767314,4267104709.926547
v6p1i9_0122,train,q,4,silicon_die_lower,,,,576,0.716552580627904,0.0986128656549026,2.6367187499999996e-10,46.80690498080516,2717592009.4924955
v6p1i9_0122,train,q,5,silicon_die_lower,,,,392,0.7223713379503841,0.09941365034207435,1.7944335937500004e-10,64.79029359466924,4025623129.584725
v6p1i9_0122,train,q,6,silicon_die_lower,,,,392,0.6074025646115404,0.0835915034316026,1.79443359375e-10,48.44456024399007,3384926400.882816
v6p1i9_0122,train,q,7,silicon_die_lower,,,,336,0.5967243308067524,0.08212195149069623,1.538085937500001e-10,53.14737801072117,3879655331.721359
v6p1i9_0122,train,q,8,silicon_die_lower,,,,448,1.3420891168402571,0.18469998902230078,2.0507812499999995e-10,91.22439266612183,6544282169.735351
v6p1i9_0122,train,q,9,silicon_die_lower,,,,512,0.8839509340963104,0.12165043719915199,2.3437500000000003e-10,58.00188932111296,3771523985.4775906
v6p1i9_0123,train,k,0,silicon_die_lower,132.58879765320825,132.58879765320825,132.58879765320825,448,,,,,
v6p1i9_0123,train,k,1,silicon_die_lower,20.101686995158175,20.101686995158175,20.101686995158175,800,,,,,
v6p1i9_0123,train,k,2,silicon_die_lower,255.77957028995885,255.77957028995885,255.77957028995885,576,,,,,
v6p1i9_0123,train,k,3,silicon_die_lower,99.87923984160265,99.87923984160265,99.87923984160265,480,,,,,
v6p1i9_0123,train,k,4,silicon_die_lower,30.59586486553007,30.59586486553007,30.59586486553007,648,,,,,
v6p1i9_0123,train,k,5,silicon_die_upper,191.1337967023489,191.1337967023489,191.1337967023489,792,,,,,
v6p1i9_0123,train,q,0,silicon_die_lower,,,,448,1.3346389525678022,0.15562989338776992,2.0507812499999977e-10,83.08399001779907,6507953749.663957
v6p1i9_0123,train,q,1,silicon_die_lower,,,,384,1.7211680522902235,0.200702369704555,1.7578125000000002e-10,145.9341661313838,9791533808.584381
v6p1i9_0123,train,q,2,silicon_die_lower,,,,504,2.1590257131125803,0.2517601789657753,2.3071289062499988e-10,142.46716037945754,9358062773.448818
v6p1i9_0123,train,q,3,silicon_die_upper,,,,576,2.253376229526645,0.26276222621035095,2.581787109374997e-10,133.21980641580043,8727970719.755224
v6p1i9_0123,train,q,4,silicon_die_upper,,,,336,1.1075146716303084,0.129145331731549,1.5060424804687488e-10,128.4597284657138,7353807651.4654455
v6p1i9_0124,train,k,0,silicon_die_lower,76.53527838723858,76.53527838723858,76.53527838723858,448,,,,,
v6p1i9_0124,train,k,1,silicon_die_upper,39.0458074843302,39.0458074843302,39.0458074843302,240,,,,,
v6p1i9_0124,train,k,2,silicon_die_upper,30.99015520041283,30.99015520041283,30.99015520041283,384,,,,,
v6p1i9_0124,train,k,3,silicon_die_lower,29.26634619375653,29.26634619375653,29.26634619375653,560,,,,,
v6p1i9_0124,train,k,4,silicon_die_lower,262.53528798998786,262.53528798998786,262.53528798998786,528,,,,,
v6p1i9_0124,train,q,0,silicon_die_lower,,,,512,5.906475744071484,0.49976571716800827,2.34375e-10,395.3798802534203,25200963174.705
v6p1i9_0124,train,q,1,silicon_die_upper,,,,280,2.2849346797335466,0.19333559780471163,1.255035400390624e-10,251.654482824767,18206137285.230133
v6p1i9_0124,train,q,2,silicon_die_upper,,,,240,3.6270788025895837,0.30689868502728007,1.0757446289062482e-10,416.3926774975234,33716912965.462605
v6p1i9_0125,train,k,0,silicon_die_upper,56.082244071179375,56.082244071179375,56.082244071179375,480,,,,,
v6p1i9_0125,train,k,1,silicon_die_upper,50.12082116008022,50.12082116008022,50.12082116008022,448,,,,,
v6p1i9_0125,train,k,2,silicon_die_upper,180.00101835801115,180.00101835801115,180.00101835801115,576,,,,,
v6p1i9_0125,train,k,3,silicon_die_lower,190.00756066650362,190.00756066650362,190.00756066650362,288,,,,,
v6p1i9_0125,train,k,4,silicon_die_lower,29.02005900371094,29.02005900371094,29.02005900371094,792,,,,,
v6p1i9_0125,train,q,0,silicon_die_upper,,,,288,0.4765065705643045,0.08607223624056817,1.2908935546874988e-10,44.54630107574113,3691292506.9151645
v6p1i9_0125,train,q,1,silicon_die_lower,,,,576,0.6546440824238701,0.1182495344170146,2.6367187499999985e-10,38.618504314924,2482798297.7853456
v6p1i9_0125,train,q,2,silicon_die_lower,,,,448,0.7968466788724622,0.1439358443897197,2.050781249999998e-10,57.17088263456762,3885576186.501915
v6p1i9_0125,train,q,3,silicon_die_upper,,,,384,0.5096118730345942,0.0920521063851997,1.7211914062499972e-10,50.99657139684432,2960808839.644966
v6p1i9_0125,train,q,4,silicon_die_lower,,,,512,0.984919270039782,0.1779077337556079,2.3437499999999993e-10,67.92884574035733,4202322218.8364043
v6p1i9_0125,train,q,5,silicon_die_lower,,,,512,0.7816588516849554,0.14119243993232494,2.3437499999999993e-10,54.43413413922412,3335077767.189144
v6p1i9_0125,train,q,6,silicon_die_lower,,,,384,0.6313478935239372,0.11404150204481601,1.7578124999999992e-10,49.59333010772495,3591668016.491733
v6p1i9_0125,train,q,7,silicon_die_lower,,,,576,0.7005887540548044,0.12654860283474892,2.636718749999998e-10,45.53878601743822,2657047719.081927
v6p1i9_0126,valid_iid,k,0,silicon_die_upper,21.672863266304613,21.672863266304613,21.672863266304613,880,,,,,
v6p1i9_0126,valid_iid,k,1,silicon_die_lower,211.44344998632724,211.44344998632724,211.44344998632724,392,,,,,
v6p1i9_0126,valid_iid,k,2,silicon_die_lower,59.55394322028255,59.55394322028255,59.55394322028255,432,,,,,
v6p1i9_0126,valid_iid,k,3,silicon_die_lower,69.34792207602858,69.34792207602858,69.34792207602858,288,,,,,
v6p1i9_0126,valid_iid,q,0,silicon_die_lower,,,,384,0.5437482776976889,0.14066741366044325,1.7578124999999997e-10,46.919128603689124,3093323535.346853
v6p1i9_0126,valid_iid,q,1,silicon_die_upper,,,,384,0.5561281139911706,0.14387007125839882,1.7211914062499985e-10,43.72186299234131,3231064900.5784917
v6p1i9_0126,valid_iid,q,2,silicon_die_lower,,,,384,0.6011393570208599,0.15551445782903228,1.7578125e-10,47.489491328959595,3419815008.8297806
v6p1i9_0126,valid_iid,q,3,silicon_die_lower,,,,448,0.7795304768795493,0.20166415334027682,2.0507812500000018e-10,58.31177119913729,3801139087.2602754
v6p1i9_0126,valid_iid,q,4,silicon_die_upper,,,,288,0.5000439637543325,0.12936112900562727,1.2908935546874975e-10,64.37625992751808,3873626620.402364
v6p1i9_0126,valid_iid,q,5,silicon_die_lower,,,,504,0.8848983665933243,0.2289227749062216,2.307128906249999e-10,66.39397656432136,3835495988.959003
v6p1i9_0127,train,k,0,silicon_die_lower,37.59002155047128,37.59002155047128,37.59002155047128,384,,,,,
v6p1i9_0127,train,k,1,silicon_die_lower,72.81939736164242,72.81939736164242,72.81939736164242,968,,,,,
v6p1i9_0127,train,k,2,silicon_die_upper,120.63415738505522,120.63415738505522,120.63415738505522,336,,,,,
v6p1i9_0127,train,k,3,silicon_die_upper,257.5390766821476,257.5390766821476,257.5390766821476,800,,,,,
v6p1i9_0127,train,q,0,silicon_die_upper,,,,336,1.4776834318241974,0.10974242521774649,1.5060424804687482e-10,137.1110439767247,9811698215.60595
v6p1i9_0127,train,q,1,silicon_die_lower,,,,384,1.0316047619273323,0.07661370900012252,1.7578124999999997e-10,96.52174664886698,5868684867.85327
v6p1i9_0127,train,q,2,silicon_die_upper,,,,384,1.7425585095058564,0.12941377889100236,1.7211914062499985e-10,129.40121542982388,10124141354.51914
v6p1i9_0127,train,q,3,silicon_die_lower,,,,648,1.5875733902364169,0.1179035714304686,2.9663085937499995e-10,86.97377407508394,5352016960.006885
v6p1i9_0127,train,q,4,silicon_die_lower,,,,448,2.044309264855178,0.15182376129328268,2.0507812499999995e-10,146.89894255597085,9968441367.674774
v6p1i9_0127,train,q,5,silicon_die_upper,,,,576,1.911980051053736,0.1419961293817572,2.5817871093749975e-10,114.37902705157106,7405645663.46677
v6p1i9_0127,train,q,6,silicon_die_upper,,,,336,1.1631882398436268,0.0863859576929927,1.5060424804687495e-10,138.77492679269028,7723475631.853288
v6p1i9_0127,train,q,7,silicon_die_lower,,,,336,1.0994983548754087,0.0816559307550693,1.5380859374999997e-10,102.42789580279145,7148484542.174087
v6p1i9_0127,train,q,8,silicon_die_lower,,,,384,1.4066192704380878,0.10446473633755822,1.7578124999999987e-10,121.05311055644916,8002100738.492239
