sample_id,split_role,family,block_index,layer,k_x_W_mK,k_y_W_mK,k_z_W_mK,control_volume_count,source_power_W,power_fraction,source_volume_m3,surface_power_density_W_cm2,q_W_m3
v6p1i4_0000,train,k,0,silicon_die_upper,57.228625125928026,57.228625125928026,57.228625125928026,576,,,,,
v6p1i4_0000,train,k,1,silicon_die_upper,61.697192671028,61.697192671028,61.697192671028,576,,,,,
v6p1i4_0000,train,k,2,silicon_die_lower,24.746258569132884,24.746258569132884,24.746258569132884,504,,,,,
v6p1i4_0000,train,q,0,silicon_die_upper,,,,648,1.053180863208553,0.34562002263693287,2.9045104980468724e-10,57.50468466608144,3626018442.4079747
v6p1i4_0000,train,q,1,silicon_die_lower,,,,576,0.6341751849756754,0.2081158606692902,2.6367187499999985e-10,42.8878425293829,2405168108.944785
v6p1i4_0000,train,q,2,silicon_die_lower,,,,392,0.47110570764834375,0.15460171280150403,1.7944335937499996e-10,39.12414262923251,2625372759.901519
v6p1i4_0000,train,q,3,silicon_die_lower,,,,512,0.888760031763048,0.29166240389227305,2.343749999999999e-10,59.52840022213894,3792042802.189007
v6p1i4_0001,valid_iid,k,0,silicon_die_upper,56.38494053763741,56.38494053763741,56.38494053763741,768,,,,,
v6p1i4_0001,valid_iid,k,1,silicon_die_upper,101.06249866960327,101.06249866960327,101.06249866960327,576,,,,,
v6p1i4_0001,valid_iid,k,2,silicon_die_lower,136.90052178165746,136.90052178165746,136.90052178165746,704,,,,,
v6p1i4_0001,valid_iid,q,0,silicon_die_upper,,,,336,0.46898041428626974,0.07964844464482113,1.5060424804687477e-10,54.555279609451894,3113991938.263933
v6p1i4_0001,valid_iid,q,1,silicon_die_upper,,,,336,0.7324669246308328,0.12439720193732888,1.5060424804687488e-10,77.38307204322334,4863521010.395775
v6p1i4_0001,valid_iid,q,2,silicon_die_upper,,,,288,0.5748535926119426,0.09762922534773609,1.2908935546874988e-10,64.54022612854278,4453144804.422731
v6p1i4_0001,valid_iid,q,3,silicon_die_upper,,,,336,0.9323385651025665,0.15834204229150428,1.5060424804687488e-10,83.69291306784694,6190652502.792487
v6p1i4_0001,valid_iid,q,4,silicon_die_upper,,,,240,0.631547529026231,0.1072577380076147,1.0757446289062506e-10,79.69499462219994,5870794164.860007
v6p1i4_0001,valid_iid,q,5,silicon_die_upper,,,,336,0.7497695434551105,0.12733576106614294,1.5060424804687477e-10,63.513173807055594,4978408996.947741
v6p1i4_0001,valid_iid,q,6,silicon_die_upper,,,,576,1.120243696130424,0.1902545720501875,2.581787109374998e-10,65.24391729521905,4339024283.073495
v6p1i4_0001,valid_iid,q,7,silicon_die_lower,,,,384,0.6779299597422985,0.11513501465466447,1.7578124999999995e-10,52.520328072883935,3856668215.422855
v6p1i4_0002,valid_iid,k,0,silicon_die_upper,99.13308722614455,99.13308722614455,99.13308722614455,440,,,,,
v6p1i4_0002,valid_iid,k,1,silicon_die_lower,69.41890138244698,69.41890138244698,69.41890138244698,704,,,,,
v6p1i4_0002,valid_iid,k,2,silicon_die_upper,55.6343191703114,55.6343191703114,55.6343191703114,528,,,,,
v6p1i4_0002,valid_iid,k,3,silicon_die_upper,71.7237904989944,71.7237904989944,71.7237904989944,448,,,,,
v6p1i4_0002,valid_iid,k,4,silicon_die_upper,162.2534241342721,162.2534241342721,162.2534241342721,720,,,,,
v6p1i4_0002,valid_iid,k,5,silicon_die_upper,112.01904105545478,112.01904105545478,112.01904105545478,480,,,,,
v6p1i4_0002,valid_iid,k,6,silicon_die_upper,177.53529719472135,177.53529719472135,177.53529719472135,392,,,,,
v6p1i4_0002,valid_iid,k,7,silicon_die_upper,146.8792233679078,146.8792233679078,146.8792233679078,576,,,,,
v6p1i4_0002,valid_iid,q,0,silicon_die_upper,,,,336,1.5525793401036188,0.22222009341030963,1.5060424804687498e-10,141.2671656224342,10309000975.99096
v6p1i4_0002,valid_iid,q,1,silicon_die_lower,,,,280,0.9845031719565421,0.1409115664390638,1.2817382812499996e-10,100.707897014739,7680999985.398091
v6p1i4_0002,valid_iid,q,2,silicon_die_upper,,,,504,2.1451616191260805,0.307036170757363,2.2590637207031234e-10,132.34791947807537,9495799518.476658
v6p1i4_0002,valid_iid,q,3,silicon_die_lower,,,,576,1.4028509792230028,0.20078952977879666,2.6367187499999985e-10,84.3274687712636,5320442232.312428
v6p1i4_0002,valid_iid,q,4,silicon_die_upper,,,,384,0.901578849973444,0.129042639614467,1.721191406249999e-10,79.23031599107553,5238109176.5833025
v6p1i4_0003,valid_iid,k,0,silicon_die_lower,268.6521299834947,268.6521299834947,268.6521299834947,648,,,,,
v6p1i4_0003,valid_iid,k,1,silicon_die_upper,213.67216053180547,213.67216053180547,213.67216053180547,792,,,,,
v6p1i4_0003,valid_iid,q,0,silicon_die_lower,,,,384,0.6992557922663831,0.10140810469814401,1.7578124999999997e-10,60.46844935056631,3977988507.1154246
v6p1i4_0003,valid_iid,q,1,silicon_die_lower,,,,320,0.7140210959825745,0.10354941190176174,1.4648437499999992e-10,64.6184258769502,4874384015.241044
v6p1i4_0003,valid_iid,q,2,silicon_die_lower,,,,336,0.43406143690768806,0.06294884951427496,1.5380859374999997e-10,43.483267811803685,2822088326.3077626
v6p1i4_0003,valid_iid,q,3,silicon_die_upper,,,,288,0.7649094017486244,0.11092938171553893,1.2908935546874988e-10,81.74647226997736,5925425833.687695
v6p1i4_0003,valid_iid,q,4,silicon_die_lower,,,,448,0.9298062066813899,0.13484319500668587,2.0507812499999985e-10,71.3237024046556,4533912169.72259
v6p1i4_0003,valid_iid,q,5,silicon_die_upper,,,,432,1.2230299713333324,0.1773673564861812,1.9363403320312477e-10,87.2813758919553,6316193238.873236
v6p1i4_0003,valid_iid,q,6,silicon_die_lower,,,,280,0.6184497399048007,0.089689376431957,1.2817382812499996e-10,59.70086190775844,4825085970.762028
v6p1i4_0003,valid_iid,q,7,silicon_die_upper,,,,336,0.6453425345129723,0.09358944756674459,1.5060424804687488e-10,75.13074782281548,4285022121.7671924
v6p1i4_0003,valid_iid,q,8,silicon_die_upper,,,,384,0.8665864106378565,0.12567487667871174,1.7211914062499988e-10,76.39883744828897,5034805585.776827
v6p1i4_0004,train,k,0,silicon_die_upper,76.72294813345312,76.72294813345312,76.72294813345312,720,,,,,
v6p1i4_0004,train,k,1,silicon_die_lower,78.67767375893413,78.67767375893413,78.67767375893413,528,,,,,
v6p1i4_0004,train,q,0,silicon_die_lower,,,,336,0.6943912196485186,0.15168224710088787,1.5380859374999987e-10,72.9707420598089,4514645136.000531
v6p1i4_0004,train,q,1,silicon_die_lower,,,,448,0.5819599782695337,0.12712285917351904,2.05078125e-10,42.68427342208553,2837747703.561917
v6p1i4_0004,train,q,2,silicon_die_upper,,,,576,0.624977858288666,0.13651964951617512,2.581787109374998e-10,38.41240300794233,2420718021.3242345
v6p1i4_0004,train,q,3,silicon_die_lower,,,,448,0.830256650526673,0.18136058011517944,2.050781249999998e-10,69.65480013849408,4048489572.0919714
v6p1i4_0004,train,q,4,silicon_die_upper,,,,360,0.7965434168907197,0.17399628907830972,1.6136169433593747e-10,69.17324783733069,4936384810.340446
v6p1i4_0004,train,q,5,silicon_die_lower,,,,384,0.4475514212161099,0.09776276447967952,1.7578125000000005e-10,43.30547006267765,2546070307.3627577
v6p1i4_0004,train,q,6,silicon_die_lower,,,,336,0.6022528186249233,0.13155561053624953,1.5380859374999997e-10,57.051068795618356,3915599277.916962
v6p1i4_0005,train,k,0,silicon_die_lower,33.83748949842515,33.83748949842515,33.83748949842515,560,,,,,
v6p1i4_0005,train,k,1,silicon_die_lower,344.09419892970544,344.09419892970544,344.09419892970544,432,,,,,
v6p1i4_0005,train,k,2,silicon_die_upper,84.65264837581687,84.65264837581687,84.65264837581687,800,,,,,
v6p1i4_0005,train,k,3,silicon_die_lower,241.68487140225605,241.68487140225605,241.68487140225605,800,,,,,
v6p1i4_0005,train,k,4,silicon_die_lower,31.95313620288137,31.95313620288137,31.95313620288137,560,,,,,
v6p1i4_0005,train,k,5,silicon_die_upper,72.74223310592308,72.74223310592308,72.74223310592308,336,,,,,
v6p1i4_0005,train,k,6,silicon_die_lower,38.95536808371407,38.95536808371407,38.95536808371407,560,,,,,
v6p1i4_0005,train,k,7,silicon_die_lower,89.3887481693335,89.3887481693335,89.3887481693335,560,,,,,
v6p1i4_0005,train,q,0,silicon_die_upper,,,,448,4.204788399205745,0.36836601947689074,2.0080566406249989e-10,332.71970905348456,20939590617.807587
v6p1i4_0005,train,q,1,silicon_die_upper,,,,336,2.3476449942177666,0.2056685282494121,1.5060424804687477e-10,259.23040290355266,15588172476.297445
v6p1i4_0005,train,q,2,silicon_die_lower,,,,392,4.862268769324509,0.4259654522736971,1.79443359375e-10,479.9339023114496,27096398475.038357
v6p1i4_0006,train,k,0,silicon_die_upper,118.22321699660586,118.22321699660586,118.22321699660586,768,,,,,
v6p1i4_0006,train,k,1,silicon_die_upper,107.9679439152408,107.9679439152408,107.9679439152408,448,,,,,
v6p1i4_0006,train,k,2,silicon_die_upper,27.04951856189137,27.04951856189137,27.04951856189137,440,,,,,
v6p1i4_0006,train,k,3,silicon_die_lower,28.334441389876257,28.334441389876257,28.334441389876257,480,,,,,
v6p1i4_0006,train,k,4,silicon_die_lower,37.50179080574852,37.50179080574852,37.50179080574852,960,,,,,
v6p1i4_0006,train,k,5,silicon_die_upper,21.7682927704293,21.7682927704293,21.7682927704293,640,,,,,
v6p1i4_0006,train,k,6,silicon_die_upper,47.49648023974176,47.49648023974176,47.49648023974176,560,,,,,
v6p1i4_0006,train,q,0,silicon_die_lower,,,,336,0.5679447685395487,0.07481888591035676,1.5380859375000003e-10,56.819084150423656,3692542495.139668
v6p1i4_0006,train,q,1,silicon_die_upper,,,,432,0.5191761786828056,0.06839429717810479,1.9363403320312483e-10,40.65076125154303,2681223801.903576
v6p1i4_0006,train,q,2,silicon_die_lower,,,,384,0.8974319553945902,0.11822427602535546,1.7578124999999992e-10,78.34532657643685,5105390679.578115
v6p1i4_0006,train,q,3,silicon_die_lower,,,,336,0.8955725176733833,0.11797932076486747,1.5380859375000003e-10,80.61292583946786,5822642908.555837
v6p1i4_0006,train,q,4,silicon_die_upper,,,,576,0.8407562652983065,0.110758035950447,2.581787109374999e-10,46.512221798993295,3256489515.5194936
v6p1i4_0006,train,q,5,silicon_die_lower,,,,288,0.6913129331604507,0.09107093918215063,1.3183593749999998e-10,78.13049179068454,5243736618.935568
v6p1i4_0006,train,q,6,silicon_die_lower,,,,384,0.6177756634496155,0.08138341867412259,1.7578124999999987e-10,46.504063287413665,3514457107.624482
v6p1i4_0006,train,q,7,silicon_die_lower,,,,432,0.8438433789037323,0.11116472056738715,1.9775390624999986e-10,70.76776268379233,4267138864.184802
v6p1i4_0006,train,q,8,silicon_die_upper,,,,384,0.9639702712781244,0.12698978094858773,1.7211914062499983e-10,75.21036525285706,5600598909.440002
v6p1i4_0006,train,q,9,silicon_die_lower,,,,448,0.7531439680966572,0.09921632479862043,2.0507812499999985e-10,62.359190232135795,3672473444.433226
v6p1i4_0007,train,k,0,silicon_die_upper,82.17814360172098,82.17814360172098,82.17814360172098,448,,,,,
v6p1i4_0007,train,k,1,silicon_die_lower,31.37618399254634,31.37618399254634,31.37618399254634,448,,,,,
v6p1i4_0007,train,k,2,silicon_die_lower,25.10745168216633,25.10745168216633,25.10745168216633,704,,,,,
v6p1i4_0007,train,k,3,silicon_die_upper,27.025093067865804,27.025093067865804,27.025093067865804,432,,,,,
v6p1i4_0007,train,k,4,silicon_die_upper,132.22455928118333,132.22455928118333,132.22455928118333,288,,,,,
v6p1i4_0007,train,k,5,silicon_die_lower,22.63385286130394,22.63385286130394,22.63385286130394,432,,,,,
v6p1i4_0007,train,k,6,silicon_die_upper,257.63653671316064,257.63653671316064,257.63653671316064,616,,,,,
v6p1i4_0007,train,q,0,silicon_die_upper,,,,512,0.9435973090750377,0.19935173219195473,2.2949218749999982e-10,59.2690612405263,4111675082.9482527
v6p1i4_0007,train,q,1,silicon_die_upper,,,,504,1.1264017644783213,0.23797242820980816,2.2590637207031231e-10,73.54341889300524,4986144278.071687
v6p1i4_0007,train,q,2,silicon_die_upper,,,,384,0.6789909258539037,0.14344892244794516,1.721191406249997e-10,64.59265639142512,3944889123.8263755
v6p1i4_0007,train,q,3,silicon_die_upper,,,,392,0.9480952214331302,0.2003019962624535,1.757049560546873e-10,81.66152806194768,5395950363.164715
v6p1i4_0007,train,q,4,silicon_die_lower,,,,384,0.622913052867573,0.13160147331901123,1.7578124999999997e-10,46.81319583889491,3543683145.2021937
v6p1i4_0007,train,q,5,silicon_die_lower,,,,336,0.4133305953206354,0.08732344756882723,1.5380859374999997e-10,42.85540714525903,2687304949.894163
v6p1i4_0008,train,k,0,silicon_die_lower,30.07034577237196,30.07034577237196,30.07034577237196,392,,,,,
v6p1i4_0008,train,k,1,silicon_die_lower,188.2373557304807,188.2373557304807,188.2373557304807,384,,,,,
v6p1i4_0008,train,k,2,silicon_die_lower,159.86516585910246,159.86516585910246,159.86516585910246,576,,,,,
v6p1i4_0008,train,k,3,silicon_die_upper,29.927525114287253,29.927525114287253,29.927525114287253,384,,,,,
v6p1i4_0008,train,k,4,silicon_die_upper,69.26753413883067,69.26753413883067,69.26753413883067,704,,,,,
v6p1i4_0008,train,k,5,silicon_die_lower,29.615676806539685,29.615676806539685,29.615676806539685,392,,,,,
v6p1i4_0008,train,q,0,silicon_die_lower,,,,336,0.4127973609205406,0.07169254877444863,1.5380859374999985e-10,47.39247160762692,2683838079.8897395
v6p1i4_0008,train,q,1,silicon_die_lower,,,,448,0.8577289739306367,0.1489660112207372,2.0507812499999995e-10,59.674600094307145,4182449853.833201
v6p1i4_0008,train,q,2,silicon_die_upper,,,,240,0.4458413792524288,0.07743146602595373,1.0757446289062487e-10,55.00067857448791,4144490869.6010222
v6p1i4_0008,train,q,3,silicon_die_upper,,,,448,0.790934368168577,0.1373654633858679,2.0080566406249989e-10,65.30086240272031,3938805072.36291
v6p1i4_0008,train,q,4,silicon_die_upper,,,,448,0.5007873375674345,0.08697420095931885,2.0080566406250004e-10,38.75294818032472,2493890498.0865793
v6p1i4_0008,train,q,5,silicon_die_lower,,,,432,0.4054758570984646,0.07042098718138037,1.9775390624999986e-10,35.49635873898461,2050406309.4756942
v6p1i4_0008,train,q,6,silicon_die_upper,,,,384,0.7034132834617826,0.12216524597134254,1.721191406249998e-10,65.86040293617816,4086781289.446049
v6p1i4_0008,train,q,7,silicon_die_upper,,,,384,0.49759109144838987,0.08641909316920664,1.721191406249999e-10,44.50390657070094,2890968951.166817
v6p1i4_0008,train,q,8,silicon_die_lower,,,,576,0.7241632646718557,0.12576899730505905,2.6367187499999975e-10,43.21849974091667,2746456233.4221516
v6p1i4_0008,train,q,9,silicon_die_upper,,,,392,0.41915082421896127,0.07279598600668513,1.757049560546874e-10,36.72451975864328,2385537856.3624716
v6p1i4_0009,train,k,0,silicon_die_lower,27.80067533425437,27.80067533425437,27.80067533425437,480,,,,,
v6p1i4_0009,train,k,1,silicon_die_lower,298.0886272701297,298.0886272701297,298.0886272701297,640,,,,,
v6p1i4_0009,train,k,2,silicon_die_upper,295.5736517640801,295.5736517640801,295.5736517640801,448,,,,,
v6p1i4_0009,train,k,3,silicon_die_upper,31.090622465497805,31.090622465497805,31.090622465497805,880,,,,,
v6p1i4_0009,train,k,4,silicon_die_upper,265.93566958303387,265.93566958303387,265.93566958303387,576,,,,,
v6p1i4_0009,train,k,5,silicon_die_upper,177.90493479221277,177.90493479221277,177.90493479221277,704,,,,,
v6p1i4_0009,train,q,0,silicon_die_lower,,,,448,1.2372225881658214,0.2272474074533063,2.0507812499999998e-10,88.8767468150744,6032933001.341911
v6p1i4_0009,train,q,1,silicon_die_upper,,,,392,0.6980451043731328,0.12821374405185565,1.757049560546873e-10,56.74514209616429,3972825354.7718353
v6p1i4_0009,train,q,2,silicon_die_upper,,,,448,1.1532852479437647,0.21183017927105458,2.0080566406249984e-10,79.166733760636,5743290426.234242
v6p1i4_0009,train,q,3,silicon_die_lower,,,,320,0.9973888251847068,0.1831958346978917,1.4648437499999994e-10,86.54385793115638,6808841046.594268
v6p1i4_0009,train,q,4,silicon_die_lower,,,,240,0.39724290656423245,0.07296376699666177,1.0986328124999998e-10,59.47202108684899,3615793211.749103
v6p1i4_0009,train,q,5,silicon_die_upper,,,,384,0.9612012595200163,0.17654906752923002,1.721191406249998e-10,98.86869731061431,5584511147.509208
v6p1i4_0010,train,k,0,silicon_die_upper,157.8662827787285,157.8662827787285,157.8662827787285,392,,,,,
v6p1i4_0010,train,k,1,silicon_die_upper,206.60958602939027,206.60958602939027,206.60958602939027,648,,,,,
v6p1i4_0010,train,k,2,silicon_die_upper,87.08076034933532,87.08076034933532,87.08076034933532,432,,,,,
v6p1i4_0010,train,k,3,silicon_die_upper,242.77401862760763,242.77401862760763,242.77401862760763,616,,,,,
v6p1i4_0010,train,k,4,silicon_die_upper,29.839872709957284,29.839872709957284,29.839872709957284,528,,,,,
v6p1i4_0010,train,k,5,silicon_die_lower,91.57408433905522,91.57408433905522,91.57408433905522,392,,,,,
v6p1i4_0010,train,q,0,silicon_die_lower,,,,432,1.1376353681604021,0.17624890330378662,1.9775390624999997e-10,82.1204453512762,5752783293.808652
v6p1i4_0010,train,q,1,silicon_die_lower,,,,504,1.0938918671107174,0.16947191280010535,2.307128906249999e-10,68.79378053631417,4741355648.344444
v6p1i4_0010,train,q,2,silicon_die_upper,,,,448,0.6334138163471404,0.09813204968229242,2.008056640624997e-10,54.18089344275234,3154362300.009594
v6p1i4_0010,train,q,3,silicon_die_lower,,,,384,1.105709164445057,0.17130271531687316,1.7578124999999997e-10,97.39051460369551,6290256579.9541025
v6p1i4_0010,train,q,4,silicon_die_upper,,,,504,0.9929102566123688,0.15382727076250421,2.2590637207031226e-10,61.54373959895638,4395229083.238653
v6p1i4_0010,train,q,5,silicon_die_upper,,,,336,0.6349927247766777,0.09837666310317528,1.506042480468749e-10,65.9938819584597,4216300224.0085487
v6p1i4_0010,train,q,6,silicon_die_upper,,,,576,0.8561557217829973,0.13264048503126294,2.581787109374997e-10,53.240952259108276,3316136015.5301757
v6p1i4_0011,test_iid,k,0,silicon_die_lower,80.06896033141672,80.06896033141672,80.06896033141672,448,,,,,
v6p1i4_0011,test_iid,k,1,silicon_die_lower,195.46537123056635,195.46537123056635,195.46537123056635,704,,,,,
v6p1i4_0011,test_iid,k,2,silicon_die_upper,94.01636462898529,94.01636462898529,94.01636462898529,704,,,,,
v6p1i4_0011,test_iid,k,3,silicon_die_lower,49.69221309422631,49.69221309422631,49.69221309422631,448,,,,,
v6p1i4_0011,test_iid,q,0,silicon_die_upper,,,,360,1.4004064538479113,0.3193315979274011,1.6136169433593736e-10,129.64611775866905,8678679655.73303
v6p1i4_0011,test_iid,q,1,silicon_die_upper,,,,288,1.3751528334351715,0.3135730705100974,1.290893554687499e-10,180.56051244376383,10652720578.251474
v6p1i4_0011,test_iid,q,2,silicon_die_lower,,,,432,1.609870976859736,0.3670953315625013,1.9775390624999994e-10,138.62250673000554,8140779655.82405
v6p1i4_0012,train,k,0,silicon_die_upper,103.24861141026125,103.24861141026125,103.24861141026125,704,,,,,
v6p1i4_0012,train,k,1,silicon_die_upper,195.23073373023283,195.23073373023283,195.23073373023283,288,,,,,
v6p1i4_0012,train,k,2,silicon_die_lower,37.077375960232274,37.077375960232274,37.077375960232274,384,,,,,
v6p1i4_0012,train,q,0,silicon_die_upper,,,,432,1.5111521726115065,0.23452526486892517,1.9363403320312483e-10,126.44279880896876,7804166176.853252
v6p1i4_0012,train,q,1,silicon_die_lower,,,,392,1.58884457038981,0.24658283954439286,1.7944335937499988e-10,131.37545491404563,8854295728.321995
v6p1i4_0012,train,q,2,silicon_die_upper,,,,448,1.3480602209576722,0.20921399320956283,2.008056640624998e-10,102.98749105500623,6713257951.419612
v6p1i4_0012,train,q,3,silicon_die_upper,,,,336,0.9663354071415101,0.14997170464998982,1.5060424804687488e-10,105.52105931379387,6416388778.361302
v6p1i4_0012,train,q,4,silicon_die_lower,,,,288,1.029059141281679,0.1597061977271294,1.3183593750000003e-10,127.80251990429134,7805604153.129178
v6p1i4_0013,train,k,0,silicon_die_lower,47.2095834929395,47.2095834929395,47.2095834929395,512,,,,,
v6p1i4_0013,train,k,1,silicon_die_lower,25.292279933494985,25.292279933494985,25.292279933494985,504,,,,,
v6p1i4_0013,train,k,2,silicon_die_lower,22.651751677509033,22.651751677509033,22.651751677509033,448,,,,,
v6p1i4_0013,train,k,3,silicon_die_lower,56.77283396345033,56.77283396345033,56.77283396345033,720,,,,,
v6p1i4_0013,train,k,4,silicon_die_lower,214.61705108098909,214.61705108098909,214.61705108098909,576,,,,,
v6p1i4_0013,train,k,5,silicon_die_lower,21.156071334562622,21.156071334562622,21.156071334562622,336,,,,,
v6p1i4_0013,train,k,6,silicon_die_lower,66.73882417109171,66.73882417109171,66.73882417109171,480,,,,,
v6p1i4_0013,train,k,7,silicon_die_upper,128.31978455624153,128.31978455624153,128.31978455624153,576,,,,,
v6p1i4_0013,train,q,0,silicon_die_lower,,,,504,1.3291421881228211,0.16131547446094652,2.3071289062499996e-10,98.22321851775217,5761022648.202197
v6p1i4_0013,train,q,1,silicon_die_upper,,,,384,0.5449750170574764,0.0661425874760252,1.7211914062500003e-10,50.08322826494847,3166266198.393508
v6p1i4_0013,train,q,2,silicon_die_lower,,,,448,0.7592052755058987,0.09214330891449404,2.050781249999999e-10,54.0180419119133,3702029533.8954315
v6p1i4_0013,train,q,3,silicon_die_lower,,,,448,0.9888292378288482,0.1200123350884689,2.050781250000001e-10,77.76072063778678,4821719712.079715
v6p1i4_0013,train,q,4,silicon_die_upper,,,,512,1.16106464686619,0.1409162210504925,2.2949218749999977e-10,74.66595728820438,5059277439.9616165
v6p1i4_0013,train,q,5,silicon_die_upper,,,,448,1.3649884846558595,0.16566607169920117,2.0080566406249973e-10,93.62539371116371,6797559675.562806
v6p1i4_0013,train,q,6,silicon_die_lower,,,,504,0.7724251382720051,0.09374777866459275,2.3071289062499988e-10,48.82123351203538,3347992980.277391
v6p1i4_0013,train,q,7,silicon_die_lower,,,,240,0.47864621767698246,0.058092386498204314,1.0986328124999993e-10,59.86401130437221,4356744239.122047
v6p1i4_0013,train,q,8,silicon_die_lower,,,,448,0.8401204951939925,0.10196383614757469,2.0507812500000003e-10,58.335145605750846,4096587557.517372
v6p1i4_0014,train,k,0,silicon_die_lower,42.62804716192831,42.62804716192831,42.62804716192831,480,,,,,
v6p1i4_0014,train,k,1,silicon_die_upper,28.750590077707873,28.750590077707873,28.750590077707873,392,,,,,
v6p1i4_0014,train,k,2,silicon_die_upper,206.56370597807899,206.56370597807899,206.56370597807899,704,,,,,
v6p1i4_0014,train,k,3,silicon_die_lower,364.853646853593,364.853646853593,364.853646853593,448,,,,,
v6p1i4_0014,train,q,0,silicon_die_upper,,,,512,3.3536006771587137,0.3773659725053956,2.2949218749999982e-10,248.03033829055107,14613136567.704365
v6p1i4_0014,train,q,1,silicon_die_lower,,,,512,2.9516105958038583,0.3321317921149857,2.3437500000000003e-10,182.79131315763368,12593538542.09646
v6p1i4_0014,train,q,2,silicon_die_lower,,,,288,1.208934087805847,0.13603604950554046,1.3183593750000003e-10,147.04474072305274,9169988932.690275
v6p1i4_0014,train,q,3,silicon_die_lower,,,,200,1.372720232580126,0.15446618587407812,9.155273437499994e-11,202.24923173810214,14993765527.061867
v6p1i4_0015,train,k,0,silicon_die_upper,40.645133938409025,40.645133938409025,40.645133938409025,384,,,,,
v6p1i4_0015,train,k,1,silicon_die_lower,22.64589787632686,22.64589787632686,22.64589787632686,392,,,,,
v6p1i4_0015,train,q,0,silicon_die_lower,,,,336,0.2655513203081995,0.06738649428383059,1.5380859374999992e-10,28.710292520481016,1726505092.035533
v6p1i4_0015,train,q,1,silicon_die_upper,,,,336,0.30666018419039465,0.07781830918799763,1.506042480468749e-10,36.74032958920791,2036198767.0822408
v6p1i4_0015,train,q,2,silicon_die_upper,,,,448,0.46424897100931506,0.11780815322207785,2.0080566406249976e-10,31.237723339477018,2311931653.8044457
v6p1i4_0015,train,q,3,silicon_die_upper,,,,448,0.3935503160163416,0.09986761161592335,2.008056640625e-10,30.259312911921473,1959856649.7300124
v6p1i4_0015,train,q,4,silicon_die_upper,,,,384,0.5807263348910444,0.1473655329643523,1.7211914062499983e-10,49.241678029542214,3373978819.4520855
v6p1i4_0015,train,q,5,silicon_die_upper,,,,512,0.663313003181054,0.1683227853861679,2.2949218749999974e-10,43.99505123106269,2890351128.754894
v6p1i4_0015,train,q,6,silicon_die_upper,,,,336,0.5195411245953611,0.13183912993589134,1.5060424804687477e-10,47.88662952273412,3449710956.583752
v6p1i4_0015,train,q,7,silicon_die_lower,,,,648,0.7471289617866217,0.18959198340375905,2.9663085937499995e-10,42.429483937262674,2518716236.60741
v6p1i4_0016,train,k,0,silicon_die_lower,22.455649879719775,22.455649879719775,22.455649879719775,704,,,,,
v6p1i4_0016,train,k,1,silicon_die_upper,54.94817435331625,54.94817435331625,54.94817435331625,792,,,,,
v6p1i4_0016,train,k,2,silicon_die_upper,176.1858323656738,176.1858323656738,176.1858323656738,640,,,,,
v6p1i4_0016,train,k,3,silicon_die_upper,22.960311088105986,22.960311088105986,22.960311088105986,616,,,,,
v6p1i4_0016,train,q,0,silicon_die_upper,,,,336,0.8191001138428534,0.1247019014837861,1.5060424804687493e-10,83.09743051880963,5438758364.823229
v6p1i4_0016,train,q,1,silicon_die_upper,,,,288,0.8302552518658615,0.1264001882979057,1.2908935546874995e-10,93.25328526066279,6431632173.319281
v6p1i4_0016,train,q,2,silicon_die_lower,,,,512,1.1701707330465796,0.17814979268771042,2.3437499999999993e-10,77.05404896580639,4992728460.998741
v6p1i4_0016,train,q,3,silicon_die_lower,,,,432,1.1301983545487875,0.17206429529702075,1.977539062499999e-10,84.43517012012803,5715175876.829428
v6p1i4_0016,train,q,4,silicon_die_lower,,,,432,1.2428421518125206,0.1892134758083502,1.977539062499998e-10,92.88896280786992,6284791918.301345
v6p1i4_0016,train,q,5,silicon_die_upper,,,,576,0.7893576091165835,0.12017382630521528,2.581787109374998e-10,47.58847182024314,3057407817.4387975
v6p1i4_0016,train,q,6,silicon_die_upper,,,,336,0.586541094608587,0.08929652012001152,1.5060424804687503e-10,61.37140504581831,3894585326.8762264
v6p1i4_0017,train,k,0,silicon_die_upper,38.677229344725504,38.677229344725504,38.677229344725504,640,,,,,
v6p1i4_0017,train,k,1,silicon_die_upper,166.74069819427203,166.74069819427203,166.74069819427203,704,,,,,
v6p1i4_0017,train,k,2,silicon_die_upper,50.096583386206305,50.096583386206305,50.096583386206305,288,,,,,
v6p1i4_0017,train,k,3,silicon_die_upper,121.79464243167634,121.79464243167634,121.79464243167634,792,,,,,
v6p1i4_0017,train,k,4,silicon_die_lower,146.12902374805856,146.12902374805856,146.12902374805856,792,,,,,
v6p1i4_0017,train,k,5,silicon_die_lower,27.558832527804956,27.558832527804956,27.558832527804956,320,,,,,
v6p1i4_0017,train,k,6,silicon_die_upper,96.2562102779684,96.2562102779684,96.2562102779684,504,,,,,
v6p1i4_0017,train,k,7,silicon_die_upper,99.65304888313932,99.65304888313932,99.65304888313932,720,,,,,
v6p1i4_0017,train,q,0,silicon_die_upper,,,,448,2.5301029965855397,0.42138662475590155,2.0080566406249973e-10,156.5207982548353,12599759117.342716
v6p1i4_0017,train,q,1,silicon_die_lower,,,,576,2.4974170975747128,0.4159428144921011,2.6367187499999996e-10,142.65275845565304,9471685584.87595
v6p1i4_0017,train,q,2,silicon_die_upper,,,,240,0.9767117631066065,0.16267056075199735,1.0757446289062487e-10,125.02877452141263,9079401717.29853
v6p1i4_0018,train,k,0,silicon_die_upper,360.7188279428462,360.7188279428462,360.7188279428462,576,,,,,
v6p1i4_0018,train,k,1,silicon_die_upper,35.07017849741101,35.07017849741101,35.07017849741101,432,,,,,
v6p1i4_0018,train,k,2,silicon_die_upper,34.646709676188145,34.646709676188145,34.646709676188145,336,,,,,
v6p1i4_0018,train,k,3,silicon_die_upper,50.93634059423876,50.93634059423876,50.93634059423876,384,,,,,
v6p1i4_0018,train,k,4,silicon_die_lower,86.39030189650013,86.39030189650013,86.39030189650013,616,,,,,
v6p1i4_0018,train,q,0,silicon_die_upper,,,,360,1.007994142970499,0.11858850898805996,1.6136169433593734e-10,84.27565706221685,6246799447.159781
v6p1i4_0018,train,q,1,silicon_die_upper,,,,384,0.5611966260339321,0.06602366848518645,1.721191406249999e-10,50.21220008571635,3260512596.077996
v6p1i4_0018,train,q,2,silicon_die_upper,,,,504,0.6333687439802369,0.07451457482372972,2.2590637207031213e-10,46.75940259952882,2803678082.09989
v6p1i4_0018,train,q,3,silicon_die_lower,,,,448,1.127145681188093,0.13260645081777936,2.05078125e-10,73.75473439427692,5496177035.888606
v6p1i4_0018,train,q,4,silicon_die_lower,,,,280,0.857996109072401,0.10094153820438495,1.2817382812499996e-10,90.31462773488335,6694003929.067724
v6p1i4_0018,train,q,5,silicon_die_upper,,,,240,0.514954402053744,0.060583362673545534,1.0757446289062493e-10,63.88280309506847,4786957686.949531
v6p1i4_0018,train,q,6,silicon_die_upper,,,,576,1.2856800761177851,0.1512577075231337,2.581787109374999e-10,80.38930063007454,4979806706.173475
v6p1i4_0018,train,q,7,silicon_die_upper,,,,504,1.1716968091824578,0.13784780254529883,2.259063720703122e-10,78.38963560181992,5186647895.074748
v6p1i4_0018,train,q,8,silicon_die_lower,,,,288,0.40747844405505895,0.04793902966822922,1.3183593749999982e-10,51.200219120569535,3090799457.1287475
v6p1i4_0018,train,q,9,silicon_die_lower,,,,360,0.9324199584236161,0.10969735627065212,1.6479492187499997e-10,80.19366770732739,5658062444.004641
v6p1i4_0019,train,k,0,silicon_die_lower,285.8981978420233,285.8981978420233,285.8981978420233,280,,,,,
v6p1i4_0019,train,k,1,silicon_die_lower,36.60691854139035,36.60691854139035,36.60691854139035,504,,,,,
v6p1i4_0019,train,k,2,silicon_die_lower,338.75180655348333,338.75180655348333,338.75180655348333,504,,,,,
v6p1i4_0019,train,k,3,silicon_die_lower,270.1478257363323,270.1478257363323,270.1478257363323,448,,,,,
v6p1i4_0019,train,k,4,silicon_die_lower,38.794039582747665,38.794039582747665,38.794039582747665,672,,,,,
v6p1i4_0019,train,k,5,silicon_die_upper,20.42569572603534,20.42569572603534,20.42569572603534,880,,,,,
v6p1i4_0019,train,q,0,silicon_die_lower,,,,320,0.603491733806394,0.1126459750517778,1.4648437499999984e-10,61.77433201203849,4119836902.7849874
v6p1i4_0019,train,q,1,silicon_die_lower,,,,392,1.3529437387896313,0.25253646091372706,1.7944335937500014e-10,101.66801962041558,7539670141.608605
v6p1i4_0019,train,q,2,silicon_die_upper,,,,336,0.8795807462933612,0.16417993031661357,1.506042480468749e-10,97.50311442738668,5840344862.11568
v6p1i4_0019,train,q,3,silicon_die_upper,,,,384,1.2090070267348072,0.22566966164060856,1.721191406249998e-10,99.9227779063924,7024245080.150037
v6p1i4_0019,train,q,4,silicon_die_lower,,,,336,0.681070584082333,0.1271266128852242,1.5380859375000005e-10,65.21434054285264,4428039860.954341
v6p1i4_0019,train,q,5,silicon_die_lower,,,,288,0.6313255856698196,0.11784135919204869,1.3183593749999995e-10,71.64932632983061,4788721479.451077
v6p1i4_0020,train,k,0,silicon_die_lower,21.075361677447564,21.075361677447564,21.075361677447564,320,,,,,
v6p1i4_0020,train,k,1,silicon_die_lower,250.27032280897137,250.27032280897137,250.27032280897137,792,,,,,
v6p1i4_0020,train,k,2,silicon_die_lower,124.38879222046445,124.38879222046445,124.38879222046445,384,,,,,
v6p1i4_0020,train,k,3,silicon_die_upper,90.77707525415191,90.77707525415191,90.77707525415191,480,,,,,
v6p1i4_0020,train,q,0,silicon_die_lower,,,,384,1.0050742611963364,0.2617040730204188,1.7578124999999992e-10,89.99112665044115,5717755797.028049
v6p1i4_0020,train,q,1,silicon_die_upper,,,,288,0.4628098827028715,0.12050774357038647,1.2908935546874975e-10,64.477999429851,3585190126.810336
v6p1i4_0020,train,q,2,silicon_die_lower,,,,432,1.2042091254910856,0.3135553710571158,1.9775390624999994e-10,103.89952564003644,6089432812.359861
v6p1i4_0020,train,q,3,silicon_die_lower,,,,504,1.1684058470216931,0.30423281235207905,2.3071289062500001e-10,78.6673314457096,5064328412.064397
v6p1i4_0021,train,k,0,silicon_die_lower,131.7670868835528,131.7670868835528,131.7670868835528,448,,,,,
v6p1i4_0021,train,k,1,silicon_die_lower,213.81920050310612,213.81920050310612,213.81920050310612,336,,,,,
v6p1i4_0021,train,k,2,silicon_die_upper,39.67900454478201,39.67900454478201,39.67900454478201,880,,,,,
v6p1i4_0021,train,k,3,silicon_die_upper,80.79329078032285,80.79329078032285,80.79329078032285,400,,,,,
v6p1i4_0021,train,k,4,silicon_die_upper,163.4751360176287,163.4751360176287,163.4751360176287,432,,,,,
v6p1i4_0021,train,k,5,silicon_die_upper,122.23275947330224,122.23275947330224,122.23275947330224,384,,,,,
v6p1i4_0021,train,q,0,silicon_die_upper,,,,384,0.7291363404253547,0.12256166628564685,1.7211914062500003e-10,66.12498372464174,4236230426.0741167
v6p1i4_0021,train,q,1,silicon_die_lower,,,,448,1.0707656721095513,0.17998667423250228,2.0507812499999998e-10,73.21634004739263,5221257372.5722885
v6p1i4_0021,train,q,2,silicon_die_lower,,,,392,0.551347913998438,0.09267693200333905,1.79443359375e-10,44.41273379397467,3072545654.0647645
v6p1i4_0021,train,q,3,silicon_die_upper,,,,448,0.7294200989952682,0.12260936370686049,2.008056640624998e-10,50.078576837186404,3632467751.3490834
v6p1i4_0021,train,q,4,silicon_die_upper,,,,432,0.6030007740405614,0.10135934192339442,1.9363403320312483e-10,46.609348283573404,3114125983.2562857
v6p1i4_0021,train,q,5,silicon_die_lower,,,,320,0.6006656171442601,0.10096682175346003,1.46484375e-10,51.741467168027015,4100543946.371483
v6p1i4_0021,train,q,6,silicon_die_lower,,,,384,0.7194889238121095,0.12094001695901833,1.7578125000000002e-10,64.42793376372636,4093092544.3533335
v6p1i4_0021,train,q,7,silicon_die_upper,,,,448,0.9453132647378838,0.1588991831357786,2.0080566406249984e-10,76.82125086953052,4707602592.542706
v6p1i4_0022,train,k,0,silicon_die_lower,42.6795729603409,42.6795729603409,42.6795729603409,384,,,,,
v6p1i4_0022,train,k,1,silicon_die_lower,302.473180997598,302.473180997598,302.473180997598,392,,,,,
v6p1i4_0022,train,k,2,silicon_die_upper,241.86029393907774,241.86029393907774,241.86029393907774,968,,,,,
v6p1i4_0022,train,k,3,silicon_die_lower,190.58315054655097,190.58315054655097,190.58315054655097,640,,,,,
v6p1i4_0022,train,q,0,silicon_die_upper,,,,576,1.9614574423271232,0.21428827047470572,2.5817871093749954e-10,129.57969507850154,7597285752.975802
v6p1i4_0022,train,q,1,silicon_die_upper,,,,392,2.0164129484303177,0.22029213275679732,1.757049560546875e-10,169.32295816472038,11476130177.015137
v6p1i4_0022,train,q,2,silicon_die_upper,,,,504,1.9884495141954224,0.2172371411829707,2.2590637207031237e-10,128.9756360501792,8802095735.380701
v6p1i4_0022,train,q,3,silicon_die_upper,,,,280,1.2789316620871454,0.139722661328223,1.255035400390625e-10,142.61002595761101,10190403088.941418
v6p1i4_0022,train,q,4,silicon_die_lower,,,,384,1.9081073078156774,0.2084597942573033,1.7578125000000013e-10,193.23601311604673,10855010462.24029
v6p1i4_0023,train,k,0,silicon_die_lower,38.0557816488901,38.0557816488901,38.0557816488901,448,,,,,
v6p1i4_0023,train,k,1,silicon_die_lower,44.651468578428236,44.651468578428236,44.651468578428236,792,,,,,
v6p1i4_0023,train,k,2,silicon_die_upper,32.76460726965525,32.76460726965525,32.76460726965525,528,,,,,
v6p1i4_0023,train,q,0,silicon_die_upper,,,,392,0.42534499074680254,0.10699375235038178,1.7570495605468736e-10,38.331110550587866,2420791082.377983
v6p1i4_0023,train,q,1,silicon_die_lower,,,,432,0.43639420768936404,0.10977313663122734,1.9775390624999994e-10,33.24120788191817,2206753919.377328
v6p1i4_0023,train,q,2,silicon_die_upper,,,,280,0.2799347545285159,0.07041641597260094,1.2550354003906235e-10,34.88339944727742,2230492896.3867283
v6p1i4_0023,train,q,3,silicon_die_upper,,,,320,0.455713824295487,0.11463290533575718,1.4343261718749997e-10,49.35005902633794,3177197998.8328767
v6p1i4_0023,train,q,4,silicon_die_lower,,,,336,0.33393847976217,0.08400082704913149,1.5380859374999982e-10,29.006347786918464,2171130179.5330954
v6p1i4_0023,train,q,5,silicon_die_lower,,,,320,0.4975999769921325,0.12516919175273516,1.4648437499999979e-10,50.94945868015034,3396949176.266296
v6p1i4_0023,train,q,6,silicon_die_lower,,,,448,0.5491447316858937,0.13813505908076582,2.0507812499999995e-10,41.707365498803036,2677734310.69693
v6p1i4_0023,train,q,7,silicon_die_lower,,,,512,0.6199194966601291,0.1559381550171125,2.343749999999999e-10,42.166972551190426,2644989852.4165525
v6p1i4_0023,train,q,8,silicon_die_lower,,,,448,0.37742848877497126,0.09494055681028775,2.050781249999997e-10,29.95757088916843,1840413202.4074817
v6p1i4_0024,test_iid,k,0,silicon_die_lower,58.10265860326353,58.10265860326353,58.10265860326353,800,,,,,
v6p1i4_0024,test_iid,k,1,silicon_die_upper,48.10449261950899,48.10449261950899,48.10449261950899,864,,,,,
v6p1i4_0024,test_iid,k,2,silicon_die_upper,125.61860649957877,125.61860649957877,125.61860649957877,384,,,,,
v6p1i4_0024,test_iid,k,3,silicon_die_lower,317.80851192876133,317.80851192876133,317.80851192876133,880,,,,,
v6p1i4_0024,test_iid,k,4,silicon_die_lower,133.90644841431728,133.90644841431728,133.90644841431728,528,,,,,
v6p1i4_0024,test_iid,q,0,silicon_die_lower,,,,576,1.2104687461579653,0.1742625453815292,2.636718749999999e-10,76.75823596892708,4590814800.243544
v6p1i4_0024,test_iid,q,1,silicon_die_upper,,,,504,1.6186083320256837,0.2330194883674741,2.259063720703122e-10,114.96495450978978,7164952086.973005
v6p1i4_0024,test_iid,q,2,silicon_die_lower,,,,280,1.0097716255046008,0.14536961344354496,1.2817382812500007e-10,94.59082213638445,7878142053.460652
v6p1i4_0024,test_iid,q,3,silicon_die_lower,,,,280,1.2699721901280585,0.18282883149020204,1.281738281249999e-10,115.57643389208388,9908202077.646727
v6p1i4_0024,test_iid,q,4,silicon_die_upper,,,,648,1.8374149912832325,0.26451952131724965,2.9045104980468714e-10,104.17958898011481,6326074539.991493
v6p1i4_0025,train,k,0,silicon_die_upper,196.14539447531453,196.14539447531453,196.14539447531453,288,,,,,
v6p1i4_0025,train,k,1,silicon_die_lower,209.37808170070142,209.37808170070142,209.37808170070142,720,,,,,
v6p1i4_0025,train,k,2,silicon_die_lower,93.6454056494662,93.6454056494662,93.6454056494662,640,,,,,
v6p1i4_0025,train,k,3,silicon_die_lower,54.58922475313489,54.58922475313489,54.58922475313489,384,,,,,
v6p1i4_0025,train,q,0,silicon_die_upper,,,,240,0.5606724861037858,0.05820102007279122,1.0757446289062487e-10,73.76238549587094,5211947808.411029
v6p1i4_0025,train,q,1,silicon_die_lower,,,,432,1.4433040729852886,0.14982324156246998,1.977539062499999e-10,120.81508830680049,7298485781.416969
v6p1i4_0025,train,q,2,silicon_die_upper,,,,320,1.1438296168292503,0.11873607522914752,1.4343261718749992e-10,121.05410792265353,7974682741.332106
v6p1i4_0025,train,q,3,silicon_die_upper,,,,384,1.1377617097271895,0.11810619166646186,1.721191406249998e-10,99.58720428525305,6610314841.19514
v6p1i4_0025,train,q,4,silicon_die_lower,,,,280,1.026181740614172,0.10652355085025808,1.2817382812500012e-10,126.01973594933563,8006172208.677419
v6p1i4_0025,train,q,5,silicon_die_lower,,,,336,1.0014273039696162,0.10395389833520007,1.5380859374999997e-10,112.41584874044419,6510867042.951665
v6p1i4_0025,train,q,6,silicon_die_lower,,,,288,1.0614252427479862,0.11018202852834033,1.3183593749999998e-10,103.20468494687002,8051107026.473616
v6p1i4_0025,train,q,7,silicon_die_upper,,,,512,1.1571248742878897,0.1201161992148998,2.2949218749999977e-10,79.9614539894996,5042110090.514044
v6p1i4_0025,train,q,8,silicon_die_upper,,,,384,1.1016519794694137,0.11435779454043123,1.7211914062499995e-10,97.81680391616199,6400519869.371234
v6p1i4_0026,test_iid,k,0,silicon_die_lower,241.51954195656324,241.51954195656324,241.51954195656324,432,,,,,
v6p1i4_0026,test_iid,k,1,silicon_die_upper,375.0211104024022,375.0211104024022,375.0211104024022,704,,,,,
v6p1i4_0026,test_iid,q,0,silicon_die_lower,,,,504,1.1031390425191414,0.22269614426413614,2.3071289062499978e-10,78.92749943077169,4781436527.151754
v6p1i4_0026,test_iid,q,1,silicon_die_lower,,,,288,0.6044217868267565,0.1220176208505672,1.3183593749999995e-10,73.65757786621938,4584651183.041473
v6p1i4_0026,test_iid,q,2,silicon_die_lower,,,,432,1.7110015089490207,0.3454083521538076,1.9775390624999997e-10,135.33604500759674,8652175531.673075
v6p1i4_0026,test_iid,q,3,silicon_die_upper,,,,512,1.5349991441649071,0.3098778827314891,2.2949218749999972e-10,104.18069810026913,6688677121.807944
v6p1i4_0027,train,k,0,silicon_die_lower,148.8316044426297,148.8316044426297,148.8316044426297,504,,,,,
v6p1i4_0027,train,k,1,silicon_die_lower,205.9496427526157,205.9496427526157,205.9496427526157,704,,,,,
v6p1i4_0027,train,k,2,silicon_die_upper,23.141287162043557,23.141287162043557,23.141287162043557,616,,,,,
v6p1i4_0027,train,q,0,silicon_die_upper,,,,448,0.8795986000504592,0.1640809153944146,2.0080566406249968e-10,75.54328581906,4380347557.211777
v6p1i4_0027,train,q,1,silicon_die_lower,,,,392,0.6837604811762839,0.12754914077340962,1.79443359375e-10,51.78141033640374,3810452967.2082434
v6p1i4_0027,train,q,2,silicon_die_lower,,,,576,0.800343401786988,0.149296597320136,2.6367187499999985e-10,48.93423988280361,3035376457.14769
v6p1i4_0027,train,q,3,silicon_die_upper,,,,384,0.7055840130635185,0.13162011711306187,1.7211914062499972e-10,57.9941627010016,4099393074.479683
v6p1i4_0027,train,q,4,silicon_die_upper,,,,336,0.6667952121488062,0.12438442806038194,1.5060424804687482e-10,73.73878757415875,4427466162.450275
v6p1i4_0027,train,q,5,silicon_die_upper,,,,384,0.581622210841667,0.10849619901981347,1.7211914062499983e-10,51.048262074787665,3379183795.1879015
v6p1i4_0027,train,q,6,silicon_die_upper,,,,240,0.2873000806652798,0.0535931505868063,1.0757446289062475e-10,43.265082860673374,2670708948.436854
v6p1i4_0027,train,q,7,silicon_die_upper,,,,432,0.7557571706693973,0.14097945173197618,1.9363403320312483e-10,54.721071897307596,3903018277.146546
v6p1i4_0028,train,k,0,silicon_die_upper,21.33273179319611,21.33273179319611,21.33273179319611,392,,,,,
v6p1i4_0028,train,k,1,silicon_die_lower,163.29256717543728,163.29256717543728,163.29256717543728,384,,,,,
v6p1i4_0028,train,k,2,silicon_die_upper,23.068666287182495,23.068666287182495,23.068666287182495,648,,,,,
v6p1i4_0028,train,k,3,silicon_die_upper,38.77047324651219,38.77047324651219,38.77047324651219,800,,,,,
v6p1i4_0028,train,k,4,silicon_die_lower,86.46262595463996,86.46262595463996,86.46262595463996,360,,,,,
v6p1i4_0028,train,k,5,silicon_die_upper,41.166336421023104,41.166336421023104,41.166336421023104,648,,,,,
v6p1i4_0028,train,k,6,silicon_die_upper,348.3982019462048,348.3982019462048,348.3982019462048,392,,,,,
v6p1i4_0028,train,k,7,silicon_die_upper,56.015220568999226,56.015220568999226,56.015220568999226,792,,,,,
v6p1i4_0028,train,q,0,silicon_die_upper,,,,392,0.2834278549001733,0.08993388366035819,1.757049560546873e-10,23.913782371205965,1613089700.2811792
v6p1i4_0028,train,q,1,silicon_die_upper,,,,384,0.42387505966138717,0.13449888443583344,1.721191406249997e-10,34.96824592071584,2462684034.571695
v6p1i4_0028,train,q,2,silicon_die_upper,,,,336,0.2665647116839867,0.08458307591887267,1.5060424804687495e-10,27.376932562063384,1769968079.526014
v6p1i4_0028,train,q,3,silicon_die_upper,,,,336,0.2310140292138087,0.0733025652490748,1.5060424804687488e-10,25.838825445619104,1533914429.438316
v6p1i4_0028,train,q,4,silicon_die_lower,,,,336,0.29995809788341354,0.09517905954420273,1.5380859374999997e-10,27.836923988711227,1950203760.2070827
v6p1i4_0028,train,q,5,silicon_die_upper,,,,448,0.4238915538917259,0.13450411818462243,2.0080566406249984e-10,35.89721288985227,2110954169.8972774
v6p1i4_0028,train,q,6,silicon_die_upper,,,,448,0.2726636455271054,0.08651831551235739,2.0080566406249973e-10,21.06218156057464,1357848379.4273863
v6p1i4_0028,train,q,7,silicon_die_lower,,,,360,0.49643223525985514,0.1575218459273746,1.6479492187500008e-10,39.8780233131406,3012424349.0731344
v6p1i4_0028,train,q,8,silicon_die_lower,,,,336,0.22623850831113038,0.07178725497221317,1.5380859374999997e-10,21.450368289458805,1470909412.7656987
v6p1i4_0028,train,q,9,silicon_die_upper,,,,320,0.22744787524360693,0.07217099659509049,1.4343261718749987e-10,21.257879038696817,1585747228.9324508
v6p1i4_0029,train,k,0,silicon_die_upper,93.03077755182014,93.03077755182014,93.03077755182014,336,,,,,
v6p1i4_0029,train,k,1,silicon_die_lower,190.08548569503137,190.08548569503137,190.08548569503137,616,,,,,
v6p1i4_0029,train,k,2,silicon_die_lower,29.538883770836996,29.538883770836996,29.538883770836996,504,,,,,
v6p1i4_0029,train,k,3,silicon_die_upper,29.861816201755317,29.861816201755317,29.861816201755317,640,,,,,
v6p1i4_0029,train,k,4,silicon_die_upper,176.18877042788722,176.18877042788722,176.18877042788722,704,,,,,
v6p1i4_0029,train,q,0,silicon_die_lower,,,,448,1.7846821713719858,0.23618552370632276,2.0507812499999992e-10,130.24508298504043,8702450207.07102
v6p1i4_0029,train,q,1,silicon_die_lower,,,,320,1.1015995614491072,0.1457861088708565,1.464843749999999e-10,104.71073820982357,7520253006.159245
v6p1i4_0029,train,q,2,silicon_die_lower,,,,576,1.4586429860411485,0.19303737275183208,2.6367187499999985e-10,86.7268869014452,5532038584.096804
v6p1i4_0029,train,q,3,silicon_die_lower,,,,504,1.2374059544345084,0.16375877905518707,2.3071289062499988e-10,77.3759814177219,5363401893.506613
v6p1i4_0029,train,q,4,silicon_die_upper,,,,448,1.1137110135922734,0.14738894309712028,2.0080566406249989e-10,76.75703225797783,5546213144.892346
v6p1i4_0029,train,q,5,silicon_die_upper,,,,360,0.8602307864023164,0.11384327251868137,1.613616943359373e-10,71.33318095223021,5331071850.369955
v6p1i4_0030,train,k,0,silicon_die_upper,162.41424848613698,162.41424848613698,162.41424848613698,1056,,,,,
v6p1i4_0030,train,k,1,silicon_die_upper,76.96268587848198,76.96268587848198,76.96268587848198,384,,,,,
v6p1i4_0030,train,k,2,silicon_die_upper,54.45768264656101,54.45768264656101,54.45768264656101,512,,,,,
v6p1i4_0030,train,k,3,silicon_die_upper,131.31482534217855,131.31482534217855,131.31482534217855,280,,,,,
v6p1i4_0030,train,k,4,silicon_die_lower,45.448003927302885,45.448003927302885,45.448003927302885,448,,,,,
v6p1i4_0030,train,q,0,silicon_die_upper,,,,240,0.7472151468254061,0.10965843635006245,1.0757446289062493e-10,104.66618385753989,6946027214.517709
v6p1i4_0030,train,q,1,silicon_die_upper,,,,392,0.9011292266846507,0.13224627788583782,1.757049560546873e-10,85.89335688896999,5128650021.711275
v6p1i4_0030,train,q,2,silicon_die_lower,,,,432,1.471880946871714,0.21600761683316774,1.9775390625000012e-10,122.53395339464814,7442993035.045107
v6p1i4_0030,train,q,3,silicon_die_lower,,,,336,1.020520060403154,0.14976761989252024,1.5380859374999997e-10,111.55191724686101,6635000265.732252
v6p1i4_0030,train,q,4,silicon_die_lower,,,,200,0.9443331965618645,0.1385867272209173,9.155273437499983e-11,120.65743848069103,10314636728.313078
v6p1i4_0030,train,q,5,silicon_die_lower,,,,504,1.1329543482666604,0.16626804584296717,2.3071289062499986e-10,77.42779243873252,4910667735.9790945
v6p1i4_0030,train,q,6,silicon_die_upper,,,,336,0.5959904336114832,0.08746527597452712,1.5060424804687488e-10,59.59774475854908,3957328171.95159
v6p1i4_0031,test_iid,k,0,silicon_die_lower,55.427923609938794,55.427923609938794,55.427923609938794,792,,,,,
v6p1i4_0031,test_iid,k,1,silicon_die_upper,23.63954061781207,23.63954061781207,23.63954061781207,320,,,,,
v6p1i4_0031,test_iid,k,2,silicon_die_lower,50.02360694520472,50.02360694520472,50.02360694520472,560,,,,,
v6p1i4_0031,test_iid,q,0,silicon_die_lower,,,,576,1.475026804767024,0.28109716322533906,2.6367187500000006e-10,91.46573959440002,5594175733.634934
v6p1i4_0031,test_iid,q,1,silicon_die_lower,,,,576,2.40282558489031,0.4579085976302742,2.6367187499999996e-10,156.3036453491606,9112938514.546955
v6p1i4_0031,test_iid,q,2,silicon_die_upper,,,,392,1.3695388961258732,0.2609942391443867,1.7570495605468736e-10,116.76178302937967,7794537654.928815
v6p1i4_0032,train,k,0,silicon_die_upper,28.594052478957465,28.594052478957465,28.594052478957465,560,,,,,
v6p1i4_0032,train,k,1,silicon_die_upper,112.88011023411165,112.88011023411165,112.88011023411165,576,,,,,
v6p1i4_0032,train,k,2,silicon_die_lower,67.99269112341662,67.99269112341662,67.99269112341662,968,,,,,
v6p1i4_0032,train,k,3,silicon_die_lower,85.78702938504331,85.78702938504331,85.78702938504331,576,,,,,
v6p1i4_0032,train,k,4,silicon_die_upper,22.77566364593418,22.77566364593418,22.77566364593418,504,,,,,
v6p1i4_0032,train,q,0,silicon_die_upper,,,,576,0.987572221258508,0.12731075886499144,2.581787109374997e-10,55.13905800535878,3825149709.95258
v6p1i4_0032,train,q,1,silicon_die_upper,,,,336,0.6419805536849362,0.0827595488277739,1.5060424804687482e-10,63.93489090155935,4262698841.570013
v6p1i4_0032,train,q,2,silicon_die_upper,,,,384,0.6982581928601027,0.09001446021176386,1.7211914062499985e-10,52.89858257393808,4056830578.6595507
v6p1i4_0032,train,q,3,silicon_die_lower,,,,200,0.4130252127436227,0.05324426116173743,9.155273437499985e-11,52.26229096157343,4511336723.727684
v6p1i4_0032,train,q,4,silicon_die_upper,,,,448,0.9920576310899916,0.1278889858717606,2.008056640624998e-10,62.72906894580272,4940386695.373385
v6p1i4_0032,train,q,5,silicon_die_upper,,,,576,0.8066347020193686,0.10398558589472613,2.581787109374998e-10,48.35872394939657,3124326940.3984265
v6p1i4_0032,train,q,6,silicon_die_upper,,,,392,0.9219446880913588,0.11885052591180054,1.7570495605468736e-10,74.0402427617801,5247118287.3430605
v6p1i4_0032,train,q,7,silicon_die_upper,,,,504,0.8334568372015281,0.10744330403514582,2.2590637207031216e-10,60.4177202493296,3689390562.8395424
v6p1i4_0032,train,q,8,silicon_die_lower,,,,384,0.5598093868703279,0.07216662875691739,1.7578124999999987e-10,51.054089264315756,3184693400.8623123
v6p1i4_0032,train,q,9,silicon_die_upper,,,,448,0.9024386011040718,0.116335940463383,2.0080566406249989e-10,70.8750859156721,4494089374.008851
v6p1i4_0033,train,k,0,silicon_die_lower,166.35840519151336,166.35840519151336,166.35840519151336,768,,,,,
v6p1i4_0033,train,k,1,silicon_die_lower,163.88621413619856,163.88621413619856,163.88621413619856,504,,,,,
v6p1i4_0033,train,k,2,silicon_die_upper,311.7795354747631,311.7795354747631,311.7795354747631,336,,,,,
v6p1i4_0033,train,k,3,silicon_die_upper,81.57901014827918,81.57901014827918,81.57901014827918,648,,,,,
v6p1i4_0033,train,q,0,silicon_die_lower,,,,288,0.8590241433538462,0.1377459396558619,1.3183593749999985e-10,96.4342700294453,6515857205.883997
v6p1i4_0033,train,q,1,silicon_die_lower,,,,280,0.6057886014387484,0.09713920241193787,1.28173828125e-10,61.54367294039398,4726304974.272597
v6p1i4_0033,train,q,2,silicon_die_upper,,,,320,0.7442757185156983,0.11934584028071556,1.4343261718749992e-10,72.25500417962373,5189026966.87711
v6p1i4_0033,train,q,3,silicon_die_lower,,,,576,1.3972366886013263,0.22404920988787114,2.636718749999999e-10,84.6647361413946,5299149515.287995
v6p1i4_0033,train,q,4,silicon_die_lower,,,,360,1.140026008341093,0.1828050526472577,1.6479492187500008e-10,102.00793681043184,6917846711.355725
v6p1i4_0033,train,q,5,silicon_die_lower,,,,512,1.4899425954853363,0.23891475511635565,2.3437499999999993e-10,103.32284676630623,6357088407.404103
v6p1i4_0034,test_iid,k,0,silicon_die_upper,62.90572779654325,62.90572779654325,62.90572779654325,504,,,,,
v6p1i4_0034,test_iid,k,1,silicon_die_upper,42.723241297257424,42.723241297257424,42.723241297257424,336,,,,,
v6p1i4_0034,test_iid,k,2,silicon_die_upper,84.54584540031847,84.54584540031847,84.54584540031847,448,,,,,
v6p1i4_0034,test_iid,k,3,silicon_die_upper,325.15080954940805,325.15080954940805,325.15080954940805,480,,,,,
v6p1i4_0034,test_iid,k,4,silicon_die_lower,26.484992195213977,26.484992195213977,26.484992195213977,288,,,,,
v6p1i4_0034,test_iid,q,0,silicon_die_upper,,,,392,0.3736087937534419,0.1077518544460633,1.7570495605468738e-10,31.634475668709506,2126341806.984419
v6p1i4_0034,test_iid,q,1,silicon_die_lower,,,,648,0.7654835481273381,0.22077176243636837,2.96630859375e-10,41.10384596648798,2580593097.2259893
v6p1i4_0034,test_iid,q,2,silicon_die_upper,,,,576,0.4579808724922935,0.13208545713310332,2.581787109374998e-10,26.74870964779068,1773890925.511523
v6p1i4_0034,test_iid,q,3,silicon_die_upper,,,,288,0.26659231056268345,0.07688741893786148,1.290893554687499e-10,34.302541628736755,2065176556.1508317
v6p1i4_0034,test_iid,q,4,silicon_die_lower,,,,384,0.3624462653017509,0.1045324892676023,1.7578124999999992e-10,31.264096141485613,2061916531.494406
v6p1i4_0034,test_iid,q,5,silicon_die_lower,,,,448,0.6050966625701102,0.1745148631434014,2.0507812499999985e-10,43.31861451470464,2950566583.1990156
v6p1i4_0034,test_iid,q,6,silicon_die_upper,,,,448,0.6360988680186515,0.18345615463559983,2.0080566406249986e-10,44.098585143564755,3167733694.1086907
v6p1i4_0035,train,k,0,silicon_die_upper,52.382197221964766,52.382197221964766,52.382197221964766,512,,,,,
v6p1i4_0035,train,k,1,silicon_die_upper,227.99884956326284,227.99884956326284,227.99884956326284,704,,,,,
v6p1i4_0035,train,k,2,silicon_die_lower,312.1261778400522,312.1261778400522,312.1261778400522,512,,,,,
v6p1i4_0035,train,k,3,silicon_die_upper,92.6485682684585,92.6485682684585,92.6485682684585,480,,,,,
v6p1i4_0035,train,k,4,silicon_die_upper,387.7372761825862,387.7372761825862,387.7372761825862,384,,,,,
v6p1i4_0035,train,k,5,silicon_die_lower,288.88408028134063,288.88408028134063,288.88408028134063,480,,,,,
v6p1i4_0035,train,k,6,silicon_die_upper,120.62287983950476,120.62287983950476,120.62287983950476,616,,,,,
v6p1i4_0035,train,k,7,silicon_die_upper,228.36435059071945,228.36435059071945,228.36435059071945,720,,,,,
v6p1i4_0035,train,q,0,silicon_die_lower,,,,384,2.5842716848512874,0.32854067631329315,1.7578125e-10,238.81443929439038,14701634473.820658
v6p1i4_0035,train,q,1,silicon_die_upper,,,,336,2.762471421922701,0.3511953617627691,1.5060424804687488e-10,281.43691092995095,18342586333.042175
v6p1i4_0035,train,q,2,silicon_die_lower,,,,288,2.5191677869716362,0.3202639619239378,1.3183593749999982e-10,243.20242772652222,19108354176.73303
v6p1i4_0036,valid_iid,k,0,silicon_die_lower,53.527855137484856,53.527855137484856,53.527855137484856,504,,,,,
v6p1i4_0036,valid_iid,k,1,silicon_die_lower,193.92530679037804,193.92530679037804,193.92530679037804,616,,,,,
v6p1i4_0036,valid_iid,k,2,silicon_die_upper,217.84357126665645,217.84357126665645,217.84357126665645,528,,,,,
v6p1i4_0036,valid_iid,q,0,silicon_die_lower,,,,384,0.5742592890750637,0.12110961660198126,1.7578125000000007e-10,57.89840276161338,3266897288.960361
v6p1i4_0036,valid_iid,q,1,silicon_die_lower,,,,384,1.1125197257834105,0.2346271797688904,1.7578124999999997e-10,85.3824596548353,6329001106.678959
v6p1i4_0036,valid_iid,q,2,silicon_die_upper,,,,512,1.0301015817011905,0.21724543249768558,2.2949218749999966e-10,66.28865563606277,4488612849.62562
v6p1i4_0036,valid_iid,q,3,silicon_die_upper,,,,384,0.6842121570615066,0.14429835719262013,1.721191406249998e-10,63.47533196819605,3975224106.84246
v6p1i4_0036,valid_iid,q,4,silicon_die_lower,,,,384,1.3405562185023958,0.28271941393882266,1.7578124999999987e-10,101.36918179877769,7626275376.369191
v6p1i4_0037,train,k,0,silicon_die_upper,25.35604138877454,25.35604138877454,25.35604138877454,768,,,,,
v6p1i4_0037,train,k,1,silicon_die_upper,175.87671869587118,175.87671869587118,175.87671869587118,640,,,,,
v6p1i4_0037,train,k,2,silicon_die_lower,46.23664166401747,46.23664166401747,46.23664166401747,480,,,,,
v6p1i4_0037,train,k,3,silicon_die_lower,60.21908764908149,60.21908764908149,60.21908764908149,504,,,,,
v6p1i4_0037,train,k,4,silicon_die_lower,30.36737418486044,30.36737418486044,30.36737418486044,528,,,,,
v6p1i4_0037,train,k,5,silicon_die_upper,37.67239373698018,37.67239373698018,37.67239373698018,528,,,,,
v6p1i4_0037,train,k,6,silicon_die_lower,365.30855711153316,365.30855711153316,365.30855711153316,480,,,,,
v6p1i4_0037,train,k,7,silicon_die_lower,84.48499504430966,84.48499504430966,84.48499504430966,720,,,,,
v6p1i4_0037,train,q,0,silicon_die_upper,,,,384,0.801015508466469,0.15841748318895568,1.721191406249998e-10,67.49050779525531,4653843294.57966
v6p1i4_0037,train,q,1,silicon_die_upper,,,,392,0.7762209933671671,0.15351385193911654,1.7570495605468738e-10,67.53448482394386,4417752411.75082
v6p1i4_0037,train,q,2,silicon_die_lower,,,,336,0.4397761897966778,0.08697489176882091,1.5380859374999997e-10,48.433476166516904,2859243291.122528
v6p1i4_0037,train,q,3,silicon_die_lower,,,,280,0.4470743169464901,0.08841824826173036,1.2817382812500007e-10,41.97158094753576,3488031242.3101377
v6p1i4_0037,train,q,4,silicon_die_upper,,,,448,0.43895782738504185,0.08681304357460054,2.0080566406249989e-10,38.06452547420019,2185983296.011103
v6p1i4_0037,train,q,5,silicon_die_lower,,,,280,0.39293363424795685,0.07771080177588932,1.2817382812499996e-10,42.758676515524606,3065630792.1516795
v6p1i4_0037,train,q,6,silicon_die_lower,,,,360,0.41810813264516916,0.08268958262904144,1.6479492187499992e-10,37.2608050282787,2537142090.836465
v6p1i4_0037,train,q,7,silicon_die_lower,,,,384,0.47219547493445885,0.09338647993912333,1.7578124999999987e-10,42.22977818344322,2686267590.738257
v6p1i4_0037,train,q,8,silicon_die_lower,,,,392,0.8700759222366233,0.17207561692272186,1.7944335937499994e-10,62.770994780890994,4848749629.226136
v6p1i4_0038,train,k,0,silicon_die_lower,107.480032004355,107.480032004355,107.480032004355,448,,,,,
v6p1i4_0038,train,k,1,silicon_die_lower,58.4034253444695,58.4034253444695,58.4034253444695,528,,,,,
v6p1i4_0038,train,k,2,silicon_die_lower,198.14788157475138,198.14788157475138,198.14788157475138,336,,,,,
v6p1i4_0038,train,k,3,silicon_die_upper,121.35179916406003,121.35179916406003,121.35179916406003,528,,,,,
v6p1i4_0038,train,k,4,silicon_die_lower,48.402969621267296,48.402969621267296,48.402969621267296,440,,,,,
v6p1i4_0038,train,k,5,silicon_die_upper,373.31734618062745,373.31734618062745,373.31734618062745,480,,,,,
v6p1i4_0038,train,k,6,silicon_die_lower,239.6018864919806,239.6018864919806,239.6018864919806,560,,,,,
v6p1i4_0038,train,k,7,silicon_die_lower,356.130727415678,356.130727415678,356.130727415678,792,,,,,
v6p1i4_0038,train,q,0,silicon_die_lower,,,,280,0.9696197087987171,0.16243647137931558,1.2817382812499996e-10,107.16926170595039,7564880623.313421
v6p1i4_0038,train,q,1,silicon_die_lower,,,,576,2.000180145614469,0.3350820966491166,2.6367187499999985e-10,129.23305611987598,7585868404.108213
v6p1i4_0038,train,q,2,silicon_die_lower,,,,448,1.1068554357923939,0.1854270181243339,2.05078125e-10,93.38172923319178,5397237934.53053
v6p1i4_0038,train,q,3,silicon_die_upper,,,,504,1.8925688659538902,0.3170544138472339,2.2590637207031247e-10,144.66627963749303,8377669246.818924
v6p1i4_0039,train,k,0,silicon_die_upper,41.40560707027784,41.40560707027784,41.40560707027784,800,,,,,
v6p1i4_0039,train,k,1,silicon_die_upper,46.01191765375993,46.01191765375993,46.01191765375993,336,,,,,
v6p1i4_0039,train,k,2,silicon_die_upper,202.42424075295685,202.42424075295685,202.42424075295685,504,,,,,
v6p1i4_0039,train,k,3,silicon_die_lower,42.257186102550754,42.257186102550754,42.257186102550754,528,,,,,
v6p1i4_0039,train,q,0,silicon_die_upper,,,,576,1.8617160404543942,0.21594215974071426,2.581787109374999e-10,109.43475303309255,7210958772.29428
v6p1i4_0039,train,q,1,silicon_die_upper,,,,240,0.5692839496180655,0.06603177010616752,1.0757446289062477e-10,74.9315513262404,5291998996.052428
v6p1i4_0039,train,q,2,silicon_die_upper,,,,320,0.7354782513270175,0.08530880036630946,1.4343261718750005e-10,70.68528924879588,5127691774.358234
v6p1i4_0039,train,q,3,silicon_die_lower,,,,384,1.2967776528749786,0.15041443538133223,1.7578125e-10,96.87958588428388,7377223980.799878
v6p1i4_0039,train,q,4,silicon_die_upper,,,,360,1.1783073590078164,0.13667295678476382,1.613616943359374e-10,100.5282305413476,7302274333.800123
v6p1i4_0039,train,q,5,silicon_die_lower,,,,648,0.9955272553003985,0.11547212406132766,2.966308593749999e-10,60.85140182119141,3356114928.1567354
v6p1i4_0039,train,q,6,silicon_die_lower,,,,448,0.7409341235618762,0.08594163201628396,2.0507812499999995e-10,61.01179766616714,3612935916.796959
v6p1i4_0039,train,q,7,silicon_die_upper,,,,448,1.243339730839461,0.14421612154310096,2.0080566406249978e-10,103.75049614315841,6191756276.618161
v6p1i4_0040,valid_iid,k,0,silicon_die_upper,167.06268612148796,167.06268612148796,167.06268612148796,1056,,,,,
v6p1i4_0040,valid_iid,k,1,silicon_die_lower,50.09347879090985,50.09347879090985,50.09347879090985,880,,,,,
v6p1i4_0040,valid_iid,k,2,silicon_die_lower,31.75802200729151,31.75802200729151,31.75802200729151,968,,,,,
v6p1i4_0040,valid_iid,k,3,silicon_die_lower,297.20160147504276,297.20160147504276,297.20160147504276,480,,,,,
v6p1i4_0040,valid_iid,k,4,silicon_die_lower,301.19967278840625,301.19967278840625,301.19967278840625,704,,,,,
v6p1i4_0040,valid_iid,k,5,silicon_die_upper,36.80783465577801,36.80783465577801,36.80783465577801,336,,,,,
v6p1i4_0040,valid_iid,k,6,silicon_die_upper,266.9778039066282,266.9778039066282,266.9778039066282,392,,,,,
v6p1i4_0040,valid_iid,q,0,silicon_die_lower,,,,280,2.1239036258599424,0.20882475583123222,1.2817382812499996e-10,218.53180124643083,16570493812.42348
v6p1i4_0040,valid_iid,q,1,silicon_die_lower,,,,448,2.783809135329734,0.27370745823300374,2.0507812499999992e-10,203.40025767111342,13574383593.226898
v6p1i4_0040,valid_iid,q,2,silicon_die_lower,,,,240,1.7558618009921754,0.17263844150043278,1.0986328124999998e-10,219.4918089201019,15982244304.142115
v6p1i4_0040,valid_iid,q,3,silicon_die_upper,,,,432,3.5071718007466726,0.34482934443533125,1.9363403320312485e-10,257.6048617817196,18112372823.777313
v6p1i4_0041,valid_iid,k,0,silicon_die_upper,41.76355503768283,41.76355503768283,41.76355503768283,384,,,,,
v6p1i4_0041,valid_iid,k,1,silicon_die_upper,383.7837672176623,383.7837672176623,383.7837672176623,640,,,,,
v6p1i4_0041,valid_iid,k,2,silicon_die_upper,40.648605930162645,40.648605930162645,40.648605930162645,800,,,,,
v6p1i4_0041,valid_iid,k,3,silicon_die_upper,38.676580492131954,38.676580492131954,38.676580492131954,384,,,,,
v6p1i4_0041,valid_iid,k,4,silicon_die_upper,232.7218109939469,232.7218109939469,232.7218109939469,504,,,,,
v6p1i4_0041,valid_iid,k,5,silicon_die_upper,75.33890270175745,75.33890270175745,75.33890270175745,792,,,,,
v6p1i4_0041,valid_iid,k,6,silicon_die_lower,49.02936234793329,49.02936234793329,49.02936234793329,792,,,,,
v6p1i4_0041,valid_iid,q,0,silicon_die_upper,,,,448,0.3942296216646343,0.09755695133150531,2.0080566406249989e-10,31.20473907740456,1963239550.5633352
v6p1i4_0041,valid_iid,q,1,silicon_die_upper,,,,448,0.6266560610964031,0.15507372225312135,2.0080566406249984e-10,47.67507699894845,3120709089.6667104
v6p1i4_0041,valid_iid,q,2,silicon_die_lower,,,,504,0.4740212444545574,0.11730236627092426,2.3071289062499996e-10,34.0087984522736,2054593669.085574
v6p1i4_0041,valid_iid,q,3,silicon_die_lower,,,,512,0.8331803574988205,0.20618069044041684,2.343749999999999e-10,51.43172654397818,3554902858.661636
v6p1i4_0041,valid_iid,q,4,silicon_die_lower,,,,448,0.5134374380450856,0.12705638643700787,2.0507812499999998e-10,42.816062376668214,2503618745.5150843
v6p1i4_0041,valid_iid,q,5,silicon_die_lower,,,,392,0.34918068094023974,0.08640903885545027,1.79443359375e-10,32.11635682494589,1945910298.137717
v6p1i4_0041,valid_iid,q,6,silicon_die_upper,,,,280,0.40123098904436316,0.09928952549433481,1.2550354003906235e-10,48.32746971529871,3196969495.1989565
v6p1i4_0041,valid_iid,q,7,silicon_die_lower,,,,336,0.44908391676735904,0.1111313189172392,1.5380859374999997e-10,41.921996563089515,2919758290.601751
v6p1i4_0042,test_iid,k,0,silicon_die_upper,41.215530220987574,41.215530220987574,41.215530220987574,704,,,,,
v6p1i4_0042,test_iid,k,1,silicon_die_lower,190.33414829701607,190.33414829701607,190.33414829701607,864,,,,,
v6p1i4_0042,test_iid,q,0,silicon_die_upper,,,,504,0.7735131214451059,0.17170199826623353,2.2590637207031216e-10,59.21745654240357,3424042953.5310054
v6p1i4_0042,test_iid,q,1,silicon_die_lower,,,,320,1.042764363588353,0.23146953811777557,1.4648437500000005e-10,101.80040524792582,7118604722.096488
v6p1i4_0042,test_iid,q,2,silicon_die_upper,,,,384,1.1179999024732004,0.24817008528241982,1.7211914062499975e-10,89.6074910259818,6495500142.596079
v6p1i4_0042,test_iid,q,3,silicon_die_upper,,,,336,0.944886082968013,0.20974282669757607,1.5060424804687475e-10,90.07668776916775,6273967004.396333
v6p1i4_0042,test_iid,q,4,silicon_die_lower,,,,240,0.625811015877727,0.13891555163599506,1.098632812499999e-10,94.82738013495562,5696270935.633716
v6p1i4_0043,test_iid,k,0,silicon_die_upper,125.21190319379181,125.21190319379181,125.21190319379181,792,,,,,
v6p1i4_0043,test_iid,k,1,silicon_die_lower,104.68947799008963,104.68947799008963,104.68947799008963,448,,,,,
v6p1i4_0043,test_iid,k,2,silicon_die_upper,292.9507562225277,292.9507562225277,292.9507562225277,616,,,,,
v6p1i4_0043,test_iid,k,3,silicon_die_upper,137.12860637848556,137.12860637848556,137.12860637848556,504,,,,,
v6p1i4_0043,test_iid,k,4,silicon_die_lower,38.40685674634493,38.40685674634493,38.40685674634493,720,,,,,
v6p1i4_0043,test_iid,k,5,silicon_die_lower,275.7533265468055,275.7533265468055,275.7533265468055,280,,,,,
v6p1i4_0043,test_iid,k,6,silicon_die_upper,47.20522539593247,47.20522539593247,47.20522539593247,336,,,,,
v6p1i4_0043,test_iid,q,0,silicon_die_upper,,,,384,0.9416557614773158,0.12815596689159164,1.7211914062499985e-10,78.97599808260163,5470953190.086651
v6p1i4_0043,test_iid,q,1,silicon_die_upper,,,,384,0.8721879869846699,0.11870165229796024,1.7211914062499985e-10,71.12490115871708,5067350347.076895
v6p1i4_0043,test_iid,q,2,silicon_die_lower,,,,432,0.8308442826411233,0.11307492263539771,1.9775390624999986e-10,66.09576062670142,4201405162.590177
v6p1i4_0043,test_iid,q,3,silicon_die_upper,,,,512,1.4821560912993665,0.20171612040766798,2.294921874999998e-10,89.84699854173034,6458416329.747033
v6p1i4_0043,test_iid,q,4,silicon_die_lower,,,,240,0.41606103816295226,0.056624412883154264,1.0986328124999996e-10,47.105800392614576,3787080027.3676734
v6p1i4_0043,test_iid,q,5,silicon_die_upper,,,,392,1.0549260383444286,0.14357164472826658,1.757049560546873e-10,85.62518446590893,6003962904.814637
v6p1i4_0043,test_iid,q,6,silicon_die_lower,,,,320,0.4694705174719834,0.06389325118058789,1.4648437499999994e-10,49.28992584561326,3204918732.6087413
v6p1i4_0043,test_iid,q,7,silicon_die_upper,,,,360,0.8510220239126295,0.11582104074790346,1.6136169433593744e-10,70.07729157331595,5274002776.277835
v6p1i4_0043,test_iid,q,8,silicon_die_lower,,,,288,0.42940874783752225,0.05844098822747023,1.3183593749999995e-10,55.34436774731246,3257144872.486096
v6p1i4_0044,test_iid,k,0,silicon_die_lower,24.436027000674258,24.436027000674258,24.436027000674258,432,,,,,
v6p1i4_0044,test_iid,k,1,silicon_die_lower,121.40087745749145,121.40087745749145,121.40087745749145,336,,,,,
v6p1i4_0044,test_iid,k,2,silicon_die_lower,104.60703764145664,104.60703764145664,104.60703764145664,504,,,,,
v6p1i4_0044,test_iid,k,3,silicon_die_upper,193.70147101700073,193.70147101700073,193.70147101700073,432,,,,,
v6p1i4_0044,test_iid,q,0,silicon_die_upper,,,,384,0.6953199621522778,0.08639464579973304,1.7211914062499983e-10,64.61454359923081,4039759666.6322446
v6p1i4_0044,test_iid,q,1,silicon_die_lower,,,,576,1.516105871012024,0.1883786412740638,2.6367187499999996e-10,90.72589293056112,5749971895.986344
v6p1i4_0044,test_iid,q,2,silicon_die_lower,,,,448,1.313472874848162,0.16320115913084074,2.0507812499999998e-10,101.74475840029615,6404743923.069134
v6p1i4_0044,test_iid,q,3,silicon_die_upper,,,,504,1.0239562883187914,0.1272282483734262,2.2590637207031224e-10,63.42522788694767,4532657839.328631
v6p1i4_0044,test_iid,q,4,silicon_die_lower,,,,576,1.2335891360347497,0.15327547355354146,2.6367187499999996e-10,70.16991859141814,4678501019.628089
v6p1i4_0044,test_iid,q,5,silicon_die_lower,,,,576,1.4732563815685757,0.18305452192660954,2.6367187499999985e-10,98.85426256052455,5587461239.726749
v6p1i4_0044,test_iid,q,6,silicon_die_lower,,,,200,0.79248297840895,0.09846730994178524,9.155273437499998e-11,106.70370553200776,8656027412.16816
v6p1i4_0045,test_iid,k,0,silicon_die_lower,125.33316026214217,125.33316026214217,125.33316026214217,384,,,,,
v6p1i4_0045,test_iid,k,1,silicon_die_upper,100.1163088162357,100.1163088162357,100.1163088162357,384,,,,,
v6p1i4_0045,test_iid,k,2,silicon_die_lower,27.599128087773224,27.599128087773224,27.599128087773224,560,,,,,
v6p1i4_0045,test_iid,k,3,silicon_die_upper,55.31789985544866,55.31789985544866,55.31789985544866,640,,,,,
v6p1i4_0045,test_iid,q,0,silicon_die_upper,,,,504,1.8458399529716658,0.454671866758591,2.2590637207031226e-10,125.59127990416214,8170818450.385087
v6p1i4_0045,test_iid,q,1,silicon_die_upper,,,,392,1.1460647531049848,0.282301507171064,1.7570495605468746e-10,100.58066917293374,6522666058.140538
v6p1i4_0045,test_iid,q,2,silicon_die_lower,,,,432,1.0678141547600117,0.263026626070345,1.9775390624999997e-10,83.95924102757476,5399712071.477789
v6p1i4_0046,train,k,0,silicon_die_lower,137.3201855164963,137.3201855164963,137.3201855164963,576,,,,,
v6p1i4_0046,train,k,1,silicon_die_upper,40.37895511339821,40.37895511339821,40.37895511339821,392,,,,,
v6p1i4_0046,train,q,0,silicon_die_upper,,,,448,0.8346305436294503,0.13835661623669843,2.0080566406249984e-10,58.72740262959191,4156409369.8556004
v6p1i4_0046,train,q,1,silicon_die_lower,,,,336,0.4323727757075722,0.07167438893337166,1.5380859374999997e-10,39.83259832402502,2811109348.0924063
v6p1i4_0046,train,q,2,silicon_die_upper,,,,336,0.3391393350337051,0.056219091412570435,1.5060424804687488e-10,35.72398751054248,2251857696.1265364
v6p1i4_0046,train,q,3,silicon_die_upper,,,,448,0.6608328489615475,0.10954619092033759,2.0080566406249984e-10,44.58859572391654,3290907415.618846
v6p1i4_0046,train,q,4,silicon_die_upper,,,,392,0.7105001017078553,0.11777952611302,1.7570495605468736e-10,54.85293823788819,4043711217.153803
v6p1i4_0046,train,q,5,silicon_die_lower,,,,392,0.7048759347549625,0.11684720855683675,1.7944335937499994e-10,62.63173372095522,3928124937.0834384
v6p1i4_0046,train,q,6,silicon_die_upper,,,,336,0.37555709663833825,0.06225605987123829,1.5060424804687488e-10,34.71909747714339,2493668681.3870473
v6p1i4_0046,train,q,7,silicon_die_lower,,,,288,0.4531808681516268,0.07512374419945207,1.3183593749999995e-10,60.9092426789096,3437460807.3130813
v6p1i4_0046,train,q,8,silicon_die_lower,,,,288,0.5762253911814155,0.0955208216642066,1.3183593749999998e-10,56.60275730220588,4370776300.516811
v6p1i4_0046,train,q,9,silicon_die_lower,,,,576,0.9451435896418205,0.15667635209226816,2.6367187500000006e-10,56.876638613458,3584544577.011941
v6p1i4_0047,test_iid,k,0,silicon_die_upper,30.211693967580864,30.211693967580864,30.211693967580864,400,,,,,
v6p1i4_0047,test_iid,k,1,silicon_die_upper,72.28051156635915,72.28051156635915,72.28051156635915,384,,,,,
v6p1i4_0047,test_iid,k,2,silicon_die_lower,77.5888511817439,77.5888511817439,77.5888511817439,384,,,,,
v6p1i4_0047,test_iid,k,3,silicon_die_upper,270.7857450527284,270.7857450527284,270.7857450527284,640,,,,,
v6p1i4_0047,test_iid,k,4,silicon_die_upper,22.62417082622729,22.62417082622729,22.62417082622729,392,,,,,
v6p1i4_0047,test_iid,k,5,silicon_die_lower,257.21101572799904,257.21101572799904,257.21101572799904,792,,,,,
v6p1i4_0047,test_iid,k,6,silicon_die_lower,146.22163540267627,146.22163540267627,146.22163540267627,792,,,,,
v6p1i4_0047,test_iid,q,0,silicon_die_lower,,,,280,0.9421768051920243,0.15438932647217027,1.2817382812499996e-10,107.10264021286658,7350773702.983871
v6p1i4_0047,test_iid,q,1,silicon_die_upper,,,,432,1.4486888051077842,0.23738865959747285,1.9363403320312475e-10,121.90441881965224,7481581523.368311
v6p1i4_0047,test_iid,q,2,silicon_die_upper,,,,504,1.0613199464351109,0.17391265715589457,2.2590637207031224e-10,70.11583569176612,4698052280.281763
v6p1i4_0047,test_iid,q,3,silicon_die_lower,,,,280,0.8766307220684839,0.14364865065573493,1.281738281249998e-10,109.62246380515646,6839389404.938125
v6p1i4_0047,test_iid,q,4,silicon_die_lower,,,,336,0.7121488564312639,0.11669591279095505,1.5380859374999987e-10,79.20036801548433,4630097961.813428
v6p1i4_0047,test_iid,q,5,silicon_die_upper,,,,384,1.0616381128069525,0.17396479332777234,1.7211914062499975e-10,92.76109639020186,6168042141.925225
v6p1i4_0048,valid_iid,k,0,silicon_die_upper,66.3951011165747,66.3951011165747,66.3951011165747,792,,,,,
v6p1i4_0048,valid_iid,k,1,silicon_die_lower,351.41884987706663,351.41884987706663,351.41884987706663,720,,,,,
v6p1i4_0048,valid_iid,k,2,silicon_die_lower,46.132659575720545,46.132659575720545,46.132659575720545,968,,,,,
v6p1i4_0048,valid_iid,k,3,silicon_die_lower,75.66012370756224,75.66012370756224,75.66012370756224,792,,,,,
v6p1i4_0048,valid_iid,k,4,silicon_die_upper,79.44484050115427,79.44484050115427,79.44484050115427,792,,,,,
v6p1i4_0048,valid_iid,k,5,silicon_die_lower,90.97806174352864,90.97806174352864,90.97806174352864,640,,,,,
v6p1i4_0048,valid_iid,q,0,silicon_die_upper,,,,336,1.5952818689561945,0.1892929844927138,1.5060424804687495e-10,156.99962392024804,10592542306.374184
v6p1i4_0048,valid_iid,q,1,silicon_die_upper,,,,432,1.4340139053090746,0.17015724758259662,1.9363403320312488e-10,127.83780727637294,7405794743.761668
v6p1i4_0048,valid_iid,q,2,silicon_die_lower,,,,504,2.7318297918425127,0.32415350822129735,2.3071289062500001e-10,178.56611126364697,11840819923.160774
v6p1i4_0048,valid_iid,q,3,silicon_die_upper,,,,336,1.4025542399533673,0.1664243060490604,1.5060424804687488e-10,131.89265495973677,9312846471.082468
v6p1i4_0048,valid_iid,q,4,silicon_die_lower,,,,384,1.2639007153796724,0.1499719536543318,1.7578124999999982e-10,107.21264872480019,7190190736.382144
v6p1i4_0049,valid_iid,k,0,silicon_die_upper,80.74876938697673,80.74876938697673,80.74876938697673,968,,,,,
v6p1i4_0049,valid_iid,k,1,silicon_die_lower,298.776269867834,298.776269867834,298.776269867834,432,,,,,
v6p1i4_0049,valid_iid,k,2,silicon_die_upper,82.07923621893245,82.07923621893245,82.07923621893245,528,,,,,
v6p1i4_0049,valid_iid,k,3,silicon_die_upper,44.71947173926675,44.71947173926675,44.71947173926675,432,,,,,
v6p1i4_0049,valid_iid,k,4,silicon_die_upper,158.5419467365692,158.5419467365692,158.5419467365692,704,,,,,
v6p1i4_0049,valid_iid,k,5,silicon_die_upper,93.70335183976195,93.70335183976195,93.70335183976195,320,,,,,
v6p1i4_0049,valid_iid,q,0,silicon_die_lower,,,,576,0.38337715074582357,0.10617275434845322,2.636718749999999e-10,24.35342269435836,1453993342.0878646
v6p1i4_0049,valid_iid,q,1,silicon_die_lower,,,,336,0.3315385122937771,0.09181652311396209,1.5380859374999997e-10,32.97494112731173,2155526581.516367
v6p1i4_0049,valid_iid,q,2,silicon_die_upper,,,,336,0.34550412810938375,0.0956841711843562,1.5060424804687488e-10,39.11174627209281,2294119406.2590265
v6p1i4_0049,valid_iid,q,3,silicon_die_lower,,,,576,0.5785371467244753,0.16022050933691934,2.6367187500000006e-10,31.74293574142609,2194155697.2068987
v6p1i4_0049,valid_iid,q,4,silicon_die_upper,,,,504,0.4650962321982083,0.12880409777553617,2.2590637207031216e-10,33.5396763777974,2058800856.017685
v6p1i4_0049,valid_iid,q,5,silicon_die_upper,,,,504,0.4983896852942942,0.13802441153212222,2.259063720703123e-10,34.52818061313643,2206178076.0180273
v6p1i4_0049,valid_iid,q,6,silicon_die_lower,,,,432,0.5209751646407682,0.1442792510441543,1.9775390624999994e-10,37.03988992452545,2634462067.1217127
v6p1i4_0049,valid_iid,q,7,silicon_die_upper,,,,280,0.28558835310841846,0.07909105172379591,1.2550354003906245e-10,31.532530202768818,2275540219.9773035
v6p1i4_0049,valid_iid,q,8,silicon_die_lower,,,,240,0.20187433821688025,0.05590722994070059,1.0986328124999993e-10,27.765889666295973,1837505087.4140935
v6p1i4_0050,train,k,0,silicon_die_upper,229.56301186364104,229.56301186364104,229.56301186364104,432,,,,,
v6p1i4_0050,train,k,1,silicon_die_lower,43.99319473355787,43.99319473355787,43.99319473355787,448,,,,,
v6p1i4_0050,train,k,2,silicon_die_upper,20.25076294625286,20.25076294625286,20.25076294625286,528,,,,,
v6p1i4_0050,train,k,3,silicon_die_upper,26.248154718906953,26.248154718906953,26.248154718906953,336,,,,,
v6p1i4_0050,train,k,4,silicon_die_upper,261.1909790756851,261.1909790756851,261.1909790756851,392,,,,,
v6p1i4_0050,train,k,5,silicon_die_upper,51.57909065719756,51.57909065719756,51.57909065719756,384,,,,,
v6p1i4_0050,train,k,6,silicon_die_upper,33.076726204940435,33.076726204940435,33.076726204940435,576,,,,,
v6p1i4_0050,train,k,7,silicon_die_upper,166.52095727201552,166.52095727201552,166.52095727201552,616,,,,,
v6p1i4_0050,train,q,0,silicon_die_upper,,,,384,1.162355260682619,0.21239662579371704,1.7211914062499985e-10,103.4428733507839,6753201628.022712
v6p1i4_0050,train,q,1,silicon_die_upper,,,,336,1.2932609556764003,0.23631696138675434,1.5060424804687488e-10,124.16263609609648,8587147922.108272
v6p1i4_0050,train,q,2,silicon_die_lower,,,,384,1.8404368508017719,0.336302153325434,1.7578125e-10,153.6942859609201,10470040751.227858
v6p1i4_0050,train,q,3,silicon_die_upper,,,,240,1.176516265515504,0.21498425949409442,1.0757446289062493e-10,157.74837093417008,10936761698.8403
v6p1i4_0051,train,k,0,silicon_die_lower,49.86861608246994,49.86861608246994,49.86861608246994,800,,,,,
v6p1i4_0051,train,k,1,silicon_die_lower,46.81798826561436,46.81798826561436,46.81798826561436,528,,,,,
v6p1i4_0051,train,k,2,silicon_die_upper,43.232761182273464,43.232761182273464,43.232761182273464,288,,,,,
v6p1i4_0051,train,k,3,silicon_die_upper,209.90465687992784,209.90465687992784,209.90465687992784,640,,,,,
v6p1i4_0051,train,q,0,silicon_die_lower,,,,384,0.6410675206202388,0.09007779224233876,1.7578125000000013e-10,60.47266500516507,3646961895.084022
v6p1i4_0051,train,q,1,silicon_die_lower,,,,504,1.1455405214851395,0.16096239129332848,2.3071289062500004e-10,72.51972104565048,4965221138.627651
v6p1i4_0051,train,q,2,silicon_die_lower,,,,448,0.9406719940495035,0.13217586872315276,2.05078125e-10,72.16433229892206,4586895818.603293
v6p1i4_0051,train,q,3,silicon_die_lower,,,,504,0.9846766113951378,0.13835905325748796,2.3071289062499988e-10,71.73025540994807,4267973968.5444303
v6p1i4_0051,train,q,4,silicon_die_upper,,,,288,0.7991669335570944,0.11229268476783011,1.290893554687499e-10,95.1532246448625,6190804273.947728
v6p1i4_0051,train,q,5,silicon_die_upper,,,,280,0.6482026986916253,0.09108037163881888,1.2550354003906237e-10,67.70191916112066,5164816056.103878
v6p1i4_0051,train,q,6,silicon_die_upper,,,,392,0.7682351413870867,0.10794639134451424,1.757049560546874e-10,55.16973709523371,4372302060.438049
v6p1i4_0051,train,q,7,silicon_die_upper,,,,512,1.189259547245074,0.16710544673252883,2.294921874999999e-10,67.39028226970328,5182135218.633857
v6p1i4_0052,train,k,0,silicon_die_lower,38.08827508899451,38.08827508899451,38.08827508899451,792,,,,,
v6p1i4_0052,train,k,1,silicon_die_upper,24.176924456613417,24.176924456613417,24.176924456613417,800,,,,,
v6p1i4_0052,train,k,2,silicon_die_upper,30.039919324060325,30.039919324060325,30.039919324060325,432,,,,,
v6p1i4_0052,train,q,0,silicon_die_lower,,,,336,0.6608238450922324,0.09320776441149259,1.538085937500001e-10,63.51488367780242,4296403919.8377495
v6p1i4_0052,train,q,1,silicon_die_upper,,,,432,0.6845127797959889,0.09654903706898695,1.9363403320312483e-10,52.559728651326985,3535085069.874702
v6p1i4_0052,train,q,2,silicon_die_upper,,,,384,0.4944240837865851,0.06973744041351299,1.7211914062499985e-10,39.92493410631519,2872568861.2622046
v6p1i4_0052,train,q,3,silicon_die_upper,,,,392,0.47953024805666844,0.06763669731501934,1.757049560546874e-10,36.63828839719788,2729178839.482574
v6p1i4_0052,train,q,4,silicon_die_upper,,,,448,0.4129233908489091,0.05824194514177678,2.0080566406249989e-10,34.93133915065898,2056333384.7016811
v6p1i4_0052,train,q,5,silicon_die_upper,,,,576,1.1012235100244472,0.15532517818334718,2.581787109374999e-10,63.546560318321895,4265353661.5225883
v6p1i4_0052,train,q,6,silicon_die_lower,,,,392,0.33355281906650114,0.04704689882066892,1.79443359375e-10,33.22184106750777,1858819519.5869234
v6p1i4_0052,train,q,7,silicon_die_lower,,,,576,0.9914215943959513,0.13983785707676244,2.6367187499999996e-10,62.05526340957405,3760058195.0424237
v6p1i4_0052,train,q,8,silicon_die_lower,,,,512,0.9688116773192378,0.13664877750601,2.34375e-10,55.058928982309126,4133596489.895415
v6p1i4_0052,train,q,9,silicon_die_upper,,,,576,0.9625700109968915,0.1357684040624228,2.581787109374998e-10,60.41077037656475,3728308997.6768517
v6p1i4_0053,train,k,0,silicon_die_lower,40.97889946294208,40.97889946294208,40.97889946294208,432,,,,,
v6p1i4_0053,train,k,1,silicon_die_lower,27.120200469625853,27.120200469625853,27.120200469625853,392,,,,,
v6p1i4_0053,train,k,2,silicon_die_upper,182.026176468516,182.026176468516,182.026176468516,240,,,,,
v6p1i4_0053,train,k,3,silicon_die_lower,355.3701274758236,355.3701274758236,355.3701274758236,448,,,,,
v6p1i4_0053,train,q,0,silicon_die_lower,,,,432,0.7444256877942568,0.14451856461732074,1.9775390625000002e-10,65.14715442686159,3764404465.6855254
v6p1i4_0053,train,q,1,silicon_die_lower,,,,384,0.644733404033982,0.12516487224925266,1.7578125e-10,58.13410033055619,3667816698.5044312
v6p1i4_0053,train,q,2,silicon_die_lower,,,,384,0.8795363176541684,0.17074817304170534,1.7578124999999976e-10,66.85504026561293,5003584384.877053
v6p1i4_0053,train,q,3,silicon_die_lower,,,,336,0.7395016855195824,0.14356264685067718,1.5380859375000008e-10,76.4483660419673,4807934768.076521
v6p1i4_0053,train,q,4,silicon_die_lower,,,,288,0.9765253752949169,0.18957707648183147,1.3183593750000003e-10,107.1882250738532,7407125809.644405
v6p1i4_0053,train,q,5,silicon_die_upper,,,,512,1.1663506099365266,0.22642866675921253,2.294921874999998e-10,72.06246546876754,5082310742.872359
v6p1i4_0054,train,k,0,silicon_die_lower,378.7636899572209,378.7636899572209,378.7636899572209,640,,,,,
v6p1i4_0054,train,k,1,silicon_die_upper,51.73113138113657,51.73113138113657,51.73113138113657,504,,,,,
v6p1i4_0054,train,k,2,silicon_die_upper,43.751585442023014,43.751585442023014,43.751585442023014,720,,,,,
v6p1i4_0054,train,q,0,silicon_die_lower,,,,512,1.3790610607436173,0.22365535215295662,2.3437499999999977e-10,84.84006065817414,5883993859.172773
v6p1i4_0054,train,q,1,silicon_die_upper,,,,336,0.9858793852973268,0.15988936775585377,1.5060424804687472e-10,101.19889168199666,6546159209.204227
v6p1i4_0054,train,q,2,silicon_die_lower,,,,448,0.7969864854873159,0.12925482282611675,2.0507812499999987e-10,58.48179930945238,3886257910.1857715
v6p1i4_0054,train,q,3,silicon_die_upper,,,,320,0.9398937184919426,0.15243143801211864,1.4343261718749987e-10,87.51942104449552,6552859014.371064
v6p1i4_0054,train,q,4,silicon_die_lower,,,,432,0.7990218908317893,0.12958492372741168,1.9775390625000002e-10,61.79200996689993,4040486005.9839616
v6p1i4_0054,train,q,5,silicon_die_upper,,,,384,0.5974617660567048,0.09689601533182739,1.7211914062499985e-10,56.47461519131084,3471210487.61456
v6p1i4_0054,train,q,6,silicon_die_lower,,,,288,0.6677053479842717,0.10828808019371516,1.3183593750000003e-10,87.04931331132698,5064668713.5992155
v6p1i4_0055,train,k,0,silicon_die_upper,46.67949034677793,46.67949034677793,46.67949034677793,528,,,,,
v6p1i4_0055,train,k,1,silicon_die_lower,69.59220256367385,69.59220256367385,69.59220256367385,400,,,,,
v6p1i4_0055,train,k,2,silicon_die_lower,397.9110115837578,397.9110115837578,397.9110115837578,800,,,,,
v6p1i4_0055,train,k,3,silicon_die_lower,225.35143245768657,225.35143245768657,225.35143245768657,576,,,,,
v6p1i4_0055,train,k,4,silicon_die_lower,50.613180683895614,50.613180683895614,50.613180683895614,384,,,,,
v6p1i4_0055,train,k,5,silicon_die_lower,97.57147252299352,97.57147252299352,97.57147252299352,616,,,,,
v6p1i4_0055,train,k,6,silicon_die_upper,104.3672320998097,104.3672320998097,104.3672320998097,616,,,,,
v6p1i4_0055,train,k,7,silicon_die_lower,69.90570897782176,69.90570897782176,69.90570897782176,720,,,,,
v6p1i4_0055,train,q,0,silicon_die_upper,,,,336,1.8072238608381441,0.3223428498806807,1.5060424804687485e-10,177.62621353128878,11999819953.788118
v6p1i4_0055,train,q,1,silicon_die_lower,,,,512,2.6247238086206206,0.46815503654763824,2.343749999999998e-10,180.75403891825349,11198821583.44799
v6p1i4_0055,train,q,2,silicon_die_upper,,,,240,1.1745792366199994,0.20950211357168116,1.0757446289062467e-10,151.43226578816092,10918755298.032413
v6p1i4_0056,train,k,0,silicon_die_upper,37.78943012018984,37.78943012018984,37.78943012018984,560,,,,,
v6p1i4_0056,train,k,1,silicon_die_lower,48.64523029648369,48.64523029648369,48.64523029648369,720,,,,,
v6p1i4_0056,train,q,0,silicon_die_lower,,,,448,1.1443159697814254,0.18385863172994366,2.0507812499999995e-10,79.0274498391004,5579902633.600857
v6p1i4_0056,train,q,1,silicon_die_lower,,,,288,0.4688539921434046,0.07533133833050817,1.3183593749999995e-10,57.51032214425425,3556344355.221085
v6p1i4_0056,train,q,2,silicon_die_lower,,,,360,1.1734992040010708,0.18854753728992055,1.6479492187499992e-10,108.60068190124987,7120967021.612427
v6p1i4_0056,train,q,3,silicon_die_upper,,,,392,0.9761150039289138,0.1568335789875575,1.757049560546873e-10,74.03162727144795,5555421007.163298
v6p1i4_0056,train,q,4,silicon_die_lower,,,,280,0.6703762609452153,0.10771016514360596,1.281738281249999e-10,75.47953568528686,5230211742.536388
v6p1i4_0056,train,q,5,silicon_die_upper,,,,288,0.9645310269395997,0.15497236738561398,1.2908935546874993e-10,94.7320454990944,7471809146.751021
v6p1i4_0056,train,q,6,silicon_die_lower,,,,384,0.8261989248572911,0.1327463811328501,1.7578125e-10,69.51600562807837,4700153883.632589
v6p1i4_0057,train,k,0,silicon_die_upper,86.96699659082509,86.96699659082509,86.96699659082509,720,,,,,
v6p1i4_0057,train,k,1,silicon_die_upper,356.739786297888,356.739786297888,356.739786297888,864,,,,,
v6p1i4_0057,train,k,2,silicon_die_upper,179.8222235081949,179.8222235081949,179.8222235081949,432,,,,,
v6p1i4_0057,train,k,3,silicon_die_lower,47.56030048896131,47.56030048896131,47.56030048896131,504,,,,,
v6p1i4_0057,train,q,0,silicon_die_upper,,,,288,1.084575803111982,0.2719140481055319,1.290893554687499e-10,126.2308840455971,8401744661.081196
v6p1i4_0057,train,q,1,silicon_die_upper,,,,504,1.3337184833708058,0.33437662061605306,2.2590637207031224e-10,81.33387554376492,5903855084.511262
v6p1i4_0057,train,q,2,silicon_die_lower,,,,448,1.570377173003742,0.39370933127841523,2.050781249999998e-10,138.36292783215976,7657458215.027778
v6p1i4_0058,train,k,0,silicon_die_lower,70.29530083781904,70.29530083781904,70.29530083781904,640,,,,,
v6p1i4_0058,train,k,1,silicon_die_lower,89.27161952598338,89.27161952598338,89.27161952598338,560,,,,,
v6p1i4_0058,train,k,2,silicon_die_lower,40.10860104123119,40.10860104123119,40.10860104123119,336,,,,,
v6p1i4_0058,train,k,3,silicon_die_lower,85.97329852864364,85.97329852864364,85.97329852864364,792,,,,,
v6p1i4_0058,train,k,4,silicon_die_lower,192.73856113426987,192.73856113426987,192.73856113426987,576,,,,,
v6p1i4_0058,train,k,5,silicon_die_lower,230.5869857624144,230.5869857624144,230.5869857624144,968,,,,,
v6p1i4_0058,train,k,6,silicon_die_lower,132.8554969126261,132.8554969126261,132.8554969126261,288,,,,,
v6p1i4_0058,train,k,7,silicon_die_upper,222.2801962116716,222.2801962116716,222.2801962116716,480,,,,,
v6p1i4_0058,train,q,0,silicon_die_lower,,,,504,0.5110165519987359,0.11480380061049054,2.3071289062499988e-10,33.754295289513884,2214945816.917273
v6p1i4_0058,train,q,1,silicon_die_upper,,,,448,0.3856765766514524,0.08664521067438818,2.0080566406249978e-10,31.696971889458503,1920645906.339636
v6p1i4_0058,train,q,2,silicon_die_upper,,,,240,0.5565529220916271,0.12503389654813196,1.0757446289062487e-10,64.14588203782698,5173652808.822258
v6p1i4_0058,train,q,3,silicon_die_upper,,,,320,0.36000553580739236,0.08087801381354655,1.4343261718749984e-10,33.766291889139964,2509927956.8801374
v6p1i4_0058,train,q,4,silicon_die_upper,,,,336,0.5138435262894498,0.11543890213808826,1.5060424804687477e-10,60.72828830920954,3411879365.6439147
v6p1i4_0058,train,q,5,silicon_die_upper,,,,448,0.6598288244107082,0.14823562269835971,2.008056640625e-10,51.63456534001975,3285907434.390591
v6p1i4_0058,train,q,6,silicon_die_lower,,,,392,0.4257835198076953,0.09565554407199793,1.79443359375e-10,35.39870707835911,2372801764.8058777
v6p1i4_0058,train,q,7,silicon_die_upper,,,,280,0.349416375628827,0.07849907749726148,1.2550354003906237e-10,35.71111857479089,2784115695.2232013
v6p1i4_0058,train,q,8,silicon_die_upper,,,,288,0.2504991814316459,0.05627656866629422,1.2908935546874975e-10,32.60683842272715,1940509970.9579644
v6p1i4_0058,train,q,9,silicon_die_lower,,,,448,0.4385933156669361,0.09853336328144109,2.0507812499999987e-10,34.41571481329983,2138664548.7759182
v6p1i4_0059,test_iid,k,0,silicon_die_lower,22.02028960022704,22.02028960022704,22.02028960022704,968,,,,,
v6p1i4_0059,test_iid,k,1,silicon_die_lower,68.93688263222208,68.93688263222208,68.93688263222208,880,,,,,
v6p1i4_0059,test_iid,k,2,silicon_die_upper,37.736266017687555,37.736266017687555,37.736266017687555,384,,,,,
v6p1i4_0059,test_iid,k,3,silicon_die_lower,28.4108929994133,28.4108929994133,28.4108929994133,576,,,,,
v6p1i4_0059,test_iid,k,4,silicon_die_upper,97.93900872487976,97.93900872487976,97.93900872487976,648,,,,,
v6p1i4_0059,test_iid,k,5,silicon_die_lower,23.678146450062552,23.678146450062552,23.678146450062552,704,,,,,
v6p1i4_0059,test_iid,k,6,silicon_die_upper,48.66015769897385,48.66015769897385,48.66015769897385,448,,,,,
v6p1i4_0059,test_iid,k,7,silicon_die_lower,236.9645091628801,236.9645091628801,236.9645091628801,336,,,,,
v6p1i4_0059,test_iid,q,0,silicon_die_upper,,,,336,0.9645414446208327,0.09232343076047182,1.506042480468749e-10,88.76673970598686,6404477012.6313
v6p1i4_0059,test_iid,q,1,silicon_die_lower,,,,448,1.502852336232721,0.1438491672713326,2.050781249999997e-10,106.14317736689837,7328194249.058613
v6p1i4_0059,test_iid,q,2,silicon_die_lower,,,,504,2.308357385078596,0.2209500425308366,2.30712890625e-10,145.33093517132892,10005324708.234846
v6p1i4_0059,test_iid,q,3,silicon_die_lower,,,,392,1.736173604976984,0.1661820800974106,1.7944335937499983e-10,151.53232525501124,9675329368.688072
v6p1i4_0059,test_iid,q,4,silicon_die_lower,,,,648,2.5303129589629494,0.24219506022467796,2.966308593749998e-10,146.5226836298897,8530174386.759051
v6p1i4_0059,test_iid,q,5,silicon_die_lower,,,,384,1.4051799697938177,0.13450021911527035,1.7578124999999992e-10,124.61217184844915,7993912717.049277
v6p1i4_0060,train,k,0,silicon_die_lower,207.7134456595485,207.7134456595485,207.7134456595485,528,,,,,
v6p1i4_0060,train,k,1,silicon_die_lower,372.4915917735945,372.4915917735945,372.4915917735945,448,,,,,
v6p1i4_0060,train,k,2,silicon_die_lower,147.3093360643503,147.3093360643503,147.3093360643503,448,,,,,
v6p1i4_0060,train,k,3,silicon_die_upper,46.8661384139511,46.8661384139511,46.8661384139511,704,,,,,
v6p1i4_0060,train,k,4,silicon_die_lower,237.66760209932283,237.66760209932283,237.66760209932283,528,,,,,
v6p1i4_0060,train,k,5,silicon_die_lower,349.446866601874,349.446866601874,349.446866601874,480,,,,,
v6p1i4_0060,train,k,6,silicon_die_lower,240.27795081908872,240.27795081908872,240.27795081908872,720,,,,,
v6p1i4_0060,train,k,7,silicon_die_lower,142.8733429215412,142.8733429215412,142.8733429215412,648,,,,,
v6p1i4_0060,train,q,0,silicon_die_upper,,,,448,2.5568132458760426,0.36615786792754595,2.0080566406249973e-10,196.99718075442044,12732774535.08606
v6p1i4_0060,train,q,1,silicon_die_upper,,,,288,1.1917520999704028,0.1706692535042092,1.2908935546874988e-10,116.48369496928325,9231993572.53669
v6p1i4_0060,train,q,2,silicon_die_upper,,,,448,1.4408568300444209,0.20634321483153226,2.0080566406249973e-10,103.16028888515413,7175379423.540372
v6p1i4_0060,train,q,3,silicon_die_lower,,,,432,1.793394444567434,0.25682966373671273,1.9775390624999984e-10,161.63142171461718,9068819314.750883
v6p1i4_0061,train,k,0,silicon_die_upper,44.7540455611522,44.7540455611522,44.7540455611522,616,,,,,
v6p1i4_0061,train,k,1,silicon_die_lower,38.496780776674775,38.496780776674775,38.496780776674775,288,,,,,
v6p1i4_0061,train,k,2,silicon_die_upper,26.309300873981766,26.309300873981766,26.309300873981766,504,,,,,
v6p1i4_0061,train,k,3,silicon_die_lower,54.623396980602294,54.623396980602294,54.623396980602294,336,,,,,
v6p1i4_0061,train,k,4,silicon_die_upper,237.20781719475204,237.20781719475204,237.20781719475204,800,,,,,
v6p1i4_0061,train,k,5,silicon_die_upper,302.1882363976082,302.1882363976082,302.1882363976082,280,,,,,
v6p1i4_0061,train,k,6,silicon_die_lower,29.34338027571902,29.34338027571902,29.34338027571902,392,,,,,
v6p1i4_0061,train,k,7,silicon_die_upper,31.612150077861347,31.612150077861347,31.612150077861347,288,,,,,
v6p1i4_0061,train,q,0,silicon_die_lower,,,,384,0.6330909638767727,0.08518964797538121,1.7578124999999992e-10,50.79419755017896,3601584150.0545306
v6p1i4_0061,train,q,1,silicon_die_lower,,,,576,0.9702250321139743,0.13055490231065806,2.636718749999999e-10,55.23614002993037,3679668269.9433703
v6p1i4_0061,train,q,2,silicon_die_lower,,,,576,1.6092835495868276,0.21654755304414416,2.6367187500000006e-10,89.26977224241493,6103356869.544115
v6p1i4_0061,train,q,3,silicon_die_lower,,,,200,0.5696113568821569,0.07664773902066825,9.155273437499995e-11,76.2989441495263,6221674980.771509
v6p1i4_0061,train,q,4,silicon_die_lower,,,,288,0.7707475143854299,0.1037129151651817,1.3183593749999995e-10,97.01582174775085,5846262627.63467
v6p1i4_0061,train,q,5,silicon_die_upper,,,,392,1.0398770439769462,0.13992737911090916,1.7570495605468733e-10,86.35677734919118,5918313673.823119
v6p1i4_0061,train,q,6,silicon_die_upper,,,,448,0.8147298843874942,0.10963124733447187,2.0080566406249984e-10,53.27014772379324,4057305296.597178
v6p1i4_0061,train,q,7,silicon_die_lower,,,,336,1.023982723397612,0.13778861603858564,1.5380859374999997e-10,100.52523819792725,6657513071.486697
v6p1i4_0062,train,k,0,silicon_die_upper,125.29876884094767,125.29876884094767,125.29876884094767,616,,,,,
v6p1i4_0062,train,k,1,silicon_die_lower,120.58835272022705,120.58835272022705,120.58835272022705,880,,,,,
v6p1i4_0062,train,q,0,silicon_die_upper,,,,240,0.6715474280086151,0.16886133523918873,1.075744628906249e-10,100.24717133066808,6242628686.80463
v6p1i4_0062,train,q,1,silicon_die_upper,,,,280,0.7105225255474548,0.17866166614210396,1.255035400390624e-10,76.30247100976109,5661374374.988211
v6p1i4_0062,train,q,2,silicon_die_upper,,,,336,0.8234976600392063,0.20706938727011842,1.5060424804687498e-10,74.52671858353644,5467957715.129628
v6p1i4_0062,train,q,3,silicon_die_upper,,,,576,1.2213278969109485,0.30710423543548626,2.581787109374998e-10,71.48348654907693,4730552308.035223
v6p1i4_0062,train,q,4,silicon_die_lower,,,,240,0.5500209757775153,0.13830337591310263,1.0986328124999996e-10,68.98874477718857,5006413148.410452
v6p1i4_0063,train,k,0,silicon_die_lower,129.15951489195348,129.15951489195348,129.15951489195348,720,,,,,
v6p1i4_0063,train,k,1,silicon_die_lower,66.2548032425054,66.2548032425054,66.2548032425054,480,,,,,
v6p1i4_0063,train,k,2,silicon_die_upper,77.85110741840984,77.85110741840984,77.85110741840984,480,,,,,
v6p1i4_0063,train,q,0,silicon_die_lower,,,,576,0.9372350051976902,0.14883244673439316,2.6367187499999985e-10,55.76150947416279,3554550538.2312417
v6p1i4_0063,train,q,1,silicon_die_lower,,,,336,0.49236741828903924,0.07818769801582173,1.5380859374999997e-10,45.47311108480737,3201169754.463341
v6p1i4_0063,train,q,2,silicon_die_upper,,,,336,0.6851178789687892,0.10879637408218099,1.5060424804687488e-10,60.51623318553552,4549127185.015057
v6p1i4_0063,train,q,3,silicon_die_lower,,,,336,0.6025701287794581,0.09568783293192148,1.5380859374999997e-10,57.68199733993859,3917662297.588351
v6p1i4_0063,train,q,4,silicon_die_lower,,,,288,0.5590201060858976,0.08877211126459665,1.3183593749999995e-10,51.72608626356094,4240271026.9034023
v6p1i4_0063,train,q,5,silicon_die_upper,,,,504,0.6631184540023071,0.10530287647874843,2.2590637207031226e-10,44.48998727017602,2935368524.2482433
v6p1i4_0063,train,q,6,silicon_die_upper,,,,512,1.086756038419369,0.17257631149533753,2.2949218749999966e-10,65.08236407034019,4735481631.240151
v6p1i4_0063,train,q,7,silicon_die_lower,,,,336,0.6162852379209475,0.0978657853552057,1.5380859374999997e-10,62.583732071463835,4006832277.0225415
v6p1i4_0063,train,q,8,silicon_die_lower,,,,504,0.6547789260575633,0.10397856364179431,2.30712890625e-10,49.00727966704591,2838068234.001883
v6p1i4_0064,valid_iid,k,0,silicon_die_lower,57.26156617792232,57.26156617792232,57.26156617792232,432,,,,,
v6p1i4_0064,valid_iid,k,1,silicon_die_lower,22.116811386711216,22.116811386711216,22.116811386711216,336,,,,,
v6p1i4_0064,valid_iid,k,2,silicon_die_lower,358.9002560282485,358.9002560282485,358.9002560282485,392,,,,,
v6p1i4_0064,valid_iid,k,3,silicon_die_lower,51.084548144274706,51.084548144274706,51.084548144274706,792,,,,,
v6p1i4_0064,valid_iid,k,4,silicon_die_upper,27.450018000496012,27.450018000496012,27.450018000496012,384,,,,,
v6p1i4_0064,valid_iid,k,5,silicon_die_upper,393.4555383439098,393.4555383439098,393.4555383439098,560,,,,,
v6p1i4_0064,valid_iid,k,6,silicon_die_lower,110.16679192702634,110.16679192702634,110.16679192702634,448,,,,,
v6p1i4_0064,valid_iid,q,0,silicon_die_upper,,,,392,0.6704450053119706,0.1546549961927642,1.7570495605468736e-10,54.73391107045226,3815743279.906673
v6p1i4_0064,valid_iid,q,1,silicon_die_upper,,,,432,0.5931765343347457,0.1368310807483604,1.9363403320312498e-10,50.73596015356392,3063389862.4241056
v6p1i4_0064,valid_iid,q,2,silicon_die_upper,,,,288,0.3769318114147794,0.08694879877904221,1.290893554687499e-10,42.837355238947545,2919929455.42305
v6p1i4_0064,valid_iid,q,3,silicon_die_upper,,,,384,0.5584773827912679,0.12882684907039954,1.721191406249998e-10,44.54875654137339,3244713985.69225
v6p1i4_0064,valid_iid,q,4,silicon_die_upper,,,,200,0.3099876885784361,0.07150645379868838,8.964538574218743e-11,42.32581506615168,3457932452.5406647
v6p1i4_0064,valid_iid,q,5,silicon_die_lower,,,,576,1.0499120880423891,0.2421886190402404,2.6367187499999985e-10,57.9619712088969,3981888807.982989
v6p1i4_0064,valid_iid,q,6,silicon_die_lower,,,,336,0.37575402510595174,0.08667711275608068,1.5380859374999997e-10,36.876244471604565,2442997598.1491723
v6p1i4_0064,valid_iid,q,7,silicon_die_upper,,,,240,0.40041631351503587,0.09236608961442415,1.0757446289062477e-10,55.72363866170037,3722224613.1236095
v6p1i4_0065,train,k,0,silicon_die_lower,165.0764487188787,165.0764487188787,165.0764487188787,576,,,,,
v6p1i4_0065,train,k,1,silicon_die_upper,207.19579423931222,207.19579423931222,207.19579423931222,616,,,,,
v6p1i4_0065,train,q,0,silicon_die_upper,,,,336,0.8918726353408323,0.12636691888209253,1.5060424804687488e-10,89.34551396128738,5921962009.087825
v6p1i4_0065,train,q,1,silicon_die_lower,,,,432,1.7077361488385006,0.24196431961366618,1.9775390624999997e-10,124.28270355212223,8635663290.916666
v6p1i4_0065,train,q,2,silicon_die_lower,,,,448,2.118019243722832,0.3000961744497875,2.050781250000001e-10,148.54035987156243,10327865264.629423
v6p1i4_0065,train,q,3,silicon_die_lower,,,,576,2.340173517239565,0.33157258705445386,2.6367187499999996e-10,154.70865124421456,8875324746.86413
v6p1i4_0066,train,k,0,silicon_die_upper,278.20516426970903,278.20516426970903,278.20516426970903,512,,,,,
v6p1i4_0066,train,k,1,silicon_die_lower,225.4034437731853,225.4034437731853,225.4034437731853,512,,,,,
v6p1i4_0066,train,k,2,silicon_die_upper,29.59693760742628,29.59693760742628,29.59693760742628,448,,,,,
v6p1i4_0066,train,k,3,silicon_die_upper,49.703439702497974,49.703439702497974,49.703439702497974,640,,,,,
v6p1i4_0066,train,k,4,silicon_die_lower,105.26644879504676,105.26644879504676,105.26644879504676,336,,,,,
v6p1i4_0066,train,k,5,silicon_die_upper,285.8359620801687,285.8359620801687,285.8359620801687,384,,,,,
v6p1i4_0066,train,k,6,silicon_die_lower,32.377622906448934,32.377622906448934,32.377622906448934,288,,,,,
v6p1i4_0066,train,k,7,silicon_die_upper,384.3782965861355,384.3782965861355,384.3782965861355,640,,,,,
v6p1i4_0066,train,q,0,silicon_die_lower,,,,576,0.7438877606822472,0.11557981811527054,2.6367187500000006e-10,44.04484642614681,2821263210.883781
v6p1i4_0066,train,q,1,silicon_die_upper,,,,392,1.1010852616868707,0.17107854302973843,1.7570495605468736e-10,77.49263475149183,6266671620.487262
v6p1i4_0066,train,q,2,silicon_die_lower,,,,384,0.8665894592883566,0.13464430708377056,1.7578124999999997e-10,65.30610231366592,4929931146.173763
v6p1i4_0066,train,q,3,silicon_die_lower,,,,320,0.6891365474053818,0.10707297661766785,1.4648437500000012e-10,60.00881017694252,4704505496.954069
v6p1i4_0066,train,q,4,silicon_die_lower,,,,392,0.4658703321431398,0.0723835114655218,1.79443359375e-10,40.25690070756193,2596197116.269797
v6p1i4_0066,train,q,5,silicon_die_lower,,,,360,0.47577760023627014,0.0739228300358032,1.6479492187499992e-10,40.51097410643903,2887088963.804094
v6p1i4_0066,train,q,6,silicon_die_lower,,,,336,0.4975065060382088,0.07729890787062145,1.5380859374999982e-10,53.58035619067942,3234581982.115088
v6p1i4_0066,train,q,7,silicon_die_lower,,,,384,0.8107256974517477,0.12596460596005757,1.7578124999999982e-10,74.66541402794809,4612128412.169948
v6p1i4_0066,train,q,8,silicon_die_upper,,,,320,0.7855597113234042,0.12205449982154856,1.4343261718749992e-10,78.83937210327781,5476855451.201133
v6p1i4_0067,train,k,0,silicon_die_upper,41.34503378303196,41.34503378303196,41.34503378303196,432,,,,,
v6p1i4_0067,train,k,1,silicon_die_upper,86.63904819134338,86.63904819134338,86.63904819134338,384,,,,,
v6p1i4_0067,train,k,2,silicon_die_upper,24.396928022980664,24.396928022980664,24.396928022980664,704,,,,,
v6p1i4_0067,train,k,3,silicon_die_lower,53.168675516820386,53.168675516820386,53.168675516820386,504,,,,,
v6p1i4_0067,train,q,0,silicon_die_upper,,,,336,1.031772208698544,0.1434902348974864,1.5060424804687488e-10,111.00377176925629,6850883836.805251
v6p1i4_0067,train,q,1,silicon_die_upper,,,,336,1.0527971683322241,0.14641421014232497,1.5060424804687477e-10,111.37547323270233,6990487864.622163
v6p1i4_0067,train,q,2,silicon_die_upper,,,,504,1.7176197900663583,0.23887217068201003,2.2590637207031226e-10,124.25568404532471,7603237457.736506
v6p1i4_0067,train,q,3,silicon_die_upper,,,,384,1.2997338164175984,0.1807560903944232,1.7211914062499983e-10,117.50201683690418,7551361293.682962
v6p1i4_0067,train,q,4,silicon_die_lower,,,,512,2.0886165639023657,0.2904672938837554,2.34375e-10,139.03996081541325,8911430672.650095
v6p1i4_0068,train,k,0,silicon_die_upper,149.91422211708354,149.91422211708354,149.91422211708354,720,,,,,
v6p1i4_0068,train,k,1,silicon_die_upper,335.0587713966712,335.0587713966712,335.0587713966712,576,,,,,
v6p1i4_0068,train,k,2,silicon_die_upper,170.1160944678076,170.1160944678076,170.1160944678076,432,,,,,
v6p1i4_0068,train,k,3,silicon_die_upper,46.218572437133425,46.218572437133425,46.218572437133425,576,,,,,
v6p1i4_0068,train,k,4,silicon_die_upper,360.22618617805983,360.22618617805983,360.22618617805983,512,,,,,
v6p1i4_0068,train,k,5,silicon_die_upper,38.49875623395824,38.49875623395824,38.49875623395824,648,,,,,
v6p1i4_0068,train,k,6,silicon_die_upper,36.41648053689606,36.41648053689606,36.41648053689606,288,,,,,
v6p1i4_0068,train,k,7,silicon_die_lower,200.3817177148948,200.3817177148948,200.3817177148948,336,,,,,
v6p1i4_0068,train,q,0,silicon_die_upper,,,,288,1.5248673037811347,0.42362699836063344,1.2908935546874988e-10,170.62287432188018,11812494517.801481
v6p1i4_0068,train,q,1,silicon_die_upper,,,,280,1.0703138593652006,0.2973464290449131,1.2550354003906245e-10,112.48000067622299,8528156727.946239
v6p1i4_0068,train,q,2,silicon_die_lower,,,,448,1.0043705879982316,0.27902657259445346,2.0507812499999995e-10,83.41097547342413,4897502295.762807
v6p1i4_0069,train,k,0,silicon_die_upper,129.50380269964975,129.50380269964975,129.50380269964975,968,,,,,
v6p1i4_0069,train,k,1,silicon_die_upper,41.2504640029154,41.2504640029154,41.2504640029154,880,,,,,
v6p1i4_0069,train,k,2,silicon_die_lower,246.05111070865803,246.05111070865803,246.05111070865803,672,,,,,
v6p1i4_0069,train,k,3,silicon_die_lower,140.20350564404515,140.20350564404515,140.20350564404515,384,,,,,
v6p1i4_0069,train,q,0,silicon_die_lower,,,,576,1.1611431005507615,0.13767481593429207,2.6367187499999996e-10,65.26389822555349,4403742722.088815
v6p1i4_0069,train,q,1,silicon_die_lower,,,,384,0.7594275844875331,0.09004407196679921,1.7578125e-10,72.18701992217014,4320299147.306855
v6p1i4_0069,train,q,2,silicon_die_upper,,,,432,1.0517081322564197,0.12469929284023744,1.9363403320312457e-10,92.41514319697578,5431421919.271622
v6p1i4_0069,train,q,3,silicon_die_upper,,,,576,1.9419109334005407,0.23024916583485389,2.581787109374998e-10,125.34963717538542,7521576532.584984
v6p1i4_0069,train,q,4,silicon_die_lower,,,,320,0.7623388152231193,0.09038925177751675,1.4648437499999984e-10,75.08172674193476,5204232978.589833
v6p1i4_0069,train,q,5,silicon_die_upper,,,,448,1.3753433325478035,0.163072182976552,2.0080566406249989e-10,109.5322294053908,6849126188.590646
v6p1i4_0069,train,q,6,silicon_die_lower,,,,392,1.382082363037534,0.16387121866974877,1.79443359375e-10,113.41202310613019,7702053549.662231
v6p1i4_0070,train,k,0,silicon_die_lower,27.19388931908445,27.19388931908445,27.19388931908445,392,,,,,
v6p1i4_0070,train,k,1,silicon_die_lower,26.57830185881303,26.57830185881303,26.57830185881303,288,,,,,
v6p1i4_0070,train,k,2,silicon_die_lower,158.83090410581215,158.83090410581215,158.83090410581215,640,,,,,
v6p1i4_0070,train,k,3,silicon_die_upper,189.83889950091205,189.83889950091205,189.83889950091205,448,,,,,
v6p1i4_0070,train,q,0,silicon_die_upper,,,,320,1.2629525157531851,0.17678078273554576,1.4343261718749969e-10,119.06611913877185,8805197454.510736
v6p1i4_0070,train,q,1,silicon_die_lower,,,,504,1.9428386701676648,0.2719473112069458,2.3071289062500004e-10,121.15717712310575,8421023484.663231
v6p1i4_0070,train,q,2,silicon_die_lower,,,,240,0.6561929800187138,0.0918500950640242,1.0986328124999993e-10,74.86665751586821,5972814324.792563
v6p1i4_0070,train,q,3,silicon_die_lower,,,,280,1.0487996835403188,0.14680490887535783,1.2817382812499996e-10,114.1021009601878,8182635245.297423
v6p1i4_0070,train,q,4,silicon_die_lower,,,,648,1.348309759062157,0.18872859557576926,2.9663085937499995e-10,73.28520061164764,4545412981.990614
v6p1i4_0070,train,q,5,silicon_die_upper,,,,336,0.8850795092028465,0.12388830654235726,1.5060424804687493e-10,93.02676368883525,5876856202.139592
v6p1i4_0071,train,k,0,silicon_die_upper,225.4253831121192,225.4253831121192,225.4253831121192,616,,,,,
v6p1i4_0071,train,k,1,silicon_die_upper,127.83610541114105,127.83610541114105,127.83610541114105,560,,,,,
v6p1i4_0071,train,k,2,silicon_die_upper,303.43932831407875,303.43932831407875,303.43932831407875,512,,,,,
v6p1i4_0071,train,k,3,silicon_die_upper,99.00804025378699,99.00804025378699,99.00804025378699,392,,,,,
v6p1i4_0071,train,k,4,silicon_die_upper,20.409876867987833,20.409876867987833,20.409876867987833,792,,,,,
v6p1i4_0071,train,k,5,silicon_die_upper,72.5492613233619,72.5492613233619,72.5492613233619,200,,,,,
v6p1i4_0071,train,k,6,silicon_die_lower,65.04300228545762,65.04300228545762,65.04300228545762,720,,,,,
v6p1i4_0071,train,q,0,silicon_die_upper,,,,384,0.49256855154673695,0.1041873422452213,1.721191406249997e-10,41.96277538081108,2861788350.546721
v6p1i4_0071,train,q,1,silicon_die_upper,,,,336,0.41859303939678244,0.08854015572076546,1.5060424804687477e-10,39.20248648890862,2779423853.080808
v6p1i4_0071,train,q,2,silicon_die_lower,,,,512,0.5729361538226933,0.12118657383940153,2.3437500000000003e-10,40.628563234813946,2444527589.643491
v6p1i4_0071,train,q,3,silicon_die_upper,,,,512,0.7337722059090045,0.155206368143092,2.2949218749999972e-10,47.55598826469824,3197373356.8120065
v6p1i4_0071,train,q,4,silicon_die_upper,,,,336,0.2807623518053668,0.05938642072309287,1.5060424804687488e-10,30.880539909550436,1864239259.160743
v6p1i4_0071,train,q,5,silicon_die_lower,,,,448,0.5211531514361224,0.1102335128386672,2.05078125e-10,35.33352743015839,2541242033.669473
v6p1i4_0071,train,q,6,silicon_die_upper,,,,360,0.38941764865732775,0.08236902195559814,1.613616943359374e-10,35.77754490423256,2413321515.1211963
v6p1i4_0071,train,q,7,silicon_die_lower,,,,432,0.5947413755286441,0.12579878078902704,1.9775390625e-10,46.668336427669665,3007482313.7843537
v6p1i4_0071,train,q,8,silicon_die_upper,,,,432,0.40320508617575784,0.08528531952860911,1.9363403320312483e-10,31.527184218584374,2082304848.51178
v6p1i4_0071,train,q,9,silicon_die_upper,,,,200,0.3205701465036987,0.06780650421652532,8.96453857421873e-11,46.0051371982208,3575980446.173012
v6p1i4_0072,valid_iid,k,0,silicon_die_upper,151.46121996451325,151.46121996451325,151.46121996451325,792,,,,,
v6p1i4_0072,valid_iid,k,1,silicon_die_upper,287.90017186247275,287.90017186247275,287.90017186247275,576,,,,,
v6p1i4_0072,valid_iid,k,2,silicon_die_lower,24.3758847166147,24.3758847166147,24.3758847166147,384,,,,,
v6p1i4_0072,valid_iid,q,0,silicon_die_upper,,,,384,0.8572111931153609,0.14340971148008103,1.7211914062499988e-10,65.92444294656171,4980336236.880171
v6p1i4_0072,valid_iid,q,1,silicon_die_upper,,,,512,1.471833352742296,0.24623476473332417,2.2949218749999987e-10,88.00577890964344,6413435545.566434
v6p1i4_0072,valid_iid,q,2,silicon_die_upper,,,,320,1.0027473406325167,0.167757616748916,1.4343261718749987e-10,94.68583004666345,6991069118.69071
v6p1i4_0072,valid_iid,q,3,silicon_die_lower,,,,576,1.0821693386229285,0.18104475754741903,2.636718749999999e-10,70.88790145687783,4104227417.592145
v6p1i4_0072,valid_iid,q,4,silicon_die_upper,,,,320,0.572634692708063,0.09580063434110633,1.4343261718749992e-10,55.531672590432365,3992360342.693153
v6p1i4_0072,valid_iid,q,5,silicon_die_lower,,,,336,0.9907621304475785,0.16575251514915332,1.5380859374999997e-10,98.87273805147099,6441526486.211559
v6p1i4_0073,test_iid,k,0,silicon_die_lower,135.04157601093777,135.04157601093777,135.04157601093777,336,,,,,
v6p1i4_0073,test_iid,k,1,silicon_die_lower,220.39656839676283,220.39656839676283,220.39656839676283,880,,,,,
v6p1i4_0073,test_iid,k,2,silicon_die_upper,225.82907025909552,225.82907025909552,225.82907025909552,880,,,,,
v6p1i4_0073,test_iid,k,3,silicon_die_upper,326.1106342724383,326.1106342724383,326.1106342724383,648,,,,,
v6p1i4_0073,test_iid,k,4,silicon_die_upper,216.62653717266866,216.62653717266866,216.62653717266866,648,,,,,
v6p1i4_0073,test_iid,k,5,silicon_die_lower,42.307900423291265,42.307900423291265,42.307900423291265,560,,,,,
v6p1i4_0073,test_iid,k,6,silicon_die_upper,140.06907876476274,140.06907876476274,140.06907876476274,448,,,,,
v6p1i4_0073,test_iid,q,0,silicon_die_lower,,,,432,0.405820856484264,0.07690700309290606,1.9775390624999994e-10,33.023996329454235,2052150898.9624023
v6p1i4_0073,test_iid,q,1,silicon_die_lower,,,,240,0.5416215088291735,0.10264254877281022,1.0986328124999993e-10,63.60781896303313,4929959333.698436
v6p1i4_0073,test_iid,q,2,silicon_die_lower,,,,280,0.49635375157424505,0.09406386807765306,1.2817382812499996e-10,50.12195444690173,3872504697.996397
v6p1i4_0073,test_iid,q,3,silicon_die_upper,,,,288,0.431532361730901,0.08177958364644657,1.290893554687499e-10,50.89412647943391,3342896555.3659987
v6p1i4_0073,test_iid,q,4,silicon_die_lower,,,,336,0.5029875809231726,0.09532104332161583,1.5380859374999997e-10,39.67271679820341,3270217668.986215
v6p1i4_0073,test_iid,q,5,silicon_die_upper,,,,384,0.41519837906028567,0.07868413491408897,1.7211914062499988e-10,41.37686914211569,2412273135.646711
v6p1i4_0073,test_iid,q,6,silicon_die_upper,,,,576,0.767268666238808,0.1454048818454603,2.581787109374999e-10,47.313840124304164,2971851023.0866747
v6p1i4_0073,test_iid,q,7,silicon_die_lower,,,,336,0.5488620752728615,0.10401470660299976,1.5380859375e-10,53.35729400561656,3568474698.9168897
v6p1i4_0073,test_iid,q,8,silicon_die_upper,,,,384,0.36065776756707957,0.06834815806672939,1.7211914062499985e-10,32.43432606181548,2095396050.9996583
v6p1i4_0073,test_iid,q,9,silicon_die_upper,,,,448,0.8064708201647688,0.15283407165928978,2.0080566406249976e-10,60.517318612865544,4016175658.8387804
v6p1i4_0074,train,k,0,silicon_die_lower,52.467180838815715,52.467180838815715,52.467180838815715,560,,,,,
v6p1i4_0074,train,k,1,silicon_die_lower,85.52691902640912,85.52691902640912,85.52691902640912,968,,,,,
v6p1i4_0074,train,k,2,silicon_die_lower,28.037474793439834,28.037474793439834,28.037474793439834,392,,,,,
v6p1i4_0074,train,k,3,silicon_die_upper,76.60859412769541,76.60859412769541,76.60859412769541,560,,,,,
v6p1i4_0074,train,q,0,silicon_die_upper,,,,336,2.168612912520099,0.26682731629907136,1.5060424804687485e-10,214.84668944837856,14399413965.037218
v6p1i4_0074,train,q,1,silicon_die_upper,,,,384,2.6271385044576387,0.32324455537608116,1.7211914062499983e-10,238.4451708043563,15263488389.019148
v6p1i4_0074,train,q,2,silicon_die_lower,,,,576,3.331650764324515,0.40992812832484743,2.6367187500000016e-10,202.855392442557,12635594009.882597
v6p1i4_0075,train,k,0,silicon_die_upper,59.073298663915985,59.073298663915985,59.073298663915985,392,,,,,
v6p1i4_0075,train,k,1,silicon_die_upper,61.08410404914112,61.08410404914112,61.08410404914112,560,,,,,
v6p1i4_0075,train,k,2,silicon_die_lower,30.337119564770383,30.337119564770383,30.337119564770383,336,,,,,
v6p1i4_0075,train,k,3,silicon_die_upper,32.847080797837584,32.847080797837584,32.847080797837584,640,,,,,
v6p1i4_0075,train,k,4,silicon_die_upper,315.92218452112513,315.92218452112513,315.92218452112513,576,,,,,
v6p1i4_0075,train,k,5,silicon_die_upper,39.14953710294768,39.14953710294768,39.14953710294768,432,,,,,
v6p1i4_0075,train,q,0,silicon_die_lower,,,,392,0.9258330578353104,0.16447469653804073,1.7944335937499983e-10,73.09470806544519,5159472387.610116
v6p1i4_0075,train,q,1,silicon_die_lower,,,,280,0.5310828843165435,0.09434713471858862,1.281738281249999e-10,55.41762183067363,4143458084.1153593
v6p1i4_0075,train,q,2,silicon_die_upper,,,,336,0.7405111511459933,0.1315521689758433,1.5060424804687472e-10,74.93010516542616,4916934022.442139
v6p1i4_0075,train,q,3,silicon_die_lower,,,,288,0.7015510436542735,0.12463088678294722,1.3183593749999995e-10,75.15700499928968,5321394582.977602
v6p1i4_0075,train,q,4,silicon_die_upper,,,,360,0.878456428575559,0.15605821512754545,1.6136169433593729e-10,73.45375860286006,5444020851.359613
v6p1i4_0075,train,q,5,silicon_die_lower,,,,336,0.7108502561943789,0.12628289644887195,1.5380859374999977e-10,71.29720797457966,4621654999.003461
v6p1i4_0075,train,q,6,silicon_die_upper,,,,448,1.1407455235090584,0.20265400140816292,2.0080566406249984e-10,79.91571069137495,5680843360.842684
v6p1i4_0076,train,k,0,silicon_die_lower,297.35543951455867,297.35543951455867,297.35543951455867,576,,,,,
v6p1i4_0076,train,k,1,silicon_die_lower,52.413171784075786,52.413171784075786,52.413171784075786,720,,,,,
v6p1i4_0076,train,k,2,silicon_die_lower,139.4247623228555,139.4247623228555,139.4247623228555,640,,,,,
v6p1i4_0076,train,k,3,silicon_die_lower,81.4984361877323,81.4984361877323,81.4984361877323,576,,,,,
v6p1i4_0076,train,k,4,silicon_die_upper,44.85752312066056,44.85752312066056,44.85752312066056,640,,,,,
v6p1i4_0076,train,q,0,silicon_die_lower,,,,448,0.5783706635675975,0.09222856112050408,2.0507812499999985e-10,40.19529537390036,2820245521.396287
v6p1i4_0076,train,q,1,silicon_die_upper,,,,576,0.6696628696209151,0.10678626491875351,2.581787109374996e-10,38.8629440842214,2593795852.4513216
v6p1i4_0076,train,q,2,silicon_die_lower,,,,576,1.0438649669138924,0.16645755043784094,2.636718749999997e-10,64.06786744670698,3958954541.1845446
v6p1i4_0076,train,q,3,silicon_die_lower,,,,336,0.3820837634564683,0.06092811747008416,1.5380859374999992e-10,39.549483093967076,2484150944.631262
v6p1i4_0076,train,q,4,silicon_die_lower,,,,448,0.509157537171969,0.08119164749361794,2.050781249999999e-10,37.67593218562001,2482749133.6385546
v6p1i4_0076,train,q,5,silicon_die_lower,,,,432,0.5193334404563213,0.08281432474392689,1.9775390625000002e-10,37.48257150702932,2626160212.4803605
v6p1i4_0076,train,q,6,silicon_die_lower,,,,504,1.008815184176803,0.16086841662962137,2.3071289062499996e-10,63.539114865448404,4372599994.061572
v6p1i4_0076,train,q,7,silicon_die_lower,,,,448,0.726970192180206,0.11592464664217968,2.0507812499999985e-10,51.22787208886509,3544845127.583483
v6p1i4_0076,train,q,8,silicon_die_upper,,,,448,0.8327994640397889,0.13280047054347136,2.008056640624998e-10,62.025313117462886,4147290704.810916
v6p1i4_0077,train,k,0,silicon_die_upper,272.4028829411134,272.4028829411134,272.4028829411134,384,,,,,
v6p1i4_0077,train,k,1,silicon_die_upper,60.6257452697688,60.6257452697688,60.6257452697688,528,,,,,
v6p1i4_0077,train,k,2,silicon_die_upper,90.22924020910324,90.22924020910324,90.22924020910324,560,,,,,
v6p1i4_0077,train,k,3,silicon_die_upper,115.84978865924484,115.84978865924484,115.84978865924484,704,,,,,
v6p1i4_0077,train,k,4,silicon_die_upper,225.24222670446682,225.24222670446682,225.24222670446682,648,,,,,
v6p1i4_0077,train,k,5,silicon_die_upper,333.7715430884084,333.7715430884084,333.7715430884084,640,,,,,
v6p1i4_0077,train,k,6,silicon_die_upper,33.212199718881735,33.212199718881735,33.212199718881735,640,,,,,
v6p1i4_0077,train,k,7,silicon_die_lower,82.98670981934534,82.98670981934534,82.98670981934534,560,,,,,
v6p1i4_0077,train,q,0,silicon_die_upper,,,,280,1.3408475540826008,0.16209305540983762,1.255035400390624e-10,161.09313052773513,10683742894.146795
v6p1i4_0077,train,q,1,silicon_die_lower,,,,288,1.1925484091658416,0.1441653935805474,1.3183593749999998e-10,136.43160148691365,9045700525.820904
v6p1i4_0077,train,q,2,silicon_die_upper,,,,336,2.4397773861582603,0.2949410392241036,1.5060424804687485e-10,254.09077078503674,16199924091.111237
v6p1i4_0077,train,q,3,silicon_die_upper,,,,336,2.212955733478075,0.2675209088714063,1.5060424804687477e-10,239.93270955148404,14693846702.048567
v6p1i4_0077,train,q,4,silicon_die_upper,,,,240,1.0859560517460007,0.13127960291410518,1.0757446289062495e-10,139.75402432219948,10094924227.97531
v6p1i4_0078,train,k,0,silicon_die_lower,121.56118173979321,121.56118173979321,121.56118173979321,704,,,,,
v6p1i4_0078,train,k,1,silicon_die_upper,21.431105769940803,21.431105769940803,21.431105769940803,960,,,,,
v6p1i4_0078,train,q,0,silicon_die_lower,,,,320,0.7988212739796192,0.11734917631336546,1.4648437499999994e-10,78.22410958683903,5453286563.70087
v6p1i4_0078,train,q,1,silicon_die_upper,,,,448,1.0718674363812377,0.1574604543890328,2.0080566406249973e-10,76.69951602669268,5337834674.063897
v6p1i4_0078,train,q,2,silicon_die_upper,,,,392,0.8417022739798227,0.12364852035117295,1.7570495605468736e-10,67.26781061451345,4790429893.837751
v6p1i4_0078,train,q,3,silicon_die_lower,,,,432,0.7975453379923537,0.11716173759332706,1.9775390625e-10,54.82487595839489,4033019388.1687417
v6p1i4_0078,train,q,4,silicon_die_upper,,,,384,1.1336328225129166,0.1665339698590457,1.7211914062499983e-10,89.33712617327623,6586326299.309094
v6p1i4_0078,train,q,5,silicon_die_lower,,,,320,0.9484701905305949,0.13933303886869922,1.464843749999999e-10,96.93618204058687,6474889834.0222
v6p1i4_0078,train,q,6,silicon_die_upper,,,,240,0.5098279199873654,0.07489520925503061,1.0757446289062493e-10,69.45041758190867,4739302491.388937
v6p1i4_0078,train,q,7,silicon_die_upper,,,,448,0.7053494552713029,0.10361789337032631,2.0080566406249989e-10,55.826724416334486,3512597408.864752
v6p1i4_0079,train,k,0,silicon_die_lower,25.753426066994262,25.753426066994262,25.753426066994262,448,,,,,
v6p1i4_0079,train,k,1,silicon_die_lower,195.41649625117535,195.41649625117535,195.41649625117535,720,,,,,
v6p1i4_0079,train,k,2,silicon_die_upper,26.00347027908209,26.00347027908209,26.00347027908209,792,,,,,
v6p1i4_0079,train,q,0,silicon_die_upper,,,,504,1.0158359666003867,0.3546169787790592,2.259063720703123e-10,68.00699897915868,4496712320.643229
v6p1i4_0079,train,q,1,silicon_die_lower,,,,384,0.5437827752890297,0.18982848730039675,1.7578124999999997e-10,45.85209569886116,3093519788.3109255
v6p1i4_0079,train,q,2,silicon_die_lower,,,,360,0.5603149475703881,0.19559968381226084,1.6479492187500008e-10,52.081682608681206,3400074111.478976
v6p1i4_0079,train,q,3,silicon_die_upper,,,,432,0.7446667876462107,0.2599548501082832,1.936340332031248e-10,49.82527689501525,3845743309.3130116
v6p1i4_0080,train,k,0,silicon_die_lower,120.74084389546945,120.74084389546945,120.74084389546945,432,,,,,
v6p1i4_0080,train,k,1,silicon_die_lower,102.37161812042481,102.37161812042481,102.37161812042481,576,,,,,
v6p1i4_0080,train,k,2,silicon_die_lower,119.36921010733906,119.36921010733906,119.36921010733906,560,,,,,
v6p1i4_0080,train,k,3,silicon_die_lower,127.12279441687566,127.12279441687566,127.12279441687566,704,,,,,
v6p1i4_0080,train,k,4,silicon_die_lower,75.34693720413301,75.34693720413301,75.34693720413301,560,,,,,
v6p1i4_0080,train,k,5,silicon_die_lower,71.86301392673194,71.86301392673194,71.86301392673194,432,,,,,
v6p1i4_0080,train,k,6,silicon_die_lower,187.84297676381397,187.84297676381397,187.84297676381397,512,,,,,
v6p1i4_0080,train,k,7,silicon_die_upper,156.17548194134073,156.17548194134073,156.17548194134073,480,,,,,
v6p1i4_0080,train,q,0,silicon_die_upper,,,,320,2.542225764590363,0.4086577589848673,1.4343261718749987e-10,218.4413677365109,17724181671.084488
v6p1i4_0080,train,q,1,silicon_die_lower,,,,384,1.3750521402941527,0.22103690945422333,1.7578125000000002e-10,121.28113795208574,7822518842.56229
v6p1i4_0080,train,q,2,silicon_die_upper,,,,432,2.3036385189353057,0.37030533156090933,1.9363403320312483e-10,200.2383804296742,11896867925.685133
v6p1i4_0081,train,k,0,silicon_die_upper,262.87569908660436,262.87569908660436,262.87569908660436,320,,,,,
v6p1i4_0081,train,k,1,silicon_die_upper,97.30101565573725,97.30101565573725,97.30101565573725,792,,,,,
v6p1i4_0081,train,k,2,silicon_die_lower,106.13877007401939,106.13877007401939,106.13877007401939,616,,,,,
v6p1i4_0081,train,q,0,silicon_die_upper,,,,336,0.7167870424658759,0.1111659898866564,1.5060424804687482e-10,66.96214699903055,4759407863.732898
v6p1i4_0081,train,q,1,silicon_die_upper,,,,432,1.1482077942430895,0.17807472579791225,1.9363403320312485e-10,88.61445461328404,5929782979.000407
v6p1i4_0081,train,q,2,silicon_die_lower,,,,392,0.7252371186726564,0.11247650616344744,1.79443359375e-10,58.41392460425787,4041593521.201634
v6p1i4_0081,train,q,3,silicon_die_upper,,,,384,0.8527632526064802,0.13225444308931864,1.7211914062499983e-10,73.01071164086669,4954494017.98035
v6p1i4_0081,train,q,4,silicon_die_upper,,,,512,1.137737417174013,0.17645088250497798,2.2949218749999956e-10,68.16567299561433,4957630277.388049
v6p1i4_0081,train,q,5,silicon_die_upper,,,,432,1.0800280140752991,0.1675007724427665,1.9363403320312488e-10,90.26689845884343,5577676590.263108
v6p1i4_0081,train,q,6,silicon_die_lower,,,,504,0.7871380678824876,0.1220766801149208,2.3071289062499988e-10,57.1064096123747,3411764577.827165
v6p1i4_0082,train,k,0,silicon_die_lower,138.18068831283,138.18068831283,138.18068831283,792,,,,,
v6p1i4_0082,train,k,1,silicon_die_lower,20.12892497512482,20.12892497512482,20.12892497512482,528,,,,,
v6p1i4_0082,train,k,2,silicon_die_upper,43.680613234106644,43.680613234106644,43.680613234106644,880,,,,,
v6p1i4_0082,train,k,3,silicon_die_lower,105.92675421713737,105.92675421713737,105.92675421713737,880,,,,,
v6p1i4_0082,train,k,4,silicon_die_lower,39.188018084214434,39.188018084214434,39.188018084214434,792,,,,,
v6p1i4_0082,train,k,5,silicon_die_upper,117.11174397325975,117.11174397325975,117.11174397325975,704,,,,,
v6p1i4_0082,train,q,0,silicon_die_lower,,,,288,1.1702560339516481,0.16594455485776993,1.3183593749999998e-10,114.77014331101432,8876608731.603615
v6p1i4_0082,train,q,1,silicon_die_lower,,,,240,0.7197410313862753,0.1020606615998038,1.0986328124999988e-10,89.26483070514004,6551242810.129304
v6p1i4_0082,train,q,2,silicon_die_lower,,,,336,0.9342663538677133,0.1324807646474183,1.5380859374999997e-10,97.56035604087731,6074214262.606594
v6p1i4_0082,train,q,3,silicon_die_upper,,,,336,1.102353716396264,0.15631587571950475,1.5060424804687488e-10,113.65954005560958,7319539327.025898
v6p1i4_0082,train,q,4,silicon_die_lower,,,,576,1.600464889567563,0.2269489974496919,2.6367187499999975e-10,100.26665343369562,6069911284.878468
v6p1i4_0082,train,q,5,silicon_die_lower,,,,336,1.5250085658997499,0.21624914572581141,1.5380859374999992e-10,137.9423538605647,9914976326.86568
v6p1i4_0083,train,k,0,silicon_die_lower,63.69294693829005,63.69294693829005,63.69294693829005,480,,,,,
v6p1i4_0083,train,k,1,silicon_die_lower,64.30288207412453,64.30288207412453,64.30288207412453,640,,,,,
v6p1i4_0083,train,k,2,silicon_die_lower,77.00944793748103,77.00944793748103,77.00944793748103,384,,,,,
v6p1i4_0083,train,k,3,silicon_die_lower,51.47917868658067,51.47917868658067,51.47917868658067,880,,,,,
v6p1i4_0083,train,k,4,silicon_die_lower,74.32568031268644,74.32568031268644,74.32568031268644,432,,,,,
v6p1i4_0083,train,k,5,silicon_die_upper,157.78268671812236,157.78268671812236,157.78268671812236,432,,,,,
v6p1i4_0083,train,k,6,silicon_die_lower,67.6092999760882,67.6092999760882,67.6092999760882,792,,,,,
v6p1i4_0083,train,q,0,silicon_die_upper,,,,576,0.3537981263990085,0.09376077951663227,2.581787109374998e-10,21.910699895962853,1370361348.2083592
v6p1i4_0083,train,q,1,silicon_die_upper,,,,576,0.6552988325399233,0.17366211059577408,2.581787109374997e-10,40.52541977431642,2538159827.974968
v6p1i4_0083,train,q,2,silicon_die_upper,,,,576,0.6489225389655173,0.1719723157343707,2.581787109374998e-10,37.75902901686731,2513462619.009703
v6p1i4_0083,train,q,3,silicon_die_lower,,,,448,0.31882896605043254,0.08449352938533315,2.0507812499999992e-10,23.129412146994238,1554670767.7887764
v6p1i4_0083,train,q,4,silicon_die_upper,,,,336,0.25534241813890957,0.06766882688735776,1.506042480468749e-10,26.69777762276313,1695452959.995095
v6p1i4_0083,train,q,5,silicon_die_lower,,,,320,0.2194864467334704,0.0581665611079495,1.4648437499999997e-10,21.096229060798105,1498360809.7004917
v6p1i4_0083,train,q,6,silicon_die_lower,,,,392,0.35182721174840054,0.09323846331365344,1.79443359375e-10,27.257682104813558,1960658856.2196581
v6p1i4_0083,train,q,7,silicon_die_upper,,,,432,0.2741089363544774,0.0726421810275103,1.9363403320312483e-10,24.570141117073533,1415603093.2172616
v6p1i4_0083,train,q,8,silicon_die_upper,,,,432,0.4656592744590421,0.12340533571166915,1.9363403320312483e-10,36.18417229483469,2404842097.0014033
v6p1i4_0083,train,q,9,silicon_die_upper,,,,384,0.23014005749481548,0.060989896719749664,1.7211914062499983e-10,20.92429394259115,1337097412.054986
v6p1i4_0084,train,k,0,silicon_die_upper,236.12432501977497,236.12432501977497,236.12432501977497,672,,,,,
v6p1i4_0084,train,k,1,silicon_die_lower,76.0738872436182,76.0738872436182,76.0738872436182,1056,,,,,
v6p1i4_0084,train,k,2,silicon_die_upper,83.99828858655742,83.99828858655742,83.99828858655742,640,,,,,
v6p1i4_0084,train,k,3,silicon_die_upper,50.90069730261796,50.90069730261796,50.90069730261796,448,,,,,
v6p1i4_0084,train,k,4,silicon_die_upper,128.56957270215545,128.56957270215545,128.56957270215545,440,,,,,
v6p1i4_0084,train,k,5,silicon_die_upper,67.1410857362578,67.1410857362578,67.1410857362578,960,,,,,
v6p1i4_0084,train,q,0,silicon_die_upper,,,,512,0.6275074612940061,0.16241104384952837,2.2949218749999977e-10,40.27141338603752,2734330384.5321827
v6p1i4_0084,train,q,1,silicon_die_lower,,,,384,0.4306818494633128,0.1114687761546943,1.7578124999999992e-10,42.75113166888595,2450101188.057958
v6p1i4_0084,train,q,2,silicon_die_upper,,,,336,0.3404862827383578,0.08812442242829878,1.5060424804687488e-10,36.202127185814525,2260801319.7103376
v6p1i4_0084,train,q,3,silicon_die_upper,,,,200,0.2219261962082258,0.05743878345192431,8.964538574218743e-11,31.977936826810666,2475600884.204646
v6p1i4_0084,train,q,4,silicon_die_upper,,,,504,0.5878211337748623,0.15213945621669464,2.2590637207031234e-10,38.33940839472634,2602056455.458926
v6p1i4_0084,train,q,5,silicon_die_upper,,,,512,0.5997631581898286,0.15523028265390015,2.2949218749999984e-10,37.614522899994505,2613436059.5165315
v6p1i4_0084,train,q,6,silicon_die_upper,,,,512,0.5533232740162435,0.14321074419402305,2.2949218749999977e-10,34.985965164556404,2411076734.43674
v6p1i4_0084,train,q,7,silicon_die_upper,,,,432,0.5021900973855052,0.12997649105093642,1.9363403320312477e-10,41.16683555171907,2593501199.5474005
v6p1i4_0085,train,k,0,silicon_die_upper,63.17590827765544,63.17590827765544,63.17590827765544,480,,,,,
v6p1i4_0085,train,k,1,silicon_die_upper,81.93859985077822,81.93859985077822,81.93859985077822,704,,,,,
v6p1i4_0085,train,k,2,silicon_die_upper,235.64459940935086,235.64459940935086,235.64459940935086,704,,,,,
v6p1i4_0085,train,k,3,silicon_die_lower,33.14467093349483,33.14467093349483,33.14467093349483,448,,,,,
v6p1i4_0085,train,q,0,silicon_die_lower,,,,392,1.4662007461283162,0.23457880630101746,1.7944335937499986e-10,141.92745323433962,8170827559.37631
v6p1i4_0085,train,q,1,silicon_die_upper,,,,448,1.315812714225813,0.21051808671756064,2.0080566406249989e-10,110.10282967759325,6552667328.229706
v6p1i4_0085,train,q,2,silicon_die_upper,,,,512,1.830512926275401,0.2928654471757352,2.294921874999998e-10,108.91266722087266,7976362708.536222
v6p1i4_0085,train,q,3,silicon_die_lower,,,,392,1.6378283203803197,0.2620376598056867,1.7944335937499994e-10,130.66269683725508,9127271837.112642
v6p1i4_0086,train,k,0,silicon_die_upper,32.31558032949827,32.31558032949827,32.31558032949827,432,,,,,
v6p1i4_0086,train,k,1,silicon_die_lower,220.35898308007143,220.35898308007143,220.35898308007143,392,,,,,
v6p1i4_0086,train,k,2,silicon_die_upper,278.7872811502175,278.7872811502175,278.7872811502175,704,,,,,
v6p1i4_0086,train,q,0,silicon_die_upper,,,,320,1.0193741563399608,0.08254077961186863,1.4343261718749987e-10,96.86922012941753,7106989862.754865
v6p1i4_0086,train,q,1,silicon_die_lower,,,,288,1.081874552237184,0.08760156261418636,1.3183593749999982e-10,116.54651058600768,8206218825.858355
v6p1i4_0086,train,q,2,silicon_die_lower,,,,336,1.1468726938795109,0.09286459312277137,1.5380859374999985e-10,111.57396941300658,7456492943.064256
v6p1i4_0086,train,q,3,silicon_die_lower,,,,360,1.7521756107523176,0.14187719006696664,1.6479492187499992e-10,148.15051236967668,10632461187.617031
v6p1i4_0086,train,q,4,silicon_die_lower,,,,448,2.1514939529778356,0.1742108009159561,2.0507812499999987e-10,157.26676986951904,10491094323.091928
v6p1i4_0086,train,q,5,silicon_die_upper,,,,360,1.4971429694546232,0.12122668317677097,1.6136169433593716e-10,140.20905170618948,9278180770.324198
v6p1i4_0086,train,q,6,silicon_die_lower,,,,240,1.201810432305991,0.09731301250993338,1.0986328125000001e-10,133.91742557014442,10939145623.834087
v6p1i4_0086,train,q,7,silicon_die_lower,,,,288,0.9306488401923606,0.07535651197021374,1.318359375e-10,117.67998678402789,7059143795.236868
v6p1i4_0086,train,q,8,silicon_die_upper,,,,392,1.5685526141963033,0.1270088660113328,1.757049560546874e-10,151.90441454290874,8927196189.66296
v6p1i4_0087,test_iid,k,0,silicon_die_upper,61.60284639328504,61.60284639328504,61.60284639328504,392,,,,,
v6p1i4_0087,test_iid,k,1,silicon_die_lower,44.86817934216267,44.86817934216267,44.86817934216267,320,,,,,
v6p1i4_0087,test_iid,k,2,silicon_die_lower,48.9004044057449,48.9004044057449,48.9004044057449,720,,,,,
v6p1i4_0087,test_iid,k,3,silicon_die_lower,79.61949757362451,79.61949757362451,79.61949757362451,480,,,,,
v6p1i4_0087,test_iid,k,4,silicon_die_lower,238.5869443250326,238.5869443250326,238.5869443250326,336,,,,,
v6p1i4_0087,test_iid,k,5,silicon_die_upper,24.356584733830065,24.356584733830065,24.356584733830065,704,,,,,
v6p1i4_0087,test_iid,k,6,silicon_die_lower,363.4142732919658,363.4142732919658,363.4142732919658,504,,,,,
v6p1i4_0087,test_iid,k,7,silicon_die_lower,319.98585078197476,319.98585078197476,319.98585078197476,288,,,,,
v6p1i4_0087,test_iid,q,0,silicon_die_lower,,,,320,0.9520857966728714,0.19187814604775752,1.4648437499999997e-10,87.80851120696111,6499572371.95347
v6p1i4_0087,test_iid,q,1,silicon_die_upper,,,,648,1.3123359878868146,0.26448099239316103,2.9045104980468724e-10,73.23852981566677,4518269046.606271
v6p1i4_0087,test_iid,q,2,silicon_die_lower,,,,280,0.6164507644452454,0.12423610374697959,1.2817382812499986e-10,60.57908820553785,4809490154.605196
v6p1i4_0087,test_iid,q,3,silicon_die_upper,,,,648,1.688096416519276,0.34020968686173364,2.9045104980468734e-10,89.89684530006677,5811982492.934454
v6p1i4_0087,test_iid,q,4,silicon_die_upper,,,,240,0.3929603436942689,0.07919507095036825,1.0757446289062489e-10,53.85523573243517,3652914763.737253
v6p1i4_0088,train,k,0,silicon_die_lower,162.7729239123805,162.7729239123805,162.7729239123805,448,,,,,
v6p1i4_0088,train,k,1,silicon_die_upper,205.50329667453045,205.50329667453045,205.50329667453045,648,,,,,
v6p1i4_0088,train,q,0,silicon_die_lower,,,,448,0.6129929323711246,0.11432046166871519,2.0507812500000016e-10,43.07098970472064,2989070298.8001485
v6p1i4_0088,train,q,1,silicon_die_lower,,,,392,0.5641866579504113,0.10521830807206016,1.79443359375e-10,48.837596957255634,3144093266.6188912
v6p1i4_0088,train,q,2,silicon_die_upper,,,,504,0.5372042429523353,0.10018620741213054,2.2590637207031224e-10,36.63854327790632,2377995087.208665
v6p1i4_0088,train,q,3,silicon_die_lower,,,,512,0.6486136417199568,0.12096356589175083,2.343749999999998e-10,40.580809294703656,2767418204.671818
v6p1i4_0088,train,q,4,silicon_die_lower,,,,336,0.5521956588726227,0.10298203995533087,1.5380859374999997e-10,47.82231964013973,3590148283.7178774
v6p1i4_0088,train,q,5,silicon_die_upper,,,,448,0.6186169120712901,0.11536930892581398,2.0080566406249984e-10,54.86153402280428,3080674616.223716
v6p1i4_0088,train,q,6,silicon_die_lower,,,,320,0.43350195756011367,0.08084619137592268,1.4648437499999979e-10,37.454078942234865,2959373363.61038
v6p1i4_0088,train,q,7,silicon_die_upper,,,,384,0.6049660386405066,0.11282348160811245,1.7211914062499985e-10,58.690103104061365,3514809779.108535
v6p1i4_0088,train,q,8,silicon_die_upper,,,,384,0.7897798381691289,0.1472904350901633,1.7211914062499998e-10,62.693994630878116,4588564847.00816
v6p1i4_0089,train,k,0,silicon_die_upper,184.45027639946042,184.45027639946042,184.45027639946042,336,,,,,
v6p1i4_0089,train,k,1,silicon_die_lower,62.32658426141691,62.32658426141691,62.32658426141691,880,,,,,
v6p1i4_0089,train,q,0,silicon_die_lower,,,,392,1.5385508864400743,0.20101850889950487,1.79443359375e-10,135.8610618775601,8574019633.82115
v6p1i4_0089,train,q,1,silicon_die_upper,,,,576,2.050442957493136,0.2678994822540211,2.581787109374997e-10,121.24752506953892,7941952107.699192
v6p1i4_0089,train,q,2,silicon_die_lower,,,,336,0.6987059459013947,0.09128903609376135,1.5380859374999997e-10,82.6052053939717,4542697705.416053
v6p1i4_0089,train,q,3,silicon_die_upper,,,,288,1.072359280607211,0.14010850436736816,1.290893554687499e-10,110.2762616380173,8307108488.637617
v6p1i4_0089,train,q,4,silicon_die_lower,,,,576,2.2937181606351578,0.2996844683853446,2.636718749999999e-10,132.25265783318451,8699138505.520008
v6p1i4_0090,valid_iid,k,0,silicon_die_upper,56.74546263911678,56.74546263911678,56.74546263911678,616,,,,,
v6p1i4_0090,valid_iid,k,1,silicon_die_upper,38.671047828435796,38.671047828435796,38.671047828435796,792,,,,,
v6p1i4_0090,valid_iid,k,2,silicon_die_upper,156.37521242463256,156.37521242463256,156.37521242463256,576,,,,,
v6p1i4_0090,valid_iid,k,3,silicon_die_lower,218.3650125176667,218.3650125176667,218.3650125176667,616,,,,,
v6p1i4_0090,valid_iid,q,0,silicon_die_upper,,,,512,0.8296714919116174,0.16531997424266573,2.294921874999999e-10,55.255410425647426,3615249394.5425386
v6p1i4_0090,valid_iid,q,1,silicon_die_upper,,,,320,0.537576260426748,0.1071172077064519,1.4343261718749987e-10,47.43903359784957,3747935936.5241904
v6p1i4_0090,valid_iid,q,2,silicon_die_lower,,,,432,0.6068329117095512,0.12091725738614607,1.977539062499999e-10,54.20699621252954,3068626674.5213866
v6p1i4_0090,valid_iid,q,3,silicon_die_lower,,,,512,0.642325421759863,0.12798947922880058,2.3437500000000003e-10,42.68766264216812,2740588466.175415
v6p1i4_0090,valid_iid,q,4,silicon_die_upper,,,,320,0.42529747121186795,0.0847445858652051,1.4343261718749987e-10,38.34642545478035,2965137773.759681
v6p1i4_0090,valid_iid,q,5,silicon_die_upper,,,,384,0.7790456302246157,0.15523228745132608,1.7211914062499988e-10,70.13490760291641,4526199860.141884
v6p1i4_0090,valid_iid,q,6,silicon_die_lower,,,,240,0.6250161758526135,0.12454044655087498,1.0986328125000001e-10,74.22438657881355,5689036125.09401
v6p1i4_0090,valid_iid,q,7,silicon_die_upper,,,,384,0.5728144891705815,0.11413876156852952,1.721191406249999e-10,44.81342827500941,3328011556.940005
v6p1i4_0091,train,k,0,silicon_die_upper,333.83059885397216,333.83059885397216,333.83059885397216,432,,,,,
v6p1i4_0091,train,k,1,silicon_die_lower,23.88066728704725,23.88066728704725,23.88066728704725,384,,,,,
v6p1i4_0091,train,k,2,silicon_die_lower,138.9469901014781,138.9469901014781,138.9469901014781,504,,,,,
v6p1i4_0091,train,k,3,silicon_die_upper,22.11940552519764,22.11940552519764,22.11940552519764,320,,,,,
v6p1i4_0091,train,q,0,silicon_die_lower,,,,200,1.1580201083210362,0.22627745777926522,9.155273437500003e-11,146.5342574994757,12648667636.4879
v6p1i4_0091,train,q,1,silicon_die_upper,,,,384,1.416159975098881,0.2767180610004449,1.721191406249998e-10,136.9265590343123,8227789018.446841
v6p1i4_0091,train,q,2,silicon_die_upper,,,,448,1.1229570497243948,0.21942612617957774,2.0080566406249978e-10,89.55590433704167,5592257842.761248
v6p1i4_0091,train,q,3,silicon_die_upper,,,,288,1.4205627017667315,0.27757835504071215,1.290893554687498e-10,172.21988747683974,11004491397.515917
v6p1i4_0092,valid_iid,k,0,silicon_die_lower,30.939689889835524,30.939689889835524,30.939689889835524,576,,,,,
v6p1i4_0092,valid_iid,k,1,silicon_die_lower,47.74637416468537,47.74637416468537,47.74637416468537,560,,,,,
v6p1i4_0092,valid_iid,k,2,silicon_die_upper,45.85032112442316,45.85032112442316,45.85032112442316,720,,,,,
v6p1i4_0092,valid_iid,k,3,silicon_die_lower,71.72428496974172,71.72428496974172,71.72428496974172,576,,,,,
v6p1i4_0092,valid_iid,q,0,silicon_die_lower,,,,240,0.4949432356866434,0.11583033866752084,1.0986328125000002e-10,68.73921896122869,4505083318.6055355
v6p1i4_0092,valid_iid,q,1,silicon_die_lower,,,,240,0.7247953815968825,0.1696220666569006,1.0986328125e-10,83.08668298764528,6597248628.93518
v6p1i4_0092,valid_iid,q,2,silicon_die_lower,,,,360,0.9225148358185684,0.21589386045540165,1.6479492187499987e-10,83.49480151391357,5597956692.611643
v6p1i4_0092,valid_iid,q,3,silicon_die_upper,,,,384,0.851733597917903,0.19932910278987592,1.721191406249998e-10,70.5940023504451,4948511797.264873
v6p1i4_0092,valid_iid,q,4,silicon_die_lower,,,,448,0.586103139960484,0.13716426511322513,2.050781249999999e-10,44.561596614946005,2857950549.1406474
v6p1i4_0092,valid_iid,q,5,silicon_die_lower,,,,448,0.69291152325371,0.16216036631707598,2.05078125e-10,48.8632705534737,3378768570.5323763
v6p1i4_0093,test_iid,k,0,silicon_die_upper,53.28254189549558,53.28254189549558,53.28254189549558,480,,,,,
v6p1i4_0093,test_iid,k,1,silicon_die_lower,79.29857002973,79.29857002973,79.29857002973,336,,,,,
v6p1i4_0093,test_iid,k,2,silicon_die_upper,22.455077631790108,22.455077631790108,22.455077631790108,576,,,,,
v6p1i4_0093,test_iid,k,3,silicon_die_upper,90.2510177530788,90.2510177530788,90.2510177530788,880,,,,,
v6p1i4_0093,test_iid,k,4,silicon_die_upper,247.9851123533407,247.9851123533407,247.9851123533407,360,,,,,
v6p1i4_0093,test_iid,k,5,silicon_die_upper,25.95008504561801,25.95008504561801,25.95008504561801,560,,,,,
v6p1i4_0093,test_iid,k,6,silicon_die_lower,80.03099919753582,80.03099919753582,80.03099919753582,336,,,,,
v6p1i4_0093,test_iid,q,0,silicon_die_upper,,,,576,1.227971184650871,0.12586899542991314,2.581787109374997e-10,74.65590365344744,4756283661.777753
v6p1i4_0093,test_iid,q,1,silicon_die_upper,,,,448,1.0281182397883704,0.10538375138022905,2.0080566406249989e-10,76.01166894239303,5119966334.557042
v6p1i4_0093,test_iid,q,2,silicon_die_upper,,,,432,1.020567249216726,0.10460976286190413,1.936340332031249e-10,75.55142157112816,5270598522.038407
v6p1i4_0093,test_iid,q,3,silicon_die_upper,,,,336,0.9445995953555527,0.09682295776729449,1.5060424804687488e-10,78.14576104873558,6272064749.870471
v6p1i4_0093,test_iid,q,4,silicon_die_lower,,,,448,1.2252711370148346,0.12559223626177562,2.0507812500000018e-10,87.27430882415959,5974655449.062807
v6p1i4_0093,test_iid,q,5,silicon_die_upper,,,,504,0.8793854581408626,0.09013840519664493,2.2590637207031242e-10,64.83215890510677,3892698776.4079423
v6p1i4_0093,test_iid,q,6,silicon_die_upper,,,,336,0.9669243508304255,0.09911128063672697,1.5060424804687503e-10,91.85787213002901,6420299316.71963
v6p1i4_0093,test_iid,q,7,silicon_die_lower,,,,576,0.9316185706166192,0.09549238212841665,2.6367187500000006e-10,50.7726422931828,3533249690.0422883
v6p1i4_0093,test_iid,q,8,silicon_die_lower,,,,336,0.7587432830599191,0.07777239077079716,1.5380859375000003e-10,76.45324655396139,4933035694.307029
v6p1i4_0093,test_iid,q,9,silicon_die_upper,,,,320,0.7727474251916165,0.07920783756629801,1.4343261718749995e-10,71.56509703370904,5387529282.6976385
v6p1i4_0094,train,k,0,silicon_die_upper,162.75043395968447,162.75043395968447,162.75043395968447,504,,,,,
v6p1i4_0094,train,k,1,silicon_die_lower,20.888179681259924,20.888179681259924,20.888179681259924,288,,,,,
v6p1i4_0094,train,k,2,silicon_die_upper,182.54457621952602,182.54457621952602,182.54457621952602,968,,,,,
v6p1i4_0094,train,k,3,silicon_die_upper,72.63068427095548,72.63068427095548,72.63068427095548,432,,,,,
v6p1i4_0094,train,q,0,silicon_die_lower,,,,336,2.351268884929584,0.3484147100674137,1.5380859374999995e-10,185.48106882728388,15286979924.875523
v6p1i4_0094,train,q,1,silicon_die_upper,,,,432,2.1938021556901175,0.32508104322697673,1.9363403320312488e-10,170.7861662173309,11329631054.003754
v6p1i4_0094,train,q,2,silicon_die_upper,,,,512,2.203406612561601,0.3265042467056096,2.2949218749999982e-10,153.90222559426192,9601227111.757793
v6p1i4_0095,train,k,0,silicon_die_upper,23.833094692596678,23.833094692596678,23.833094692596678,480,,,,,
v6p1i4_0095,train,k,1,silicon_die_lower,34.80147469947786,34.80147469947786,34.80147469947786,560,,,,,
v6p1i4_0095,train,k,2,silicon_die_upper,33.47972826793742,33.47972826793742,33.47972826793742,880,,,,,
v6p1i4_0095,train,k,3,silicon_die_upper,154.02169820828814,154.02169820828814,154.02169820828814,240,,,,,
v6p1i4_0095,train,k,4,silicon_die_upper,28.035475997592723,28.035475997592723,28.035475997592723,384,,,,,
v6p1i4_0095,train,q,0,silicon_die_upper,,,,384,0.8157256497052336,0.15191853601118183,1.72119140625e-10,62.2434385298803,4739308171.904449
v6p1i4_0095,train,q,1,silicon_die_lower,,,,360,0.8152040588412991,0.15182139634115382,1.6479492187500008e-10,75.97657181201514,4946779000.02068
v6p1i4_0095,train,q,2,silicon_die_lower,,,,240,0.37955574346565607,0.07068743382382844,1.0986328125000001e-10,46.42149469044287,3454800722.7451715
v6p1i4_0095,train,q,3,silicon_die_upper,,,,384,0.9469954957007504,0.17636587664986159,1.7211914062499988e-10,80.6101927805897,5501976667.22025
v6p1i4_0095,train,q,4,silicon_die_lower,,,,512,1.1632979451178211,0.21664945908097472,2.343749999999998e-10,84.9933392906318,4963404565.8360405
v6p1i4_0095,train,q,5,silicon_die_lower,,,,288,0.6122836765865838,0.11403005385964013,1.3183593750000003e-10,72.01498514032905,4644285072.775271
v6p1i4_0095,train,q,6,silicon_die_lower,,,,320,0.636431312785371,0.11852724423335954,1.4648437500000012e-10,67.22155490851914,4344704428.614796
v6p1i4_0096,train,k,0,silicon_die_upper,306.38603183318344,306.38603183318344,306.38603183318344,800,,,,,
v6p1i4_0096,train,k,1,silicon_die_lower,261.7153546044247,261.7153546044247,261.7153546044247,480,,,,,
v6p1i4_0096,train,k,2,silicon_die_upper,370.97957277030287,370.97957277030287,370.97957277030287,720,,,,,
v6p1i4_0096,train,k,3,silicon_die_lower,86.45807719775007,86.45807719775007,86.45807719775007,672,,,,,
v6p1i4_0096,train,k,4,silicon_die_lower,26.86049959756695,26.86049959756695,26.86049959756695,336,,,,,
v6p1i4_0096,train,k,5,silicon_die_upper,45.85784368764528,45.85784368764528,45.85784368764528,504,,,,,
v6p1i4_0096,train,k,6,silicon_die_lower,344.9507278244188,344.9507278244188,344.9507278244188,528,,,,,
v6p1i4_0096,train,q,0,silicon_die_lower,,,,336,0.7745700945572979,0.12056175302038981,1.5380859374999997e-10,71.0030266454873,5035935090.963004
v6p1i4_0096,train,q,1,silicon_die_upper,,,,448,1.0015400383808266,0.1558896006904496,2.0080566406249989e-10,71.60780697690002,4987608507.243608
v6p1i4_0096,train,q,2,silicon_die_upper,,,,336,1.0473698096434374,0.1630229997240152,1.506042480468748e-10,117.60836185288646,6954450642.83611
v6p1i4_0096,train,q,3,silicon_die_upper,,,,384,0.8005019922079928,0.12459805013782498,1.7211914062499985e-10,74.05684862253025,4650859801.537505
v6p1i4_0096,train,q,4,silicon_die_lower,,,,512,1.7371569125197586,0.2703882890864403,2.343749999999998e-10,112.24041369370273,7411869493.417643
v6p1i4_0096,train,q,5,silicon_die_lower,,,,448,1.063536268573416,0.16553930734088018,2.05078125e-10,67.68825041110203,5186005423.900847
v6p1i4_0097,train,k,0,silicon_die_upper,119.27510634277748,119.27510634277748,119.27510634277748,480,,,,,
v6p1i4_0097,train,k,1,silicon_die_lower,44.48657981037384,44.48657981037384,44.48657981037384,480,,,,,
v6p1i4_0097,train,q,0,silicon_die_upper,,,,384,0.4767644891516248,0.09515285053823541,1.721191406249998e-10,42.6052201314094,2769967868.886606
v6p1i4_0097,train,q,1,silicon_die_upper,,,,200,0.39792075903405977,0.07941718683328251,8.964538574218743e-11,59.24953695398746,4438831466.222325
v6p1i4_0097,train,q,2,silicon_die_lower,,,,504,0.7602453424081824,0.15173007445936132,2.307128906249999e-10,48.31140259513359,3295200976.1946206
v6p1i4_0097,train,q,3,silicon_die_lower,,,,336,0.35583068628336867,0.07101683300509237,1.5380859374999997e-10,32.80516651385466,2313464271.4550447
v6p1i4_0097,train,q,4,silicon_die_upper,,,,392,0.3809613585130055,0.0760324227837001,1.7570495605468723e-10,32.75845792248096,2168187893.3137965
v6p1i4_0097,train,q,5,silicon_die_upper,,,,280,0.5472208452364695,0.1092145587244712,1.255035400390624e-10,58.48591691846769,4360202469.716389
v6p1i4_0097,train,q,6,silicon_die_upper,,,,432,0.7317003217573497,0.1460330476350004,1.9363403320312488e-10,59.997965439665,3778779534.0181007
v6p1i4_0097,train,q,7,silicon_die_upper,,,,280,0.4006468088966575,0.07996125297293379,1.2550354003906242e-10,44.855162845943845,3192314804.6019893
v6p1i4_0097,train,q,8,silicon_die_lower,,,,392,0.4485138976569658,0.08951458600454207,1.7944335937499983e-10,32.990228093081235,2499473367.078821
v6p1i4_0097,train,q,9,silicon_die_lower,,,,504,0.5107073827690791,0.10192718704338083,2.3071289062499988e-10,31.793295751386044,2213605756.4255548
v6p1i4_0098,valid_iid,k,0,silicon_die_lower,37.59989712327531,37.59989712327531,37.59989712327531,792,,,,,
v6p1i4_0098,valid_iid,k,1,silicon_die_lower,90.05708053386903,90.05708053386903,90.05708053386903,576,,,,,
v6p1i4_0098,valid_iid,k,2,silicon_die_lower,26.304884013022,26.304884013022,26.304884013022,504,,,,,
v6p1i4_0098,valid_iid,k,3,silicon_die_lower,182.64210942592126,182.64210942592126,182.64210942592126,720,,,,,
v6p1i4_0098,valid_iid,k,4,silicon_die_upper,74.86234687248037,74.86234687248037,74.86234687248037,800,,,,,
v6p1i4_0098,valid_iid,k,5,silicon_die_lower,115.59148318917053,115.59148318917053,115.59148318917053,384,,,,,
v6p1i4_0098,valid_iid,k,6,silicon_die_upper,172.96408629573614,172.96408629573614,172.96408629573614,880,,,,,
v6p1i4_0098,valid_iid,k,7,silicon_die_lower,28.03900693763671,28.03900693763671,28.03900693763671,392,,,,,
v6p1i4_0098,valid_iid,q,0,silicon_die_lower,,,,576,1.1043092815111561,0.31834810424605325,2.6367187499999985e-10,61.782895893213514,4188195200.9904613
v6p1i4_0098,valid_iid,q,1,silicon_die_upper,,,,504,1.3432541136569225,0.38723064974897964,2.259063720703123e-10,102.09380232039194,5946065625.979072
v6p1i4_0098,valid_iid,q,2,silicon_die_upper,,,,392,1.0213100386049978,0.2944212460049671,1.7570495605468738e-10,80.5593666379426,5812642178.898582
v6p1i4_0099,train,k,0,silicon_die_upper,113.65772466455378,113.65772466455378,113.65772466455378,528,,,,,
v6p1i4_0099,train,k,1,silicon_die_lower,359.0670220866052,359.0670220866052,359.0670220866052,560,,,,,
v6p1i4_0099,train,q,0,silicon_die_upper,,,,288,1.080778058135518,0.13035106110695818,1.290893554687499e-10,126.76436102782469,8372325155.788341
v6p1i4_0099,train,q,1,silicon_die_lower,,,,448,0.9800337874066397,0.11820044193856892,2.0507812500000016e-10,81.21423031415867,4778831420.497135
v6p1i4_0099,train,q,2,silicon_die_upper,,,,432,1.316578188768554,0.15879057003832983,1.9363403320312488e-10,101.22758172550901,6799311913.249488
v6p1i4_0099,train,q,3,silicon_die_lower,,,,432,1.6127333026199961,0.19450940523506266,1.977539062499999e-10,128.27707461220103,8155253836.458652
v6p1i4_0099,train,q,4,silicon_die_lower,,,,200,0.5525622344059057,0.06664372304772506,9.155273437499995e-11,77.47808135911863,6035453099.004242
v6p1i4_0099,train,q,5,silicon_die_upper,,,,432,1.735035662042202,0.2092601139551042,1.9363403320312483e-10,137.80474929632788,8960385906.03608
v6p1i4_0099,train,q,6,silicon_die_lower,,,,320,1.013565764651045,0.12224468467825131,1.4648437500000002e-10,101.16940992036636,6919275620.017799
v6p1i4_0100,train,k,0,silicon_die_upper,64.79842117708195,64.79842117708195,64.79842117708195,672,,,,,
v6p1i4_0100,train,k,1,silicon_die_lower,61.11625008319205,61.11625008319205,61.11625008319205,576,,,,,
v6p1i4_0100,train,k,2,silicon_die_upper,46.88928052050097,46.88928052050097,46.88928052050097,648,,,,,
v6p1i4_0100,train,k,3,silicon_die_lower,20.087724514356385,20.087724514356385,20.087724514356385,512,,,,,
v6p1i4_0100,train,k,4,silicon_die_lower,67.17447820993209,67.17447820993209,67.17447820993209,648,,,,,
v6p1i4_0100,train,k,5,silicon_die_lower,30.847677376213547,30.847677376213547,30.847677376213547,432,,,,,
v6p1i4_0100,train,k,6,silicon_die_upper,70.35013654875075,70.35013654875075,70.35013654875075,560,,,,,
v6p1i4_0100,train,q,0,silicon_die_lower,,,,336,0.669373587290324,0.12012984401351506,1.5380859374999997e-10,67.9087653052651,4351990815.144711
v6p1i4_0100,train,q,1,silicon_die_lower,,,,648,1.1202452929497388,0.2010460150417589,2.9663085937499974e-10,61.418566296412436,3776563555.4914684
v6p1i4_0100,train,q,2,silicon_die_lower,,,,384,0.4452640352787258,0.0799097844887953,1.7578124999999997e-10,36.602729737162335,2533057622.918974
v6p1i4_0100,train,q,3,silicon_die_upper,,,,576,0.6639023233189013,0.1191479377956369,2.581787109374998e-10,37.21868445544916,2571483608.807775
v6p1i4_0100,train,q,4,silicon_die_upper,,,,336,0.6158046989566254,0.11051604639482666,1.5060424804687488e-10,68.24178375752578,4088893287.8238535
v6p1i4_0100,train,q,5,silicon_die_upper,,,,360,0.4184631686078633,0.07509993839727135,1.6136169433593734e-10,37.51076229697569,2593324086.7976317
v6p1i4_0100,train,q,6,silicon_die_upper,,,,576,0.9797753528950127,0.17583642758900048,2.581787109374998e-10,58.29613182430534,3794950208.4708986
v6p1i4_0100,train,q,7,silicon_die_upper,,,,240,0.36496033080156415,0.06549799460685489,1.0757446289062493e-10,47.46780360489271,3392629821.1930957
v6p1i4_0100,train,q,8,silicon_die_lower,,,,288,0.29429525601901907,0.052816011672340575,1.3183593750000003e-10,33.71404637879694,2232284016.025744
v6p1i4_0101,train,k,0,silicon_die_lower,49.43865104287663,49.43865104287663,49.43865104287663,792,,,,,
v6p1i4_0101,train,k,1,silicon_die_lower,47.68812851426005,47.68812851426005,47.68812851426005,616,,,,,
v6p1i4_0101,train,k,2,silicon_die_lower,203.95789240807517,203.95789240807517,203.95789240807517,576,,,,,
v6p1i4_0101,train,k,3,silicon_die_lower,239.5775240312563,239.5775240312563,239.5775240312563,504,,,,,
v6p1i4_0101,train,k,4,silicon_die_upper,88.65049524045988,88.65049524045988,88.65049524045988,1056,,,,,
v6p1i4_0101,train,k,5,silicon_die_upper,171.98840597229204,171.98840597229204,171.98840597229204,704,,,,,
v6p1i4_0101,train,q,0,silicon_die_lower,,,,648,1.8620819725100974,0.2929502136637884,2.96630859375e-10,112.016990151981,6277438485.103999
v6p1i4_0101,train,q,1,silicon_die_lower,,,,288,0.6469693706522363,0.10178381949050933,1.3183593749999993e-10,68.75540912321897,4907382485.539928
v6p1i4_0101,train,q,2,silicon_die_upper,,,,384,1.1163265210712803,0.17562497123880608,1.7211914062499988e-10,87.66667621403833,6485777915.33045
v6p1i4_0101,train,q,3,silicon_die_lower,,,,576,1.9615075269408917,0.3085922411599672,2.6367187499999985e-10,106.06674909144877,7439198916.990645
v6p1i4_0101,train,q,4,silicon_die_upper,,,,336,0.7694232430535684,0.12104875444692892,1.5060424804687482e-10,72.25484993864289,5108907969.276465
v6p1i4_0102,train,k,0,silicon_die_lower,119.5538425178202,119.5538425178202,119.5538425178202,800,,,,,
v6p1i4_0102,train,k,1,silicon_die_upper,24.58183304387281,24.58183304387281,24.58183304387281,800,,,,,
v6p1i4_0102,train,k,2,silicon_die_upper,116.30000082796215,116.30000082796215,116.30000082796215,392,,,,,
v6p1i4_0102,train,k,3,silicon_die_upper,35.760963718427774,35.760963718427774,35.760963718427774,528,,,,,
v6p1i4_0102,train,k,4,silicon_die_upper,23.152283931008338,23.152283931008338,23.152283931008338,768,,,,,
v6p1i4_0102,train,k,5,silicon_die_upper,116.46376689110528,116.46376689110528,116.46376689110528,648,,,,,
v6p1i4_0102,train,q,0,silicon_die_upper,,,,336,0.7333822424242875,0.1316745196701701,1.5060424804687488e-10,72.86606113240164,4869598646.354422
v6p1i4_0102,train,q,1,silicon_die_upper,,,,448,0.49706547089694136,0.08924521666713064,2.0080566406249989e-10,37.64653888076069,2475355828.3208184
v6p1i4_0102,train,q,2,silicon_die_upper,,,,200,0.4873092913169325,0.08749355132032997,8.96453857421874e-11,66.16027321564066,5435966249.48877
v6p1i4_0102,train,q,3,silicon_die_upper,,,,448,0.6887017466910854,0.12365239631626049,2.0080566406249994e-10,50.31528713121471,3429692832.1540265
v6p1i4_0102,train,q,4,silicon_die_upper,,,,512,0.7168189609478711,0.1287006787364716,2.2949218749999987e-10,44.13205456527175,3123500493.6622148
v6p1i4_0102,train,q,5,silicon_die_upper,,,,512,0.8815886830918853,0.15828412480926124,2.2949218749999977e-10,67.49021219566187,3841475793.557836
v6p1i4_0102,train,q,6,silicon_die_upper,,,,504,1.0306033426544028,0.18503884095407444,2.2590637207031231e-10,73.58982068973894,4562081774.008713
v6p1i4_0102,train,q,7,silicon_die_lower,,,,336,0.5341897850287971,0.09591067152630153,1.538085937500001e-10,50.62535074253727,3473081522.9808755
v6p1i4_0103,test_iid,k,0,silicon_die_upper,80.54595283865179,80.54595283865179,80.54595283865179,440,,,,,
v6p1i4_0103,test_iid,k,1,silicon_die_lower,352.02951182632626,352.02951182632626,352.02951182632626,504,,,,,
v6p1i4_0103,test_iid,k,2,silicon_die_upper,344.4629405321485,344.4629405321485,344.4629405321485,384,,,,,
v6p1i4_0103,test_iid,k,3,silicon_die_upper,30.941616991485976,30.941616991485976,30.941616991485976,448,,,,,
v6p1i4_0103,test_iid,k,4,silicon_die_upper,281.77491094338563,281.77491094338563,281.77491094338563,448,,,,,
v6p1i4_0103,test_iid,k,5,silicon_die_upper,46.04319954390871,46.04319954390871,46.04319954390871,392,,,,,
v6p1i4_0103,test_iid,k,6,silicon_die_lower,260.1919735417416,260.1919735417416,260.1919735417416,384,,,,,
v6p1i4_0103,test_iid,q,0,silicon_die_lower,,,,448,1.9499926054920877,0.24716324855328434,2.0507812499999987e-10,156.16693376032842,9508535371.542377
v6p1i4_0103,test_iid,q,1,silicon_die_lower,,,,320,2.0661144462817034,0.2618817922629954,1.4648437499999997e-10,188.20408231257275,14104674619.949764
v6p1i4_0103,test_iid,q,2,silicon_die_lower,,,,448,2.2838516498771315,0.2894801710568335,2.0507812499999987e-10,167.58364832190023,11136495664.16278
v6p1i4_0103,test_iid,q,3,silicon_die_upper,,,,240,1.5895338378181945,0.2014747881268868,1.07574462890625e-10,202.23141339281355,14776126183.723856
v6p1i4_0104,train,k,0,silicon_die_upper,105.39848588609455,105.39848588609455,105.39848588609455,560,,,,,
v6p1i4_0104,train,k,1,silicon_die_upper,148.93946616697338,148.93946616697338,148.93946616697338,640,,,,,
v6p1i4_0104,train,k,2,silicon_die_upper,42.1079752983846,42.1079752983846,42.1079752983846,384,,,,,
v6p1i4_0104,train,k,3,silicon_die_lower,38.06889561026365,38.06889561026365,38.06889561026365,800,,,,,
v6p1i4_0104,train,k,4,silicon_die_lower,328.28755785668534,328.28755785668534,328.28755785668534,504,,,,,
v6p1i4_0104,train,k,5,silicon_die_lower,188.49731739181905,188.49731739181905,188.49731739181905,480,,,,,
v6p1i4_0104,train,k,6,silicon_die_lower,47.01133816371049,47.01133816371049,47.01133816371049,720,,,,,
v6p1i4_0104,train,k,7,silicon_die_upper,31.518933099414056,31.518933099414056,31.518933099414056,560,,,,,
v6p1i4_0104,train,q,0,silicon_die_upper,,,,432,1.2204007007258402,0.1181245338978223,1.9363403320312493e-10,91.86318627708707,6302614682.645287
v6p1i4_0104,train,q,1,silicon_die_upper,,,,384,1.009917643667444,0.09775154247490338,1.721191406249997e-10,91.6875937826959,5867549884.3430605
v6p1i4_0104,train,q,2,silicon_die_upper,,,,392,0.7451216838007357,0.07212151840274571,1.7570495605468736e-10,65.9955830722437,4240755073.344773
v6p1i4_0104,train,q,3,silicon_die_upper,,,,432,1.086775035061231,0.10519069219810001,1.9363403320312483e-10,91.83022565361475,5612520779.966344
v6p1i4_0104,train,q,4,silicon_die_upper,,,,448,1.491798540036846,0.14439356443051662,2.0080566406249989e-10,122.74069266863235,7429066042.542158
v6p1i4_0104,train,q,5,silicon_die_lower,,,,576,1.8625281805415346,0.18027707872273055,2.6367187499999985e-10,102.22286359810587,7063810581.016787
v6p1i4_0104,train,q,6,silicon_die_lower,,,,504,1.9092220518491212,0.1847966531385868,2.307128906249999e-10,127.26594713245365,8275315898.808469
v6p1i4_0104,train,q,7,silicon_die_upper,,,,384,1.0057114341497306,0.09734441673459451,1.7211914062499985e-10,81.17611378507162,5843112105.357873
v6p1i4_0105,train,k,0,silicon_die_upper,273.7728320676608,273.7728320676608,273.7728320676608,504,,,,,
v6p1i4_0105,train,k,1,silicon_die_lower,36.50489911305013,36.50489911305013,36.50489911305013,336,,,,,
v6p1i4_0105,train,k,2,silicon_die_upper,87.36321596373433,87.36321596373433,87.36321596373433,392,,,,,
v6p1i4_0105,train,k,3,silicon_die_lower,208.35064489000098,208.35064489000098,208.35064489000098,448,,,,,
v6p1i4_0105,train,q,0,silicon_die_lower,,,,360,1.2969128773960674,0.29605114535871874,1.6479492187500002e-10,111.92400788491622,7869859475.280432
v6p1i4_0105,train,q,1,silicon_die_lower,,,,360,1.0536615703469225,0.24052326116768843,1.647949218749999e-10,95.58025314163565,6393774506.875552
v6p1i4_0105,train,q,2,silicon_die_lower,,,,384,0.7957355569483585,0.18164552696108022,1.7578124999999987e-10,64.24185164880124,4526851168.417332
v6p1i4_0105,train,q,3,silicon_die_upper,,,,384,1.234395483965439,0.28178006651251275,1.7211914062499975e-10,114.70719817357369,7171750216.060206
v6p1i4_0106,train,k,0,silicon_die_lower,221.53745601996528,221.53745601996528,221.53745601996528,384,,,,,
v6p1i4_0106,train,k,1,silicon_die_lower,260.7232774063904,260.7232774063904,260.7232774063904,704,,,,,
v6p1i4_0106,train,k,2,silicon_die_upper,57.6799058387904,57.6799058387904,57.6799058387904,432,,,,,
v6p1i4_0106,train,k,3,silicon_die_upper,212.37924210148785,212.37924210148785,212.37924210148785,280,,,,,
v6p1i4_0106,train,k,4,silicon_die_lower,346.0253218552155,346.0253218552155,346.0253218552155,560,,,,,
v6p1i4_0106,train,k,5,silicon_die_lower,48.77613010946973,48.77613010946973,48.77613010946973,640,,,,,
v6p1i4_0106,train,k,6,silicon_die_upper,28.20193589307495,28.20193589307495,28.20193589307495,616,,,,,
v6p1i4_0106,train,q,0,silicon_die_upper,,,,288,0.2422521353337255,0.06510069997474721,1.290893554687499e-10,25.598373409025225,1876623633.7152538
v6p1i4_0106,train,q,1,silicon_die_upper,,,,448,0.47170927881974173,0.1267629868089474,2.0080566406249978e-10,31.04350158514299,2349083533.186218
v6p1i4_0106,train,q,2,silicon_die_lower,,,,448,0.4985344983680034,0.13397175946708045,2.0507812500000005e-10,32.52605594488155,2430949172.994454
v6p1i4_0106,train,q,3,silicon_die_lower,,,,392,0.3545579189178305,0.09528076469312773,1.7944335937499986e-10,31.93396557158967,1975876511.4114761
v6p1i4_0106,train,q,4,silicon_die_upper,,,,448,0.5869576366978991,0.15773381296274977,2.0080566406249989e-10,47.05688268817422,2923013349.4402385
v6p1i4_0106,train,q,5,silicon_die_upper,,,,336,0.3060424763450577,0.08224315300511856,1.5060424804687488e-10,27.095031570854132,2032097237.056709
v6p1i4_0106,train,q,6,silicon_die_upper,,,,432,0.3245121107502114,0.0872065194844141,1.9363403320312483e-10,26.22948105433542,1675904309.7025905
v6p1i4_0106,train,q,7,silicon_die_lower,,,,648,0.5459194412089358,0.1467055706384804,2.966308593749999e-10,28.76030852280478,1840400025.6722648
v6p1i4_0106,train,q,8,silicon_die_upper,,,,320,0.39070544970350524,0.1049947329653345,1.4343261718749984e-10,38.682028894831284,2723965143.8052073
v6p1i4_0107,train,k,0,silicon_die_upper,162.44690555674347,162.44690555674347,162.44690555674347,640,,,,,
v6p1i4_0107,train,k,1,silicon_die_upper,72.41157006484325,72.41157006484325,72.41157006484325,480,,,,,
v6p1i4_0107,train,k,2,silicon_die_upper,129.00826918471054,129.00826918471054,129.00826918471054,528,,,,,
v6p1i4_0107,train,k,3,silicon_die_upper,281.3966393294552,281.3966393294552,281.3966393294552,672,,,,,
v6p1i4_0107,train,k,4,silicon_die_lower,118.18685223709888,118.18685223709888,118.18685223709888,560,,,,,
v6p1i4_0107,train,q,0,silicon_die_lower,,,,512,1.4491504531193502,0.254264630438433,2.343749999999998e-10,107.76940834517524,6183041933.309232
v6p1i4_0107,train,q,1,silicon_die_lower,,,,288,1.2597437946158905,0.22103177050777792,1.3183593749999995e-10,122.23070547419093,9555389968.049425
v6p1i4_0107,train,q,2,silicon_die_upper,,,,336,1.0660827105835857,0.18705243878567354,1.5060424804687498e-10,113.62205335608856,7078702788.328863
v6p1i4_0107,train,q,3,silicon_die_lower,,,,576,1.1413358768266888,0.20025618754960448,2.6367187499999996e-10,64.1412293654021,4328621992.113072
v6p1i4_0107,train,q,4,silicon_die_lower,,,,320,0.7830659994983535,0.13739497271851103,1.4648437499999992e-10,74.43613899618877,5345730556.57543
v6p1i4_0108,train,k,0,silicon_die_upper,172.65680845860814,172.65680845860814,172.65680845860814,576,,,,,
v6p1i4_0108,train,k,1,silicon_die_upper,38.17882429055193,38.17882429055193,38.17882429055193,288,,,,,
v6p1i4_0108,train,k,2,silicon_die_upper,92.74738642399694,92.74738642399694,92.74738642399694,648,,,,,
v6p1i4_0108,train,k,3,silicon_die_lower,69.10930941595375,69.10930941595375,69.10930941595375,320,,,,,
v6p1i4_0108,train,q,0,silicon_die_upper,,,,448,2.0657755824702835,0.29445412522084086,2.0080566406249986e-10,150.13590185945273,10287436821.639256
v6p1i4_0108,train,q,1,silicon_die_upper,,,,360,1.3860105640299873,0.19756092173877993,1.6136169433593734e-10,121.40936329487714,8589464616.952184
v6p1i4_0108,train,q,2,silicon_die_lower,,,,512,3.5638247943243813,0.5079849530403792,2.34375e-10,208.29909296445976,15205652455.784029
v6p1i4_0109,train,k,0,silicon_die_lower,23.838968380807113,23.838968380807113,23.838968380807113,792,,,,,
v6p1i4_0109,train,k,1,silicon_die_lower,186.90048996475082,186.90048996475082,186.90048996475082,528,,,,,
v6p1i4_0109,train,k,2,silicon_die_lower,140.25580070648272,140.25580070648272,140.25580070648272,864,,,,,
v6p1i4_0109,train,k,3,silicon_die_lower,21.09853118229771,21.09853118229771,21.09853118229771,560,,,,,
v6p1i4_0109,train,k,4,silicon_die_lower,374.81037867030483,374.81037867030483,374.81037867030483,648,,,,,
v6p1i4_0109,train,k,5,silicon_die_lower,25.813731144514463,25.813731144514463,25.813731144514463,392,,,,,
v6p1i4_0109,train,k,6,silicon_die_upper,288.43616424575765,288.43616424575765,288.43616424575765,448,,,,,
v6p1i4_0109,train,q,0,silicon_die_upper,,,,240,0.3937073999688538,0.09398211236658713,1.0757446289062476e-10,45.65782505531278,3659859314.0934553
v6p1i4_0109,train,q,1,silicon_die_lower,,,,448,0.6624953103529968,0.15814462391323597,2.0507812499999992e-10,49.04793978920368,3230453322.864138
v6p1i4_0109,train,q,2,silicon_die_upper,,,,336,0.40058614363068945,0.09562414109101225,1.5060424804687488e-10,37.4464492397225,2659859524.7194414
v6p1i4_0109,train,q,3,silicon_die_lower,,,,392,0.6609295625933717,0.1577708633949057,1.79443359375e-10,60.270782559734556,3683221072.6291842
v6p1i4_0109,train,q,4,silicon_die_lower,,,,448,0.4616551598010134,0.11020195989830506,2.05078125e-10,37.02666080532183,2251118493.5058937
v6p1i4_0109,train,q,5,silicon_die_upper,,,,448,0.8785798841760433,0.20972629268382606,2.0080566406249986e-10,63.06805266874853,4375274414.085198
v6p1i4_0109,train,q,6,silicon_die_upper,,,,512,0.7312203094084487,0.17455000665212797,2.2949218749999974e-10,47.136993165205375,3186253603.55001
v6p1i4_0110,train,k,0,silicon_die_lower,249.68479375703643,249.68479375703643,249.68479375703643,504,,,,,
v6p1i4_0110,train,k,1,silicon_die_upper,97.98259045616796,97.98259045616796,97.98259045616796,384,,,,,
v6p1i4_0110,train,k,2,silicon_die_upper,180.79694193659466,180.79694193659466,180.79694193659466,576,,,,,
v6p1i4_0110,train,q,0,silicon_die_lower,,,,384,0.7404743102359485,0.09735942322820762,1.7578125000000013e-10,65.07276372841076,4212476076.0089483
v6p1i4_0110,train,q,1,silicon_die_upper,,,,448,1.7161492514507992,0.22564361651051715,2.0080566406249984e-10,127.93845250630791,8546318947.042528
v6p1i4_0110,train,q,2,silicon_die_lower,,,,384,1.2470423587715835,0.16396426332799827,1.7578125000000028e-10,115.34074805914581,7094285418.789442
v6p1i4_0110,train,q,3,silicon_die_upper,,,,448,1.2868467685296694,0.16919784715719502,2.008056640624998e-10,95.25930587680418,6408418679.510675
v6p1i4_0110,train,q,4,silicon_die_lower,,,,384,0.9781379109289438,0.12860803073011542,1.7578124999999997e-10,75.8776765909814,5564517893.284658
v6p1i4_0110,train,q,5,silicon_die_lower,,,,384,1.6369235261776456,0.21522681904596658,1.7578124999999995e-10,130.1428236499013,9312276060.032831
v6p1i4_0111,train,k,0,silicon_die_upper,121.98709201213765,121.98709201213765,121.98709201213765,560,,,,,
v6p1i4_0111,train,k,1,silicon_die_upper,80.42743218222253,80.42743218222253,80.42743218222253,560,,,,,
v6p1i4_0111,train,k,2,silicon_die_lower,362.32804431993475,362.32804431993475,362.32804431993475,792,,,,,
v6p1i4_0111,train,k,3,silicon_die_upper,70.27554202497535,70.27554202497535,70.27554202497535,704,,,,,
v6p1i4_0111,train,k,4,silicon_die_upper,35.83300752959368,35.83300752959368,35.83300752959368,880,,,,,
v6p1i4_0111,train,k,5,silicon_die_lower,166.64245390423213,166.64245390423213,166.64245390423213,336,,,,,
v6p1i4_0111,train,k,6,silicon_die_lower,102.82458680677884,102.82458680677884,102.82458680677884,560,,,,,
v6p1i4_0111,train,k,7,silicon_die_upper,82.9775610914403,82.9775610914403,82.9775610914403,560,,,,,
v6p1i4_0111,train,q,0,silicon_die_upper,,,,384,0.8833485047136336,0.12952748686246035,1.7211914062499985e-10,63.52722454083188,5132192163.556094
v6p1i4_0111,train,q,1,silicon_die_lower,,,,280,0.5613538514101686,0.08231264696292627,1.28173828125e-10,66.93783934405579,4379629286.4305725
v6p1i4_0111,train,q,2,silicon_die_lower,,,,384,0.6839510400387692,0.1002893635755995,1.7578124999999992e-10,61.98737152998913,3890921472.2205553
v6p1i4_0111,train,q,3,silicon_die_lower,,,,432,0.8203987754603174,0.1202970187229375,1.9775390624999994e-10,66.12447994518371,4148584425.043779
v6p1i4_0111,train,q,4,silicon_die_upper,,,,336,0.8381373749676287,0.12289807165095097,1.5060424804687482e-10,81.57266760910204,5565164235.651325
v6p1i4_0111,train,q,5,silicon_die_upper,,,,432,0.7867028827824856,0.11535611004096533,1.9363403320312503e-10,61.39385784649064,4062833737.2760415
v6p1i4_0111,train,q,6,silicon_die_upper,,,,280,0.5364830913841256,0.07866578841803405,1.2550354003906245e-10,60.14156851519586,4274645091.422501
v6p1i4_0111,train,q,7,silicon_die_upper,,,,448,0.6642075702394336,0.09739433176040233,2.008056640624998e-10,52.63323191926062,3307713322.4324894
v6p1i4_0111,train,q,8,silicon_die_lower,,,,384,0.5435752099478168,0.07970572258805149,1.7578124999999995e-10,47.22509078078517,3092338972.147581
v6p1i4_0111,train,q,9,silicon_die_lower,,,,384,0.5016181504556485,0.0735534594176722,1.7578124999999976e-10,47.55881489189516,2853649922.5921373
v6p1i4_0112,train,k,0,silicon_die_upper,123.67072005737732,123.67072005737732,123.67072005737732,576,,,,,
v6p1i4_0112,train,k,1,silicon_die_lower,23.1513324058555,23.1513324058555,23.1513324058555,504,,,,,
v6p1i4_0112,train,q,0,silicon_die_lower,,,,432,0.9051515814637925,0.11485135180314712,1.9775390624999986e-10,70.09842059729931,4577161577.377403
v6p1i4_0112,train,q,1,silicon_die_lower,,,,280,0.5456159997180642,0.06923120548682586,1.2817382812499996e-10,58.06478479642351,4256844066.3717933
v6p1i4_0112,train,q,2,silicon_die_lower,,,,336,1.0513889775792067,0.1334068766146557,1.5380859374999997e-10,90.91714899228097,6835697225.657827
v6p1i4_0112,train,q,3,silicon_die_upper,,,,320,0.7351591707866797,0.09328164064938814,1.4343261718749987e-10,74.83332328934449,5125467171.986796
v6p1i4_0112,train,q,4,silicon_die_lower,,,,512,0.8998341512123652,0.11417664265497579,2.343749999999998e-10,66.06502367459848,3839292378.5060945
v6p1i4_0112,train,q,5,silicon_die_lower,,,,240,0.7005905243621803,0.08889535237108875,1.0986328124999997e-10,88.3008979296085,6376930639.527759
v6p1i4_0112,train,q,6,silicon_die_lower,,,,240,0.6651576578958265,0.08439940639335539,1.0986328124999994e-10,78.35486395775604,6054412814.980681
v6p1i4_0112,train,q,7,silicon_die_upper,,,,336,0.7512312230488667,0.0953209641907312,1.5060424804687485e-10,69.5216822438662,4988114430.975742
v6p1i4_0112,train,q,8,silicon_die_upper,,,,576,1.6269410474821067,0.20643655983583195,2.5817871093749985e-10,92.11672129662571,6301608066.654101
v6p1i4_0113,train,k,0,silicon_die_upper,42.00243682762104,42.00243682762104,42.00243682762104,968,,,,,
v6p1i4_0113,train,k,1,silicon_die_lower,250.87953635251915,250.87953635251915,250.87953635251915,448,,,,,
v6p1i4_0113,train,q,0,silicon_die_upper,,,,336,0.4750570478811665,0.13391743899010844,1.5060424804687482e-10,50.30598453561911,3154340292.8004217
v6p1i4_0113,train,q,1,silicon_die_upper,,,,448,0.7996629222114466,0.22542305408484553,2.008056640624998e-10,57.33668426552123,3982272740.885214
v6p1i4_0113,train,q,2,silicon_die_lower,,,,384,0.7343583988093625,0.20701386603578337,1.7578124999999987e-10,68.96516696261058,4177683335.448821
v6p1i4_0113,train,q,3,silicon_die_lower,,,,320,0.7914953655540353,0.22312063951117364,1.4648437499999997e-10,75.5215659664466,5403275028.848883
v6p1i4_0113,train,q,4,silicon_die_upper,,,,384,0.7468137564013653,0.21052500137808916,1.7211914062499972e-10,76.10135291020069,4338934959.1773
v6p1i4_0114,train,k,0,silicon_die_upper,54.51317001853706,54.51317001853706,54.51317001853706,704,,,,,
v6p1i4_0114,train,k,1,silicon_die_lower,32.181321350235734,32.181321350235734,32.181321350235734,400,,,,,
v6p1i4_0114,train,k,2,silicon_die_lower,67.8673958516045,67.8673958516045,67.8673958516045,616,,,,,
v6p1i4_0114,train,k,3,silicon_die_upper,21.19089531532993,21.19089531532993,21.19089531532993,512,,,,,
v6p1i4_0114,train,q,0,silicon_die_lower,,,,288,0.5288697185665201,0.07772439514891664,1.3183593749999995e-10,55.90149851365729,4011574754.163828
v6p1i4_0114,train,q,1,silicon_die_lower,,,,432,1.4645940134252682,0.21524144763051958,1.977539062500002e-10,100.73205531235304,7406144541.962831
v6p1i4_0114,train,q,2,silicon_die_lower,,,,336,0.6217737949742703,0.09137787707870666,1.5380859374999997e-10,60.17649820838389,4042516609.864463
v6p1i4_0114,train,q,3,silicon_die_upper,,,,504,1.3205509501182529,0.19407241567822658,2.259063720703123e-10,95.19411986113928,5845567515.498136
v6p1i4_0114,train,q,4,silicon_die_lower,,,,288,0.6142152785283688,0.09026705318700574,1.3183593749999998e-10,65.2049376537416,4658936631.207776
v6p1i4_0114,train,q,5,silicon_die_lower,,,,288,0.7333947075133748,0.10778204545610416,1.3183593750000003e-10,83.17678049029078,5562934670.323671
v6p1i4_0114,train,q,6,silicon_die_lower,,,,384,0.6987490944878768,0.10269041471523095,1.7578124999999976e-10,62.67614600534743,3975105959.75326
v6p1i4_0114,train,q,7,silicon_die_lower,,,,392,0.8222761700101707,0.12084435110528963,1.7944335937499986e-10,74.10500570036201,4582371690.287975
v6p1i4_0115,valid_iid,k,0,silicon_die_lower,37.825474553099,37.825474553099,37.825474553099,880,,,,,
v6p1i4_0115,valid_iid,k,1,silicon_die_lower,214.4272331645938,214.4272331645938,214.4272331645938,616,,,,,
v6p1i4_0115,valid_iid,k,2,silicon_die_lower,39.59946185952121,39.59946185952121,39.59946185952121,448,,,,,
v6p1i4_0115,valid_iid,k,3,silicon_die_lower,80.65353665962033,80.65353665962033,80.65353665962033,616,,,,,
v6p1i4_0115,valid_iid,k,4,silicon_die_upper,154.96941764883204,154.96941764883204,154.96941764883204,768,,,,,
v6p1i4_0115,valid_iid,k,5,silicon_die_lower,104.6438946491446,104.6438946491446,104.6438946491446,720,,,,,
v6p1i4_0115,valid_iid,k,6,silicon_die_upper,27.169078007055194,27.169078007055194,27.169078007055194,880,,,,,
v6p1i4_0115,valid_iid,q,0,silicon_die_upper,,,,576,2.287714980216125,0.2674691472887584,2.581787109374997e-10,133.12093527875317,8860974523.844215
v6p1i4_0115,valid_iid,q,1,silicon_die_upper,,,,432,1.921238584872961,0.2246224072833082,1.9363403320312483e-10,157.8944643544644,9922008817.827776
v6p1i4_0115,valid_iid,q,2,silicon_die_upper,,,,576,2.0197057942869705,0.23613474197780787,2.5817871093749954e-10,114.05361757771436,7822898282.174417
v6p1i4_0115,valid_iid,q,3,silicon_die_lower,,,,384,2.3245326756900244,0.27177370345012547,1.7578124999999992e-10,176.135154842899,13224008110.592144
v6p1i4_0116,train,k,0,silicon_die_lower,29.297490473339227,29.297490473339227,29.297490473339227,504,,,,,
v6p1i4_0116,train,k,1,silicon_die_lower,374.5567596454856,374.5567596454856,374.5567596454856,560,,,,,
v6p1i4_0116,train,k,2,silicon_die_lower,123.4168927615614,123.4168927615614,123.4168927615614,968,,,,,
v6p1i4_0116,train,k,3,silicon_die_lower,29.161827793514647,29.161827793514647,29.161827793514647,880,,,,,
v6p1i4_0116,train,k,4,silicon_die_upper,23.398195413060574,23.398195413060574,23.398195413060574,528,,,,,
v6p1i4_0116,train,k,5,silicon_die_lower,24.481625745390097,24.481625745390097,24.481625745390097,704,,,,,
v6p1i4_0116,train,q,0,silicon_die_lower,,,,448,1.9130354039376816,0.24636205376814058,2.05078125e-10,132.32015083422826,9328325017.296124
v6p1i4_0116,train,q,1,silicon_die_lower,,,,288,1.2848161265040476,0.1654595304344276,1.3183593749999998e-10,139.28392750074187,9745568248.445518
v6p1i4_0116,train,q,2,silicon_die_lower,,,,240,0.8622035584820296,0.11103518471044012,1.0986328124999994e-10,98.20939032637897,7847968390.094211
v6p1i4_0116,train,q,3,silicon_die_upper,,,,448,1.5134228527328832,0.1948996664941268,2.0080566406249994e-10,104.90137722855252,7536753805.220537
v6p1i4_0116,train,q,4,silicon_die_lower,,,,240,0.7123147037791882,0.09173239187893362,1.0986328124999985e-10,99.1507846693183,6483646725.954575
v6p1i4_0116,train,q,5,silicon_die_upper,,,,288,1.4793455918760823,0.19051117271393136,1.2908935546874988e-10,164.9365587767892,11459857294.230618
v6p1i4_0117,train,k,0,silicon_die_lower,84.63500778156175,84.63500778156175,84.63500778156175,616,,,,,
v6p1i4_0117,train,k,1,silicon_die_upper,207.4663444173115,207.4663444173115,207.4663444173115,560,,,,,
v6p1i4_0117,train,k,2,silicon_die_lower,27.662204971699765,27.662204971699765,27.662204971699765,616,,,,,
v6p1i4_0117,train,k,3,silicon_die_upper,45.79842770864583,45.79842770864583,45.79842770864583,880,,,,,
v6p1i4_0117,train,q,0,silicon_die_lower,,,,336,0.4124787641730908,0.07515993446882485,1.5380859374999997e-10,36.4560498762281,2681766695.3221908
v6p1i4_0117,train,q,1,silicon_die_upper,,,,576,0.8771526450629081,0.1598306168664221,2.5817871093749954e-10,60.40565776341534,3397463105.605369
v6p1i4_0117,train,q,2,silicon_die_upper,,,,504,0.5455057131624372,0.09939947753638345,2.2590637207031224e-10,35.430490762906864,2414742480.0954766
v6p1i4_0117,train,q,3,silicon_die_lower,,,,280,0.287842280068492,0.052449262329118354,1.2817382812499986e-10,34.04309968223845,2245718055.5438943
v6p1i4_0117,train,q,4,silicon_die_lower,,,,448,0.5565259895077166,0.10140754030199037,2.0507812499999992e-10,39.56302555419881,2713726729.7900095
v6p1i4_0117,train,q,5,silicon_die_upper,,,,392,0.40211588328001796,0.07327165920114403,1.7570495605468725e-10,34.59009570397893,2288585890.285653
v6p1i4_0117,train,q,6,silicon_die_upper,,,,280,0.4159371423990855,0.07579010383367753,1.255035400390624e-10,42.03440941665,3314146694.743646
v6p1i4_0117,train,q,7,silicon_die_upper,,,,336,0.5103566340252051,0.09299477815776208,1.5060424804687485e-10,51.521877034047925,3388726683.6348405
v6p1i4_0117,train,q,8,silicon_die_upper,,,,576,1.0573150029805851,0.19265895177958456,2.581787109374998e-10,61.15643783567132,4095283453.62504
v6p1i4_0117,train,q,9,silicon_die_upper,,,,448,0.4227838331676317,0.07703767552509264,2.0080566406249978e-10,33.80812867892494,2105437788.0299346
v6p1i4_0118,train,k,0,silicon_die_upper,26.129880712657304,26.129880712657304,26.129880712657304,512,,,,,
v6p1i4_0118,train,k,1,silicon_die_upper,210.0386232332834,210.0386232332834,210.0386232332834,576,,,,,
v6p1i4_0118,train,k,2,silicon_die_lower,51.15252470767742,51.15252470767742,51.15252470767742,704,,,,,
v6p1i4_0118,train,k,3,silicon_die_upper,43.59205845312083,43.59205845312083,43.59205845312083,1056,,,,,
v6p1i4_0118,train,k,4,silicon_die_lower,31.828305835280002,31.828305835280002,31.828305835280002,480,,,,,
v6p1i4_0118,train,k,5,silicon_die_upper,243.22946596307736,243.22946596307736,243.22946596307736,648,,,,,
v6p1i4_0118,train,k,6,silicon_die_upper,192.63945976656217,192.63945976656217,192.63945976656217,800,,,,,
v6p1i4_0118,train,k,7,silicon_die_upper,372.0281819323754,372.0281819323754,372.0281819323754,336,,,,,
v6p1i4_0118,train,q,0,silicon_die_upper,,,,384,1.0422140489922598,0.2160426282379181,1.7211914062499985e-10,92.31481780991359,6055189708.755035
v6p1i4_0118,train,q,1,silicon_die_lower,,,,384,2.0953608611283396,0.4343515307462486,1.7578124999999997e-10,178.82151553832276,11920275121.085667
v6p1i4_0118,train,q,2,silicon_die_upper,,,,360,1.6865380785647452,0.34960584101583336,1.613616943359374e-10,150.85207240414732,10451911065.420258
v6p1i4_0119,train,k,0,silicon_die_upper,51.12887413497174,51.12887413497174,51.12887413497174,432,,,,,
v6p1i4_0119,train,k,1,silicon_die_upper,22.231904791089015,22.231904791089015,22.231904791089015,640,,,,,
v6p1i4_0119,train,k,2,silicon_die_upper,358.6119099962704,358.6119099962704,358.6119099962704,384,,,,,
v6p1i4_0119,train,k,3,silicon_die_upper,29.951134263634057,29.951134263634057,29.951134263634057,720,,,,,
v6p1i4_0119,train,k,4,silicon_die_upper,38.16943316324199,38.16943316324199,38.16943316324199,704,,,,,
v6p1i4_0119,train,k,5,silicon_die_lower,150.04319438727518,150.04319438727518,150.04319438727518,336,,,,,
v6p1i4_0119,train,k,6,silicon_die_upper,177.0169778815188,177.0169778815188,177.0169778815188,320,,,,,
v6p1i4_0119,train,q,0,silicon_die_lower,,,,384,0.6428516176731415,0.1373136952376315,1.7578124999999982e-10,62.1619310167989,3657111424.9849863
v6p1i4_0119,train,q,1,silicon_die_upper,,,,320,0.7563353449107398,0.1615539234768287,1.4343261718749987e-10,73.15796296993719,5273105655.752159
v6p1i4_0119,train,q,2,silicon_die_lower,,,,384,0.7050220889996749,0.15059336494338948,1.7578125000000007e-10,66.54310201653225,4010792328.531482
v6p1i4_0119,train,q,3,silicon_die_lower,,,,336,0.5563593215963094,0.11883886145423772,1.5380859374999995e-10,57.483605893354,3617218700.410292
v6p1i4_0119,train,q,4,silicon_die_lower,,,,448,0.8479293329446964,0.18111848334216427,2.0507812500000005e-10,56.66989369939985,4134664937.787471
v6p1i4_0119,train,q,5,silicon_die_lower,,,,384,0.5694835949879592,0.12164221828989347,1.7578124999999995e-10,54.055666504292105,3239728895.9315023
v6p1i4_0119,train,q,6,silicon_die_lower,,,,384,0.6036465333189907,0.1289394532558548,1.7578124999999997e-10,54.449472985877385,3434078056.214703
v6p1i4_0120,valid_iid,k,0,silicon_die_upper,87.22355853749613,87.22355853749613,87.22355853749613,432,,,,,
v6p1i4_0120,valid_iid,k,1,silicon_die_upper,21.12026104628023,21.12026104628023,21.12026104628023,1056,,,,,
v6p1i4_0120,valid_iid,k,2,silicon_die_lower,37.89609203033863,37.89609203033863,37.89609203033863,384,,,,,
v6p1i4_0120,valid_iid,q,0,silicon_die_upper,,,,432,2.949380529456866,0.371045961639846,1.9363403320312483e-10,216.89597242597006,15231725955.751406
v6p1i4_0120,valid_iid,q,1,silicon_die_lower,,,,320,2.260819836502947,0.2844217834733433,1.4648437499999994e-10,213.5250963220621,15433863417.193459
v6p1i4_0120,valid_iid,q,2,silicon_die_upper,,,,448,2.738627634814033,0.3445322548868108,2.0080566406249989e-10,190.56861619200203,13638199139.450804
v6p1i4_0121,train,k,0,silicon_die_lower,137.662709236192,137.662709236192,137.662709236192,648,,,,,
v6p1i4_0121,train,k,1,silicon_die_upper,249.00361704245594,249.00361704245594,249.00361704245594,1056,,,,,
v6p1i4_0121,train,q,0,silicon_die_lower,,,,336,0.6281944214437383,0.1288477875482214,1.5380859375000013e-10,53.76570505366061,4084260873.386587
v6p1i4_0121,train,q,1,silicon_die_upper,,,,384,0.8443406679084842,0.17318114151183878,1.72119140625e-10,70.79108528768,4905559398.23142
v6p1i4_0121,train,q,2,silicon_die_lower,,,,288,0.3857482778559245,0.07912011067854392,1.3183593749999998e-10,52.73044508883783,2925972122.4034576
v6p1i4_0121,train,q,3,silicon_die_lower,,,,320,0.6915765146541092,0.14184797061505375,1.4648437499999994e-10,63.67957455932543,4721162340.03872
v6p1i4_0121,train,q,4,silicon_die_lower,,,,392,0.7318054429420654,0.15009925115560127,1.7944335937499988e-10,69.53380775024604,4078197407.1982336
v6p1i4_0121,train,q,5,silicon_die_upper,,,,648,0.8697966358894197,0.17840236768367237,2.9045104980468724e-10,48.58642400887575,2994641047.000213
v6p1i4_0121,train,q,6,silicon_die_lower,,,,392,0.7240150140943271,0.1485013708070684,1.79443359375e-10,57.57475182736359,4034782990.1093388
v6p1i4_0122,train,k,0,silicon_die_upper,29.685191749583375,29.685191749583375,29.685191749583375,720,,,,,
v6p1i4_0122,train,k,1,silicon_die_lower,245.0209364877388,245.0209364877388,245.0209364877388,504,,,,,
v6p1i4_0122,train,q,0,silicon_die_upper,,,,448,0.6433637476151868,0.1598801556248574,2.0080566406249989e-10,40.65694223161627,3203912352.8654184
v6p1i4_0122,train,q,1,silicon_die_lower,,,,288,0.5182950133384798,0.12879974617672668,1.3183593749999993e-10,58.08969864447376,3931363656.730397
v6p1i4_0122,train,q,2,silicon_die_lower,,,,384,0.9771602126905236,0.24283078966523333,1.7578125e-10,76.76483737029511,5558955876.639423
v6p1i4_0122,train,q,3,silicon_die_lower,,,,448,0.5785316661879821,0.14376895367030665,2.050781250000001e-10,40.43145813370808,2821030600.8404446
v6p1i4_0122,train,q,4,silicon_die_lower,,,,384,0.6571475696314844,0.1633055267578127,1.7578124999999997e-10,58.73335169693462,3738439507.2368894
v6p1i4_0122,train,q,5,silicon_die_lower,,,,280,0.649539327282146,0.1614148281050633,1.2817382812499986e-10,74.34200970306402,5067643970.566997
v6p1i4_0123,train,k,0,silicon_die_lower,101.75873965697026,101.75873965697026,101.75873965697026,800,,,,,
v6p1i4_0123,train,k,1,silicon_die_upper,135.55564687265428,135.55564687265428,135.55564687265428,968,,,,,
v6p1i4_0123,train,k,2,silicon_die_upper,35.81711751209651,35.81711751209651,35.81711751209651,640,,,,,
v6p1i4_0123,train,k,3,silicon_die_upper,261.17496519331166,261.17496519331166,261.17496519331166,864,,,,,
v6p1i4_0123,train,q,0,silicon_die_upper,,,,240,0.5246035522862863,0.05129839852618261,1.075744628906249e-10,71.84522658740556,4876655092.572211
v6p1i4_0123,train,q,1,silicon_die_upper,,,,576,1.304855582441722,0.12759540303432937,2.581787109374998e-10,76.96068083929441,5054078927.358201
v6p1i4_0123,train,q,2,silicon_die_upper,,,,448,1.1801040609091422,0.11539656594976162,2.0080566406249986e-10,90.81250078755876,5876846484.478845
v6p1i4_0123,train,q,3,silicon_die_lower,,,,576,1.3427762206085514,0.13130347554083732,2.636718749999999e-10,77.46247167762971,5092603147.789471
v6p1i4_0123,train,q,4,silicon_die_upper,,,,384,0.9056171115653192,0.0885558385922934,1.721191406249997e-10,76.29245348315101,5261571190.030573
v6p1i4_0123,train,q,5,silicon_die_lower,,,,280,0.9076275282427205,0.0887524273410191,1.2817382812499996e-10,91.46486088232848,7081223534.632732
v6p1i4_0123,train,q,6,silicon_die_upper,,,,512,0.9335053935991313,0.09128289638621462,2.2949218749999984e-10,62.56472080717781,4067700098.0660048
v6p1i4_0123,train,q,7,silicon_die_upper,,,,432,0.8899178220151173,0.08702068236162286,1.9363403320312483e-10,65.89688532800055,4595875049.927721
v6p1i4_0123,train,q,8,silicon_die_upper,,,,448,1.4210615723131041,0.13895861465112486,2.008056640624998e-10,111.22296973035678,7076800243.397544
v6p1i4_0123,train,q,9,silicon_die_upper,,,,392,0.816440508324117,0.0798356976166143,1.7570495605468725e-10,67.82426766020957,4646656114.071159
v6p1i4_0124,test_iid,k,0,silicon_die_lower,38.11532833266595,38.11532833266595,38.11532833266595,576,,,,,
v6p1i4_0124,test_iid,k,1,silicon_die_upper,266.4328245934756,266.4328245934756,266.4328245934756,504,,,,,
v6p1i4_0124,test_iid,q,0,silicon_die_upper,,,,288,0.6151253247199155,0.09955666716072126,1.2908935546874975e-10,81.0082322010974,4765112680.950882
v6p1i4_0124,test_iid,q,1,silicon_die_lower,,,,448,0.6642917418576055,0.10751414253972787,2.0507812499999985e-10,52.89900740501175,3239213065.0580406
v6p1i4_0124,test_iid,q,2,silicon_die_upper,,,,448,1.126961883685179,0.1823962770642733,2.0080566406249973e-10,84.11249020059115,5612201672.431002
v6p1i4_0124,test_iid,q,3,silicon_die_lower,,,,336,0.4769958040133431,0.0772007111214934,1.5380859374999995e-10,45.40227213260843,3101229862.283578
v6p1i4_0124,test_iid,q,4,silicon_die_lower,,,,432,0.7709513877953499,0.12477676926532949,1.9775390625e-10,60.392263660138546,3898539363.468831
v6p1i4_0124,test_iid,q,5,silicon_die_upper,,,,384,0.5229586572228653,0.08463969679619478,1.7211914062499985e-10,49.389009344280055,3038352709.19838
v6p1i4_0124,test_iid,q,6,silicon_die_upper,,,,384,1.014879546809328,0.16425599985811906,1.7211914062499985e-10,87.25978479190316,5896378189.689377
v6p1i4_0124,test_iid,q,7,silicon_die_upper,,,,432,0.9864808643359723,0.15965973619414095,1.9363403320312483e-10,82.08374064616837,5094563429.875676
v6p1i4_0125,valid_iid,k,0,silicon_die_upper,29.574459502749278,29.574459502749278,29.574459502749278,792,,,,,
v6p1i4_0125,valid_iid,k,1,silicon_die_lower,386.8740227199133,386.8740227199133,386.8740227199133,720,,,,,
v6p1i4_0125,valid_iid,q,0,silicon_die_upper,,,,512,1.482517092259175,0.2558139979857046,2.2949218749999987e-10,93.0592702535373,6459989372.227218
v6p1i4_0125,valid_iid,q,1,silicon_die_lower,,,,504,2.048256043725515,0.3534344191913065,2.3071289062499996e-10,140.7321715659064,8877943656.19017
v6p1i4_0125,valid_iid,q,2,silicon_die_lower,,,,384,1.2996068741565527,0.2242521398394587,1.7578124999999997e-10,101.51789158531913,7393319106.312835
v6p1i4_0125,valid_iid,q,3,silicon_die_upper,,,,336,0.964913069723844,0.16649944298353017,1.5060424804687475e-10,88.70856931734653,6406944573.193713
v6p1i4_0126,train,k,0,silicon_die_lower,41.7795291428346,41.7795291428346,41.7795291428346,640,,,,,
v6p1i4_0126,train,k,1,silicon_die_lower,238.83167767613486,238.83167767613486,238.83167767613486,640,,,,,
v6p1i4_0126,train,k,2,silicon_die_lower,387.3118395228305,387.3118395228305,387.3118395228305,968,,,,,
v6p1i4_0126,train,k,3,silicon_die_upper,143.68847895813022,143.68847895813022,143.68847895813022,704,,,,,
v6p1i4_0126,train,k,4,silicon_die_upper,64.80779151002402,64.80779151002402,64.80779151002402,560,,,,,
v6p1i4_0126,train,k,5,silicon_die_upper,30.25556388569134,30.25556388569134,30.25556388569134,400,,,,,
v6p1i4_0126,train,q,0,silicon_die_lower,,,,392,0.3954062137076889,0.10190980035231076,1.7944335937499996e-10,33.81423199305218,2203515444.0091076
v6p1i4_0126,train,q,1,silicon_die_lower,,,,200,0.2402230151793884,0.06191374507599332,9.155273437500008e-11,33.934373403746406,2623875920.466064
v6p1i4_0126,train,q,2,silicon_die_upper,,,,576,0.7047092523572318,0.18162784681791447,2.5817871093749954e-10,43.51294729229566,2729540517.8772826
v6p1i4_0126,train,q,3,silicon_die_upper,,,,384,0.32781106152985967,0.08448820143854364,1.7211914062499993e-10,32.05885755469568,1904559018.4770296
v6p1i4_0126,train,q,4,silicon_die_lower,,,,504,0.4483126811137115,0.11554561927416436,2.3071289062499996e-10,32.649934309089474,1943162689.7796428
v6p1i4_0126,train,q,5,silicon_die_lower,,,,392,0.39809728703705544,0.10260338263863242,1.7944335937500014e-10,31.094967118103558,2218512228.168405
v6p1i4_0126,train,q,6,silicon_die_lower,,,,336,0.2488964462840144,0.06414918701291594,1.5380859374999982e-10,24.728244276945652,1618221974.5703557
v6p1i4_0126,train,q,7,silicon_die_upper,,,,512,0.5281489131965197,0.13612216610216762,2.2949218749999977e-10,32.48704767130428,2301380796.226539
v6p1i4_0126,train,q,8,silicon_die_lower,,,,512,0.5883577273107106,0.15164005128735755,2.3437499999999993e-10,38.28524645070431,2510326303.1923656
v6p1i4_0127,train,k,0,silicon_die_lower,36.59321740406962,36.59321740406962,36.59321740406962,336,,,,,
v6p1i4_0127,train,k,1,silicon_die_upper,248.8285165151154,248.8285165151154,248.8285165151154,880,,,,,
v6p1i4_0127,train,k,2,silicon_die_upper,28.78683969541286,28.78683969541286,28.78683969541286,800,,,,,
v6p1i4_0127,train,q,0,silicon_die_upper,,,,504,1.416613830800005,0.19674196253359139,2.259063720703122e-10,98.89178283621256,6270800676.481543
v6p1i4_0127,train,q,1,silicon_die_upper,,,,504,1.4737420890796906,0.2046760412540596,2.2590637207031237e-10,97.85398536000888,6523685346.161881
v6p1i4_0127,train,q,2,silicon_die_lower,,,,280,0.8790974910284106,0.12209069393711383,1.2817382812499994e-10,103.51978221610749,6858634901.433089
v6p1i4_0127,train,q,3,silicon_die_lower,,,,384,1.2741422713177672,0.17695524747524183,1.7578124999999997e-10,119.26208687107368,7248453810.1633
v6p1i4_0127,train,q,4,silicon_die_lower,,,,432,2.1567687573538863,0.29953605479999335,1.9775390624999992e-10,173.17356593948566,10906326950.767311
