layer_id,background_kx_W_mK,background_ky_W_mK,background_kz_W_mK,sampling_latent,distribution,sample_id
pcb_fr4_equivalent,0.9749199703326261,0.9749199703326261,0.36559498887473474,0.9430862041190267,correlated_log_uniform_axes,v6p1i12_0000
bt_substrate_with_vias,0.1934909464510346,0.1934909464510346,0.4740528188050348,0.42586242500692606,correlated_log_uniform_axes,v6p1i12_0000
silicon_interposer_tsv_0p1,148.86482077650726,148.86482077650726,153.67562423925847,0.962160692550242,correlated_linear_axes,v6p1i12_0000
bump_underfill_under_interposer,0.49992196581124254,0.49992196581124254,4.082696054125147,0.09112052246928215,correlated_log_uniform_axes,v6p1i12_0000
silicon_die_lower,143.05113111622632,143.05113111622632,143.05113111622632,0.8610226223245263,isotropic_linear,v6p1i12_0000
tim_between_dies,3.9856186719573015,3.9856186719573015,3.9856186719573015,0.6345021277666092,isotropic_log_uniform,v6p1i12_0000
silicon_die_upper,135.7429132796824,135.7429132796824,135.7429132796824,0.714858265593648,isotropic_linear,v6p1i12_0000
tim_to_spreader,3.039294762708234,3.039294762708234,3.039294762708234,0.47779097873717546,isotropic_log_uniform,v6p1i12_0000
spreader,392.43886354379356,392.43886354379356,392.43886354379356,0.49592423625290394,isotropic_linear,v6p1i12_0000
pcb_fr4_equivalent,0.7368385234848576,0.7368385234848576,0.27631444630682156,0.3157173739746213,correlated_log_uniform_axes,v6p1i12_0001
bt_substrate_with_vias,0.23116230060285078,0.23116230060285078,0.5663476364769845,0.8244608603417873,correlated_log_uniform_axes,v6p1i12_0001
silicon_interposer_tsv_0p1,134.4218008685857,134.4218008685857,136.82543434668332,0.4807266956195235,correlated_linear_axes,v6p1i12_0001
bump_underfill_under_interposer,0.6122969939631946,0.6122969939631946,5.000425450699422,0.5454590637236834,correlated_log_uniform_axes,v6p1i12_0001
silicon_die_lower,100.55081797763705,100.55081797763705,100.55081797763705,0.01101635955274105,isotropic_linear,v6p1i12_0001
tim_between_dies,1.7256010632524479,1.7256010632524479,1.7256010632524479,0.15054221265017986,isotropic_log_uniform,v6p1i12_0001
silicon_die_upper,121.6361525002867,121.6361525002867,121.6361525002867,0.43272305000573397,isotropic_linear,v6p1i12_0001
tim_to_spreader,4.329363250602257,4.329363250602257,4.329363250602257,0.6823293659836054,isotropic_log_uniform,v6p1i12_0001
spreader,395.20285210572183,395.20285210572183,395.20285210572183,0.6801901403814554,isotropic_linear,v6p1i12_0001
pcb_fr4_equivalent,0.6495789741220567,0.6495789741220567,0.24359211529577124,0.033288536593317986,correlated_log_uniform_axes,v6p1i12_0002
bt_substrate_with_vias,0.16391040895963785,0.16391040895963785,0.4015805019511127,0.0541045805439353,correlated_log_uniform_axes,v6p1i12_0002
silicon_interposer_tsv_0p1,140.18186850473285,140.18186850473285,143.54551325552166,0.6727289501577616,correlated_linear_axes,v6p1i12_0002
bump_underfill_under_interposer,0.5752370914200955,0.5752370914200955,4.697769579930779,0.4055599719285965,correlated_log_uniform_axes,v6p1i12_0002
silicon_die_lower,124.68370543792844,124.68370543792844,124.68370543792844,0.49367410875856876,isotropic_linear,v6p1i12_0002
tim_between_dies,2.147701582309927,2.147701582309927,2.147701582309927,0.27704956103116274,isotropic_log_uniform,v6p1i12_0002
silicon_die_upper,149.6599080041051,149.6599080041051,149.6599080041051,0.9931981600821018,isotropic_linear,v6p1i12_0002
tim_to_spreader,6.2028537835291395,6.2028537835291395,6.2028537835291395,0.8902174346148968,isotropic_log_uniform,v6p1i12_0002
spreader,398.80143528804183,398.80143528804183,398.80143528804183,0.9200956858694553,isotropic_linear,v6p1i12_0002
pcb_fr4_equivalent,0.8596092838917717,0.8596092838917717,0.32235348145941434,0.6610314007848501,correlated_log_uniform_axes,v6p1i12_0003
bt_substrate_with_vias,0.2189108785743129,0.2189108785743129,0.5363316525070667,0.7024421785026789,correlated_log_uniform_axes,v6p1i12_0003
silicon_interposer_tsv_0p1,123.92176274210215,123.92176274210215,124.57538986578584,0.1307254247367382,correlated_linear_axes,v6p1i12_0003
bump_underfill_under_interposer,0.743665051842503,0.743665051842503,6.073264590047107,0.9809932392090559,correlated_log_uniform_axes,v6p1i12_0003
silicon_die_lower,131.41737119294703,131.41737119294703,131.41737119294703,0.6283474238589406,isotropic_linear,v6p1i12_0003
tim_between_dies,4.934740796465748,4.934740796465748,4.934740796465748,0.7579944236204028,isotropic_log_uniform,v6p1i12_0003
silicon_die_upper,107.71808489225805,107.71808489225805,107.71808489225805,0.15436169784516096,isotropic_linear,v6p1i12_0003
tim_to_spreader,1.9298785345263954,1.9298785345263954,1.9298785345263954,0.21522399317473173,isotropic_log_uniform,v6p1i12_0003
spreader,388.4788759984076,388.4788759984076,388.4788759984076,0.23192506656050682,isotropic_linear,v6p1i12_0003
pcb_fr4_equivalent,0.8404992036971394,0.8404992036971394,0.31518720138642725,0.6106558479368687,correlated_log_uniform_axes,v6p1i12_0004
bt_substrate_with_vias,0.17877056678755054,0.17877056678755054,0.4379878886294989,0.24856066424399614,correlated_log_uniform_axes,v6p1i12_0004
silicon_interposer_tsv_0p1,129.82653974555433,129.82653974555433,131.46429636981338,0.32755132485181093,correlated_linear_axes,v6p1i12_0004
bump_underfill_under_interposer,0.6762369818420222,0.6762369818420222,5.5226020183765145,0.7680201232433319,correlated_log_uniform_axes,v6p1i12_0004
silicon_die_lower,127.60284072719514,127.60284072719514,127.60284072719514,0.5520568145439029,isotropic_linear,v6p1i12_0004
tim_between_dies,3.5710641233987017,3.5710641233987017,3.5710641233987017,0.5710070729255676,isotropic_log_uniform,v6p1i12_0004
silicon_die_upper,140.10363831184804,140.10363831184804,140.10363831184804,0.8020727662369609,isotropic_linear,v6p1i12_0004
tim_to_spreader,5.802727243921147,5.802727243921147,5.802727243921147,0.8516670940443873,isotropic_log_uniform,v6p1i12_0004
spreader,396.3206851342693,396.3206851342693,396.3206851342693,0.7547123422846198,isotropic_linear,v6p1i12_0004
pcb_fr4_equivalent,0.7129697090325027,0.7129697090325027,0.2673636408871885,0.24193116649985313,correlated_log_uniform_axes,v6p1i12_0005
bt_substrate_with_vias,0.20058261608550157,0.20058261608550157,0.49142740940947893,0.5065178796648979,correlated_log_uniform_axes,v6p1i12_0005
silicon_interposer_tsv_0p1,146.0864228848368,146.0864228848368,150.4341600323096,0.8695474294945598,correlated_linear_axes,v6p1i12_0005
bump_underfill_under_interposer,0.5599994075145666,0.5599994075145666,4.5733284947022925,0.3454046081751585,correlated_log_uniform_axes,v6p1i12_0005
silicon_die_lower,116.38914700597525,116.38914700597525,116.38914700597525,0.32778294011950493,isotropic_linear,v6p1i12_0005
tim_between_dies,1.5514348110759306,1.5514348110759306,1.5514348110759306,0.0890322607010603,isotropic_log_uniform,v6p1i12_0005
silicon_die_upper,104.01813853532076,104.01813853532076,104.01813853532076,0.08036277070641518,isotropic_linear,v6p1i12_0005
tim_to_spreader,1.4716890197283032,1.4716890197283032,1.4716890197283032,0.05852482095360756,isotropic_log_uniform,v6p1i12_0005
spreader,386.0475412989035,386.0475412989035,386.0475412989035,0.06983608659356833,isotropic_linear,v6p1i12_0005
pcb_fr4_equivalent,0.764176204663311,0.764176204663311,0.2865660767487416,0.39734560903161764,correlated_log_uniform_axes,v6p1i12_0006
bt_substrate_with_vias,0.18897993319175682,0.18897993319175682,0.4630008363198043,0.3730043275281787,correlated_log_uniform_axes,v6p1i12_0006
silicon_interposer_tsv_0p1,121.14153468981385,121.14153468981385,121.3317904714495,0.03805115632712841,correlated_linear_axes,v6p1i12_0006
bump_underfill_under_interposer,0.6570652762156465,0.6570652762156465,5.366033089094445,0.7035768292844296,correlated_log_uniform_axes,v6p1i12_0006
silicon_die_lower,109.24763604998589,109.24763604998589,109.24763604998589,0.1849527209997177,isotropic_linear,v6p1i12_0006
tim_between_dies,2.9656799142770427,2.9656799142770427,2.9656799142770427,0.4636157797649503,isotropic_log_uniform,v6p1i12_0006
silicon_die_upper,125.79835527576506,125.79835527576506,125.79835527576506,0.5159671055153012,isotropic_linear,v6p1i12_0006
tim_to_spreader,2.1014057215376343,2.1014057215376343,2.1014057215376343,0.264451177790761,isotropic_log_uniform,v6p1i12_0006
spreader,389.93911614175886,389.93911614175886,389.93911614175886,0.3292744094505906,isotropic_linear,v6p1i12_0006
pcb_fr4_equivalent,0.9007148744105863,0.9007148744105863,0.33776807790396984,0.7656967332586646,correlated_log_uniform_axes,v6p1i12_0007
bt_substrate_with_vias,0.23704112727444018,0.23704112727444018,0.5807507618223785,0.8807331454008818,correlated_log_uniform_axes,v6p1i12_0007
silicon_interposer_tsv_0p1,135.5847754329443,135.5847754329443,138.18223800510168,0.5194925144314766,correlated_linear_axes,v6p1i12_0007
bump_underfill_under_interposer,0.5154975240055333,0.5154975240055333,4.209896446045188,0.15986658819019794,correlated_log_uniform_axes,v6p1i12_0007
silicon_die_lower,147.24350753240287,147.24350753240287,147.24350753240287,0.9448701506480575,isotropic_linear,v6p1i12_0007
tim_between_dies,6.8361913819287725,6.8361913819287725,6.8361913819287725,0.9464236749336123,isotropic_log_uniform,v6p1i12_0007
silicon_die_upper,118.32306394353509,118.32306394353509,118.32306394353509,0.3664612788707018,isotropic_linear,v6p1i12_0007
tim_to_spreader,3.69700529373038,3.69700529373038,3.69700529373038,0.5910446541383862,isotropic_log_uniform,v6p1i12_0007
spreader,392.7708307048306,392.7708307048306,392.7708307048306,0.5180553803220391,isotropic_linear,v6p1i12_0007
pcb_fr4_equivalent,0.9362363013910635,0.9362363013910635,0.3510886130216488,0.8523654947057366,correlated_log_uniform_axes,v6p1i12_0008
bt_substrate_with_vias,0.16720146064156155,0.16720146064156155,0.4096435785718258,0.09864865243434906,correlated_log_uniform_axes,v6p1i12_0008
silicon_interposer_tsv_0p1,123.49683238193393,123.49683238193393,124.07963777892292,0.11656107939779758,correlated_linear_axes,v6p1i12_0008
bump_underfill_under_interposer,0.5423116584037047,0.5423116584037047,4.428878543630255,0.2734893010929227,correlated_log_uniform_axes,v6p1i12_0008
silicon_die_lower,104.34110420756042,104.34110420756042,104.34110420756042,0.0868220841512084,isotropic_linear,v6p1i12_0008
tim_between_dies,5.821403193575259,5.821403193575259,5.821403193575259,0.8535247948020697,isotropic_log_uniform,v6p1i12_0008
silicon_die_upper,140.76190292835236,140.76190292835236,140.76190292835236,0.8152380585670471,isotropic_linear,v6p1i12_0008
tim_to_spreader,5.172545873517883,5.172545873517883,5.172545873517883,0.785203879699111,isotropic_log_uniform,v6p1i12_0008
spreader,398.1217565946281,398.1217565946281,398.1217565946281,0.8747837729752064,isotropic_linear,v6p1i12_0008
pcb_fr4_equivalent,0.7937939612029167,0.7937939612029167,0.29767273545109374,0.48254980985075235,correlated_log_uniform_axes,v6p1i12_0009
bt_substrate_with_vias,0.21418084159121914,0.21418084159121914,0.524743061898487,0.6534961359575391,correlated_log_uniform_axes,v6p1i12_0009
silicon_interposer_tsv_0p1,136.94377217441797,136.94377217441797,139.76773420348763,0.5647924058139324,correlated_linear_axes,v6p1i12_0009
bump_underfill_under_interposer,0.7030928647552328,0.7030928647552328,5.741925062167734,0.855285475961864,correlated_log_uniform_axes,v6p1i12_0009
silicon_die_lower,139.163176715374,139.163176715374,139.163176715374,0.7832635343074799,isotropic_linear,v6p1i12_0009
tim_between_dies,2.5169597683587686,2.5169597683587686,2.5169597683587686,0.36877141147851944,isotropic_log_uniform,v6p1i12_0009
silicon_die_upper,101.84741797856987,101.84741797856987,101.84741797856987,0.036948359571397305,isotropic_linear,v6p1i12_0009
tim_to_spreader,1.628806946202582,1.628806946202582,1.628806946202582,0.11716832313686609,isotropic_log_uniform,v6p1i12_0009
spreader,385.88754715397954,385.88754715397954,385.88754715397954,0.05916981026530266,isotropic_linear,v6p1i12_0009
pcb_fr4_equivalent,0.6813004707869759,0.6813004707869759,0.2554876765451159,0.14012336917221546,correlated_log_uniform_axes,v6p1i12_0010
bt_substrate_with_vias,0.19778632508041005,0.19778632508041005,0.4845764964470046,0.4750607069581747,correlated_log_uniform_axes,v6p1i12_0010
silicon_interposer_tsv_0p1,128.40141761116683,128.40141761116683,129.80165387969464,0.28004725370556116,correlated_linear_axes,v6p1i12_0010
bump_underfill_under_interposer,0.5278491065502647,0.5278491065502647,4.310767703493828,0.2129220301285386,correlated_log_uniform_axes,v6p1i12_0010
silicon_die_lower,135.19549202173948,135.19549202173948,135.19549202173948,0.7039098404347897,isotropic_linear,v6p1i12_0010
tim_between_dies,2.022157961442467,2.022157961442467,2.022157961442467,0.24222724419087172,isotropic_log_uniform,v6p1i12_0010
silicon_die_upper,130.06724892184138,130.06724892184138,130.06724892184138,0.6013449784368277,isotropic_linear,v6p1i12_0010
tim_to_spreader,2.2945655809082095,2.2945655809082095,2.2945655809082095,0.3152899360284209,isotropic_log_uniform,v6p1i12_0010
spreader,389.36851407401264,389.36851407401264,389.36851407401264,0.2912342716008425,isotropic_linear,v6p1i12_0010
pcb_fr4_equivalent,0.8033404032598651,0.8033404032598651,0.3012526512224494,0.5093366149812937,correlated_log_uniform_axes,v6p1i12_0011
bt_substrate_with_vias,0.22658524341706618,0.22658524341706618,0.5551338463718122,0.7796492604538798,correlated_log_uniform_axes,v6p1i12_0011
silicon_interposer_tsv_0p1,143.78260214813054,143.78260214813054,147.74636917281896,0.7927534049376845,correlated_linear_axes,v6p1i12_0011
bump_underfill_under_interposer,0.6460836362331138,0.6460836362331138,5.276349695903763,0.6658109938725829,correlated_log_uniform_axes,v6p1i12_0011
silicon_die_lower,120.80794028006494,120.80794028006494,120.80794028006494,0.4161588056012988,isotropic_linear,v6p1i12_0011
tim_between_dies,4.702042619540476,4.702042619540476,4.702042619540476,0.7300690831616521,isotropic_log_uniform,v6p1i12_0011
silicon_die_upper,112.54252498038113,112.54252498038113,112.54252498038113,0.2508504996076226,isotropic_linear,v6p1i12_0011
tim_to_spreader,3.251315221366047,3.251315221366047,3.251315221366047,0.516776442527771,isotropic_log_uniform,v6p1i12_0011
spreader,394.0440946724266,394.0440946724266,394.0440946724266,0.6029396448284388,isotropic_linear,v6p1i12_0011
pcb_fr4_equivalent,0.8805590375465904,0.8805590375465904,0.33020963907997136,0.7149854823946953,correlated_log_uniform_axes,v6p1i12_0012
bt_substrate_with_vias,0.18263468846555864,0.18263468846555864,0.4474549867406187,0.2964775450527668,correlated_log_uniform_axes,v6p1i12_0012
silicon_interposer_tsv_0p1,141.60495216026902,141.60495216026902,145.20577752031386,0.7201650720089674,correlated_linear_axes,v6p1i12_0012
bump_underfill_under_interposer,0.6232389523961054,0.6232389523961054,5.089784777901527,0.5851477468386292,correlated_log_uniform_axes,v6p1i12_0012
silicon_die_lower,113.86841000057757,113.86841000057757,113.86841000057757,0.2773682000115514,isotropic_linear,v6p1i12_0012
tim_between_dies,6.4975089689674626,6.4975089689674626,6.4975089689674626,0.9170479532331228,isotropic_log_uniform,v6p1i12_0012
silicon_die_upper,133.3794787991792,133.3794787991792,133.3794787991792,0.6675895759835839,isotropic_linear,v6p1i12_0012
tim_to_spreader,2.7098327450615245,2.7098327450615245,2.7098327450615245,0.41145751625299454,isotropic_log_uniform,v6p1i12_0012
spreader,390.6364187365398,390.6364187365398,390.6364187365398,0.3757612491026521,isotropic_linear,v6p1i12_0012
pcb_fr4_equivalent,0.665845231888334,0.665845231888334,0.24969196195812524,0.08870765566825867,correlated_log_uniform_axes,v6p1i12_0013
bt_substrate_with_vias,0.24565189184491032,0.24565189184491032,0.6018471350200303,0.9606857160106301,correlated_log_uniform_axes,v6p1i12_0013
silicon_interposer_tsv_0p1,126.22395984828472,126.22395984828472,127.26128648966551,0.20746532827615738,correlated_linear_axes,v6p1i12_0013
bump_underfill_under_interposer,0.4877919053955036,0.4877919053955036,3.983633894063279,0.03608167823404074,correlated_log_uniform_axes,v6p1i12_0013
silicon_die_lower,130.02593340352178,130.02593340352178,130.02593340352178,0.6005186680704355,isotropic_linear,v6p1i12_0013
tim_between_dies,2.7993718881585066,2.7993718881585066,2.7993718881585066,0.4302513524889946,isotropic_log_uniform,v6p1i12_0013
silicon_die_upper,122.48622504994273,122.48622504994273,122.48622504994273,0.44972450099885464,isotropic_linear,v6p1i12_0013
tim_to_spreader,4.790619420711616,4.790619420711616,4.790619420711616,0.7408584943041205,isotropic_log_uniform,v6p1i12_0013
spreader,395.36513501312584,395.36513501312584,395.36513501312584,0.6910090008750558,isotropic_linear,v6p1i12_0013
pcb_fr4_equivalent,0.7343536056585408,0.7343536056585408,0.27538260212195276,0.30814802180975676,correlated_log_uniform_axes,v6p1i12_0014
bt_substrate_with_vias,0.172522418020118,0.172522418020118,0.42267992414928907,0.16884505935013294,correlated_log_uniform_axes,v6p1i12_0014
silicon_interposer_tsv_0p1,146.5115615632385,146.5115615632385,150.93015515711159,0.8837187187746167,correlated_linear_axes,v6p1i12_0014
bump_underfill_under_interposer,0.7158928474980547,0.7158928474980547,5.846458254567446,0.8957112925127149,correlated_log_uniform_axes,v6p1i12_0014
silicon_die_lower,144.73499534651637,144.73499534651637,144.73499534651637,0.8946999069303274,isotropic_linear,v6p1i12_0014
tim_between_dies,1.4644881117656554,1.4644881117656554,1.4644881117656554,0.055689129047095776,isotropic_log_uniform,v6p1i12_0014
silicon_die_upper,144.46251722984016,144.46251722984016,144.46251722984016,0.8892503445968032,isotropic_linear,v6p1i12_0014
tim_to_spreader,6.771497395984987,6.771497395984987,6.771497395984987,0.9409265452995896,isotropic_log_uniform,v6p1i12_0014
spreader,399.37341070268303,399.37341070268303,399.37341070268303,0.9582273801788688,isotropic_linear,v6p1i12_0014
pcb_fr4_equivalent,0.9714205206424743,0.9714205206424743,0.3642826952409278,0.9350287644192576,correlated_log_uniform_axes,v6p1i12_0015
bt_substrate_with_vias,0.20753088458344898,0.20753088458344898,0.50845066722945,0.5828229254111648,correlated_log_uniform_axes,v6p1i12_0015
silicon_interposer_tsv_0p1,133.0644277576357,133.0644277576357,135.24183238390833,0.43548092525452375,correlated_linear_axes,v6p1i12_0015
bump_underfill_under_interposer,0.5934892032832995,0.5934892032832995,4.846828493480278,0.47555243503302336,correlated_log_uniform_axes,v6p1i12_0015
silicon_die_lower,111.65848006494343,111.65848006494343,111.65848006494343,0.23316960129886866,isotropic_linear,v6p1i12_0015
tim_between_dies,3.394018068678143,3.394018068678143,3.394018068678143,0.5416098209097981,isotropic_log_uniform,v6p1i12_0015
silicon_die_upper,111.40435487031937,111.40435487031937,111.40435487031937,0.22808709740638733,isotropic_linear,v6p1i12_0015
tim_to_spreader,1.6975594786065065,1.6975594786065065,1.6975594786065065,0.1410702895373106,isotropic_log_uniform,v6p1i12_0015
spreader,387.2033232683316,387.2033232683316,387.2033232683316,0.1468882178887725,isotropic_linear,v6p1i12_0015
pcb_fr4_equivalent,0.9564055500075149,0.9564055500075149,0.35865208125281806,0.9001242918893695,correlated_log_uniform_axes,v6p1i12_0016
bt_substrate_with_vias,0.17119810335418698,0.17119810335418698,0.41943535321775816,0.15157859027385712,correlated_log_uniform_axes,v6p1i12_0016
silicon_interposer_tsv_0p1,137.8221047669649,137.8221047669649,140.79245556145906,0.5940701588988304,correlated_linear_axes,v6p1i12_0016
bump_underfill_under_interposer,0.6664016492981244,0.6664016492981244,5.4422801359346815,0.7351914495229721,correlated_log_uniform_axes,v6p1i12_0016
silicon_die_lower,132.94705119915307,132.94705119915307,132.94705119915307,0.6589410239830613,isotropic_linear,v6p1i12_0016
tim_between_dies,2.639942316323606,2.639942316323606,2.639942316323606,0.3963511483743787,isotropic_log_uniform,v6p1i12_0016
silicon_die_upper,120.23024423979223,120.23024423979223,120.23024423979223,0.40460488479584455,isotropic_linear,v6p1i12_0016
tim_to_spreader,7.442444569695973,7.442444569695973,7.442444569695973,0.9955463102087379,isotropic_log_uniform,v6p1i12_0016
spreader,385.31641849316657,385.31641849316657,385.31641849316657,0.021094566211104393,isotropic_linear,v6p1i12_0016
pcb_fr4_equivalent,0.7253651158732682,0.7253651158732682,0.2720119184524755,0.2805524943396449,correlated_log_uniform_axes,v6p1i12_0017
bt_substrate_with_vias,0.20882868826317671,0.20882868826317671,0.511630286244783,0.5967916743829846,correlated_log_uniform_axes,v6p1i12_0017
silicon_interposer_tsv_0p1,122.49948481097817,122.49948481097817,122.91606561280787,0.08331616036593914,correlated_linear_axes,v6p1i12_0017
bump_underfill_under_interposer,0.5082198925485235,0.5082198925485235,4.150462455812941,0.1280075293034315,correlated_log_uniform_axes,v6p1i12_0017
silicon_die_lower,123.0547628365457,123.0547628365457,123.0547628365457,0.4610952567309141,isotropic_linear,v6p1i12_0017
tim_between_dies,6.105845723133021,6.105845723133021,6.105845723133021,0.8811045093461871,isotropic_log_uniform,v6p1i12_0017
silicon_die_upper,137.17206735163927,137.17206735163927,137.17206735163927,0.7434413470327854,isotropic_linear,v6p1i12_0017
tim_to_spreader,1.7680060496733323,1.7680060496733323,1.7680060496733323,0.16457737237215042,isotropic_log_uniform,v6p1i12_0017
spreader,397.52129641361535,397.52129641361535,397.52129641361535,0.8347530942410231,isotropic_linear,v6p1i12_0017
pcb_fr4_equivalent,0.6761512326249389,0.6761512326249389,0.25355671223435206,0.12312386184930801,correlated_log_uniform_axes,v6p1i12_0018
bt_substrate_with_vias,0.1807876435853518,0.1807876435853518,0.4429297267841119,0.273701136931777,correlated_log_uniform_axes,v6p1i12_0018
silicon_interposer_tsv_0p1,142.78708272613585,142.78708272613585,146.5849298471585,0.7595694242045283,correlated_linear_axes,v6p1i12_0018
bump_underfill_under_interposer,0.6858460135719391,0.6858460135719391,5.601075777504168,0.7996355406939983,correlated_log_uniform_axes,v6p1i12_0018
silicon_die_lower,102.09564054384828,102.09564054384828,102.09564054384828,0.04191281087696552,isotropic_linear,v6p1i12_0018
tim_between_dies,3.200386294982432,3.200386294982432,3.200386294982432,0.5076489299535751,isotropic_log_uniform,v6p1i12_0018
silicon_die_upper,109.14831184782088,109.14831184782088,109.14831184782088,0.18296623695641756,isotropic_linear,v6p1i12_0018
tim_to_spreader,2.6749110308226864,2.6749110308226864,2.6749110308226864,0.40395875088870525,isotropic_log_uniform,v6p1i12_0018
spreader,393.4434401988983,393.4434401988983,393.4434401988983,0.5628960132598877,isotropic_linear,v6p1i12_0018
pcb_fr4_equivalent,0.8916649190242765,0.8916649190242765,0.33437434463410365,0.7430692762136459,correlated_log_uniform_axes,v6p1i12_0019
bt_substrate_with_vias,0.24658424794208844,0.24658424794208844,0.6041314074581168,0.9691740898415446,correlated_log_uniform_axes,v6p1i12_0019
silicon_interposer_tsv_0p1,129.28157701157033,129.28157701157033,130.82850651349872,0.3093859003856778,correlated_linear_axes,v6p1i12_0019
bump_underfill_under_interposer,0.552093227958473,0.552093227958473,4.508761361660863,0.31354439444839954,correlated_log_uniform_axes,v6p1i12_0019
silicon_die_lower,141.40682541765273,141.40682541765273,141.40682541765273,0.8281365083530545,isotropic_linear,v6p1i12_0019
tim_between_dies,1.3763564191851214,1.3763564191851214,1.3763564191851214,0.019807083532214165,isotropic_log_uniform,v6p1i12_0019
silicon_die_upper,148.25507262721658,148.25507262721658,148.25507262721658,0.9651014525443316,isotropic_linear,v6p1i12_0019
tim_to_spreader,4.475208278725547,4.475208278725547,4.475208278725547,0.7014841074123979,isotropic_log_uniform,v6p1i12_0019
spreader,388.7971218302846,388.7971218302846,388.7971218302846,0.25314145535230637,isotropic_linear,v6p1i12_0019
pcb_fr4_equivalent,0.8159523465560207,0.8159523465560207,0.30598212995850776,0.5442410875111818,correlated_log_uniform_axes,v6p1i12_0020
bt_substrate_with_vias,0.19599978465489445,0.19599978465489445,0.4801994724044914,0.4547291286289692,correlated_log_uniform_axes,v6p1i12_0020
silicon_interposer_tsv_0p1,127.22108948975801,127.22108948975801,128.42460440471768,0.24070298299193382,correlated_linear_axes,v6p1i12_0020
bump_underfill_under_interposer,0.583475041134533,0.583475041134533,4.765046169265352,0.4374214969575405,correlated_log_uniform_axes,v6p1i12_0020
silicon_die_lower,148.736742278561,148.736742278561,148.736742278561,0.9747348455712199,isotropic_linear,v6p1i12_0020
tim_between_dies,2.3652565399100203,2.3652565399100203,2.3652565399100203,0.33283201325684786,isotropic_log_uniform,v6p1i12_0020
silicon_die_upper,105.81090459600091,105.81090459600091,105.81090459600091,0.1162180919200182,isotropic_linear,v6p1i12_0020
tim_to_spreader,2.519251172344864,2.519251172344864,2.519251172344864,0.3692974904552102,isotropic_log_uniform,v6p1i12_0020
spreader,395.9364926116541,395.9364926116541,395.9364926116541,0.7290995074436069,isotropic_linear,v6p1i12_0020
pcb_fr4_equivalent,0.6897429257498088,0.6897429257498088,0.25865359715617825,0.1677188966423273,correlated_log_uniform_axes,v6p1i12_0021
bt_substrate_with_vias,0.22769363019486213,0.22769363019486213,0.5578493939774124,0.790583417750895,correlated_log_uniform_axes,v6p1i12_0021
silicon_interposer_tsv_0p1,140.72684464976192,140.72684464976192,144.18131875805557,0.6908948216587305,correlated_linear_axes,v6p1i12_0021
bump_underfill_under_interposer,0.7332451284378595,0.7332451284378595,5.988168548909186,0.9493753183633089,correlated_log_uniform_axes,v6p1i12_0021
silicon_die_lower,107.65549037605524,107.65549037605524,107.65549037605524,0.1531098075211048,isotropic_linear,v6p1i12_0021
tim_between_dies,5.48990173019608,5.48990173019608,5.48990173019608,0.8196286512538791,isotropic_log_uniform,v6p1i12_0021
silicon_die_upper,138.28619592823088,138.28619592823088,138.28619592823088,0.7657239185646176,isotropic_linear,v6p1i12_0021
tim_to_spreader,3.389806798599208,3.389806798599208,3.389806798599208,0.5408920403569937,isotropic_log_uniform,v6p1i12_0021
spreader,391.2371078552678,391.2371078552678,391.2371078552678,0.4158071903511882,isotropic_linear,v6p1i12_0021
pcb_fr4_equivalent,0.7816948319635744,0.7816948319635744,0.29313556198634033,0.448133603669703,correlated_log_uniform_axes,v6p1i12_0022
bt_substrate_with_vias,0.16588215016137725,0.16588215016137725,0.40641126789537435,0.0808981079608202,correlated_log_uniform_axes,v6p1i12_0022
silicon_interposer_tsv_0p1,132.1844867337495,132.1844867337495,134.21523452270776,0.4061495577916503,correlated_linear_axes,v6p1i12_0022
bump_underfill_under_interposer,0.5070811229287103,0.5070811229287103,4.141162503917801,0.12298113107681274,correlated_log_uniform_axes,v6p1i12_0022
silicon_die_lower,117.87314005196095,117.87314005196095,117.87314005196095,0.3574628010392189,isotropic_linear,v6p1i12_0022
tim_between_dies,4.419104719456613,4.419104719456613,4.419104719456613,0.6941905915737152,isotropic_log_uniform,v6p1i12_0022
silicon_die_upper,116.50597918778658,116.50597918778658,116.50597918778658,0.3301195837557316,isotropic_linear,v6p1i12_0022
tim_to_spreader,5.111263984404666,5.111263984404666,5.111263984404666,0.7783136069774628,isotropic_log_uniform,v6p1i12_0022
spreader,387.80374880414456,387.80374880414456,387.80374880414456,0.18691658694297075,isotropic_linear,v6p1i12_0022
pcb_fr4_equivalent,0.9245752736030305,0.9245752736030305,0.3467157276011364,0.824281700886786,correlated_log_uniform_axes,v6p1i12_0023
bt_substrate_with_vias,0.2154735841362374,0.2154735841362374,0.5279102811337818,0.6669798558577895,correlated_log_uniform_axes,v6p1i12_0023
silicon_interposer_tsv_0p1,147.50685545615852,147.50685545615852,152.09133136551827,0.9168951818719506,correlated_linear_axes,v6p1i12_0023
bump_underfill_under_interposer,0.6037180238257933,0.6037180238257933,4.930363861243978,0.5138421785086393,correlated_log_uniform_axes,v6p1i12_0023
silicon_die_lower,126.01977582089603,126.01977582089603,126.01977582089603,0.5203955164179206,isotropic_linear,v6p1i12_0023
tim_between_dies,1.9068039059204376,1.9068039059204376,1.9068039059204376,0.20826995186507702,isotropic_log_uniform,v6p1i12_0023
silicon_die_upper,127.59147896431386,127.59147896431386,127.59147896431386,0.5518295792862773,isotropic_linear,v6p1i12_0023
tim_to_spreader,1.5199570385597319,1.5199570385597319,1.5199570385597319,0.07718174811452627,isotropic_log_uniform,v6p1i12_0023
spreader,399.9445740086958,399.9445740086958,399.9445740086958,0.9963049339130521,isotropic_linear,v6p1i12_0023
pcb_fr4_equivalent,0.9152543420425387,0.9152543420425387,0.34322037826595203,0.8015777682885528,correlated_log_uniform_axes,v6p1i12_0024
bt_substrate_with_vias,0.18476071903734598,0.18476071903734598,0.45266376164149774,0.32241075579077005,correlated_log_uniform_axes,v6p1i12_0024
silicon_interposer_tsv_0p1,133.54345464147627,133.54345464147627,135.80069708172232,0.4514484880492091,correlated_linear_axes,v6p1i12_0024
bump_underfill_under_interposer,0.7260653693194642,0.7260653693194642,5.929533849442289,0.9273267025128007,correlated_log_uniform_axes,v6p1i12_0024
silicon_die_lower,119.31331674568355,119.31331674568355,119.31331674568355,0.386266334913671,isotropic_linear,v6p1i12_0024
tim_between_dies,1.624456014545016,1.624456014545016,1.624456014545016,0.11562194209545851,isotropic_log_uniform,v6p1i12_0024
silicon_die_upper,100.03027026541531,100.03027026541531,100.03027026541531,0.0006054053083062172,isotropic_linear,v6p1i12_0024
tim_to_spreader,2.246189425519754,2.246189425519754,2.246189425519754,0.3029710091650486,isotropic_log_uniform,v6p1i12_0024
spreader,394.6320953220129,394.6320953220129,394.6320953220129,0.6421396881341934,isotropic_linear,v6p1i12_0024
pcb_fr4_equivalent,0.7733085265201242,0.7733085265201242,0.2899906974450465,0.4239645740017295,correlated_log_uniform_axes,v6p1i12_0025
bt_substrate_with_vias,0.2416492317782607,0.2416492317782607,0.5920406178567389,0.9238747917115688,correlated_log_uniform_axes,v6p1i12_0025
silicon_interposer_tsv_0p1,149.8621819820255,149.8621819820255,154.8392123123631,0.9954060660675168,correlated_linear_axes,v6p1i12_0025
bump_underfill_under_interposer,0.5851102102820749,0.5851102102820749,4.778400050636944,0.443692228756845,correlated_log_uniform_axes,v6p1i12_0025
silicon_die_lower,136.78614161908627,136.78614161908627,136.78614161908627,0.7357228323817253,isotropic_linear,v6p1i12_0025
tim_between_dies,3.7520040279190945,3.7520040279190945,3.7520040279190945,0.5995818497613072,isotropic_log_uniform,v6p1i12_0025
silicon_die_upper,142.55499420687556,142.55499420687556,142.55499420687556,0.8510998841375113,isotropic_linear,v6p1i12_0025
tim_to_spreader,3.7508101097431106,3.7508101097431106,3.7508101097431106,0.5993978558108211,isotropic_log_uniform,v6p1i12_0025
spreader,391.83883246034384,391.83883246034384,391.83883246034384,0.4559221640229225,isotropic_linear,v6p1i12_0025
pcb_fr4_equivalent,0.7017965866977991,0.7017965866977991,0.2631737200116746,0.2065383978188038,correlated_log_uniform_axes,v6p1i12_0026
bt_substrate_with_vias,0.1746735719418025,0.1746735719418025,0.42795025125741615,0.19661135878413916,correlated_log_uniform_axes,v6p1i12_0026
silicon_interposer_tsv_0p1,124.91729713976383,124.91729713976383,125.7368466630578,0.1639099046587944,correlated_linear_axes,v6p1i12_0026
bump_underfill_under_interposer,0.6320946825202425,0.6320946825202425,5.162106573915313,0.6167623745277524,correlated_log_uniform_axes,v6p1i12_0026
silicon_die_lower,137.6776160672307,137.6776160672307,137.6776160672307,0.753552321344614,isotropic_linear,v6p1i12_0026
tim_between_dies,7.158703940106081,7.158703940106081,7.158703940106081,0.9730742778629065,isotropic_log_uniform,v6p1i12_0026
silicon_die_upper,114.33516326360404,114.33516326360404,114.33516326360404,0.2867032652720809,isotropic_linear,v6p1i12_0026
tim_to_spreader,5.579756740125092,5.579756740125092,5.579756740125092,0.8290144400671124,isotropic_log_uniform,v6p1i12_0026
spreader,387.87767798639834,387.87767798639834,387.87767798639834,0.19184519909322262,isotropic_linear,v6p1i12_0026
pcb_fr4_equivalent,0.8303924311837328,0.8303924311837328,0.3113971616938998,0.583548616617918,correlated_log_uniform_axes,v6p1i12_0027
bt_substrate_with_vias,0.20436097593679986,0.20436097593679986,0.5006843910451596,0.5483333561569452,correlated_log_uniform_axes,v6p1i12_0027
silicon_interposer_tsv_0p1,139.30169412866235,139.30169412866235,142.51864315010607,0.6433898042887449,correlated_linear_axes,v6p1i12_0027
bump_underfill_under_interposer,0.48090541152467525,0.48090541152467525,3.9273941941181816,0.0042226118966937065,correlated_log_uniform_axes,v6p1i12_0027
silicon_die_lower,105.92251806519926,105.92251806519926,105.92251806519926,0.11845036130398512,isotropic_linear,v6p1i12_0027
tim_between_dies,3.115616365512297,3.115616365512297,3.115616365512297,0.4921293929219246,isotropic_log_uniform,v6p1i12_0027
silicon_die_upper,128.24964821338654,128.24964821338654,128.24964821338654,0.5649929642677307,isotropic_linear,v6p1i12_0027
tim_to_spreader,1.3370363417767444,1.3370363417767444,1.3370363417767444,0.003050507977604866,isotropic_log_uniform,v6p1i12_0027
spreader,398.2295567262918,398.2295567262918,398.2295567262918,0.8819704484194517,isotropic_linear,v6p1i12_0027
pcb_fr4_equivalent,0.8459537776732725,0.8459537776732725,0.3172326666274771,0.625150365754962,correlated_log_uniform_axes,v6p1i12_0028
bt_substrate_with_vias,0.16004955302901283,0.16004955302901283,0.3921214049210815,0.0006938548758625984,correlated_log_uniform_axes,v6p1i12_0028
silicon_interposer_tsv_0p1,145.08930866606534,145.08930866606534,149.27086011040956,0.8363102888688445,correlated_linear_axes,v6p1i12_0028
bump_underfill_under_interposer,0.5354081974415392,0.5354081974415392,4.372500279105903,0.2447826461866498,correlated_log_uniform_axes,v6p1i12_0028
silicon_die_lower,110.12743511237204,110.12743511237204,110.12743511237204,0.20254870224744081,isotropic_linear,v6p1i12_0028
tim_between_dies,1.8130216302605582,1.8130216302605582,1.8130216302605582,0.17911291401833296,isotropic_log_uniform,v6p1i12_0028
silicon_die_upper,123.91660958528519,123.91660958528519,123.91660958528519,0.47833219170570374,isotropic_linear,v6p1i12_0028
tim_to_spreader,6.6344448434003285,6.6344448434003285,6.6344448434003285,0.9291054401546717,isotropic_log_uniform,v6p1i12_0028
spreader,386.6194424359128,386.6194424359128,386.6194424359128,0.10796282906085253,isotropic_linear,v6p1i12_0028
pcb_fr4_equivalent,0.6419078259843325,0.6419078259843325,0.24071543474412466,0.006669571623206139,correlated_log_uniform_axes,v6p1i12_0029
bt_substrate_with_vias,0.2228891628477827,0.2228891628477827,0.5460784489770677,0.7427971884608269,correlated_log_uniform_axes,v6p1i12_0029
silicon_interposer_tsv_0p1,130.7046318333596,130.7046318333596,132.48873713891953,0.35682106111198664,correlated_linear_axes,v6p1i12_0029
bump_underfill_under_interposer,0.6370312750862895,0.6370312750862895,5.202422079871363,0.6341941012069583,correlated_log_uniform_axes,v6p1i12_0029
silicon_die_lower,146.36246571317315,146.36246571317315,146.36246571317315,0.927249314263463,isotropic_linear,v6p1i12_0029
tim_between_dies,4.1731802307247765,4.1731802307247765,4.1731802307247765,0.6610877783969045,isotropic_log_uniform,v6p1i12_0029
silicon_die_upper,131.97477194480598,131.97477194480598,131.97477194480598,0.6394954388961196,isotropic_linear,v6p1i12_0029
tim_to_spreader,1.956732058000723,1.956732058000723,1.956732058000723,0.22321295458823442,isotropic_log_uniform,v6p1i12_0029
spreader,396.92186057101935,396.92186057101935,396.92186057101935,0.7947907047346234,isotropic_linear,v6p1i12_0029
pcb_fr4_equivalent,0.7485695394514028,0.7485695394514028,0.28071357729427604,0.35111014265567064,correlated_log_uniform_axes,v6p1i12_0030
bt_substrate_with_vias,0.18946015467651997,0.18946015467651997,0.464177378957474,0.3786910278722644,correlated_log_uniform_axes,v6p1i12_0030
silicon_interposer_tsv_0p1,136.46470326930285,136.46470326930285,139.20882048085332,0.5488234423100948,correlated_linear_axes,v6p1i12_0030
bump_underfill_under_interposer,0.5500780823460631,0.5500780823460631,4.492304339159516,0.3053508186712861,correlated_log_uniform_axes,v6p1i12_0030
silicon_die_lower,128.47951939329505,128.47951939329505,128.47951939329505,0.569590387865901,isotropic_linear,v6p1i12_0030
tim_between_dies,5.18419530215903,5.18419530215903,5.18419530215903,0.78650445304811,isotropic_log_uniform,v6p1i12_0030
silicon_die_upper,109.99847976490855,109.99847976490855,109.99847976490855,0.19996959529817104,isotropic_linear,v6p1i12_0030
tim_to_spreader,2.920668748444695,2.920668748444695,2.920668748444695,0.45477407705038786,isotropic_log_uniform,v6p1i12_0030
spreader,393.3708843635395,393.3708843635395,393.3708843635395,0.5580589575693011,isotropic_linear,v6p1i12_0030
pcb_fr4_equivalent,0.9867857990527686,0.9867857990527686,0.37004467464478824,0.9701934354379773,correlated_log_uniform_axes,v6p1i12_0031
bt_substrate_with_vias,0.2360162057113571,0.2360162057113571,0.578239703992825,0.871023727580905,correlated_log_uniform_axes,v6p1i12_0031
silicon_interposer_tsv_0p1,120.14625398442149,120.14625398442149,120.17062964849174,0.004875132814049721,correlated_linear_axes,v6p1i12_0031
bump_underfill_under_interposer,0.693241424157439,0.693241424157439,5.661471630619084,0.8236675625666976,correlated_log_uniform_axes,v6p1i12_0031
silicon_die_lower,115.51104080863297,115.51104080863297,115.51104080863297,0.3102208161726594,isotropic_linear,v6p1i12_0031
tim_between_dies,2.249010305745068,2.249010305745068,2.249010305745068,0.3036965951323509,isotropic_log_uniform,v6p1i12_0031
silicon_die_upper,145.89173351414502,145.89173351414502,145.89173351414502,0.9178346702829003,isotropic_linear,v6p1i12_0031
tim_to_spreader,3.9357524115301277,3.9357524115301277,3.9357524115301277,0.6272232346236706,isotropic_log_uniform,v6p1i12_0031
spreader,390.5098503502086,390.5098503502086,390.5098503502086,0.36732335668057203,isotropic_linear,v6p1i12_0031
pcb_fr4_equivalent,0.9992840602180331,0.9992840602180331,0.3747315225817624,0.998395211994648,correlated_log_uniform_axes,v6p1i12_0032
bt_substrate_with_vias,0.16245881036492976,0.16245881036492976,0.39802408539407796,0.034172351472079754,correlated_log_uniform_axes,v6p1i12_0032
silicon_interposer_tsv_0p1,127.77565791271627,127.77565791271627,129.07160089816898,0.2591885970905423,correlated_linear_axes,v6p1i12_0032
bump_underfill_under_interposer,0.6061597113270857,0.6061597113270857,4.9503043091712,0.522886267863214,correlated_log_uniform_axes,v6p1i12_0032
silicon_die_lower,148.2676764484495,148.2676764484495,148.2676764484495,0.9653535289689898,isotropic_linear,v6p1i12_0032
tim_between_dies,3.0410916805212596,3.0410916805212596,3.0410916805212596,0.47813268285244703,isotropic_log_uniform,v6p1i12_0032
silicon_die_upper,108.38528550229967,108.38528550229967,108.38528550229967,0.16770571004599333,isotropic_linear,v6p1i12_0032
tim_to_spreader,3.8727632495387803,3.8727632495387803,3.8727632495387803,0.6178958490490913,isotropic_log_uniform,v6p1i12_0032
spreader,397.2789135668427,397.2789135668427,397.2789135668427,0.8185942377895117,isotropic_linear,v6p1i12_0032
pcb_fr4_equivalent,0.7541760473844812,0.7541760473844812,0.2828160177691804,0.36782969534397125,correlated_log_uniform_axes,v6p1i12_0033
bt_substrate_with_vias,0.22001349046594976,0.22001349046594976,0.539033051641577,0.7136998753994703,correlated_log_uniform_axes,v6p1i12_0033
silicon_interposer_tsv_0p1,144.27011721767485,144.27011721767485,148.315136753954,0.8090039072558284,correlated_linear_axes,v6p1i12_0033
bump_underfill_under_interposer,0.5015300684069374,0.5015300684069374,4.095828891989989,0.0983166629448533,correlated_log_uniform_axes,v6p1i12_0033
silicon_die_lower,108.12637191265821,108.12637191265821,108.12637191265821,0.1625274382531643,isotropic_linear,v6p1i12_0033
tim_between_dies,7.4247037713940855,7.4247037713940855,7.4247037713940855,0.9941665651276708,isotropic_log_uniform,v6p1i12_0033
silicon_die_upper,147.4920315667987,147.4920315667987,147.4920315667987,0.9498406313359737,isotropic_linear,v6p1i12_0033
tim_to_spreader,2.2050882293019587,2.2050882293019587,2.2050882293019587,0.29229435231536627,isotropic_log_uniform,v6p1i12_0033
spreader,385.0795227754861,385.0795227754861,385.0795227754861,0.005301518365740776,isotropic_linear,v6p1i12_0033
pcb_fr4_equivalent,0.6472816356494416,0.6472816356494416,0.2427306133685406,0.025349865667521954,correlated_log_uniform_axes,v6p1i12_0034
bt_substrate_with_vias,0.19193423578004232,0.19193423578004232,0.4702388776611038,0.40776212234050035,correlated_log_uniform_axes,v6p1i12_0034
silicon_interposer_tsv_0p1,122.84085312858224,122.84085312858224,123.31432865001261,0.09469510428607464,correlated_linear_axes,v6p1i12_0034
bump_underfill_under_interposer,0.7362093214008092,0.7362093214008092,6.012376124773275,0.9584152800962329,correlated_log_uniform_axes,v6p1i12_0034
silicon_die_lower,116.63512885570526,116.63512885570526,116.63512885570526,0.3327025771141052,isotropic_linear,v6p1i12_0034
tim_between_dies,3.8914595028079324,3.8914595028079324,3.8914595028079324,0.6206801142543554,isotropic_log_uniform,v6p1i12_0034
silicon_die_upper,119.46720317937434,119.46720317937434,119.46720317937434,0.38934406358748674,isotropic_linear,v6p1i12_0034
tim_to_spreader,1.4001565129083333,1.4001565129083333,1.4001565129083333,0.02971866074949503,isotropic_log_uniform,v6p1i12_0034
spreader,389.03951071202755,389.03951071202755,389.03951071202755,0.26930071413517,isotropic_linear,v6p1i12_0034
pcb_fr4_equivalent,0.8574124442709401,0.8574124442709401,0.3215296666016025,0.6552976546809077,correlated_log_uniform_axes,v6p1i12_0035
bt_substrate_with_vias,0.2325164408845002,0.2325164408845002,0.5696652801670256,0.8375485613942146,correlated_log_uniform_axes,v6p1i12_0035
silicon_interposer_tsv_0p1,137.5182694941759,137.5182694941759,140.43798107653856,0.5839423164725304,correlated_linear_axes,v6p1i12_0035
bump_underfill_under_interposer,0.5770866260150552,0.5770866260150552,4.712874112456284,0.412752871401608,correlated_log_uniform_axes,v6p1i12_0035
silicon_die_lower,127.25978600792587,127.25978600792587,127.25978600792587,0.5451957201585174,isotropic_linear,v6p1i12_0035
tim_between_dies,1.5855817629189664,1.5855817629189664,1.5855817629189664,0.10161877423524857,isotropic_log_uniform,v6p1i12_0035
silicon_die_upper,136.40904100611806,136.40904100611806,136.40904100611806,0.7281808201223612,isotropic_linear,v6p1i12_0035
tim_to_spreader,5.5485833028580736,5.5485833028580736,5.5485833028580736,0.8257754575461149,isotropic_log_uniform,v6p1i12_0035
spreader,393.6803298816085,393.6803298816085,393.6803298816085,0.5786886587738991,isotropic_linear,v6p1i12_0035
pcb_fr4_equivalent,0.8264648672685629,0.8264648672685629,0.30992432522571106,0.572925434447825,correlated_log_uniform_axes,v6p1i12_0036
bt_substrate_with_vias,0.1872152205801363,0.1872152205801363,0.458677290421334,0.3519820561632514,correlated_log_uniform_axes,v6p1i12_0036
silicon_interposer_tsv_0p1,147.16570171527565,147.16570171527565,151.6933186678216,0.9055233905091882,correlated_linear_axes,v6p1i12_0036
bump_underfill_under_interposer,0.5577162995153542,0.5577162995153542,4.554683112708725,0.33625059854239225,correlated_log_uniform_axes,v6p1i12_0036
silicon_die_lower,132.4409790802747,132.4409790802747,132.4409790802747,0.648819581605494,isotropic_linear,v6p1i12_0036
tim_between_dies,2.194987266503061,2.194987266503061,2.194987266503061,0.2896400121971965,isotropic_log_uniform,v6p1i12_0036
silicon_die_upper,115.76735200360417,115.76735200360417,115.76735200360417,0.3153470400720835,isotropic_linear,v6p1i12_0036
tim_to_spreader,2.0284442790069916,2.0284442790069916,2.0284442790069916,0.24402168951928616,isotropic_log_uniform,v6p1i12_0036
spreader,391.46346897352487,391.46346897352487,391.46346897352487,0.43089793156832457,isotropic_linear,v6p1i12_0036
pcb_fr4_equivalent,0.699622120018883,0.699622120018883,0.26235829500708113,0.19958493951708078,correlated_log_uniform_axes,v6p1i12_0037
bt_substrate_with_vias,0.2381189870007995,0.2381189870007995,0.5833915181519589,0.8908988777548075,correlated_log_uniform_axes,v6p1i12_0037
silicon_interposer_tsv_0p1,132.48810742981732,132.48810742981732,134.5694586681202,0.4162702476605773,correlated_linear_axes,v6p1i12_0037
bump_underfill_under_interposer,0.6836785986953875,0.6836785986953875,5.583375222678996,0.7925432221964002,correlated_log_uniform_axes,v6p1i12_0037
silicon_die_lower,123.56188027188182,123.56188027188182,123.56188027188182,0.4712376054376364,isotropic_linear,v6p1i12_0037
tim_between_dies,5.3773796856842795,5.3773796856842795,5.3773796856842795,0.807656136341393,isotropic_log_uniform,v6p1i12_0037
silicon_die_upper,126.85286686755717,126.85286686755717,126.85286686755717,0.5370573373511434,isotropic_linear,v6p1i12_0037
tim_to_spreader,6.486873238257792,6.486873238257792,6.486873238257792,0.9161008456721902,isotropic_log_uniform,v6p1i12_0037
spreader,396.16835292894393,396.16835292894393,396.16835292894393,0.7445568619295955,isotropic_linear,v6p1i12_0037
pcb_fr4_equivalent,0.7715821248026364,0.7715821248026364,0.28934329680098864,0.4189566243439913,correlated_log_uniform_axes,v6p1i12_0038
bt_substrate_with_vias,0.17726520231751056,0.17726520231751056,0.4342997456779009,0.22961253765970469,correlated_log_uniform_axes,v6p1i12_0038
silicon_interposer_tsv_0p1,142.2325491718948,142.2325491718948,145.93797403387725,0.741084972396493,correlated_linear_axes,v6p1i12_0038
bump_underfill_under_interposer,0.5133987668513788,0.5133987668513788,4.192756595952925,0.15072531159967184,correlated_log_uniform_axes,v6p1i12_0038
silicon_die_lower,100.79621644690633,100.79621644690633,100.79621644690633,0.015924328938126564,isotropic_linear,v6p1i12_0038
tim_between_dies,4.328759345738384,4.328759345738384,4.328759345738384,0.682248717173934,isotropic_log_uniform,v6p1i12_0038
silicon_die_upper,105.07229249924421,105.07229249924421,105.07229249924421,0.10144584998488426,isotropic_linear,v6p1i12_0038
tim_to_spreader,4.132945587572254,4.132945587572254,4.132945587572254,0.6554868733510375,isotropic_log_uniform,v6p1i12_0038
spreader,399.71820685546845,399.71820685546845,399.71820685546845,0.9812137903645635,isotropic_linear,v6p1i12_0038
pcb_fr4_equivalent,0.9117228568138891,0.9117228568138891,0.3418960713052084,0.7929153237491846,correlated_log_uniform_axes,v6p1i12_0039
bt_substrate_with_vias,0.20168146954213662,0.20168146954213662,0.4941196003782347,0.5187596790492535,correlated_log_uniform_axes,v6p1i12_0039
silicon_interposer_tsv_0p1,125.7382695749402,125.7382695749402,126.69464783743024,0.19127565249800682,correlated_linear_axes,v6p1i12_0039
bump_underfill_under_interposer,0.6642991240180957,0.6642991240180957,5.425109512814448,0.7281107390299439,correlated_log_uniform_axes,v6p1i12_0039
silicon_die_lower,142.7074930164963,142.7074930164963,142.7074930164963,0.854149860329926,isotropic_linear,v6p1i12_0039
tim_between_dies,1.76944451023841,1.76944451023841,1.76944451023841,0.1650475487112999,isotropic_log_uniform,v6p1i12_0039
silicon_die_upper,137.54756874404848,137.54756874404848,137.54756874404848,0.7509513748809695,isotropic_linear,v6p1i12_0039
tim_to_spreader,2.896432936797082,2.896432936797082,2.896432936797082,0.4499567449092865,isotropic_log_uniform,v6p1i12_0039
spreader,387.571894521825,387.571894521825,387.571894521825,0.17145963478833437,isotropic_linear,v6p1i12_0039
pcb_fr4_equivalent,0.9274526825585239,0.9274526825585239,0.34779475595944637,0.8312442786991596,correlated_log_uniform_axes,v6p1i12_0040
bt_substrate_with_vias,0.19895113931864072,0.19895113931864072,0.4874302913306698,0.4882181156426668,correlated_log_uniform_axes,v6p1i12_0040
silicon_interposer_tsv_0p1,139.9058330990374,139.9058330990374,143.22347194887698,0.6635277699679136,correlated_linear_axes,v6p1i12_0040
bump_underfill_under_interposer,0.69528008943314,0.69528008943314,5.678120730370644,0.8302473109215498,correlated_log_uniform_axes,v6p1i12_0040
silicon_die_lower,112.00211928226054,112.00211928226054,112.00211928226054,0.24004238564521074,isotropic_linear,v6p1i12_0040
tim_between_dies,1.3529701987503289,1.3529701987503289,1.3529701987503289,0.009899486787617207,isotropic_log_uniform,v6p1i12_0040
silicon_die_upper,115.11020776815712,115.11020776815712,115.11020776815712,0.3022041553631425,isotropic_linear,v6p1i12_0040
tim_to_spreader,1.8086054294510456,1.8086054294510456,1.8086054294510456,0.1777029810473323,isotropic_log_uniform,v6p1i12_0040
spreader,391.5941607952118,391.5941607952118,391.5941607952118,0.43961071968078613,isotropic_linear,v6p1i12_0040
pcb_fr4_equivalent,0.7854074857558038,0.7854074857558038,0.29452780715842636,0.4587506465613842,correlated_log_uniform_axes,v6p1i12_0041
bt_substrate_with_vias,0.2247568324473767,0.2247568324473767,0.5506542394960731,0.7614946877583861,correlated_log_uniform_axes,v6p1i12_0041
silicon_interposer_tsv_0p1,124.29026640951633,124.29026640951633,125.00531081110239,0.14300888031721115,correlated_linear_axes,v6p1i12_0041
bump_underfill_under_interposer,0.5446512823487806,0.5446512823487806,4.447985472515041,0.2831353098154068,correlated_log_uniform_axes,v6p1i12_0041
silicon_die_lower,144.48959724977612,144.48959724977612,144.48959724977612,0.8897919449955225,isotropic_linear,v6p1i12_0041
tim_between_dies,3.2986921974221057,3.2986921974221057,3.2986921974221057,0.5251399083063006,isotropic_log_uniform,v6p1i12_0041
silicon_die_upper,129.02470817789435,129.02470817789435,129.02470817789435,0.5804941635578871,isotropic_linear,v6p1i12_0041
tim_to_spreader,7.177796914297089,7.177796914297089,7.177796914297089,0.9746141470968723,isotropic_log_uniform,v6p1i12_0041
spreader,394.3965728953481,394.3965728953481,394.3965728953481,0.6264381930232048,isotropic_linear,v6p1i12_0041
pcb_fr4_equivalent,0.6924174076293502,0.6924174076293502,0.2596565278610063,0.1763904606923461,correlated_log_uniform_axes,v6p1i12_0042
bt_substrate_with_vias,0.16804869356015742,0.16804869356015742,0.4117192992223857,0.1099739708006382,correlated_log_uniform_axes,v6p1i12_0042
silicon_interposer_tsv_0p1,148.56224223040044,148.56224223040044,153.32261593546718,0.9520747410133481,correlated_linear_axes,v6p1i12_0042
bump_underfill_under_interposer,0.6389078384900175,0.6389078384900175,5.217747347668476,0.6407850701361895,correlated_log_uniform_axes,v6p1i12_0042
silicon_die_lower,131.14775819703937,131.14775819703937,131.14775819703937,0.6229551639407873,isotropic_linear,v6p1i12_0042
tim_between_dies,6.2934684701566495,6.2934684701566495,6.2934684701566495,0.8986019343137741,isotropic_log_uniform,v6p1i12_0042
silicon_die_upper,100.80533022992313,100.80533022992313,100.80533022992313,0.01610660459846258,isotropic_linear,v6p1i12_0042
tim_to_spreader,4.511707855051389,4.511707855051389,4.511707855051389,0.7061801571398973,isotropic_log_uniform,v6p1i12_0042
spreader,398.4742344263941,398.4742344263941,398.4742344263941,0.8982822950929403,isotropic_linear,v6p1i12_0042
pcb_fr4_equivalent,0.8177757852693983,0.8177757852693983,0.30666591947602434,0.5492428978905082,correlated_log_uniform_axes,v6p1i12_0043
bt_substrate_with_vias,0.21227906788413195,0.21227906788413195,0.5200837163161234,0.633511365391314,correlated_log_uniform_axes,v6p1i12_0043
silicon_interposer_tsv_0p1,134.88093459047377,134.88093459047377,137.36109035555273,0.49603115301579237,correlated_linear_axes,v6p1i12_0043
bump_underfill_under_interposer,0.5301287850343682,0.5301287850343682,4.329385077780674,0.22257838770747185,correlated_log_uniform_axes,v6p1i12_0043
silicon_die_lower,112.84480099566281,112.84480099566281,112.84480099566281,0.25689601991325617,isotropic_linear,v6p1i12_0043
tim_between_dies,2.5950591907176626,2.5950591907176626,2.5950591907176626,0.38643757812678814,isotropic_log_uniform,v6p1i12_0043
silicon_die_upper,143.33003871142864,143.33003871142864,143.33003871142864,0.8666007742285728,isotropic_linear,v6p1i12_0043
tim_to_spreader,2.547824943338524,2.547824943338524,2.547824943338524,0.3758177952840924,isotropic_log_uniform,v6p1i12_0043
spreader,388.1131943780929,388.1131943780929,388.1131943780929,0.207546291872859,isotropic_linear,v6p1i12_0043
pcb_fr4_equivalent,0.8850331001901859,0.8850331001901859,0.3318874125713196,0.7263415576890111,correlated_log_uniform_axes,v6p1i12_0044
bt_substrate_with_vias,0.17347161667169259,0.17347161667169259,0.42500546084564683,0.181139400228858,correlated_log_uniform_axes,v6p1i12_0044
silicon_interposer_tsv_0p1,121.44595054909587,121.44595054909587,121.68694230727851,0.04819835163652897,correlated_linear_axes,v6p1i12_0044
bump_underfill_under_interposer,0.4861194565450701,0.4861194565450701,3.9699755617847385,0.028385953977704048,correlated_log_uniform_axes,v6p1i12_0044
silicon_die_lower,121.15099462680519,121.15099462680519,121.15099462680519,0.4230198925361037,isotropic_linear,v6p1i12_0044
tim_between_dies,1.8746078545968354,1.8746078545968354,1.8746078545968354,0.19842502940446138,isotropic_log_uniform,v6p1i12_0044
silicon_die_upper,110.74912510812283,110.74912510812283,110.74912510812283,0.2149825021624565,isotropic_linear,v6p1i12_0044
tim_to_spreader,3.452266509500101,3.452266509500101,3.452266509500101,0.5514475079253316,isotropic_log_uniform,v6p1i12_0044
spreader,397.145932870917,397.145932870917,397.145932870917,0.8097288580611348,isotropic_linear,v6p1i12_0044
pcb_fr4_equivalent,0.6676965769805686,0.6676965769805686,0.2503862163677132,0.09492917824536562,correlated_log_uniform_axes,v6p1i12_0045
bt_substrate_with_vias,0.2057771293705218,0.2057771293705218,0.5041539669577785,0.5638071773573756,correlated_log_uniform_axes,v6p1i12_0045
silicon_interposer_tsv_0p1,135.12746650725603,135.12746650725603,137.64871092513204,0.504248883575201,correlated_linear_axes,v6p1i12_0045
bump_underfill_under_interposer,0.6296917662972092,0.6296917662972092,5.142482758093876,0.6082280538976192,correlated_log_uniform_axes,v6p1i12_0045
silicon_die_lower,134.94950905442238,134.94950905442238,134.94950905442238,0.6989901810884476,isotropic_linear,v6p1i12_0045
tim_between_dies,4.554355853266052,4.554355853266052,4.554355853266052,0.7116193724796176,isotropic_log_uniform,v6p1i12_0045
silicon_die_upper,146.64236451499164,146.64236451499164,146.64236451499164,0.9328472902998328,isotropic_linear,v6p1i12_0045
tim_to_spreader,2.440437750572857,2.440437750572857,2.440437750572857,0.35092214681208134,isotropic_log_uniform,v6p1i12_0045
spreader,386.85267604421824,386.85267604421824,386.85267604421824,0.12351173628121614,isotropic_linear,v6p1i12_0045
pcb_fr4_equivalent,0.7156685534833573,0.7156685534833573,0.26837570755625895,0.2503970395773649,correlated_log_uniform_axes,v6p1i12_0046
bt_substrate_with_vias,0.1834695979574091,0.1834695979574091,0.4495005149956524,0.3066975474357605,correlated_log_uniform_axes,v6p1i12_0046
silicon_interposer_tsv_0p1,130.10073604993522,130.10073604993522,131.78419205825776,0.3366912016645074,correlated_linear_axes,v6p1i12_0046
bump_underfill_under_interposer,0.591453126396117,0.591453126396117,4.830200532234955,0.4678520392626524,correlated_log_uniform_axes,v6p1i12_0046
silicon_die_lower,140.28444197028875,140.28444197028875,140.28444197028875,0.8056888394057751,isotropic_linear,v6p1i12_0046
tim_between_dies,5.658011522173187,5.658011522173187,5.658011522173187,0.8370662033557892,isotropic_log_uniform,v6p1i12_0046
silicon_die_upper,124.66724058613181,124.66724058613181,124.66724058613181,0.4933448117226362,isotropic_linear,v6p1i12_0046
tim_to_spreader,1.5288164585907456,1.5288164585907456,1.5288164585907456,0.0805417113006115,isotropic_log_uniform,v6p1i12_0046
spreader,390.2857720153406,390.2857720153406,390.2857720153406,0.3523848010227084,isotropic_linear,v6p1i12_0046
pcb_fr4_equivalent,0.9484683589466484,0.9484683589466484,0.3556756346049931,0.8814510907977819,correlated_log_uniform_axes,v6p1i12_0047
bt_substrate_with_vias,0.2433504004312917,0.2433504004312917,0.5962084810566648,0.939593737013638,correlated_log_uniform_axes,v6p1i12_0047
silicon_interposer_tsv_0p1,145.71609620936215,145.71609620936215,150.00211224425584,0.8572032069787383,correlated_linear_axes,v6p1i12_0047
bump_underfill_under_interposer,0.7233040726803748,0.7233040726803748,5.90698326022306,0.9187888205051422,correlated_log_uniform_axes,v6p1i12_0047
silicon_die_lower,103.31693566404283,103.31693566404283,103.31693566404283,0.06633871328085661,isotropic_linear,v6p1i12_0047
tim_between_dies,2.3252823840681613,2.3252823840681613,2.3252823840681613,0.322977839037776,isotropic_log_uniform,v6p1i12_0047
silicon_die_upper,132.72541728802025,132.72541728802025,132.72541728802025,0.6545083457604051,isotropic_linear,v6p1i12_0047
tim_to_spreader,4.8798029849863465,4.8798029849863465,4.8798029849863465,0.7515221191570163,isotropic_log_uniform,v6p1i12_0047
spreader,393.13765679020435,393.13765679020435,393.13765679020435,0.5425104526802897,isotropic_linear,v6p1i12_0047
pcb_fr4_equivalent,0.9600057119091714,0.9600057119091714,0.36000214196593927,0.9085430782288313,correlated_log_uniform_axes,v6p1i12_0048
bt_substrate_with_vias,0.17996930416998966,0.17996930416998966,0.44092479521647465,0.26353548653423786,correlated_log_uniform_axes,v6p1i12_0048
silicon_interposer_tsv_0p1,125.1704365387559,125.1704365387559,126.03217596188188,0.17234788462519646,correlated_linear_axes,v6p1i12_0048
bump_underfill_under_interposer,0.5207509087721804,0.5207509087721804,4.25279908830614,0.18258587550371885,correlated_log_uniform_axes,v6p1i12_0048
silicon_die_lower,125.77727376483381,125.77727376483381,125.77727376483381,0.5155454752966762,isotropic_linear,v6p1i12_0048
tim_between_dies,4.78533643198699,4.78533643198699,4.78533643198699,0.7402205970138311,isotropic_log_uniform,v6p1i12_0048
silicon_die_upper,148.92129572108388,148.92129572108388,148.92129572108388,0.9784259144216776,isotropic_linear,v6p1i12_0048
tim_to_spreader,1.592260418035255,1.592260418035255,1.592260418035255,0.10404879786074162,isotropic_log_uniform,v6p1i12_0048
spreader,394.96779347769916,394.96779347769916,394.96779347769916,0.664519565179944,isotropic_linear,v6p1i12_0048
pcb_fr4_equivalent,0.7270674741538,0.7270674741538,0.272650302807675,0.2858050521463156,correlated_log_uniform_axes,v6p1i12_0049
bt_substrate_with_vias,0.2489085907233199,0.2489085907233199,0.6098260472721339,0.9901964580640197,correlated_log_uniform_axes,v6p1i12_0049
silicon_interposer_tsv_0p1,138.91031010076404,138.91031010076404,142.06202845089138,0.6303436700254679,correlated_linear_axes,v6p1i12_0049
bump_underfill_under_interposer,0.6549915237216297,0.6549915237216297,5.3490974437266425,0.696493779309094,correlated_log_uniform_axes,v6p1i12_0049
silicon_die_lower,118.21347642689943,118.21347642689943,118.21347642689943,0.36426952853798866,isotropic_linear,v6p1i12_0049
tim_between_dies,1.9627224808110775,1.9627224808110775,1.9627224808110775,0.22498015314340591,isotropic_log_uniform,v6p1i12_0049
silicon_die_upper,106.97945789434016,106.97945789434016,106.97945789434016,0.13958915788680315,isotropic_linear,v6p1i12_0049
tim_to_spreader,5.36331343999491,5.36331343999491,5.36331343999491,0.8061418803408742,isotropic_log_uniform,v6p1i12_0049
spreader,392.1946436073631,392.1946436073631,392.1946436073631,0.4796429071575403,isotropic_linear,v6p1i12_0049
pcb_fr4_equivalent,0.6598159681269937,0.6598159681269937,0.2474309880476226,0.06832548696547747,correlated_log_uniform_axes,v6p1i12_0050
bt_substrate_with_vias,0.1702653310768607,0.1702653310768607,0.4171500611383087,0.139336708933115,correlated_log_uniform_axes,v6p1i12_0050
silicon_interposer_tsv_0p1,133.88357629068196,133.88357629068196,136.19750567246228,0.4627858763560653,correlated_linear_axes,v6p1i12_0050
bump_underfill_under_interposer,0.5657033458846674,0.5657033458846674,4.619910658058116,0.36811216827481985,correlated_log_uniform_axes,v6p1i12_0050
silicon_die_lower,106.62869922816753,106.62869922816753,106.62869922816753,0.13257398456335068,isotropic_linear,v6p1i12_0050
tim_between_dies,2.442955920372159,2.442955920372159,2.442955920372159,0.35151838045567274,isotropic_log_uniform,v6p1i12_0050
silicon_die_upper,135.0042862817645,135.0042862817645,135.0042862817645,0.7000857256352901,isotropic_linear,v6p1i12_0050
tim_to_spreader,3.224971638623695,3.224971638623695,3.224971638623695,0.5120731247588992,isotropic_log_uniform,v6p1i12_0050
spreader,388.71394066140056,388.71394066140056,388.71394066140056,0.24759604409337044,isotropic_linear,v6p1i12_0050
pcb_fr4_equivalent,0.8709677815978625,0.8709677815978625,0.3266129180991984,0.6904452489688993,correlated_log_uniform_axes,v6p1i12_0051
bt_substrate_with_vias,0.21060208580417772,0.21060208580417772,0.5159751102202356,0.6157397041097283,correlated_log_uniform_axes,v6p1i12_0051
silicon_interposer_tsv_0p1,149.44057839922607,149.44057839922607,154.34734146576375,0.9813526133075356,correlated_linear_axes,v6p1i12_0051
bump_underfill_under_interposer,0.6740992027760819,0.6740992027760819,5.5051434893380025,0.7609253758564591,correlated_log_uniform_axes,v6p1i12_0051
silicon_die_lower,149.861393077299,149.861393077299,149.861393077299,0.99722786154598,isotropic_linear,v6p1i12_0051
tim_between_dies,5.924591591474498,5.924591591474498,5.924591591474498,0.8636827291920781,isotropic_log_uniform,v6p1i12_0051
silicon_die_upper,120.89754021726549,120.89754021726549,120.89754021726549,0.41795080434530973,isotropic_linear,v6p1i12_0051
tim_to_spreader,2.408987724012056,2.408987724012056,2.408987724012056,0.34342337772250175,isotropic_log_uniform,v6p1i12_0051
spreader,399.045649189502,399.045649189502,399.045649189502,0.9363766126334667,isotropic_linear,v6p1i12_0051
pcb_fr4_equivalent,0.8079477522047886,0.8079477522047886,0.3029804070767957,0.5221509104594588,correlated_log_uniform_axes,v6p1i12_0052
bt_substrate_with_vias,0.16505082813063482,0.16505082813063482,0.4043745289200554,0.0696405079215765,correlated_log_uniform_axes,v6p1i12_0052
silicon_interposer_tsv_0p1,136.12275682389736,136.12275682389736,138.8098829612136,0.5374252274632454,correlated_linear_axes,v6p1i12_0052
bump_underfill_under_interposer,0.7466705884648716,0.7466705884648716,6.097809805796451,0.9900308614596725,correlated_log_uniform_axes,v6p1i12_0052
silicon_die_lower,141.16414529271424,141.16414529271424,141.16414529271424,0.8232829058542848,isotropic_linear,v6p1i12_0052
tim_between_dies,3.453769077444149,3.453769077444149,3.453769077444149,0.5516990777105093,isotropic_log_uniform,v6p1i12_0052
silicon_die_upper,125.03531402908266,125.03531402908266,125.03531402908266,0.5007062805816531,isotropic_linear,v6p1i12_0052
tim_to_spreader,4.703886526072294,4.703886526072294,4.703886526072294,0.7302957512438297,isotropic_log_uniform,v6p1i12_0052
spreader,386.28122663591057,386.28122663591057,386.28122663591057,0.08541510906070471,isotropic_linear,v6p1i12_0052
pcb_fr4_equivalent,0.6815617286435909,0.6815617286435909,0.25558564824134655,0.14098244812339544,correlated_log_uniform_axes,v6p1i12_0053
bt_substrate_with_vias,0.2173988871901839,0.2173988871901839,0.5326272736159507,0.6869121668860316,correlated_log_uniform_axes,v6p1i12_0053
silicon_interposer_tsv_0p1,120.56602025404572,120.56602025404572,120.66035696305335,0.018867341801524162,correlated_linear_axes,v6p1i12_0053
bump_underfill_under_interposer,0.5689392550014393,0.5689392550014393,4.64633724917842,0.38089285138994455,correlated_log_uniform_axes,v6p1i12_0053
silicon_die_lower,102.4357988499105,102.4357988499105,102.4357988499105,0.04871597699820995,isotropic_linear,v6p1i12_0053
tim_between_dies,1.4215979748473084,1.4215979748473084,1.4215979748473084,0.03850477188825607,isotropic_log_uniform,v6p1i12_0053
silicon_die_upper,117.56003778427839,117.56003778427839,117.56003778427839,0.35120075568556786,isotropic_linear,v6p1i12_0053
tim_to_spreader,2.7973099004885618,2.7973099004885618,2.7973099004885618,0.429825353436172,isotropic_log_uniform,v6p1i12_0053
spreader,396.5452212328091,396.5452212328091,396.5452212328091,0.7696814155206084,isotropic_linear,v6p1i12_0053
pcb_fr4_equivalent,0.7947881153326859,0.7947881153326859,0.29804554324975713,0.48535433784127235,correlated_log_uniform_axes,v6p1i12_0054
bt_substrate_with_vias,0.19485830338556212,0.19485830338556212,0.4774028432946272,0.44164133071899414,correlated_log_uniform_axes,v6p1i12_0054
silicon_interposer_tsv_0p1,144.83799227513373,144.83799227513373,148.97765765432268,0.827933075837791,correlated_linear_axes,v6p1i12_0054
bump_underfill_under_interposer,0.614772711995153,0.614772711995153,5.020643814627083,0.5545007241889834,correlated_log_uniform_axes,v6p1i12_0054
silicon_die_lower,122.0277682878077,122.0277682878077,122.0277682878077,0.44055536575615406,isotropic_linear,v6p1i12_0054
tim_between_dies,2.717343418907203,2.717343418907203,2.717343418907203,0.4130576578900218,isotropic_log_uniform,v6p1i12_0054
silicon_die_upper,139.34061215259135,139.34061215259135,139.34061215259135,0.786812243051827,isotropic_linear,v6p1i12_0054
tim_to_spreader,1.687739938220857,1.687739938220857,1.687739938220857,0.13771640229970217,isotropic_log_uniform,v6p1i12_0054
spreader,392.53713933285326,392.53713933285326,392.53713933285326,0.5024759555235505,isotropic_linear,v6p1i12_0054
pcb_fr4_equivalent,0.9424301797003338,0.9424301797003338,0.3534113173876251,0.8671405874192715,correlated_log_uniform_axes,v6p1i12_0055
bt_substrate_with_vias,0.22954036426489977,0.22954036426489977,0.5623738924490045,0.8086836384609342,correlated_log_uniform_axes,v6p1i12_0055
silicon_interposer_tsv_0p1,131.09785496257246,131.09785496257246,132.94749745633453,0.3699284987524152,correlated_linear_axes,v6p1i12_0055
bump_underfill_under_interposer,0.49444958233633224,0.49444958233633224,4.038004922413379,0.06645741034299135,correlated_log_uniform_axes,v6p1i12_0055
silicon_die_lower,134.07149859704077,134.07149859704077,134.07149859704077,0.6814299719408154,isotropic_linear,v6p1i12_0055
tim_between_dies,6.611997693789719,6.611997693789719,6.611997693789719,0.9271460743620992,isotropic_log_uniform,v6p1i12_0055
silicon_die_upper,103.25509728863835,103.25509728863835,103.25509728863835,0.06510194577276707,isotropic_linear,v6p1i12_0055
tim_to_spreader,7.092757800303672,7.092757800303672,7.092757800303672,0.9677238781005144,isotropic_log_uniform,v6p1i12_0055
spreader,389.7145860781893,389.7145860781893,389.7145860781893,0.3143057385459542,isotropic_linear,v6p1i12_0055
pcb_fr4_equivalent,0.9003732746906351,0.9003732746906351,0.33763997800898815,0.7648467738181353,correlated_log_uniform_axes,v6p1i12_0056
bt_substrate_with_vias,0.17616225056308263,0.17616225056308263,0.4315975138795525,0.21562718879431486,correlated_log_uniform_axes,v6p1i12_0056
silicon_interposer_tsv_0p1,143.38996072299778,143.38996072299778,147.28828751016408,0.7796653574332595,correlated_linear_axes,v6p1i12_0056
bump_underfill_under_interposer,0.5999233153387238,0.5999233153387238,4.89937374193291,0.4997136015444994,correlated_log_uniform_axes,v6p1i12_0056
silicon_die_lower,114.38659303821623,114.38659303821623,114.38659303821623,0.28773186076432467,isotropic_linear,v6p1i12_0056
tim_between_dies,5.0535387308845685,5.0535387308845685,5.0535387308845685,0.7717472463846207,isotropic_log_uniform,v6p1i12_0056
silicon_die_upper,130.81787936389446,130.81787936389446,130.81787936389446,0.6163575872778893,isotropic_linear,v6p1i12_0056
tim_to_spreader,4.193094886632533,4.193094886632533,4.193094886632533,0.663840071298182,isotropic_log_uniform,v6p1i12_0056
spreader,385.6501997075975,385.6501997075975,385.6501997075975,0.043346647173166275,isotropic_linear,v6p1i12_0056
pcb_fr4_equivalent,0.7598163826157804,0.7598163826157804,0.28493114348091764,0.3845251742750406,correlated_log_uniform_axes,v6p1i12_0057
bt_substrate_with_vias,0.20324276626945986,0.20324276626945986,0.4979447773601766,0.5360391121357679,correlated_log_uniform_axes,v6p1i12_0057
silicon_interposer_tsv_0p1,128.77116727642715,128.77116727642715,130.233028489165,0.29237224254757166,correlated_linear_axes,v6p1i12_0057
bump_underfill_under_interposer,0.7131694648774888,0.7131694648774888,5.824217296499491,0.8871709816157818,correlated_log_uniform_axes,v6p1i12_0057
silicon_die_lower,129.50651282444596,129.50651282444596,129.50651282444596,0.5901302564889193,isotropic_linear,v6p1i12_0057
tim_between_dies,2.0698838454455375,2.0698838454455375,2.0698838454455375,0.25571335665881634,isotropic_log_uniform,v6p1i12_0057
silicon_die_upper,113.29317088238895,113.29317088238895,113.29317088238895,0.265863417647779,isotropic_linear,v6p1i12_0057
tim_to_spreader,3.0959928440295155,3.0959928440295155,3.0959928440295155,0.4884765800088644,isotropic_log_uniform,v6p1i12_0057
spreader,397.87890994921327,397.87890994921327,397.87890994921327,0.8585939966142178,isotropic_linear,v6p1i12_0057
pcb_fr4_equivalent,0.7082867829114757,0.7082867829114757,0.26560754359180333,0.22716519329696894,correlated_log_uniform_axes,v6p1i12_0058
bt_substrate_with_vias,0.18650809051326284,0.18650809051326284,0.456944821757494,0.3435026528313756,correlated_log_uniform_axes,v6p1i12_0058
silicon_interposer_tsv_0p1,138.51561281830072,138.51561281830072,141.6015482880175,0.6171870939433575,correlated_linear_axes,v6p1i12_0058
bump_underfill_under_interposer,0.49308094595152224,0.49308094595152224,4.026827725270765,0.06024652533233166,correlated_log_uniform_axes,v6p1i12_0058
silicon_die_lower,146.02230852469802,146.02230852469802,146.02230852469802,0.9204461704939604,isotropic_linear,v6p1i12_0058
tim_between_dies,1.6630588270056097,1.6630588270056097,1.6630588270056097,0.12919958401471376,isotropic_log_uniform,v6p1i12_0058
silicon_die_upper,141.51254883036017,141.51254883036017,141.51254883036017,0.8302509766072035,isotropic_linear,v6p1i12_0058
tim_to_spreader,1.8428510809478769,1.8428510809478769,1.8428510809478769,0.18854737281799316,isotropic_log_uniform,v6p1i12_0058
spreader,394.2814481537789,394.2814481537789,394.2814481537789,0.6187632102519274,isotropic_linear,v6p1i12_0058
pcb_fr4_equivalent,0.8394455722472401,0.8394455722472401,0.314792089592715,0.6078451806679368,correlated_log_uniform_axes,v6p1i12_0059
bt_substrate_with_vias,0.2405495556069257,0.2405495556069257,0.5893464112369681,0.9136546924710274,correlated_log_uniform_axes,v6p1i12_0059
silicon_interposer_tsv_0p1,121.96253193542361,121.96253193542361,122.28962059132755,0.06541773118078709,correlated_linear_axes,v6p1i12_0059
bump_underfill_under_interposer,0.6208690531094632,0.6208690531094632,5.070430600393948,0.5766110867261887,correlated_log_uniform_axes,v6p1i12_0059
silicon_die_lower,110.37011560983956,110.37011560983956,110.37011560983956,0.20740231219679117,isotropic_linear,v6p1i12_0059
tim_between_dies,4.081609650929262,4.081609650929262,4.081609650929262,0.6482609016820788,isotropic_log_uniform,v6p1i12_0059
silicon_die_upper,102.59804842062294,102.59804842062294,102.59804842062294,0.0519609684124589,isotropic_linear,v6p1i12_0059
tim_to_spreader,6.237614381178312,6.237614381178312,6.237614381178312,0.8934481954202056,isotropic_log_uniform,v6p1i12_0059
spreader,389.6113546844572,389.6113546844572,389.6113546844572,0.30742364563047886,isotropic_linear,v6p1i12_0059
pcb_fr4_equivalent,0.8682204871386014,0.8682204871386014,0.3255826826769755,0.6833662046119571,correlated_log_uniform_axes,v6p1i12_0060
bt_substrate_with_vias,0.19100143320858018,0.19100143320858018,0.4679535113610215,0.39684569742530584,correlated_log_uniform_axes,v6p1i12_0060
silicon_interposer_tsv_0p1,131.49280169047415,131.49280169047415,133.4082686388865,0.38309338968247175,correlated_linear_axes,v6p1i12_0060
bump_underfill_under_interposer,0.6479861636293486,0.6479861636293486,5.291887002973012,0.6723995339125395,correlated_log_uniform_axes,v6p1i12_0060
silicon_die_lower,104.79786838404834,104.79786838404834,104.79786838404834,0.09595736768096685,isotropic_linear,v6p1i12_0060
tim_between_dies,7.001483011266113,7.001483011266113,7.001483011266113,0.9602358341217041,isotropic_log_uniform,v6p1i12_0060
silicon_die_upper,145.23757663555443,145.23757663555443,145.23757663555443,0.9047515327110887,isotropic_linear,v6p1i12_0060
tim_to_spreader,1.4196391657118765,1.4196391657118765,1.4196391657118765,0.03770762588828802,isotropic_log_uniform,v6p1i12_0060
spreader,395.5965315317735,395.5965315317735,395.5965315317735,0.7064354354515672,isotropic_linear,v6p1i12_0060
pcb_fr4_equivalent,0.6573047794267836,0.6573047794267836,0.24648929228504377,0.05978131573647261,correlated_log_uniform_axes,v6p1i12_0061
bt_substrate_with_vias,0.2346343924158542,0.2346343924158542,0.5748542614188428,0.8578664008527994,correlated_log_uniform_axes,v6p1i12_0061
silicon_interposer_tsv_0p1,148.04564743302763,148.04564743302763,152.7199220051989,0.9348549144342542,correlated_linear_axes,v6p1i12_0061
bump_underfill_under_interposer,0.5226445471270246,0.5226445471270246,4.268263801537368,0.1907191276550293,correlated_log_uniform_axes,v6p1i12_0061
silicon_die_lower,138.70440758764744,138.70440758764744,138.70440758764744,0.7740881517529488,isotropic_linear,v6p1i12_0061
tim_between_dies,2.857928645744536,2.857928645744536,2.857928645744536,0.44221976213157177,isotropic_log_uniform,v6p1i12_0061
silicon_die_upper,112.17939993366599,112.17939993366599,112.17939993366599,0.24358799867331982,isotropic_linear,v6p1i12_0061
tim_to_spreader,5.9346505542929,5.9346505542929,5.9346505542929,0.8646634593605995,isotropic_log_uniform,v6p1i12_0061
spreader,390.86232812609524,390.86232812609524,390.86232812609524,0.3908218750730157,isotropic_linear,v6p1i12_0061
pcb_fr4_equivalent,0.7449500087657833,0.7449500087657833,0.2793562532871687,0.3402494415640831,correlated_log_uniform_axes,v6p1i12_0062
bt_substrate_with_vias,0.16148340401129932,0.16148340401129932,0.3956343398276833,0.02067852858453989,correlated_log_uniform_axes,v6p1i12_0062
silicon_interposer_tsv_0p1,126.61638669669628,126.61638669669628,127.71911781281233,0.22054622322320938,correlated_linear_axes,v6p1i12_0062
bump_underfill_under_interposer,0.7051597646318145,0.7051597646318145,5.758804744493151,0.8618628848344088,correlated_log_uniform_axes,v6p1i12_0062
silicon_die_lower,136.44580487161875,136.44580487161875,136.44580487161875,0.728916097432375,isotropic_linear,v6p1i12_0062
tim_between_dies,1.4950440049347242,1.4950440049347242,1.4950440049347242,0.0676273750141263,isotropic_log_uniform,v6p1i12_0062
silicon_die_upper,134.15452386252582,134.15452386252582,134.15452386252582,0.6830904772505164,isotropic_linear,v6p1i12_0062
tim_to_spreader,3.520664937217714,3.520664937217714,3.520664937217714,0.5627897214144468,isotropic_log_uniform,v6p1i12_0062
spreader,386.97192071471363,386.97192071471363,386.97192071471363,0.13146138098090887,isotropic_linear,v6p1i12_0062
pcb_fr4_equivalent,0.9838317045151377,0.9838317045151377,0.36893688919317663,0.9634754657745361,correlated_log_uniform_axes,v6p1i12_0063
bt_substrate_with_vias,0.2217654385565826,0.2217654385565826,0.5433253244636274,0.7314717881381512,correlated_log_uniform_axes,v6p1i12_0063
silicon_interposer_tsv_0p1,141.2354170717299,141.2354170717299,144.77465325035155,0.70784723572433,correlated_linear_axes,v6p1i12_0063
bump_underfill_under_interposer,0.5369618387887739,0.5369618387887739,4.3851883501083195,0.25127529725432396,correlated_log_uniform_axes,v6p1i12_0063
silicon_die_lower,119.55581768415868,119.55581768415868,119.55581768415868,0.39111635368317366,isotropic_linear,v6p1i12_0063
tim_between_dies,3.6574676901266336,3.6574676901266336,3.6574676901266336,0.5848285807296634,isotropic_log_uniform,v6p1i12_0063
silicon_die_upper,123.261284455657,123.261284455657,123.261284455657,0.4652256891131401,isotropic_linear,v6p1i12_0063
tim_to_spreader,2.1190219245621797,2.1190219245621797,2.1190219245621797,0.26927744690328836,isotropic_log_uniform,v6p1i12_0063
spreader,399.14750734809786,399.14750734809786,399.14750734809786,0.9431671565398574,isotropic_linear,v6p1i12_0063
pcb_fr4_equivalent,0.9825342126339411,0.9825342126339411,0.3684503297377279,0.9605184337124228,correlated_log_uniform_axes,v6p1i12_0064
bt_substrate_with_vias,0.17695633862325016,0.17695633862325016,0.4335430296269629,0.22570495959371328,correlated_log_uniform_axes,v6p1i12_0064
silicon_interposer_tsv_0p1,126.39910742640495,126.39910742640495,127.46562533080578,0.2133035808801651,correlated_linear_axes,v6p1i12_0064
bump_underfill_under_interposer,0.7114703815457398,0.7114703815457398,5.810341449290208,0.8818262554705143,correlated_log_uniform_axes,v6p1i12_0064
silicon_die_lower,108.27647233381867,108.27647233381867,108.27647233381867,0.16552944667637348,isotropic_linear,v6p1i12_0064
tim_between_dies,6.385987026212061,6.385987026212061,6.385987026212061,0.9070389550179243,isotropic_log_uniform,v6p1i12_0064
silicon_die_upper,116.89084297977388,116.89084297977388,116.89084297977388,0.3378168595954776,isotropic_linear,v6p1i12_0064
tim_to_spreader,2.3764752858169294,2.3764752858169294,2.3764752858169294,0.3355676680803299,isotropic_log_uniform,v6p1i12_0064
spreader,393.82145831827074,393.82145831827074,393.82145831827074,0.5880972212180495,isotropic_linear,v6p1i12_0064
pcb_fr4_equivalent,0.7413756144742135,0.7413756144742135,0.27801585542783,0.32947226520627737,correlated_log_uniform_axes,v6p1i12_0065
bt_substrate_with_vias,0.20273876165654853,0.20273876165654853,0.49670996605854395,0.5304756630212069,correlated_log_uniform_axes,v6p1i12_0065
silicon_interposer_tsv_0p1,142.0147098787129,142.0147098787129,145.6838281918317,0.7338236626237631,correlated_linear_axes,v6p1i12_0065
bump_underfill_under_interposer,0.5971945623028717,0.5971945623028717,4.877088925473451,0.4894984755665064,correlated_log_uniform_axes,v6p1i12_0065
silicon_die_lower,147.82270812429488,147.82270812429488,147.82270812429488,0.9564541624858975,isotropic_linear,v6p1i12_0065
tim_between_dies,2.7746505268173154,2.7746505268173154,2.7746505268173154,0.4251232147216797,isotropic_log_uniform,v6p1i12_0065
silicon_die_upper,128.07400804013014,128.07400804013014,128.07400804013014,0.5614801608026028,isotropic_linear,v6p1i12_0065
tim_to_spreader,3.181949508601369,3.181949508601369,3.181949508601369,0.504308826290071,isotropic_log_uniform,v6p1i12_0065
spreader,389.1220751265064,389.1220751265064,389.1220751265064,0.2748050084337592,isotropic_linear,v6p1i12_0065
pcb_fr4_equivalent,0.6535965569421398,0.6535965569421398,0.2450987088533024,0.047104429453611374,correlated_log_uniform_axes,v6p1i12_0066
bt_substrate_with_vias,0.18688890239348088,0.18688890239348088,0.4578778108640282,0.3480730662122369,correlated_log_uniform_axes,v6p1i12_0066
silicon_interposer_tsv_0p1,132.77197734452784,132.77197734452784,134.90064023528248,0.425732578150928,correlated_linear_axes,v6p1i12_0066
bump_underfill_under_interposer,0.618309760329174,0.618309760329174,5.049529709354919,0.5673555359244347,correlated_log_uniform_axes,v6p1i12_0066
silicon_die_lower,126.64391067810357,126.64391067810357,126.64391067810357,0.5328782135620713,isotropic_linear,v6p1i12_0066
tim_between_dies,1.4491110764447794,1.4491110764447794,1.4491110764447794,0.04958673845976591,isotropic_log_uniform,v6p1i12_0066
silicon_die_upper,106.09886036254466,106.09886036254466,106.09886036254466,0.12197720725089312,isotropic_linear,v6p1i12_0066
tim_to_spreader,5.28947088654001,5.28947088654001,5.28947088654001,0.7981268772855401,isotropic_log_uniform,v6p1i12_0066
spreader,385.23117960896343,385.23117960896343,385.23117960896343,0.015411973930895329,isotropic_linear,v6p1i12_0066
pcb_fr4_equivalent,0.8663465442043288,0.8663465442043288,0.32487995407662323,0.6785246916115284,correlated_log_uniform_axes,v6p1i12_0067
bt_substrate_with_vias,0.2393674550452559,0.2393674550452559,0.5864502648608769,0.9026163257658482,correlated_log_uniform_axes,v6p1i12_0067
silicon_interposer_tsv_0p1,146.45324922166765,146.45324922166765,150.8621240919456,0.8817749740555882,correlated_linear_axes,v6p1i12_0067
bump_underfill_under_interposer,0.4916940027969927,0.4916940027969927,4.015501022842106,0.05393495224416256,correlated_log_uniform_axes,v6p1i12_0067
silicon_die_lower,116.9561198912561,116.9561198912561,116.9561198912561,0.3391223978251219,isotropic_linear,v6p1i12_0067
tim_between_dies,3.3413940864350864,3.3413940864350864,3.3413940864350864,0.5325757907703519,isotropic_log_uniform,v6p1i12_0067
silicon_die_upper,138.86711122468114,138.86711122468114,138.86711122468114,0.7773422244936228,isotropic_linear,v6p1i12_0067
tim_to_spreader,1.5714158033105219,1.5714158033105219,1.5714158033105219,0.09643044136464596,isotropic_log_uniform,v6p1i12_0067
spreader,397.3720063781366,397.3720063781366,397.3720063781366,0.824800425209105,isotropic_linear,v6p1i12_0067
pcb_fr4_equivalent,0.8354173717897574,0.8354173717897574,0.313281514421159,0.59706692956388,correlated_log_uniform_axes,v6p1i12_0068
bt_substrate_with_vias,0.19294081919280848,0.19294081919280848,0.47270500702238083,0.4194826362654567,correlated_log_uniform_axes,v6p1i12_0068
silicon_interposer_tsv_0p1,137.23451402038336,137.23451402038336,140.10693302378058,0.5744838006794453,correlated_linear_axes,v6p1i12_0068
bump_underfill_under_interposer,0.5241167304516363,0.5241167304516363,4.280286632021697,0.19702187925577164,correlated_log_uniform_axes,v6p1i12_0068
silicon_die_lower,124.09077174961567,124.09077174961567,124.09077174961567,0.4818154349923134,isotropic_linear,v6p1i12_0068
tim_between_dies,5.740830894677702,5.740830894677702,5.740830894677702,0.845467222854495,isotropic_log_uniform,v6p1i12_0068
silicon_die_upper,108.62998338416219,108.62998338416219,108.62998338416219,0.17259966768324375,isotropic_linear,v6p1i12_0068
tim_to_spreader,6.995497081220994,6.995497081220994,6.995497081220994,0.9597413521260023,isotropic_log_uniform,v6p1i12_0068
spreader,387.42013744078577,387.42013744078577,387.42013744078577,0.16134249605238438,isotropic_linear,v6p1i12_0068
pcb_fr4_equivalent,0.7073523444917875,0.7073523444917875,0.2652571291844203,0.22420708648860455,correlated_log_uniform_axes,v6p1i12_0069
bt_substrate_with_vias,0.23211167888863432,0.23211167888863432,0.5686736132771542,0.8336445596069098,correlated_log_uniform_axes,v6p1i12_0069
silicon_interposer_tsv_0p1,123.55296229943633,123.55296229943633,124.14512268267572,0.1184320766478777,correlated_linear_axes,v6p1i12_0069
bump_underfill_under_interposer,0.6506668383647433,0.6506668383647433,5.313779179978736,0.6816500779241323,correlated_log_uniform_axes,v6p1i12_0069
silicon_die_lower,132.3992162477225,132.3992162477225,132.3992162477225,0.6479843249544501,isotropic_linear,v6p1i12_0069
tim_between_dies,2.4863278538996494,2.4863278538996494,2.4863278538996494,0.36169232428073883,isotropic_log_uniform,v6p1i12_0069
silicon_die_upper,148.02970425225794,148.02970425225794,148.02970425225794,0.9605940850451589,isotropic_linear,v6p1i12_0069
tim_to_spreader,1.665562889608391,1.665562889608391,1.665562889608391,0.13006941322237253,isotropic_log_uniform,v6p1i12_0069
spreader,399.6250137966126,399.6250137966126,399.6250137966126,0.9750009197741747,isotropic_linear,v6p1i12_0069
pcb_fr4_equivalent,0.758176053688269,0.758176053688269,0.2843160201331008,0.37968259025365114,correlated_log_uniform_axes,v6p1i12_0070
bt_substrate_with_vias,0.1633108495153122,0.1633108495153122,0.4001115813125149,0.045893375761806965,correlated_log_uniform_axes,v6p1i12_0070
silicon_interposer_tsv_0p1,143.6089360434562,143.6089360434562,147.54375871736556,0.7869645347818732,correlated_linear_axes,v6p1i12_0070
bump_underfill_under_interposer,0.5394168061448814,0.5394168061448814,4.405237250183197,0.2614963836967945,correlated_log_uniform_axes,v6p1i12_0070
silicon_die_lower,142.44601144455373,142.44601144455373,142.44601144455373,0.8489202288910747,isotropic_linear,v6p1i12_0070
tim_between_dies,2.007689164325469,2.007689164325469,2.007689164325469,0.23807580303400755,isotropic_log_uniform,v6p1i12_0070
silicon_die_upper,119.81025468558073,119.81025468558073,119.81025468558073,0.3962050937116146,isotropic_linear,v6p1i12_0070
tim_to_spreader,2.759419950361286,2.759419950361286,2.759419950361286,0.42194102611392736,isotropic_log_uniform,v6p1i12_0070
spreader,396.02712446823716,396.02712446823716,396.02712446823716,0.7351416312158108,isotropic_linear,v6p1i12_0070
pcb_fr4_equivalent,0.895293339461221,0.895293339461221,0.33573500229795783,0.7521688165143132,correlated_log_uniform_axes,v6p1i12_0071
bt_substrate_with_vias,0.21963044855204097,0.21963044855204097,0.5380945989525004,0.7097954154014587,correlated_log_uniform_axes,v6p1i12_0071
silicon_interposer_tsv_0p1,127.99361164681613,127.99361164681613,129.32588025461882,0.2664537215605378,correlated_linear_axes,v6p1i12_0071
bump_underfill_under_interposer,0.7068468610267408,0.7068468610267408,5.772582698385049,0.8672173861414194,correlated_log_uniform_axes,v6p1i12_0071
silicon_die_lower,101.54484305530787,101.54484305530787,101.54484305530787,0.030896861106157303,isotropic_linear,v6p1i12_0071
tim_between_dies,4.613538835278065,4.613538835278065,4.613538835278065,0.7190836267545819,isotropic_log_uniform,v6p1i12_0071
silicon_die_upper,136.84974289499223,136.84974289499223,136.84974289499223,0.7369948578998446,isotropic_linear,v6p1i12_0071
tim_to_spreader,4.641395818941272,4.641395818941272,4.641395818941272,0.7225639149546623,isotropic_log_uniform,v6p1i12_0071
spreader,391.3808045350015,391.3808045350015,391.3808045350015,0.4253869690001011,isotropic_linear,v6p1i12_0071
pcb_fr4_equivalent,0.9436713505686384,0.9436713505686384,0.35387675646323935,0.8700896380469203,correlated_log_uniform_axes,v6p1i12_0072
bt_substrate_with_vias,0.1831498471030801,0.1831498471030801,0.4487171254025463,0.3027890305966139,correlated_log_uniform_axes,v6p1i12_0072
silicon_interposer_tsv_0p1,145.912077287212,145.912077287212,150.23075683508068,0.8637359095737338,correlated_linear_axes,v6p1i12_0072
bump_underfill_under_interposer,0.6534329795592458,0.6534329795592458,5.336369333067174,0.6911556841805577,correlated_log_uniform_axes,v6p1i12_0072
silicon_die_lower,143.78824550658464,143.78824550658464,143.78824550658464,0.8757649101316929,isotropic_linear,v6p1i12_0072
tim_between_dies,3.539541694004954,3.539541694004954,3.539541694004954,0.565881185233593,isotropic_log_uniform,v6p1i12_0072
silicon_die_upper,109.72340372391045,109.72340372391045,109.72340372391045,0.19446807447820902,isotropic_linear,v6p1i12_0072
tim_to_spreader,6.321701881738061,6.321701881738061,6.321701881738061,0.9011896951124072,isotropic_log_uniform,v6p1i12_0072
spreader,388.2539507141337,388.2539507141337,388.2539507141337,0.216930047608912,isotropic_linear,v6p1i12_0072
pcb_fr4_equivalent,0.7986226210715848,0.7986226210715848,0.29948348290184423,0.49613879155367613,correlated_log_uniform_axes,v6p1i12_0073
bt_substrate_with_vias,0.2446262429088383,0.2446262429088383,0.599334295126654,0.951310689561069,correlated_log_uniform_axes,v6p1i12_0073
silicon_interposer_tsv_0p1,129.41758221946657,129.41758221946657,130.98717925604433,0.31391940731555223,correlated_linear_axes,v6p1i12_0073
bump_underfill_under_interposer,0.5183771799682045,0.5183771799682045,4.233413636407003,0.17234874051064253,correlated_log_uniform_axes,v6p1i12_0073
silicon_die_lower,112.21326678059995,112.21326678059995,112.21326678059995,0.24426533561199903,isotropic_linear,v6p1i12_0073
tim_between_dies,1.5248019321828883,1.5248019321828883,1.5248019321828883,0.07902160845696926,isotropic_log_uniform,v6p1i12_0073
silicon_die_upper,145.32369216904044,145.32369216904044,145.32369216904044,0.9064738433808088,isotropic_linear,v6p1i12_0073
tim_to_spreader,1.8681875511915318,1.8681875511915318,1.8681875511915318,0.1964416168630123,isotropic_log_uniform,v6p1i12_0073
spreader,398.5563695197925,398.5563695197925,398.5563695197925,0.9037579679861665,isotropic_linear,v6p1i12_0073
pcb_fr4_equivalent,0.6854261684260847,0.6854261684260847,0.25703481315978177,0.15365134179592133,correlated_log_uniform_axes,v6p1i12_0074
bt_substrate_with_vias,0.17316932859230183,0.17316932859230183,0.42426485505113953,0.17723137885332108,correlated_log_uniform_axes,v6p1i12_0074
silicon_interposer_tsv_0p1,135.87619677186012,135.87619677186012,138.52222956717014,0.5292065590620041,correlated_linear_axes,v6p1i12_0074
bump_underfill_under_interposer,0.6713276457628122,0.6713276457628122,5.482509107062966,0.7516937116160989,correlated_log_uniform_axes,v6p1i12_0074
silicon_die_lower,112.9338942002505,112.9338942002505,112.9338942002505,0.25867788400501013,isotropic_linear,v6p1i12_0074
tim_between_dies,2.9197062366530235,2.9197062366530235,2.9197062366530235,0.4545835228636861,isotropic_log_uniform,v6p1i12_0074
silicon_die_upper,123.54309405200183,123.54309405200183,123.54309405200183,0.4708618810400367,isotropic_linear,v6p1i12_0074
tim_to_spreader,3.1371857717891496,3.1371857717891496,3.1371857717891496,0.49611797370016575,isotropic_log_uniform,v6p1i12_0074
spreader,394.5487734908238,394.5487734908238,394.5487734908238,0.6365848993882537,isotropic_linear,v6p1i12_0074
pcb_fr4_equivalent,0.809698001854394,0.809698001854394,0.30363675069539775,0.5269996896386147,correlated_log_uniform_axes,v6p1i12_0075
bt_substrate_with_vias,0.20685594100576213,0.20685594100576213,0.5067970554641172,0.5755236865952611,correlated_log_uniform_axes,v6p1i12_0075
silicon_interposer_tsv_0p1,121.19881616905332,121.19881616905332,121.39861886389554,0.03996053896844387,correlated_linear_axes,v6p1i12_0075
bump_underfill_under_interposer,0.5641099876194602,0.5641099876194602,4.606898232225591,0.36179208662360907,correlated_log_uniform_axes,v6p1i12_0075
silicon_die_lower,130.5684920400381,130.5684920400381,130.5684920400381,0.6113698408007622,isotropic_linear,v6p1i12_0075
tim_between_dies,6.7643868595555405,6.7643868595555405,6.7643868595555405,0.9403191534802318,isotropic_log_uniform,v6p1i12_0075
silicon_die_upper,131.5035965293646,131.5035965293646,131.5035965293646,0.6300719305872917,isotropic_linear,v6p1i12_0075
tim_to_spreader,4.251353593375927,4.251353593375927,4.251353593375927,0.6718172552064061,isotropic_log_uniform,v6p1i12_0075
spreader,391.6877401480451,391.6877401480451,391.6877401480451,0.4458493432030082,isotropic_linear,v6p1i12_0075
pcb_fr4_equivalent,0.8751701461701827,0.8751701461701827,0.32818880481381846,0.7012305352836847,correlated_log_uniform_axes,v6p1i12_0076
bt_substrate_with_vias,0.16893008422108227,0.16893008422108227,0.41387870634165164,0.12169545330107212,correlated_log_uniform_axes,v6p1i12_0076
silicon_interposer_tsv_0p1,134.13186100311577,134.13186100311577,136.48717117030174,0.47106203343719244,correlated_linear_axes,v6p1i12_0076
bump_underfill_under_interposer,0.570547892901768,0.570547892901768,4.659474458697772,0.3872193703427911,correlated_log_uniform_axes,v6p1i12_0076
silicon_die_lower,134.57814445719123,134.57814445719123,134.57814445719123,0.6915628891438246,isotropic_linear,v6p1i12_0076
tim_between_dies,3.9370985702062313,3.9370985702062313,3.9370985702062313,0.6274209395051003,isotropic_log_uniform,v6p1i12_0076
silicon_die_upper,114.76821713149548,114.76821713149548,114.76821713149548,0.2953643426299095,isotropic_linear,v6p1i12_0076
tim_to_spreader,2.147095455674332,2.147095455674332,2.147095455674332,0.2768863784149289,isotropic_log_uniform,v6p1i12_0076
spreader,392.9853561706841,392.9853561706841,392.9853561706841,0.5323570780456066,isotropic_linear,v6p1i12_0076
pcb_fr4_equivalent,0.6606851844781451,0.6606851844781451,0.24775694417930436,0.071275370195508,correlated_log_uniform_axes,v6p1i12_0077
bt_substrate_with_vias,0.21190944609666634,0.21190944609666634,0.5191781429368325,0.6296064248308539,correlated_log_uniform_axes,v6p1i12_0077
silicon_interposer_tsv_0p1,148.80949105136096,148.80949105136096,153.61107289325446,0.9603163683786988,correlated_linear_axes,v6p1i12_0077
bump_underfill_under_interposer,0.7497566270451923,0.7497566270451923,6.123012454202403,0.9992727776989341,correlated_log_uniform_axes,v6p1i12_0077
silicon_die_lower,121.8141992110759,121.8141992110759,121.8141992110759,0.43628398422151804,isotropic_linear,v6p1i12_0077
tim_between_dies,1.7017226673290295,1.7017226673290295,1.7017226673290295,0.14248638413846493,isotropic_log_uniform,v6p1i12_0077
silicon_die_upper,128.58504350297153,128.58504350297153,128.58504350297153,0.5717008700594306,isotropic_linear,v6p1i12_0077
tim_to_spreader,3.5697576279712937,3.5697576279712937,3.5697576279712937,0.5707955230027437,isotropic_log_uniform,v6p1i12_0077
spreader,390.1920926384628,390.1920926384628,390.1920926384628,0.3461395092308521,isotropic_linear,v6p1i12_0077
pcb_fr4_equivalent,0.7286427855746884,0.7286427855746884,0.2732410445905081,0.2906546676531434,correlated_log_uniform_axes,v6p1i12_0078
bt_substrate_with_vias,0.19999448407094722,0.19999448407094722,0.48998648597382083,0.4999382011592388,correlated_log_uniform_axes,v6p1i12_0078
silicon_interposer_tsv_0p1,124.09439977258444,124.09439977258444,124.77679973468184,0.13647999241948128,correlated_linear_axes,v6p1i12_0078
bump_underfill_under_interposer,0.4967116817722111,0.4967116817722111,4.056478734473057,0.07668524701148272,correlated_log_uniform_axes,v6p1i12_0078
silicon_die_lower,103.71157028712332,103.71157028712332,103.71157028712332,0.07423140574246645,isotropic_linear,v6p1i12_0078
tim_between_dies,2.107270737583665,2.107270737583665,2.107270737583665,0.26606248039752245,isotropic_log_uniform,v6p1i12_0078
silicon_die_upper,100.56014349684119,100.56014349684119,100.56014349684119,0.011202869936823845,isotropic_linear,v6p1i12_0078
tim_to_spreader,6.014951777828014,6.014951777828014,6.014951777828014,0.8724335916340351,isotropic_log_uniform,v6p1i12_0078
spreader,386.7118194606155,386.7118194606155,386.7118194606155,0.11412129737436771,isotropic_linear,v6p1i12_0078
pcb_fr4_equivalent,0.9654492832056722,0.9654492832056722,0.36204348120212704,0.9212128082290292,correlated_log_uniform_axes,v6p1i12_0079
bt_substrate_with_vias,0.22436562939387247,0.22436562939387247,0.5496957920149877,0.7575911963358521,correlated_log_uniform_axes,v6p1i12_0079
silicon_interposer_tsv_0p1,140.58864360675216,140.58864360675216,144.02008420787752,0.6862881202250719,correlated_linear_axes,v6p1i12_0079
bump_underfill_under_interposer,0.6162375370151701,0.6162375370151701,5.032606552290557,0.5598333356902003,correlated_log_uniform_axes,v6p1i12_0079
silicon_die_lower,140.18161604180932,140.18161604180932,140.18161604180932,0.8036323208361864,isotropic_linear,v6p1i12_0079
tim_between_dies,4.899450915245872,4.899450915245872,4.899450915245872,0.7538452027365565,isotropic_log_uniform,v6p1i12_0079
silicon_die_upper,142.7919012028724,142.7919012028724,142.7919012028724,0.8558380240574479,isotropic_linear,v6p1i12_0079
tim_to_spreader,1.4390762551761602,1.4390762551761602,1.4390762551761602,0.04556939285248518,isotropic_log_uniform,v6p1i12_0079
spreader,397.0636975299567,397.0636975299567,397.0636975299567,0.8042465019971132,isotropic_linear,v6p1i12_0079
pcb_fr4_equivalent,0.9505201354142777,0.9505201354142777,0.35644505078035416,0.8862930769100785,correlated_log_uniform_axes,v6p1i12_0080
bt_substrate_with_vias,0.19519813157028454,0.19519813157028454,0.4782354223471972,0.4455456715077162,correlated_log_uniform_axes,v6p1i12_0080
silicon_interposer_tsv_0p1,130.41492979042232,130.41492979042232,132.15075142215937,0.3471643263474107,correlated_linear_axes,v6p1i12_0080
bump_underfill_under_interposer,0.5469031329153666,0.5469031329153666,4.466375585475494,0.2923803851008415,correlated_log_uniform_axes,v6p1i12_0080
silicon_die_lower,118.5024325735867,118.5024325735867,118.5024325735867,0.37004865147173405,isotropic_linear,v6p1i12_0080
tim_between_dies,1.8291691118986004,1.8291691118986004,1.8291691118986004,0.18423914443701506,isotropic_log_uniform,v6p1i12_0080
silicon_die_upper,126.35495187714696,126.35495187714696,126.35495187714696,0.5270990375429392,isotropic_linear,v6p1i12_0080
tim_to_spreader,5.474879765636551,5.474879765636551,5.474879765636551,0.8180445600301027,isotropic_log_uniform,v6p1i12_0080
spreader,398.89383737463504,398.89383737463504,398.89383737463504,0.9262558249756694,isotropic_linear,v6p1i12_0080
pcb_fr4_equivalent,0.7197290974351561,0.7197290974351561,0.2698984115381835,0.26307439897209406,correlated_log_uniform_axes,v6p1i12_0081
bt_substrate_with_vias,0.22834287193661343,0.22834287193661343,0.559440036244703,0.7969634486362338,correlated_log_uniform_axes,v6p1i12_0081
silicon_interposer_tsv_0p1,145.03374469466507,145.03374469466507,149.20603547710925,0.8344581564888358,correlated_linear_axes,v6p1i12_0081
bump_underfill_under_interposer,0.6972469306462309,0.6972469306462309,5.6941832669442185,0.8365769889205694,correlated_log_uniform_axes,v6p1i12_0081
silicon_die_lower,125.001190463081,125.001190463081,125.001190463081,0.50002380926162,isotropic_linear,v6p1i12_0081
tim_between_dies,4.246072741059963,4.246072741059963,4.246072741059963,0.6710986839607358,isotropic_log_uniform,v6p1i12_0081
silicon_die_upper,118.58670101501048,118.58670101501048,118.58670101501048,0.3717340203002095,isotropic_linear,v6p1i12_0081
tim_to_spreader,1.3811934417760758,1.3811934417760758,1.3811934417760758,0.021835272200405598,isotropic_log_uniform,v6p1i12_0081
spreader,388.6206951038912,388.6206951038912,388.6206951038912,0.24137967359274626,isotropic_linear,v6p1i12_0081
pcb_fr4_equivalent,0.6709158864150703,0.6709158864150703,0.2515934574056513,0.10570683516561985,correlated_log_uniform_axes,v6p1i12_0082
bt_substrate_with_vias,0.165338691763891,0.165338691763891,0.40507979482153295,0.07354510575532913,correlated_log_uniform_axes,v6p1i12_0082
silicon_interposer_tsv_0p1,120.31865676864982,120.31865676864982,120.37176623009145,0.010621892288327217,correlated_linear_axes,v6p1i12_0082
bump_underfill_under_interposer,0.5313909527880151,0.5313909527880151,4.339692781102123,0.22790688648819923,correlated_log_uniform_axes,v6p1i12_0082
silicon_die_lower,149.3538544047624,149.3538544047624,149.3538544047624,0.9870770880952477,isotropic_linear,v6p1i12_0082
tim_between_dies,5.265824390060556,5.265824390060556,5.265824390060556,0.7955365758389235,isotropic_log_uniform,v6p1i12_0082
silicon_die_upper,140.56184869259596,140.56184869259596,140.56184869259596,0.8112369738519192,isotropic_linear,v6p1i12_0082
tim_to_spreader,2.1761095336566787,2.1761095336566787,2.1761095336566787,0.28464639466255903,isotropic_log_uniform,v6p1i12_0082
spreader,392.0533604128286,392.0533604128286,392.0533604128286,0.4702240275219083,isotropic_linear,v6p1i12_0082
pcb_fr4_equivalent,0.8862020264122037,0.8862020264122037,0.33232575990457636,0.7292990703135729,correlated_log_uniform_axes,v6p1i12_0083
bt_substrate_with_vias,0.21626467010524278,0.21626467010524278,0.5298484417578448,0.6751912953332067,correlated_log_uniform_axes,v6p1i12_0083
silicon_interposer_tsv_0p1,136.8717161938548,136.8717161938548,139.6836688928306,0.5623905397951603,correlated_linear_axes,v6p1i12_0083
bump_underfill_under_interposer,0.6418296542348918,0.6418296542348918,5.241608842918284,0.6510087940841913,correlated_log_uniform_axes,v6p1i12_0083
silicon_die_lower,106.64909137412906,106.64909137412906,106.64909137412906,0.13298182748258114,isotropic_linear,v6p1i12_0083
tim_between_dies,2.272882856201495,2.272882856201495,2.272882856201495,0.3098008930683136,isotropic_log_uniform,v6p1i12_0083
silicon_die_upper,104.3786836322397,104.3786836322397,104.3786836322397,0.08757367264479399,isotropic_linear,v6p1i12_0083
tim_to_spreader,3.8196508864815204,3.8196508864815204,3.8196508864815204,0.6099123544991016,isotropic_log_uniform,v6p1i12_0083
spreader,394.8850765405223,394.8850765405223,394.8850765405223,0.6590051027014852,isotropic_linear,v6p1i12_0083
pcb_fr4_equivalent,0.822415355948963,0.822415355948963,0.3084057584808611,0.5619194209575653,correlated_log_uniform_axes,v6p1i12_0084
bt_substrate_with_vias,0.16937737787462118,0.16937737787462118,0.41497457579282193,0.12762057222425938,correlated_log_uniform_axes,v6p1i12_0084
silicon_interposer_tsv_0p1,149.68759856186807,149.68759856186807,154.63553165551275,0.9895866187289357,correlated_linear_axes,v6p1i12_0084
bump_underfill_under_interposer,0.6268224715989553,0.6268224715989553,5.119050184724801,0.5979945547878742,correlated_log_uniform_axes,v6p1i12_0084
silicon_die_lower,103.03030237555504,103.03030237555504,103.03030237555504,0.06060604751110077,isotropic_linear,v6p1i12_0084
tim_between_dies,1.6444749702020776,1.6444749702020776,1.6444749702020776,0.12270293664187193,isotropic_log_uniform,v6p1i12_0084
silicon_die_upper,149.3619022425264,149.3619022425264,149.3619022425264,0.9872380448505282,isotropic_linear,v6p1i12_0084
tim_to_spreader,2.85851048468783,2.85851048468783,2.85851048468783,0.44233744964003563,isotropic_log_uniform,v6p1i12_0084
spreader,389.8557692486793,389.8557692486793,389.8557692486793,0.323717949911952,isotropic_linear,v6p1i12_0084
pcb_fr4_equivalent,0.6939150222598358,0.6939150222598358,0.2602181333474384,0.18123161047697067,correlated_log_uniform_axes,v6p1i12_0085
bt_substrate_with_vias,0.21096966258762775,0.21096966258762775,0.5168756733396881,0.6196471443399787,correlated_log_uniform_axes,v6p1i12_0085
silicon_interposer_tsv_0p1,133.13473136164248,133.13473136164248,135.32385325524956,0.437824378721416,correlated_linear_axes,v6p1i12_0085
bump_underfill_under_interposer,0.4849635282849338,0.4849635282849338,3.9605354809936255,0.023051494732499123,correlated_log_uniform_axes,v6p1i12_0085
silicon_die_lower,140.86450817994773,140.86450817994773,140.86450817994773,0.8172901635989547,isotropic_linear,v6p1i12_0085
tim_between_dies,3.8046506804792473,3.8046506804792473,3.8046506804792473,0.607637514360249,isotropic_log_uniform,v6p1i12_0085
silicon_die_upper,107.32241403311491,107.32241403311491,107.32241403311491,0.1464482806622982,isotropic_linear,v6p1i12_0085
tim_to_spreader,4.0760362241135875,4.0760362241135875,4.0760362241135875,0.6474709315225482,isotropic_log_uniform,v6p1i12_0085
spreader,392.6197562459856,392.6197562459856,392.6197562459856,0.5079837497323751,isotropic_linear,v6p1i12_0085
pcb_fr4_equivalent,0.7864445371094848,0.7864445371094848,0.29491670141605675,0.4617073265835643,correlated_log_uniform_axes,v6p1i12_0086
bt_substrate_with_vias,0.17903061296950798,0.17903061296950798,0.43862500177529457,0.2518177144229412,correlated_log_uniform_axes,v6p1i12_0086
silicon_interposer_tsv_0p1,139.59334971383214,139.59334971383214,142.85890799947083,0.653111657127738,correlated_linear_axes,v6p1i12_0086
bump_underfill_under_interposer,0.7212653393629036,0.7212653393629036,5.890333604797045,0.9124641492962837,correlated_log_uniform_axes,v6p1i12_0086
silicon_die_lower,133.89394111000001,133.89394111000001,133.89394111000001,0.6778788222000003,isotropic_linear,v6p1i12_0086
tim_between_dies,7.296056949217611,7.296056949217611,7.296056949217611,0.9840616416186094,isotropic_log_uniform,v6p1i12_0086
silicon_die_upper,135.54186359979212,135.54186359979212,135.54186359979212,0.7108372719958425,isotropic_linear,v6p1i12_0086
tim_to_spreader,6.400347043915972,6.400347043915972,6.400347043915972,0.9083375157788396,isotropic_log_uniform,v6p1i12_0086
spreader,396.69693280011415,396.69693280011415,396.69693280011415,0.7797955200076103,isotropic_linear,v6p1i12_0086
pcb_fr4_equivalent,0.931924063813443,0.931924063813443,0.3494715239300411,0.8420211030170321,correlated_log_uniform_axes,v6p1i12_0087
bt_substrate_with_vias,0.24934316093483064,0.24934316093483064,0.6108907442903351,0.994105109013617,correlated_log_uniform_axes,v6p1i12_0087
silicon_interposer_tsv_0p1,124.97434079647064,124.97434079647064,125.80339759588242,0.16581135988235474,correlated_linear_axes,v6p1i12_0087
bump_underfill_under_interposer,0.5890201620300733,0.5890201620300733,4.810331323245599,0.45861578546464443,correlated_log_uniform_axes,v6p1i12_0087
silicon_die_lower,122.50021155923605,122.50021155923605,122.50021155923605,0.450004231184721,isotropic_linear,v6p1i12_0087
tim_between_dies,3.1380592994878866,3.1380592994878866,3.1380592994878866,0.49627892673015594,isotropic_log_uniform,v6p1i12_0087
silicon_die_upper,121.14214273169637,121.14214273169637,121.14214273169637,0.42284285463392735,isotropic_linear,v6p1i12_0087
tim_to_spreader,2.001071124550246,2.001071124550246,2.001071124550246,0.2361669484525919,isotropic_log_uniform,v6p1i12_0087
spreader,386.374371945858,386.374371945858,386.374371945858,0.09162479639053345,isotropic_linear,v6p1i12_0087
pcb_fr4_equivalent,0.9097514871100668,0.9097514871100668,0.34115680766627504,0.7880651103332639,correlated_log_uniform_axes,v6p1i12_0088
bt_substrate_with_vias,0.1617650949493693,0.1617650949493693,0.3963244826259549,0.02458380814641714,correlated_log_uniform_axes,v6p1i12_0088
silicon_interposer_tsv_0p1,141.01734867319465,141.01734867319465,144.5202401187271,0.7005782891064882,correlated_linear_axes,v6p1i12_0088
bump_underfill_under_interposer,0.5036055474374435,0.5036055474374435,4.112778637405787,0.10757024679332972,correlated_log_uniform_axes,v6p1i12_0088
silicon_die_lower,129.0843976661563,129.0843976661563,129.0843976661563,0.5816879533231258,isotropic_linear,v6p1i12_0088
tim_between_dies,2.406561238682059,2.406561238682059,2.406561238682059,0.3428407581523061,isotropic_log_uniform,v6p1i12_0088
silicon_die_upper,144.0158512443304,144.0158512443304,144.0158512443304,0.8803170248866081,isotropic_linear,v6p1i12_0088
tim_to_spreader,2.58270447386276,2.58270447386276,2.58270447386276,0.3836786234751344,isotropic_log_uniform,v6p1i12_0088
spreader,389.4591137720272,389.4591137720272,389.4591137720272,0.29727425146847963,isotropic_linear,v6p1i12_0088
pcb_fr4_equivalent,0.7672314457618561,0.7672314457618561,0.28771179216069603,0.4062862964347005,correlated_log_uniform_axes,v6p1i12_0089
bt_substrate_with_vias,0.22060841198586156,0.22060841198586156,0.5404906093653609,0.7197506297379732,correlated_log_uniform_axes,v6p1i12_0089
silicon_interposer_tsv_0p1,127.27745365351439,127.27745365351439,128.49036259576678,0.2425817884504795,correlated_linear_axes,v6p1i12_0089
bump_underfill_under_interposer,0.6078679645303108,0.6078679645303108,4.964255043664204,0.5291920593008399,correlated_log_uniform_axes,v6p1i12_0089
silicon_die_lower,114.51686969958246,114.51686969958246,114.51686969958246,0.29033739399164915,isotropic_linear,v6p1i12_0089
tim_between_dies,5.538811937960483,5.538811937960483,5.538811937960483,0.8247564462944865,isotropic_log_uniform,v6p1i12_0089
silicon_die_upper,111.05534876696765,111.05534876696765,111.05534876696765,0.22110697533935308,isotropic_linear,v6p1i12_0089
tim_to_spreader,4.572747943428424,4.572747943428424,4.572747943428424,0.7139493506401777,isotropic_log_uniform,v6p1i12_0089
spreader,394.1878307191655,394.1878307191655,394.1878307191655,0.6125220479443669,isotropic_linear,v6p1i12_0089
pcb_fr4_equivalent,0.6962625118227834,0.6962625118227834,0.26109844193354376,0.1887990590184927,correlated_log_uniform_axes,v6p1i12_0090
bt_substrate_with_vias,0.1913344743469989,0.1913344743469989,0.4687694621501473,0.4007493266835809,correlated_log_uniform_axes,v6p1i12_0090
silicon_interposer_tsv_0p1,147.33342359773815,147.33342359773815,151.88899419736117,0.9111141199246049,correlated_linear_axes,v6p1i12_0090
bump_underfill_under_interposer,0.5784662761507918,0.5784662761507918,4.724141255231466,0.4181033791974187,correlated_log_uniform_axes,v6p1i12_0090
silicon_die_lower,110.72013336233795,110.72013336233795,110.72013336233795,0.21440266724675894,isotropic_linear,v6p1i12_0090
tim_between_dies,4.465999145000692,4.465999145000692,4.465999145000692,0.700293205678463,isotropic_log_uniform,v6p1i12_0090
silicon_die_upper,132.83594688400626,132.83594688400626,132.83594688400626,0.6567189376801252,isotropic_linear,v6p1i12_0090
tim_to_spreader,7.277897406244144,7.277897406244144,7.277897406244144,0.9826209172606468,isotropic_log_uniform,v6p1i12_0090
spreader,397.7381130727008,397.7381130727008,397.7381130727008,0.8492075381800532,isotropic_linear,v6p1i12_0090
pcb_fr4_equivalent,0.8253773275479392,0.8253773275479392,0.3095164978304772,0.5699749570339918,correlated_log_uniform_axes,v6p1i12_0091
bt_substrate_with_vias,0.2334103517569213,0.2334103517569213,0.5718553618044572,0.8461464680731297,correlated_log_uniform_axes,v6p1i12_0091
silicon_interposer_tsv_0p1,131.77644294686615,131.77644294686615,133.7391834380105,0.3925480982288718,correlated_linear_axes,v6p1i12_0091
bump_underfill_under_interposer,0.7395739219119314,0.7395739219119314,6.039853695614106,0.9686323730275035,correlated_log_uniform_axes,v6p1i12_0091
silicon_die_lower,145.38048058748245,145.38048058748245,145.38048058748245,0.907609611749649,isotropic_linear,v6p1i12_0091
tim_between_dies,1.9368348192349003,1.9368348192349003,1.9368348192349003,0.21730411611497402,isotropic_log_uniform,v6p1i12_0091
silicon_die_upper,122.23565843887627,122.23565843887627,122.23565843887627,0.4447131687775254,isotropic_linear,v6p1i12_0091
tim_to_spreader,1.8325695263212451,1.8325695263212451,1.8325695263212451,0.18531288113445044,isotropic_log_uniform,v6p1i12_0091
spreader,385.5680263089016,385.5680263089016,385.5680263089016,0.03786842059344053,isotropic_linear,v6p1i12_0091
pcb_fr4_equivalent,0.8525782058958494,0.8525782058958494,0.3197168272109435,0.6426283977925777,correlated_log_uniform_axes,v6p1i12_0092
bt_substrate_with_vias,0.18553534926022514,0.18553534926022514,0.4545616056875517,0.33178554754704237,correlated_log_uniform_axes,v6p1i12_0092
silicon_interposer_tsv_0p1,122.67487021163106,122.67487021163106,123.12068191356957,0.08916234038770199,correlated_linear_axes,v6p1i12_0092
bump_underfill_under_interposer,0.6805699526139938,0.6805699526139938,5.557987946347614,0.7823316128924489,correlated_log_uniform_axes,v6p1i12_0092
silicon_die_lower,138.63669214770198,138.63669214770198,138.63669214770198,0.7727338429540396,isotropic_linear,v6p1i12_0092
tim_between_dies,2.6769945449171377,2.6769945449171377,2.6769945449171377,0.40440888423472643,isotropic_log_uniform,v6p1i12_0092
silicon_die_upper,130.27964648790658,130.27964648790658,130.27964648790658,0.6055929297581315,isotropic_linear,v6p1i12_0092
tim_to_spreader,4.947610822906747,4.947610822906747,4.947610822906747,0.7595002418383956,isotropic_log_uniform,v6p1i12_0092
spreader,399.2882039770484,399.2882039770484,399.2882039770484,0.9525469318032265,isotropic_linear,v6p1i12_0092
pcb_fr4_equivalent,0.6458823618139923,0.6458823618139923,0.24220588568024706,0.020500723272562027,correlated_log_uniform_axes,v6p1i12_0093
bt_substrate_with_vias,0.240969502509894,0.240969502509894,0.5903752811492402,0.917563071474433,correlated_log_uniform_axes,v6p1i12_0093
silicon_interposer_tsv_0p1,138.23162823915482,138.23162823915482,141.27023294568062,0.6077209413051605,correlated_linear_axes,v6p1i12_0093
bump_underfill_under_interposer,0.5563884472160436,0.5563884472160436,4.543838985597689,0.3309093890711665,correlated_log_uniform_axes,v6p1i12_0093
silicon_die_lower,105.35578657872975,105.35578657872975,105.35578657872975,0.10711573157459497,isotropic_linear,v6p1i12_0093
tim_between_dies,6.181072686088645,6.181072686088645,6.181072686088645,0.8881837902590632,isotropic_log_uniform,v6p1i12_0093
silicon_die_upper,113.04788878187537,113.04788878187537,113.04788878187537,0.26095777563750744,isotropic_linear,v6p1i12_0093
tim_to_spreader,1.5491602440075078,1.5491602440075078,1.5491602440075078,0.08818404376506805,isotropic_log_uniform,v6p1i12_0093
spreader,387.0539938658476,387.0539938658476,387.0539938658476,0.13693292438983917,isotropic_linear,v6p1i12_0093
pcb_fr4_equivalent,0.7531839933109185,0.7531839933109185,0.2824439974915944,0.3648802926763892,correlated_log_uniform_axes,v6p1i12_0094
bt_substrate_with_vias,0.17524348976771675,0.17524348976771675,0.4293465499309061,0.20391035545617342,correlated_log_uniform_axes,v6p1i12_0094
silicon_interposer_tsv_0p1,128.9888923522085,128.9888923522085,130.48704107757658,0.2996297450736165,correlated_linear_axes,v6p1i12_0094
bump_underfill_under_interposer,0.6624292550252264,0.6624292550252264,5.409838916039349,0.7217946955934167,correlated_log_uniform_axes,v6p1i12_0094
silicon_die_lower,120.28462053276598,120.28462053276598,120.28462053276598,0.4056924106553197,isotropic_linear,v6p1i12_0094
tim_between_dies,3.2234487480123093,3.2234487480123093,3.2234487480123093,0.5118000581860542,isotropic_log_uniform,v6p1i12_0094
silicon_die_upper,141.0727887880057,141.0727887880057,141.0727887880057,0.8214557757601142,isotropic_linear,v6p1i12_0094
tim_to_spreader,2.4739860067303088,2.4739860067303088,2.4739860067303088,0.3588154222816229,isotropic_log_uniform,v6p1i12_0094
spreader,391.0144690144807,391.0144690144807,391.0144690144807,0.40096460096538067,isotropic_linear,v6p1i12_0094
pcb_fr4_equivalent,0.9944859426302703,0.9944859426302703,0.3729322284863514,0.987610406242311,correlated_log_uniform_axes,v6p1i12_0095
bt_substrate_with_vias,0.2035975203814455,0.2035975203814455,0.4988139249345416,0.5399467945098877,correlated_log_uniform_axes,v6p1i12_0095
silicon_interposer_tsv_0p1,142.72900820709765,142.72900820709765,146.51717624161392,0.757633606903255,correlated_linear_axes,v6p1i12_0095
bump_underfill_under_interposer,0.5112814587642596,0.5112814587642596,4.175465246574786,0.1414652904495597,correlated_log_uniform_axes,v6p1i12_0095
silicon_die_lower,136.20717646554112,136.20717646554112,136.20717646554112,0.7241435293108225,isotropic_linear,v6p1i12_0095
tim_between_dies,1.402759054257145,1.402759054257145,1.402759054257145,0.03079225681722164,isotropic_log_uniform,v6p1i12_0095
silicon_die_upper,102.25596241652966,102.25596241652966,102.25596241652966,0.04511924833059311,isotropic_linear,v6p1i12_0095
tim_to_spreader,3.498799667975491,3.498799667975491,3.498799667975491,0.5591880390420556,isotropic_log_uniform,v6p1i12_0095
spreader,395.6900489423424,395.6900489423424,395.6900489423424,0.7126699294894934,isotropic_linear,v6p1i12_0095
pcb_fr4_equivalent,0.9915122153864157,0.9915122153864157,0.37181708076990583,0.9809001628309488,correlated_log_uniform_axes,v6p1i12_0096
bt_substrate_with_vias,0.1879940202013276,0.1879940202013276,0.46058534949325275,0.36128388810902834,correlated_log_uniform_axes,v6p1i12_0096
silicon_interposer_tsv_0p1,135.3007910773158,135.3007910773158,137.8509229235351,0.5100263692438602,correlated_linear_axes,v6p1i12_0096
bump_underfill_under_interposer,0.5867755784085954,0.5867755784085954,4.792000557003529,0.45006078388541937,correlated_log_uniform_axes,v6p1i12_0096
silicon_die_lower,100.2278845757246,100.2278845757246,100.2278845757246,0.004557691514492035,isotropic_linear,v6p1i12_0096
tim_between_dies,1.842426382269653,1.842426382269653,1.842426382269653,0.18841412384063005,isotropic_log_uniform,v6p1i12_0096
silicon_die_upper,139.76219603791833,139.76219603791833,139.76219603791833,0.7952439207583666,isotropic_linear,v6p1i12_0096
tim_to_spreader,4.415688789059759,4.415688789059759,4.415688789059759,0.6937435315921903,isotropic_log_uniform,v6p1i12_0096
spreader,388.3961578877643,388.3961578877643,388.3961578877643,0.22641052585095167,isotropic_linear,v6p1i12_0096
pcb_fr4_equivalent,0.7495396058916104,0.7495396058916104,0.2810773522093538,0.3540119845420122,correlated_log_uniform_axes,v6p1i12_0097
bt_substrate_with_vias,0.2374544932579917,0.2374544932579917,0.5817635084820798,0.8846372216939926,correlated_log_uniform_axes,v6p1i12_0097
silicon_interposer_tsv_0p1,121.85387274250388,121.85387274250388,122.1628515329212,0.061795758083462715,correlated_linear_axes,v6p1i12_0097
bump_underfill_under_interposer,0.7290898428833644,0.7290898428833644,5.954233716880809,0.9366411427035928,correlated_log_uniform_axes,v6p1i12_0097
silicon_die_lower,143.66511176340282,143.66511176340282,143.66511176340282,0.8733022352680564,isotropic_linear,v6p1i12_0097
tim_between_dies,4.514151053701405,4.514151053701405,4.514151053701405,0.7064931420609355,isotropic_log_uniform,v6p1i12_0097
silicon_die_upper,103.57902222312987,103.57902222312987,103.57902222312987,0.07158044446259737,isotropic_linear,v6p1i12_0097
tim_to_spreader,2.638638217654397,2.638638217654397,2.638638217654397,0.3960654903203249,isotropic_log_uniform,v6p1i12_0097
spreader,398.6601531552151,398.6601531552151,398.6601531552151,0.910676877014339,isotropic_linear,v6p1i12_0097
pcb_fr4_equivalent,0.6433198787658232,0.6433198787658232,0.2412449545371837,0.011593216098845005,correlated_log_uniform_axes,v6p1i12_0098
bt_substrate_with_vias,0.17783786161654824,0.17783786161654824,0.4357027609605432,0.23683953564614058,correlated_log_uniform_axes,v6p1i12_0098
silicon_interposer_tsv_0p1,145.42547059245408,145.42547059245408,149.66304902452976,0.8475156864151359,correlated_linear_axes,v6p1i12_0098
bump_underfill_under_interposer,0.48311622265680004,0.48311622265680004,3.9454491516972,0.014499965123832226,correlated_log_uniform_axes,v6p1i12_0098
silicon_die_lower,131.86046718619764,131.86046718619764,131.86046718619764,0.6372093437239528,isotropic_linear,v6p1i12_0098
tim_between_dies,5.598584277527654,5.598584277527654,5.598584277527654,0.8309619054198265,isotropic_log_uniform,v6p1i12_0098
silicon_die_upper,125.55529046803713,125.55529046803713,125.55529046803713,0.5111058093607426,isotropic_linear,v6p1i12_0098
tim_to_spreader,1.7447883960052948,1.7447883960052948,1.7447883960052948,0.15693505480885506,isotropic_log_uniform,v6p1i12_0098
spreader,395.10960548650473,395.10960548650473,395.10960548650473,0.6739736991003156,isotropic_linear,v6p1i12_0098
pcb_fr4_equivalent,0.8507671547622572,0.8507671547622572,0.3190376830358464,0.6378636071458459,correlated_log_uniform_axes,v6p1i12_0099
bt_substrate_with_vias,0.20093242866984803,0.20093242866984803,0.4922844502411278,0.5104222353547812,correlated_log_uniform_axes,v6p1i12_0099
silicon_interposer_tsv_0p1,130.04426459781826,130.04426459781826,131.71830869745463,0.3348088199272752,correlated_linear_axes,v6p1i12_0099
bump_underfill_under_interposer,0.6336234206836483,0.6336234206836483,5.17459126891646,0.6221750499680638,correlated_log_uniform_axes,v6p1i12_0099
silicon_die_lower,124.53168500214815,124.53168500214815,124.53168500214815,0.49063370004296303,isotropic_linear,v6p1i12_0099
tim_between_dies,2.2892366168596605,2.2892366168596605,2.2892366168596605,0.31394571624696255,isotropic_log_uniform,v6p1i12_0099
silicon_die_upper,117.78704836033285,117.78704836033285,117.78704836033285,0.35574096720665693,isotropic_linear,v6p1i12_0099
tim_to_spreader,7.3404440483475595,7.3404440483475595,7.3404440483475595,0.987568142823875,isotropic_log_uniform,v6p1i12_0099
spreader,392.28705290239304,392.28705290239304,392.28705290239304,0.48580352682620287,isotropic_linear,v6p1i12_0099
pcb_fr4_equivalent,0.8314688417210772,0.8314688417210772,0.3118008156454039,0.5864512948319316,correlated_log_uniform_axes,v6p1i12_0100
bt_substrate_with_vias,0.1641965074456287,0.1641965074456287,0.4022814432417904,0.05801223311573267,correlated_log_uniform_axes,v6p1i12_0100
silicon_interposer_tsv_0p1,124.58282947540283,124.58282947540283,125.34663438796997,0.15276098251342773,correlated_linear_axes,v6p1i12_0100
bump_underfill_under_interposer,0.6354970871879791,0.6354970871879791,5.189892878701829,0.62879120092839,correlated_log_uniform_axes,v6p1i12_0100
silicon_die_lower,115.63936332240701,115.63936332240701,115.63936332240701,0.31278726644814014,isotropic_linear,v6p1i12_0100
tim_between_dies,1.3342485451847834,1.3342485451847834,1.3342485451847834,0.0018438221886754036,isotropic_log_uniform,v6p1i12_0100
silicon_die_upper,134.71778794191778,134.71778794191778,134.71778794191778,0.6943557588383555,isotropic_linear,v6p1i12_0100
tim_to_spreader,1.5000808657637321,1.5000808657637321,1.5000808657637321,0.06957183312624693,isotropic_log_uniform,v6p1i12_0100
spreader,392.86397730000317,392.86397730000317,392.86397730000317,0.5242651533335447,isotropic_linear,v6p1i12_0100
pcb_fr4_equivalent,0.7051582509722009,0.7051582509722009,0.2644343441145753,0.2172459615394473,correlated_log_uniform_axes,v6p1i12_0101
bt_substrate_with_vias,0.2177692553556213,0.2177692553556213,0.5335346756212722,0.6907262690365314,correlated_log_uniform_axes,v6p1i12_0101
silicon_interposer_tsv_0p1,139.963800329715,139.963800329715,143.29110038466752,0.6654600109905005,correlated_linear_axes,v6p1i12_0101
bump_underfill_under_interposer,0.532959508227865,0.532959508227865,4.352502650527564,0.23451125342398882,correlated_log_uniform_axes,v6p1i12_0101
silicon_die_lower,127.86321290768683,127.86321290768683,127.86321290768683,0.5572642581537366,isotropic_linear,v6p1i12_0101
tim_between_dies,3.2585356890999546,3.2585356890999546,3.2585356890999546,0.5180589137598872,isotropic_log_uniform,v6p1i12_0101
silicon_die_upper,120.31807620078325,120.31807620078325,120.31807620078325,0.40636152401566505,isotropic_linear,v6p1i12_0101
tim_to_spreader,5.0409638449698075,5.0409638449698075,5.0409638449698075,0.7703068815171719,isotropic_log_uniform,v6p1i12_0101
spreader,390.09082675911486,390.09082675911486,390.09082675911486,0.33938845060765743,isotropic_linear,v6p1i12_0101
pcb_fr4_equivalent,0.7777088496901224,0.7777088496901224,0.2916408186337959,0.4366786479949951,correlated_log_uniform_axes,v6p1i12_0102
bt_substrate_with_vias,0.19382878314263963,0.19382878314263963,0.4748805186994671,0.4297713106498122,correlated_log_uniform_axes,v6p1i12_0102
silicon_interposer_tsv_0p1,134.7054419014603,134.7054419014603,137.156348885037,0.490181396715343,correlated_linear_axes,v6p1i12_0102
bump_underfill_under_interposer,0.6903641175087603,0.6903641175087603,5.637973626321541,0.8143481155857444,correlated_log_uniform_axes,v6p1i12_0102
silicon_die_lower,147.2841386217624,147.2841386217624,147.2841386217624,0.9456827724352479,isotropic_linear,v6p1i12_0102
tim_between_dies,6.2484585185039725,6.2484585185039725,6.2484585185039725,0.8944524005055428,isotropic_log_uniform,v6p1i12_0102
silicon_die_upper,148.5378357116133,148.5378357116133,148.5378357116133,0.970756714232266,isotropic_linear,v6p1i12_0102
tim_to_spreader,3.3445576559529115,3.3445576559529115,3.3445576559529115,0.5331228915601969,isotropic_log_uniform,v6p1i12_0102
spreader,386.1301591619849,386.1301591619849,386.1301591619849,0.07534394413232803,isotropic_linear,v6p1i12_0102
pcb_fr4_equivalent,0.9172680364917828,0.9172680364917828,0.34397551368441853,0.8065022453665733,correlated_log_uniform_axes,v6p1i12_0103
bt_substrate_with_vias,0.22995661745051507,0.22995661745051507,0.563393712753762,0.8127433080226183,correlated_log_uniform_axes,v6p1i12_0103
silicon_interposer_tsv_0p1,148.1525971647352,148.1525971647352,152.84469669219106,0.9384199054911733,correlated_linear_axes,v6p1i12_0103
bump_underfill_under_interposer,0.5485147084464919,0.5485147084464919,4.479536785646349,0.298973442055285,correlated_log_uniform_axes,v6p1i12_0103
silicon_die_lower,108.71756514534354,108.71756514534354,108.71756514534354,0.17435130290687084,isotropic_linear,v6p1i12_0103
tim_between_dies,2.546205516582646,2.546205516582646,2.546205516582646,0.37545021437108517,isotropic_log_uniform,v6p1i12_0103
silicon_die_upper,106.49833837524056,106.49833837524056,106.49833837524056,0.1299667675048113,isotropic_linear,v6p1i12_0103
tim_to_spreader,2.48522851722024,2.48522851722024,2.48522851722024,0.36143664736300707,isotropic_log_uniform,v6p1i12_0103
spreader,396.4618670195341,396.4618670195341,396.4618670195341,0.7641244679689407,isotropic_linear,v6p1i12_0103
pcb_fr4_equivalent,0.9201713160310048,0.9201713160310048,0.3450642435116268,0.8135832007974386,correlated_log_uniform_axes,v6p1i12_0104
bt_substrate_with_vias,0.1716222923905178,0.1716222923905178,0.4204746163567686,0.15712368115782738,correlated_log_uniform_axes,v6p1i12_0104
silicon_interposer_tsv_0p1,132.31558305211365,132.31558305211365,134.36818022746593,0.4105194350704551,correlated_linear_axes,v6p1i12_0104
bump_underfill_under_interposer,0.5096713840929884,0.5096713840929884,4.1623163034260715,0.13439794443547726,correlated_log_uniform_axes,v6p1i12_0104
silicon_die_lower,139.74052434787154,139.74052434787154,139.74052434787154,0.7948104869574308,isotropic_linear,v6p1i12_0104
tim_between_dies,2.175604538862661,2.175604538862661,2.175604538862661,0.28451221715658903,isotropic_log_uniform,v6p1i12_0104
silicon_die_upper,133.6231991648674,133.6231991648674,133.6231991648674,0.672463983297348,isotropic_linear,v6p1i12_0104
tim_to_spreader,1.3553261024760572,1.3553261024760572,1.3553261024760572,0.010905293747782707,isotropic_log_uniform,v6p1i12_0104
spreader,393.96192021202296,393.96192021202296,393.96192021202296,0.5974613474681973,isotropic_linear,v6p1i12_0104
pcb_fr4_equivalent,0.7806806998751685,0.7806806998751685,0.29275526245318817,0.4452247302979231,correlated_log_uniform_axes,v6p1i12_0105
bt_substrate_with_vias,0.20789287876880871,0.20789287876880871,0.5093375529835815,0.5867279702797532,correlated_log_uniform_axes,v6p1i12_0105
silicon_interposer_tsv_0p1,146.75858150236309,146.75858150236309,151.21834508609027,0.8919527167454362,correlated_linear_axes,v6p1i12_0105
bump_underfill_under_interposer,0.6691755826497721,0.6691755826497721,5.464933924973138,0.7444991692900658,correlated_log_uniform_axes,v6p1i12_0105
silicon_die_lower,104.25014016218483,104.25014016218483,104.25014016218483,0.08500280324369669,isotropic_linear,v6p1i12_0105
tim_between_dies,5.285085733413316,5.285085733413316,5.285085733413316,0.7976473914459348,isotropic_log_uniform,v6p1i12_0105
silicon_die_upper,123.02292021922767,123.02292021922767,123.02292021922767,0.46045840438455343,isotropic_linear,v6p1i12_0105
tim_to_spreader,5.655189240868656,5.655189240868656,5.655189240868656,0.8367777550593019,isotropic_log_uniform,v6p1i12_0105
spreader,389.2277183709666,389.2277183709666,389.2277183709666,0.2818478913977742,isotropic_linear,v6p1i12_0105
pcb_fr4_equivalent,0.6882315027170532,0.6882315027170532,0.2580868135188949,0.1628034757450223,correlated_log_uniform_axes,v6p1i12_0106
bt_substrate_with_vias,0.1816819014280969,0.1816819014280969,0.4451206584988375,0.28475738503038883,correlated_log_uniform_axes,v6p1i12_0106
silicon_interposer_tsv_0p1,126.02786432951689,126.02786432951689,127.03250838443637,0.20092881098389626,correlated_linear_axes,v6p1i12_0106
bump_underfill_under_interposer,0.55463344561924,0.55463344561924,4.529506472557126,0.3238304052501917,correlated_log_uniform_axes,v6p1i12_0106
silicon_die_lower,120.59489660896361,120.59489660896361,120.59489660896361,0.4118979321792722,isotropic_linear,v6p1i12_0106
tim_between_dies,4.261641285189271,4.261641285189271,4.261641285189271,0.673214552924037,isotropic_log_uniform,v6p1i12_0106
silicon_die_upper,144.8031130246818,144.8031130246818,144.8031130246818,0.8960622604936361,isotropic_linear,v6p1i12_0106
tim_to_spreader,3.8031785884571345,3.8031785884571345,3.8031785884571345,0.6074137827381492,isotropic_log_uniform,v6p1i12_0106
spreader,385.7939285458997,385.7939285458997,385.7939285458997,0.052928569726645947,isotropic_linear,v6p1i12_0106
pcb_fr4_equivalent,0.8113333935033527,0.8113333935033527,0.30425002256375716,0.5315208109095693,correlated_log_uniform_axes,v6p1i12_0107
bt_substrate_with_vias,0.24608020136182385,0.24608020136182385,0.6028964933364684,0.9645891329273582,correlated_log_uniform_axes,v6p1i12_0107
silicon_interposer_tsv_0p1,142.2879915498197,142.2879915498197,146.002656808123,0.7429330516606569,correlated_linear_axes,v6p1i12_0107
bump_underfill_under_interposer,0.6874974492785794,0.6874974492785794,5.61456250244173,0.8050244189798832,correlated_log_uniform_axes,v6p1i12_0107
silicon_die_lower,135.89489990845323,135.89489990845323,135.89489990845323,0.7178979981690645,isotropic_linear,v6p1i12_0107
tim_between_dies,1.7508647745184331,1.7508647745184331,1.7508647745184331,0.15894493460655212,isotropic_log_uniform,v6p1i12_0107
silicon_die_upper,111.8426010478288,111.8426010478288,111.8426010478288,0.23685202095657587,isotropic_linear,v6p1i12_0107
tim_to_spreader,2.275988691411367,2.275988691411367,2.275988691411367,0.31059034913778305,isotropic_log_uniform,v6p1i12_0107
spreader,397.96951674390584,397.96951674390584,397.96951674390584,0.8646344495937228,isotropic_linear,v6p1i12_0107
pcb_fr4_equivalent,0.8905076915539786,0.8905076915539786,0.3339403843327419,0.7401593318209052,correlated_log_uniform_axes,v6p1i12_0108
bt_substrate_with_vias,0.19813163814872695,0.19813163814872695,0.48542251346438114,0.4789693281054497,correlated_log_uniform_axes,v6p1i12_0108
silicon_interposer_tsv_0p1,143.97835434414446,143.97835434414446,147.9747467348352,0.7992784781381488,correlated_linear_axes,v6p1i12_0108
bump_underfill_under_interposer,0.7314820122208779,0.7314820122208779,5.973769766470502,0.9439809564501047,correlated_log_uniform_axes,v6p1i12_0108
silicon_die_lower,130.1275784149766,130.1275784149766,130.1275784149766,0.6025515682995319,isotropic_linear,v6p1i12_0108
tim_between_dies,3.0040799670511835,3.0040799670511835,3.0040799670511835,0.4710534019395709,isotropic_log_uniform,v6p1i12_0108
silicon_die_upper,141.88446407206357,141.88446407206357,141.88446407206357,0.8376892814412713,isotropic_linear,v6p1i12_0108
tim_to_spreader,3.990479272718305,3.990479272718305,3.990479272718305,0.6352067440748215,isotropic_log_uniform,v6p1i12_0108
spreader,387.2968416288495,387.2968416288495,387.2968416288495,0.15312277525663376,isotropic_linear,v6p1i12_0108
pcb_fr4_equivalent,0.6729302523384593,0.6729302523384593,0.25234884462692225,0.11242429073899984,correlated_log_uniform_axes,v6p1i12_0109
bt_substrate_with_vias,0.22540350384540506,0.22540350384540506,0.5522385844212424,0.7679324122145772,correlated_log_uniform_axes,v6p1i12_0109
silicon_interposer_tsv_0p1,127.71849266253412,127.71849266253412,129.0049081062898,0.25728308875113726,correlated_linear_axes,v6p1i12_0109
bump_underfill_under_interposer,0.5808003189843003,0.5808003189843003,4.7432026050384515,0.4271261878311634,correlated_log_uniform_axes,v6p1i12_0109
silicon_die_lower,113.47264214418828,113.47264214418828,113.47264214418828,0.2694528428837657,isotropic_linear,v6p1i12_0109
tim_between_dies,7.321938593220939,7.321938593220939,7.321938593220939,0.986108829267323,isotropic_log_uniform,v6p1i12_0109
silicon_die_upper,103.06762931868434,103.06762931868434,103.06762931868434,0.06135258637368679,isotropic_linear,v6p1i12_0109
tim_to_spreader,2.9595623204070165,2.9595623204070165,2.9595623204070165,0.4624219899997115,isotropic_log_uniform,v6p1i12_0109
spreader,399.52555030584335,399.52555030584335,399.52555030584335,0.9683700203895569,isotropic_linear,v6p1i12_0109
pcb_fr4_equivalent,0.7212586141788296,0.7212586141788296,0.27047198031706104,0.26783114299178123,correlated_log_uniform_axes,v6p1i12_0110
bt_substrate_with_vias,0.1674933255138491,0.1674933255138491,0.41035864750893036,0.10255659930408001,correlated_log_uniform_axes,v6p1i12_0110
silicon_interposer_tsv_0p1,137.692731320858,137.692731320858,140.64151987433434,0.5897577106952667,correlated_linear_axes,v6p1i12_0110
bump_underfill_under_interposer,0.601218182442276,0.601218182442276,4.909948489945253,0.504544710740447,correlated_log_uniform_axes,v6p1i12_0110
silicon_die_lower,110.99416757933795,110.99416757933795,110.99416757933795,0.2198833515867591,isotropic_linear,v6p1i12_0110
tim_between_dies,3.8182147179402937,3.8182147179402937,3.8182147179402937,0.609694940969348,isotropic_log_uniform,v6p1i12_0110
silicon_die_upper,131.09131339006126,131.09131339006126,131.09131339006126,0.6218262678012252,isotropic_linear,v6p1i12_0110
tim_to_spreader,1.9835968230882723,1.9835968230882723,1.9835968230882723,0.23109629843384027,isotropic_log_uniform,v6p1i12_0110
spreader,395.44720944948494,395.44720944948494,395.44720944948494,0.696480629965663,isotropic_linear,v6p1i12_0110
pcb_fr4_equivalent,0.9543093355497574,0.9543093355497574,0.357866000831159,0.8952077962458134,correlated_log_uniform_axes,v6p1i12_0111
bt_substrate_with_vias,0.21306382146446626,0.21306382146446626,0.5220063625879424,0.6417795522138476,correlated_log_uniform_axes,v6p1i12_0111
silicon_interposer_tsv_0p1,123.24946912005544,123.24946912005544,123.79104730673134,0.10831563733518124,correlated_linear_axes,v6p1i12_0111
bump_underfill_under_interposer,0.505638460819842,0.505638460819842,4.129380763362043,0.11659715324640274,correlated_log_uniform_axes,v6p1i12_0111
silicon_die_lower,145.10520435869694,145.10520435869694,145.10520435869694,0.9021040871739388,isotropic_linear,v6p1i12_0111
tim_between_dies,1.5742375760585747,1.5742375760585747,1.5742375760585747,0.09746764600276947,isotropic_log_uniform,v6p1i12_0111
silicon_die_upper,113.85956406593323,113.85956406593323,113.85956406593323,0.27719128131866455,isotropic_linear,v6p1i12_0111
tim_to_spreader,6.7237587684929725,6.7237587684929725,6.7237587684929725,0.936836352571845,isotropic_log_uniform,v6p1i12_0111
spreader,390.7771144155413,390.7771144155413,390.7771144155413,0.3851409610360861,isotropic_linear,v6p1i12_0111
pcb_fr4_equivalent,0.9659243170136055,0.9659243170136055,0.362221618880102,0.9223150424659252,correlated_log_uniform_axes,v6p1i12_0112
bt_substrate_with_vias,0.16675178755377582,0.16675178755377582,0.40854187950675086,0.09261434897780418,correlated_log_uniform_axes,v6p1i12_0112
silicon_interposer_tsv_0p1,147.75410450063646,147.75410450063646,152.37978858407587,0.925136816687882,correlated_linear_axes,v6p1i12_0112
bump_underfill_under_interposer,0.6998685522820852,0.6998685522820852,5.715593176970362,0.8449861733242869,correlated_log_uniform_axes,v6p1i12_0112
silicon_die_lower,123.03547859191895,123.03547859191895,123.03547859191895,0.4607095718383789,isotropic_linear,v6p1i12_0112
tim_between_dies,7.063864269652648,7.063864269652648,7.063864269652648,0.965363971889019,isotropic_log_uniform,v6p1i12_0112
silicon_die_upper,105.27479364536703,105.27479364536703,105.27479364536703,0.10549587290734053,isotropic_linear,v6p1i12_0112
tim_to_spreader,1.9038122065992087,1.9038122065992087,1.9038122065992087,0.207362181507051,isotropic_log_uniform,v6p1i12_0112
spreader,388.89021369162947,388.89021369162947,388.89021369162947,0.2593475794419646,isotropic_linear,v6p1i12_0112
pcb_fr4_equivalent,0.7327415815573556,0.7327415815573556,0.27477809308400836,0.3032238967716694,correlated_log_uniform_axes,v6p1i12_0113
bt_substrate_with_vias,0.21509817009072793,0.21509817009072793,0.5269905167222834,0.6630725199356675,correlated_log_uniform_axes,v6p1i12_0113
silicon_interposer_tsv_0p1,131.4354129228741,131.4354129228741,133.34131507668644,0.38118043076246977,correlated_linear_axes,v6p1i12_0113
bump_underfill_under_interposer,0.5410066848746758,0.5410066848746758,4.418221259809852,0.26809094566851854,correlated_log_uniform_axes,v6p1i12_0113
silicon_die_lower,133.45574545674026,133.45574545674026,133.45574545674026,0.6691149091348052,isotropic_linear,v6p1i12_0113
tim_between_dies,2.907838198257173,2.907838198257173,2.907838198257173,0.4522287603467703,isotropic_log_uniform,v6p1i12_0113
silicon_die_upper,138.0430357530713,138.0430357530713,138.0430357530713,0.7608607150614262,isotropic_linear,v6p1i12_0113
tim_to_spreader,6.120044175438302,6.120044175438302,6.120044175438302,0.8824473172426224,isotropic_log_uniform,v6p1i12_0113
spreader,393.5950983176008,393.5950983176008,393.5950983176008,0.5730065545067191,isotropic_linear,v6p1i12_0113
pcb_fr4_equivalent,0.6649833436713368,0.6649833436713368,0.24936875387675128,0.08580534067004919,correlated_log_uniform_axes,v6p1i12_0114
bt_substrate_with_vias,0.1970274418650608,0.1970274418650608,0.482717232569399,0.4664468262344599,correlated_log_uniform_axes,v6p1i12_0114
silicon_interposer_tsv_0p1,141.40965538099408,141.40965538099408,144.97793127782643,0.7136551793664694,correlated_linear_axes,v6p1i12_0114
bump_underfill_under_interposer,0.6442463815116324,0.6442463815116324,5.261345449011664,0.6594300558790565,correlated_log_uniform_axes,v6p1i12_0114
silicon_die_lower,142.18408963643014,142.18408963643014,142.18408963643014,0.8436817927286029,isotropic_linear,v6p1i12_0114
tim_between_dies,1.5185896170753772,1.5185896170753772,1.5185896170753772,0.07666140515357256,isotropic_log_uniform,v6p1i12_0114
silicon_die_upper,116.06676750816405,116.06676750816405,116.06676750816405,0.32133535016328096,isotropic_linear,v6p1i12_0114
tim_to_spreader,4.269824278911507,4.269824278911507,4.269824278911507,0.6743235792964697,isotropic_log_uniform,v6p1i12_0114
spreader,397.60385954286903,397.60385954286903,397.60385954286903,0.8402573028579354,isotropic_linear,v6p1i12_0114
pcb_fr4_equivalent,0.8763613362768886,0.8763613362768886,0.32863550110383316,0.7042782818898559,correlated_log_uniform_axes,v6p1i12_0115
bt_substrate_with_vias,0.22729678452579138,0.22729678452579138,0.5568771220881891,0.7866746922954917,correlated_log_uniform_axes,v6p1i12_0115
silicon_interposer_tsv_0p1,127.0252226293087,127.0252226293087,128.19609306752682,0.23417408764362335,correlated_linear_axes,v6p1i12_0115
bump_underfill_under_interposer,0.5256641320168092,0.5256641320168092,4.292923744803941,0.20362760219722986,correlated_log_uniform_axes,v6p1i12_0115
silicon_die_lower,101.8078176304698,101.8078176304698,101.8078176304698,0.03615635260939598,isotropic_linear,v6p1i12_0115
tim_between_dies,3.6962783864012225,3.6962783864012225,3.6962783864012225,0.5909309713169932,isotropic_log_uniform,v6p1i12_0115
silicon_die_upper,127.24994132295251,127.24994132295251,127.24994132295251,0.5449988264590502,isotropic_linear,v6p1i12_0115
tim_to_spreader,2.99955538649602,2.99955538649602,2.99955538649602,0.47018200252205133,isotropic_log_uniform,v6p1i12_0115
spreader,385.45754787977785,385.45754787977785,385.45754787977785,0.030503191985189915,isotropic_linear,v6p1i12_0115
pcb_fr4_equivalent,0.8015773265314827,0.8015773265314827,0.30059149744930597,0.5044135646894574,correlated_log_uniform_axes,v6p1i12_0116
bt_substrate_with_vias,0.18047291159311862,0.18047291159311862,0.4421586334031407,0.2697969004511833,correlated_log_uniform_axes,v6p1i12_0116
silicon_interposer_tsv_0p1,128.59842295758426,128.59842295758426,130.03149345051497,0.28661409858614206,correlated_linear_axes,v6p1i12_0116
bump_underfill_under_interposer,0.48982138868556263,0.48982138868556263,4.000208007598761,0.04538492765277624,correlated_log_uniform_axes,v6p1i12_0116
silicon_die_lower,107.18494327738881,107.18494327738881,107.18494327738881,0.14369886554777622,isotropic_linear,v6p1i12_0116
tim_between_dies,5.115799050205493,5.115799050205493,5.115799050205493,0.7788263335824013,isotropic_log_uniform,v6p1i12_0116
silicon_die_upper,119.01059309020638,119.01059309020638,119.01059309020638,0.3802118618041277,isotropic_linear,v6p1i12_0116
tim_to_spreader,3.646343041799248,3.646343041799248,3.646343041799248,0.583067455329001,isotropic_log_uniform,v6p1i12_0116
spreader,399.86191063188016,399.86191063188016,399.86191063188016,0.9907940421253443,isotropic_linear,v6p1i12_0116
pcb_fr4_equivalent,0.6774460633568669,0.6774460633568669,0.25404227375882504,0.12741072196513414,correlated_log_uniform_axes,v6p1i12_0117
bt_substrate_with_vias,0.24787741456269988,0.24787741456269988,0.6072996656786147,0.9808943839743733,correlated_log_uniform_axes,v6p1i12_0117
silicon_interposer_tsv_0p1,142.98306402750313,142.98306402750313,146.81357469875365,0.7661021342501044,correlated_linear_axes,v6p1i12_0117
bump_underfill_under_interposer,0.6250176949422039,0.6250176949422039,5.104311175361333,0.5915336916223168,correlated_log_uniform_axes,v6p1i12_0117
silicon_die_lower,148.9162436220795,148.9162436220795,148.9162436220795,0.9783248724415898,isotropic_linear,v6p1i12_0117
tim_between_dies,2.0989345704953006,2.0989345704953006,2.0989345704953006,0.26377092860639095,isotropic_log_uniform,v6p1i12_0117
silicon_die_upper,136.05009042657912,136.05009042657912,136.05009042657912,0.7210018085315824,isotropic_linear,v6p1i12_0117
tim_to_spreader,2.073813300397073,2.073813300397073,2.073813300397073,0.25680982880294323,isotropic_log_uniform,v6p1i12_0117
spreader,387.66251916997135,387.66251916997135,387.66251916997135,0.1775012779980898,isotropic_linear,v6p1i12_0117
pcb_fr4_equivalent,0.7900102541852679,0.7900102541852679,0.29625384531947546,0.47184368036687374,correlated_log_uniform_axes,v6p1i12_0118
bt_substrate_with_vias,0.17090003248484031,0.17090003248484031,0.41870507958785874,0.14767391793429852,correlated_log_uniform_axes,v6p1i12_0118
silicon_interposer_tsv_0p1,122.2523502074182,122.2523502074182,122.62774190865457,0.07507834024727345,correlated_linear_axes,v6p1i12_0118
bump_underfill_under_interposer,0.5949191884578137,0.5949191884578137,4.858506705738812,0.48094482999294996,correlated_log_uniform_axes,v6p1i12_0118
silicon_die_lower,126.32133145816624,126.32133145816624,126.32133145816624,0.5264266291633248,isotropic_linear,v6p1i12_0118
tim_between_dies,1.6949621023211914,1.6949621023211914,1.6949621023211914,0.14018504042178392,isotropic_log_uniform,v6p1i12_0118
silicon_die_upper,107.83033091574907,107.83033091574907,107.83033091574907,0.15660661831498146,isotropic_linear,v6p1i12_0118
tim_to_spreader,1.4517299983121252,1.4517299983121252,1.4517299983121252,0.05063062161207199,isotropic_log_uniform,v6p1i12_0118
spreader,391.14391596987844,391.14391596987844,391.14391596987844,0.4095943979918957,isotropic_linear,v6p1i12_0118
pcb_fr4_equivalent,0.9350248585294261,0.9350248585294261,0.3506343219485348,0.849464250728488,correlated_log_uniform_axes,v6p1i12_0119
bt_substrate_with_vias,0.20992389977587236,0.20992389977587236,0.5143135544508873,0.6085124714300036,correlated_log_uniform_axes,v6p1i12_0119
silicon_interposer_tsv_0p1,138.57083525508642,138.57083525508642,141.6659744642675,0.6190278418362141,correlated_linear_axes,v6p1i12_0119
bump_underfill_under_interposer,0.7191878468281987,0.7191878468281987,5.873367415763622,0.9060008199885488,correlated_log_uniform_axes,v6p1i12_0119
silicon_die_lower,117.28050736710429,117.28050736710429,117.28050736710429,0.34561014734208584,isotropic_linear,v6p1i12_0119
tim_between_dies,4.111024553893047,4.111024553893047,4.111024553893047,0.652412342838943,isotropic_log_uniform,v6p1i12_0119
silicon_die_upper,147.2300426568836,147.2300426568836,147.2300426568836,0.944600853137672,isotropic_linear,v6p1i12_0119
tim_to_spreader,5.725542686277304,5.725542686277304,5.725542686277304,0.8439255794510245,isotropic_log_uniform,v6p1i12_0119
spreader,395.7847344689071,395.7847344689071,395.7847344689071,0.7189822979271412,isotropic_linear,v6p1i12_0119
pcb_fr4_equivalent,0.905843256565355,0.905843256565355,0.33969122121200807,0.7784184366464615,correlated_log_uniform_axes,v6p1i12_0120
bt_substrate_with_vias,0.19045347958170553,0.19045347958170553,0.4666110249751786,0.3904082076624036,correlated_log_uniform_axes,v6p1i12_0120
silicon_interposer_tsv_0p1,120.858363378793,120.858363378793,121.00142394192517,0.028612112626433372,correlated_linear_axes,v6p1i12_0120
bump_underfill_under_interposer,0.6094955351619814,0.6094955351619814,4.977546870489514,0.5351835582405329,correlated_log_uniform_axes,v6p1i12_0120
silicon_die_lower,137.4291012994945,137.4291012994945,137.4291012994945,0.7485820259898901,isotropic_linear,v6p1i12_0120
tim_between_dies,3.514094167295276,3.514094167295276,3.514094167295276,0.5617097299546003,isotropic_log_uniform,v6p1i12_0120
silicon_die_upper,124.35476039536297,124.35476039536297,124.35476039536297,0.48709520790725946,isotropic_linear,v6p1i12_0120
tim_to_spreader,3.2950904514487003,3.2950904514487003,3.2950904514487003,0.524508323520422,isotropic_log_uniform,v6p1i12_0120
spreader,398.32313479389995,398.32313479389995,398.32313479389995,0.8882089862599969,isotropic_linear,v6p1i12_0120
pcb_fr4_equivalent,0.7658548972792708,0.7658548972792708,0.28719558647972654,0.40226245671510696,correlated_log_uniform_axes,v6p1i12_0121
bt_substrate_with_vias,0.23560489894502862,0.23560489894502862,0.5772320024153201,0.8671154230833054,correlated_log_uniform_axes,v6p1i12_0121
silicon_interposer_tsv_0p1,136.18094757199287,136.18094757199287,138.87777216732502,0.5393649190664291,correlated_linear_axes,v6p1i12_0121
bump_underfill_under_interposer,0.49871706837311036,0.49871706837311036,4.072856058380401,0.08571350947022438,correlated_log_uniform_axes,v6p1i12_0121
silicon_die_lower,118.96447842009366,118.96447842009366,118.96447842009366,0.3792895684018731,isotropic_linear,v6p1i12_0121
tim_between_dies,1.434258433647474,1.434258433647474,1.434258433647474,0.04363065958023071,isotropic_log_uniform,v6p1i12_0121
silicon_die_upper,132.315272372216,132.315272372216,132.315272372216,0.6463054474443197,isotropic_linear,v6p1i12_0121
tim_to_spreader,2.3260724959661934,2.3260724959661934,2.3260724959661934,0.3231742484495044,isotropic_log_uniform,v6p1i12_0121
spreader,388.0298795318231,388.0298795318231,388.0298795318231,0.20199196878820658,isotropic_linear,v6p1i12_0121
pcb_fr4_equivalent,0.7138963390790792,0.7138963390790792,0.26771112715465467,0.24484147410839796,correlated_log_uniform_axes,v6p1i12_0122
bt_substrate_with_vias,0.16088864806376899,0.16088864806376899,0.394177187756234,0.012410583905875683,correlated_log_uniform_axes,v6p1i12_0122
silicon_interposer_tsv_0p1,130.92258579097688,130.92258579097688,132.7430167561397,0.36408619303256273,correlated_linear_axes,v6p1i12_0122
bump_underfill_under_interposer,0.7415525309499753,0.7415525309499753,6.056012336091464,0.9746190216392279,correlated_log_uniform_axes,v6p1i12_0122
silicon_die_lower,105.79339847899973,105.79339847899973,105.79339847899973,0.11586796957999468,isotropic_linear,v6p1i12_0122
tim_between_dies,2.746188242594815,2.746188242594815,2.746188242594815,0.4191621793434024,isotropic_log_uniform,v6p1i12_0122
silicon_die_upper,110.53507956676185,110.53507956676185,110.53507956676185,0.21070159133523703,isotropic_linear,v6p1i12_0122
tim_to_spreader,1.6504945451496824,1.6504945451496824,1.6504945451496824,0.12481529731303453,isotropic_log_uniform,v6p1i12_0122
spreader,391.9209666037932,391.9209666037932,391.9209666037932,0.4613977735862136,isotropic_linear,v6p1i12_0122
pcb_fr4_equivalent,0.8445223895738998,0.8445223895738998,0.31669589609021237,0.6213557822629809,correlated_log_uniform_axes,v6p1i12_0123
bt_substrate_with_vias,0.22250078407138765,0.22250078407138765,0.5451269209748999,0.7388894017785788,correlated_log_uniform_axes,v6p1i12_0123
silicon_interposer_tsv_0p1,144.42812726832926,144.42812726832926,148.4994818130508,0.8142709089443088,correlated_linear_axes,v6p1i12_0123
bump_underfill_under_interposer,0.5728503707639426,0.5728503707639426,4.678278027905531,0.3962436839938164,correlated_log_uniform_axes,v6p1i12_0123
silicon_die_lower,138.10084061697125,138.10084061697125,138.10084061697125,0.7620168123394251,isotropic_linear,v6p1i12_0123
tim_between_dies,6.716110171479771,6.716110171479771,6.716110171479771,0.9361783312633634,isotropic_log_uniform,v6p1i12_0123
silicon_die_upper,146.13535851240158,146.13535851240158,146.13535851240158,0.9227071702480316,isotropic_linear,v6p1i12_0123
tim_to_spreader,5.244461902095128,5.244461902095128,5.244461902095128,0.7931864503771067,isotropic_log_uniform,v6p1i12_0123
spreader,394.77285294327885,394.77285294327885,394.77285294327885,0.6515235295519233,isotropic_linear,v6p1i12_0123
pcb_fr4_equivalent,0.8614972975781856,0.8614972975781856,0.32306148659181955,0.6659474158659577,correlated_log_uniform_axes,v6p1i12_0124
bt_substrate_with_vias,0.174369408522338,0.174369408522338,0.42720505087972815,0.19270615372806787,correlated_log_uniform_axes,v6p1i12_0124
silicon_interposer_tsv_0p1,139.08385461196303,139.08385461196303,142.2644970472902,0.6361284870654345,correlated_linear_axes,v6p1i12_0124
bump_underfill_under_interposer,0.5623309704732626,0.5623309704732626,4.5923695921983105,0.3547144588083029,correlated_log_uniform_axes,v6p1i12_0124
silicon_die_lower,146.60296645015478,146.60296645015478,146.60296645015478,0.9320593290030956,isotropic_linear,v6p1i12_0124
tim_between_dies,4.8524837763478015,4.8524837763478015,4.8524837763478015,0.7482764255255461,isotropic_log_uniform,v6p1i12_0124
silicon_die_upper,101.34740471839905,101.34740471839905,101.34740471839905,0.026948094367980957,isotropic_linear,v6p1i12_0124
tim_to_spreader,1.7200774161872279,1.7200774161872279,1.7200774161872279,0.14868866093456745,isotropic_log_uniform,v6p1i12_0124
spreader,390.4276161827147,390.4276161827147,390.4276161827147,0.3618410788476467,isotropic_linear,v6p1i12_0124
pcb_fr4_equivalent,0.6532772261105175,0.6532772261105175,0.24497895979144407,0.04600940737873316,correlated_log_uniform_axes,v6p1i12_0125
bt_substrate_with_vias,0.20543279629029415,0.20543279629029415,0.5033103509112208,0.5600545890629292,correlated_log_uniform_axes,v6p1i12_0125
silicon_interposer_tsv_0p1,125.578135214746,125.578135214746,126.50782441720366,0.18593784049153328,correlated_linear_axes,v6p1i12_0125
bump_underfill_under_interposer,0.6781603302099176,0.6781603302099176,5.538309363380993,0.7743840888142586,correlated_log_uniform_axes,v6p1i12_0125
silicon_die_lower,109.40055227838457,109.40055227838457,109.40055227838457,0.18801104556769133,isotropic_linear,v6p1i12_0125
tim_between_dies,1.9869107231880212,1.9869107231880212,1.9869107231880212,0.23206134140491486,isotropic_log_uniform,v6p1i12_0125
silicon_die_upper,143.57915404252708,143.57915404252708,143.57915404252708,0.8715830808505416,isotropic_linear,v6p1i12_0125
tim_to_spreader,6.866028940047954,6.866028940047954,6.866028940047954,0.9489415036514401,isotropic_log_uniform,v6p1i12_0125
spreader,393.23002671822906,393.23002671822906,393.23002671822906,0.548668447881937,isotropic_linear,v6p1i12_0125
pcb_fr4_equivalent,0.7403652443528963,0.7403652443528963,0.2776369666323361,0.32641647197306156,correlated_log_uniform_axes,v6p1i12_0126
bt_substrate_with_vias,0.18443911174106142,0.18443911174106142,0.4518758237656005,0.31850702222436666,correlated_log_uniform_axes,v6p1i12_0126
silicon_interposer_tsv_0p1,149.1497292649001,149.1497292649001,154.00801747571677,0.9716576421633363,correlated_linear_axes,v6p1i12_0126
bump_underfill_under_interposer,0.516745107267829,0.516745107267829,4.22008504268727,0.16528289951384068,correlated_log_uniform_axes,v6p1i12_0126
silicon_die_lower,114.95506498031318,114.95506498031318,114.95506498031318,0.29910129960626364,isotropic_linear,v6p1i12_0126
tim_between_dies,2.4605521011986795,2.4605521011986795,2.4605521011986795,0.355667601339519,isotropic_log_uniform,v6p1i12_0126
silicon_die_upper,115.55546997115016,115.55546997115016,115.55546997115016,0.3111093994230032,isotropic_linear,v6p1i12_0126
tim_to_spreader,4.855391490919449,4.855391490919449,4.855391490919449,0.7486227480694652,isotropic_log_uniform,v6p1i12_0126
spreader,396.82818225584924,396.82818225584924,396.82818225584924,0.7885454837232828,isotropic_linear,v6p1i12_0126
pcb_fr4_equivalent,0.9761866866497116,0.9761866866497116,0.36607000749364177,0.9459956753998995,correlated_log_uniform_axes,v6p1i12_0127
bt_substrate_with_vias,0.24291646711398424,0.24291646711398424,0.5951453444292615,0.9355946201831102,correlated_log_uniform_axes,v6p1i12_0127
silicon_interposer_tsv_0p1,133.8273247797042,133.8273247797042,136.13187890965492,0.46091082599014044,correlated_linear_axes,v6p1i12_0127
bump_underfill_under_interposer,0.6600869979187487,0.6600869979187487,5.390710483003113,0.7138578183948994,correlated_log_uniform_axes,v6p1i12_0127
silicon_die_lower,128.5491295158863,128.5491295158863,128.5491295158863,0.5709825903177261,isotropic_linear,v6p1i12_0127
tim_between_dies,6.038262909748529,6.038262909748529,6.038262909748529,0.8746698098257184,isotropic_log_uniform,v6p1i12_0127
silicon_die_upper,129.37230472452939,129.37230472452939,129.37230472452939,0.5874460944905877,isotropic_linear,v6p1i12_0127
tim_to_spreader,2.746905900598254,2.746905900598254,2.746905900598254,0.4193132407963276,isotropic_log_uniform,v6p1i12_0127
spreader,386.4671406429261,386.4671406429261,386.4671406429261,0.09780937619507313,isotropic_linear,v6p1i12_0127
