checkpoint,epoch,sha256,parameter_count,point_global_relative_rmse_pct,sample_first_cv_relative_rmse_pct,raw_cv_weighted_rmse_K,amplitude_ratio,spatial_correlation,hotspot_cv_weighted_rmse_K,top5_cv_weighted_rmse_K,strong_q_cv_weighted_rmse_K,low_deltaT_background_bias_K,low_deltaT_background_rmse_K,low_deltaT_background_over_ratio,shape_cv_rmse,scale_log_rmse,legacy_normalized_valid_base_mse
point_global_best,18,6f284d2b17475950e64080f9b810f6f506e8122c5c4c8d3aee7774fad766bcfe,893736,22.39006642146409,20.936297116869994,0.15992320182169667,1.00463255768206,0.9815423633332212,0.30193286578202483,0.4669981920583919,0.3678839019797283,0.004671515657387322,0.018134013304790933,0.4146970769399274,0.14569734600884438,0.19207069803921933,0.03262806095527534
sample_first_best,25,51e2a18105195e2ee423d3f1d9b6c71c9d9a1d872850a6d8199eb6f6219d9e36,893736,22.64194906695794,20.840604315818112,0.16171305967636423,0.9882757206347447,0.9815428523955165,0.3039187692182976,0.4728469811259044,0.36951457944915356,0.004352525497289346,0.01799191472778114,0.4051926975931436,0.1456966668587072,0.19625525192803792,0.03336630530570234
legacy_best,18,fb93df1389cf17d54038b3623bb7868fa6b46b6194ceb5bcebf9183de68a0082,893736,22.390483665354086,20.93660996176642,0.15992631020698794,1.0046348340567506,0.9815423386925618,0.30193648924848066,0.4670093704919769,0.36788819700629344,0.00467174460684101,0.018134039740577715,0.41466200354237054,0.14569792858543487,0.19207558349708367,0.032629277029017
final,100,ef8580ea778f8a9d7958ce55b9633c2c28aab944b112eccf34035a585de837e1,893736,22.59659642947994,20.93966982581293,0.1613429333404685,0.9930671895194095,0.9815432422631518,0.3039138232738938,0.47203697696810615,0.3703207393468343,0.004239722000456702,0.017926359419327055,0.4054902456629417,0.14569469522212258,0.19835560755437268,0.0332327713597482
