{
  "coverage": {
    "V38": {
      "Q4_mean_nn_distance": 1.4602775045858265,
      "rest_mean_nn_distance": 1.5125221511933704,
      "top10_mean_nn_distance": 1.6410513085319927
    },
    "V42": {
      "Q4_mean_nn_distance": 1.4602775045858265,
      "rest_mean_nn_distance": 1.5171328132394581,
      "top10_mean_nn_distance": 1.5866454963881569
    },
    "V44": {
      "Q4_mean_nn_distance": 1.4602775045858265,
      "rest_mean_nn_distance": 1.5210289732844664,
      "top10_mean_nn_distance": 1.5406708078570608
    },
    "V45": {
      "Q4_mean_nn_distance": 1.4602775045858265,
      "rest_mean_nn_distance": 1.5210289732844664,
      "top10_mean_nn_distance": 1.5406708078570608
    },
    "V46": {
      "Q4_mean_nn_distance": 1.4602775045858265,
      "rest_mean_nn_distance": 1.5151922803332953,
      "top10_mean_nn_distance": 1.609543784680877
    },
    "distance_quantiles": {
      "max": 4.873136504531314,
      "median": 1.4492547776931646,
      "min": 0.6590226920153434,
      "q25": 1.1335634662108403,
      "q75": 1.7031444266500821
    },
    "feature_count": 24,
    "train_fit_count": 672,
    "valid_query_count": 128
  },
  "difficult_sample_overlap": {
    "V38_V42": {
      "top10": {
        "intersection_count": 8,
        "jaccard": 0.6666666666666666
      },
      "top5": {
        "intersection_count": 5,
        "jaccard": 1.0
      }
    },
    "V38_V44": {
      "top10": {
        "intersection_count": 8,
        "jaccard": 0.6666666666666666
      },
      "top5": {
        "intersection_count": 5,
        "jaccard": 1.0
      }
    },
    "V38_V45": {
      "top10": {
        "intersection_count": 8,
        "jaccard": 0.6666666666666666
      },
      "top5": {
        "intersection_count": 5,
        "jaccard": 1.0
      }
    },
    "V38_V46": {
      "top10": {
        "intersection_count": 8,
        "jaccard": 0.6666666666666666
      },
      "top5": {
        "intersection_count": 5,
        "jaccard": 1.0
      }
    },
    "V42_V44": {
      "top10": {
        "intersection_count": 8,
        "jaccard": 0.6666666666666666
      },
      "top5": {
        "intersection_count": 5,
        "jaccard": 1.0
      }
    },
    "V42_V45": {
      "top10": {
        "intersection_count": 8,
        "jaccard": 0.6666666666666666
      },
      "top5": {
        "intersection_count": 5,
        "jaccard": 1.0
      }
    },
    "V42_V46": {
      "top10": {
        "intersection_count": 8,
        "jaccard": 0.6666666666666666
      },
      "top5": {
        "intersection_count": 5,
        "jaccard": 1.0
      }
    },
    "V44_V45": {
      "top10": {
        "intersection_count": 10,
        "jaccard": 1.0
      },
      "top5": {
        "intersection_count": 5,
        "jaccard": 1.0
      }
    },
    "V44_V46": {
      "top10": {
        "intersection_count": 9,
        "jaccard": 0.8181818181818182
      },
      "top5": {
        "intersection_count": 5,
        "jaccard": 1.0
      }
    },
    "V45_V46": {
      "top10": {
        "intersection_count": 9,
        "jaccard": 0.8181818181818182
      },
      "top5": {
        "intersection_count": 5,
        "jaccard": 1.0
      }
    }
  },
  "inputs": {
    "evaluator_artifacts": {
      "configs/heat3d_v5/gate6q/gate6q_final_closeout.json": {
        "bytes": 3769415,
        "sha256": "afeabbc2b82bcb6758ce9d03014635897e9c862502559466f3f70dbdff6246dd"
      },
      "configs/heat3d_v5/gate6r_closeout/evaluator/V38_gate6r_cpu_replay.json": {
        "bytes": 867351,
        "sha256": "873f770fbd81806f44df75a1ab0216d76d3a9464166e045f45dc074433c91492"
      },
      "configs/heat3d_v5/gate6r_closeout/evaluator/V45_gate6r_cpu_replay.json": {
        "bytes": 867619,
        "sha256": "7cde8e7f7dabe87940f972cd680d0a679b6b043a12e885b60c3618088fb228db"
      },
      "configs/heat3d_v5/gate6r_closeout/evaluator/V46_gate6r_cpu_replay.json": {
        "bytes": 867318,
        "sha256": "1666f157e5b1fa51234fbfccd32d95cea0c3e5760dcbc22501cf49f011610fd2"
      }
    },
    "metric_source_sha256": "df59fe9df738a6b2568a8eb6c67b3a8d303f8255b6122a54eccfe099b1bae265",
    "models": {
      "V38": "V4P5_38_gate6n_v36_r2r_mask_p005_e600",
      "V42": "V4P5_42_gate6q_objective_only_e600",
      "V44": "V4P5_44_gate6q_xy_deepsets_e600",
      "V45": "V4P5_45_gate6r_deepsets_only_e600",
      "V46": "V4P5_46_gate6r_objective_deepsets_e600"
    }
  },
  "physical_feature_error_correlations": {
    "V38": {
      "anisotropy_xy_over_z": {
        "pearson": -0.046567285948847216,
        "spearman": 0.05400784017859585
      },
      "q_low_k_overlap_fraction": {
        "pearson": -0.04080929015909361,
        "spearman": 0.21832346047830556
      },
      "q_weighted_inverse_kz_mK_W": {
        "pearson": 0.25488897490203416,
        "spearman": 0.4161096868705365
      },
      "source_active_z_layer_fraction": {
        "pearson": -0.04335785356583254,
        "spearman": 0.044065344032513803
      },
      "source_concentration": {
        "pearson": -0.013644967100437186,
        "spearman": 0.1426135323200879
      },
      "source_present_volume_fraction": {
        "pearson": -0.0023994152940458847,
        "spearman": -0.07643171378877024
      },
      "stack_conductivity_transition_fraction": {
        "pearson": 0.11568588924533582,
        "spearman": 0.022107550513801064
      },
      "stack_unique_conductivity_triplets": {
        "pearson": 0.11900472837273207,
        "spearman": 0.01122089193788168
      },
      "top_h_W_m2K": {
        "pearson": 0.06104783371487385,
        "spearman": -0.0506718091924556
      },
      "train_nn_distance_24d": {
        "pearson": 0.014016053913761853,
        "spearman": -0.011095724226332173
      }
    },
    "V42": {
      "anisotropy_xy_over_z": {
        "pearson": -0.0617399110377157,
        "spearman": 0.04674961930411973
      },
      "q_low_k_overlap_fraction": {
        "pearson": -0.07517623815068553,
        "spearman": 0.23739202601642279
      },
      "q_weighted_inverse_kz_mK_W": {
        "pearson": 0.16197315749742766,
        "spearman": 0.40271355978758466
      },
      "source_active_z_layer_fraction": {
        "pearson": -0.06796581953526885,
        "spearman": 0.007202988928391679
      },
      "source_concentration": {
        "pearson": -0.0006285433115195953,
        "spearman": 0.16790651895257278
      },
      "source_present_volume_fraction": {
        "pearson": -0.03152931294563008,
        "spearman": -0.12034948262721724
      },
      "stack_conductivity_transition_fraction": {
        "pearson": 0.09501830100796906,
        "spearman": -0.02529858022164332
      },
      "stack_unique_conductivity_triplets": {
        "pearson": 0.10117877438918196,
        "spearman": -0.026122083245150494
      },
      "top_h_W_m2K": {
        "pearson": 0.0800161238687236,
        "spearman": -0.0718217817249588
      },
      "train_nn_distance_24d": {
        "pearson": -0.010460606264843485,
        "spearman": -0.012760941219556858
      }
    },
    "V44": {
      "anisotropy_xy_over_z": {
        "pearson": -0.07059931594008496,
        "spearman": 0.062417245965756506
      },
      "q_low_k_overlap_fraction": {
        "pearson": -0.08497283535437519,
        "spearman": 0.216843631960082
      },
      "q_weighted_inverse_kz_mK_W": {
        "pearson": 0.17509117824755416,
        "spearman": 0.4260265976927302
      },
      "source_active_z_layer_fraction": {
        "pearson": -0.061585207178642715,
        "spearman": 0.01694820924327454
      },
      "source_concentration": {
        "pearson": 0.003973278349844528,
        "spearman": 0.17365752609412194
      },
      "source_present_volume_fraction": {
        "pearson": -0.021632740987827772,
        "spearman": -0.12201833490352802
      },
      "stack_conductivity_transition_fraction": {
        "pearson": 0.11126113855608363,
        "spearman": 0.013235520947300254
      },