sample_id,seed,model,label,sse,truth_sse,cv_sse,cv_truth_energy,absolute_error_sum,node_count,hotspot_sse,hotspot_count,sample_first_relative_rmse_pct,point_global_relative_rmse_pct,rmse_K,mae_K,peak_temperature_absolute_error_K,true_hotspot_region_rmse_K
v6p1if1_0003,0,Heat3D,heat3d_seed0,627334.5541883346,5441089515.359932,1.1533975837770215e-06,0.008987099946109054,349261.40760040283,240825,17966.700331493514,2409,1.1328691043831212,1.0737586349086317,1.6139824956505295,1.450270559951844,1.2570037841796875,2.730962659793766
v6p1if1_0003,1,Heat3D,heat3d_seed1,1035089.0862080695,5441089515.359932,1.8447354130276187e-06,0.008987099946109054,451183.4542312622,240825,23099.7623236489,2409,1.4327065839834223,1.3792593264675144,2.0731851065120708,1.873490934210577,2.1921844482421875,3.096601755805761
v6p1if1_0003,2,Heat3D,heat3d_seed2,1367580.3074428292,5441089515.359932,2.6573521554776007e-06,0.008987099946109054,542675.287147522,240825,21929.357194218086,2409,1.7195498474493573,1.5853803967322326,2.383008737797994,2.2534009639677026,1.5619659423828125,3.0171336655711536
v6p1if1_0003,0,Therm-FM,thermfm_seed0,26507163.903457798,5441089515.359932,4.351223282099116e-05,0.008987099946109054,2498877.0486450195,240825,295631.73773235874,2409,6.9581838417295385,6.979731179234569,10.4913372348241,10.376319105761526,8.027847290039062,11.077892032208851
v6p1if1_0003,1,Therm-FM,thermfm_seed1,24192472.158133365,5441089515.359932,4.429185066895178e-05,0.008987099946109054,2386387.09576416,240825,333080.19039025693,2409,7.020242718710505,6.6680245408477905,10.022806373438161,9.909216633506322,9.14105224609375,11.758610428768732
v6p1if1_0003,2,Therm-FM,thermfm_seed2,46377317.66664198,5441089515.359932,8.151168801430272e-05,0.008987099946109054,3326663.9739990234,240825,490839.64989688806,2409,9.523578320549793,9.232299354331804,13.877205796594275,13.813615588078578,11.974655151367188,14.274188211811616
v6p1if1_0009,0,Heat3D,heat3d_seed0,67111.13234157265,189726243.94221354,9.55793409034347e-08,0.0003059346401210084,108419.24007034302,240825,1097.9789411322781,2409,1.7675336429353927,1.8807608624925987,0.5278937239946695,0.450199273623349,0.22407150268554688,0.6751163179861974
v6p1if1_0009,1,Heat3D,heat3d_seed1,190929.22089364636,189726243.94221354,2.88902021269901e-07,0.0003059346401210084,190971.10551834106,240825,1909.3569894272005,2409,3.0729887003192276,3.1722871769456233,0.8904005420438997,0.7929870466867687,1.0587348937988281,0.8902770286866089
v6p1if1_0009,2,Heat3D,heat3d_seed2,63652.61188810166,189726243.94221354,1.2792961577577952e-07,0.0003059346401210084,98089.29067993164,240825,1006.2338196473065,2409,2.044895978784734,1.831658096428936,0.5141115135325522,0.407305265981238,0.18837356567382812,0.6462953852928015
v6p1if1_0009,0,Therm-FM,thermfm_seed0,205270.4143825957,189726243.94221354,2.921121518906946e-07,0.0003059346401210084,158337.49597549438,240825,3425.489193716676,2409,3.0900142708238514,3.289269628807069,0.9232352864214076,0.657479480849141,11.018180847167969,1.192457476568149
v6p1if1_0009,1,Therm-FM,thermfm_seed1,581297.9154524549,189726243.94221354,9.309292289985993e-07,0.0003059346401210084,331340.8242492676,240825,3388.3747697368162,2409,5.516250836548273,5.535230087927817,1.5536335759406288,1.3758572583796016,13.594291687011719,1.1859798753482003
v6p1if1_0009,2,Therm-FM,thermfm_seed2,407431.91918120545,189726243.94221354,6.773663319583459e-07,0.0003059346401210084,252313.063331604,240825,2723.108583933914,2409,4.7054100573082795,4.634083130953137,1.3006988023228052,1.0477029516520462,11.877197265625,1.0631978252332457
v6p1if1_0017,0,Heat3D,heat3d_seed0,1216529.2423656161,1722431537.7740855,1.8462205784448487e-06,0.0026760564629318756,478793.54915237427,240825,75205.69887087093,2409,2.626601315602871,2.657604141926688,2.247555847335362,1.9881388940200322,2.8821029663085938,5.587364134408425
v6p1if1_0017,1,Heat3D,heat3d_seed1,1414664.8581354509,1722431537.7740855,2.0877972070344982e-06,0.0026760564629318756,534211.0736732483,240825,73269.37116556073,2409,2.7931645397923432,2.865865459624306,2.4236840129190087,2.2182542247409875,2.4055404663085938,5.5149659082069045
v6p1if1_0017,2,Heat3D,heat3d_seed2,572051.2553361366,1722431537.7740855,8.970505492169908e-07,0.0026760564629318756,292786.575466156,240825,50566.27873657568,2409,1.830883968580224,1.822411666969672,1.5412272782583816,1.2157648726924364,0.28382110595703125,4.581546483038846
v6p1if1_0017,0,Therm-FM,thermfm_seed0,587094.732202291,1722431537.7740855,7.339952631445419e-07,0.0026760564629318756,315052.8847541809,240825,17880.07997502247,2409,1.6561474198760706,1.8462185378376645,1.5613609283313843,1.3082233354268906,3.4397354125976562,2.724371500484759
v6p1if1_0017,1,Therm-FM,thermfm_seed1,279621.0730821973,1722431537.7740855,4.218199853160524e-07,0.0026760564629318756,188954.11129379272,240825,35419.16474817449,2409,1.2554977532431568,1.274130654534571,1.0775418948558382,0.7846116943581136,3.7045974731445312,3.8344295045864656
v6p1if1_0017,2,Therm-FM,thermfm_seed2,387927.9162733051,1722431537.7740855,7.487004684080631e-07,0.0026760564629318756,226654.0725479126,240825,43973.094765671296,2409,1.6726551658942186,1.5007368009684163,1.2691844203262745,0.9411567426467875,5.0932464599609375,4.27243157355557
v6p1if1_0019,0,Heat3D,heat3d_seed0,52193.58739604545,1269930200.947831,7.192879369242955e-08,0.0020813531653017933,88411.93907928467,240825,2588.747624667827,2409,0.5878662119740331,0.6410894768903217,0.46554084392609346,0.36712110071331744,0.1717681884765625,1.0366364055067774
v6p1if1_0019,1,Heat3D,heat3d_seed1,171518.98442599946,1269930200.947831,2.8184851733191115e-07,0.0020813531653017933,178841.154586792,240825,6086.549452135805,2409,1.163683799863129,1.1621606662731965,0.8439278398061982,0.7426187255757998,1.0274200439453125,1.5895243214062407
v6p1if1_0019,2,Heat3D,heat3d_seed2,393100.52152572246,1269930200.947831,7.899759768142625e-07,0.0020813531653017933,286074.75565338135,240825,7902.164827291854,2409,1.9482023074235448,1.7593890481115502,1.2776180108666861,1.1878947603171655,1.0995330810546875,1.8111509253123546
v6p1if1_0019,0,Therm-FM,thermfm_seed0,2280525.430808697,1269930200.947831,4.032326484156516e-06,0.0020813531653017933,702025.3119277954,240825,15259.900340258726,2409,4.401543063317003,4.237673904275197,3.0772775982054825,2.9150848621521663,4.55047607421875,2.516850669704139
v6p1if1_0019,1,Therm-FM,thermfm_seed1,1013418.8922138612,1269930200.947831,1.7411417278895451e-06,0.0020813531653017933,456752.4444961548,240825,8842.220490786072,2409,2.8923055638466644,2.8249097158724794,2.0513686475114072,1.8966155693808981,1.8350830078125,1.9158533828649698
v6p1if1_0019,2,Therm-FM,thermfm_seed2,1283181.7830102467,1269930200.947831,2.5916474368073973e-06,0.0020813531653017933,514264.7595100403,240825,20945.254766270053,2409,3.5287027130894986,3.1787338518424657,2.30830561621643,2.135429293096814,4.3803863525390625,2.9486581342997717
v6p1if1_0023,0,Heat3D,heat3d_seed0,2747592.7719561053,1453536051.386969,4.531785689811455e-06,0.0022034812241965825,731505.5696029663,240825,25822.744960647484,2409,4.53502833324794,4.347737135018251,3.377733631971942,3.037498472347,0.46973419189453125,3.2740311189430034
v6p1if1_0023,1,Heat3D,heat3d_seed1,3282536.734562575,1453536051.386969,5.841696027490589e-06,0.0022034812241965825,847197.983001709,240825,45957.729084204824,2409,5.1489040669048105,4.752169181749539,3.691934717195965,3.5178988186513402,1.3473281860351562,4.367781257219665
v6p1if1_0023,2,Heat3D,heat3d_seed2,1742975.102210702,1453536051.386969,3.126852924739229e-06,0.0022034812241965825,608487.804977417,240825,22656.028903177415,2409,3.767029749243991,3.4628420912823366,2.690263424558049,2.526680390231151,0.8354721069335938,3.066715547951166
v6p1if1_0023,0,Therm-FM,thermfm_seed0,1142837.8803215744,1453536051.386969,1.4062292871348212e-06,0.0022034812241965825,477114.96504211426,240825,2220.2747122055735,2409,2.5262329312887735,2.8040090408791607,2.1784195657659438,1.9811687534189317,1.1508865356445312,0.9600303354583323
v6p1if1_0023,1,Therm-FM,thermfm_seed1,219071.10303534815,1453536051.386969,2.8984429339881997e-07,0.0022034812241965825,170278.83563232422,240825,3240.159316420555,2409,1.146905670485495,1.2276643470379274,0.9537658384090587,0.7070646138578811,0.8828887939453125,1.159751071260364
v6p1if1_0023,2,Therm-FM,thermfm_seed2,593711.0819351212,1453536051.386969,9.078718788330203e-07,0.0022034812241965825,306503.3754272461,240825,19775.61322077742,2409,2.0298203626719475,2.021038904917509,1.5701342718446007,1.2727224143143199,0.01554107666015625,2.8651448281312875
v6p1if1_0029,0,Heat3D,heat3d_seed0,268309.5417600365,528667289.528401,3.846529516106503e-07,0.0007958139965328701,236137.7511844635,240825,8759.474639973021,2409,2.1985115325345057,2.2528217935814823,1.0555219627110246,0.9805367016898723,2.2717361450195312,1.9068679959977974
v6p1if1_0029,1,Heat3D,heat3d_seed1,507500.38361173356,528667289.528401,7.885115406854447e-07,0.0007958139965328701,328530.77401542664,240825,11038.187864451087,2409,3.147735561150194,3.098324972621509,1.4516683323712494,1.3641888259749886,1.9372024536132812,2.140575205460652
v6p1if1_0029,2,Heat3D,heat3d_seed2,219292.28758222528,528667289.528401,3.619911575669762e-07,0.0007958139965328701,207895.9561138153,240825,8474.56998482428,2409,2.1327659300558506,2.0366690279021813,0.9542472004882578,0.8632656747173895,1.9553298950195312,1.8756009121290154
v6p1if1_0029,0,Therm-FM,thermfm_seed0,281892.14158870326,528667289.528401,4.81556991887215e-07,0.0007958139965328701,206149.65254974365,240825,3392.5295269518538,2409,2.459903440390106,2.3091400008629654,1.0819089165550804,0.8560143363427537,0.8322906494140625,1.1867067649658503
v6p1if1_0029,1,Therm-FM,thermfm_seed1,395031.9943750053,528667289.528401,6.192429540964822e-07,0.0007958139965328701,245972.28564834595,240825,7622.888918759199,2409,2.7894896240922398,2.733536742076157,1.2807529096884007,1.021373551949947,2.2740859985351562,1.7788584684312312
v6p1if1_0029,2,Therm-FM,thermfm_seed2,3297260.517028181,528667289.528401,4.553457288632392e-06,0.0007958139965328701,825672.190498352,240825,36381.239922431545,2409,7.564232114832081,7.8974231981425005,3.700205519234937,3.428515272493936,5.358829498291016,3.8861570548837476
v6p1if1_0034,0,Heat3D,heat3d_seed0,584430.3788932394,1392368467.9502733,8.784792401393141e-07,0.00211130859549944,310364.5238342285,240825,20115.048625085154,2409,2.0398108313347536,2.04875158016254,1.5578140155291613,1.2887554192223751,3.4269943237304688,2.889629373857256
v6p1if1_0034,1,Heat3D,heat3d_seed1,886191.897030801,1392368467.9502733,1.1445640543632953e-06,0.00211130859549944,389549.044090271,240825,64326.86440443352,2409,2.328328173962211,2.5228230922398445,1.9182848764319438,1.6175606523005128,5.442527770996094,5.167467943775912
v6p1if1_0034,2,Heat3D,heat3d_seed2,515488.7962685926,1392368467.9502733,7.978250443047245e-07,0.00211130859549944,280784.55741882324,240825,45004.66524690541,2409,1.943918149535518,1.9241216469720874,1.4630488626631675,1.1659277791708638,4.349906921386719,4.322254825604545
v6p1if1_0034,0,Therm-FM,thermfm_seed0,420824.31392992346,1392368467.9502733,8.396059549647541e-07,0.00211130859549944,262628.289188385,240825,3968.287018617324,2409,1.9941687082936996,1.7384945047968836,1.3219031197907127,1.090535821398879,1.3063125610351562,1.2834623643765304
v6p1if1_0034,1,Therm-FM,thermfm_seed1,507013.31442279683,1392368467.9502733,9.266598531312136e-07,0.00211130859549944,294767.8511428833,240825,5964.170939352014,2409,2.0950013929926037,1.9082382301246754,1.4509715519638255,1.2239919075797085,1.4941253662109375,1.573463384827332
v6p1if1_0034,2,Therm-FM,thermfm_seed2,665562.6612596563,1392368467.9502733,1.424263000189584e-06,0.00211130859549944,356260.46408843994,240825,3146.6681205020286,2409,2.5972827923662933,2.186338412103794,1.6624312357064053,1.47933339183407,0.253082275390625,1.142896940482269
v6p1if1_0040,0,Heat3D,heat3d_seed0,3798315.4827830493,2159980313.393788,5.655332581332348e-06,0.0031447832008938744,928538.8003120422,240825,77678.61600155337,2409,4.240662596305227,4.193441805251042,3.971410067592986,3.855657844127654,4.972038269042969,5.678483125875829
v6p1if1_0040,1,Heat3D,heat3d_seed1,5637874.525245307,2159980313.393788,8.363305908566625e-06,0.0031447832008938744,1132388.5336418152,240825,105287.0227459725,2409,5.156958491863098,5.108963578240373,4.838457365542252,4.7021220124231915,4.862327575683594,6.6110283957291855
v6p1if1_0040,2,Heat3D,heat3d_seed2,5092664.985207596,2159980313.393788,7.657149569746242e-06,0.0031447832008938744,1066970.136455536,240825,120555.31654855236,2409,4.93444383129566,4.855653158682164,4.598559067871838,4.430479129889073,4.648948669433594,7.074158462524482
v6p1if1_0040,0,Therm-FM,thermfm_seed0,860311.3821437596,2159980313.393788,1.1143899133814418e-06,0.0031447832008938744,405708.59826278687,240825,16066.90457427164,2409,1.8824490514332208,1.9957352947841855,1.8900663488478011,1.684661468962055,3.7674407958984375,2.5825438669113114
v6p1if1_0040,1,Therm-FM,thermfm_seed1,768168.4105809289,2159980313.393788,9.98597713938758e-07,0.0031447832008938744,375729.49420166016,240825,14655.072317912302,2409,1.781968112704168,1.8858334092672826,1.7859834797251783,1.5601764526177107,1.070159912109375,2.4664685545782348
v6p1if1_0040,2,Therm-FM,thermfm_seed2,2342954.6499288264,2159980313.393788,2.959711121422426e-06,0.0031447832008938744,689283.7440032959,240825,16940.23770151625,2409,3.0678159902531665,3.293495275630269,3.1191133447540373,2.862176867033306,1.22296142578125,2.6518035641044437
v6p1if1_0041,0,Heat3D,heat3d_seed0,3327993.040306898,1560848232.1979384,4.706082301158868e-06,0.0025495100158679633,777666.2705307007,240825,156212.47765618836,2409,4.296367253296555,4.617542126653042,3.717409634875858,3.2291758352774864,8.761207580566406,8.052661811371069
v6p1if1_0041,1,Heat3D,heat3d_seed1,4573754.595512429,1560848232.1979384,6.914780859212358e-06,0.0025495100158679633,922244.8325881958,240825,176298.5169775248,2409,5.207878569311027,5.41322515136873,4.357984135606887,3.8295228177647496,9.250129699707031,8.55472256209242
v6p1if1_0041,2,Heat3D,heat3d_seed2,4332223.157720066,1560848232.1979384,6.914639517146626e-06,0.0025495100158679633,922278.9204483032,240825,161483.0508913779,2409,5.207825343034473,5.268355482810476,4.24135500978014,3.829664363950185,9.314613342285156,8.187382361038978
v6p1if1_0041,0,Therm-FM,thermfm_seed0,607838.6914700567,1560848232.1979384,8.053171102015832e-07,0.0025495100158679633,295911.86097335815,240825,46993.75439017889,2409,1.7772769236365997,1.9733941308561673,1.5887054528660074,1.228742285781618,2.1065444946289062,4.416738341806421
v6p1if1_0041,1,Therm-FM,thermfm_seed1,288655.23512219795,1560848232.1979384,4.080972258359142e-07,0.0025495100158679633,190699.59000396729,240825,28200.60295474541,2409,1.2651833271013004,1.3599075369848774,1.0948104515057595,0.7918596076153526,0.9100875854492188,3.4214547212564264
v6p1if1_0041,2,Therm-FM,thermfm_seed2,304477.57042645646,1560848232.1979384,4.811431727435633e-07,0.0025495100158679633,200526.115524292,240825,21313.566893896845,2409,1.373753470591364,1.3966812867001839,1.1244156154117098,0.8326632015957313,0.5539474487304688,2.974470514528639
v6p1if1_0049,0,Heat3D,heat3d_seed0,4338642.257941973,1246050901.6075847,6.247258512090756e-06,0.0018147687648383307,975943.518901825,240825,121188.97760240512,2409,5.867243207597774,5.9007746471045355,4.24449607664279,4.052500857061455,6.2928619384765625,7.092725639385888
v6p1if1_0049,1,Heat3D,heat3d_seed1,8068110.517106611,1246050901.6075847,1.1790629438321406e-05,0.0018147687648383307,1348706.535823822,240825,229202.5146352077,2409,8.060423254801915,8.046704026018107,5.788088125869846,5.6003593307331965,9.349227905273438,9.75419175542821
v6p1if1_0049,2,Heat3D,heat3d_seed2,7083722.583894947,1246050901.6075847,1.0126268865188078e-05,0.0018147687648383307,1271490.847415924,240825,177503.08792163583,2409,7.469887810990447,7.539853030334431,5.423504288783729,5.279729460877916,8.279373168945312,8.583898156664215
v6p1if1_0049,0,Therm-FM,thermfm_seed0,360164.73213446874,1246050901.6075847,5.114808512576364e-07,0.0018147687648383307,254399.7362060547,240825,4754.05511343776,2409,1.6788196420700798,1.7001322280777005,1.2229249553515316,1.0563676371060093,1.2704010009765625,1.4047974365984965
v6p1if1_0049,1,Therm-FM,thermfm_seed1,175241.3488872095,1246050901.6075847,2.983516696493293e-07,0.0018147687648383307,156557.10854530334,240825,7428.530008154223,2409,1.2821935516991094,1.1859063699472787,0.8530362936291516,0.6500866128736773,0.8096542358398438,1.756034487850814
v6p1if1_0049,2,Therm-FM,thermfm_seed2,1826353.3761259888,1246050901.6075847,3.065250170189641e-06,0.0018147687648383307,632197.100692749,240825,7628.394295825739,2409,4.109815395939436,3.828463526955709,2.7538585002067864,2.625130699440461,3.0849075317382812,1.7795007130671374
v6p1if1_0078,0,Heat3D,heat3d_seed0,60239.156407288,633691124.1155787,7.103405346065835e-08,0.001045791330245445,89228.06609725952,240825,5842.153468274075,2409,0.8241585725303061,0.9749910489108008,0.5001366216637559,0.37050998067999386,1.5058708190917969,1.5572849291207485
v6p1if1_0078,1,Heat3D,heat3d_seed1,62732.22120810179,633691124.1155787,6.707335875145418e-08,0.001045791330245445,89889.5136680603,240825,5033.556978356355,2409,0.800852450298543,0.9949620600605988,0.5103810583268693,0.3732565708213861,0.7712821960449219,1.4455033234760497
v6p1if1_0078,2,Heat3D,heat3d_seed2,271458.2683729103,633691124.1155787,3.9471220947813335e-07,0.001045791330245445,206390.64609146118,240825,19238.247515636758,2409,1.9427537756263582,2.0697253794806394,1.0616973973469623,0.8570150361941707,2.873699188232422,2.825949222133311
v6p1if1_0078,0,Therm-FM,thermfm_seed0,427535.3027209963,633691124.1155787,6.656125167568423e-07,0.001045791330245445,271890.9555130005,240825,6722.440580092836,2409,2.5228313640013367,2.5974498942630215,1.3324017861587945,1.128998050505556,3.8545608520507812,1.6704946384552872
v6p1if1_0078,1,Therm-FM,thermfm_seed1,290226.059892168,633691124.1155787,5.725983112133836e-07,0.001045791330245445,209610.441822052,240825,4773.760694472963,2409,2.339928099847132,2.1400769572015514,1.0977853188200457,0.870384892856024,4.084686279296875,1.4077058718706226
v6p1if1_0078,2,Therm-FM,thermfm_seed2,324453.8995140103,633691124.1155787,4.79995240222794e-07,0.001045791330245445,248290.66604232788,240825,1135.4659549776552,2409,2.1423772447097336,2.262755801242397,1.1607153146151317,1.0310003780435082,1.5634078979492188,0.6865444466924244
v6p1if1_0082,0,Heat3D,heat3d_seed0,111936.0881942171,354099431.07812655,1.632149754598968e-07,0.0005784528135802213,121895.33541679382,240825,9582.697053528886,2409,1.6797553505265659,1.7779618922308362,0.681764335022854,0.5061573151325395,1.6724853515625,1.9944606824074296
v6p1if1_0082,1,Heat3D,heat3d_seed1,128944.62093356045,354099431.07812655,1.775036784556509e-07,0.0005784528135802213,140683.49604988098,240825,11248.5221035695,2409,1.7517402536312758,1.9082663864555913,0.7317299485963622,0.5841731383779964,2.26171875,2.1608734477304483
v6p1if1_0082,2,Heat3D,heat3d_seed2,114636.54442738244,354099431.07812655,1.9632588975257758e-07,0.0005784528135802213,120794.60569572449,240825,14223.490287344233,2409,1.8422765253594768,1.7992807296387203,0.6899391013507249,0.5015866529460168,2.685882568359375,2.429879238197363
v6p1if1_0082,0,Therm-FM,thermfm_seed0,314213.4965553768,354099431.07812655,5.494634966537751e-07,0.0005784528135802213,221356.2318134308,240825,12103.065086574527,2409,3.0820200088123966,2.9788580142412013,1.1422512271387755,0.9191580268387035,0.788970947265625,2.2414511813396665
v6p1if1_0082,1,Therm-FM,thermfm_seed1,487482.63425153954,354099431.07812655,8.358930265084141e-07,0.0005784528135802213,291237.8205013275,240825,15111.810241187108,2409,3.8013808463865733,3.7103677813723515,1.4227506417382318,1.2093338337021802,2.6282196044921875,2.504608474782
v6p1if1_0082,2,Therm-FM,thermfm_seed2,151918.8834936414,354099431.07812655,2.1862231986289976e-07,0.0005784528135802213,148965.28561019897,240825,2947.935026137391,2409,1.9440761855489925,2.071301241497483,0.7942461082614716,0.6185623818548696,0.7189826965332031,1.1062175739596012
v6p1if1_0091,0,Heat3D,heat3d_seed0,546775.0121308251,3120682031.38181,9.814557119069167e-07,0.00495905524944636,284393.4510726929,240825,39282.896767059516,2409,1.4068114035082386,1.3236695223156874,1.5067928299993414,1.1809133232542006,6.172332763671875,4.038158421860305
v6p1if1_0091,1,Heat3D,heat3d_seed1,3730563.5884013055,3120682031.38181,5.661032530730555e-06,0.00495905524944636,903173.7220230103,240825,85905.45266431588,2409,3.3786900422248136,3.4575021859613226,3.935830972673161,3.7503320752538576,2.028717041015625,5.971617269390788
v6p1if1_0091,2,Heat3D,heat3d_seed2,2691873.865755626,3120682031.38181,4.411272157787652e-06,0.00495905524944636,763569.1451644897,240825,64739.37570340204,2409,2.9825137394165053,2.936990845818393,3.3433093938060887,3.1706390331754997,7.480804443359375,5.184010273618181
v6p1if1_0091,0,Therm-FM,thermfm_seed0,5614700.679204473,3120682031.38181,8.593840609623353e-06,0.00495905524944636,1113183.0244903564,240825,138922.70961596398,2409,4.162882701535197,4.241686278351174,4.828503160022024,4.62237319418813,11.8236083984375,7.59395855699548
v6p1if1_0091,1,Therm-FM,thermfm_seed1,6171041.4967269795,3120682031.38181,9.955577025459634e-06,0.00495905524944636,1180616.716178894,240825,145964.88051871408,2409,4.480574934378917,4.446870407398991,5.0620735257867615,4.902384371136278,13.77703857421875,7.784053067524542
v6p1if1_0091,2,Therm-FM,thermfm_seed2,15986308.098946571,3120682031.38181,2.444604489078234e-05,0.00495905524944636,1930006.892402649,240825,170328.88902061444,2409,7.021094671482854,7.157301780599873,8.147480034353583,8.014146755538873,11.793548583984375,8.408639951169246
v6p1if1_0095,0,Heat3D,heat3d_seed0,4513747.451171266,1944483339.432827,6.842683834265885e-06,0.0028042315334822817,1004102.8869934082,240825,84748.4547017882,2409,4.93976515889415,4.817996885180905,4.329301617017317,4.169429614838195,7.2160186767578125,5.931267266196881
v6p1if1_0095,1,Heat3D,heat3d_seed1,10212597.752396734,1944483339.432827,1.4059473288016168e-05,0.0028042315334822817,1527108.0385131836,240825,172344.72416955553,2409,7.080722774608946,7.24712913612516,6.512044037276687,6.341152448928407,7.7221832275390625,8.458251543046257
v6p1if1_0095,2,Heat3D,heat3d_seed2,8964382.488488384,1944483339.432827,1.2390088652806462e-05,0.0028042315334822817,1426051.1369934082,240825,155682.94638120657,2409,6.647070310173624,6.789817106173326,6.101117721229969,5.921524497014048,8.149581909179688,8.039001711565819
v6p1if1_0095,0,Therm-FM,thermfm_seed0,929326.5940128427,1944483339.432827,1.7695197503426731e-06,0.0028042315334822817,425182.68857192993,240825,21591.30325613194,2409,2.5120065811093877,2.186160632503414,1.9644157077949749,1.7655255416668947,3.6493301391601562,2.9937878990136544
v6p1if1_0095,1,Therm-FM,thermfm_seed1,306333.6377192612,1944483339.432827,6.453764536444937e-07,0.0028042315334822817,214178.2742843628,240825,4516.494498623186,2409,1.5170490534031706,1.2551488453277546,1.1278375754846166,0.8893523275588614,0.26766204833984375,1.3692487173891714
v6p1if1_0095,2,Therm-FM,thermfm_seed2,544108.2239483513,1944483339.432827,8.428300373209396e-07,0.0028042315334822817,312236.6427497864,240825,2575.252636289806,2409,1.7336565634457926,1.6727865652690312,1.5031137949090099,1.2965291923587101,0.25453948974609375,1.033930912846885
v6p1if1_0097,0,Heat3D,heat3d_seed0,746349.2981234016,2309871063.15372,1.0326140207566339e-06,0.0036633941781377567,350923.766708374,240825,27887.364930613257,2409,1.6789091010131825,1.7975343373351704,1.7604361573267175,1.457173327969995,2.157928466796875,3.4023997666514894
v6p1if1_0097,1,Heat3D,heat3d_seed1,728479.0428719362,2309871063.15372,1.1841993465163204e-06,0.0036633941781377567,351317.76051330566,240825,29714.56153308536,2409,1.7979209090040207,1.7758842764386447,1.7392329184127548,1.4588093450152835,1.2847900390625,3.512095067242227
v6p1if1_0097,2,Heat3D,heat3d_seed2,485534.84595681215,2309871063.15372,8.566710754793279e-07,0.0036633941781377567,289680.6078643799,240825,11879.80933820206,2409,1.5292032994568823,1.4498274990375488,1.4199054216544613,1.202867675134973,0.9730224609375,2.2206818105472323
v6p1if1_0097,0,Therm-FM,thermfm_seed0,218608.19746021577,2309871063.15372,3.157798674499112e-07,0.0036633941781377567,159290.57957458496,240825,5726.176216152788,2409,0.9284326260664814,0.972835370800019,0.9527576337827485,0.6614370583393957,1.1377792358398438,1.5417499903866108
v6p1if1_0097,1,Therm-FM,thermfm_seed1,290925.4856161722,2309871063.15372,4.979169569527041e-07,0.0036633941781377567,212020.8267211914,240825,10979.012202719285,2409,1.1658337748925833,1.1222691242567688,1.0991073180398547,0.8803937577958743,2.98773193359375,2.134829689002329
v6p1if1_0097,2,Therm-FM,thermfm_seed2,577561.8515188163,2309871063.15372,9.131620172697238e-07,0.0036633941781377567,331277.3353424072,240825,15646.443167795776,2409,1.5788180903415514,1.5812676308169533,1.5486328432687204,1.3755936274988363,0.633636474609375,2.5485280238470316
v6p1if1_0109,0,Heat3D,heat3d_seed0,434724.6451641162,1992362205.2166107,7.181380372605343e-07,0.003300375907830227,231356.87827301025,240825,39336.957644464565,2409,1.4751027107771966,1.477144505958493,1.3435577745948672,0.9606846393564217,4.4412841796875,4.040936110740348
v6p1if1_0109,1,Heat3D,heat3d_seed1,536852.7125770948,1992362205.2166107,9.312327903176455e-07,0.003300375907830227,287170.67391204834,240825,53306.525227769394,2409,1.6797607372097574,1.6415096062209429,1.4930583870528098,1.1924454434217724,4.823272705078125,4.704048459420893
v6p1if1_0109,2,Heat3D,heat3d_seed2,924688.2504535518,1992362205.2166107,1.5948550176675534e-06,0.003300375907830227,407140.0029220581,240825,68944.72579692502,2409,2.198259205281975,2.154336414457428,1.9595072973980527,1.6906052233865176,5.767791748046875,5.349733209400073
v6p1if1_0109,0,Therm-FM,thermfm_seed0,300544.9655443237,1992362205.2166107,4.5679090732287124e-07,0.003300375907830227,202690.2631149292,240825,17922.847636305552,2409,1.1764596086107868,1.2282042091468621,1.1171305903606534,0.841649592504637,0.6364288330078125,2.727627789253206
v6p1if1_0109,1,Therm-FM,thermfm_seed1,1349195.8352805087,1992362205.2166107,2.8856685806057418e-06,0.003300375907830227,504778.48069000244,240825,4769.725179853791,2409,2.9569332533195105,2.602275953669503,2.366937070198993,2.096038537070497,0.5490493774414062,1.407110741629355
v6p1if1_0109,2,Therm-FM,thermfm_seed2,167218.25681720517,1992362205.2166107,2.6731696130088874e-07,0.003300375907830227,155213.9785079956,240825,4202.125057138444,2409,0.8999772965197272,0.9161312521635285,0.8332801979958937,0.6445094093553227,1.00384521484375,1.3207362151134423
v6p1if1_0118,0,Heat3D,heat3d_seed0,1371342.2220372297,2486230016.017005,1.955577136376079e-06,0.00380768892603628,529485.0707855225,240825,42932.166024725826,2409,2.266244405896847,2.3485633058566475,2.3862840550863047,2.198630004299896,2.544036865234375,4.221560329634015
v6p1if1_0118,1,Heat3D,heat3d_seed1,910359.729594382,2486230016.017005,1.3464855231126055e-06,0.00380768892603628,429727.566986084,240825,30371.983371484035,2409,1.880486040022498,1.9135326039605014,1.9442662372914707,1.7843976621450597,1.659881591796875,3.550734310450992
v6p1if1_0118,2,Heat3D,heat3d_seed2,2607433.4989580503,2486230016.017005,4.345267782573686e-06,0.00380768892603628,770388.1377716064,240825,62909.766049408296,2409,3.3781392087140274,3.23844083990088,3.2904540917950738,3.198954169092106,3.9822998046875,5.110232210566816
v6p1if1_0118,0,Therm-FM,thermfm_seed0,915433.6812801997,2486230016.017005,1.541062088579205e-06,0.00380768892603628,425877.90741729736,240825,7923.552609024919,2409,2.0117746798249003,1.918857796054969,1.9496769583708689,1.7684123634061968,2.953033447265625,1.8136002747087887
v6p1if1_0118,1,Therm-FM,thermfm_seed1,265438.9198316703,2486230016.017005,4.75050928267936e-07,0.00380768892603628,203433.7025718689,240825,2996.3727950607426,2409,1.116964460714,1.0332648318540383,1.0498603068463437,0.8447366451650322,1.310882568359375,1.1152687225040914
v6p1if1_0118,2,Therm-FM,thermfm_seed2,849661.9284568601,2486230016.017005,1.5379894832753886e-06,0.00380768892603628,380865.1951713562,240825,5071.514171400457,2409,2.0097681176551974,1.8486403443821047,1.878331730035782,1.5815019004312518,2.011138916015625,1.4509432341557702
v6p1if1_0124,0,Heat3D,heat3d_seed0,622749.7427109713,1133189750.8988953,1.02137047146404e-06,0.001674862581894706,323233.4401779175,240825,17992.335135948728,2409,2.4694603582915735,2.3442582843882653,1.6080738658480032,1.3421922150022525,1.4534759521484375,2.7329102277556903
v6p1if1_0124,1,Heat3D,heat3d_seed1,1090893.6536429725,1133189750.8988953,1.8993612281150872e-06,0.001674862581894706,450341.70531463623,240825,28117.46373098006,2409,3.3675510972409914,3.1027007356348317,2.1283371374855675,1.869995662056,0.7283782958984375,3.416407540983004
v6p1if1_0124,2,Heat3D,heat3d_seed2,885094.8969702248,1133189750.8988953,1.6269902486106172e-06,0.001674862581894706,414176.86752319336,240825,19345.17897464556,2409,3.1167565794615837,2.7947540839779745,1.917097204623812,1.7198250494059726,0.3114471435546875,2.833792039735607
v6p1if1_0124,0,Therm-FM,thermfm_seed0,149901.2480366258,1133189750.8988953,2.317234992353933e-07,0.001674862581894706,145872.70421218872,240825,2331.4569068363053,2409,1.1762386587559566,1.1501415826763985,0.7889542860715998,0.6057207690737619,0.09051513671875,0.9837738999764781
v6p1if1_0124,1,Therm-FM,thermfm_seed1,152678.96844205976,1133189750.8988953,2.4755771693558707e-07,0.001674862581894706,146119.60268974304,240825,1677.833615801239,2409,1.2157622224328957,1.1607489234895425,0.7962305267748339,0.6067459885383288,1.3853912353515625,0.8345570796656796
v6p1if1_0124,2,Therm-FM,thermfm_seed2,382126.0086604833,1133189750.8988953,4.80771422195028e-07,0.001674862581894706,244725.15098953247,240825,2622.9204863033956,2409,1.6942587305912522,1.8363352886973956,1.2596576095535934,1.0161949589516557,2.3203506469726562,1.0434560527197145
v6p1if1_0126,0,Heat3D,heat3d_seed0,264537.23514893686,1076377975.7223003,4.75573463658036e-07,0.0016902078804365193,217832.41326904297,240825,5669.354345701926,2409,1.6774081379973085,1.567692943970553,1.048075624605541,0.9045257480288299,1.2210617065429688,1.534081388316273
v6p1if1_0126,1,Heat3D,heat3d_seed1,636712.0653722107,1076377975.7223003,1.0321178239660826e-06,0.0016902078804365193,365779.35791778564,240825,13304.833142916032,2409,2.471124223365694,2.4321431807893825,1.6260008014578524,1.5188595781907428,1.0368423461914062,2.3500998577051075
v6p1if1_0126,2,Heat3D,heat3d_seed2,370493.05723886855,1076377975.7223003,6.8522116339247e-07,0.0016902078804365193,266732.3514251709,240825,10434.27590937895,2409,2.0134707402982692,1.8552721938686327,1.2403357244674083,1.1075774999488048,1.0427627563476562,2.081194925050515
v6p1if1_0126,0,Therm-FM,thermfm_seed0,1602127.4606418977,1076377975.7223003,2.4835005348282225e-06,0.0016902078804365193,594631.9565658569,240825,13119.18372893706,2409,3.8332051928226316,3.8580347112514417,2.5792755879244833,2.46914546482241,4.0178070068359375,2.3336461625915157
v6p1if1_0126,1,Therm-FM,thermfm_seed1,2185633.607249311,1076377975.7223003,3.297107814105247e-06,0.0016902078804365193,703430.9294013977,240825,20384.577958792623,2409,4.416685883942717,4.506156580163743,3.0125751924122937,2.920921538052103,5.394111633300781,2.908924584978584
v6p1if1_0126,2,Therm-FM,thermfm_seed2,329085.12123653205,1076377975.7223003,4.732916328244747e-07,0.0016902078804365193,250505.8607749939,240825,5540.71099523711,2409,1.6733791454552247,1.7485245008751358,1.1689699283530248,1.0401987367382701,3.3233413696289062,1.5165765935925961
v6p1if1_0139,0,Heat3D,heat3d_seed0,460456.6079327369,2950765252.5162363,4.885357414959675e-07,0.004828104276502833,242923.856300354,240825,30735.83849273197,2409,1.0059116790817777,1.2491857591454854,1.3827496921082958,1.0087152758241629,1.76910400390625,3.5719398153252118
v6p1if1_0139,1,Heat3D,heat3d_seed1,937221.2491247503,2950765252.5162363,1.4470182333005898e-06,0.004828104276502833,411018.71993255615,240825,31924.398740465695,2409,1.731205730888323,1.7821888939344825,1.9727419451631174,1.7067111800376047,1.58746337890625,3.640348512666897
v6p1if1_0139,2,Heat3D,heat3d_seed2,433674.94834960793,2950765252.5162363,7.192010473387574e-07,0.004828104276502833,253863.6282272339,240825,11853.246913318464,2409,1.220497333477845,1.2123132097020757,1.341934700409223,1.0541415061859603,0.44268798828125,2.2181977764373584
v6p1if1_0139,0,Therm-FM,thermfm_seed0,322634.3839885237,2950765252.5162363,5.241394007869592e-07,0.004828104276502833,216305.95291900635,240825,28631.99557297479,2409,1.041921700311434,1.045653978921206,1.1574561323803239,0.8981872850368788,3.62908935546875,3.4475248804253527
v6p1if1_0139,1,Therm-FM,thermfm_seed1,388695.59841773583,2950765252.5162363,6.110540042157604e-07,0.004828104276502833,244631.99681854248,240825,23993.896977735218,2409,1.1249972906019468,1.147724046976191,1.2704396131342583,1.0158081462412227,2.2350540161132812,3.1559636680463754
v6p1if1_0139,2,Therm-FM,thermfm_seed2,309127.36132288346,2950765252.5162363,4.223237624359712e-07,0.004828104276502833,203157.53469085693,240825,32627.266799849865,2409,0.9352644748272241,1.0235319244727723,1.1329687703099303,0.8435898876398087,1.0076522827148438,3.680204458549107
v6p1if1_0142,0,Heat3D,heat3d_seed0,1401302.7449740106,1339332794.096768,1.7440565676340934e-06,0.0021557993222124823,483814.50228500366,240825,101515.20663938031,2409,2.8443046935846223,3.2346085855243714,2.4122104907690436,2.008987863739245,6.3679962158203125,6.491531240737654
v6p1if1_0142,1,Heat3D,heat3d_seed1,1180891.4310898213,1339332794.096768,1.43967987562192e-06,0.0021557993222124823,450748.3376121521,240825,63601.12133945443,2409,2.5842159428787896,2.969345507292451,2.2143904568433634,1.8716841590871052,2.0553741455078125,5.138235275192792
v6p1if1_0142,2,Heat3D,heat3d_seed2,2373495.4238313106,1339332794.096768,3.7396503403881264e-06,0.0021557993222124823,705349.4874687195,240825,79549.53858644853,2409,4.164964778772106,4.209688373605922,3.139376585817873,2.9288881447886204,5.2679290771484375,5.746460588295959
v6p1if1_0142,0,Therm-FM,thermfm_seed0,298617.2367653218,1339332794.096768,4.769905555243538e-07,0.0021557993222124823,216013.96878433228,240825,9056.481018198538,2409,1.487478593635353,1.4931835088128396,1.1135421270817387,0.896974852213567,1.5465545654296875,1.9389264743818302
v6p1if1_0142,1,Therm-FM,thermfm_seed1,263647.68114456837,1339332794.096768,4.125204110563768e-07,0.0021557993222124823,195330.96963119507,240825,6036.65995901823,2409,1.3833069387543118,1.403032485014755,1.0463119693641998,0.8110909151092912,0.2067718505859375,1.5829965068334286
v6p1if1_0142,2,Therm-FM,thermfm_seed2,1101254.1578975767,1339332794.096768,2.0488592857935432e-06,0.0021557993222124823,475916.37939071655,240825,3702.335930067231,2409,3.0828464974671492,2.867474266768887,2.1384199433789775,1.9761917549702752,0.00600433349609375,1.2397083057312213
v6p1if1_0156,0,Heat3D,heat3d_seed0,4457058.572580409,836641179.2993295,5.58040032016761e-06,0.0011959166641234242,937564.7819290161,240825,414549.45985346806,2409,6.8309674947837875,7.298851914338124,4.302029520921556,3.8931372653545773,11.491485595703125,13.118064948787584
v6p1if1_0156,1,Heat3D,heat3d_seed1,3934415.0592565583,836641179.2993295,5.114723865005688e-06,0.0011959166641234242,879111.7539215088,240825,404600.5339354412,2409,6.539742330357415,6.857573459205865,4.0419347877764205,3.6504173317616893,11.2791748046875,12.959696343721882
v6p1if1_0156,2,Heat3D,heat3d_seed2,2907379.130881427,836641179.2993295,3.622760148146652e-06,0.0011959166641234242,737744.4135513306,240825,324356.73593262915,2409,5.503884760174896,5.8949647982461055,3.4745618741804356,3.0634046031405817,10.01483154296875,11.603608318080672
v6p1if1_0156,0,Therm-FM,thermfm_seed0,342284.37381662015,836641179.2993295,5.530376475644887e-07,0.0011959166641234242,204067.91347312927,240825,34379.52520045306,2409,2.1504378205225527,2.0226648071254982,1.1921825258694916,0.8473701379554833,2.8960037231445312,3.7777354127404053
v6p1if1_0156,1,Therm-FM,thermfm_seed1,650007.4200214444,836641179.2993295,9.767935260065348e-07,0.0011959166641234242,343853.9890346527,240825,43064.634859902435,2409,2.8579256582985875,2.7873373787308133,1.6428895706887974,1.427816833944369,3.4102554321289062,4.228068206103079
v6p1if1_0156,2,Therm-FM,thermfm_seed2,446597.2161087664,836641179.2993295,6.279088711595182e-07,0.0011959166641234242,228848.08498191833,240825,88406.19927526539,2409,2.291383865281851,2.310406445355413,1.3617808457959037,0.9502671441167584,6.269752502441406,6.057911995740644
v6p1if1_0163,0,Heat3D,heat3d_seed0,1846450.0152826891,981915484.2015607,2.528563987280238e-06,0.0015195177273177197,591195.5713195801,240825,103253.3206154835,2409,4.0792853770395014,4.336423840829256,2.7689683600988366,2.454876243411523,5.66064453125,6.5468684383687
v6p1if1_0163,1,Heat3D,heat3d_seed1,1506891.6719552174,981915484.2015607,2.0127320027266484e-06,0.0015195177273177197,540246.8377685547,240825,76231.86773484485,2409,3.639486312798945,3.9174545095030218,2.5014408155421544,2.243317088211584,4.674652099609375,5.625354293896302
v6p1if1_0163,2,Heat3D,heat3d_seed2,1236890.2320957175,981915484.2015607,1.7420971153158269e-06,0.0015195177273177197,480909.53720092773,240825,83130.97012406174,2409,3.385971476312903,3.5491840865196806,2.2662864149044886,1.99692530759235,5.00775146484375,5.87439336044874
v6p1if1_0163,0,Therm-FM,thermfm_seed0,376872.2617756495,981915484.2015607,5.764906837728171e-07,0.0015195177273177197,249559.95123672485,240825,25339.322300001106,2409,1.9477950649329752,1.959115464157145,1.2509682939558115,1.0362709487666348,2.4363861083984375,3.2432400751624173
v6p1if1_0163,1,Therm-FM,thermfm_seed1,458537.9829194818,981915484.2015607,7.028802758696526e-07,0.0015195177273177197,279645.90184783936,240825,3608.2281834510504,2409,2.150739407401679,2.160979284998721,1.3798658725772068,1.1611996339576014,0.6407852172851562,1.2238511413609425
v6p1if1_0163,2,Therm-FM,thermfm_seed2,225739.71617329746,981915484.2015607,3.5481683707278497e-07,0.0015195177273177197,188084.353515625,240825,12284.695911177318,2409,1.5280910234467837,1.5162364508269228,0.9681735256684322,0.7810001184080764,1.3118667602539062,2.2582072913450215
v6p1if1_0171,0,Heat3D,heat3d_seed0,575960.4352729932,2084441054.4846663,7.023716307695761e-07,0.0033972542012449163,249419.6867980957,240825,68071.51579241181,2409,1.4378694574162274,1.6622698067064072,1.546484391752921,1.0356885157192803,4.4616851806640625,5.31574709736644
v6p1if1_0171,1,Heat3D,heat3d_seed1,1359804.0791351122,2084441054.4846663,1.973117681973581e-06,0.0033972542012449163,425571.2058105469,240825,183317.09643876745,2409,2.4099746372730357,2.554132131743585,2.37622404033337,1.76713881785756,5.7899322509765625,8.723345726478136
v6p1if1_0171,2,Heat3D,heat3d_seed2,837263.9564327451,2084441054.4846663,1.3184018220874468e-06,0.0033972542012449163,315198.8205566406,240825,133394.1912152153,2409,1.9699711911597948,2.0041784526701556,1.864577388602801,1.308829318204674,4.9908599853515625,7.441321338920975
v6p1if1_0171,0,Therm-FM,thermfm_seed0,794286.4234471458,2084441054.4846663,1.045156270486622e-06,0.0033972542012449163,347512.7272491455,240825,44603.84198128752,2409,1.7539879000621987,1.952062688628654,1.816091748468272,1.4430093522231724,6.4511871337890625,4.302964214353551
v6p1if1_0171,1,Therm-FM,thermfm_seed1,562112.2855239201,2084441054.4846663,7.116538196835738e-07,0.0033972542012449163,257440.350440979,240825,72421.16659196751,2409,1.4473393512294037,1.642164765123428,1.5277797669813105,1.0689934618124324,7.3969573974609375,5.482950917582533
v6p1if1_0171,2,Therm-FM,thermfm_seed2,474931.3707491368,2084441054.4846663,7.033985121466791e-07,0.0033972542012449163,242420.84698486328,240825,74136.36068448506,2409,1.4389201704732961,1.5094565607758086,1.4043153535310102,1.0066265835559567,7.35455322265625,5.547498985262101
v6p1if1_0175,0,Heat3D,heat3d_seed0,6954060.235089088,3145731554.20508,1.0574993559897503e-05,0.004680490347808507,1254076.7942810059,240825,157368.39410611155,2409,4.75329073577461,4.701737674478766,5.3736384103065244,5.207419471736762,7.987335205078125,8.082400307497762
v6p1if1_0175,1,Heat3D,heat3d_seed1,11399233.693538792,3145731554.20508,1.632168914500553e-05,0.004680490347808507,1617198.7356262207,240825,253060.24232915888,2409,5.905230771300615,6.019729816047578,6.879977914286079,6.715244412441486,9.1854248046875,10.249284767423312
v6p1if1_0175,2,Heat3D,heat3d_seed2,8082934.219369751,3145731554.20508,1.2126843183284707e-05,0.004680490347808507,1359943.6099243164,240825,190350.58940996003,2409,5.090122142739599,5.069016359801201,5.7934029712790425,5.647020076504999,8.72540283203125,8.889118851727254
v6p1if1_0175,0,Therm-FM,thermfm_seed0,354671.3035744481,3145731554.20508,5.852689232017901e-07,0.004680490347808507,216351.63495635986,240825,12801.776331457426,2409,1.1182323581354292,1.0618231661059032,1.2135627602772452,0.8983769748006223,2.46319580078125,2.30524302972436
v6p1if1_0175,1,Therm-FM,thermfm_seed1,915664.1892523901,3145731554.20508,1.6828362164227845e-06,0.004680490347808507,413153.20430374146,240825,13233.593949546572,2409,1.8961611666054177,1.7061110095834326,1.9499224091358403,1.7155743976071482,3.1188507080078125,2.3437997438625704
v6p1if1_0175,2,Therm-FM,thermfm_seed2,712464.1379127452,3145731554.20508,8.753568090565562e-07,0.004680490347808507,307778.76012039185,240825,8463.083384707279,2409,1.3675615448924998,1.5049451617931422,1.7200090023553098,1.2780183125522344,5.036865234375,1.8743293677891686
v6p1if1_0193,0,Heat3D,heat3d_seed0,4420023.79836916,1942624148.023246,7.331544266169467e-06,0.0029325505039918755,1021464.6151390076,240825,85115.4621741582,2409,5.000057289798437,4.769994874235597,4.284118937248385,4.241522330069584,5.198387145996094,5.944096218638928
v6p1if1_0193,1,Heat3D,heat3d_seed1,2364336.307893076,1942624148.023246,4.1906659921754525e-06,0.0029325505039918755,737672.7455101013,240825,58654.33231507952,2409,3.7802347821226654,3.4886727603159287,3.1333134379368026,3.0631070092810186,5.203605651855469,4.934369273857872
v6p1if1_0193,2,Heat3D,heat3d_seed2,3178530.637655111,1942624148.023246,5.775291247585931e-06,0.0029325505039918755,861220.8566017151,240825,68787.07668374211,2409,4.437763922502307,4.045002640711894,3.632975059972283,3.576127298252736,4.857322692871094,5.343613354999613
v6p1if1_0193,0,Therm-FM,thermfm_seed0,197797.38113463207,1942624148.023246,3.2954234368279e-07,0.0029325505039918755,162968.29724121094,240825,7191.147596938594,2409,1.0600658963073444,1.0090574125829603,0.9062739235564222,0.6767083867588952,1.7956085205078125,1.7277492031010615
v6p1if1_0193,1,Therm-FM,thermfm_seed1,345466.3617207049,1942624148.023246,4.5664240200037383e-07,0.0029325505039918755,224063.2247505188,240825,3077.553533466358,2409,1.2478585752902231,1.333547506357287,1.1977111666437898,0.9303985248646063,3.0653610229492188,1.1302757451402965
v6p1if1_0193,2,Therm-FM,thermfm_seed2,1645626.844381677,1942624148.023246,2.363848122069457e-06,0.0029325505039918755,590872.0747261047,240825,21925.7252494478,2409,2.839141479084268,2.9105247057352255,2.614056060420349,2.4535329584806593,4.575462341308594,3.0168838060678036
v6p1if1_0203,0,Heat3D,heat3d_seed0,1437932.8396047496,1171185520.1424322,2.193517461598254e-06,0.0017749367616759649,539102.9450683594,240825,61096.750424650556,2409,3.5154352711261514,3.5039383303910348,2.4435347334514224,2.2385671963806058,4.254119873046875,5.036057219928644
v6p1if1_0203,1,Heat3D,heat3d_seed1,789392.8935217476,1171185520.1424322,1.3813473527708718e-06,0.0017749367616759649,379196.6907043457,240825,41549.02626712766,2409,2.7897160924729514,2.5961737771950677,1.8104887131229723,1.574573614468372,3.84954833984375,4.153000898894861
v6p1if1_0203,2,Heat3D,heat3d_seed2,1213753.263007117,1171185520.1424322,1.959352164688626e-06,0.0017749367616759649,492126.36363220215,240825,39770.64274102502,2409,3.322498613025087,3.219232607657035,2.2449900512351455,2.043501977087936,2.862548828125,4.063150461565362
v6p1if1_0203,0,Therm-FM,thermfm_seed0,1364744.8419691594,1171185520.1424322,2.141278512524714e-06,0.0017749367616759649,543012.8433456421,240825,11588.27353728778,2409,3.47332272059899,3.413601994450703,2.380537056623502,2.2548026298998947,0.13437652587890625,2.193264296925387
v6p1if1_0203,1,Therm-FM,thermfm_seed1,155748.65599635642,1171185520.1424322,2.3336119121845914e-07,0.0017749367616759649,134629.09713745117,240825,28617.54151920951,2409,1.146628875274356,1.1531858549119252,0.804195001425066,0.5590328958266425,2.2667922973632812,3.446654577823739
v6p1if1_0203,2,Therm-FM,thermfm_seed2,3100444.670352755,1171185520.1424322,4.358627977642036e-06,0.0017749367616759649,827458.5654830933,240825,8479.89857046568,2409,4.955454112300712,5.1451630908359975,3.5880724876590433,3.435933003147901,0.2733001708984375,1.8761904836095178
v6p1if1_0213,0,Heat3D,heat3d_seed0,1247573.6298011963,2657897710.5937257,1.4890710747927588e-06,0.004314635296559443,456333.28521728516,240825,121139.69077463611,2409,1.8577431464367153,2.16652628135718,2.2760526747567136,1.894875055402409,5.488517761230469,7.091283208300327
v6p1if1_0213,1,Heat3D,heat3d_seed1,482640.13990698266,2657897710.5937257,5.531311109304469e-07,0.004314635296559443,243808.42112731934,240825,47125.37036970793,2409,1.1322491336976648,1.3475428609303985,1.415666433110903,1.0123883364572588,3.4566574096679688,4.422919023652998
v6p1if1_0213,2,Heat3D,heat3d_seed2,1111025.0491713763,2657897710.5937257,1.6788445014069573e-06,0.004314635296559443,427173.205078125,240825,133616.38794836937,2409,1.9725734813967315,2.044526734373329,2.1478855725982506,1.773790948108066,7.019371032714844,7.447516321291455
v6p1if1_0213,0,Therm-FM,thermfm_seed0,1004659.3921291074,2657897710.5937257,1.9035025134378878e-06,0.004314635296559443,412849.2192993164,240825,8597.342414160375,2409,2.100412921336596,1.9441971080002438,2.0424838904544482,1.7143121324584922,3.4126052856445312,1.8891381223273596
v6p1if1_0213,1,Therm-FM,thermfm_seed1,307560.3462804348,2657897710.5937257,5.574433255486079e-07,0.004314635296559443,205605.77285003662,240825,13902.752114841482,2409,1.1366540768280147,1.0757120636169877,1.130093523781197,0.853755934184726,1.6334609985351562,2.402326265956305
v6p1if1_0213,2,Therm-FM,thermfm_seed2,1578961.3563067485,2657897710.5937257,3.062163064752845e-06,0.004314635296559443,565879.9214477539,240825,8718.349932923622,2409,2.6640484009730656,2.437342823749948,2.5605600546050193,2.3497557207422566,0.08228302001953125,1.902386468845557
v6p1if1_0217,0,Heat3D,heat3d_seed0,200905.98558507822,1249778835.5853148,3.503754124710909e-07,0.0020822907333358604,188164.51861572266,240825,6147.22411991359,2409,1.2971677053147708,1.2678849742126395,0.913367708706242,0.7813329953938447,1.0902252197265625,1.597427378610706
v6p1if1_0217,1,Heat3D,heat3d_seed1,143933.9687823582,1249778835.5853148,2.2635925628939765e-07,0.0020822907333358604,155680.55993652344,240825,3468.4718848358025,2409,1.0426257484927977,1.07316145941435,0.7730914421995048,0.646446838727389,0.1324310302734375,1.1999155714099905
v6p1if1_0217,2,Heat3D,heat3d_seed2,651611.4872199137,1249778835.5853148,1.141792204894921e-06,0.0020822907333358604,378737.00190734863,240825,12709.438350412354,2409,2.3416546955913438,2.2833778456324003,1.6449154563654342,1.5726648060099602,1.7649688720703125,2.296914235751484
v6p1if1_0217,0,Therm-FM,thermfm_seed0,172742.38316208858,1249778835.5853148,3.052655079892896e-07,0.0020822907333358604,146231.56182479858,240825,3332.1470907424227,2409,1.2107882140027728,1.1756630542639546,0.8469322469496819,0.6072108868464594,1.2448272705078125,1.1760984621493913
v6p1if1_0217,1,Therm-FM,thermfm_seed1,176541.21778812964,1249778835.5853148,2.8828343941514913e-07,0.0020822907333358604,160248.01140975952,240825,3899.838895372639,2409,1.1766279599364415,1.1885199502701476,0.8561941862305251,0.6654126914139293,1.890380859375,1.272345134013078
v6p1if1_0217,2,Therm-FM,thermfm_seed2,1633880.475596865,1249778835.5853148,2.558133308571005e-06,0.0020822907333358604,602185.2549629211,240825,17928.32536793046,2409,3.5050232494064257,3.615709735838213,2.604709878212923,2.5005097268262064,0.5981597900390625,2.728044577697345
v6p1if1_0229,0,Heat3D,heat3d_seed0,489776.9013326991,319242940.10778165,6.236018608358586e-07,0.0005259457127243243,271720.25486564636,240825,29722.457559772185,2409,3.4433664335755827,3.916864056942419,1.4260946976667328,1.1282892343637345,3.5868263244628906,3.5125616693544224
v6p1if1_0229,1,Heat3D,heat3d_seed1,432545.9261128121,319242940.10778165,5.560358492400966e-07,0.0005259457127243243,245918.42044258118,240825,27340.700140125,2409,3.251478874909699,3.680912230920751,1.3401867766609286,1.0211498824564775,3.5169410705566406,3.3688867818110584
v6p1if1_0229,2,Heat3D,heat3d_seed2,606166.2622870803,319242940.10778165,9.80846066694641e-07,0.0005259457127243243,341115.38978767395,240825,22724.297486540978,2409,4.318470604984451,4.357478265157572,1.5865183368120657,1.4164450941043245,3.1802711486816406,3.071332483462
v6p1if1_0229,0,Therm-FM,thermfm_seed0,486462.47979337774,319242940.10778165,7.181857049908572e-07,0.0005259457127243243,272950.8961544037,240825,2311.4706986269157,2409,3.695284825614735,3.903588444723858,1.4212611675983065,1.133399340410687,4.706768035888672,0.9795481669127686
v6p1if1_0229,1,Therm-FM,thermfm_seed1,279230.635655211,319242940.10778165,4.045936253286262e-07,0.0005259457127243243,197655.04963302612,240825,12067.70707846887,2409,2.7735695344913407,2.957473634013065,1.0767893413302594,0.8207414082135415,6.667884826660156,2.2381746883202553
v6p1if1_0229,2,Therm-FM,thermfm_seed2,326638.70981934696,319242940.10778165,4.841438704688271e-07,0.0005259457127243243,220205.62182235718,240825,18158.25898263164,2409,3.034008263199516,3.1986975289086867,1.1646167748229865,0.9143802421773369,0.7577323913574219,2.7454826463951596
v6p1if1_0231,0,Heat3D,heat3d_seed0,479016.04412146955,1210947823.0191417,7.69176678973026e-07,0.0018907476438155635,301010.4776687622,240825,32915.21481711278,2409,2.0169552848013907,1.9888971001292628,1.410341370211971,1.2499137451209892,4.228569030761719,3.6964083864429855
v6p1if1_0231,1,Heat3D,heat3d_seed1,1078223.4191188738,1210947823.0191417,1.7224017817808587e-06,0.0018907476438155635,474544.06342315674,240825,44522.60959727317,2409,3.018216917878229,2.983950846318236,2.1159412042825743,1.9704933600048031,4.260826110839844,4.299044155942327
v6p1if1_0231,2,Heat3D,heat3d_seed2,1189489.4498823436,1210947823.0191417,1.9387642624464483e-06,0.0018907476438155635,518021.25048065186,240825,34515.10998065723,2409,3.2021798393824454,3.1341341516994934,2.2224372762415503,2.1510277192179044,3.9761276245117188,3.7851773336722676
v6p1if1_0231,0,Therm-FM,thermfm_seed0,2278895.699179772,1210947823.0191417,3.5380282461246464e-06,0.0018907476438155635,714923.6780700684,240825,18775.875822754868,2409,4.325774378358427,4.338099500925758,3.0761778444213457,2.968643945064127,4.30303955078125,2.791783281475178
v6p1if1_0231,1,Therm-FM,thermfm_seed1,2463073.006202223,1210947823.0191417,3.6954561302416326e-06,0.0018907476438155635,740913.4691200256,240825,12967.76493445778,2409,4.420966678517086,4.5099936139687475,3.198069207682253,3.076563766718678,3.3498001098632812,2.3201398569425202
v6p1if1_0231,2,Therm-FM,thermfm_seed2,210169.41244920495,1210947823.0191417,3.1870115512750066e-07,0.0018907476438155635,176396.9218711853,240825,1964.4532688164618,2409,1.298299933507015,1.3174132881680078,0.9341873251509948,0.7324693112060014,0.6347579956054688,0.9030305667988451
v6p1if1_0246,0,Heat3D,heat3d_seed0,47016.79202324105,219143955.50767034,6.871816010596551e-08,0.0003455334939110801,77433.53104782104,240825,4928.1315864115895,2409,1.4102323913376928,1.464744070811112,0.44185086787921823,0.32153443806839427,0.278961181640625,1.4302855390768943
v6p1if1_0246,1,Heat3D,heat3d_seed1,45166.53985054383,219143955.50767034,5.662212115626761e-08,0.0003455334939110801,76105.16815185547,240825,4173.296654764417,2409,1.280112067192082,1.4356337595127295,0.43306952746095534,0.3160185535216671,0.383941650390625,1.3161980062600875
v6p1if1_0246,2,Heat3D,heat3d_seed2,41633.19414089119,219143955.50767034,6.397578276898812e-08,0.0003455334939110801,74175.77422714233,240825,4005.560096427187,2409,1.3607010764970884,1.3783360580179445,0.41578525259173826,0.3080069520487588,0.40289306640625,1.2894758889779097
v6p1if1_0246,0,Therm-FM,thermfm_seed0,240698.15482053935,219143955.50767034,3.767778302914113e-07,0.0003455334939110801,176380.73586654663,240825,6171.423810583394,2409,3.3021560633922067,3.3141459665246567,0.9997366098068119,0.7324021005566143,9.13180923461914,1.600568575109942
v6p1if1_0246,1,Therm-FM,thermfm_seed1,175538.71827637474,219143955.50767034,2.6041684978010597e-07,0.0003455334939110801,152268.96711540222,240825,3405.538202672731,2409,2.7452978168087,2.8302298906082313,0.8537597511969836,0.6322805652046184,10.646774291992188,1.1889798053155518
v6p1if1_0246,2,Therm-FM,thermfm_seed2,129760.27912618237,219143955.50767034,2.0078364592329287e-07,0.0003455334939110801,123583.69860076904,240825,5549.677520251149,2409,2.410566363606703,2.4333587259413045,0.7340406329982583,0.5131680622890856,7.068660736083984,1.517803234437429
v6p1if1_0251,0,Heat3D,heat3d_seed0,7515737.065029303,1145291449.7195876,9.723768108300466e-06,0.0017106209556019248,897855.9071350098,240825,833874.8812283145,2409,7.5394627988042,8.100797570754779,5.586438274829632,3.7282504189141896,21.56153106689453,18.605101596287607
v6p1if1_0251,1,Heat3D,heat3d_seed1,9986352.511402013,1145291449.7195876,1.2667817260656077e-05,0.0017106209556019248,1127332.7267684937,240825,1218818.4307761395,2409,8.605458230336765,9.337818686080501,6.43950762325728,4.681128316281506,23.66071319580078,22.49319283380909
v6p1if1_0251,2,Heat3D,heat3d_seed2,7232676.237710761,1145291449.7195876,9.04041334882668e-06,0.0017106209556019248,828746.09765625,240825,932728.986926602,2409,7.269712735844354,7.946785728965276,5.480229270069906,3.44127934249455,19.25757598876953,19.677020446067363
v6p1if1_0251,0,Therm-FM,thermfm_seed0,3744092.0580660393,1145291449.7195876,4.77518546106991e-06,0.0017106209556019248,617798.8697624207,240825,480532.35408615664,2409,5.283457615563566,5.717619496370605,3.9429609389018236,2.565343588757067,17.246315002441406,14.123518948882475
v6p1if1_0251,1,Therm-FM,thermfm_seed1,3251749.3170896275,1145291449.7195876,3.957289941382909e-06,0.0017106209556019248,495153.97385025024,240825,528476.260734116,2409,4.80974488672103,5.328445395753787,3.674580316837271,2.0560738040080984,19.076866149902344,14.811339668885347
v6p1if1_0251,2,Therm-FM,thermfm_seed2,4721109.987582606,1145291449.7195876,7.590064552427372e-06,0.0017106209556019248,889699.8034496307,240825,371832.2482733571,2409,6.661098270142817,6.420429032585067,4.427629523535758,3.694383072561531,15.330970764160156,12.423819305039256
v6p1if1_0254,0,Heat3D,heat3d_seed0,1163583.8132971122,547432840.9302024,1.4283412877265547e-06,0.0008263858006978852,456772.65553855896,240825,101164.3065504577,2409,4.1574264225377116,4.610344853390197,2.198103061179844,1.8966994935681885,4.291225433349609,6.480302131236139
v6p1if1_0254,1,Heat3D,heat3d_seed1,871052.2653403063,547432840.9302024,1.071511716696495e-06,0.0008263858006978852,376934.0681476593,240825,80717.59044558191,2409,3.600866653529687,3.988932465070319,1.9018283753466203,1.5651783168178524,4.589626312255859,5.788495426700473
v6p1if1_0254,2,Heat3D,heat3d_seed2,874817.7599023257,547432840.9302024,1.0618592931421315e-06,0.0008263858006978852,390234.9992542267,240825,74769.98552197553,2409,3.5846112458291883,3.997545097273559,1.90593467407541,1.6204090075956676,4.663356781005859,5.571155086730664
v6p1if1_0254,0,Therm-FM,thermfm_seed0,263036.6588744707,547432840.9302024,3.557040339515742e-07,0.0008263858006978852,174535.33259391785,240825,23224.211539486758,2409,2.0746888458118127,2.1920109331129387,1.0450988148255649,0.7247392612640625,0.2661247253417969,3.1049319716480706
v6p1if1_0254,1,Therm-FM,thermfm_seed1,463164.3264277573,547432840.9302024,7.483361098459383e-07,0.0008263858006978852,254780.4596309662,240825,43587.975790692755,2409,3.0092407054368184,2.908721407615412,1.3868093675242592,1.0579485503206318,2.8747901916503906,4.253681324619008
v6p1if1_0254,2,Therm-FM,thermfm_seed2,309015.1995246743,547432840.9302024,4.723758132807277e-07,0.0008263858006978852,207394.8877468109,240825,33355.48888355607,2409,2.39085040441783,2.3758799745000427,1.1327632120846978,0.8611850420297349,3.7726402282714844,3.721047853617974
v6p1if1_0273,0,Heat3D,heat3d_seed0,1271950.8977010315,1239313695.1023865,1.7823459223461684e-06,0.0018312124279427308,485302.352104187,240825,21865.5153259199,2409,3.119799146226539,3.2036462044023266,2.298181840146023,2.015166000640245,2.6573104858398438,3.012738647428374
v6p1if1_0273,1,Heat3D,heat3d_seed1,2030663.1130820443,1239313695.1023865,2.8790933170552125e-06,0.0018312124279427308,623393.3812484741,240825,76567.59140394646,2409,3.965139829234507,4.047886395939649,2.903809725724119,2.588574198062801,6.429405212402344,5.637727661525692
v6p1if1_0273,2,Heat3D,heat3d_seed2,3254054.819894188,1239313695.1023865,4.710537512564044e-06,0.0018312124279427308,836073.3342208862,240825,84289.13483245036,2409,5.071843798490225,5.124149689090513,3.675882731830771,3.471704906969319,8.232872009277344,5.915172280685585
v6p1if1_0273,0,Therm-FM,thermfm_seed0,601699.9368271139,1239313695.1023865,8.337583319525121e-07,0.0018312124279427308,320506.38730430603,240825,19101.798040286172,2409,2.13378535426514,2.203430509255018,1.5806626759955555,1.3308684202400334,1.0924453735351562,2.8159097044821353
v6p1if1_0273,1,Therm-FM,thermfm_seed1,815953.2712447838,1239313695.1023865,1.4659440124949036e-06,0.0018312124279427308,373301.57880592346,240825,68008.9358386572,2409,2.8293672903121387,2.565913546007062,1.840695113809626,1.5500947941697227,5.291313171386719,5.313303081727683
v6p1if1_0273,2,Therm-FM,thermfm_seed2,891235.951923635,1239313695.1023865,1.1702089278415932e-06,0.0018312124279427308,401741.0831413269,240825,24326.460392364883,2409,2.52791426141289,2.6816724123352187,1.9237364072163965,1.668186787672903,0.5488052368164062,3.1777597571962795
v6p1if1_0279,0,Heat3D,heat3d_seed0,179647.00152389205,304648243.152673,3.137512752063001e-07,0.0004593913859342514,186249.3061351776,240825,6038.387442479492,2409,2.61337255591159,2.4283464510996655,0.8636926065496335,0.7733802808478256,1.0015907287597656,1.5832229900786599
v6p1if1_0279,1,Heat3D,heat3d_seed1,185100.87084386637,304648243.152673,3.4670763199118636e-07,0.0004593913859342514,190696.64982032776,240825,7363.771458004019,2409,2.747199995839676,2.4649317110654727,0.8767049254989561,0.791847398817929,1.1215248107910156,1.7483635778921387
v6p1if1_0279,2,Heat3D,heat3d_seed2,233373.19612966257,304648243.152673,4.2978318492887315e-07,0.0004593913859342514,224406.80798912048,240825,7016.344021733035,2409,3.058674667711729,2.767745466309475,0.9844070210740494,0.9318252174363977,1.5322914123535156,1.706620812010432
v6p1if1_0279,0,Therm-FM,thermfm_seed0,368977.94884072297,304648243.152673,4.667590316913812e-07,0.0004593913859342514,251498.26354599,240825,6020.253952727522,2409,3.187534847592698,3.480173270958852,1.2377969882665023,1.0443195828754905,3.0347557067871094,1.5808439655156983
v6p1if1_0279,1,Therm-FM,thermfm_seed1,288062.01114891114,304648243.152673,3.929047907172522e-07,0.0004593913859342514,218393.1371192932,240825,2776.5711463953776,2409,2.9245041257605533,3.074989628073148,1.093684884123885,0.906854093716571,7.235893249511719,1.0735839324924763
v6p1if1_0279,2,Therm-FM,thermfm_seed2,1525629.3649849102,304648243.152673,2.1841461666260352e-06,0.0004593913859342514,567794.8040103912,240825,5275.5384103940305,2409,6.895240611593399,7.076608678045858,2.516945056132903,2.3577070653395253,3.3776283264160156,1.4798407925982962
v6p1if1_0286,0,Heat3D,heat3d_seed0,2204290.2188326875,1237190470.5442233,3.045702236745932e-06,0.0017793823921539833,698942.2313156128,240825,57042.25507667888,2409,4.137224394553614,4.221007304214427,3.0254055711349523,2.902282700365879,5.6912689208984375,4.8660878271634465
v6p1if1_0286,1,Heat3D,heat3d_seed1,5100927.374117005,1237190470.5442233,7.5312190298981195e-06,0.0017793823921539833,1084529.920036316,240825,96278.67398876039,2409,6.505759353905334,6.421053478389939,4.602287929395521,4.503394249086747,6.3040618896484375,6.321885854643117
v6p1if1_0286,2,Heat3D,heat3d_seed2,3690027.280254802,1237190470.5442233,5.532756396277167e-06,0.0017793823921539833,924202.4084701538,240825,67020.84160717338,2409,5.576171599041988,5.461305929257798,3.914389195098521,3.8376514417944723,4.4077301025390625,5.274563663258219
v6p1if1_0286,0,Therm-FM,thermfm_seed0,1922884.543486072,1237190470.5442233,3.0351041968037207e-06,0.0017793823921539833,634761.5876407623,240825,9436.275579119276,2409,4.130020033244703,3.942378531352306,2.825698491534804,2.6357794566210417,3.0064544677734375,1.9791645699181073
v6p1if1_0286,1,Therm-FM,thermfm_seed1,235571.91864060587,1237190470.5442233,4.700809577783457e-07,0.0017793823921539833,189602.76008224487,240825,4914.697368769848,2409,1.6253679250021469,1.379886851646805,0.9890334386154469,0.7873051389276232,0.13921356201171875,1.4283347104763127
v6p1if1_0286,2,Therm-FM,thermfm_seed2,291364.10623226606,1237190470.5442233,3.9189060916877193e-07,0.0017793823921539833,212594.2619781494,240825,13214.906891571707,2409,1.484047439585417,1.534616069138747,1.099935553413989,0.8827748862375144,0.0910186767578125,2.342144328306164
v6p1if1_0303,0,Heat3D,heat3d_seed0,1075136.2299268104,1218371997.7733517,1.3788675903978323e-06,0.0019313631893334055,427796.93629837036,240825,64633.21127800259,2409,2.671956029890446,2.970583702267909,2.112909831904078,1.7763809251463525,2.03179931640625,5.179757967502978
v6p1if1_0303,1,Heat3D,heat3d_seed1,2070471.456260033,1218371997.7733517,2.5516982637829407e-06,0.0019313631893334055,627288.653591156,240825,111163.13018114062,2409,3.6348181182570514,4.122348172222204,2.9321341718027627,2.6047488989563212,3.255462646484375,6.793005772921332
v6p1if1_0303,2,Heat3D,heat3d_seed2,1890532.4232012848,1218371997.7733517,2.6632188473164706e-06,0.0019313631893334055,601198.7348594666,240825,126873.21348344057,2409,3.7133976046700337,3.9391462976996334,2.801826770733246,2.4964133078354265,5.80108642578125,7.257157857989202
v6p1if1_0303,0,Therm-FM,thermfm_seed0,376462.0477376822,1218371997.7733517,4.339776887376353e-07,0.0019313631893334055,228612.6241760254,240825,73261.4100184695,2409,1.4990003228855884,1.7578047983645972,1.250287288049546,0.9492894183578341,4.9467926025390625,5.514666283364961
v6p1if1_0303,1,Therm-FM,thermfm_seed1,580657.1050729295,1218371997.7733517,9.035421864693624e-07,0.0019313631893334055,324985.3161354065,240825,48786.592201295774,2409,2.162928894680861,2.183081341576755,1.5527769936064466,1.3494666921432845,3.5480194091796875,4.5002002723432115
v6p1if1_0303,2,Therm-FM,thermfm_seed2,315157.37709300197,1218371997.7733517,3.9608652842100783e-07,0.0019313631893334055,187600.98440933228,240825,46598.844202619395,2409,1.4320660891298842,1.6083248945100288,1.1439655714504593,0.778992980003456,4.665061950683594,4.398141244933568
v6p1if1_0308,0,Heat3D,heat3d_seed0,4487731.742132559,1656528446.5673265,5.585229440892971e-06,0.002396666240301415,977869.595779419,240825,125630.4191887345,2409,4.8274382819966775,5.204919239164298,4.31680727480205,4.060498684851734,5.8419342041015625,7.2215264197356515
v6p1if1_0308,1,Heat3D,heat3d_seed1,5358887.507562142,1656528446.5673265,6.42205069505142e-06,0.002396666240301415,1072719.7457504272,240825,140340.96529476426,2409,5.17646265940758,5.687715583417571,4.7172243947139805,4.4543537662220585,5.2460479736328125,7.632623316139673
v6p1if1_0308,2,Heat3D,heat3d_seed2,5375602.37134208,1656528446.5673265,6.5271304090758554e-06,0.002396666240301415,1076606.6921920776,240825,162792.3272988781,2409,5.218640323873931,5.696578931818044,4.724575395775893,4.470493894703945,8.103195190429688,8.220506289809924
v6p1if1_0308,0,Therm-FM,thermfm_seed0,429735.22513421753,1656528446.5673265,5.040399358898448e-07,0.002396666240301415,245981.31157302856,240825,56053.19911657454,2409,1.4502026507827805,1.6106494473705633,1.3358253859634335,1.02141103113476,1.4513778686523438,4.823716794958395
v6p1if1_0308,1,Therm-FM,thermfm_seed1,608242.503664572,1656528446.5673265,6.424458964709232e-07,0.002396666240301415,300321.6573257446,240825,55862.3856297413,2409,1.637248120446787,1.9161916064824278,1.5892330863727477,1.24705349247688,0.2397613525390625,4.8154994684510415
v6p1if1_0308,2,Therm-FM,thermfm_seed2,378694.3500210676,1656528446.5673265,5.147229901536165e-07,0.002396666240301415,229811.58000946045,240825,32071.323572556314,2409,1.465490488396961,1.5119762304761928,1.2539887155089404,0.9542679539477232,0.21790313720703125,3.648715837296065
v6p1if1_0329,0,Heat3D,heat3d_seed0,710576.6914146409,1959767254.746054,1.1564276569723447e-06,0.0029830217129704984,365118.07776260376,240825,22228.98227854201,2409,1.9689334061841264,1.90415909006877,1.7177291838073065,1.516113683224764,0.4317626953125,3.037675579439039
v6p1if1_0329,1,Heat3D,heat3d_seed1,1211096.5893468654,1959767254.746054,2.068008563933273e-06,0.0029830217129704984,488104.3206214905,240825,54298.65778840089,2409,2.6329824186753927,2.4859199640008436,2.242531778486659,2.026800874583164,1.96600341796875,4.747622147974948
v6p1if1_0329,2,Heat3D,heat3d_seed2,1991587.0273693788,1959767254.746054,3.6714686151256655e-06,0.0029830217129704984,643610.2184257507,240825,62523.67348764965,2409,3.5082594423197127,3.187846461037301,2.8757349783325354,2.6725224475272533,3.177978515625,5.094526706280012
v6p1if1_0329,0,Therm-FM,thermfm_seed0,2068138.1349951325,1959767254.746054,3.0298352352463657e-06,0.0029830217129704984,669385.2270584106,240825,28624.332432876632,2409,3.1869943876180162,3.248534795745371,2.9304815193061433,2.779550408215138,4.6824188232421875,3.4470634973893195
v6p1if1_0329,1,Therm-FM,thermfm_seed1,1836828.3418581698,1959767254.746054,2.3981892409870857e-06,0.0029830217129704984,624573.728477478,240825,39421.37866541592,2409,2.8353946649837933,3.0614843061056685,2.7617445232351057,2.5934754634173283,6.676231384277344,4.045269912063086
v6p1if1_0329,2,Therm-FM,thermfm_seed2,253478.07360749796,1959767254.746054,4.2844919326809295e-07,0.0029830217129704984,190674.33535766602,240825,4522.548810194945,2409,1.198454243355546,1.1372814369293216,1.0259339803089935,0.7917547404034715,1.9287948608398438,1.370166141522106
v6p1if1_0347,0,Heat3D,heat3d_seed0,475740.64195832587,5185972399.327811,8.650741687846099e-07,0.008629553164448852,281796.9940338135,240825,22324.092656891095,2409,1.0012269194393464,0.9577894006165525,1.4055113034474147,1.1701318136979695,4.006927490234375,3.0441672417052916
v6p1if1_0347,1,Heat3D,heat3d_seed1,2416240.0481327595,5185972399.327811,3.830850335487453e-06,0.008629553164448852,725232.8991241455,240825,53237.353699732805,2409,2.1069461614220195,2.158514342010035,3.1675191899132744,3.0114518805113484,3.73681640625,4.700995438765035
v6p1if1_0347,2,Heat3D,heat3d_seed2,835878.7364335784,5185972399.327811,1.6236941922626237e-06,0.008629553164448852,410575.5447845459,240825,29713.410317438887,2409,1.3716962909215784,1.2695696690156315,1.8630343154422095,1.7048709427366175,3.29620361328125,3.512027032956238
v6p1if1_0347,0,Therm-FM,thermfm_seed0,8991743.498556979,5185972399.327811,1.5171821433427244e-05,0.008629553164448852,1419838.0396881104,240825,113721.3414129226,2409,4.192998499205292,4.163962927583462,6.110421516553795,5.895725276396181,3.75433349609375,6.870725326047241
v6p1if1_0347,1,Therm-FM,thermfm_seed1,3687147.9924127413,5185972399.327811,7.749526660411543e-06,0.008629553164448852,850403.1787414551,240825,48203.11921244953,2409,2.9967011465674647,2.6664299830954277,3.9128617195797295,3.5312080504160908,3.0523834228515625,4.473208805362868
v6p1if1_0347,2,Therm-FM,thermfm_seed2,34816371.53748443,5185972399.327811,5.887849747077456e-05,0.008629553164448852,2880007.6933135986,240825,426854.1888848599,2409,8.260079076555646,8.193635753771318,12.023778568486115,11.958923256778153,13.144851684570312,13.311327661804011
v6p1if1_0352,0,Heat3D,heat3d_seed0,6574240.427003948,1944721733.1913943,9.587275296431845e-06,0.002829406626468407,1219397.0024490356,240825,165091.47280020174,2409,5.821031051188688,5.814254765275765,5.224828104552102,5.063415353260814,4.940284729003906,8.278352611444078
v6p1if1_0352,1,Heat3D,heat3d_seed1,4852867.618998707,1944721733.1913943,7.455170636283178e-06,0.002829406626468407,1047224.7349472046,240825,126597.00286513567,2409,5.133116380763632,4.995402517308376,4.488987930466996,4.348488466509726,3.6131668090820312,7.249253919188049
v6p1if1_0352,2,Heat3D,heat3d_seed2,6381249.382709712,1944721733.1913943,9.458157706695054e-06,0.002829406626468407,1206469.6190185547,240825,147426.36510191346,2409,5.781700521164593,5.7282785044384275,5.147567784514179,5.009735779169748,3.0484695434570312,7.822925222027684
v6p1if1_0352,0,Therm-FM,thermfm_seed0,3589505.175180531,1944721733.1913943,4.745005698713608e-06,0.002829406626468407,882649.0222167969,240825,39747.0683458533,2409,4.095158222377861,4.296240235390001,3.8607040165892306,3.665105459220583,6.169563293457031,4.061946049129803
v6p1if1_0352,1,Therm-FM,thermfm_seed1,4078388.833276748,1944721733.1913943,5.795641931096708e-06,0.002829406626468407,951038.2695922852,240825,43114.670139456226,2409,4.525880572775582,4.579473820962774,4.115224476699048,3.9490844787388566,6.770896911621094,4.230523714691006
v6p1if1_0352,2,Therm-FM,thermfm_seed2,2964147.305067783,1944721733.1913943,5.072760825842757e-06,0.002829406626468407,802876.7900714874,240825,62015.7491219276,2409,4.234230635446204,3.904102014980567,3.5083192523197746,3.3338598155153636,3.0922622680664062,5.073791272356101
v6p1if1_0355,0,Heat3D,heat3d_seed0,3082299.7404785976,3498146887.2034616,4.338656918109761e-06,0.005359386158144485,830500.4860076904,240825,41340.67760480847,2409,2.8452480185524,2.9683725997719472,3.5775577284277245,3.4485642520821775,1.6024169921875,4.142575147434423
v6p1if1_0355,1,Heat3D,heat3d_seed1,4732404.540377928,3498146887.2034616,6.728474480716052e-06,0.005359386158144485,1036749.6214141846,240825,76245.96315450687,2409,3.543241709781136,3.6780862610869804,4.4329225819516385,4.304991680324653,4.6641845703125,5.625874339298023
v6p1if1_0355,2,Heat3D,heat3d_seed2,4181676.175323461,3498146887.2034616,6.43749763113071e-06,0.005359386158144485,975151.617477417,240825,54016.399614804424,2409,3.46578019780256,3.4574521510158487,4.167008772580001,4.049212571275478,2.055877685546875,4.735266398876513
v6p1if1_0355,0,Therm-FM,thermfm_seed0,3410614.435858518,3498146887.2034616,4.721951944123387e-06,0.005359386158144485,868944.6728897095,240825,37017.41582279303,2409,2.9682689993397586,3.1224629377201434,3.763271300721499,3.6081996175218913,5.13983154296875,3.919987198430961
v6p1if1_0355,1,Therm-FM,thermfm_seed1,649682.798392762,3498146887.2034616,8.619986187423024e-07,0.005359386158144485,332795.0198135376,240825,9316.63720678538,2409,1.268223393388167,1.3627985514977632,1.642479279917724,1.3818956495942598,3.43695068359375,1.9665780710622633
v6p1if1_0355,2,Therm-FM,thermfm_seed2,3487773.2937739715,3498146887.2034616,5.599104125004784e-06,0.005359386158144485,865734.7212753296,240825,16234.73043970525,2409,3.23222620452869,3.157585384548447,3.8056017618979507,3.594870637497476,0.8193359375,2.59599672962391
v6p1if1_0358,0,Heat3D,heat3d_seed0,755109.324850593,308131783.5160294,1.1079792632374696e-06,0.0004591248374473337,405213.4926891327,240825,24634.832312042126,2409,4.912475781814889,4.950358689260927,1.7707372860129125,1.6826055961346733,3.554119110107422,3.1978376042747167
v6p1if1_0358,1,Heat3D,heat3d_seed1,546832.0498094121,308131783.5160294,7.968979653040292e-07,0.0004591248374473337,344148.34599113464,240825,23035.868123172317,2409,4.166160194866202,4.2126825276847075,1.506871419658708,1.4290391196559105,3.193523406982422,3.0923161727472586
v6p1if1_0358,2,Heat3D,heat3d_seed2,587779.7273761211,308131783.5160294,9.459197750956493e-07,0.0004591248374473337,357081.6545391083,240825,21200.138380989432,2409,4.5390164699538635,4.367561737946803,1.56227152491457,1.4827432971622891,2.862773895263672,2.9665450496050823
v6p1if1_0358,0,Therm-FM,thermfm_seed0,641988.1533062282,308131783.5160294,1.0574148570262574e-06,0.0004591248374473337,357212.3874168396,240825,7505.499836006129,2409,4.799072492752845,4.564521511743271,1.6327237965979668,1.4832861514246427,4.078815460205078,1.7651085145340457
v6p1if1_0358,1,Therm-FM,thermfm_seed1,160715.02662487916,308131783.5160294,2.488234072584442e-07,0.0004591248374473337,148753.01570129395,240825,1703.6473061025317,2409,2.327985240788913,2.2838101219196103,0.8169161046510977,0.6176809538100029,7.848453521728516,0.8409524601951245
v6p1if1_0358,2,Therm-FM,thermfm_seed2,1114003.1697206586,308131783.5160294,1.5485090867776895e-06,0.0004591248374473337,480085.00760269165,240825,12839.315487218133,2409,5.807530312587648,6.012775162170906,2.1507623670110116,1.9935015368117581,5.074195861816406,2.3086204333316473
v6p1if1_0365,0,Heat3D,heat3d_seed0,153899.28024432395,787006195.2375472,2.3489843051671941e-07,0.0012775568784289017,157225.99258041382,240825,7527.320406655315,2409,1.35596954443692,1.3983929275132867,0.799406195703768,0.6528640821360483,1.276214599609375,1.7676724824619938
v6p1if1_0365,1,Heat3D,heat3d_seed1,199320.75787770894,787006195.2375472,3.232720037634178e-07,0.0012775568784289017,187165.97079086304,240825,6667.410701959161,2409,1.5907206733381676,1.5914287126487543,0.9097571561482298,0.7771866325791054,1.254608154296875,1.663643256280431
v6p1if1_0365,2,Heat3D,heat3d_seed2,82961.8460870665,787006195.2375472,6.913539711865336e-08,0.0012775568784289017,105055.24293136597,240825,5184.532655298477,2409,0.7356311460029552,1.026715523003282,0.5869328528238426,0.43623063606920365,1.301025390625,1.467021258217639
v6p1if1_0365,0,Therm-FM,thermfm_seed0,192998.2886413311,787006195.2375472,3.1529897560153343e-07,0.0012775568784289017,166845.70276641846,240825,7993.096206073184,2409,1.570981813981228,1.5659852007640644,0.8952121018642004,0.6928088976078831,0.04683685302734375,1.8215417094547084
v6p1if1_0365,1,Therm-FM,thermfm_seed1,214619.77325924824,787006195.2375472,2.9886925050602326e-07,0.0012775568784289017,180711.48483276367,240825,2525.0935109943675,2409,1.5295035698051558,1.651375322209297,0.9440262733264398,0.7503850714533943,0.7357177734375,1.0238122766556317
v6p1if1_0365,2,Therm-FM,thermfm_seed2,290079.03921688395,787006195.2375472,4.385551708957033e-07,0.0012775568784289017,225923.84812545776,240825,1321.6778690104984,2409,1.8527720721243053,1.9198579592684364,1.0975072294162456,0.9381245640006551,2.0819015502929688,0.7407035207769469
v6p1if1_0373,0,Heat3D,heat3d_seed0,164519.6145484713,238232252.15788993,2.879962835554249e-07,0.0003711695911216594,192542.22507286072,240825,1676.2432640805491,2409,2.785526198699319,2.62789835746987,0.8265289260524756,0.7995109522385995,0.74005126953125,0.8341614641726925
v6p1if1_0373,1,Heat3D,heat3d_seed1,82001.55823030953,238232252.15788993,1.658845927393619e-07,0.0003711695911216594,131200.97255897522,240825,1374.0839426438906,2409,2.1140576740103842,1.8552856025031217,0.5835260759605337,0.5447979759533903,0.497100830078125,0.7552456495305785
v6p1if1_0373,2,Heat3D,heat3d_seed2,130345.17188866135,238232252.15788993,2.477429328889155e-07,0.0003711695911216594,164653.38754081726,240825,738.7634775401675,2409,2.583535557019126,2.3390914223554953,0.7356931122402482,0.6837055436138991,0.3529052734375,0.553776227576067
v6p1if1_0373,0,Therm-FM,thermfm_seed0,688512.2453848391,238232252.15788993,1.0807531522839223e-06,0.0003711695911216594,345610.63447761536,240825,4793.233071159979,2409,5.396063617908339,5.375954150761548,1.6908498755691452,1.4351111158626195,13.213134765625,1.4105739966646234
v6p1if1_0373,1,Therm-FM,thermfm_seed1,331027.63881417416,238232252.15788993,4.8746537781135e-07,0.0003711695911216594,216701.55605125427,240825,13124.33094557676,2409,3.6239791758085325,3.727621860076027,1.1724149391016523,0.8998299846413548,14.841552734375,2.3341039122752822
v6p1if1_0373,2,Therm-FM,thermfm_seed2,432316.9622572862,238232252.15788993,7.249064208261744e-07,0.0003711695911216594,242689.2982673645,240825,2834.706437085755,2409,4.419313175488425,4.259914275452903,1.339832022481892,1.0077412987329575,15.132999420166016,1.0847649518977915
v6p1if1_0388,0,Heat3D,heat3d_seed0,2769412.5441849087,2318432767.4404645,4.237762027027994e-06,0.003754117091691546,747936.8264465332,240825,167299.86892306502,2409,3.3598073469321017,3.456181764075863,3.3911191005347883,3.1057275052280002,6.42584228515625,8.333537621150576
v6p1if1_0388,1,Heat3D,heat3d_seed1,1417034.8549581296,2318432767.4404645,2.045956818163472e-06,0.003754117091691546,457823.2198486328,240825,136286.93942211266,2409,2.3345023988082207,2.4722535732046045,2.4257133697657847,1.9010618492624636,1.83966064453125,7.521573770777889
v6p1if1_0388,2,Heat3D,heat3d_seed2,1248796.3299520803,2318432767.4404645,1.7808540735663346e-06,0.003754117091691546,442050.94732666016,240825,138067.19164354797,2409,2.1780119582909205,2.3208579169487447,2.277167738571378,1.8355691781445453,5.3956298828125,7.5705397757546935
v6p1if1_0388,0,Therm-FM,thermfm_seed0,3436223.912103988,2318432767.4404645,6.006509580070415e-06,0.003754117091691546,880720.6631088257,240825,16082.450318664312,2409,3.999974106132724,3.8498470401667007,3.7773736230384367,3.65709815471328,3.1251296997070312,2.5837929519488596
v6p1if1_0388,1,Therm-FM,thermfm_seed1,329697.36993618583,2318432767.4404645,4.744934511182977e-07,0.003754117091691546,208561.8885421753,240825,17899.31676738005,2409,1.1242456199999524,1.1925057676751114,1.1700568321649785,0.8660308877490929,1.348846435546875,2.7258366527745177
v6p1if1_0388,2,Therm-FM,thermfm_seed2,2314257.583370532,2318432767.4404645,3.649332589548703e-06,0.003754117091691546,710692.4553070068,240825,14220.288186731515,2409,3.1178327573989773,3.1594289597227334,3.0999526713153926,2.9510742460583694,2.0016937255859375,2.4296057063284895
v6p1if1_0391,0,Heat3D,heat3d_seed0,631533.0366044044,1718155288.1835136,1.2406392369718662e-06,0.0028560432520299116,371196.0956878662,240825,13223.508864824078,2409,2.0842046766199376,1.9171973963631121,1.619374337356998,1.5413520011953337,1.7098388671875,2.3429064897620715
v6p1if1_0391,1,Heat3D,heat3d_seed1,473740.8320255885,1718155288.1835136,9.6342348669789e-07,0.0028560432520299116,302451.33447265625,240825,9015.335531346384,2409,1.8366492452815444,1.6605012339336367,1.4025541086602205,1.2558967485628827,0.930572509765625,1.9345169861856362
v6p1if1_0391,2,Heat3D,heat3d_seed2,395062.1170800319,1718155288.1835136,8.16600482227463e-07,0.0028560432520299116,281380.2434539795,240825,7433.361073914799,2409,1.6909175276835202,1.5163570919850333,1.2808017399188942,1.1684013015840526,0.80682373046875,1.7566054042525878
v6p1if1_0391,0,Therm-FM,thermfm_seed0,497755.0570332638,1718155288.1835136,9.28099020352542e-07,0.0028560432520299116,306811.8870010376,240825,2560.629530897131,2409,1.8026639223754657,1.7020669307465712,1.4376628683846568,1.2740034755570957,1.8466644287109375,1.0309912391481013
v6p1if1_0391,1,Therm-FM,thermfm_seed1,1284829.519351251,1718155288.1835136,2.1028683259969552e-06,0.0028560432520299116,521621.43325805664,240825,9052.737945653033,2409,2.7134614110767368,2.7345857508299716,2.3097871907173517,2.1659770923203845,3.9420166015625,1.9385257507185327
v6p1if1_0391,2,Therm-FM,thermfm_seed2,241608.28634784737,1718155288.1835136,4.1344695217765647e-07,0.0028560432520299116,200608.06441116333,240825,6160.0203687592875,2409,1.2031714203761978,1.1858362055710086,1.0016249360933236,0.8330034855648846,2.8893585205078125,1.5990891409945003
v6p1if1_0396,0,Heat3D,heat3d_seed0,1300208.4071966596,1241151867.085884,2.0740018221300196e-06,0.001902683539322969,548040.1713981628,240825,19098.503758549166,2409,3.3015759044176107,3.2366372083897144,2.323569678278412,2.275678070790669,2.7077789306640625,2.8156668791764314
v6p1if1_0396,1,Heat3D,heat3d_seed1,1240649.0477792844,1241151867.085884,1.9463683982223466e-06,0.001902683539322969,533270.7321662903,240825,18527.91345926508,2409,3.198373966730762,3.161637039396218,2.2697273390482624,2.2143495574225693,2.3209381103515625,2.7732872611734165
v6p1if1_0396,2,Heat3D,heat3d_seed2,1284294.6990270433,1241151867.085884,2.219250612566038e-06,0.001902683539322969,546016.8227958679,240825,16369.42472917348,2409,3.4152295044749312,3.2167690571046377,2.3093064071988523,2.2672763325895064,1.9317474365234375,2.6067435561018124
v6p1if1_0396,0,Therm-FM,thermfm_seed0,690961.1652919543,1241151867.085884,1.0779903225593854e-06,0.001902683539322969,370107.8856315613,240825,18682.83353441785,2409,2.380258641571843,2.3594694418345177,1.6938542378676924,1.5368333255748419,0.32920074462890625,2.78485746601626
v6p1if1_0396,1,Therm-FM,thermfm_seed1,3682924.4053914947,1241151867.085884,5.432097222340437e-06,0.001902683539322969,916552.2996749878,240825,53499.726057723514,2409,5.343188387902523,5.447333188637404,3.9106200076389603,3.8058851849890494,2.5863189697265625,4.712565278688914
v6p1if1_0396,2,Therm-FM,thermfm_seed2,143667.12695340364,1241151867.085884,2.2979406738275617e-07,0.001902683539322969,142126.83614349365,240825,1266.2989820972434,2409,1.0989707301770415,1.0758859620478263,0.7723744855369413,0.5901664534142786,0.8995895385742188,0.7250195691944601
v6p1if1_0400,0,Heat3D,heat3d_seed0,3186349.093221289,1093775161.7252884,4.362379537631678e-06,0.0016080810497627988,777821.8662109375,240825,236859.55283295602,2409,5.208441093600243,5.39737569495409,3.6374404579468576,3.2298219296623585,13.358352661132812,9.91578388024447
v6p1if1_0400,1,Heat3D,heat3d_seed1,2031140.6379685255,1093775161.7252884,2.853828031541787e-06,0.0016080810497627988,613916.1465072632,240825,178697.25882917928,2409,4.21269417980457,4.309292457817493,2.904151131418309,2.5492209966044355,11.671646118164062,8.612724299219778
v6p1if1_0400,2,Heat3D,heat3d_seed2,3203540.745652982,1093775161.7252884,4.6990754413462635e-06,0.0016080810497627988,817336.229598999,240825,215997.02104585158,2409,5.405703755196946,5.411916628963458,3.6472399947312724,3.3939010883380005,12.639572143554688,9.469029744539231
v6p1if1_0400,0,Therm-FM,thermfm_seed0,227153.81802257063,1093775161.7252884,3.0814830257606096e-07,0.0016080810497627988,156172.25447273254,240825,37130.30421216559,2409,1.384286306558288,1.4411062178529954,0.9712012572921053,0.6484885475873873,5.3321685791015625,3.925959848959699
v6p1if1_0400,1,Therm-FM,thermfm_seed1,1874155.5113884276,1093775161.7252884,2.4500831995715492e-06,0.0016080810497627988,625899.6386756897,240825,28180.81207967142,2409,3.903340602385009,4.139413233694176,2.789664833314499,2.5989811633995212,1.5699386596679688,3.4202539407730788
v6p1if1_0400,2,Therm-FM,thermfm_seed2,243874.85878289386,1093775161.7252884,3.2213026453534456e-07,0.0016080810497627988,172956.98344612122,240825,39168.58276910818,2409,1.4153433137340223,1.493205177196253,1.006312184016969,0.7181853356010431,6.3641204833984375,4.0322785811346415
v6p1if1_0410,0,Heat3D,heat3d_seed0,2628048.689037816,2668977429.428066,3.4448027915786668e-06,0.004066017968450297,722421.6979980469,240825,47122.717916627415,2409,2.9107006002386475,3.137937237540788,3.3034361651780206,2.9997786691499924,1.8576583862304688,4.422794549827328
v6p1if1_0410,1,Heat3D,heat3d_seed1,1730810.3902146942,2668977429.428066,2.3141137277677464e-06,0.004066017968450297,596092.1378479004,240825,31434.61467176862,2409,2.385655351100214,2.546550519198529,2.6808589352685988,2.4752087110885514,2.2605514526367188,3.6123154661361045
v6p1if1_0410,2,Heat3D,heat3d_seed2,345524.03631286963,2668977429.428066,4.939490358295224e-07,0.004066017968450297,237838.45028686523,240825,8161.0010609757155,2409,1.1021898929906009,1.1378019706461724,1.1978111396482416,0.9875986724254759,0.5968856811523438,1.840574145286943
v6p1if1_0410,0,Therm-FM,thermfm_seed0,236404.896756108,2668977429.428066,3.7040591016277255e-07,0.004066017968450297,183417.33446884155,240825,4786.4898672687705,2409,0.9544524718845059,0.9411433619935908,0.9907804979118692,0.7616208220443955,2.7908859252929688,1.4095814374030107
v6p1if1_0410,1,Therm-FM,thermfm_seed1,1264298.9505435238,2668977429.428066,1.8867322660973254e-06,0.004066017968450297,504905.88217926025,240825,33675.09796457464,2409,2.1541229690072217,2.1764687613747298,2.291258579900784,2.096567558099285,5.614540100097656,3.738832713008604
v6p1if1_0410,2,Therm-FM,thermfm_seed2,447009.39824466384,2668977429.428066,7.782351721202949e-07,0.004066017968450297,259119.54369354248,240825,8924.697169588122,2409,1.383473295540369,1.294153754178935,1.3624091214157148,1.0759661318116578,4.361961364746094,1.9247677987526277
v6p1if1_0418,0,Heat3D,heat3d_seed0,483892.4929519248,4798258941.025185,6.847452058592802e-07,0.007993692823056536,291138.74214172363,240825,37728.87667136453,2409,0.9255305795589672,1.004228636840115,1.4175019264975661,1.2089224214335041,2.10430908203125,3.957478256625862
v6p1if1_0418,1,Heat3D,heat3d_seed1,474542.56872354343,4798258941.025185,5.683979835057074e-07,0.007993692823056536,262993.0866241455,240825,53360.67800575774,2409,0.843242595887777,0.9944793000554462,1.4037404152566337,1.0920506036505575,2.91009521484375,4.70643721603461
v6p1if1_0418,2,Heat3D,heat3d_seed2,1137255.8293247991,4798258941.025185,1.931094824763892e-06,0.007993692823056536,472025.1345214844,240825,94696.0301430868,2409,1.5542757540153143,1.5395267705957052,2.173092942341012,1.9600337777285763,0.03094482421875,6.269710477030774
v6p1if1_0418,0,Therm-FM,thermfm_seed0,48691109.77660465,4798258941.025185,8.220997795789526e-05,0.007993692823056536,3389265.587059021,240825,815955.65857879,2409,10.14118109536299,10.073560428020471,14.219163634229341,14.073562076441487,15.85107421875,18.404112497476078
v6p1if1_0418,1,Therm-FM,thermfm_seed1,21157101.208545383,4798258941.025185,3.981532611580176e-05,0.007993692823056536,2228506.8554153442,240825,466751.35613949806,2409,7.057508516794414,6.640277684639521,9.37297151779383,9.253635857636642,15.121429443359375,13.919524323215883
v6p1if1_0418,2,Therm-FM,thermfm_seed2,28958691.714889772,4798258941.025185,4.86918610717197e-05,0.007993692823056536,2602578.96144104,240825,445599.98677890655,2409,7.80466846540712,7.768687072802896,10.965758680916908,10.806930183498558,12.181320190429688,13.60047838723043
v6p1if1_0450,0,Heat3D,heat3d_seed0,878078.845182976,717053675.875726,1.1341085524968466e-06,0.001017595120939765,428179.2020492554,240825,13872.300810255969,2409,3.338411015929327,3.499378537341602,1.9094837755099805,1.7779682427042682,1.102447509765625,2.3996939069245196
v6p1if1_0450,1,Heat3D,heat3d_seed1,972454.5780762588,717053675.875726,1.3916167317352485e-06,0.001017595120939765,449629.26040649414,240825,22242.32431961193,2409,3.6980460325264737,3.682636296983007,2.009480879292129,1.8670373109373783,2.12286376953125,3.0385870631996412
v6p1if1_0450,2,Heat3D,heat3d_seed2,1439299.2444158066,717053675.875726,2.059922145586329e-06,0.001017595120939765,556757.1929664612,240825,19115.43627297638,2409,4.499226897130555,4.480223868714305,2.4446954499702382,2.31187456853093,1.468170166015625,2.8169147716296483
v6p1if1_0450,0,Therm-FM,thermfm_seed0,605309.6573579704,717053675.875726,9.200231273690875e-07,0.001017595120939765,320037.5730419159,240825,10168.61286428581,2409,3.006850699018968,2.9054470707171496,1.5853969448963967,1.3289217192646772,6.06927490234375,2.054529855783218
v6p1if1_0450,1,Therm-FM,thermfm_seed1,3147076.604845302,717053675.875726,4.666666496206075e-06,0.001017595120939765,821034.7566699982,240825,42237.78441057987,2409,6.771983239164625,6.624877069794227,3.61495481112774,3.409258825578732,7.645782470703125,4.187281559915583
v6p1if1_0450,2,Therm-FM,thermfm_seed2,608589.2953520601,717053675.875726,8.529616205503307e-07,0.001017595120939765,235678.21053504944,240825,2436.896121746322,2409,2.895191113986383,2.913307462732494,1.5896860753412132,0.9786285083984197,5.689506530761719,1.005773314029516
v6p1if1_0457,0,Heat3D,heat3d_seed0,985520.6573706856,3381686457.7756166,1.2745126091413598e-06,0.005406256626767639,437417.49197387695,240825,25919.726292781066,2409,1.5354077897952199,1.7071284369559903,2.0229357127800283,1.8163292514227216,1.6291046142578125,3.2801734236152402
v6p1if1_0457,1,Heat3D,heat3d_seed1,1417926.8471757676,3381686457.7756166,2.2119738575111053e-06,0.005406256626767639,538646.7585296631,240825,49027.743908641394,2409,2.0227474687624216,2.0476713015120684,2.4264767162157663,2.236672930674403,2.9379730224609375,4.5113087876397024
v6p1if1_0457,2,Heat3D,heat3d_seed2,690312.2679219837,3381686457.7756166,1.1434553457103818e-06,0.005406256626767639,361198.9348449707,240825,30373.285443529952,2409,1.4543243512313366,1.4287496157487733,1.6930586824929372,1.4998398623272946,2.1383209228515625,3.550810421093509
v6p1if1_0457,0,Therm-FM,thermfm_seed0,2807792.869821308,3381686457.7756166,4.264276026892763e-06,0.005406256626767639,749641.1649932861,240825,22809.435666382313,2409,2.8084993380167327,2.881481689962177,3.4145364169201695,3.1128045883661835,5.998382568359375,3.0770805862304305
v6p1if1_0457,1,Therm-FM,thermfm_seed1,1913885.192685559,3381686457.7756166,3.1414380331509124e-06,0.005406256626767639,626245.1382217407,240825,19715.251236876415,2409,2.4105487567522457,2.378982635262801,2.819078417753949,2.6004158132325994,6.61724853515625,2.8607687817752327
v6p1if1_0457,2,Therm-FM,thermfm_seed2,3989322.145202571,3381686457.7756166,6.550306189642433e-06,0.005406256626767639,948024.2069015503,240825,31285.309118884674,2409,3.480827264782364,3.4346531385555226,4.070040861943124,3.936568906473789,4.4965667724609375,3.603726515457113
v6p1if1_0461,0,Heat3D,heat3d_seed0,1187522.0388564523,334641146.26896524,1.7354088786602105e-06,0.0004898972005896162,506660.58336639404,240825,45098.00801728206,2409,5.951801364549213,5.957048960686068,2.2205985642202917,2.1038537667035984,4.838859558105469,4.326734830707828
v6p1if1_0461,1,Heat3D,heat3d_seed1,1214997.5264191742,334641146.26896524,1.6341878790315568e-06,0.0004898972005896162,502646.1942977905,240825,44582.180163245706,2409,5.77561869634682,6.025568490498931,2.246140467690894,2.0871844463730533,4.325553894042969,4.301919222001968
v6p1if1_0461,2,Heat3D,heat3d_seed2,1413840.7587623745,334641146.26896524,2.174928300574586e-06,0.0004898972005896162,555667.7856445312,240825,47625.92650406418,2409,6.663002762413699,6.499958430138735,2.422977963201989,2.3073509213932577,5.043479919433594,4.446346651893222
v6p1if1_0461,0,Therm-FM,thermfm_seed0,141744.43252585537,334641146.26896524,2.039391433553236e-07,0.0004898972005896162,137587.04857254028,240825,9332.098802492314,2409,2.04031779081263,2.058085131739344,0.7671887403888611,0.5713154721168495,3.220867156982422,1.9682092298942864
v6p1if1_0461,1,Therm-FM,thermfm_seed1,197630.27901139512,334641146.26896524,3.120139435330245e-07,0.0004898972005896162,161624.28973197937,240825,16303.654855233443,2409,2.523681373793635,2.4301723334724437,0.9058910259309473,0.6711275396324275,4.233776092529297,2.601501534620738
v6p1if1_0461,2,Therm-FM,thermfm_seed2,477052.2369129213,334641146.26896524,6.538684477286574e-07,0.0004898972005896162,292754.62721443176,240825,20413.544486546496,2409,3.6533620374535474,3.775663649203933,1.4074474347505441,1.2156322110014814,0.2352142333984375,2.9109906452183902
v6p1if1_0467,0,Heat3D,heat3d_seed0,3334320.316359343,3228691844.4094715,4.528048738440424e-06,0.005331481230462119,760326.9454193115,240825,261843.6962596476,2409,2.914282202669357,3.213589213258093,3.720941779858315,3.1571761462444163,14.1700439453125,10.42563848602481
v6p1if1_0467,1,Heat3D,heat3d_seed1,1822616.8600580436,3228691844.4094715,2.5345397710395763e-06,0.005331481230462119,503454.77113342285,240825,192306.10900039785,2409,2.1803469812553353,2.375934114570162,2.7510400136461883,2.090541975016808,9.61956787109375,8.934662260289251
v6p1if1_0467,2,Heat3D,heat3d_seed2,2435639.6183951558,3228691844.4094715,4.1044610208210975e-06,0.005331481230462119,611370.313079834,240825,196473.46453484707,2409,2.7746239168237623,2.7465860916614457,3.180209498549883,2.5386496961687284,13.1566162109375,9.03095236830764
v6p1if1_0467,0,Therm-FM,thermfm_seed0,4167939.007118156,3228691844.4094715,6.0909261163767525e-06,0.005331481230462119,914836.3806762695,240825,392827.75162772596,2409,3.3800079630317192,3.5929186086892675,4.160158649881738,3.7987600152653154,15.414947509765625,12.769758400567046
v6p1if1_0467,1,Therm-FM,thermfm_seed1,2029465.7516989904,3228691844.4094715,3.5632988512859757e-06,0.005331481230462119,570345.4950866699,240825,299979.87195889343,2409,2.585247826156241,2.5071341068863844,2.9029534974581326,2.36829853664142,13.625823974609375,11.159061156481881
v6p1if1_0467,2,Therm-FM,thermfm_seed2,4649338.264388415,3228691844.4094715,6.692924319956803e-06,0.005331481230462119,963006.7171936035,240825,403531.23398771713,2409,3.543104934528403,3.7947421737436087,4.393845560539892,3.998782174581557,18.020416259765625,12.942559724248515
v6p1if1_0477,0,Heat3D,heat3d_seed0,1555136.797885267,1293167647.0819325,2.2574424859787547e-06,0.0018904172390411082,544714.3967094421,240825,77507.7267166815,2409,3.455648117844523,3.467822687429803,2.541168799587415,2.2618681478643916,5.688545227050781,5.672233489473435
v6p1if1_0477,1,Heat3D,heat3d_seed1,3759623.6176372003,1293167647.0819325,5.436191239949009e-06,0.0018904172390411082,909372.0092353821,240825,104187.82590346609,2409,5.362515107045391,5.391936503208307,3.951130737155595,3.776069798548249,6.427742004394531,6.576428274016368
v6p1if1_0477,2,Heat3D,heat3d_seed2,3126598.1345188217,1293167647.0819325,4.727754514916358e-06,0.0018904172390411082,821604.3276252747,240825,129167.18319692148,2409,5.000905230004064,4.917095200956501,3.6031741053440465,3.41162390792183,8.288002014160156,7.322471574069781
v6p1if1_0477,0,Therm-FM,thermfm_seed0,291068.8480147311,1293167647.0819325,4.1894922085164923e-07,0.0018904172390411082,182969.02888298035,240825,41170.969369673636,2409,1.488681731826618,1.500273534386456,1.0993780939979996,0.7597592811501312,4.770805358886719,4.134063529500972
v6p1if1_0477,1,Therm-FM,thermfm_seed1,272971.6676678086,1293167647.0819325,3.907479853680496e-07,0.0018904172390411082,186764.56805419922,240825,46399.700629617495,2409,1.4377041926949272,1.4528854386370362,1.0646528034499014,0.775519850738915,4.352058410644531,4.388733293442462
v6p1if1_0477,2,Therm-FM,thermfm_seed2,552252.8232434657,1293167647.0819325,8.415595137926893e-07,0.0018904172390411082,320993.14574432373,240825,20177.392221199407,2409,2.109908309328611,2.066529251288986,1.5143218469172701,1.3328896324896657,4.198875427246094,2.8941038973576014
v6p1if1_0501,0,Heat3D,heat3d_seed0,754921.7071928422,2688346179.4087887,9.502954702770761e-07,0.004378743662740185,298894.8505630493,240825,139940.11957873404,2409,1.4731757750189014,1.6757466526412856,1.7705172899077004,1.2411288303251296,6.666007995605469,7.6217152675256585
v6p1if1_0501,1,Heat3D,heat3d_seed1,1659408.1459184217,2688346179.4087887,2.4788502719425772e-06,0.004378743662740185,536191.2745437622,240825,195253.2114013019,2409,2.3793064762838583,2.4844714628399345,2.6249789455387313,2.22647679661066,8.594047546386719,9.002864066246365
v6p1if1_0501,2,Heat3D,heat3d_seed2,888615.8641981545,2688346179.4087887,1.4992773466160544e-06,0.004378743662740185,354428.08333587646,240825,97882.26428439468,2409,1.8504025942338964,1.8180860520833004,1.9209065909097012,1.4717246271602884,4.487754821777344,6.374316209085814
v6p1if1_0501,0,Therm-FM,thermfm_seed0,6978817.218370634,2688346179.4087887,1.1667724958746367e-05,0.004378743662740185,1265290.0755081177,240825,102632.35793858621,2409,5.16200392726585,5.09504842248258,5.383195192843623,5.253981420152051,4.6125030517578125,6.52715240590594
v6p1if1_0501,1,Therm-FM,thermfm_seed1,525783.3741684565,2688346179.4087887,9.171489022680827e-07,0.004378743662740185,290061.2421875,240825,34629.30740692781,2409,1.4472553524255556,1.398494711630779,1.477585566340862,1.2044482183639573,2.8491668701171875,3.7914340217705917
v6p1if1_0501,2,Therm-FM,thermfm_seed2,6082747.004630091,2688346179.4087887,9.43734241667792e-06,0.004378743662740185,1181447.497215271,240825,125502.4026082427,2409,4.642480578414107,4.75671663551388,5.02572929690447,4.905834100343697,7.743843078613281,7.217846137711765
v6p1if1_0504,0,Heat3D,heat3d_seed0,7193415.127106274,1773485265.3773131,9.792617802440622e-06,0.0025296078044247305,1184894.4487380981,240825,258635.52047194284,2409,6.221896839110355,6.368743669173006,5.465334875274755,4.920147197085428,7.436454772949219,10.361572852454888
v6p1if1_0504,1,Heat3D,heat3d_seed1,10759759.8827882,1773485265.3773131,1.3024657622398614e-05,0.0025296078044247305,1392314.515449524,240825,642092.114211485,2409,7.175572581027214,7.789103909446231,6.684216456926933,5.781436792066953,14.981834411621094,16.32601789156554
v6p1if1_0504,2,Heat3D,heat3d_seed2,9927707.492700182,1773485265.3773131,1.289590575249801e-05,0.0025296078044247305,1403697.5555496216,240825,418396.499118251,2409,7.140018367836543,7.481879236884542,6.420571724980247,5.828703646006941,10.220848083496094,13.178792527609762
v6p1if1_0504,0,Therm-FM,thermfm_seed0,1256025.365205572,1773485265.3773131,1.8214439308483534e-06,0.0025296078044247305,450931.75257110596,240825,107795.49317588448,2409,2.683374616595454,2.6612483961080553,2.283749264618623,1.8724457700450783,6.156364440917969,6.689318920466514
v6p1if1_0504,1,Therm-FM,thermfm_seed1,1616586.2150679422,1773485265.3773131,1.830984198652603e-06,0.0025296078044247305,524069.49984550476,240825,103392.0135795296,2409,2.69039286123769,3.019156623340128,2.5908880690750453,2.1761424264320763,5.097328186035156,6.551263938064862
v6p1if1_0504,2,Therm-FM,thermfm_seed2,1221167.7378992501,1773485265.3773131,1.3749238252895359e-06,0.0025296078044247305,372606.5257701874,240825,92300.52886785846,2409,2.331378153803031,2.624060650551492,2.2518366153928575,1.5472086609371427,3.8703460693359375,6.189900881394261
v6p1if1_0507,0,Heat3D,heat3d_seed0,193890.53019244704,184282154.53349268,2.9140690864527573e-07,0.0002793915770864594,199897.90441131592,240825,8496.372026097892,2409,3.229559329719446,3.243669958117569,0.8972790227857952,0.8300546222830517,1.3860397338867188,1.878011987986974
v6p1if1_0507,1,Heat3D,heat3d_seed1,203602.06611296374,184282154.53349268,2.9041850190414535e-07,0.0002793915770864594,194810.3096961975,240825,5260.003974414012,2409,3.224077596943876,3.323911482902679,0.9194758054041506,0.8089289305354407,0.27524566650390625,1.477660404712058
v6p1if1_0507,2,Heat3D,heat3d_seed2,88859.43319435234,184282154.53349268,1.5757303245633973e-07,0.0002793915770864594,128716.66658782959,240825,4403.028311595717,2409,2.3748396537402736,2.195887713618508,0.6074366403684321,0.5344821616851638,0.9482345581054688,1.3519397548352179
v6p1if1_0507,0,Therm-FM,thermfm_seed0,230156.33746462606,184282154.53349268,3.2218441399788185e-07,0.0002793915770864594,176683.47159957886,240825,3183.60691085707,2409,3.395827406160575,3.5340267165929835,0.9775988555271224,0.7336591782397129,10.86313247680664,1.1495856114188927
v6p1if1_0507,1,Therm-FM,thermfm_seed1,773376.7586094833,184282154.53349268,1.0367169816647174e-06,0.0002793915770864594,386678.35223960876,240825,5071.397859339548,2409,6.091488822503041,6.4781935255513305,1.7920279285742537,1.6056404120818386,11.940929412841797,1.4509265958146604
v6p1if1_0507,2,Therm-FM,thermfm_seed2,534241.2330546725,184282154.53349268,8.81907799446271e-07,0.0002793915770864594,286918.49551582336,240825,15122.449250107853,2409,5.6183001509666575,5.384272870529428,1.4894225251216524,1.1913982996608465,9.892208099365234,2.5054899662515258
v6p1if1_0511,0,Heat3D,heat3d_seed0,398678.6204469077,1372473309.4766436,6.853918119205125e-07,0.002236273645774312,281546.388004303,240825,4799.174797875457,2409,1.7506808574317436,1.7043528833237085,1.2866507838493804,1.1690911990212933,0.5878982543945312,1.4114480048049718
v6p1if1_0511,1,Heat3D,heat3d_seed1,314368.90865928296,1372473309.4766436,5.31213267802813e-07,0.002236273645774312,240926.28983688354,240825,3966.309533960768,2409,1.541246076192036,1.5134491715600413,1.1425336747789423,1.0004205951910456,2.0551834106445312,1.2831425357718456
v6p1if1_0511,2,Heat3D,heat3d_seed2,404440.4244988273,1372473309.4766436,7.500741113571642e-07,0.002236273645774312,278835.64068984985,240825,5273.814211475314,2409,1.8314270113203417,1.7166245730147147,1.295914932908288,1.1578351113457899,1.7548599243164062,1.479598945396234
v6p1if1_0511,0,Therm-FM,thermfm_seed0,1128303.460072801,1372473309.4766436,1.924071594216604e-06,0.002236273645774312,482192.3752746582,240825,11405.871464189375,2409,2.9332436633031254,2.867219926556285,2.1645228532590997,2.0022521551942623,4.175437927246094,2.1759345925019358
v6p1if1_0511,1,Therm-FM,thermfm_seed1,233428.35393736372,1372473309.4766436,4.6836780863664335e-07,0.002236273645774312,180507.76429367065,240825,8239.696535536437,2409,1.4472083050095783,1.3041419051389784,0.9845233466121301,0.7495391437503194,3.350921630859375,1.8494270634632595
v6p1if1_0511,2,Therm-FM,thermfm_seed2,286357.5772691359,1372473309.4766436,5.563072029770337e-07,0.002236273645774312,193706.1753768921,240825,3965.9467310772743,2409,1.5772294176875545,1.444449576745826,1.0904444721134297,0.8043441311196599,2.4111404418945312,1.2830838491698542
v6p1if1_0522,0,Heat3D,heat3d_seed0,4484549.206304485,2705292099.3249674,6.164187022778874e-06,0.004212016827939067,984552.1347579956,240825,160778.32821137342,2409,3.8255409450234965,4.071480083811282,4.315276342121511,4.088247211701424,8.100120544433594,8.169497689040016
v6p1if1_0522,1,Heat3D,heat3d_seed1,3343323.9523839597,2705292099.3249674,4.772857294918374e-06,0.004212016827939067,855394.1656723022,240825,106431.0581555122,2409,3.366233021315204,3.5154598948474995,3.725962206282413,3.5519325886942896,4.670463562011719,6.646848651258778
v6p1if1_0522,2,Heat3D,heat3d_seed2,4208990.901647247,2705292099.3249674,6.257496126631024e-06,0.004212016827939067,970685.7176132202,240825,124429.91611099127,2409,3.8543863613521503,3.94440873045427,4.180596080001801,4.030668400760803,6.947288513183594,7.186939751615747
v6p1if1_0522,0,Therm-FM,thermfm_seed0,519073.6225681792,2705292099.3249674,6.378359152219707e-07,0.004212016827939067,277253.36737823486,240825,16821.07132835529,2409,1.2305788202990535,1.3851837816559136,1.4681272361462037,1.151264891013121,0.12126922607421875,2.6424600259870563
v6p1if1_0522,1,Therm-FM,thermfm_seed1,527500.7116843686,2705292099.3249674,9.04039621997178e-07,0.004212016827939067,302679.81423187256,240825,6023.8200502567925,2409,1.4650373057092636,1.3963826460653936,1.4799966776392388,1.2568454862737364,2.5582046508789062,1.5813121026753627
v6p1if1_0522,2,Therm-FM,thermfm_seed2,540169.2210420588,2705292099.3249674,7.381949432740917e-07,0.004212016827939067,314765.33486938477,240825,21316.125353258743,2409,1.323855195404604,1.413050994637041,1.4976631106741105,1.3070293153509178,0.5943527221679688,2.9746490354118427
v6p1if1_0528,0,Heat3D,heat3d_seed0,986860.6519152905,328577995.07246614,1.609217156976195e-06,0.00047502150596873165,463986.888174057,240825,38351.63852854242,2409,5.820371306302646,5.480354839857873,2.0243105200936493,1.9266558213393834,3.460826873779297,3.990006118890638
v6p1if1_0528,1,Heat3D,heat3d_seed1,1067203.9447216913,328577995.07246614,1.7708210989482417e-06,0.00047502150596873165,485254.7305164337,240825,32178.518270319153,2409,6.105633166651348,5.6990763246703,2.1051009461909094,2.0149682571013545,3.115276336669922,3.6548084563720207
v6p1if1_0528,2,Heat3D,heat3d_seed2,729186.5892664988,328577995.07246614,1.1603565540640506e-06,0.00047502150596873165,390521.306848526,240825,29974.77021985856,2409,4.942413687897156,4.710858925342452,1.740077341688171,1.6215978691935056,2.685710906982422,3.527439154740129
v6p1if1_0528,0,Therm-FM,thermfm_seed0,211854.82570626662,328577995.07246614,2.8102834465371626e-07,0.00047502150596873165,170032.58743667603,240825,3472.3940446200577,2409,2.4323072064804667,2.539217735668446,0.9379256134544957,0.7060420946192298,5.759357452392578,1.2005938140255792
v6p1if1_0528,1,Therm-FM,thermfm_seed1,210442.55882640465,328577995.07246614,3.730635691688823e-07,0.00047502150596873165,174071.6119747162,240825,3773.745485609659,2409,2.8024300703441285,2.530740115586363,0.9347941856511889,0.7228137110960913,4.081764221191406,1.2516067689960058
v6p1if1_0528,2,Therm-FM,thermfm_seed2,1053344.5514940755,328577995.07246614,1.609058709562214e-06,0.00047502150596873165,468718.4104232788,240825,2562.5300696209742,2409,5.820084755329683,5.66194946675655,2.0913871828947395,1.9463029603375015,2.828357696533203,1.0313737769779108
v6p1if1_0533,0,Heat3D,heat3d_seed0,430785.60352479084,845253405.8237491,7.312878078862036e-07,0.0013362594770975939,253598.95820999146,240825,16846.775349281088,2409,2.3393691975615862,2.2575486904539317,1.3374569321917744,1.053042492307657,6.4178009033203125,2.6444782065981793
v6p1if1_0533,1,Heat3D,heat3d_seed1,505826.8636772719,845253405.8237491,8.639610846389419e-07,0.0013362594770975939,258712.1996192932,240825,13215.016846858256,2409,2.542738456178399,2.446287411617502,1.4492728642514594,1.0742746792039581,4.4944915771484375,2.3421540722497713
v6p1if1_0533,2,Heat3D,heat3d_seed2,801882.4634856938,845253405.8237491,1.1423517014392894e-06,0.0013362594770975939,328934.3322944641,240825,34895.32164306176,2409,2.923846153599997,3.080079266273461,1.824755046833245,1.3658645584738467,4.5279083251953125,3.8059686168051017
v6p1if1_0533,0,Therm-FM,thermfm_seed0,170273.0606130273,845253405.8237491,2.6241933070108795e-07,0.0013362594770975939,147044.00568008423,240825,5305.485955729266,2409,1.4013690207483962,1.4193173331140037,0.8408570828085106,0.6105844728748436,0.483001708984375,1.4840351401184468
v6p1if1_0533,1,Therm-FM,thermfm_seed1,396522.0545471429,845253405.8237491,6.322378602855886e-07,0.0013362594770975939,270978.63833999634,240825,4686.096046284481,2409,2.1751782418562526,2.165909016358028,1.2831661353192088,1.1252097512301311,1.38250732421875,1.3947205272833711
v6p1if1_0533,2,Therm-FM,thermfm_seed2,648206.7931049251,845253405.8237491,1.0202638322065948e-06,0.0013362594770975939,359242.69997406006,240825,4694.016449781251,2409,2.763190623661131,2.769257396427978,1.6406124561287838,1.4917168067022113,3.6514511108398438,1.3958987026120582
v6p1if1_0543,0,Heat3D,heat3d_seed0,1361567.4109414788,704363741.2958214,2.0568985049108393e-06,0.001028256241083045,546974.9213294983,240825,30479.045692203203,2409,4.472555661956575,4.396641736135034,2.3777642305712026,2.271254734057919,3.4459228515625,3.556987037341019
v6p1if1_0543,1,Heat3D,heat3d_seed1,1603210.0471360856,704363741.2958214,2.4843258356055272e-06,0.001028256241083045,596166.5628433228,240825,36069.91087352215,2409,4.915340418034317,4.770860490891569,2.580146872339779,2.475517752904901,2.46630859375,3.86949361705606
v6p1if1_0543,2,Heat3D,heat3d_seed2,1574413.8707230082,704363741.2958214,2.3825353091438488e-06,0.001028256241083045,592889.5003814697,240825,31709.59643033483,2409,4.813588885562928,4.727820264967397,2.556870127082804,2.4619101022795378,2.9088134765625,3.6280808571235013
v6p1if1_0543,0,Therm-FM,thermfm_seed0,2035586.5093453187,704363741.2958214,2.990755234155782e-06,0.001028256241083045,665578.4285621643,240825,8076.533841637152,2409,5.393115963527163,5.3758394029514385,2.9073277762381213,2.7637430854859932,2.5744781494140625,1.831024302549941
v6p1if1_0543,1,Therm-FM,thermfm_seed1,461116.4704244752,704363741.2958214,6.366104919929321e-07,0.001028256241083045,269399.94768333435,240825,2324.8873135385365,2409,2.4882053462730167,2.5586260759995847,1.3837401198549049,1.1186544074881526,1.763427734375,0.9823868801922294
v6p1if1_0543,2,Therm-FM,thermfm_seed2,389997.0303137372,704363741.2958214,4.971879530510729e-07,0.001028256241083045,234763.3708305359,240825,2464.431536840697,2409,2.1989209725483994,2.35305541064373,1.2725646809009994,0.9748297345812764,3.1003952026367188,1.0114396598354465
v6p1if1_0563,0,Heat3D,heat3d_seed0,2767537.916098425,1486293723.1713867,3.568642257354783e-06,0.002243130570358662,715897.7737846375,240825,79231.6001470362,2409,3.9886343936136224,4.315135801394292,3.3899711741860297,2.9726887731117513,1.3660736083984375,5.734965550544702
v6p1if1_0563,1,Heat3D,heat3d_seed1,3610322.6249385155,1486293723.1713867,5.1234394379681745e-06,0.002243130570358662,854951.3886299133,240825,116371.1362774389,2409,4.7791815249901735,4.9285672248232935,3.871882969891809,3.550094004484224,4.5431976318359375,6.950310990394307
v6p1if1_0563,2,Heat3D,heat3d_seed2,2107744.697747374,1486293723.1713867,2.982525807116071e-06,0.002243130570358662,627383.7771568298,240825,77150.65329618874,2409,3.6464043675793327,3.765795055531402,2.9584090220332913,2.6051438893670915,1.0381317138671875,5.659152587626613
v6p1if1_0563,0,Therm-FM,thermfm_seed0,316651.9821658414,1486293723.1713867,5.901429913880767e-07,0.002243130570358662,211478.99731063843,240825,12903.457992289157,2409,1.6220018671068475,1.4596165654992928,1.1466749391312823,0.8781438692438012,0.6039352416992188,2.3143799387185107
v6p1if1_0563,1,Therm-FM,thermfm_seed1,230577.16788365543,1486293723.1713867,4.847076800330579e-07,0.002243130570358662,177674.73498153687,240825,3747.8781286089798,2409,1.4699842224700264,1.2455346918212395,0.9784921949289238,0.7377752931860765,1.4396896362304688,1.247309787312154
v6p1if1_0563,2,Therm-FM,thermfm_seed2,281238.3663381034,1486293723.1713867,4.62367128051804e-07,0.002243130570358662,197881.4167327881,240825,4809.608185019519,2409,1.4357082570698263,1.3755771764760367,1.0806535855986796,0.8216813733324534,0.536651611328125,1.4129814130584368
v6p1if1_0572,0,Heat3D,heat3d_seed0,1608941.8823936884,970846931.7070049,2.5585772784754526e-06,0.0014271146212993199,606975.1829566956,240825,18469.62381401763,2409,4.234185119700679,4.070940897547282,2.5847550588775285,2.520399389418439,1.706146240234375,2.7689213817127625
v6p1if1_0572,1,Heat3D,heat3d_seed1,2309117.5916085523,970846931.7070049,3.6912174987254105e-06,0.0014271146212993199,729000.3518638611,240825,27078.043921696604,2409,5.085754478123264,4.876942595815346,3.096508243090408,3.027095824203721,0.985443115234375,3.352665644638479
v6p1if1_0572,2,Heat3D,heat3d_seed2,1668352.5175261595,970846931.7070049,2.7050029063016764e-06,0.0014271146212993199,616574.0155067444,240825,19116.99632979196,2409,4.353659303145916,4.145419913571604,2.6320438843097698,2.5602575127447085,1.9521484375,2.8170297168855893
v6p1if1_0572,0,Therm-FM,thermfm_seed0,235296.53378905318,970846931.7070049,3.5314655590326075e-07,0.0014271146212993199,206052.98620033264,240825,1674.5634952669498,2409,1.573070039879022,1.5567984250447342,0.9884551768391793,0.8556129396878756,1.092315673828125,0.833743401456074
v6p1if1_0572,1,Therm-FM,thermfm_seed1,756677.7784798392,970846931.7070049,1.0193920257496918e-06,0.0014271146212993199,393202.3284549713,240825,5024.49846545828,2409,2.6726444565713394,2.7917730392986853,1.7725753500653367,1.6327305240526162,2.97076416015625,1.4442020561035018
v6p1if1_0572,2,Therm-FM,thermfm_seed2,730890.5722878186,970846931.7070049,1.0531144178772214e-06,0.0014271146212993199,391462.0800228119,240825,6369.4716966363485,2409,2.7164915063907245,2.7437895568282444,1.7421092852957016,1.625504328964235,4.3240814208984375,1.626047792173105
v6p1if1_0599,0,Heat3D,heat3d_seed0,62612.61634289383,253081693.5084523,7.440301729616453e-08,0.0003836070708587195,87504.72291374207,240825,14181.230168534516,2409,1.3926820309281227,1.5728979988313592,0.5098942815091809,0.36335398282463227,3.9437904357910156,2.4262667854397355
v6p1if1_0599,1,Heat3D,heat3d_seed1,562912.3168182146,253081693.5084523,8.37270970923374e-07,0.0003836070708587195,269424.8347797394,240825,94483.55585191476,2409,4.6718588725823595,4.716176063428596,1.5288665934595993,1.118757748488485,5.667423248291016,6.262672693179728
v6p1if1_0599,2,Heat3D,heat3d_seed2,177643.74497866444,253081693.5084523,3.7174964264190566e-07,0.0003836070708587195,150948.98225212097,240825,35353.9301932378,2409,3.1130204811075224,2.649382077735208,0.8588635575694024,0.6267994695406248,5.414279937744141,3.8308967761181774
v6p1if1_0599,0,Therm-FM,thermfm_seed0,208436.3806513059,253081693.5084523,2.8407065966857087e-07,0.0003836070708587195,157137.12306976318,240825,8439.895190096373,2409,2.7212590604047087,2.8698314835818075,0.9303277539043163,0.6524950610184291,3.0184326171875,1.8717598476823234
v6p1if1_0599,1,Therm-FM,thermfm_seed1,574927.1052506199,253081693.5084523,7.641582672984098e-07,0.0003836070708587195,318158.3237171173,240825,11268.982325501944,2409,4.463220633472995,4.7662413064842974,1.545096495942428,1.3211183378682334,4.687992095947266,2.162837788628122
v6p1if1_0599,2,Therm-FM,thermfm_seed2,440461.2375458811,253081693.5084523,4.93890831406509e-07,0.0003836070708587195,222918.38383293152,240825,12560.601467729197,2409,3.5881631367510494,4.171800015553067,1.352393462965102,0.9256446956625414,3.894824981689453,2.2834253496467496
v6p1if1_0618,0,Heat3D,heat3d_seed0,333993.3335402808,939094467.7871208,5.397125450381222e-07,0.001482062137007844,263203.3278198242,240825,8252.400356468395,2409,1.9083061516917195,1.885880883123574,1.1776550933549832,1.0929236076811968,1.5566940307617188,1.8508522216076937
v6p1if1_0618,1,Heat3D,heat3d_seed1,821681.3985222611,939094467.7871208,1.288874878523163e-06,0.001482062137007844,427687.40435791016,240825,10841.94705577346,2409,2.948982350483829,2.9579926234681952,1.8471448066031062,1.7759261055036235,1.5421676635742188,2.121461922196137
v6p1if1_0618,2,Heat3D,heat3d_seed2,282146.0570386695,939094467.7871208,5.717754418889605e-07,0.001482062137007844,239981.65886688232,240825,6548.436435558018,2409,1.9641721232074103,1.7333343819603675,1.0823960737233809,0.996498116337101,0.8985214233398438,1.6487332943650115
v6p1if1_0618,0,Therm-FM,thermfm_seed0,233596.91800266653,939094467.7871208,4.0457649099253453e-07,0.001482062137007844,183622.73838806152,240825,2024.1572941167979,2409,1.6522171108049586,1.5771714730603819,0.9848787561107247,0.7624737398030168,3.1153488159179688,0.9166503928779518
v6p1if1_0618,1,Therm-FM,thermfm_seed1,563033.3260555747,939094467.7871208,8.644890422874548e-07,0.001482062137007844,323826.64879989624,240825,8411.994405995443,2409,2.415163520165993,2.4485693546782668,1.529030914823074,1.3446554502227603,0.01740264892578125,1.868663434862415
v6p1if1_0618,2,Therm-FM,thermfm_seed2,176196.31280466611,939094467.7871208,2.9393841355158877e-07,0.001482062137007844,154521.41981124878,240825,2039.3528833185555,2409,1.4082993109521702,1.369757751704695,0.8553574127575504,0.6416336335980433,2.69464111328125,0.9200846612458679
v6p1if1_0619,0,Heat3D,heat3d_seed0,3168818.0062102024,1378043003.9156408,4.720716681843756e-06,0.00212633719120745,779067.4124031067,240825,195723.3074284753,2409,4.711811422037663,4.795316351895048,3.627420174909548,3.234993926723167,6.803375244140625,9.013695299881254
v6p1if1_0619,1,Heat3D,heat3d_seed1,2582579.1947429236,1378043003.9156408,3.401245238470002e-06,0.00212633719120745,629271.0473365784,240825,273441.86504198314,2409,3.9994742565767063,4.329078277571208,3.274734080186117,2.6129805765040106,8.900421142578125,10.654034622276303
v6p1if1_0619,2,Heat3D,heat3d_seed2,4873494.983367983,1378043003.9156408,6.448136939047861e-06,0.00212633719120745,979142.0291938782,240825,323497.6455193356,2409,5.506822247745793,5.9468759093485115,4.49851815151454,4.065782328221232,11.419921875,11.588231486055259
v6p1if1_0619,0,Therm-FM,thermfm_seed0,640710.2352491545,1378043003.9156408,9.084884131463489e-07,0.00212633719120745,283942.211517334,240825,137478.60709219187,2409,2.0670150019443057,2.156251654327145,1.6310979670814347,1.1790395993660707,10.0013427734375,7.554385822866556
v6p1if1_0619,1,Therm-FM,thermfm_seed1,598107.2832676449,1378043003.9156408,8.477380043228408e-07,0.00212633719120745,278082.09813690186,240825,149152.8625336287,2409,1.9967089236286433,2.0833304433128266,1.5759366695566863,1.1547061066621067,9.091232299804688,7.86859869261885
v6p1if1_0619,2,Therm-FM,thermfm_seed2,922873.3741602525,1378043003.9156408,1.2988335459436502e-06,0.00212633719120745,343162.07596969604,240825,84125.79933854594,2409,2.471500375506291,2.587853415703739,1.9575834003365837,1.4249437391038973,7.33868408203125,5.909438290788594
v6p1if1_0632,0,Heat3D,heat3d_seed0,583419.1428377456,949748642.0686939,9.286010596006901e-07,0.0014244063872481992,329935.53760147095,240825,10174.887703853834,2409,2.553275225135843,2.4784832989152092,1.5564656943365676,1.3700219561983638,0.04862213134765625,2.0551636618487934
v6p1if1_0632,1,Heat3D,heat3d_seed1,533247.6361514595,949748642.0686939,9.506837166126484e-07,0.0014244063872481992,319004.0313529968,240825,9218.509469964716,2409,2.5834560128945796,2.369518636530733,1.4880368455439872,1.3246300481802007,0.18578338623046875,1.9561941376928846
v6p1if1_0632,2,Heat3D,heat3d_seed2,663088.041508123,949748642.0686939,1.1383682125155947e-06,0.0014244063872481992,349935.4811668396,240825,7239.437533116608,2409,2.8269909867574072,2.6422947216244617,1.6593378258127052,1.4530695781868146,0.5555953979492188,1.733540580552894
v6p1if1_0632,0,Therm-FM,thermfm_seed0,133182.47961570503,949748642.0686939,1.7069521613441383e-07,0.0014244063872481992,125166.28081703186,240825,3727.479894417571,2409,1.094696472660671,1.184184051012939,0.743657160001383,0.519739565315195,1.3416595458984375,1.2439108466625812
v6p1if1_0632,1,Therm-FM,thermfm_seed1,133407.94266392937,949748642.0686939,2.1055192366719e-07,0.0014244063872481992,137893.3776664734,240825,3228.0465432363562,2409,1.215801432046379,1.1851859727603273,0.7442863580391113,0.5725874708459395,0.9674758911132812,1.1575812774759222
v6p1if1_0632,2,Therm-FM,thermfm_seed2,356969.7680362416,949748642.0686939,4.996066484150881e-07,0.0014244063872481992,234556.87558746338,240825,2739.424619031721,2409,1.8728247854386548,1.9387034264622252,1.217488685964489,0.9739722852173295,1.7890167236328125,1.0663782466732352
v6p1if1_0637,0,Heat3D,heat3d_seed0,259416.53996453164,366621601.6949707,4.2350959742998006e-07,0.0005680573497266716,228973.94912528992,240825,3414.565998307633,2409,2.7304582268487505,2.6600500371346465,1.037882159492974,0.9507897814815319,0.31109619140625,1.1905547050562972
v6p1if1_0637,1,Heat3D,heat3d_seed1,371214.0638683736,366621601.6949707,6.310119798333126e-07,0.0005680573497266716,277886.2539424896,240825,11262.713529193046,2409,3.332903278949463,3.182022055849955,1.2415420299526696,1.1538928846361034,1.467620849609375,2.162236124907725
v6p1if1_0637,2,Heat3D,heat3d_seed2,199699.7407885721,366621601.6949707,3.6235039818296894e-07,0.0005680573497266716,197969.6650981903,240825,8368.59414022902,2409,2.5256215806661295,2.3338864648476325,0.9106216388157632,0.8220478152110051,1.51800537109375,1.863836674252693
v6p1if1_0637,0,Therm-FM,thermfm_seed0,130073.65039024917,366621601.6949707,1.9092808134493477e-07,0.0005680573497266716,126073.55128097534,240825,8975.42662722939,2409,1.8333222637716307,1.8835868031846872,0.7349264531082333,0.52350690867217,1.3306884765625,1.9302303967368988
v6p1if1_0637,1,Therm-FM,thermfm_seed1,342557.62861880846,366621601.6949707,4.697586298598948e-07,0.0005680573497266716,242349.76893615723,240825,9421.108641232233,2409,2.87568486680314,3.0567350481004727,1.1926583065850016,1.0063314395771088,4.957241058349609,1.9775733733972747
v6p1if1_0637,2,Therm-FM,thermfm_seed2,162642.9855166798,366621601.6949707,2.8834854481047376e-07,0.0005680573497266716,146969.14652061462,240825,4974.724849552134,2409,2.25300829339979,2.1062438185942516,0.8218014143884605,0.6102736282388234,3.421703338623047,1.4370309853820715
v6p1if1_0650,0,Heat3D,heat3d_seed0,87341.69257069951,246377983.00061244,1.637992004799978e-07,0.0003941658465894567,117819.96043205261,240825,10128.966988303524,2409,2.0385266490877925,1.8828245574391265,0.6022267154480392,0.4892347573219251,1.972625732421875,2.0505207944717436
v6p1if1_0650,1,Heat3D,heat3d_seed1,91824.11136251189,246377983.00061244,9.495642358164648e-08,0.0003941658465894567,90997.28720283508,240825,24165.315508038562,2409,1.552110650319917,1.9305338426715886,0.6174866641396997,0.37785648168933905,3.355438232421875,3.1672171098386244
v6p1if1_0650,2,Heat3D,heat3d_seed2,76411.75616969845,246377983.00061244,9.002236121873242e-08,0.0003941658465894567,88919.30582237244,240825,17295.282007959497,2409,1.5112478792600226,1.7610802346656886,0.5632864523530993,0.3692278867325753,3.10308837890625,2.6794485600806954
v6p1if1_0650,0,Therm-FM,thermfm_seed0,286674.44088073465,246377983.00061244,4.358391331508789e-07,0.0003941658465894567,175251.53254699707,240825,26678.2161298859,2409,3.325244742672547,3.4110928362714836,1.0910476107610083,0.7277132048043063,7.1123046875,3.327821270504304
v6p1if1_0650,1,Therm-FM,thermfm_seed1,280594.42412807327,246377983.00061244,4.459459959694242e-07,0.0003941658465894567,205813.03112983704,240825,7353.344536308199,2409,3.3635790503829246,3.3747264126766914,1.0794157081774391,0.8546165519769003,7.442478179931641,1.747125319200476
v6p1if1_0650,2,Therm-FM,thermfm_seed2,228669.93294736178,246377983.00061244,4.197817328393329e-07,0.0003941658465894567,184516.3824672699,240825,3366.938541609037,2409,3.2634147521708248,3.046516849631319,0.9744369589092184,0.7661845010579047,3.1911277770996094,1.1822224291493653
v6p1if1_0652,0,Heat3D,heat3d_seed0,1333537.367566565,1001925629.4505552,1.897057298882305e-06,0.0015644412816062164,475091.68183898926,240825,98853.19140807627,2409,3.4822551600476155,3.6482521898248472,2.353161912285595,1.9727672867808128,5.5469207763671875,6.405852690763036
v6p1if1_0652,1,Heat3D,heat3d_seed1,2153974.503466771,1001925629.4505552,3.2931202656007408e-06,0.0015644412816062164,610001.8997116089,240825,122937.78098560957,2409,4.5880079535057225,4.636631016610182,2.9906768890702553,2.5329675063286987,3.3222198486328125,7.1437177138562395
v6p1if1_0652,2,Heat3D,heat3d_seed2,2335646.690579175,1001925629.4505552,3.7926142197056288e-06,0.0015644412816062164,701433.740234375,240825,74379.35425453255,2409,4.923678654747418,4.828206441912294,3.1142450994610194,2.9126284241020453,3.5668792724609375,5.5565829475816475
v6p1if1_0652,0,Therm-FM,thermfm_seed0,315336.6740140809,1001925629.4505552,4.848465964116185e-07,0.0015644412816062164,218374.99849700928,240825,10124.668634697562,2409,1.7604453267096736,1.7740648789270619,1.1442909332468991,0.9067787750317006,0.651519775390625,2.0500856662534415
v6p1if1_0652,1,Therm-FM,thermfm_seed1,427767.27479040046,1001925629.4505552,6.825923247254396e-07,0.0015644412816062164,242700.7341079712,240825,29675.92742843117,2409,2.0888202382187226,2.0662650765607826,1.3327632043666782,1.0077887848353417,2.1079254150390625,3.5098111570287944
v6p1if1_0652,2,Therm-FM,thermfm_seed2,449443.3463863793,1001925629.4505552,6.338931110521656e-07,0.0015644412816062164,271200.6152229309,240825,17880.31913250516,2409,2.0129286551838756,2.1179696607767284,1.3661132174515378,1.1261314864442267,1.095703125,2.7243897205277388
v6p1if1_0653,0,Heat3D,heat3d_seed0,51266.96491512652,704905294.4479649,9.012500420385855e-08,0.0011057868911600942,88972.21132278442,240825,1067.4833455333428,2409,0.9027903961138238,0.8528122251630894,0.46138983173686593,0.36944757115243193,0.6353683471679688,0.6656748575660464
v6p1if1_0653,1,Heat3D,heat3d_seed1,230217.83422414673,704905294.4479649,4.5006563078852593e-07,0.0011057868911600942,217325.97681808472,240825,1630.1440007138008,2409,2.0174473336321617,1.807191169141283,0.9777294518579271,0.9024228249479278,0.37151336669921875,0.822611137113519
v6p1if1_0653,2,Heat3D,heat3d_seed2,198064.03418153006,704905294.4479649,4.529101798475326e-07,0.0011057868911600942,199568.82151412964,240825,2069.070034424629,2409,2.0238127261957355,1.6762447243985727,0.9068845972419818,0.8286881408247883,0.46564483642578125,0.926764085719189
v6p1if1_0653,0,Therm-FM,thermfm_seed0,694988.969069473,704905294.4479649,1.1156212815374176e-06,0.0011057868911600942,349743.97174835205,240825,2795.418014381881,2409,3.176308498112622,3.1399560514197065,1.6987840364842788,1.4522743558532214,2.3433609008789062,1.0772214180724975
v6p1if1_0653,1,Therm-FM,thermfm_seed1,213892.7223361351,704905294.4479649,3.866439305663971e-07,0.0011057868911600942,176441.9013786316,240825,2100.7057776001457,2409,1.8699064513756587,1.741937697000602,0.9424259141706276,0.7326560837896049,6.616828918457031,0.9338222443590837
v6p1if1_0653,2,Therm-FM,thermfm_seed2,1718432.8431145702,704905294.4479649,2.6407457112937014e-06,0.0011057868911600942,608898.2905197144,240825,8177.701242372932,2409,4.886833844479684,4.937429368610869,2.6712559205637274,2.5283848874482064,6.669342041015625,1.8424564029218937
v6p1if1_0654,0,Heat3D,heat3d_seed0,2546969.0075376285,1332790641.9625177,4.00505155404723e-06,0.0019583034626754095,758970.9848136902,240825,59786.279339450004,2409,4.5223488405286805,4.371503825825256,3.2520786906826067,3.1515456651663665,4.364250183105469,4.98175497839646
v6p1if1_0654,1,Heat3D,heat3d_seed1,1886603.2274135405,1332790641.9625177,3.0315876823076397e-06,0.0019583034626754095,642362.9159507751,240825,46886.36296545487,2409,3.934550021017915,3.762351082652921,2.7989136622686996,2.6673431576903357,3.6349411010742188,4.4116888291469465
v6p1if1_0654,2,Heat3D,heat3d_seed2,1701441.4265752574,1332790641.9625177,2.9426259107265296e-06,0.0019583034626754095,616760.1213645935,240825,41492.45265549427,2409,3.876390597264037,3.572954897640266,2.6580167714235996,2.5610302973719237,3.0880661010742188,4.150172549914227
v6p1if1_0654,0,Therm-FM,thermfm_seed0,210964.03828022367,1332790641.9625177,2.9267255519723823e-07,0.0019583034626754095,184208.8661956787,240825,3014.2433738035033,2409,1.2225060123692797,1.2581234225503182,0.9359516852194814,0.7649075727008355,0.30841827392578125,1.1185895491251463
v6p1if1_0654,1,Therm-FM,thermfm_seed1,686499.0320366968,1332790641.9625177,1.3045776909995318e-06,0.0019583034626754095,367768.5195083618,240825,4123.412180878106,2409,2.5810414426107595,2.2695460399110767,1.688376038999478,1.5271193584900313,0.324615478515625,1.3083079329886398
v6p1if1_0654,2,Therm-FM,thermfm_seed2,179838.00136933534,1332790641.9625177,3.2647753179896646e-07,0.0019583034626754095,168916.1991996765,240825,2504.533758865262,2409,1.2911795926371012,1.161608459979458,0.8641516215309931,0.7014064121236437,1.5783004760742188,1.0196357286007238
v6p1if1_0669,0,Heat3D,heat3d_seed0,1010007.8185296443,1349146453.1071157,1.520279374563833e-06,0.002114996458719369,470335.48014831543,240825,31709.655821471126,2409,2.6810621374236616,2.7361053789067658,2.0479133795476705,1.9530176690472976,3.6221771240234375,3.6280842547659824
v6p1if1_0669,1,Heat3D,heat3d_seed1,1478558.8960166904,1349146453.1071157,2.359534117151074e-06,0.002114996458719369,578674.3946838379,240825,40193.083370358334,2409,3.340091070428921,3.3104708365944537,2.477813015218362,2.4028833994968872,3.6846160888671875,4.084672692482833
v6p1if1_0669,2,Heat3D,heat3d_seed2,1612659.6850348958,1349146453.1071157,2.6783911464376496e-06,0.002114996458719369,610889.8249816895,240825,40671.69864510896,2409,3.558624612157044,3.4573378169914237,2.5877396490707816,2.536654520841646,4.3343963623046875,4.108920660392881
v6p1if1_0669,0,Therm-FM,thermfm_seed0,1452209.4227467133,1349146453.1071157,2.0648678500349303e-06,0.002114996458719369,529195.3059310913,240825,18455.466938677302,2409,3.1245775562272082,3.2808401963008986,2.455635146935386,2.197426786799922,5.3393707275390625,2.7678599960122305
v6p1if1_0669,1,Therm-FM,thermfm_seed1,173362.80306592595,1349146453.1071157,2.906625407251155e-07,0.002114996458719369,163484.504611969,240825,3440.1631048055133,2409,1.17230255214397,1.1335701786825958,0.8484518006787766,0.6788518825369833,2.9080047607421875,1.1950088370871061
v6p1if1_0669,2,Therm-FM,thermfm_seed2,198732.82288932803,1349146453.1071157,3.024488406121531e-07,0.002114996458719369,179156.25988006592,240825,2209.2382124445285,2409,1.1958346680449454,1.2136829551008093,0.9084144132171588,0.7439271665319876,1.9361114501953125,0.9576413125688642
v6p1if1_0694,0,Heat3D,heat3d_seed0,740551.2413915996,1913395310.6283994,9.810141762065255e-07,0.003002904713420073,354728.12100219727,240825,104282.45361716143,2409,1.807452387559301,1.9673208944505263,1.7535848011719524,1.4729705014105565,5.956428527832031,6.579414088952509
v6p1if1_0694,1,Heat3D,heat3d_seed1,1468312.3465395942,1913395310.6283994,2.0951873189273196e-06,0.003002904713420073,552542.5361328125,240825,107011.94789377257,2409,2.641439406623207,2.7701728766965257,2.4692123521366756,2.294373657771463,4.753852844238281,6.66496287569565
v6p1if1_0694,2,Heat3D,heat3d_seed2,1340628.4346542582,1913395310.6283994,1.88513188177558e-06,0.003002904713420073,518346.1128997803,240825,139132.68395687296,2409,2.505532805206229,2.646987318467396,2.3594100706462338,2.152376675593399,7.658668518066406,7.599695323819977
v6p1if1_0694,0,Therm-FM,thermfm_seed0,1805581.549486136,1913395310.6283994,2.7012476517369066e-06,0.003002904713420073,465335.7935333252,240825,71339.57543722843,2409,2.999241421628341,3.071893828821214,2.7381533659455894,1.9322570062631588,12.427391052246094,5.441853678286987
v6p1if1_0694,1,Therm-FM,thermfm_seed1,1044389.0077932356,1913395310.6283994,1.6995664594317649e-06,0.003002904713420073,464904.92263031006,240825,39053.17650042905,2409,2.3790211339306966,2.3363009925440354,2.0824777101919785,1.9304678610207,1.7022018432617188,4.026333848454043
v6p1if1_0694,2,Therm-FM,thermfm_seed2,792780.1851414875,1913395310.6283994,1.1211896918295707e-06,0.003002904713420073,339541.4976158142,240825,69311.94452016498,2409,1.932274276306414,2.035513751706893,1.814368966261935,1.4099096755561682,8.959419250488281,5.36396136987269
v6p1if1_0695,0,Heat3D,heat3d_seed0,1663485.119939222,1078594823.7403288,3.0704742685872983e-06,0.0016774398346037372,580098.2870063782,240825,68331.89707063232,2409,4.278379011461888,3.927175360862871,2.62820160226686,2.408795959748274,2.1351547241210938,5.325904061907492
v6p1if1_0695,1,Heat3D,heat3d_seed1,1937774.9453498381,1078594823.7403288,3.3383761330356125e-06,0.0016774398346037372,617003.8750801086,240825,90966.93966412824,2409,4.461122586923012,4.2386006686662006,2.836618191225934,2.5620424585491897,5.013206481933594,6.145021293827154
v6p1if1_0695,2,Heat3D,heat3d_seed2,1449048.260751586,1078594823.7403288,2.6963788527724497e-06,0.0016774398346037372,538572.648021698,240825,70336.15974064171,2409,4.009285470534743,3.665323059234222,2.452960983893641,2.2363651947335117,4.885093688964844,5.4034473775461365
v6p1if1_0695,0,Therm-FM,thermfm_seed0,311446.1211828518,1078594823.7403288,5.315322866526586e-07,0.0016774398346037372,210777.15409851074,240825,42060.72412461141,2409,1.780087493170895,1.699269636841301,1.1372100229434285,0.8752295405315509,3.8290786743164062,4.1784958257686124
v6p1if1_0695,1,Therm-FM,thermfm_seed1,239933.44069652486,1078594823.7403288,3.17383842693125e-07,0.0016774398346037372,193125.87642669678,240825,18120.125856495346,2409,1.3755264027987597,1.491475848081581,0.9981472314007039,0.8019345019275274,1.4961395263671875,2.742598315376905
v6p1if1_0695,2,Therm-FM,thermfm_seed2,504977.7773798272,1078594823.7403288,6.372270617016228e-07,0.0016774398346037372,248446.5316619873,240825,32239.472539663664,2409,1.9490529128489698,2.163749434459154,1.4480559710224084,1.0316475933228997,2.0915603637695312,3.658268385420766
v6p1if1_0697,0,Heat3D,heat3d_seed0,1293909.7669149158,1270916067.7320304,1.4894265370062872e-06,0.002007922302001884,486342.18687057495,240825,81585.19816579262,2409,2.723554636455388,3.1907557487013216,2.3179347750003862,2.019483803054396,4.746055603027344,5.819521625466349
v6p1if1_0697,1,Heat3D,heat3d_seed1,1768274.8893332651,1270916067.7320304,2.1913263487706064e-06,0.002007922302001884,571907.6785240173,240825,103233.97322582232,2409,3.3035438713842873,3.730065470616902,2.709718056886727,2.3747853359244986,5.283866882324219,6.546255040426217
v6p1if1_0697,2,Heat3D,heat3d_seed2,806543.5873287853,1270916067.7320304,9.396907048861475e-07,0.002007922302001884,345871.42865371704,240825,49266.86402596638,2409,2.1633112748245753,2.5191584586443447,1.8300507638056431,1.4361940357260128,2.6511154174804688,4.522296776012228
v6p1if1_0697,0,Therm-FM,thermfm_seed0,401633.1144703588,1270916067.7320304,6.7485118048408e-07,0.002007922302001884,262617.0110244751,240825,11017.159541691304,2409,1.8332874026940549,1.7776911949168868,1.2914094855386433,1.0904889900320776,1.3216552734375,2.138535279831691
v6p1if1_0697,1,Therm-FM,thermfm_seed1,524677.6117581115,1270916067.7320304,8.187450344337463e-07,0.002007922302001884,293709.3609466553,240825,23904.53614762792,2409,2.0193001977553906,2.0318321658503358,1.4760310111815158,1.2195966404927032,1.2638778686523438,3.1500812845817086
v6p1if1_0697,2,Therm-FM,thermfm_seed2,170444.35844278216,1270916067.7320304,2.1792059147905942e-07,0.002007922302001884,152962.8459854126,240825,10261.734880777483,2409,1.0417792015329754,1.1580648510341554,0.8412799353288835,0.6351618228398738,0.9062957763671875,2.0639158919289877
v6p1if1_0706,0,Heat3D,heat3d_seed0,152950.60505547601,575010530.9650321,1.6780833272817475e-07,0.0009495601247232087,143478.5093345642,240825,9642.548317459834,2409,1.3293689379188605,1.63093893394065,0.7969385131177559,0.595779131462947,0.3083534240722656,2.000679452608022
v6p1if1_0706,1,Heat3D,heat3d_seed1,204081.80667669483,575010530.9650321,2.0638682758642657e-07,0.0009495601247232087,161659.95679855347,240825,15138.749205920103,2409,1.4742792510150586,1.8839277612091543,0.9205584326886399,0.6712756433034505,0.7770118713378906,2.5068398923170094
v6p1if1_0706,2,Heat3D,heat3d_seed2,132453.1127379501,575010530.9650321,1.448519109354388e-07,0.0009495601247232087,132037.92743301392,240825,7096.65969296587,2409,1.2350964688255717,1.5177253399941308,0.7416180646651226,0.5482733413599664,0.22991561889648438,1.7163608113115396
v6p1if1_0706,0,Therm-FM,thermfm_seed0,368710.2685762587,575010530.9650321,5.549235646113353e-07,0.0009495601247232087,236523.8232421875,240825,5572.546118079597,2409,2.4174380262319892,2.532239139314695,1.237347918151714,0.982139824528963,1.2119331359863281,1.5209272310693298
v6p1if1_0706,1,Therm-FM,thermfm_seed1,207254.18735245208,575010530.9650321,2.774859181493863e-07,0.0009495601247232087,171312.6524734497,240825,4060.2754528887745,2409,1.709461167894951,1.8985137968567514,0.9276857219570324,0.711357427482403,1.8025245666503906,1.2982530416306632
v6p1if1_0706,2,Therm-FM,thermfm_seed2,957999.0731126373,575010530.9650321,1.6605188159297849e-06,0.0009495601247232087,422454.6075286865,240825,3687.0248215186148,2409,4.181775040505896,4.081733493520845,1.9944895259872546,1.7541974775404818,3.080852508544922,1.2371422266521344
v6p1if1_0708,0,Heat3D,heat3d_seed0,2594430.7997691203,2772950527.123998,3.829661104013606e-06,0.004509487503560501,705764.9181518555,240825,128270.68513183168,2409,2.9141813739519997,3.058792277519575,3.2822394512749273,2.9306131761729697,6.795989990234375,7.2970161461750305
v6p1if1_0708,1,Heat3D,heat3d_seed1,1447335.2260137848,2772950527.123998,2.15758476998121e-06,0.004509487503560501,497598.2372741699,240825,83170.64583038737,2409,2.187360373107112,2.284617533566789,2.451510635376693,2.066223345890875,6.146209716796875,5.87579502160361
v6p1if1_0708,2,Heat3D,heat3d_seed2,2436601.0548695317,2772950527.123998,4.379864509617417e-06,0.004509487503560501,699713.1891479492,240825,88632.75045490975,2409,3.116497221656591,2.9642931695676693,3.180837109406341,2.9054840201305896,6.67108154296875,6.065669081746959
v6p1if1_0708,0,Therm-FM,thermfm_seed0,487132.97886147804,2772950527.123998,6.699082113082901e-07,0.004509487503560501,275209.72329711914,240825,33818.50006385165,2409,1.2188325857984446,1.32541751536611,1.4222403038996811,1.1427788780114985,3.470489501953125,3.746784982073222
v6p1if1_0708,1,Therm-FM,thermfm_seed1,520267.7098384858,2772950527.123998,6.084021472189417e-07,0.004509487503560501,276740.58139038086,240825,9259.164859253564,2409,1.161533594398721,1.3697533636283759,1.4698149206337578,1.1491356021608257,0.92578125,1.9605029872867998
v6p1if1_0708,2,Therm-FM,thermfm_seed2,716849.5721052184,2772950527.123998,9.897797447507088e-07,0.004509487503560501,348053.90773773193,240825,6622.834616108332,2409,1.4815137519335173,1.6078404651517588,1.7252944715673193,1.4452565461963331,0.345916748046875,1.6580726476800645
v6p1if1_0713,0,Heat3D,heat3d_seed0,419023.35828331084,1374868617.181096,6.043969190386936e-07,0.0021722185759955204,229599.61932754517,240825,32480.19348657137,2409,1.6680511320285245,1.7457759936890096,1.3190714851071725,0.9533878099347873,0.02671051025390625,3.6719004960700086
v6p1if1_0713,1,Heat3D,heat3d_seed1,772955.2532904284,1374868617.181096,1.091083239655218e-06,0.0021722185759955204,327597.3651237488,240825,31784.149102605472,2409,2.241182282993915,2.371082019369845,1.7915395170442738,1.3603129455984586,0.39904022216796875,3.6323433573826334
v6p1if1_0713,2,Heat3D,heat3d_seed2,482193.3485525017,1374868617.181096,6.699304552312849e-07,0.0021722185759955204,267276.20946121216,240825,27844.00491832994,2409,1.7561560291975715,1.872750873263479,1.4150110234998834,1.1098358121507823,0.03612518310546875,3.3997536671398993
v6p1if1_0713,0,Therm-FM,thermfm_seed0,1343764.297437551,1374868617.181096,1.919508997605818e-06,0.0021722185759955204,521803.84536361694,240825,7077.47702627891,2409,2.972646824654414,3.12630215246436,2.362167905878264,2.1667345390371304,0.6647415161132812,1.7140395321456134
v6p1if1_0713,1,Therm-FM,thermfm_seed1,761553.8206317325,1374868617.181096,1.170572603521801e-06,0.0021722185759955204,387765.4323196411,240825,15636.875433142239,2409,2.3213862949302206,2.353529797670507,1.7782774288797132,1.6101543955969735,0.4271240234375,2.547748697568484
v6p1if1_0713,2,Therm-FM,thermfm_seed2,1735747.7504295614,1374868617.181096,2.640422193434635e-06,0.0021722185759955204,604295.9136390686,240825,4894.329457454092,2409,3.486461915843507,3.553143160595154,2.6846799604231197,2.50927401075083,1.9543533325195312,1.4253719238853484
v6p1if1_0717,0,Heat3D,heat3d_seed0,125322.2138161984,678797590.0442859,2.1154092041892055e-07,0.001132869251148153,152632.84621429443,240825,2258.1415550718375,2409,1.3664926505445363,1.3587635347703697,0.7213785832562315,0.6337915341608821,0.10892105102539062,0.9681823951609748
v6p1if1_0717,1,Heat3D,heat3d_seed1,63397.59988906712,678797590.0442859,6.804764682967638e-08,0.001132869251148153,96212.56478118896,240825,1000.2834526056249,2409,0.7750266941482804,0.9664207863513077,0.5130806353331364,0.3995123628410213,0.5915184020996094,0.6443816168726398
v6p1if1_0717,2,Heat3D,heat3d_seed2,92101.14702234336,678797590.0442859,1.841671042228506e-07,0.001132869251148153,128076.5419845581,240825,891.9619322428771,2409,1.2750174692589462,1.1648295340638024,0.6184174490375689,0.5318241128809638,0.13629531860351562,0.6084918416839817
v6p1if1_0717,0,Therm-FM,thermfm_seed0,230599.2832361379,678797590.0442859,4.294670141976858e-07,0.001132869251148153,179426.33926391602,240825,1865.11370454196,2409,1.9470406191508138,1.8431421488440167,0.978539118874459,0.7450486422253338,3.427867889404297,0.8799019022792749
v6p1if1_0717,1,Therm-FM,thermfm_seed1,204564.51492872543,678797590.0442859,3.537999520561657e-07,0.001132869251148153,174807.54301834106,240825,4254.957586118646,2409,1.7672133770190686,1.7359811468268267,0.9216464735853411,0.7258695858749759,7.022609710693359,1.3290129650370104
v6p1if1_0717,2,Therm-FM,thermfm_seed2,430370.1737641379,678797590.0442859,8.20686501088894e-07,0.001132869251148153,288296.83852767944,240825,3005.3005411408667,2409,2.6915270599622407,2.5179722345257796,1.3368118857617908,1.1971217212817582,3.6369667053222656,1.1169289682465435
v6p1if1_0738,0,Heat3D,heat3d_seed0,1802632.3014095526,2102506575.222939,2.5106656145363543e-06,0.003313367565237849,570203.7509307861,240825,86030.98797644104,2409,2.7527047293694364,2.9280931805793493,2.7359161936931278,2.367709959226767,3.51324462890625,5.975978896885738
v6p1if1_0738,1,Heat3D,heat3d_seed1,2176992.4726314787,2102506575.222939,3.164885856610686e-06,0.003313367565237849,624785.5375823975,240825,85370.06264492625,2409,3.0906100854712864,3.21780544596325,3.00661402654642,2.594354978023035,3.9058837890625,5.952979679027554
v6p1if1_0738,2,Heat3D,heat3d_seed2,2763703.655970807,2102506575.222939,4.608631738503602e-06,0.003313367565237849,742280.5696563721,240825,108143.89430740837,2409,3.729505010001788,3.6255763495861992,3.387622057963702,3.0822405051650454,3.850982666015625,6.700120328386977
v6p1if1_0738,0,Therm-FM,thermfm_seed0,597650.1436163327,2102506575.222939,9.154554328426613e-07,0.003313367565237849,313586.69498443604,240825,16200.922440517403,2409,1.66220197842302,1.6859893725707926,1.5753343019972739,1.3021351395595808,0.47020721435546875,2.5932923054555244
v6p1if1_0738,1,Therm-FM,thermfm_seed1,757389.8370094015,2102506575.222939,9.949842858761369e-07,0.003313367565237849,353085.32273864746,240825,38593.94060176116,2409,1.7328992055700538,1.8979774808930188,1.773409179626133,1.4661489577022628,0.349365234375,4.00259051657853
v6p1if1_0738,2,Therm-FM,thermfm_seed2,356160.8636730825,2102506575.222939,4.908386435411367e-07,0.003313367565237849,222720.4284133911,240825,33166.63948230742,2409,1.2171232689021512,1.3015307001139444,1.2161084704025515,0.9248227070004822,1.4089126586914062,3.710499138010771
v6p1if1_0772,0,Heat3D,heat3d_seed0,71798.21617490426,1463649685.507556,1.0119232323435442e-07,0.002437030176235767,104254.05685424805,240825,3332.9380001481622,2409,0.6443818954748148,0.7003872883762688,0.5460168468757768,0.4329037967580112,0.5504074096679688,1.1762380316402214
v6p1if1_0772,1,Heat3D,heat3d_seed1,153818.61852929415,1463649685.507556,2.4658032645358434e-07,0.002437030176235767,161311.17405700684,240825,6533.665080962703,2409,1.0058859873876314,1.0251463775210234,0.7991966757960934,0.6698273603529817,1.2645187377929688,1.646872714838741
v6p1if1_0772,2,Heat3D,heat3d_seed2,80822.73249611771,1463649685.507556,1.5089070251538625e-07,0.002437030176235767,113889.41117858887,240825,2798.062149000354,2409,0.7868660122094893,0.7431015937024434,0.5793166093040141,0.4729135728374914,0.11107635498046875,1.0777307596457348
v6p1if1_0772,0,Therm-FM,thermfm_seed0,336390.25035346946,1463649685.507556,7.617804543857499e-07,0.002437030176235767,224537.0878982544,240825,12210.529938491876,2409,1.76800895056617,1.5160137076564588,1.1818732838428292,0.9323661907952014,0.17771148681640625,2.2513802729557915
v6p1if1_0772,1,Therm-FM,thermfm_seed1,270120.82845035166,1463649685.507556,4.1625589997056206e-07,0.002437030176235767,208540.98567962646,240825,2259.7983058161335,2409,1.3069222377247631,1.3585025708731089,1.0590787447619594,0.8659440908528038,0.6311569213867188,0.9685374975229323
v6p1if1_0772,2,Therm-FM,thermfm_seed2,286482.0908665953,1463649685.507556,6.231059751709128e-07,0.002437030176235767,199424.97757339478,240825,891.8594794794917,2409,1.5990075138283548,1.3990401139144413,1.0906815191110397,0.8280908442786039,1.1503677368164062,0.6084568943063507
v6p1if1_0787,0,Heat3D,heat3d_seed0,754292.9869063566,854786533.511896,1.052407704290874e-06,0.0012727064480487727,316097.8931655884,240825,28771.431421490153,2409,2.87559610808988,2.970579633250938,1.7697798677409022,1.312562620847455,1.5848007202148438,3.455909289435686
v6p1if1_0787,1,Heat3D,heat3d_seed1,1098281.1436676471,854786533.511896,1.3488872851821318e-06,0.0012727064480487727,384290.50915145874,240825,115085.92841725447,2409,3.2555450410555618,3.584494578462928,2.1355314868457578,1.5957251495960085,4.392875671386719,6.911824666686772
v6p1if1_0787,2,Heat3D,heat3d_seed2,858384.1939124364,854786533.511896,1.197337726715849e-06,0.0012727064480487727,319998.1181411743,240825,93791.18089763471,2409,3.067214941918293,3.1689254342075013,1.8879481879753315,1.3287578870182677,4.760551452636719,6.23968408589359
v6p1if1_0787,0,Therm-FM,thermfm_seed0,649438.812111241,854786533.511896,1.067169916954064e-06,0.0012727064480487727,280071.5239830017,240825,89394.22534599743,2409,2.8956939908271715,2.756387577797114,1.642170837055745,1.1629669842541335,4.530433654785156,6.091669496489559
v6p1if1_0787,1,Therm-FM,thermfm_seed1,393990.0277845005,854786533.511896,6.328149891684197e-07,0.0012727064480487727,223674.55706596375,240825,42765.431366951205,2409,2.2298428483616974,2.1469097040485843,1.2790626884910705,0.9287846239633084,4.426414489746094,4.213354766959305
v6p1if1_0787,2,Therm-FM,thermfm_seed2,525168.4979549996,854786533.511896,7.602661263763017e-07,0.0012727064480487727,249818.26956939697,240825,75322.09289037669,2409,2.4440984649128645,2.478680201263399,1.47672133399878,1.0373435879555568,5.9383087158203125,5.591686176136301
v6p1if1_0792,0,Heat3D,heat3d_seed0,734204.2332399274,1107092994.7395103,8.401506334315169e-07,0.001771480066136802,318069.0204963684,240825,119289.89482886728,2409,2.1777621465715127,2.5752321806118186,1.7460539464308915,1.3207475158159179,3.809417724609375,7.036933191213015
v6p1if1_0792,1,Heat3D,heat3d_seed1,1289046.8244414374,1107092994.7395103,1.6521393724100013e-06,0.001771480066136802,452898.7852897644,240825,130603.56351370004,2409,3.0539027684186797,3.4122614151438295,2.313574890459102,1.8806136625755814,4.369842529296875,7.363073121484024
v6p1if1_0792,2,Heat3D,heat3d_seed2,722072.2998024843,1107092994.7395103,9.720692168561226e-07,0.001771480066136802,329344.45080947876,240825,69767.82340592297,2409,2.3425046424963165,2.5538670864217945,1.7315680265564761,1.3675675316494498,3.191741943359375,5.381572396952948
v6p1if1_0792,0,Therm-FM,thermfm_seed0,187241.4131022242,1107092994.7395103,2.6390563771286064e-07,0.001771480066136802,156412.56355285645,240825,20693.528405688063,2409,1.220551753915882,1.3004956493966868,0.88175954698027,0.6494864052853999,1.36297607421875,2.9308856447132285
v6p1if1_0792,1,Therm-FM,thermfm_seed1,282153.0070821095,1107092994.7395103,4.452577069814701e-07,0.001771480066136802,195864.31978988647,240825,34521.2936410972,2409,1.5853953784061297,1.5964315064157715,1.0824094048567041,0.8133055944768461,1.9891204833984375,3.7855163910168454
v6p1if1_0792,2,Therm-FM,thermfm_seed2,241919.96857967228,1107092994.7395103,3.441886948082723e-07,0.001771480066136802,180984.4792327881,240825,39282.85226316488,2409,1.3938953389333224,1.4782361114631608,1.0022707915849745,0.7515186514389622,3.4002304077148438,4.038156134429355
v6p1if1_0797,0,Heat3D,heat3d_seed0,198761.94558274111,477117023.1214535,2.0546140556300742e-07,0.000785352833682564,170973.7163772583,240825,17370.10316856917,2409,1.6174569108322516,2.0410524424715137,0.908480971184095,0.7099500316713726,1.1949691772460938,2.6852380897063455
v6p1if1_0797,1,Heat3D,heat3d_seed1,418484.4017611483,477117023.1214535,5.149559882561626e-07,0.000785352833682564,261733.13082122803,240825,25887.151408034275,2409,2.5606643125667587,2.9616053197585526,1.3182229036213424,1.0868187722255913,3.1787033081054688,3.2781115796216063
v6p1if1_0797,2,Heat3D,heat3d_seed2,350627.91743044317,477117023.1214535,5.31585662753058e-07,0.000785352833682564,248572.1053161621,240825,19599.354280154817,2409,2.6016820587184006,2.71088309955053,1.206625395702241,1.0321690244624193,2.1483688354492188,2.8523478112940484
v6p1if1_0797,0,Therm-FM,thermfm_seed0,322952.65651399386,477117023.1214535,4.538424116279714e-07,0.000785352833682564,234360.5710067749,240825,4142.851177020188,2409,2.4039206693335076,2.6016985481067896,1.1580268956001087,0.97315715148666,1.5286445617675781,1.3113881840592585
v6p1if1_0797,1,Therm-FM,thermfm_seed1,434151.3402213084,477117023.1214535,6.166877698578046e-07,0.000785352833682564,276584.63510131836,240825,5676.408367450043,2409,2.8022073009080737,3.016533251678381,1.342671555648742,1.1484880519103846,2.9198226928710938,1.5350354722206019
v6p1if1_0797,2,Therm-FM,thermfm_seed2,104009.37900307169,477117023.1214535,1.4453230708116607e-07,0.000785352833682564,118979.79512786865,240825,4353.137877205707,2409,1.3565945250805802,1.4764671734115515,0.6571817086669897,0.4940508465809972,1.9438438415527344,1.3442585622852368
v6p1if1_0799,0,Heat3D,heat3d_seed0,7855511.65490856,3497748577.927308,1.3006017970881125e-05,0.0054906378951404666,1318896.7566223145,240825,335128.3469323821,2409,4.866993579239672,4.739068043113153,5.71131947667769,5.476577417719566,6.6910552978515625,11.79470768973324
v6p1if1_0799,1,Heat3D,heat3d_seed1,3342424.743771652,3497748577.927308,5.681069436395738e-06,0.0054906378951404666,759292.0473175049,240825,342792.888798679,2409,3.216648805739787,3.0912670483090783,3.725461111763583,3.1528788428008094,4.7263336181640625,11.92882045686778
v6p1if1_0799,2,Heat3D,heat3d_seed2,5050550.155860667,3497748577.927308,9.704782538271862e-06,0.0054906378951404666,995721.1956481934,240825,372613.39434572286,2409,4.204181942935843,3.7999252178267757,4.5795052337412905,4.134625539907374,4.3236236572265625,12.436862452950443
v6p1if1_0799,0,Therm-FM,thermfm_seed0,1199677.9307644232,3497748577.927308,1.6216859946148048e-06,0.0054906378951404666,424189.06537628174,240825,54197.9442390895,2409,1.718588816852155,1.8519874548016662,2.2319350397474236,1.761399627847116,3.591949462890625,4.743217142201011
v6p1if1_0799,1,Therm-FM,thermfm_seed1,899769.140653473,3497748577.927308,1.328882339143256e-06,0.0054906378951404666,319058.27296447754,240825,87389.08929287572,2409,1.5557215343375534,1.6038777133717448,1.9329239291892157,1.324855280658061,6.7522125244140625,6.022963159369854
v6p1if1_0799,2,Therm-FM,thermfm_seed2,2630087.5415053833,3497748577.927308,4.339632191908871e-06,0.0054906378951404666,694397.4615478516,240825,120731.49454020103,2409,2.811350925067161,2.742147474250387,3.304717327358879,2.883411031030215,7.7036895751953125,7.079325617581901
v6p1if1_0811,0,Heat3D,heat3d_seed0,103201.27533716722,238098024.93485245,1.194902908410106e-07,0.00037647885113880567,114584.45254325867,240825,8596.796473714945,2409,1.7815418010334458,2.0819228686869895,0.6546237349419036,0.47579965760721965,1.5935096740722656,1.889078140228713
v6p1if1_0811,1,Heat3D,heat3d_seed1,358039.7248680658,238098024.93485245,5.263350956114264e-07,0.00037647885113880567,233960.98104286194,240825,33725.838227773274,2409,3.7390465534845005,3.8778205779437975,1.2193119295380572,0.9714978969910181,3.3035926818847656,3.7416484130300502
v6p1if1_0811,2,Heat3D,heat3d_seed2,165966.50354799093,238098024.93485245,2.4743015984056223e-07,0.00037647885113880567,143030.10822868347,240825,19254.746370329245,2409,2.5636340166795177,2.640172638500192,0.8301554776601399,0.5939171939320398,2.2843360900878906,2.827160739278146
v6p1if1_0811,0,Therm-FM,thermfm_seed0,145925.83126822644,238098024.93485245,2.1498288561223985e-07,0.00037647885113880567,137128.15460777283,240825,4915.856378463592,2409,2.38963544630144,2.4756439924157583,0.7784223618830637,0.569409964114078,7.958034515380859,1.428503119237138
v6p1if1_0811,1,Therm-FM,thermfm_seed1,346016.95033261075,238098024.93485245,5.093981382567147e-07,0.00037647885113880567,208121.73611450195,240825,32217.927808084132,2409,3.6783951763595453,3.812157107799218,1.1986652155210293,0.8642032019703185,8.783454895019531,3.6570458222660602
v6p1if1_0811,2,Therm-FM,thermfm_seed2,501053.4772111139,238098024.93485245,7.56874003314225e-07,0.00037647885113880567,297568.3107318878,240825,2775.29285857355,2409,4.483751159812622,4.587373946890313,1.4424184064909331,1.2356205158595985,7.103404998779297,1.0733367738240336
v6p1if1_0814,0,Heat3D,heat3d_seed0,2714986.8751763892,2961488896.9518247,3.986902078204463e-06,0.0048494901249742355,747091.9667816162,240825,67985.22023632913,2409,2.8672776199870373,3.027811351530876,3.357631903141749,3.1022193160245664,4.657585144042969,5.312376591932845
v6p1if1_0814,1,Heat3D,heat3d_seed1,3402122.146269229,2961488896.9518247,5.490974868205436e-06,0.0048494901249742355,854569.6795959473,240825,97915.01477011363,2409,3.36493506896154,3.3893771450547514,3.758583185263972,3.5485089986336438,5.134666442871094,6.375382513047895
v6p1if1_0814,2,Heat3D,heat3d_seed2,1517650.6008703383,2961488896.9518247,2.4706770427482336e-06,0.0048494901249742355,525557.7849578857,240825,49706.19833602826,2409,2.257147551940054,2.263762413013498,2.510354845992709,2.182322370841423,3.8921737670898438,4.54241567864546
v6p1if1_0814,0,Therm-FM,thermfm_seed0,1999689.9384313375,2961488896.9518247,2.975787074012047e-06,0.0048494901249742355,641647.7098312378,240825,75154.09595402388,2409,2.4771533163412984,2.5985212716945036,2.8815791044652084,2.664373340937352,4.661048889160156,5.5854469009603
v6p1if1_0814,1,Therm-FM,thermfm_seed1,416740.0019352982,2961488896.9518247,6.679265470863119e-07,0.0048494901249742355,241739.6816558838,240825,30624.11115942453,2409,1.1735897637916008,1.1862535915646784,1.3154726110133053,1.0037981175371484,1.6556930541992188,3.565441755310619
v6p1if1_0814,2,Therm-FM,thermfm_seed2,265354.0019414641,2961488896.9518247,3.4978052006636363e-07,0.0048494901249742355,181873.0488357544,240825,29542.15933883947,2409,0.8492777962381854,0.9465809642266639,1.0496923603867119,0.7552083414751558,3.3129196166992188,3.501891758147032
v6p1if1_0815,0,Heat3D,heat3d_seed0,4362425.46473248,1594184948.9390974,7.158402629347251e-06,0.0023251058680110797,987669.7880897522,240825,79002.48852176999,2409,5.548641871601586,5.231119697952645,4.256113739277059,4.101192933000113,4.3171234130859375,5.726667734225479
v6p1if1_0815,1,Heat3D,heat3d_seed1,5312116.520363465,1594184948.9390974,8.973626711480431e-06,0.0023251058680110797,1091406.9446525574,240825,125675.2586101814,2409,6.2124460991418236,5.772506678538238,4.696593923134808,4.531950356701162,6.3162689208984375,7.2228150414753785
v6p1if1_0815,2,Heat3D,heat3d_seed2,6070048.11806794,1594184948.9390974,9.665605125888552e-06,0.0023251058680110797,1180750.130153656,240825,111043.65929515648,2409,6.447526833072099,6.170590335472969,5.020480475056889,4.902938358366681,5.1245574951171875,6.789354451710836
v6p1if1_0815,0,Therm-FM,thermfm_seed0,451226.7262670401,1594184948.9390974,8.383542839774859e-07,0.0023251058680110797,259079.7431488037,240825,16747.45693813142,2409,1.898857734245134,1.6823953343299904,1.3688208855438648,1.0758008643155972,1.4822769165039062,2.636671560719708
v6p1if1_0815,1,Therm-FM,thermfm_seed1,494270.0950415421,1594184948.9390974,1.1047118756883358e-06,0.0023251058680110797,272150.52020454407,240825,19220.512046951568,2409,2.1797322271512156,1.7608112943286083,1.4326212311676403,1.1300758650661022,1.6571044921875,2.8246463204437355
v6p1if1_0815,2,Therm-FM,thermfm_seed2,441339.2863415227,1594184948.9390974,7.625624432971876e-07,0.0023251058680110797,272134.62619781494,240825,3591.7571368303034,2409,1.8109911999699635,1.6638606157288662,1.3537407736277196,1.130009866906737,0.7143020629882812,1.2210545933656571
v6p1if1_0817,0,Heat3D,heat3d_seed0,99682.9910161994,1430533498.6387792,1.6825628464604944e-07,0.0023805077016920586,117736.78606414795,240825,7689.86392561032,2409,0.8407189796770733,0.8347597768295363,0.6433684292914811,0.48888938467413245,0.6803436279296875,1.786655939480653
v6p1if1_0817,1,Heat3D,heat3d_seed1,127660.20636790391,1430533498.6387792,1.999139897987675e-07,0.0023805077016920586,142448.37699127197,240825,5221.039529153728,2409,0.9164036238598038,0.9446670230486072,0.7280764546784726,0.5915016173207598,1.7277374267578125,1.4721772110109779
v6p1if1_0817,2,Heat3D,heat3d_seed2,129640.74967456149,1430533498.6387792,2.143044396113733e-07,0.0023805077016920586,141983.5454940796,240825,2881.219185169437,2409,0.9488133542580096,0.9519666866393935,0.7337024721617269,0.5895714543510001,0.6289215087890625,1.0936283225648074
v6p1if1_0817,0,Therm-FM,thermfm_seed0,356967.00734064257,1430533498.6387792,6.836924113691233e-07,0.0023805077016920586,228823.36446380615,240825,3985.4365991565282,2409,1.6947107499444254,1.5796650994848709,1.2174839781118125,0.9501644948149326,2.3084335327148438,1.286232717364868
v6p1if1_0817,1,Therm-FM,thermfm_seed1,1225180.5521518902,1430533498.6387792,1.7650063588012026e-06,0.0023805077016920586,502334.03938293457,240825,19964.89440959168,2409,2.722941692667498,2.9265168647013287,2.2555334011049384,2.0858882565470136,1.0534744262695312,2.878823961488767
v6p1if1_0817,2,Therm-FM,thermfm_seed2,256125.22274613963,1430533498.6387792,4.891491887089505e-07,0.0023805077016920586,200213.9422302246,240825,2453.4174120064126,2409,1.4334609725517382,1.3380648384877065,1.0312771378343382,0.8313669354519864,1.835662841796875,1.0091769478552128
v6p1if1_0832,0,Heat3D,heat3d_seed0,166346.6961603428,1118036592.6912162,2.2785936879252597e-07,0.0018334381369680321,154601.78357696533,240825,5817.113096587593,2409,1.1148086109249138,1.2197731824154452,0.8311057851811033,0.6419673355215004,0.14054107666015625,1.5539439634915715
v6p1if1_0832,1,Heat3D,heat3d_seed1,118182.54768972707,1118036592.6912162,1.2027983865887396e-07,0.0018334381369680321,123818.411277771,240825,4271.156553759938,2409,0.8099594709742421,1.0281314991944077,0.7005286304256211,0.5141426815229773,1.1823043823242188,1.3315403917122777
v6p1if1_0832,2,Heat3D,heat3d_seed2,226880.5865017949,1118036592.6912162,3.404136466345879e-07,0.0018334381369680321,191250.28188323975,240825,4733.50976336305,2409,1.36260616825425,1.4245269146328097,0.970616977783561,0.7941462966188716,0.43437957763671875,1.4017586302637512
v6p1if1_0832,0,Therm-FM,thermfm_seed0,109287.63297971374,1118036592.6912162,1.9348216585638687e-07,0.0018334381369680321,123566.74382400513,240825,3237.083545324742,2409,1.0272764679504474,0.988683988515737,0.6736506380179553,0.5130976593958482,1.811553955078125,1.159200484789931
v6p1if1_0832,1,Therm-FM,thermfm_seed1,173523.87136541647,1118036592.6912162,3.029895035673663e-07,0.0018334381369680321,164140.68816375732,240825,2386.563264578872,2409,1.2855253980199235,1.2458094050088842,0.848845849919057,0.681576614403643,2.0573196411132812,0.9953322493851983
v6p1if1_0832,2,Therm-FM,thermfm_seed2,98349.0873671486,1118036592.6912162,1.923467348444324e-07,0.0018334381369680321,122983.16875457764,240825,2508.849273414584,2409,1.0242577974127642,0.9379013438282258,0.6390493282047576,0.5106744264697504,2.2777862548828125,1.020513807991647
v6p1if1_0841,0,Heat3D,heat3d_seed0,325439.7288116034,419485657.63185763,5.078471422775748e-07,0.0006901051659414312,263384.26920318604,240825,13421.753906995451,2409,2.7127443477778965,2.7853304454705925,1.162477351209729,1.0936749473816507,2.2175979614257812,2.3604034231562885
v6p1if1_0841,1,Heat3D,heat3d_seed1,108061.6055352882,419485657.63185763,1.484186901901736e-07,0.0006901051659414312,135907.99462127686,240825,6628.114068087583,2409,1.4665155018805163,1.6050078082019335,0.669861354721337,0.5643433805513417,1.5403518676757812,1.6587333897639491
v6p1if1_0841,2,Heat3D,heat3d_seed2,195808.8721597745,419485657.63185763,3.0532812152496625e-07,0.0006901051659414312,201992.42770385742,240825,9424.688240277508,2409,2.103418860241842,2.1605166850839335,0.901706911438459,0.8387519057567006,2.1032791137695312,1.9779490323424465
v6p1if1_0841,0,Therm-FM,thermfm_seed0,173620.21857957414,419485657.63185763,3.2668071619123824e-07,0.0006901051659414312,150349.86897277832,240825,2839.955039266715,2409,2.17572554259061,2.034424564036535,0.8490814733609201,0.6243117158632963,7.004951477050781,1.0857687360294288
v6p1if1_0841,1,Therm-FM,thermfm_seed1,825160.593396843,419485657.63185763,1.2467255082999954e-06,0.0006901051659414312,405648.2009372711,240825,12097.548535996088,2409,4.250380235892762,4.435174191148326,1.8510513013865277,1.6844106755414558,11.630096435546875,2.2409402988467746
v6p1if1_0841,2,Therm-FM,thermfm_seed2,125812.29028687792,419485657.63185763,1.9492760082918955e-07,0.0006901051659414312,130883.60646057129,240825,1405.6528365258418,2409,1.680656771130112,1.731820897179492,0.722787693861126,0.5434801472462215,8.153434753417969,0.7638720801320387
v6p1if1_0843,0,Heat3D,heat3d_seed0,470791.73583450145,1102351190.3103461,8.366157069002476e-07,0.0017185734798145509,285044.84241485596,240825,5702.307981046033,2409,2.2063731007373057,2.066590495461191,1.3981817556673524,1.183618155984038,1.9447402954101562,1.538533421698362
v6p1if1_0843,1,Heat3D,heat3d_seed1,410499.62565087853,1102351190.3103461,7.084647216370098e-07,0.0017185734798145509,272071.92890167236,240825,6597.598164050956,2409,2.0303694106403607,1.9297293178415755,1.305586342097432,1.1297495231046293,0.9234085083007812,1.6549105719846262
v6p1if1_0843,2,Heat3D,heat3d_seed2,178336.4048672279,1102351190.3103461,3.307802775238575e-07,0.0017185734798145509,159942.7995452881,240825,5138.567902806331,2409,1.3873490808545048,1.2719206432582135,0.8605363481377308,0.6641453318604301,2.2099685668945312,1.4605036608871083
v6p1if1_0843,0,Therm-FM,thermfm_seed0,284556.976433823,1102351190.3103461,4.5949010807241593e-07,0.0017185734798145509,218148.83003616333,240825,6095.141738232924,2409,1.6351365648126646,1.6066624033380095,1.0870107381203968,0.9058396347395965,0.26049041748046875,1.5906458789621944
v6p1if1_0843,1,Therm-FM,thermfm_seed1,153472.68220429987,1102351190.3103461,2.487776596691935e-07,0.0017185734798145509,149373.59212493896,240825,1525.7952831055154,2409,1.2031551549168689,1.1799281270299782,0.7982974778193287,0.6202578308935491,1.1345062255859375,0.7958472757405527
v6p1if1_0843,2,Therm-FM,thermfm_seed2,193312.35224020528,1102351190.3103461,3.0575129413841517e-07,0.0017185734798145509,162867.75820541382,240825,2180.8660804698593,2409,1.3338288265982057,1.3242494919919663,0.8959401892737958,0.6762909091888875,1.9636917114257812,0.9514721896707421
v6p1if1_0846,0,Heat3D,heat3d_seed0,841736.7023816803,468190536.12647223,1.3671615146342409e-06,0.0006824100298617488,416304.31801605225,240825,9273.887955901038,2409,4.475970459549373,4.240107004741228,1.8695511322872675,1.7286590595496822,0.16440582275390625,1.9620610764884248
v6p1if1_0846,1,Heat3D,heat3d_seed1,387930.65385208355,468190536.12647223,6.507105590201509e-07,0.0006824100298617488,279590.3366127014,240825,5184.289317354152,2409,3.08795687362991,2.8784966863478383,1.2691888985889357,1.1609689052743752,0.9401016235351562,1.4669868302228843
v6p1if1_0846,2,Heat3D,heat3d_seed2,684165.4270559023,468190536.12647223,1.2519195120026483e-06,0.0006824100298617488,380347.1342163086,240825,8139.11733660294,2409,4.283171888359949,3.822691463527937,1.6855039615821414,1.5793507078430753,1.0093765258789062,1.8381047389590008
v6p1if1_0846,0,Therm-FM,thermfm_seed0,119512.22016230659,468190536.12647223,2.116872121183265e-07,0.0006824100298617488,132034.73897743225,240825,2513.345937549777,2409,1.761264619476073,1.597698552698781,0.7044584334573956,0.5482601016399138,3.6495513916015625,1.0214279429159152
v6p1if1_0846,1,Therm-FM,thermfm_seed1,160370.17836645822,468190536.12647223,2.862474111828762e-07,0.0006824100298617488,151974.3700580597,240825,2517.291023632366,2409,2.0480855012518244,1.8507616454291134,0.8160392004109371,0.6310572824999884,6.173591613769531,1.0222292733382068
v6p1if1_0846,2,Therm-FM,thermfm_seed2,124558.17507949754,468190536.12647223,1.9504080098545816e-07,0.0006824100298617488,125435.28264045715,240825,4183.621912837203,2409,1.6905967713606165,1.6310782741069798,0.7191762450325164,0.5208565665543742,1.0362777709960938,1.3178252196723528
v6p1if1_0849,0,Heat3D,heat3d_seed0,2156911.2771448754,1179537212.4413364,3.1441672561623543e-06,0.001740512218303019,681351.3747177124,240825,69070.48912994418,2409,4.250248102176304,4.27622272553978,2.992714970180618,2.829238553795131,4.883995056152344,5.35461025934191
v6p1if1_0849,1,Heat3D,heat3d_seed1,1926509.7176887433,1179537212.4413364,2.6196165937119844e-06,0.001740512218303019,647993.3694076538,240825,46416.089239061286,2409,3.879540841333598,4.041380844590998,2.8283608525750905,2.6907230121775307,3.5573348999023438,4.389508286437623
v6p1if1_0849,2,Heat3D,heat3d_seed2,1868489.5821857587,1179537212.4413364,2.5478497700926547e-06,0.001740512218303019,639143.2395477295,240825,62059.65174848068,2409,3.826029993579114,3.9800590638963786,2.78544479724737,2.653973796523324,4.640647888183594,5.075586891673478
v6p1if1_0849,0,Therm-FM,thermfm_seed0,1907283.3441220352,1179537212.4413364,2.7845361036378014e-06,0.001740512218303019,636637.3131389618,240825,49109.32406128594,2409,3.9997964299985513,4.021163990023246,2.814212084562255,2.643568205705229,1.7773590087890625,4.515060543884005
v6p1if1_0849,1,Therm-FM,thermfm_seed1,295782.7568343648,1179537212.4413364,4.676017325025857e-07,0.001740512218303019,219971.34161567688,240825,1737.563309605117,2409,1.6390776092529937,1.583545705669433,1.1082446456817645,0.9134074187301022,2.1332015991210938,0.8492819983156238
v6p1if1_0849,2,Therm-FM,thermfm_seed2,5560977.799034545,1179537212.4413364,8.200364477517628e-06,0.001740512218303019,1133709.336643219,240825,97342.56989089289,2409,6.864012088002607,6.866252296339531,4.8053474655482376,4.707606505318048,4.38525390625,6.356718854211447
v6p1if1_0850,0,Heat3D,heat3d_seed0,114918.7068683384,483532814.5596287,1.890671538659097e-07,0.0007392225644160582,150260.33006858826,240825,3407.123112651534,2409,1.599265010945147,1.5416379369112505,0.6907876756757594,0.6239399151607526,1.0363197326660156,1.1892564439329674
v6p1if1_0850,1,Heat3D,heat3d_seed1,307881.8697443324,483532814.5596287,5.264410128857112e-07,0.0007392225644160582,258558.66240501404,240825,6046.35945761601,2409,2.668623158236002,2.523359227489101,1.130684069143093,1.0736371323783414,1.3140296936035156,1.5842677486933907
v6p1if1_0850,2,Heat3D,heat3d_seed2,184950.89352771977,483532814.5596287,3.9102549361860604e-07,0.0007392225644160582,193648.94982337952,240825,4303.561426771819,2409,2.299931645864554,1.955758564150559,0.8763496800158861,0.804106508142342,1.7308387756347656,1.3365819846652744
v6p1if1_0850,0,Therm-FM,thermfm_seed0,1056647.5289097754,483532814.5596287,1.5453199037740286e-06,0.0007392225644160582,462142.6441516876,240825,14524.265562742177,2409,4.57216180861794,4.6746822340573395,2.094663602698521,1.9189977957092812,6.054203033447266,2.455436404804976
v6p1if1_0850,1,Therm-FM,thermfm_seed1,685273.2828645459,483532814.5596287,1.085561881990023e-06,0.0007392225644160582,364373.292263031,240825,12134.767143438425,2409,3.832125160864778,3.7646007446135292,1.6868680615301446,1.5130210412666085,7.042690277099609,2.2443848242414575
v6p1if1_0850,2,Therm-FM,thermfm_seed2,1449084.7232340425,483532814.5596287,2.1719292840911363e-06,0.0007392225644160582,535734.0013904572,240825,17762.19967505116,2409,5.420448630149019,5.474367047096897,2.4529918456967352,2.224578018853762,8.595417022705078,2.7153759925364214
v6p1if1_0853,0,Heat3D,heat3d_seed0,60327.080115014745,315835732.68665326,9.060541930572492e-08,0.0005077901424062998,83500.68340301514,240825,8864.658402126704,2409,1.3357800544136271,1.382055619619473,0.5005014826167723,0.34672763792386646,1.5935783386230469,1.9182826658511254
v6p1if1_0853,1,Heat3D,heat3d_seed1,88202.15568277397,315835732.68665326,9.089138502559965e-08,0.0005077901424062998,105687.95910644531,240825,9510.70898428811,2409,1.337886365375337,1.6711251226245887,0.6051859198995418,0.4388579221693982,1.7130546569824219,1.9869550689302822
v6p1if1_0853,2,Heat3D,heat3d_seed2,119720.47865305044,315835732.68665326,1.7850426932239195e-07,0.0005077901424062998,123592.00476837158,240825,15754.3377757696,2409,1.8749175356834662,1.9469445854090335,0.7050719506051553,0.5132025527597699,2.483654022216797,2.557299986215452
v6p1if1_0853,0,Therm-FM,thermfm_seed0,236938.40200952138,315835732.68665326,3.8021814494569703e-07,0.0005077901424062998,188127.53329849243,240825,9988.721292638977,2409,2.7363666354307594,2.7389688680128232,0.9918978366869522,0.7811794178282672,0.3406410217285156,2.0362755553341856
v6p1if1_0853,1,Therm-FM,thermfm_seed1,239780.5025093932,315835732.68665326,3.6638079138787723e-07,0.0005077901424062998,175969.8476715088,240825,8613.102777339023,2409,2.6861126078590782,2.7553470066841714,0.997829061574826,0.7306959313672118,2.327869415283203,1.8908688821954454
v6p1if1_0853,2,Therm-FM,thermfm_seed2,176480.24853871745,315835732.68665326,2.6206256642611586e-07,0.0005077901424062998,169157.06818199158,240825,4446.02361448016,2409,2.27174908617193,2.363836431710641,0.8560463283384102,0.7024065947554929,0.5793914794921875,1.3585245235411645
v6p1if1_0854,0,Heat3D,heat3d_seed0,991057.1851154938,1971977850.918301,1.5350102146889634e-06,0.0032259006319042154,390579.78524017334,240825,70850.23944798042,2409,2.1813740486269917,2.241807619433173,2.0286100502748092,1.6218406944468944,9.343818664550781,5.423158045950495
v6p1if1_0854,1,Heat3D,heat3d_seed1,1104063.5573079563,1971977850.918301,1.9210325593235403e-06,0.0032259006319042154,420969.50171661377,240825,35043.102643348044,2409,2.4402924151801604,2.3661704217511863,2.1411458577525484,1.7480307348348958,7.202888488769531,3.8140192033795044
v6p1if1_0854,2,Heat3D,heat3d_seed2,1203635.505623974,1971977850.918301,1.78887437252481e-06,0.0032259006319042154,419694.3868484497,240825,47754.299828902585,2409,2.3548563976251105,2.470566105183474,2.2356134341762535,1.742735957016297,9.035194396972656,4.452335072768966
v6p1if1_0854,0,Therm-FM,thermfm_seed0,431071.81633149367,1971977850.918301,6.887545127553114e-07,0.0032259006319042154,278332.3489074707,240825,21759.33931311703,2409,1.4611901498701927,1.4785084071458738,1.3379011598284591,1.1557452461641056,3.331939697265625,3.005415018361558
v6p1if1_0854,1,Therm-FM,thermfm_seed1,515256.66940385086,1971977850.918301,7.300280226161233e-07,0.0032259006319042154,280474.2209854126,240825,5416.216553409817,2409,1.5043340052006293,1.6164444879311481,1.4627194169130149,1.1646391403941143,0.8526611328125,1.499441788122902
v6p1if1_0854,2,Therm-FM,thermfm_seed2,336216.14242794685,1971977850.918301,5.275077231345515e-07,0.0032259006319042154,235156.35042572021,240825,2450.476113043551,2409,1.278759633329248,1.3057446772476677,1.1815673889212672,0.976461540229296,0.03412628173828125,1.0085718365380225
v6p1if1_0869,0,Heat3D,heat3d_seed0,341006.3480549009,3290067610.2646337,5.230376717399701e-07,0.005446991335610191,215091.58087158203,240825,30994.081113080087,2409,0.9799144068557154,1.0180727672370349,1.1899547512390856,0.8931447352707652,1.337982177734375,3.586914152793485
v6p1if1_0869,1,Heat3D,heat3d_seed1,501900.903454668,3290067610.2646337,7.319325902181824e-07,0.005446991335610191,272262.5468902588,240825,12133.527627209725,2409,1.1591968713754517,1.2351126715845975,1.4436376643846516,1.1305410438711048,0.428619384765625,2.2442701940048386
v6p1if1_0869,2,Heat3D,heat3d_seed2,253344.6094697822,3290067610.2646337,3.2524752548983767e-07,0.005446991335610191,189352.3469390869,240825,21703.204360439966,2409,0.7727315745994118,0.8775127243618277,1.0256638515741703,0.7862653251908519,1.3172607421875,3.0015358155708234
v6p1if1_0869,0,Therm-FM,thermfm_seed0,2441744.2244956675,3290067610.2646337,4.336026330167642e-06,0.005446991335610191,704152.2018127441,240825,31175.544889248908,2409,2.8214191722168995,2.724254476593306,3.184192390102296,2.923916544431617,1.1190032958984375,3.5973991394323925
v6p1if1_0869,1,Therm-FM,thermfm_seed1,688776.9070511798,3290067610.2646337,9.933441256517886e-07,0.005446991335610191,329109.48471832275,240825,13419.305110540125,2409,1.3504282723290035,1.446894539333461,1.6911748226940564,1.3665918601404454,1.411712646484375,2.3601880857552833
v6p1if1_0869,2,Therm-FM,thermfm_seed2,1739851.2166619664,3290067610.2646337,3.0656579671309325e-06,0.005446991335610191,610078.7684020996,240825,29633.957955552964,2409,2.3723759212333912,2.299607117924287,2.6878515014046256,2.5332866953268955,4.105499267578125,3.507328386385158
v6p1if1_0882,0,Heat3D,heat3d_seed0,3381843.386482522,3577771935.370991,5.2365181093504956e-06,0.005335551680226009,858955.5454101562,240825,88341.07083752309,2409,3.1327925653557873,3.0744711296188516,3.7473646985696556,3.566720836334086,3.67431640625,6.0556801667588775
v6p1if1_0882,1,Heat3D,heat3d_seed1,4516234.769429258,3577771935.370991,6.786682649300752e-06,0.005335551680226009,996305.365158081,240825,100991.97017681622,2409,3.5664743541104773,3.5528913646978264,4.33049429206127,4.1370512411837685,3.8179931640625,6.474780085788702
v6p1if1_0882,2,Heat3D,heat3d_seed2,7807951.640822973,3577771935.370991,1.2833511331845378e-05,0.005335551680226009,1331336.5824432373,240825,171193.94143121527,2409,4.904368380577482,4.67156322404122,5.694004066019177,5.528232461095141,6.45526123046875,8.429965464825758
v6p1if1_0882,0,Therm-FM,thermfm_seed0,342352.02267688786,3577771935.370991,6.12115539127014e-07,0.005335551680226009,212679.21074676514,240825,6898.808752767509,2409,1.0710926444693938,0.9782055499737217,1.1923003311372398,0.883127626894073,1.308746337890625,1.6922660931422593
v6p1if1_0882,1,Therm-FM,thermfm_seed1,2657133.913971107,3577771935.370991,4.678097091146671e-06,0.005335551680226009,740565.1805648804,240825,27171.97525073611,2409,2.9610446084048814,2.7252126406865256,3.321665813485952,3.075117535824272,5.806427001953125,3.35847566004678
v6p1if1_0882,2,Therm-FM,thermfm_seed2,1022835.5358308933,3577771935.370991,1.255263075830896e-06,0.005335551680226009,418787.00344085693,240825,44797.6685585652,2409,1.533831708539827,1.6908168901936087,2.0608772237332262,1.7389681446729242,2.29864501953125,4.312303373060111
v6p1if1_0886,0,Heat3D,heat3d_seed0,2271102.2035785466,1990138633.848492,2.877633380313318e-06,0.0032082029112708793,588868.1320724487,240825,199681.6187723726,2409,2.9949309714327335,3.3781324549068334,3.0709132966203874,2.4452118014012196,11.125015258789062,9.104385624384436
v6p1if1_0886,1,Heat3D,heat3d_seed1,7498034.014634434,1990138633.848492,1.1175738012360275e-05,0.0032082029112708793,1243726.2786483765,240825,443724.82323839376,2409,5.902108538775234,6.138072839575861,5.57985506793807,5.164440064978206,13.643295288085938,13.571831608756268
v6p1if1_0886,2,Heat3D,heat3d_seed2,3408363.307493603,1990138633.848492,5.598826399898161e-06,0.0032082029112708793,791371.4678573608,240825,286278.643784842,2409,4.177510850450808,4.1383886600050825,3.7620291484228168,3.286085198203512,14.172470092773438,10.901244378964131
v6p1if1_0886,0,Therm-FM,thermfm_seed0,1354786.384803086,1990138633.848492,1.4835557325680584e-06,0.0032082029112708793,446076.8484573364,240825,263385.2714711159,2409,2.15040875106346,2.6091181531139798,2.371835840010697,1.852286301078943,19.1285400390625,10.456283332700655
v6p1if1_0886,1,Therm-FM,thermfm_seed1,683503.6256893962,1990138633.848492,7.420694135220626e-07,0.0032082029112708793,275384.8888168335,240825,238320.72116000403,2409,1.5208674018240407,1.8532275425315077,1.6846885603187776,1.1435062340572344,18.78076171875,9.946321709557882
v6p1if1_0886,2,Therm-FM,thermfm_seed2,951418.0127129633,1990138633.848492,9.655037992889465e-07,0.0032082029112708793,345039.41831207275,240825,218832.22644931276,2409,1.7347866813979502,2.1864724998827074,1.9876270579123294,1.4327392019602314,19.49236297607422,9.530973005405517
v6p1if1_0903,0,Heat3D,heat3d_seed0,153390.41688301644,190175396.1369756,2.809519240397391e-07,0.0002936731373028818,172201.81154060364,240825,5699.318909965277,2409,3.0930283018282485,2.840023600935334,0.7980834951078545,0.7150495652054547,1.341339111328125,1.5381301298570706
v6p1if1_0903,1,Heat3D,heat3d_seed1,176386.3848486539,190175396.1369756,3.2103430289348635e-07,0.0002936731373028818,185719.81379890442,240825,6104.922978568295,2409,3.306310288015483,3.0454772863001525,0.8558186474653005,0.7711816206743669,1.351104736328125,1.5919216698618155
v6p1if1_0903,2,Heat3D,heat3d_seed2,229217.35248000067,190175396.1369756,4.6296763857341884e-07,0.0002936731373028818,224000.33912086487,240825,4725.356600026422,2409,3.9704817672430033,3.4717351075794585,0.9756026280320851,0.9301373990277789,1.217193603515625,1.4005508908470252
v6p1if1_0903,0,Therm-FM,thermfm_seed0,133726.43275134458,190175396.1369756,2.0144301455620372e-07,0.0002936731373028818,121784.25699806213,240825,1297.5058043774734,2409,2.619051236241598,2.6517432073060925,0.7451742606358522,0.5056960739045453,11.957138061523438,0.7338989302630229
v6p1if1_0903,1,Therm-FM,thermfm_seed1,754260.0750986936,190175396.1369756,1.0900975361024231e-06,0.0002936731373028818,382908.7571105957,240825,2403.2562497232975,2409,6.092570560296398,6.297720688203263,1.769741257220188,1.5899875723475374,13.941967010498047,0.9988071444472126
v6p1if1_0903,2,Therm-FM,thermfm_seed2,2855705.000305192,190175396.1369756,4.398677073693343e-06,0.0002936731373028818,776903.881526947,240825,31526.622035320743,2409,12.238520747569687,12.254045997974798,3.4435459818204595,3.2260100966550276,12.176837921142578,3.6175981263750336
v6p1if1_0907,0,Heat3D,heat3d_seed0,4088051.0259347456,1533909766.3352342,6.059902064783223e-06,0.0022965761168975713,976835.5760192871,240825,66066.35949121683,2409,5.136796733117052,5.162478401120437,4.120096323267978,4.056205028627788,5.212013244628906,5.236869939443512
v6p1if1_0907,1,Heat3D,heat3d_seed1,4316084.505441666,1533909766.3352342,6.648118423728028e-06,0.0022965761168975713,1006209.5407409668,240825,67725.79868794268,2409,5.380330467241074,5.304507445375542,4.233447566133366,4.178177268726116,4.722846984863281,5.302231282628894
v6p1if1_0907,2,Heat3D,heat3d_seed2,3295692.54884144,1533909766.3352342,5.061678951255262e-06,0.0022965761168975713,875556.521484375,240825,57704.02119794197,2409,4.694689519375707,4.635252947710638,3.6993256229672165,3.6356546101292433,5.154975891113281,4.89423298168496
v6p1if1_0907,0,Therm-FM,thermfm_seed0,250465.91992800712,1533909766.3352342,4.24256124699253e-07,0.0022965761168975713,193547.2752418518,240825,2493.5915513403015,2409,1.3591695561833974,1.2778339260211546,1.019820026598891,0.8036843153403999,2.3423004150390625,1.0174059166468516
v6p1if1_0907,1,Therm-FM,thermfm_seed1,774029.1064706565,1533909766.3352342,1.3902060924960296e-06,0.0022965761168975713,394432.4429130554,240825,12158.46640084387,2409,2.460362911532422,2.246356806307431,1.7927835623305548,1.6378384424916659,0.303924560546875,2.2465754022790576
v6p1if1_0907,2,Therm-FM,thermfm_seed2,1439949.9745104914,1533909766.3352342,2.054914540193928e-06,0.0022965761168975713,552242.837398529,240825,21206.063870844897,2409,2.991275821091325,3.0638944218189277,2.4452480303796884,2.2931291909001517,5.421974182128906,2.966959598891586
v6p1if1_0910,0,Heat3D,heat3d_seed0,1505289.809301799,1579541445.4114165,1.965270095845136e-06,0.002382987136185971,556720.3001327515,240825,24680.459778171207,2409,2.871774097237376,3.087056284926513,2.500110915676612,2.3117213749932586,1.76080322265625,3.2007976757314274
v6p1if1_0910,1,Heat3D,heat3d_seed1,1070902.4693921027,1579541445.4114165,1.438870160101608e-06,0.002382987136185971,473361.6325531006,240825,17103.898790735926,2409,2.4572534533003094,2.603810938410809,2.1087455325207944,1.9655834425541392,1.97198486328125,2.664582424700423
v6p1if1_0910,2,Heat3D,heat3d_seed2,1991919.1562828883,1579541445.4114165,2.9826567955115794e-06,0.002382987136185971,663125.6207809448,240825,22696.923421212647,2409,3.5378612194073638,3.5511608261648524,2.875974755681939,2.7535580640753445,1.96978759765625,3.0694820370213574
v6p1if1_0910,0,Therm-FM,thermfm_seed0,353242.04793556745,1579541445.4114165,6.374699397228485e-07,0.002382987136185971,250925.34675216675,240825,2747.172840174695,2409,1.635569510735456,1.4954458231312162,1.2111150821800942,1.0419406072964466,2.8154525756835938,1.067885260263811
v6p1if1_0910,1,Therm-FM,thermfm_seed1,285720.1639289025,1579541445.4114165,4.4551956273217246e-07,0.002382987136185971,212983.917552948,240825,9146.71231217304,2409,1.3673274742601245,1.344946262565671,1.089230166763526,0.8843928892471629,1.983795166015625,1.9485614657677772
v6p1if1_0910,2,Therm-FM,thermfm_seed2,161355.21837416664,1579541445.4114165,2.5532204995934216e-07,0.002382987136185971,148121.95513534546,240825,2463.8257140317,2409,1.0351023924244773,1.01070867853954,0.8185415381391208,0.61506054244927,1.8089828491210938,1.0113153328113276
v6p1if1_0915,0,Heat3D,heat3d_seed0,114240.2414668763,586287640.4351873,1.88738296792974e-07,0.0009772308824266638,148071.6513595581,240825,6544.4526908644475,2409,1.389733172934831,1.3958996126782925,0.6887454958156444,0.6148516614120548,1.4760971069335938,1.6482317141929463
v6p1if1_0915,1,Heat3D,heat3d_seed1,111319.35085526755,586287640.4351873,2.1256389841774606e-07,0.0009772308824266638,145572.90719604492,240825,4460.693311817711,2409,1.4748442579224035,1.3779389077101922,0.6798835729838743,0.6044758940975602,0.9884262084960938,1.3607639101568774
v6p1if1_0915,2,Heat3D,heat3d_seed2,79853.18497930228,586287640.4351873,1.6910231026073094e-07,0.0009772308824266638,118204.04387664795,240825,5741.584166614572,2409,1.315455553983851,1.1670534639147954,0.5758313917038175,0.4908296226581457,1.0916061401367188,1.5438228613533564
v6p1if1_0915,0,Therm-FM,thermfm_seed0,173283.9569620844,586287640.4351873,3.0026165856777534e-07,0.0009772308824266638,157380.43249893188,240825,3601.732524653533,2409,1.7528766185589584,1.7191897328091208,0.848258839081485,0.653505377344262,3.2173805236816406,1.2227490352726025
v6p1if1_0915,1,Therm-FM,thermfm_seed1,340750.5966994752,586287640.4351873,5.828034455077146e-07,0.0009772308824266638,243123.63915634155,240825,7099.413944840577,2409,2.4420944901972814,2.410809771376416,1.1895084404515295,1.0095448527201976,4.00799560546875,1.7166938434424321
v6p1if1_0915,2,Therm-FM,thermfm_seed2,238215.7078406996,586287640.4351873,5.414571187893788e-07,0.0009772308824266638,174916.78099822998,240825,2370.1210486161726,2409,2.3538752496465953,2.015718251540574,0.9945678428251817,0.7263231848779403,0.9242630004882812,0.9918976551689539
v6p1if1_0919,0,Heat3D,heat3d_seed0,5391301.983210388,2572789028.283539,8.011575603302528e-06,0.0040135348574835425,1010459.684928894,240825,380830.6253854533,2409,4.467817738891608,4.577672743116926,4.731469499628265,4.195825536920561,12.88970947265625,12.573249479932446
v6p1if1_0919,1,Heat3D,heat3d_seed1,6415002.14966773,2572789028.283539,9.03408078736714e-06,0.0040135348574835425,1144855.3294448853,240825,454193.97473377717,2409,4.744369063815847,4.993399524975923,5.161163516419236,4.753889045758893,13.92498779296875,13.731003704651123
v6p1if1_0919,2,Heat3D,heat3d_seed2,6814366.404092047,2572789028.283539,1.0875390345521243e-05,0.0040135348574835425,1216401.697013855,240825,348208.777500748,2409,5.205457527691204,5.146484312401213,5.31939151636723,5.050977668488965,13.319061279296875,12.022684686615756
v6p1if1_0919,0,Therm-FM,thermfm_seed0,674295.8706335201,2572789028.283539,7.886796152085555e-07,0.0040135348574835425,239708.19877624512,240825,140125.12945953623,2409,1.4018023650054785,1.618911702894861,1.673302521757536,0.9953626026211777,8.596725463867188,7.626751803462698
v6p1if1_0919,1,Therm-FM,thermfm_seed1,340601.61666573887,2572789028.283539,4.2837716717379276e-07,0.0040135348574835425,181276.27897644043,240825,104748.58335593849,2409,1.0331173086478214,1.1505917746022516,1.1892483787180717,0.7527303185983201,8.237457275390625,6.594102279439217
v6p1if1_0919,2,Therm-FM,thermfm_seed2,3237603.5846591163,2572789028.283539,4.014653591998567e-06,0.0040135348574835425,793331.5427055359,240825,196981.66716843122,2409,3.162718356810621,3.547396625894709,3.6665790414446655,3.294224198922603,11.225143432617188,9.042624656369306
v6p1if1_0928,0,Heat3D,heat3d_seed0,1325588.372451239,3676526627.7333975,1.5383488011038408e-06,0.005952890551111546,484473.89614868164,240825,96918.54894209793,2409,1.6075461876417527,1.8988273788481917,2.3461380256109052,2.0117259260819336,4.1822967529296875,6.342858918001634
v6p1if1_0928,1,Heat3D,heat3d_seed1,2903979.8955134396,3676526627.7333975,3.817507939080732e-06,0.005952890551111546,794708.245803833,240825,115341.6910812878,2409,2.532363385407621,2.810463470295182,3.4725300944678814,3.2999408109782333,4.5184783935546875,6.919500694670699
v6p1if1_0928,2,Heat3D,heat3d_seed2,1747284.494075204,3676526627.7333975,2.2833108589840228e-06,0.005952890551111546,605017.8935089111,240825,57984.64329983061,2409,1.9584774352941183,2.1800324268495115,2.6935871215418,2.5122719547759207,1.8547210693359375,4.906119191468216
v6p1if1_0928,0,Therm-FM,thermfm_seed0,1581263.8523795265,3676526627.7333975,2.1225106717204687e-06,0.005952890551111546,517678.7510910034,240825,21002.458339442557,2409,1.888256517459205,2.0738785209981696,2.5624263231147077,2.1496055272127204,1.9907379150390625,2.9526819280900045
v6p1if1_0928,1,Therm-FM,thermfm_seed1,361742.54669944866,3676526627.7333975,5.551411148967519e-07,0.005952890551111546,220360.6741256714,240825,25970.95716937352,2409,0.9656900301801943,0.991929800595911,1.225600731187248,0.915024080247779,3.449981689453125,3.283413488792827
v6p1if1_0928,2,Therm-FM,thermfm_seed2,2692233.869313701,3676526627.7333975,4.4372836810966865e-06,0.005952890551111546,760591.9178695679,240825,31378.036996746436,2409,2.730201169905882,2.706060698785656,3.3435329486787553,3.1582764159433943,2.99090576171875,3.609063184258871
v6p1if1_0930,0,Heat3D,heat3d_seed0,319091.60856777924,596640950.8875,3.285678008179917e-07,0.0009201786699767978,215653.40602493286,240825,38412.27109656969,2409,1.8896284521107536,2.3126034147342835,1.151083708154077,0.8954776540015897,3.0755996704101562,3.993158901715561
v6p1if1_0930,1,Heat3D,heat3d_seed1,968193.9528719708,596640950.8875,1.1635369377145193e-06,0.0009201786699767978,446964.02406692505,240825,38160.36495072019,2409,3.555936578085795,4.028326411849184,2.005073967400998,1.8559702027070488,2.4398269653320312,3.9800438757758627
v6p1if1_0930,2,Heat3D,heat3d_seed2,800394.7032547842,596640950.8875,1.0861132445961361e-06,0.0009201786699767978,395005.8733253479,240825,39584.381926433154,2409,3.4355911384647166,3.6626512995459866,1.823061495410427,1.6402195508163517,3.2164688110351562,4.053624667603106
v6p1if1_0930,0,Therm-FM,thermfm_seed0,237968.1772107792,596640950.8875,3.815632997204004e-07,0.0009201786699767978,188902.59599876404,240825,19960.742384527446,2409,2.0363255805416185,1.9971142611176547,0.9940509793629423,0.7843977826171039,0.0303192138671875,2.8785245967509514
v6p1if1_0930,1,Therm-FM,thermfm_seed1,192319.0822287384,596640950.8875,2.641366021482686e-07,0.0009201786699767978,169657.13511276245,240825,11259.763831625096,2409,1.6942528013989957,1.7953728765376205,0.8936354824511188,0.7044830690865252,0.7142410278320312,2.1619529622279714
v6p1if1_0930,2,Therm-FM,thermfm_seed2,259307.3389393965,596640950.8875,4.133199218353262e-07,0.0009201786699767978,211283.85088539124,240825,9106.040230907398,2409,2.11937149216865,2.0847350835541567,1.0376636889867008,0.8773335446294663,0.5674514770507812,1.9442243692671004
v6p1if1_0940,0,Heat3D,heat3d_seed0,547535.4906985455,1949631200.9088297,7.771318534087591e-07,0.003088837770229982,270723.10764312744,240825,38043.86545099004,2409,1.5861702702416147,1.6758297821226817,1.5078403225404944,1.1241486874000932,0.6381378173828125,3.9739639084023355
v6p1if1_0940,1,Heat3D,heat3d_seed1,380962.60646440863,1949631200.9088297,5.729092408282929e-07,0.003088837770229982,242741.35718536377,240825,21968.20524547447,2409,1.3619004521566467,1.3978640678754624,1.2577386017709542,1.007957467810085,0.9198150634765625,3.019804922613566
v6p1if1_0940,2,Heat3D,heat3d_seed2,613296.9772034653,1949631200.9088297,9.725489585357131e-07,0.003088837770229982,327591.2151260376,240825,24030.62619991612,2409,1.7744272034989226,1.773614288446619,1.595822660083267,1.360287408392142,1.3332977294921875,3.158378277154387
v6p1if1_0940,0,Therm-FM,thermfm_seed0,267494.98590997263,1949631200.9088297,4.2445294382483147e-07,0.003088837770229982,197733.84378433228,240825,20403.811692133255,2409,1.1722418592218427,1.1713362656336783,1.0539185252689147,0.8210685924813963,1.5011444091796875,2.910296609663644
v6p1if1_0940,1,Therm-FM,thermfm_seed1,792149.4465064183,1949631200.9088297,1.4518653317402811e-06,0.003088837770229982,386119.17334747314,240825,5878.042499928386,2409,2.168031649982761,2.015706648732587,1.8136470635592639,1.6033184816670742,0.28838348388671875,1.5620608971949892
v6p1if1_0940,2,Therm-FM,thermfm_seed2,348943.83559236286,1949631200.9088297,4.83250770501156e-07,0.003088837770229982,192375.67765045166,240825,7843.724426547589,2409,1.2508024636368251,1.3378318529791295,1.2037241694952303,0.7988193819182048,0.46033477783203125,1.8044413205378151
v6p1if1_0944,0,Heat3D,heat3d_seed0,1542618.8594533321,1881774447.052734,2.3089723244337726e-06,0.0030697441443776202,591396.4155578613,240825,33128.01144031412,2409,2.7425734910362536,2.863159451289147,2.5309206764290604,2.4557102275837694,3.3252716064453125,3.7083377632716363
v6p1if1_0944,1,Heat3D,heat3d_seed1,1266904.304601089,1881774447.052734,2.1822486087450953e-06,0.0030697441443776202,531057.8362579346,240825,24644.54819442355,2409,2.6662509477927485,2.5947057989720577,2.2936181751637883,2.2051607443493597,2.6037139892578125,3.1984681494879927
v6p1if1_0944,2,Heat3D,heat3d_seed2,1292934.757578279,1881774447.052734,2.1743649481845695e-06,0.0030697441443776202,540937.5606842041,240825,25531.005739331944,2409,2.6614304988436173,2.6212263306916315,2.3170612852039016,2.246185241084622,2.7605133056640625,3.2554839729963105
v6p1if1_0944,0,Therm-FM,thermfm_seed0,1355799.8511773793,1881774447.052734,2.029719049418189e-06,0.0030697441443776202,541333.232749939,240825,23937.447852940648,2409,2.571383625762375,2.6841946567991886,2.3727228161863927,2.247828226928014,0.29953765869140625,3.152249050693954
v6p1if1_0944,1,Therm-FM,thermfm_seed1,1248518.8283395907,1881774447.052734,2.2180615234822737e-06,0.0030697441443776202,519339.6048736572,240825,16227.316724176693,2409,2.6880398592403236,2.5758096424319534,2.276914713793219,2.156502044528837,0.5843353271484375,2.595403920921405
v6p1if1_0944,2,Therm-FM,thermfm_seed2,302227.08249049145,1881774447.052734,5.17568752678331e-07,0.0030697441443776202,224633.87814331055,240825,1289.305104737694,2409,1.2984730330126717,1.267310128865011,1.1202524564771492,0.9327681019134664,1.084930419921875,0.7315760024629694
v6p1if1_0945,0,Heat3D,heat3d_seed0,317770.1333479408,335203651.83880925,4.834581896706944e-07,0.0005044721822030046,238231.85942840576,240825,17269.108013930192,2409,3.095714127705928,3.078946675790024,1.1486977056510057,0.9892322617186993,0.8162994384765625,2.6774203068155655
v6p1if1_0945,1,Heat3D,heat3d_seed1,261665.20255721002,335203651.83880925,3.4977403684240404e-07,0.0005044721822030046,204339.31269836426,240825,17002.01405069178,2409,2.6331474126297083,2.7939499068853886,1.0423707149522454,0.8484970941487149,0.2991485595703125,2.656634360080387
v6p1if1_0945,2,Heat3D,heat3d_seed2,251182.58011921114,335203651.83880925,4.3860526028174925e-07,0.0005044721822030046,211819.70528411865,240825,10832.342725748123,2409,2.948616601330658,2.737413393964642,1.0212779941239751,0.8795586225853572,0.2648162841796875,2.1205220663439093
v6p1if1_0945,0,Therm-FM,thermfm_seed0,490035.6675389621,335203651.83880925,7.916562600354474e-07,0.0005044721822030046,310448.36483192444,240825,9208.25950364252,2409,3.9614092702302317,3.8234857427406457,1.426471375685181,1.2891035599789242,0.5425338745117188,1.955106299100244
v6p1if1_0945,1,Therm-FM,thermfm_seed1,157687.3767360687,335203651.83880925,2.4237651227325985e-07,0.0005044721822030046,153121.37921524048,240825,5120.727446807621,2409,2.191929866796297,2.1689227968517044,0.8091847319305846,0.6358201150845655,0.8776931762695312,1.4579661147300247
v6p1if1_0945,2,Therm-FM,thermfm_seed2,231746.6533745268,335203651.83880925,3.9690062012874026e-07,0.0005044721822030046,188320.5276374817,240825,14700.348629017346,2409,2.804931612591094,2.6293740046289966,0.9809705085719729,0.7819808061350844,0.9603958129882812,2.4702756486704085
v6p1if1_0953,0,Heat3D,heat3d_seed0,20139.975949143314,219973167.37853783,2.2179419559467096e-08,0.00036423705258503296,50876.87851715088,240825,1674.0998517070839,2409,0.7803384860127314,0.9568516710919837,0.2891869489670903,0.21126078487345948,0.0120086669921875,0.833627972414244
v6p1if1_0953,1,Heat3D,heat3d_seed1,39395.3932960391,219973167.37853783,3.7941311116794996e-08,0.00036423705258503296,67880.2654876709,240825,1506.0481133459543,2409,1.0206200734660347,1.3382518922911208,0.40445660845159465,0.2818655267836433,0.2563018798828125,0.7906804908322927
v6p1if1_0953,2,Heat3D,heat3d_seed2,104924.44115666313,219973167.37853783,1.7487854214317217e-07,0.00036423705258503296,146510.30169296265,240825,1893.8950791920943,2409,2.191170642599863,2.184004245546893,0.6600662813078398,0.6083683242726571,0.3666229248046875,0.8866649841880405
v6p1if1_0953,0,Therm-FM,thermfm_seed0,405492.9766129505,219973167.37853783,7.889327684642775e-07,0.00036423705258503296,251211.37009048462,240825,5444.560239626415,2409,4.654016685415466,4.293453998340865,1.2976001399399673,1.0431282885517892,11.98291015625,1.5033600445908608
v6p1if1_0953,1,Therm-FM,thermfm_seed1,158655.65109093703,219973167.37853783,2.3648485139530816e-07,0.00036423705258503296,141704.82859039307,240825,4490.531749624453,2409,2.5480597145099457,2.685609835262316,0.8116653164112616,0.5884141122823339,13.733444213867188,1.365307530641816
v6p1if1_0953,2,Therm-FM,thermfm_seed2,535436.4883434871,219973167.37853783,9.593837559840311e-07,0.00036423705258503296,316985.81771469116,240825,9197.504386519213,2409,5.132206459238381,4.933658985171473,1.4910877331045111,1.3162496323666195,11.41903305053711,1.9539641972328334
v6p1if1_0962,0,Heat3D,heat3d_seed0,814607.5161924566,2959820557.8409767,1.2044984658638433e-06,0.004736294948791163,354290.56495666504,240825,48027.98942607193,2409,1.594717483725423,1.658981393979907,1.8391765544370033,1.4711535968303333,7.082611083984375,4.4650754629710026
v6p1if1_0962,1,Heat3D,heat3d_seed1,1150825.7525862525,2959820557.8409767,1.7022781227564547e-06,0.004736294948791163,432929.0556945801,240825,102737.83496386389,2409,1.895814710911218,1.9718419179163589,2.1860193475634513,1.7976915008598777,1.61700439453125,6.530505577543332
v6p1if1_0962,2,Heat3D,heat3d_seed2,436000.4020353671,2959820557.8409767,5.401838020022501e-07,0.004736294948791163,226966.03463745117,240825,37954.4629047417,2409,1.0679512015126775,1.2136983281611322,1.3455277542072168,0.9424521317863642,5.895263671875,3.9692917824140994
v6p1if1_0962,0,Therm-FM,thermfm_seed0,471328.33867992123,2959820557.8409767,6.190587455740364e-07,0.004736294948791163,236414.20739746094,240825,9700.023387634836,2409,1.1432640880118585,1.2619120432419215,1.3989783442504031,0.981684656482761,0.7022857666015625,2.0066331873830014
v6p1if1_0962,1,Therm-FM,thermfm_seed1,1996205.7064848514,2959820557.8409767,3.1428025659880687e-06,0.004736294948791163,646564.5733261108,240825,10505.455937019957,2409,2.575960383502745,2.5969880738575952,2.8790675983007743,2.6847900895924877,0.6862945556640625,2.0882815561187034
v6p1if1_0962,2,Therm-FM,thermfm_seed2,2111731.8568772217,2959820557.8409767,3.4519793495298798e-06,0.004736294948791163,658694.132484436,240825,16747.252673194278,2409,2.6996951390444432,2.671078764502619,2.961205867982914,2.735156783907136,1.51983642578125,2.6366554812279133
v6p1if1_0967,0,Heat3D,heat3d_seed0,83036.36113484234,336048937.76952815,1.1462976912996992e-07,0.0005596991139715047,86057.1793346405,240825,18877.291855271207,2409,1.431104670795908,1.5719288727952412,0.5871963806709214,0.35734321326540225,2.910602569580078,2.7993128979096205
v6p1if1_0967,1,Heat3D,heat3d_seed1,188388.47387130052,336048937.76952815,2.785719540275282e-07,0.0005596991139715047,146117.38450431824,240825,37618.2685535904,2409,2.230957954961668,2.367695782115441,0.8844562994225845,0.6067367777611056,2.690082550048828,3.9516730147417447
v6p1if1_0967,2,Heat3D,heat3d_seed2,86843.71775810172,336048937.76952815,1.366774969092063e-07,0.0005596991139715047,91191.05156135559,240825,20223.424539238214,2409,1.5626841190115683,1.607562771635479,0.6005074768600088,0.3786610674197263,2.677631378173828,2.8974032933702265
v6p1if1_0967,0,Therm-FM,thermfm_seed0,298009.24326527177,336048937.76952815,4.4672746761285057e-07,0.0005596991139715047,210418.78163146973,240825,13708.489543004194,2409,2.8251663090820345,2.9779239587568416,1.112407947177528,0.8737414372738284,1.1022148132324219,2.3854834208398477
v6p1if1_0967,1,Therm-FM,thermfm_seed1,250276.13012843704,336048937.76952815,4.363724288727331e-07,0.0005596991139715047,184157.45531082153,240825,6098.521407930792,2409,2.792230982967003,2.7290308936863266,1.0194335705929098,0.7646940945118719,3.6499671936035156,1.591086813144312
v6p1if1_0967,2,Therm-FM,thermfm_seed2,822912.9347985658,336048937.76952815,1.4260467413227056e-06,0.0005596991139715047,402188.6441707611,240825,4908.331551184019,2409,5.047653915999615,4.948523999903156,1.8485285388512782,1.6700452368764087,2.2415809631347656,1.4274093773641021
v6p1if1_0969,0,Heat3D,heat3d_seed0,12444573.389505928,2852366668.8990617,1.8843799023473127e-05,0.004146026780009066,1639830.1757774353,240825,554524.9679443741,2409,6.741680711965725,6.6052206529131645,7.1885156426938766,6.80921904194928,15.583206176757812,15.171976197756102
v6p1if1_0969,1,Heat3D,heat3d_seed1,15839247.933480997,2852366668.8990617,2.3203766981988345e-05,0.004146026780009066,1861211.039150238,240825,788787.9886888068,2409,7.4810610055061915,7.451858540051762,8.10991857761459,7.728479348698175,15.226638793945312,18.0951315347236
v6p1if1_0969,2,Heat3D,heat3d_seed2,14364742.361190766,2852366668.8990617,2.2193371312233374e-05,0.004146026780009066,1769760.573879242,240825,692301.5909565052,2409,7.31636878491856,7.096533285334372,7.723215197667152,7.3487410936540725,17.443038940429688,16.95232480504571
v6p1if1_0969,0,Therm-FM,thermfm_seed0,1891920.2982747036,2852366668.8990617,3.2510569742297976e-06,0.004146026780009066,515007.5979003906,240825,247197.02695684275,2409,2.8002463432259024,2.575424020292046,2.802855018669777,2.1385138498926217,12.430709838867188,10.129854830460038
v6p1if1_0969,1,Therm-FM,thermfm_seed1,2195169.119369737,2852366668.8990617,2.8799159269212497e-06,0.004146026780009066,624739.4136199951,240825,78800.68160268245,2409,2.6355657391711187,2.7741587889923385,3.0191396923572684,2.594163453212894,6.9694061279296875,5.719348849930299
v6p1if1_0969,2,Therm-FM,thermfm_seed2,8385202.547163058,2852366668.8990617,1.3169068659141099e-05,0.004146026780009066,1347524.3668174744,240825,40809.21873407811,2409,5.635876652127995,5.421932447442806,5.9007334137857,5.595450500643515,2.7528533935546875,4.115861387134692
v6p1if1_0975,0,Heat3D,heat3d_seed0,2325077.4322950207,483558465.70112896,3.90743794368498e-06,0.000712100243450427,693573.7372779846,240825,87736.14618585592,2409,7.407565112333472,6.934165692485221,3.107190825704722,2.879990604289358,5.424755096435547,6.034911101864895
v6p1if1_0975,1,Heat3D,heat3d_seed1,1832697.5252152835,483558465.70112896,3.020170593182275e-06,0.000712100243450427,596385.2107849121,240825,75508.51496680787,2409,6.512461519550437,6.1563159636058975,2.7586373517128844,2.4764256650468686,4.607555389404297,5.598601607661954
v6p1if1_0975,2,Heat3D,heat3d_seed2,2337376.694730613,483558465.70112896,3.762384804326938e-06,0.000712100243450427,689197.8962593079,240825,87464.56752641925,2409,7.268771869367852,6.95248177818488,3.1153982404064617,2.861820393477869,5.534770965576172,6.025563624173764
v6p1if1_0975,0,Therm-FM,thermfm_seed0,289314.63948816946,483558465.70112896,3.974477789584961e-07,0.000712100243450427,193977.43541526794,240825,32667.56181914489,2409,2.36248723205983,2.4460239744639263,1.096060231318782,0.8054705093543775,1.6613349914550781,3.682476303026477
v6p1if1_0975,1,Therm-FM,thermfm_seed1,350404.09397212183,483558465.70112896,6.08392568658586e-07,0.000712100243450427,215537.92306518555,240825,21584.52762731949,2409,2.922949978568521,2.6919072389503316,1.2062402093418718,0.894998123389123,0.24645614624023438,2.9933181175705545
v6p1if1_0975,2,Therm-FM,thermfm_seed2,1536877.6833022912,483558465.70112896,2.3766947611554767e-06,0.000712100243450427,563461.4270401001,240825,56698.26793177225,2409,5.777183168940714,5.637611659818523,2.526206613040408,2.339713181937507,2.4978408813476562,4.85139343246022
v6p1if1_0984,0,Heat3D,heat3d_seed0,179625.73700630525,2005364748.176714,2.5345426343054255e-07,0.003319122992561094,168745.96643066406,240825,16355.590398048225,2409,0.8738524890549326,0.9464280283172967,0.8636414881062797,0.7006995387964874,1.6194610595703125,2.6056418015582055
v6p1if1_0984,1,Heat3D,heat3d_seed1,272448.74571125954,2005364748.176714,3.4452212685178274e-07,0.003319122992561094,210707.30433654785,240825,17604.82802545809,2409,1.018818651280768,1.1655897462561682,1.0636325561573616,0.8749394968817517,0.6361846923828125,2.703320224229329
v6p1if1_0984,2,Heat3D,heat3d_seed2,188655.82828457654,2005364748.176714,2.8705098198360635e-07,0.003319122992561094,176175.08293151855,240825,17148.71092142182,2409,0.9299676589167123,0.969925606815277,0.8850836718262302,0.7315481487865403,1.8726654052734375,2.6680707377761608
v6p1if1_0984,0,Therm-FM,thermfm_seed0,512343.44898439496,2005364748.176714,7.896193749894289e-07,0.003319122992561094,300899.56616973877,240825,22900.530275592464,2409,1.5424007408487765,1.5983942390862336,1.4585785056252978,1.2494531970091924,1.3965682983398438,3.0832189701290402
v6p1if1_0984,1,Therm-FM,thermfm_seed1,431752.65071082825,2005364748.176714,6.652188686849162e-07,0.003319122992561094,260011.82469177246,240825,15085.042813196778,2409,1.4156979616468257,1.4673064212941471,1.3389572828347498,1.079671233018883,3.9898300170898438,2.502389295214803
v6p1if1_0984,2,Therm-FM,thermfm_seed2,594494.6853508018,2005364748.176714,8.121055989026738e-07,0.003319122992561094,335079.3524017334,240825,8440.166794187971,2409,1.5642082762759555,1.7217785778593457,1.5711700928973673,1.391381095823662,2.2692642211914062,1.8717899649723913
v6p1if1_0991,0,Heat3D,heat3d_seed0,841802.7346627649,1009101542.7459263,1.3662714708632765e-06,0.0015115432705764956,400850.75271987915,240825,10594.596424939518,2409,3.006479229910962,2.8882696125116656,1.8696244618121116,1.6644897860266963,1.2267379760742188,2.0971225443296997
v6p1if1_0991,1,Heat3D,heat3d_seed1,1355903.737655448,1009101542.7459263,2.172875987051158e-06,0.0015115432705764956,518033.6508216858,240825,55252.723443310184,2409,3.7914661079248164,3.6656162227128855,2.3728137179131314,2.151079210304934,1.5568313598632812,4.789150055898444
v6p1if1_0991,2,Heat3D,heat3d_seed2,875332.8934260025,1009101542.7459263,1.5531820398744726e-06,0.0015115432705764956,399149.5680961609,240825,35537.67160995904,2409,3.205537692424376,2.9452298222169286,1.9064957431334906,1.6574257992158659,1.0999221801757812,3.840838841910778
v6p1if1_0991,0,Therm-FM,thermfm_seed0,435103.6946304096,1009101542.7459263,6.915397987655084e-07,0.0015115432705764956,259730.77704811096,240825,26357.31484807981,2409,2.138938499406233,2.076485727906987,1.344143391143666,1.078504212802288,1.9665603637695312,3.307746223034388
v6p1if1_0991,1,Therm-FM,thermfm_seed1,192073.33226147422,1009101542.7459263,3.61777919051748e-07,0.0015115432705764956,162914.18657112122,240825,6762.697326120164,2409,1.5470727483914635,1.37964102611985,0.8930643454404364,0.6764836980011262,0.9248123168945312,1.675488977916111
v6p1if1_0991,2,Therm-FM,thermfm_seed2,1609806.9138694694,1009101542.7459263,2.610015499871352e-06,0.0015115432705764956,577565.7162227631,240825,69480.61636696762,2409,4.155384841339111,3.994104828332492,2.585449799334525,2.398279731019467,5.059318542480469,5.370484051602138
v6p1if1_0993,0,Heat3D,heat3d_seed0,398337.3546521504,979985851.7518852,5.667939710309601e-07,0.0015881319818755295,238450.0442047119,240825,24349.045126182784,2409,1.8891624954583532,2.0161164566064445,1.2860999844279626,0.9901382506164722,0.790496826171875,3.179234534192949
v6p1if1_0993,1,Heat3D,heat3d_seed1,558658.9441768307,979985851.7518852,6.838460190207998e-07,0.0015881319818755295,293037.1692123413,240825,45693.54804021615,2409,2.075084878731063,2.3876104732335692,1.523079573297263,1.2168054363639211,2.007598876953125,4.355209399862722
v6p1if1_0993,2,Heat3D,heat3d_seed2,304339.73162924557,979985851.7518852,3.355625331564359e-07,0.0015881319818755295,185330.43560028076,240825,38837.59865583788,2409,1.4535950529860295,1.7622577281502965,1.1241610717999178,0.7695647694395547,1.547393798828125,4.01520556624983
v6p1if1_0993,0,Therm-FM,thermfm_seed0,281172.8987871391,979985851.7518852,4.208120879292149e-07,0.0015881319818755295,192732.72533416748,240825,42214.100282385305,2409,1.6277991127557334,1.6938573239902603,1.080527799308724,0.8003019841551644,3.5146255493164062,4.186107421394715
v6p1if1_0993,1,Therm-FM,thermfm_seed1,348200.22796940693,979985851.7518852,4.915554746655568e-07,0.0015881319818755295,206337.207447052,240825,40231.94740433479,2409,1.7593124370716047,1.8849707814669672,1.2024409030281815,0.8567931379510101,4.0756988525390625,4.08664701852512
v6p1if1_0993,2,Therm-FM,thermfm_seed2,232678.48964378794,979985851.7518852,3.5974974315745543e-07,0.0015881319818755295,160646.02472686768,240825,21329.421656442806,2409,1.505070870648603,1.5408778602777258,0.9829407352014968,0.667065399052705,3.131744384765625,2.975576635266942
v6p1if1_0995,0,Heat3D,heat3d_seed0,918786.2259119306,1296167854.1465316,1.5397882326106402e-06,0.0019064589611558454,415266.692779541,240825,12002.683941760275,2409,2.841952190842306,2.6624202920971203,1.9532437953946276,1.7243504319715188,2.0637969970703125,2.232136685081908
v6p1if1_0995,1,Heat3D,heat3d_seed1,829711.1930402111,1296167854.1465316,1.5605625731990197e-06,0.0019064589611558454,403346.2594833374,240825,11407.360547851946,2409,2.8610593243413316,2.530071830182793,1.8561483770523337,1.6748521103844594,0.3028106689453125,2.1760766264936344
v6p1if1_0995,2,Heat3D,heat3d_seed2,3077734.956914567,1296167854.1465316,5.076741341984232e-06,0.0019064589611558454,809206.2869567871,240825,17521.91017063911,2409,5.160345595665059,4.872871796672018,3.574907624786047,3.3601423729130575,1.7136993408203125,2.696946459177342
v6p1if1_0995,0,Therm-FM,thermfm_seed0,507983.37860423233,1296167854.1465316,7.207109900012439e-07,0.0019064589611558454,302969.44671058655,240825,4908.267688413383,2409,1.9443159630786677,1.9796760447747481,1.4523589543038986,1.258048154097733,2.70458984375,1.427400091254022
v6p1if1_0995,1,Therm-FM,thermfm_seed1,194669.03431805113,1296167854.1465316,4.0057884257986694e-07,0.0019064589611558454,159050.24378585815,240825,3553.4184430734604,2409,1.4495402302915064,1.2255126938479823,0.8990785837011674,0.6604390897367721,1.1318206787109375,1.214520294048156
v6p1if1_0995,2,Therm-FM,thermfm_seed2,559101.9344350104,1296167854.1465316,7.625034481542922e-07,0.0019064589611558454,317950.52255630493,240825,9861.652887816192,2409,1.9998949119610283,2.0768965944844995,1.5236833188563679,1.3202554658208447,2.3449859619140625,2.0232821778481833
v6p1if1_1003,0,Heat3D,heat3d_seed0,1821913.9729276276,4163569139.8737974,2.581243612350199e-06,0.006785802321557901,634597.225440979,240825,32432.69128713291,2409,1.9503560199410703,2.091852424886264,2.750509497022573,2.6350969602033802,2.71002197265625,3.6692144411076724
v6p1if1_1003,1,Heat3D,heat3d_seed1,2174181.64431993,4163569139.8737974,3.3234276815493243e-06,0.006785802321557901,688789.4621963501,240825,55988.316448758356,2409,2.213056564768517,2.285151625987451,3.0046724016665745,2.8601244148088867,3.644927978515625,4.820924213618918
v6p1if1_1003,2,Heat3D,heat3d_seed2,1308326.8983018762,4163569139.8737974,1.9793721630403183e-06,0.006785802321557901,490312.9499130249,240825,54789.43944451492,2409,1.7079027080082818,1.7726591824847937,2.3308125651711746,2.035971970987335,2.561187744140625,4.769029716331094
v6p1if1_1003,0,Therm-FM,thermfm_seed0,1978576.0609874092,4163569139.8737974,3.305044581884059e-06,0.006785802321557901,643491.0229721069,240825,19002.21605529613,2409,2.2069274629249427,2.1799347007286385,2.866326049539171,2.6720275011818,1.2983856201171875,2.8085601267542906
v6p1if1_1003,1,Therm-FM,thermfm_seed1,475263.5081453835,4163569139.8737974,7.050505658205373e-07,0.006785802321557901,270320.903175354,240825,3571.9783076366875,2409,1.0193176181571708,1.0684011437036407,1.4048063130201067,1.1224785764574028,1.8877716064453125,1.2176879444712856
v6p1if1_1003,2,Therm-FM,thermfm_seed2,1708724.3025331278,4163569139.8737974,2.469626178399132e-06,0.006785802321557901,588675.4520339966,240825,10452.62968128617,2409,1.9077216485874107,2.0258305107001924,2.663699404771312,2.444411718193695,0.85321044921875,2.083024519872153
v6p1if1_1004,0,Heat3D,heat3d_seed0,1304537.9692867785,1043073267.9855912,2.0661958395227947e-06,0.0015033919984145253,520747.10456466675,240825,32522.395292949746,2409,3.707230795882376,3.5364779476343777,2.327435088748092,2.1623465361348146,3.0560684204101562,3.6742851883135152
v6p1if1_1004,1,Heat3D,heat3d_seed1,2022803.3773275544,1043073267.9855912,2.921129549206055e-06,0.0015033919984145253,657688.4388313293,240825,40979.24818250106,2409,4.407976715401037,4.403717259558833,2.8981846409303444,2.7309807488065165,1.8550186157226562,4.124426733880355
v6p1if1_1004,2,Heat3D,heat3d_seed2,1776394.1234177519,1043073267.9855912,2.8197826513875213e-06,0.0015033919984145253,612397.6829719543,240825,29996.95280740352,2409,4.330835618091627,4.126788923464793,2.7159319205577948,2.542915739528514,1.7172012329101562,3.5287441398324173
v6p1if1_1004,0,Therm-FM,thermfm_seed0,248636.9303323316,1043073267.9855912,4.736917700395833e-07,0.0015033919984145253,210895.82126426697,240825,2688.9357970245183,2409,1.7750549519515757,1.543922192989061,1.0160896630681182,0.8757222932181749,2.2342605590820312,1.0565056317241708
v6p1if1_1004,1,Therm-FM,thermfm_seed1,292092.70038953034,1043073267.9855912,4.0162937050724475e-07,0.0015033919984145253,201297.5338420868,240825,19634.093247359153,2409,1.6344687255012171,1.6734122512789453,1.1013099612773891,0.8358664334769513,4.901283264160156,2.854874520782716
v6p1if1_1004,2,Therm-FM,thermfm_seed2,1017361.1378809554,1043073267.9855912,1.3150026160740026e-06,0.0015033919984145253,456271.2017879486,240825,17252.526382012526,2409,2.957516601780878,3.123058823329133,2.0553547335146676,1.8946172606164169,4.50030517578125,2.6761345814540385
v6p1if1_1011,0,Heat3D,heat3d_seed0,8195791.368514895,2747771754.419773,1.2121116863080707e-05,0.003980192989837353,1361729.4078483582,240825,137112.03903291153,2409,5.518477217796088,5.461414257993668,5.8337076720564305,5.654435410976261,6.775413513183594,7.5443077278248465
v6p1if1_1011,1,Heat3D,heat3d_seed1,6194978.892942477,2747771754.419773,9.297182236480659e-06,0.003980192989837353,1189990.4781837463,240825,116644.00290416332,2409,4.833075801762124,4.748206389009807,5.0718818847207805,4.941307913147498,4.597038269042969,6.958454751577261
v6p1if1_1011,2,Heat3D,heat3d_seed2,8864969.191155069,2747771754.419773,1.3138136170449535e-05,0.003980192989837353,1435824.0533866882,240825,177275.25990739197,2409,5.745327823088749,5.6799993740689185,6.067193287394825,5.962105484840396,9.181327819824219,8.578387603509462
v6p1if1_1011,0,Therm-FM,thermfm_seed0,364415.293008122,2747771754.419773,7.384932538467848e-07,0.003980192989837353,225861.9679145813,240825,5386.646048582101,2409,1.3621382891893359,1.1516167412385343,1.2301200936732992,0.9378676130575367,0.00096893310546875,1.4953429919544956
v6p1if1_1011,1,Therm-FM,thermfm_seed1,611847.5849509484,2747771754.419773,8.509918589037264e-07,0.003980192989837353,324857.9322052002,240825,9496.3439044939,2409,1.462212988963158,1.4922146438421415,1.5939358570713549,1.3489377440265762,2.7021331787109375,1.985453942456167
v6p1if1_1011,2,Therm-FM,thermfm_seed2,195264.409647037,2747771754.419773,3.1031380165617334e-07,0.003980192989837353,164439.4027786255,240825,4486.675418034138,2409,0.8829751490351097,0.8429876631506871,0.9004524040221206,0.6828169948245635,1.0344314575195312,1.3647211625107853
v6p1if1_1017,0,Heat3D,heat3d_seed0,340946.15737923456,323269175.865772,4.767727476825879e-07,0.0005050988748546259,248079.56846046448,240825,25964.33043152727,2409,3.0723275202028564,3.247586684163728,1.189849727767009,1.0301238179610277,2.670299530029297,3.282994564907444
v6p1if1_1017,1,Heat3D,heat3d_seed1,304202.5914313517,323269175.865772,4.6111312239362645e-07,0.0005050988748546259,241358.9509525299,240825,12241.271103636405,2409,3.0214508936963402,3.067604079640024,1.123907761063056,1.002217174099574,1.2095146179199219,2.254212522954579
v6p1if1_1017,2,Heat3D,heat3d_seed2,331680.8563749,323269175.865772,5.772653542501213e-07,0.0005050988748546259,245389.16542625427,240825,15703.768970968944,2409,3.3806448285167447,3.2031557406482434,1.1735711334790957,1.0189522077286588,0.9426078796386719,2.553192433548015
v6p1if1_1017,0,Therm-FM,thermfm_seed0,675968.2113164498,323269175.865772,8.984264576247467e-07,0.0005050988748546259,358737.7688655853,240825,4859.081203623122,2409,4.2174803315713225,4.5727871681962355,1.6753762397618135,1.489620134394624,4.598690032958984,1.4202299879267888
v6p1if1_1017,1,Therm-FM,thermfm_seed1,885539.6498240251,323269175.865772,1.3128104509778199e-06,0.0005050988748546259,422358.60027885437,240825,9249.247370196652,2409,5.098152380881867,5.233857060833438,1.917578806863387,1.7537988177259602,6.596668243408203,1.9594527588683743
v6p1if1_1017,2,Therm-FM,thermfm_seed2,218755.84002951597,323269175.865772,3.025875938331207e-07,0.0005050988748546259,185982.51953315735,240825,1398.9103579942312,2409,2.447582607201646,2.601343360172018,0.953079313947928,0.7722724780780955,2.3938217163085938,0.7620378497909419
