{
  "attention_diagnostics": {
    "final": {
      "classification": "effective_regional_selection",
      "evaluator_replay_max_abs_error_K": 0.002960205078125,
      "finite": true,
      "maximum_weight": {
        "finite_sample_count": 128,
        "max": 0.1284199357032776,
        "mean": 0.047483974347414915,
        "mean_abs": 0.047483974347414915,
        "median": 0.039903463795781136,
        "min": 0.015180578455328941
      },
      "normalized_entropy": {
        "finite_sample_count": 128,
        "max": 0.9530580638628751,
        "mean": 0.860726492055952,
        "mean_abs": 0.860726492055952,
        "median": 0.8725775114071416,
        "min": 0.6657533094277326
      },
      "regional_node_count": 256,
      "residual_l2_norm": {
        "finite_sample_count": 128,
        "max": 20.86778360717264,
        "mean": 10.220940594581473,
        "mean_abs": 10.220940594581473,
        "median": 9.816988181187291,
        "min": 5.331108090704788
      },
      "residual_to_mean_pool_l2_ratio": {
        "finite_sample_count": 128,
        "max": 1.1384099690345826,
        "mean": 0.7593374352813764,
        "mean_abs": 0.7593374352813764,
        "median": 0.7433043350603614,
        "min": 0.5577443922490687
      },
      "sample_count": 128,
      "uniform_weight": 0.00390625,
      "weight_feature_correlations_computed_per_sample_then_aggregated": {
        "log1p_q_inverse_kz_relative": {
          "pearson": {
            "finite_sample_count": 128,
            "max": 0.03281128148833514,
            "mean": -0.153378358703816,
            "mean_abs": 0.15467363073832197,
            "median": -0.1300039409619183,
            "min": -0.5341116037943879
          },
          "spearman": {
            "finite_sample_count": 128,
            "max": 0.2666727937569445,
            "mean": -0.20094103997147364,
            "mean_abs": 0.2227857879016557,
            "median": -0.2003314254471899,
            "min": -0.6784465793087409
          }
        },
        "log1p_q_relative": {
          "pearson": {
            "finite_sample_count": 128,
            "max": 0.35486277195763605,
            "mean": -0.12757908063354784,
            "mean_abs": 0.1342174859121234,
            "median": -0.11313383521114717,
            "min": -0.48635127756199514
          },
          "spearman": {
            "finite_sample_count": 128,
            "max": 0.27089877986941363,
            "mean": -0.177588196355635,
            "mean_abs": 0.2056285292083967,
            "median": -0.17867779958453417,
            "min": -0.6337812468411318
          }
        },
        "log_inverse_kz_relative": {
          "pearson": {
            "finite_sample_count": 128,
            "max": 0.10156738935420376,
            "mean": -0.4361020869733431,
            "mean_abs": 0.43868057501035373,
            "median": -0.46283873090661454,
            "min": -0.813253822249313
          },
          "spearman": {
            "finite_sample_count": 128,
            "max": 0.04955431834549907,
            "mean": -0.6319831952974266,
            "mean_abs": 0.632991186450685,
            "median": -0.6986175288328472,
            "min": -0.8826021415510212
          }
        },
        "source_present_fraction": {
          "pearson": {
            "finite_sample_count": 128,
            "max": 0.4110673573165835,
            "mean": -0.134521114866362,
            "mean_abs": 0.1432970242516841,
            "median": -0.11867380926691151,
            "min": -0.48174870106035667
          },
          "spearman": {
            "finite_sample_count": 128,
            "max": 0.2718098035245308,
            "mean": -0.17824708518676258,
            "mean_abs": 0.2053201228462498,
            "median": -0.1845803435050845,
            "min": -0.6509065023092216
          }
        }
      }
    },
    "legacy_best": {
      "classification": "effective_regional_selection",
      "evaluator_replay_max_abs_error_K": 0.002655029296875,
      "finite": true,
      "maximum_weight": {
        "finite_sample_count": 128,
        "max": 0.13243304193019867,
        "mean": 0.04708671238768147,
        "mean_abs": 0.04708671238768147,
        "median": 0.03984987922012806,
        "min": 0.015392676927149296
      },
      "normalized_entropy": {
        "finite_sample_count": 128,
        "max": 0.9535003685413384,
        "mean": 0.8616580568853509,
        "mean_abs": 0.8616580568853509,
        "median": 0.8711475860995183,
        "min": 0.6714596884102741
      },
      "regional_node_count": 256,
      "residual_l2_norm": {
        "finite_sample_count": 128,
        "max": 21.0656792673483,
        "mean": 10.22681756319598,
        "mean_abs": 10.22681756319598,
        "median": 9.791146181435415,
        "min": 5.254976655676318
      },
      "residual_to_mean_pool_l2_ratio": {
        "finite_sample_count": 128,
        "max": 1.1457570339229046,
        "mean": 0.755706123412313,
        "mean_abs": 0.755706123412313,
        "median": 0.7394864423813015,
        "min": 0.5545024526216213
      },
      "sample_count": 128,
      "uniform_weight": 0.00390625,
      "weight_feature_correlations_computed_per_sample_then_aggregated": {
        "log1p_q_inverse_kz_relative": {
          "pearson": {
            "finite_sample_count": 128,
            "max": 0.040754370102556725,
            "mean": -0.15527241069680567,
            "mean_abs": 0.1566139782047596,
            "median": -0.13041568040943377,
            "min": -0.547247786769011
          },
          "spearman": {
            "finite_sample_count": 128,
            "max": 0.27149963957870366,
            "mean": -0.20513267881507619,
            "mean_abs": 0.22614978666172206,
            "median": -0.19867374694698398,
            "min": -0.6774491603155652
          }
        },
        "log1p_q_relative": {
          "pearson": {
            "finite_sample_count": 128,
            "max": 0.34817496039593915,
            "mean": -0.12958157407644874,
            "mean_abs": 0.13637374820908021,
            "median": -0.11673586539209245,
            "min": -0.49019490588816467
          },
          "spearman": {
            "finite_sample_count": 128,
            "max": 0.2755513582226174,
            "mean": -0.1815985177226641,
            "mean_abs": 0.20877128785787225,
            "median": -0.1917922518131768,
            "min": -0.6393446033197043
          }
        },
        "log_inverse_kz_relative": {
          "pearson": {
            "finite_sample_count": 128,
            "max": 0.10478483275406325,
            "mean": -0.44072643262375255,
            "mean_abs": 0.4433073004886095,
            "median": -0.46735976781187927,
            "min": -0.8126713979118517
          },
          "spearman": {
            "finite_sample_count": 128,
            "max": 0.055100840754358046,
            "mean": -0.6340751047585684,
            "mean_abs": 0.6349360553953554,
            "median": -0.702247732711065,
            "min": -0.8859884645550877
          }
        },
        "source_present_fraction": {
          "pearson": {
            "finite_sample_count": 128,
            "max": 0.4027791136891873,
            "mean": -0.13664492649381355,
            "mean_abs": 0.14521926182291126,
            "median": -0.12365191985760197,
            "min": -0.4820922900382221
          },
          "spearman": {
            "finite_sample_count": 128,
            "max": 0.2764043191805358,
            "mean": -0.18225014598071687,
            "mean_abs": 0.20842840565300214,
            "median": -0.19129695986612902,
            "min": -0.6573189568186044
          }
        }
      }
    },
    "point_global_best": {
      "classification": "effective_regional_selection",
      "evaluator_replay_max_abs_error_K": 0.003875732421875,
      "finite": true,
      "maximum_weight": {
        "finite_sample_count": 128,
        "max": 0.1324055939912796,