{
  "passed": true,
  "representative_sample_ids": [
    "p1d_f00_high",
    "p1d_f07_high"
  ],
  "samples": {
    "p1d_f00_high": {
      "comparisons": {
        "mean_deltaT_K": {
          "base_to_fine_relative_difference": 0.00034518110501363723,
          "passed": true,
          "tolerance": 0.02
        },
        "peak_deltaT_K": {
          "base_to_fine_relative_difference": 0.0007132541033215816,
          "passed": true,
          "tolerance": 0.02
        },
        "top_branch_R_ambient_K_W": {
          "base_to_fine_relative_difference": 0.0006888349010771539,
          "passed": true,
          "tolerance": 0.02
        },
        "top_heat_fraction": {
          "base_to_fine_relative_difference": 1.0041678386264066e-06,
          "passed": true,
          "tolerance": 0.01
        }
      },
      "meshes": [
        {
          "bottom_branch_R_ambient_K_W": 10135.335538356116,
          "bottom_heat_fraction": 0.0020088018367768507,
          "energy_balance_relative_error": 2.2593427376998195e-11,
          "intervals_x": 48,
          "intervals_y": 48,
          "intervals_z": 48,
          "mean_deltaT_K": 70.43219834137781,
          "mesh": "coarse",
          "node_count": 117649,
          "peak_deltaT_K": 71.86016820034814,
          "sample_id": "p1d_f00_high",
          "top_branch_R_ambient_K_W": 20.400861935187613,
          "top_heat_fraction": 0.9979911981406298
        },
        {
          "bottom_branch_R_ambient_K_W": 10136.522104047097,
          "bottom_heat_fraction": 0.0020086317190575473,
          "energy_balance_relative_error": -1.498210095171989e-10,
          "intervals_x": 64,
          "intervals_y": 64,
          "intervals_z": 56,
          "mean_deltaT_K": 70.42947889323482,
          "mesh": "base",
          "node_count": 240825,
          "peak_deltaT_K": 71.84237659010125,
          "sample_id": "p1d_f00_high",
          "top_branch_R_ambient_K_W": 20.401518954148628,
          "top_heat_fraction": 0.9979913684307634
        },
        {
          "bottom_branch_R_ambient_K_W": 10134.611444890248,
          "bottom_heat_fraction": 0.002007629494723573,
          "energy_balance_relative_error": -7.732867347446223e-11,
          "intervals_x": 80,
          "intervals_y": 80,
          "intervals_z": 70,
          "mean_deltaT_K": 70.40517635666134,
          "mesh": "fine",
          "node_count": 465831,
          "peak_deltaT_K": 71.79117124263018,
          "sample_id": "p1d_f00_high",
          "top_branch_R_ambient_K_W": 20.387475349582985,
          "top_heat_fraction": 0.9979923705826051
        }
      ],
      "passed": true
    },
    "p1d_f07_high": {
      "comparisons": {
        "mean_deltaT_K": {
          "base_to_fine_relative_difference": 0.0027760991721978846,
          "passed": true,
          "tolerance": 0.02
        },
        "peak_deltaT_K": {
          "base_to_fine_relative_difference": 0.0010026150584854147,
          "passed": true,
          "tolerance": 0.02
        },
        "top_branch_R_ambient_K_W": {
          "base_to_fine_relative_difference": 0.0012952245217794588,
          "passed": true,
          "tolerance": 0.02
        },
        "top_heat_fraction": {
          "base_to_fine_relative_difference": 0.00021387932317637568,
          "passed": true,
          "tolerance": 0.01
        }
      },
      "meshes": [
        {
          "bottom_branch_R_ambient_K_W": 121.2077203046559,
          "bottom_heat_fraction": 0.03420543639693495,
          "energy_balance_relative_error": 3.961400651952829e-12,
          "intervals_x": 48,
          "intervals_y": 48,
          "intervals_z": 48,
          "mean_deltaT_K": 54.5227204938084,
          "mesh": "coarse",
          "node_count": 117649,
          "peak_deltaT_K": 68.66732892760888,
          "sample_id": "p1d_f07_high",
          "top_branch_R_ambient_K_W": 4.292800067385093,
          "top_heat_fraction": 0.9657945635991037
        },
        {
          "bottom_branch_R_ambient_K_W": 122.02599835132905,
          "bottom_heat_fraction": 0.03397288177448629,
          "energy_balance_relative_error": -3.265207548786009e-11,
          "intervals_x": 64,
          "intervals_y": 64,
          "intervals_z": 56,
          "mean_deltaT_K": 54.39708873908891,
          "mesh": "base",
          "node_count": 240825,
          "peak_deltaT_K": 68.54320042934427,
          "sample_id": "p1d_f07_high",
          "top_branch_R_ambient_K_W": 4.29136484582152,
          "top_heat_fraction": 0.9660271182581658
        },
        {
          "bottom_branch_R_ambient_K_W": 122.64024444359389,
          "bottom_heat_fraction": 0.03376622433296192,
          "energy_balance_relative_error": -1.710118158193552e-11,
          "intervals_x": 80,
          "intervals_y": 80,
          "intervals_z": 70,
          "mean_deltaT_K": 54.24649508897776,
          "mesh": "fine",
          "node_count": 465831,
          "peak_deltaT_K": 68.474546817582,
          "sample_id": "p1d_f07_high",
          "top_branch_R_ambient_K_W": 4.2858137547505875,
          "top_heat_fraction": 0.9662337756841393
        }
      ],
      "passed": true
    }
  },
  "schema_version": "heat3d_v6_p1d_mesh_convergence_v1"
}
