{
  "amplitude_normalized_projected_field_response_rank": {
    "algebraic_rank": 50,
    "effective_rank": 3.524312263449953,
    "singular_values": [
      231.4460841086647,
      203.07040443791536,
      159.60406930462005,
      103.17439067433808,
      11.941093682848834,
      2.3841833765590996,
      0.5396989632443296,
      0.3722265192651356,
      0.04816282662283962,
      0.02983554344755913,
      0.008521824510127547,
      0.0018881468287121526,
      0.00034193619695283093,
      0.00029630295764750765,
      0.0002431628829133266,
      0.00018746321113667606,
      1.347353817161146e-05,
      3.3668324359938036e-06,
      1.479140106205521e-07,
      1.2425137709498816e-07,
      3.0204631444899995e-08,
      9.382855660251898e-09,
      5.7668040307268076e-09,
      3.1415288280227856e-09,
      2.741561708275602e-09,
      2.3766932086309235e-09,
      1.3389699322548223e-09,
      8.946727641563155e-10,
      7.608408207640656e-10,
      6.092085274976271e-10,
      5.864731984637255e-10,
      5.232147420009869e-10,
      4.5304135375645493e-10,
      3.794141602921442e-10,
      3.189694585372137e-10,
      2.354081643130984e-10,
      2.2224515217088652e-10,
      1.9221747789571185e-10,
      1.5591162116882025e-10,
      1.5237742308363076e-10,
      1.4410068108165032e-10,
      1.3310853863730085e-10,
      1.2559488800442023e-10,
      1.0728837091183132e-10,
      9.521999507633884e-11,
      8.834971485559831e-11,
      8.168305943378541e-11,
      7.133695924407787e-11,
      6.368633062503322e-11,
      5.696880275269627e-11,
      5.061201760620977e-11,
      4.753391374569561e-11,
      4.433468446216718e-11,
      4.137487995198913e-11,
      4.0388402880357266e-11,
      3.8136510663077115e-11,
      3.532057059076836e-11,
      3.383289012077308e-11,
      2.8469990733604223e-11,
      2.659704523432851e-11,
      2.4693019543396967e-11,
      2.3634065213199875e-11,
      2.2193569548125167e-11,
      2.0720633520900687e-11,
      1.9030982136388864e-11,
      1.7335573644096413e-11,
      1.5756891867267618e-11,
      1.4893351936163147e-11,
      1.4484101362698801e-11,
      1.3741807858067364e-11,
      1.3534613994877288e-11,
      1.2084701590372125e-11,
      1.1334380465368613e-11,
      1.1024871870078744e-11,
      1.0530466363900739e-11,
      1.0234350248466275e-11,
      1.0045275658980887e-11,
      8.794292924080125e-12,
      8.659477295752626e-12,
      8.295538323633466e-12,
      8.14779676919716e-12,
      7.94092540192072e-12,
      7.42771090171986e-12,
      7.332564329010068e-12,
      6.782831501045421e-12,
      6.7374443483899944e-12,
      6.413053548103047e-12,
      6.243339881875627e-12,
      5.900129457934307e-12,
      5.56021467691258e-12,
      5.390547121699901e-12,
      5.247584216867191e-12,
      4.8701467682006674e-12,
      4.835922765642162e-12,
      4.800039894952261e-12,
      4.494981582235633e-12,
      4.435068933926105e-12,
      4.395566819239059e-12,
      4.294078498256227e-12,
      4.005794078782055e-12,
      3.806589393845303e-12,
      3.750133548493223e-12,
      3.2631617428208096e-12,
      3.171073248894616e-12,
      3.0358325120731686e-12,
      2.944216323315785e-12,
      2.7519593625406077e-12,
      2.6245444650316588e-12,
      2.561481917978059e-12,
      2.321008610335264e-12,
      2.084836419958966e-12,
      2.0321295053094905e-12,
      1.992875215626891e-12,
      1.9126337778044535e-12,
      1.8064781424511309e-12,
      1.7432799371759794e-12,
      1.678350023217258e-12,
      1.6289503144362303e-12,
      1.515803603218282e-12,
      1.4144076593098424e-12,
      1.3152030239128496e-12,
      1.2418007782821314e-12,
      1.2023722898711304e-12,
      1.1893729881609877e-12,
      1.0807861426847956e-12,
      1.046005089661939e-12,
      1.027248375904276e-12,
      8.891118219842805e-13
    ]
  },
  "bottom_BC_learnability": {
    "evidence": "fixed geometry, power, and top-h; bottom-h changes peak, field, and bottom heat fraction monotonically",
    "qualification": "learnable_nonzero_independent_response",
    "target_labels_used_for_factor_design": false
  },
  "checks": {
    "BC_power_pearson_abs_le_0p02": true,
    "BC_power_spearman_abs_le_0p02": true,
    "at_least_128_preregistered_paired_cases": true,
    "bottom_effect_nonzero": true,
    "bottom_heat_fraction_monotonic_fraction_ge_0p99": true,
    "bottom_peak_monotonic_fraction_ge_0p99": true,
    "field_response_algebraic_rank_ge_3": true,
    "group_locked_splits": true,
    "temperature_window_report_only_has_coverage": true,
    "top_peak_monotonic_fraction_ge_0p99": true
  },
  "complete_factorial_case_count": 128,
  "complete_factorial_group_count": 2,
  "config": "configs/heat3d_v6/v6_p1e_deconfounded_paired128.yaml",
  "dataset": "data/heat3d_v6_p1e_deconfounded_paired128_v0",
  "factor_design_rank": {
    "algebraic_rank": 3,
    "effective_rank": 2.9999999999999996,
    "singular_values": [
      11.313708498984763,
      11.313708498984761,
      11.31370849898476
    ]
  },
  "factor_names": [
    "top_h_W_m2K",
    "bottom_h_W_m2K",
    "package_total_power_W"
  ],
  "fixed_geometry_power_BC_sensitivity": {
    "bottom_extreme_field_pearson": {
      "max": 0.40729003562069216,
      "median": 0.39637054018535267,
      "min": 0.3854510447480917
    },
    "bottom_extreme_relative_field_rms": {
      "max": 0.37433602387404,
      "median": 0.2842794453284122,
      "min": 0.25579695325165236
    },
    "bottom_heat_fraction_monotonic_fraction": 1.0,
    "bottom_peak_monotonic_fraction": 1.0,
    "top_bottom_effect_cosine": {
      "max": 0.8245634557693889,
      "median": 0.8241088610838418,
      "min": 0.8236542664006223
    },
    "top_extreme_field_pearson": {
      "max": 0.9980020728784641,
      "median": 0.9971893279515018,
      "min": 0.9963765830271197
    },
    "top_extreme_relative_field_rms": {
      "max": 3.612258974455988,
      "median": 3.3490822732613372,
      "min": 3.017898482569896
    },
    "top_peak_monotonic_fraction": 1.0
  },
  "guardrails": {
    "model_inference_runs": 0,
    "sample_replacement": false,
    "temperature_filtering": false,
    "training_runs": 0
  },
  "max_offdiagonal_pearson": 1.1102230246251565e-16,
  "max_offdiagonal_spearman": 0.0,
  "passed": true,
  "pearson_correlation": [
    [
      0.9999999999999999,
      0.0,
      0.0
    ],
    [
      0.0,
      1.0,
      0.0
    ],
    [
      0.0,
      0.0,
      1.0
    ]
  ],
  "projected_field_response_rank": {
    "algebraic_rank": 24,
    "effective_rank": 1.1281238395744393,